# Blender 5.2.2 LTS
# www.blender.org
mtllib raygun_automatic_rifle.mtl
o Body_|_stock,_receiver_and_forend
v -0.252821 -0.034872 0.025000
v -0.252821 0.095897 0.025000
v -0.244398 0.097772 0.025000
v -0.236173 0.099662 0.025000
v -0.227553 0.101522 0.025000
v -0.217949 0.103308 0.025000
v -0.204100 0.105550 0.025000
v -0.191880 0.107269 0.025000
v -0.179617 0.108642 0.025000
v -0.165641 0.109846 0.025000
v -0.149423 0.111123 0.025000
v -0.135132 0.112031 0.025000
v -0.120839 0.112283 0.025000
v -0.104615 0.111590 0.025000
v -0.096449 0.110613 0.025000
v -0.089339 0.109189 0.025000
v -0.082238 0.107658 0.025000
v -0.074103 0.106359 0.025000
v -0.063700 0.105227 0.025000
v -0.054526 0.104480 0.025000
v -0.045333 0.104018 0.025000
v -0.034872 0.103744 0.025000
v 0.004563 0.103811 0.025000
v 0.039231 0.105092 0.025000
v 0.073899 0.106789 0.025000
v 0.113333 0.108103 0.025000
v 0.159719 0.109116 0.025000
v 0.200512 0.109945 0.025000
v 0.241306 0.110288 0.025000
v 0.287692 0.109846 0.025000
v 0.324248 0.109105 0.025000
v 0.357746 0.108063 0.025000
v 0.388909 0.106388 0.025000
v 0.418462 0.103744 0.025000
v 0.423868 0.102998 0.025000
v 0.428716 0.102112 0.025000
v 0.433341 0.101170 0.025000
v 0.438077 0.100256 0.025000
v 0.438077 0.023974 0.025000
v 0.435493 0.021073 0.025000
v 0.433002 0.018200 0.025000
v 0.430324 0.015272 0.025000
v 0.427179 0.012205 0.025000
v 0.423910 0.009269 0.025000
v 0.420937 0.006790 0.025000
v 0.417817 0.004512 0.025000
v 0.414103 0.002179 0.025000
v 0.410649 0.000370 0.025000
v 0.407400 -0.001003 0.025000
v 0.404233 -0.002201 0.025000
v 0.401026 -0.003487 0.025000
v 0.237564 -0.003487 0.025000
v 0.231897 0.001308 0.025000
v 0.163462 0.001308 0.025000
v 0.156923 0.029641 0.025000
v 0.069744 0.029641 0.025000
v 0.054977 0.029826 0.025000
v 0.040536 0.029988 0.025000
v 0.025442 0.030195 0.025000
v 0.008718 0.030513 0.025000
v -0.002880 0.030930 0.025000
v -0.013077 0.031451 0.025000
v -0.023274 0.031830 0.025000
v -0.034872 0.031821 0.025000
v -0.039537 0.031755 0.025000
v -0.043647 0.031653 0.025000
v -0.047729 0.031307 0.025000
v -0.052308 0.030513 0.025000
v -0.074949 0.024782 0.025000
v -0.094571 0.018121 0.025000
v -0.113767 0.010029 0.025000
v -0.135128 0.000000 0.025000
v -0.150670 -0.008177 0.025000
v -0.163845 -0.016279 0.025000
v -0.176828 -0.024742 0.025000
v -0.191795 -0.034000 0.025000
v -0.196294 -0.037022 0.025000
v -0.200168 -0.039911 0.025000
v -0.204214 -0.042351 0.025000
v -0.209231 -0.044026 0.025000
v -0.216157 -0.044747 0.025000
v -0.222327 -0.044142 0.025000
v -0.228488 -0.042716 0.025000
v -0.235385 -0.040974 0.025000
v -0.240257 -0.039624 0.025000
v -0.244559 -0.038079 0.025000
v -0.248633 -0.036456 0.025000
v -0.252821 -0.034872 -0.025000
v -0.252821 0.095897 -0.025000
v -0.244398 0.097772 -0.025000
v -0.236173 0.099662 -0.025000
v -0.227553 0.101522 -0.025000
v -0.217949 0.103308 -0.025000
v -0.204100 0.105550 -0.025000
v -0.191880 0.107269 -0.025000
v -0.179617 0.108642 -0.025000
v -0.165641 0.109846 -0.025000
v -0.149423 0.111123 -0.025000
v -0.135132 0.112031 -0.025000
v -0.120839 0.112283 -0.025000
v -0.104615 0.111590 -0.025000
v -0.096449 0.110613 -0.025000
v -0.089339 0.109189 -0.025000
v -0.082238 0.107658 -0.025000
v -0.074103 0.106359 -0.025000
v -0.063700 0.105227 -0.025000
v -0.054526 0.104480 -0.025000
v -0.045333 0.104018 -0.025000
v -0.034872 0.103744 -0.025000
v 0.004563 0.103811 -0.025000
v 0.039231 0.105092 -0.025000
v 0.073899 0.106789 -0.025000
v 0.113333 0.108103 -0.025000
v 0.159719 0.109116 -0.025000
v 0.200512 0.109945 -0.025000
v 0.241306 0.110288 -0.025000
v 0.287692 0.109846 -0.025000
v 0.324248 0.109105 -0.025000
v 0.357746 0.108063 -0.025000
v 0.388909 0.106388 -0.025000
v 0.418462 0.103744 -0.025000
v 0.423868 0.102998 -0.025000
v 0.428716 0.102112 -0.025000
v 0.433341 0.101170 -0.025000
v 0.438077 0.100256 -0.025000
v 0.438077 0.023974 -0.025000
v 0.435493 0.021073 -0.025000
v 0.433002 0.018200 -0.025000
v 0.430324 0.015272 -0.025000
v 0.427179 0.012205 -0.025000
v 0.423910 0.009269 -0.025000
v 0.420937 0.006790 -0.025000
v 0.417817 0.004512 -0.025000
v 0.414103 0.002179 -0.025000
v 0.410649 0.000370 -0.025000
v 0.407400 -0.001003 -0.025000
v 0.404233 -0.002201 -0.025000
v 0.401026 -0.003487 -0.025000
v 0.237564 -0.003487 -0.025000
v 0.231897 0.001308 -0.025000
v 0.163462 0.001308 -0.025000
v 0.156923 0.029641 -0.025000
v 0.069744 0.029641 -0.025000
v 0.054977 0.029826 -0.025000
v 0.040536 0.029988 -0.025000
v 0.025442 0.030195 -0.025000
v 0.008718 0.030513 -0.025000
v -0.002880 0.030930 -0.025000
v -0.013077 0.031451 -0.025000
v -0.023274 0.031830 -0.025000
v -0.034872 0.031821 -0.025000
v -0.039537 0.031755 -0.025000
v -0.043647 0.031653 -0.025000
v -0.047729 0.031307 -0.025000
v -0.052308 0.030513 -0.025000
v -0.074949 0.024782 -0.025000
v -0.094571 0.018121 -0.025000
v -0.113767 0.010029 -0.025000
v -0.135128 -0.000000 -0.025000
v -0.150670 -0.008177 -0.025000
v -0.163845 -0.016279 -0.025000
v -0.176828 -0.024742 -0.025000
v -0.191795 -0.034000 -0.025000
v -0.196294 -0.037022 -0.025000
v -0.200168 -0.039911 -0.025000
v -0.204214 -0.042351 -0.025000
v -0.209231 -0.044026 -0.025000
v -0.216157 -0.044747 -0.025000
v -0.222327 -0.044142 -0.025000
v -0.228488 -0.042716 -0.025000
v -0.235385 -0.040974 -0.025000
v -0.240257 -0.039624 -0.025000
v -0.244559 -0.038079 -0.025000
v -0.248633 -0.036456 -0.025000
v -0.257063 -0.037803 -0.023243
v -0.258821 -0.039017 -0.019000
v -0.258821 -0.039017 0.019000
v -0.257063 -0.037803 0.023243
v -0.257063 0.099300 -0.023243
v -0.258821 0.100709 -0.019000
v -0.258821 0.100709 0.019000
v -0.257063 0.099300 0.023243
v -0.245334 0.101910 -0.023243
v -0.245722 0.103624 -0.019000
v -0.245722 0.103624 0.019000
v -0.245334 0.101910 0.023243
v -0.237095 0.103803 -0.023243
v -0.237477 0.105519 -0.019000
v -0.237477 0.105519 0.019000
v -0.237095 0.103803 0.023243
v -0.228388 0.105682 -0.023243
v -0.228735 0.107405 -0.019000
v -0.228735 0.107405 0.019000
v -0.228388 0.105682 0.023243
v -0.218676 0.107488 -0.023243
v -0.218977 0.109219 -0.019000
v -0.218977 0.109219 0.019000
v -0.218676 0.107488 0.023243
v -0.204734 0.109746 -0.023243
v -0.204997 0.111483 -0.019000
v -0.204997 0.111483 0.019000
v -0.204734 0.109746 0.023243
v -0.192411 0.111479 -0.023243
v -0.192631 0.113223 -0.019000
v -0.192631 0.113223 0.019000
v -0.192411 0.111479 0.023243
v -0.180035 0.112864 -0.023243
v -0.180209 0.114613 -0.019000
v -0.180209 0.114613 0.019000
v -0.180035 0.112864 0.023243
v -0.165990 0.114074 -0.023243
v -0.166134 0.115826 -0.019000
v -0.166134 0.115826 0.019000
v -0.165990 0.114074 0.023243
v -0.149724 0.115355 -0.023243
v -0.149849 0.117108 -0.019000
v -0.149849 0.117108 0.019000
v -0.149724 0.115355 0.023243
v -0.135304 0.116272 -0.023243
v -0.135375 0.118028 -0.019000
v -0.135375 0.118028 0.019000
v -0.135304 0.116272 0.023243
v -0.120786 0.116527 -0.023243
v -0.120764 0.118285 -0.019000
v -0.120764 0.118285 0.019000
v -0.120786 0.116527 0.023243
v -0.104272 0.115822 -0.023243
v -0.104130 0.117574 -0.019000
v -0.104130 0.117574 0.019000
v -0.104272 0.115822 0.023243
v -0.095780 0.114806 -0.023243
v -0.095502 0.116543 -0.019000
v -0.095502 0.116543 0.019000
v -0.095780 0.114806 0.023243
v -0.088475 0.113343 -0.023243
v -0.088117 0.115063 -0.019000
v -0.088117 0.115063 0.019000
v -0.088475 0.113343 0.023243
v -0.081456 0.111829 -0.023243
v -0.081132 0.113557 -0.019000
v -0.081132 0.113557 0.019000
v -0.081456 0.111829 0.023243
v -0.073538 0.110565 -0.023243
v -0.073305 0.112308 -0.019000
v -0.073305 0.112308 0.019000
v -0.073538 0.110565 0.023243
v -0.063299 0.109451 -0.023243
v -0.063132 0.111201 -0.019000
v -0.063132 0.111201 0.019000
v -0.063299 0.109451 0.023243
v -0.054248 0.108714 -0.023243
v -0.054132 0.110467 -0.019000
v -0.054132 0.110467 0.019000
v -0.054248 0.108714 0.023243
v -0.045171 0.108258 -0.023243
v -0.045104 0.110014 -0.019000
v -0.045104 0.110014 0.019000
v -0.045171 0.108258 0.023243
v -0.034820 0.107986 -0.023243
v -0.034798 0.109744 -0.019000
v -0.034798 0.109744 0.019000
v -0.034820 0.107986 0.023243
v 0.004481 0.108053 -0.023243
v 0.004447 0.109810 -0.019000
v 0.004447 0.109810 0.019000
v 0.004481 0.108053 0.023243
v 0.039049 0.109331 -0.023243
v 0.038974 0.111087 -0.019000
v 0.038974 0.111087 0.019000
v 0.039049 0.109331 0.023243
v 0.073725 0.111028 -0.023243
v 0.073653 0.112784 -0.019000
v 0.073653 0.112784 0.019000
v 0.073725 0.111028 0.023243
v 0.113216 0.112344 -0.023243
v 0.113168 0.114100 -0.019000
v 0.113168 0.114100 0.019000
v 0.113216 0.112344 0.023243
v 0.159630 0.113358 -0.023243
v 0.159593 0.115115 -0.019000
v 0.159593 0.115115 0.019000
v 0.159630 0.113358 0.023243
v 0.200451 0.114187 -0.023243
v 0.200426 0.115944 -0.019000
v 0.200426 0.115944 0.019000
v 0.200451 0.114187 0.023243
v 0.241308 0.114531 -0.023243
v 0.241309 0.116289 -0.019000
v 0.241309 0.116289 0.019000
v 0.241308 0.114531 0.023243
v 0.287756 0.114088 -0.023243
v 0.287782 0.115846 -0.019000
v 0.287782 0.115846 0.019000
v 0.287756 0.114088 0.023243
v 0.324357 0.113346 -0.023243
v 0.324402 0.115103 -0.019000
v 0.324402 0.115103 0.019000
v 0.324357 0.113346 0.023243
v 0.357926 0.112303 -0.023243
v 0.358000 0.114058 -0.019000
v 0.358000 0.114058 0.019000
v 0.357926 0.112303 0.023243
v 0.389212 0.110620 -0.023243
v 0.389338 0.112373 -0.019000
v 0.389338 0.112373 0.019000
v 0.389212 0.110620 0.023243
v 0.418941 0.107960 -0.023243
v 0.419139 0.109707 -0.019000
v 0.419139 0.109707 0.019000
v 0.418941 0.107960 0.023243
v 0.424540 0.107188 -0.023243
v 0.424818 0.108924 -0.019000
v 0.424818 0.108924 0.019000
v 0.424540 0.107188 0.023243
v 0.429521 0.106278 -0.023243
v 0.429854 0.108003 -0.019000
v 0.429854 0.108003 0.019000
v 0.429521 0.106278 0.023243
v 0.434166 0.105332 -0.023243
v 0.434508 0.107056 -0.019000
v 0.434508 0.107056 0.019000
v 0.434166 0.105332 0.023243
v 0.442320 0.103759 -0.023243
v 0.444077 0.105209 -0.019000
v 0.444077 0.105209 0.019000
v 0.442320 0.103759 0.023243
v 0.442320 0.022359 -0.023243
v 0.444077 0.021689 -0.019000
v 0.444077 0.021689 0.019000
v 0.442320 0.022359 0.023243
v 0.438680 0.018273 -0.023243
v 0.440000 0.017113 -0.019000
v 0.440000 0.017113 0.019000
v 0.438680 0.018273 0.023243
v 0.436171 0.015379 -0.023243
v 0.437483 0.014210 -0.019000
v 0.437483 0.014210 0.019000
v 0.436171 0.015379 0.023243
v 0.433373 0.012319 -0.023243
v 0.434636 0.011096 -0.019000
v 0.434636 0.011096 0.019000
v 0.433373 0.012319 0.023243
v 0.430079 0.009107 -0.023243
v 0.431280 0.007823 -0.019000
v 0.431280 0.007823 0.019000
v 0.430079 0.009107 0.023243
v 0.426687 0.006061 -0.023243
v 0.427837 0.004732 -0.019000
v 0.427837 0.004732 0.019000
v 0.426687 0.006061 0.023243
v 0.423550 0.003444 -0.023243
v 0.424632 0.002058 -0.019000
v 0.424632 0.002058 0.019000
v 0.423550 0.003444 0.023243
v 0.420199 0.000998 -0.023243
v 0.421185 -0.000457 -0.019000
v 0.421185 -0.000457 0.019000
v 0.420199 0.000998 0.023243
v 0.416218 -0.001502 -0.023243
v 0.417095 -0.003026 -0.019000
v 0.417095 -0.003026 0.019000
v 0.416218 -0.001502 0.023243
v 0.412462 -0.003470 -0.023243
v 0.413213 -0.005060 -0.019000
v 0.413213 -0.005060 0.019000
v 0.412462 -0.003470 0.023243
v 0.408977 -0.004942 -0.023243
v 0.409631 -0.006574 -0.019000
v 0.409631 -0.006574 0.019000
v 0.408977 -0.004942 0.023243
v 0.405774 -0.006155 -0.023243
v 0.406412 -0.007792 -0.019000
v 0.406412 -0.007792 0.019000
v 0.405774 -0.006155 0.023243
v 0.401844 -0.007730 -0.023243
v 0.402183 -0.009487 -0.019000
v 0.402183 -0.009487 0.019000
v 0.401844 -0.007730 0.023243
v 0.236010 -0.007730 -0.023243
v 0.235366 -0.009487 -0.019000
v 0.235366 -0.009487 0.019000
v 0.236010 -0.007730 0.023243
v 0.230343 -0.002935 -0.023243
v 0.229700 -0.004692 -0.019000
v 0.229700 -0.004692 0.019000
v 0.230343 -0.002935 0.023243
v 0.160086 -0.002935 -0.023243
v 0.158688 -0.004692 -0.019000
v 0.158688 -0.004692 0.019000
v 0.160086 -0.002935 0.023243
v 0.153548 0.025398 -0.023243
v 0.152150 0.023641 -0.019000
v 0.152150 0.023641 0.019000
v 0.153548 0.025398 0.023243
v 0.069717 0.025398 -0.023243
v 0.069706 0.023641 -0.019000
v 0.069706 0.023641 0.019000
v 0.069717 0.025398 0.023243
v 0.054926 0.025583 -0.023243
v 0.054905 0.023826 -0.019000
v 0.054905 0.023826 0.019000
v 0.054926 0.025583 0.023243
v 0.040483 0.025746 -0.023243
v 0.040461 0.023989 -0.019000
v 0.040461 0.023989 0.019000
v 0.040483 0.025746 0.023243
v 0.025373 0.025953 -0.023243
v 0.025344 0.024196 -0.019000
v 0.025344 0.024196 0.019000
v 0.025373 0.025953 0.023243
v 0.008601 0.026272 -0.023243
v 0.008553 0.024515 -0.019000
v 0.008553 0.024515 0.019000
v 0.008601 0.026272 0.023243
v -0.003065 0.026691 -0.023243
v -0.003141 0.024935 -0.019000
v -0.003141 0.024935 0.019000
v -0.003065 0.026691 0.023243
v -0.013264 0.027213 -0.023243
v -0.013342 0.025457 -0.019000
v -0.013342 0.025457 0.019000
v -0.013264 0.027213 0.023243
v -0.023351 0.027588 -0.023243
v -0.023383 0.025830 -0.019000
v -0.023383 0.025830 0.019000
v -0.023351 0.027588 0.023243
v -0.034840 0.027578 -0.023243
v -0.034827 0.025821 -0.019000
v -0.034827 0.025821 0.019000
v -0.034840 0.027578 0.023243
v -0.039455 0.027513 -0.023243
v -0.039420 0.025756 -0.019000
v -0.039420 0.025756 0.019000
v -0.039455 0.027513 0.023243
v -0.043415 0.027415 -0.023243
v -0.043319 0.025659 -0.019000
v -0.043319 0.025659 0.019000
v -0.043415 0.027415 0.023243
v -0.047186 0.027095 -0.023243
v -0.046962 0.025351 -0.019000
v -0.046962 0.025351 0.019000
v -0.047186 0.027095 0.023243
v -0.051423 0.026360 -0.023243
v -0.051057 0.024640 -0.019000
v -0.051057 0.024640 0.019000
v -0.051423 0.026360 0.023243
v -0.073745 0.020710 -0.023243
v -0.073246 0.019023 -0.019000
v -0.073246 0.019023 0.019000
v -0.073745 0.020710 0.023243
v -0.093064 0.014153 -0.023243
v -0.092439 0.012509 -0.019000
v -0.092439 0.012509 0.019000
v -0.093064 0.014153 0.023243
v -0.112041 0.006152 -0.023243
v -0.111326 0.004547 -0.019000
v -0.111326 0.004547 0.019000
v -0.112041 0.006152 0.023243
v -0.133238 -0.003800 -0.023243
v -0.132455 -0.005373 -0.019000
v -0.132455 -0.005373 0.019000
v -0.133238 -0.003800 0.023243
v -0.148569 -0.011865 -0.023243
v -0.147699 -0.013393 -0.019000
v -0.147699 -0.013393 0.019000
v -0.148569 -0.011865 0.023243
v -0.161575 -0.019864 -0.023243
v -0.160635 -0.021349 -0.019000
v -0.160635 -0.021349 0.019000
v -0.161575 -0.019864 0.023243
v -0.174553 -0.028324 -0.023243
v -0.173611 -0.029807 -0.019000
v -0.173611 -0.029807 0.019000
v -0.174553 -0.028324 0.023243
v -0.189495 -0.037566 -0.023243
v -0.188543 -0.039043 -0.019000
v -0.188543 -0.039043 0.019000
v -0.189495 -0.037566 0.023243
v -0.193841 -0.040485 -0.023243
v -0.192825 -0.041920 -0.019000
v -0.192825 -0.041920 0.019000
v -0.193841 -0.040485 0.023243
v -0.197798 -0.043437 -0.023243
v -0.196817 -0.044897 -0.019000
v -0.196817 -0.044897 0.019000
v -0.197798 -0.043437 0.023243
v -0.202425 -0.046227 -0.023243
v -0.201684 -0.047832 -0.019000
v -0.201684 -0.047832 0.019000
v -0.202425 -0.046227 0.023243
v -0.208329 -0.048197 -0.023243
v -0.207955 -0.049925 -0.019000
v -0.207955 -0.049925 0.019000
v -0.208329 -0.048197 0.023243
v -0.216144 -0.049011 -0.023243
v -0.216138 -0.050778 -0.019000
v -0.216138 -0.050778 0.019000
v -0.216144 -0.049011 0.023243
v -0.223015 -0.048337 -0.023243
v -0.223300 -0.050075 -0.019000
v -0.223300 -0.050075 0.019000
v -0.223015 -0.048337 0.023243
v -0.229486 -0.046840 -0.023243
v -0.229899 -0.048548 -0.019000
v -0.229899 -0.048548 0.019000
v -0.229486 -0.046840 0.023243
v -0.236471 -0.045076 -0.023243
v -0.236921 -0.046775 -0.019000
v -0.236921 -0.046775 0.019000
v -0.236471 -0.045076 0.023243
v -0.241542 -0.043670 -0.023243
v -0.242075 -0.045346 -0.019000
v -0.242075 -0.045346 0.019000
v -0.241542 -0.043670 0.023243
v -0.246061 -0.042047 -0.023243
v -0.246684 -0.043691 -0.019000
v -0.246684 -0.043691 0.019000
v -0.246061 -0.042047 0.023243
v -0.250168 -0.040411 -0.023243
v -0.250804 -0.042049 -0.019000
v -0.250804 -0.042049 0.019000
v -0.250168 -0.040411 0.023243
vn -0.0080 0.1976 0.9802
vn 0.0161 0.1989 0.9799
vn 0.0025 0.1986 0.9801
vn -0.0139 0.1955 0.9806
vn 0.0315 0.1971 0.9799
vn -0.0161 0.1949 0.9807
vn 0.0399 0.1919 0.9806
vn -0.0028 0.1958 0.9806
vn 0.0029 0.1957 0.9807
vn 0.0001 0.1962 0.9806
vn -0.0041 0.1951 0.9808
vn -0.0194 0.1956 0.9805
vn 0.0050 0.1957 0.9807
vn 0.0353 0.1885 0.9814
vn -0.0054 0.1957 0.9806
vn 0.0083 0.1963 0.9805
vn -0.0247 0.1952 0.9805
vn -0.0081 0.1959 0.9806
vn 0.0141 0.1967 0.9804
vn 0.0255 0.1904 0.9814
vn -0.0294 0.1941 0.9805
vn -0.0083 0.1942 0.9809
vn 0.0223 0.1966 0.9802
vn 0.0183 0.1926 0.9811
vn -0.0337 0.1936 0.9805
vn 0.0127 0.1928 0.9812
vn -0.0037 0.1929 0.9812
vn 0.0074 0.1935 0.9811
vn 0.0024 0.1934 0.9811
vn 0.0313 0.1952 0.9803
vn -0.0387 0.1929 0.9804
vn 0.0372 0.1927 0.9805
vn 0.0378 0.1908 0.9809
vn -0.0426 0.1912 0.9806
vn 0.1682 0.1389 0.9759
vn 0.2093 -0.0797 0.9746
vn -0.0429 0.1899 0.9809
vn -0.1710 0.1371 0.9757
vn -0.1836 -0.1268 0.9748
vn 0.0539 -0.1824 0.9817
vn 0.0397 -0.1862 0.9817
vn 0.0242 -0.1882 0.9818
vn 0.0105 -0.1912 0.9815
vn 0.0038 -0.1944 0.9809
vn 0.0014 -0.1943 0.9809
vn -0.0035 -0.1928 0.9812
vn -0.0560 -0.0704 0.9959
vn -0.0086 -0.1941 0.9810
vn -0.0085 -0.1958 0.9806
vn -0.0054 -0.1960 0.9806
vn -0.0032 -0.1954 0.9807
vn -0.0024 -0.1952 0.9808
vn -0.0023 -0.1950 0.9808
vn -0.0012 -0.1958 0.9806
vn -0.1366 -0.1717 0.9756
vn 0.0677 -0.1783 0.9816
vn 0.1459 -0.1282 0.9809
vn 0.1469 -0.1308 0.9805
vn 0.1426 -0.1380 0.9801
vn 0.0784 -0.1760 0.9813
vn 0.1350 -0.1442 0.9803
vn 0.1291 -0.1491 0.9804
vn 0.0857 -0.1722 0.9813
vn 0.1224 -0.1567 0.9800
vn 0.1117 -0.1648 0.9800
vn 0.0995 -0.1731 0.9799
vn -0.0496 -0.1353 0.9896
vn 0.0854 -0.1807 0.9798
vn -0.0769 -0.2099 0.9747
vn 0.0733 -0.1832 0.9803
vn 0.0945 -0.1659 0.9816
vn 0.0704 -0.1807 0.9810
vn 0.0406 -0.2103 0.9768
vn 0.1035 -0.1635 0.9811
vn 0.1053 -0.1659 0.9805
vn 0.1045 -0.1621 0.9812
vn 0.1110 -0.1568 0.9814
vn -0.0702 -0.1809 0.9810
vn -0.0698 -0.1843 0.9804
vn 0.1120 -0.1666 0.9796
vn -0.0604 -0.1900 0.9799
vn -0.0503 -0.1899 0.9805
vn 0.0868 -0.1880 0.9783
vn -0.0462 -0.1908 0.9806
vn 0.0437 -0.2023 0.9783
vn -0.0328 -0.1998 0.9793
vn 0.0006 -0.2061 0.9785
vn -0.0080 0.1976 -0.9802
vn 0.0025 0.1986 -0.9801
vn 0.0161 0.1989 -0.9799
vn -0.0139 0.1955 -0.9806
vn 0.0315 0.1971 -0.9799
vn -0.0161 0.1949 -0.9807
vn 0.0399 0.1919 -0.9806
vn -0.0028 0.1958 -0.9806
vn 0.0001 0.1962 -0.9806
vn 0.0029 0.1957 -0.9807
vn -0.0041 0.1951 -0.9808
vn -0.0194 0.1956 -0.9805
vn 0.0050 0.1957 -0.9807
vn 0.0353 0.1885 -0.9814
vn -0.0054 0.1957 -0.9806
vn 0.0083 0.1963 -0.9805
vn -0.0247 0.1952 -0.9805
vn -0.0081 0.1958 -0.9806
vn 0.0141 0.1967 -0.9804
vn 0.0255 0.1904 -0.9814
vn -0.0294 0.1941 -0.9805
vn -0.0083 0.1942 -0.9809
vn 0.0223 0.1966 -0.9802
vn 0.0183 0.1926 -0.9811
vn -0.0337 0.1936 -0.9805
vn 0.0127 0.1928 -0.9812
vn -0.0037 0.1930 -0.9812
vn 0.0074 0.1935 -0.9811
vn 0.0024 0.1934 -0.9811
vn 0.0313 0.1952 -0.9803
vn -0.0387 0.1929 -0.9804
vn 0.0372 0.1927 -0.9805
vn 0.0378 0.1908 -0.9809
vn -0.0426 0.1912 -0.9806
vn 0.1682 0.1389 -0.9759
vn 0.2093 -0.0797 -0.9746
vn -0.0429 0.1899 -0.9809
vn -0.1710 0.1371 -0.9757
vn -0.1836 -0.1268 -0.9748
vn 0.0539 -0.1824 -0.9817
vn 0.0397 -0.1862 -0.9817
vn 0.0242 -0.1882 -0.9818
vn 0.0105 -0.1912 -0.9815
vn 0.0038 -0.1944 -0.9809
vn 0.0014 -0.1943 -0.9809
vn -0.0035 -0.1928 -0.9812
vn -0.0560 -0.0704 -0.9959
vn -0.0086 -0.1941 -0.9809
vn -0.0085 -0.1958 -0.9806
vn -0.0054 -0.1960 -0.9806
vn -0.0032 -0.1954 -0.9807
vn -0.0024 -0.1952 -0.9808
vn -0.0023 -0.1950 -0.9808
vn -0.0012 -0.1958 -0.9806
vn -0.1366 -0.1717 -0.9756
vn 0.0677 -0.1783 -0.9816
vn 0.1459 -0.1282 -0.9809
vn 0.1469 -0.1308 -0.9805
vn 0.1426 -0.1380 -0.9801
vn 0.0784 -0.1760 -0.9813
vn 0.1350 -0.1442 -0.9803
vn 0.1291 -0.1491 -0.9804
vn 0.0857 -0.1722 -0.9813
vn 0.1224 -0.1567 -0.9800
vn 0.1117 -0.1648 -0.9800
vn 0.0995 -0.1731 -0.9799
vn -0.0496 -0.1353 -0.9896
vn 0.0854 -0.1807 -0.9798
vn -0.0769 -0.2099 -0.9747
vn 0.0733 -0.1832 -0.9803
vn 0.0945 -0.1659 -0.9816
vn 0.0704 -0.1807 -0.9810
vn 0.0406 -0.2103 -0.9768
vn 0.1035 -0.1635 -0.9811
vn 0.1053 -0.1659 -0.9805
vn 0.1045 -0.1621 -0.9812
vn 0.1110 -0.1568 -0.9814
vn -0.0702 -0.1809 -0.9810
vn -0.0698 -0.1843 -0.9804
vn 0.1120 -0.1666 -0.9796
vn -0.0604 -0.1900 -0.9799
vn -0.0503 -0.1899 -0.9805
vn 0.0868 -0.1880 -0.9783
vn -0.0462 -0.1908 -0.9806
vn 0.0437 -0.2023 -0.9783
vn -0.0328 -0.1998 -0.9793
vn 0.0006 -0.2061 -0.9785
vn -0.2654 -0.1834 -0.9465
vn -0.2399 0.1924 -0.9515
vn -0.9841 -0.0000 -0.1776
vn -0.9846 -0.0000 -0.1746
vn -0.9239 -0.0000 -0.3827
vn -0.9841 -0.0000 0.1776
vn -0.9846 -0.0000 0.1746
vn -0.9239 -0.0000 0.3827
vn -0.2399 0.1924 0.9515
vn -0.2654 -0.1834 0.9465
vn -0.0844 0.3733 -0.9239
vn -0.2139 0.9611 -0.1746
vn -0.2163 0.9566 -0.1952
vn -0.2038 0.9011 -0.3827
vn -0.2007 0.9018 -0.3827
vn -0.2139 0.9611 0.1746
vn -0.2163 0.9566 0.1952
vn -0.2007 0.9018 0.3827
vn -0.2038 0.9011 0.3827
vn -0.0844 0.3733 0.9239
vn -0.0832 0.3735 -0.9239
vn -0.2133 0.9574 -0.1949
vn -0.2009 0.9018 -0.3827
vn -0.2133 0.9574 0.1949
vn -0.2009 0.9018 0.3827
vn -0.0832 0.3735 0.9239
vn -0.0753 0.3752 -0.9239
vn -0.1931 0.9616 -0.1948
vn -0.1819 0.9058 -0.3827
vn -0.1931 0.9616 0.1948
vn -0.1819 0.9058 0.3827
vn -0.0753 0.3752 0.9239
vn -0.0656 0.3770 -0.9239
vn -0.1681 0.9663 -0.1948
vn -0.1583 0.9102 -0.3827
vn -0.1681 0.9663 0.1948
vn -0.1583 0.9102 0.3827
vn -0.0656 0.3770 0.9239
vn -0.0572 0.3784 -0.9239
vn -0.1467 0.9698 -0.1949
vn -0.1382 0.9135 -0.3827
vn -0.1467 0.9698 0.1949
vn -0.1382 0.9135 0.3827
vn -0.0572 0.3784 0.9239
vn -0.0479 0.3796 -0.9239
vn -0.1229 0.9731 -0.1948
vn -0.1157 0.9166 -0.3827
vn -0.1229 0.9731 0.1948
vn -0.1157 0.9166 0.3827
vn -0.0479 0.3796 0.9239
vn -0.0377 0.3808 -0.9239
vn -0.0967 0.9761 -0.1948
vn -0.0911 0.9194 -0.3827
vn -0.0967 0.9761 0.1948
vn -0.0911 0.9194 0.3827
vn -0.0377 0.3808 0.9239
vn -0.0314 0.3814 -0.9239
vn -0.0806 0.9775 -0.1950
vn -0.0759 0.9208 -0.3827
vn -0.0806 0.9775 0.1950
vn -0.0759 0.9208 0.3827
vn -0.0314 0.3814 0.9239
vn -0.0272 0.3817 -0.9239
vn -0.0696 0.9783 -0.1949
vn -0.0656 0.9215 -0.3827
vn -0.0696 0.9783 0.1949
vn -0.0656 0.9215 0.3827
vn -0.0272 0.3817 0.9239
vn -0.0155 0.3823 -0.9239
vn -0.0397 0.9801 -0.1946
vn -0.0374 0.9231 -0.3828
vn -0.0397 0.9801 0.1946
vn -0.0374 0.9231 0.3828
vn -0.0155 0.3823 0.9239
vn 0.0048 0.3825 -0.9239
vn 0.0123 0.9808 -0.1945
vn 0.0116 0.9237 -0.3828
vn 0.0123 0.9808 0.1945
vn 0.0116 0.9237 0.3828
vn 0.0048 0.3825 0.9239
vn 0.0309 0.3812 -0.9240
vn 0.0792 0.9777 -0.1943
vn 0.0746 0.9208 -0.3829
vn 0.0792 0.9777 0.1943
vn 0.0746 0.9208 0.3829
vn 0.0309 0.3812 0.9240
vn 0.0603 0.3776 -0.9240
vn 0.1547 0.9687 -0.1943
vn 0.1457 0.9122 -0.3829
vn 0.1547 0.9687 0.1943
vn 0.1457 0.9122 0.3829
vn 0.0603 0.3776 0.9240
vn 0.0779 0.3747 -0.9239
vn 0.1997 0.9603 -0.1949
vn 0.1881 0.9045 -0.3827
vn 0.1997 0.9603 0.1949
vn 0.1881 0.9045 0.3827
vn 0.0779 0.3747 0.9239
vn 0.0705 0.3760 -0.9239
vn 0.1807 0.9638 -0.1958
vn 0.1703 0.9080 -0.3828
vn 0.1807 0.9638 0.1958
vn 0.1703 0.9080 0.3828
vn 0.0705 0.3760 0.9239
vn 0.0509 0.3792 -0.9239
vn 0.1304 0.9720 -0.1957
vn 0.1228 0.9156 -0.3828
vn 0.1304 0.9720 0.1957
vn 0.1228 0.9156 0.3828
vn 0.0509 0.3792 0.9239
vn 0.0362 0.3809 -0.9239
vn 0.0929 0.9763 -0.1954
vn 0.0875 0.9197 -0.3827
vn 0.0929 0.9763 0.1954
vn 0.0875 0.9197 0.3827
vn 0.0362 0.3809 0.9239
vn 0.0251 0.3818 -0.9239
vn 0.0644 0.9786 -0.1955
vn 0.0607 0.9219 -0.3827
vn 0.0644 0.9786 0.1955
vn 0.0607 0.9219 0.3827
vn 0.0251 0.3818 0.9239
vn 0.0146 0.3824 -0.9239
vn 0.0374 0.9800 -0.1954
vn 0.0353 0.9232 -0.3827
vn 0.0374 0.9800 0.1954
vn 0.0353 0.9232 0.3827
vn 0.0146 0.3824 0.9239
vn 0.0047 0.3826 -0.9239
vn 0.0120 0.9806 -0.1954
vn 0.0113 0.9238 -0.3827
vn 0.0120 0.9806 0.1954
vn 0.0113 0.9238 0.3827
vn 0.0047 0.3826 0.9239
vn -0.0074 0.3826 -0.9239
vn -0.0189 0.9805 -0.1955
vn -0.0179 0.9237 -0.3827
vn -0.0189 0.9805 0.1955
vn -0.0179 0.9237 0.3827
vn -0.0074 0.3826 0.9239
vn -0.0164 0.3823 -0.9239
vn -0.0421 0.9799 -0.1952
vn -0.0397 0.9230 -0.3827
vn -0.0421 0.9799 0.1952
vn -0.0397 0.9230 0.3827
vn -0.0164 0.3823 0.9239
vn -0.0157 0.3823 -0.9239
vn -0.0403 0.9800 -0.1949
vn -0.0380 0.9231 -0.3827
vn -0.0403 0.9800 0.1949
vn -0.0380 0.9231 0.3827
vn -0.0157 0.3824 0.9239
vn -0.0105 0.3825 -0.9239
vn -0.0270 0.9804 -0.1950
vn -0.0255 0.9235 -0.3827
vn -0.0270 0.9804 0.1950
vn -0.0255 0.9235 0.3827
vn -0.0105 0.3825 0.9239
vn -0.0081 0.3826 -0.9239
vn -0.0207 0.9806 -0.1951
vn -0.0195 0.9237 -0.3827
vn -0.0207 0.9806 0.1951
vn -0.0195 0.9237 0.3827
vn -0.0081 0.3826 0.9239
vn -0.0055 0.3826 -0.9239
vn -0.0141 0.9807 -0.1950
vn -0.0133 0.9238 -0.3827
vn -0.0141 0.9807 0.1950
vn -0.0133 0.9238 0.3827
vn -0.0055 0.3826 0.9239
vn 0.0002 0.3827 -0.9239
vn 0.0005 0.9808 -0.1949
vn 0.0005 0.9239 -0.3827
vn 0.0005 0.9808 0.1949
vn 0.0005 0.9239 0.3827
vn 0.0002 0.3827 0.9239
vn 0.0057 0.3826 -0.9239
vn 0.0146 0.9807 -0.1950
vn 0.0138 0.9238 -0.3827
vn 0.0146 0.9807 0.1950
vn 0.0138 0.9238 0.3827
vn 0.0057 0.3826 0.9239
vn 0.0098 0.3826 -0.9239
vn 0.0252 0.9805 -0.1950
vn 0.0237 0.9236 -0.3827
vn 0.0252 0.9805 0.1950
vn 0.0237 0.9236 0.3827
vn 0.0098 0.3826 0.9239
vn 0.0162 0.3823 -0.9239
vn 0.0416 0.9800 -0.1948
vn 0.0392 0.9230 -0.3827
vn 0.0416 0.9800 0.1948
vn 0.0392 0.9230 0.3827
vn 0.0162 0.3823 0.9239
vn 0.0273 0.3817 -0.9239
vn 0.0701 0.9784 -0.1947
vn 0.0660 0.9215 -0.3827
vn 0.0701 0.9784 0.1947
vn 0.0660 0.9215 0.3827
vn 0.0273 0.3817 0.9239
vn 0.0432 0.3801 -0.9239
vn 0.1108 0.9746 -0.1946
vn 0.1043 0.9179 -0.3828
vn 0.1108 0.9746 0.1946
vn 0.1043 0.9179 0.3828
vn 0.0432 0.3801 0.9239
vn 0.0605 0.3778 -0.9239
vn 0.1552 0.9685 -0.1946
vn 0.1462 0.9122 -0.3828
vn 0.1552 0.9685 0.1946
vn 0.1462 0.9122 0.3828
vn 0.0605 0.3778 0.9239
vn 0.0726 0.3757 -0.9239
vn 0.1860 0.9630 -0.1949
vn 0.1752 0.9071 -0.3827
vn 0.1860 0.9630 0.1949
vn 0.1752 0.9071 0.3827
vn 0.0726 0.3757 0.9239
vn 0.0744 0.3754 -0.9239
vn 0.1908 0.9620 -0.1952
vn 0.1797 0.9062 -0.3827
vn 0.1908 0.9620 0.1952
vn 0.1797 0.9062 0.3827
vn 0.0744 0.3754 0.9239
vn 0.2347 0.1937 -0.9526
vn 0.1865 0.9669 -0.1740
vn 0.1750 0.9071 -0.3827
vn 0.1865 0.9669 0.1740
vn 0.1750 0.9072 0.3827
vn 0.2347 0.1937 0.9526
vn 0.3374 -0.1285 -0.9326
vn 0.9847 -0.0000 -0.1740
vn 0.9826 -0.0000 -0.1857
vn 0.9239 -0.0000 -0.3827
vn 0.9847 -0.0000 0.1740
vn 0.9826 -0.0000 0.1857
vn 0.9239 -0.0000 0.3827
vn 0.3374 -0.1285 0.9326
vn 0.2874 -0.2526 -0.9239
vn 0.7337 -0.6536 -0.1857
vn 0.7367 -0.6474 -0.1953
vn 0.6940 -0.6099 -0.3827
vn 0.6898 -0.6146 -0.3827
vn 0.7337 -0.6536 0.1857
vn 0.7367 -0.6474 0.1953
vn 0.6898 -0.6146 0.3827
vn 0.6940 -0.6099 0.3827
vn 0.2874 -0.2526 0.9239
vn 0.2858 -0.2545 -0.9239
vn 0.7326 -0.6522 -0.1948
vn 0.6900 -0.6143 -0.3827
vn 0.7326 -0.6522 0.1948
vn 0.6900 -0.6143 0.3827
vn 0.2858 -0.2545 0.9239
vn 0.2748 -0.2661 -0.9239
vn 0.7047 -0.6824 -0.1945
vn 0.6637 -0.6427 -0.3828
vn 0.7047 -0.6824 0.1945
vn 0.6637 -0.6427 0.3828
vn 0.2748 -0.2661 0.9239
vn 0.2614 -0.2794 -0.9239
vn 0.6702 -0.7162 -0.1946
vn 0.6313 -0.6745 -0.3827
vn 0.6702 -0.7162 0.1946
vn 0.6313 -0.6745 0.3828
vn 0.2614 -0.2794 0.9239
vn 0.2504 -0.2893 -0.9239
vn 0.6419 -0.7417 -0.1947
vn 0.6046 -0.6986 -0.3827
vn 0.6419 -0.7417 0.1947
vn 0.6046 -0.6986 0.3827
vn 0.2504 -0.2893 0.9239
vn 0.2354 -0.3015 -0.9240
vn 0.6036 -0.7732 -0.1944
vn 0.5685 -0.7282 -0.3829
vn 0.6036 -0.7732 0.1944
vn 0.5685 -0.7282 0.3829
vn 0.2354 -0.3015 0.9239
vn 0.2146 -0.3166 -0.9240
vn 0.5504 -0.8120 -0.1944
vn 0.5183 -0.7647 -0.3829
vn 0.5504 -0.8120 0.1944
vn 0.5183 -0.7647 0.3829
vn 0.2146 -0.3166 0.9240
vn 0.1906 -0.3316 -0.9240
vn 0.4889 -0.8505 -0.1943
vn 0.4604 -0.8009 -0.3829
vn 0.4889 -0.8505 0.1943
vn 0.4604 -0.8009 0.3829
vn 0.1906 -0.3316 0.9240
vn 0.1633 -0.3458 -0.9240
vn 0.4189 -0.8870 -0.1943
vn 0.3945 -0.8353 -0.3830
vn 0.4189 -0.8870 0.1943
vn 0.3945 -0.8353 0.3830
vn 0.1633 -0.3458 0.9240
vn 0.1422 -0.3552 -0.9239
vn 0.3646 -0.9106 -0.1947
vn 0.3434 -0.8577 -0.3827
vn 0.3646 -0.9106 0.1947
vn 0.3434 -0.8577 0.3827
vn 0.1422 -0.3552 0.9239
vn 0.1389 -0.3566 -0.9239
vn 0.3560 -0.9138 -0.1953
vn 0.3354 -0.8608 -0.3827
vn 0.3560 -0.9138 0.1953
vn 0.3354 -0.8608 0.3827
vn 0.1389 -0.3566 0.9239
vn 0.0714 -0.3699 -0.9263
vn 0.1859 -0.9633 -0.1938
vn 0.1746 -0.9047 -0.3887
vn 0.1859 -0.9633 0.1938
vn 0.1746 -0.9047 0.3887
vn 0.0714 -0.3699 0.9263
vn -0.1247 -0.3404 -0.9320
vn -0.0000 -0.9825 -0.1860
vn -0.0000 -0.9239 -0.3827
vn -0.0000 -0.9825 0.1860
vn -0.0000 -0.9239 0.3827
vn -0.1247 -0.3404 0.9320
vn -0.6347 -0.7501 -0.1860
vn -0.6324 -0.7474 -0.2034
vn -0.5968 -0.7053 -0.3827
vn -0.6347 -0.7501 0.1860
vn -0.6324 -0.7474 0.2034
vn -0.5968 -0.7053 0.3827
vn -0.1920 -0.2413 -0.9513
vn -0.0000 -0.9791 -0.2034
vn -0.0000 -0.9846 -0.1748
vn -0.0000 -0.9791 0.2034
vn -0.0000 -0.9846 0.1748
vn -0.1920 -0.2413 0.9513
vn -0.9594 -0.2214 -0.1748
vn -0.9523 -0.2198 -0.2118
vn -0.9002 -0.2077 -0.3827
vn -0.9594 -0.2214 0.1748
vn -0.9523 -0.2198 0.2118
vn -0.9002 -0.2077 0.3827
vn -0.0024 -0.3827 -0.9239
vn -0.0000 -0.9773 -0.2118
vn -0.0061 -0.9808 -0.1949
vn -0.0058 -0.9239 -0.3827
vn -0.0000 -0.9773 0.2118
vn -0.0061 -0.9808 0.1949
vn -0.0058 -0.9239 0.3827
vn -0.0024 -0.3827 0.9239
vn -0.0045 -0.3827 -0.9239
vn -0.0116 -0.9807 -0.1951
vn -0.0110 -0.9238 -0.3827
vn -0.0116 -0.9807 0.1951
vn -0.0110 -0.9238 0.3827
vn -0.0045 -0.3827 0.9239
vn -0.0048 -0.3827 -0.9239
vn -0.0122 -0.9807 -0.1951
vn -0.0115 -0.9238 -0.3827
vn -0.0122 -0.9807 0.1951
vn -0.0115 -0.9238 0.3827
vn -0.0048 -0.3827 0.9239
vn -0.0063 -0.3826 -0.9239
vn -0.0160 -0.9807 -0.1950
vn -0.0151 -0.9238 -0.3827
vn -0.0160 -0.9807 0.1950
vn -0.0151 -0.9238 0.3827
vn -0.0063 -0.3826 0.9239
vn -0.0105 -0.3825 -0.9239
vn -0.0269 -0.9805 -0.1949
vn -0.0254 -0.9235 -0.3827
vn -0.0269 -0.9805 0.1949
vn -0.0254 -0.9235 0.3827
vn -0.0105 -0.3825 0.9239
vn -0.0166 -0.3823 -0.9239
vn -0.0427 -0.9799 -0.1949
vn -0.0402 -0.9230 -0.3827
vn -0.0427 -0.9799 0.1949
vn -0.0402 -0.9230 0.3827
vn -0.0166 -0.3823 0.9239
vn -0.0169 -0.3823 -0.9239
vn -0.0433 -0.9798 -0.1953
vn -0.0408 -0.9230 -0.3827
vn -0.0433 -0.9798 0.1953
vn -0.0408 -0.9230 0.3827
vn -0.0169 -0.3823 0.9239
vn -0.0069 -0.3826 -0.9239
vn -0.0178 -0.9805 -0.1956
vn -0.0168 -0.9237 -0.3827
vn -0.0178 -0.9805 0.1956
vn -0.0168 -0.9237 0.3827
vn -0.0069 -0.3826 0.9239
vn 0.0028 -0.3827 -0.9239
vn 0.0073 -0.9807 -0.1952
vn 0.0068 -0.9239 -0.3827
vn 0.0073 -0.9807 0.1952
vn 0.0068 -0.9239 0.3827
vn 0.0028 -0.3827 0.9239
vn 0.0074 -0.3826 -0.9239
vn 0.0191 -0.9806 -0.1952
vn 0.0180 -0.9237 -0.3827
vn 0.0191 -0.9806 0.1952
vn 0.0180 -0.9237 0.3827
vn 0.0074 -0.3826 0.9239
vn 0.0209 -0.3820 -0.9239
vn 0.0537 -0.9792 -0.1959
vn 0.0505 -0.9224 -0.3828
vn 0.0537 -0.9792 0.1959
vn 0.0505 -0.9224 0.3828
vn 0.0209 -0.3820 0.9239
vn 0.0489 -0.3792 -0.9240
vn 0.1253 -0.9725 -0.1963
vn 0.1180 -0.9162 -0.3830
vn 0.1253 -0.9725 0.1963
vn 0.1180 -0.9162 0.3830
vn 0.0489 -0.3792 0.9240
vn 0.0797 -0.3741 -0.9240
vn 0.2042 -0.9591 -0.1961
vn 0.1924 -0.9035 -0.3829
vn 0.2042 -0.9591 0.1961
vn 0.1924 -0.9035 0.3829
vn 0.0797 -0.3741 0.9240
vn 0.1085 -0.3667 -0.9240
vn 0.2781 -0.9403 -0.1962
vn 0.2620 -0.8858 -0.3829
vn 0.2781 -0.9403 0.1962
vn 0.2620 -0.8858 0.3829
vn 0.1085 -0.3667 0.9240
vn 0.1358 -0.3575 -0.9240
vn 0.3483 -0.9167 -0.1961
vn 0.3281 -0.8636 -0.3829
vn 0.3483 -0.9167 0.1961
vn 0.3281 -0.8636 0.3829
vn 0.1358 -0.3575 0.9240
vn 0.1557 -0.3495 -0.9239
vn 0.3990 -0.8959 -0.1956
vn 0.3758 -0.8440 -0.3827
vn 0.3990 -0.8959 0.1956
vn 0.3758 -0.8440 0.3827
vn 0.1557 -0.3495 0.9239
vn 0.1704 -0.3426 -0.9239
vn 0.4368 -0.8780 -0.1957
vn 0.4115 -0.8271 -0.3828
vn 0.4368 -0.8780 0.1957
vn 0.4115 -0.8271 0.3828
vn 0.1704 -0.3426 0.9239
vn 0.1893 -0.3324 -0.9240
vn 0.4854 -0.8520 -0.1960
vn 0.4573 -0.8027 -0.3829
vn 0.4854 -0.8520 0.1960
vn 0.4573 -0.8027 0.3829
vn 0.1893 -0.3323 0.9240
vn 0.2047 -0.3233 -0.9239
vn 0.5247 -0.8286 -0.1954
vn 0.4943 -0.7805 -0.3827
vn 0.5247 -0.8286 0.1954
vn 0.4943 -0.7805 0.3827
vn 0.2047 -0.3233 0.9239
vn 0.2051 -0.3230 -0.9239
vn 0.5258 -0.8280 -0.1948
vn 0.4953 -0.7799 -0.3827
vn 0.5258 -0.8280 0.1948
vn 0.4953 -0.7799 0.3827
vn 0.2051 -0.3230 0.9239
vn 0.2074 -0.3216 -0.9239
vn 0.5315 -0.8242 -0.1956
vn 0.5007 -0.7764 -0.3827
vn 0.5315 -0.8242 0.1956
vn 0.5007 -0.7764 0.3827
vn 0.2074 -0.3216 0.9239
vn 0.2211 -0.3122 -0.9239
vn 0.5667 -0.8003 -0.1957
vn 0.5339 -0.7540 -0.3828
vn 0.5667 -0.8003 0.1957
vn 0.5339 -0.7540 0.3828
vn 0.2211 -0.3122 0.9239
vn 0.2132 -0.3173 -0.9240
vn 0.5472 -0.8142 -0.1941
vn 0.5153 -0.7667 -0.3831
vn 0.5472 -0.8142 0.1941
vn 0.5153 -0.7667 0.3831
vn 0.2132 -0.3173 0.9240
vn 0.1595 -0.3457 -0.9247
vn 0.4111 -0.8908 -0.1936
vn 0.3868 -0.8381 -0.3847
vn 0.4111 -0.8908 0.1936
vn 0.3868 -0.8381 0.3847
vn 0.1595 -0.3457 0.9247
vn 0.0805 -0.3721 -0.9247
vn 0.2074 -0.9589 -0.1936
vn 0.1951 -0.9022 -0.3846
vn 0.2074 -0.9589 0.1936
vn 0.1951 -0.9022 0.3846
vn 0.0805 -0.3721 0.9247
vn 0.0012 -0.3810 -0.9246
vn 0.0030 -0.9811 -0.1936
vn 0.0028 -0.9232 -0.3843
vn 0.0030 -0.9811 0.1936
vn 0.0028 -0.9232 0.3843
vn 0.0012 -0.3810 0.9246
vn -0.0618 -0.3770 -0.9242
vn -0.1588 -0.9681 -0.1939
vn -0.1495 -0.9114 -0.3834
vn -0.1588 -0.9681 0.1939
vn -0.1495 -0.9114 0.3834
vn -0.0618 -0.3770 0.9242
vn -0.0900 -0.3719 -0.9239
vn -0.2307 -0.9533 -0.1949
vn -0.2173 -0.8980 -0.3827
vn -0.2307 -0.9533 0.1949
vn -0.2173 -0.8980 0.3827
vn -0.0900 -0.3719 0.9239
vn -0.0980 -0.3699 -0.9239
vn -0.2511 -0.9482 -0.1948
vn -0.2365 -0.8931 -0.3827
vn -0.2511 -0.9482 0.1948
vn -0.2365 -0.8931 0.3827
vn -0.0980 -0.3699 0.9239
vn -0.1158 -0.3645 -0.9240
vn -0.2970 -0.9349 -0.1943
vn -0.2797 -0.8804 -0.3829
vn -0.2970 -0.9349 0.1943
vn -0.2797 -0.8804 0.3829
vn -0.1158 -0.3645 0.9240
vn -0.1355 -0.3578 -0.9239
vn -0.3473 -0.9173 -0.1947
vn -0.3271 -0.8640 -0.3827
vn -0.3473 -0.9173 0.1947
vn -0.3271 -0.8640 0.3827
vn -0.1355 -0.3578 0.9239
vn -0.1385 -0.3567 -0.9239
vn -0.3550 -0.9142 -0.1953
vn -0.3344 -0.8612 -0.3827
vn -0.3550 -0.9142 0.1953
vn -0.3344 -0.8612 0.3827
vn -0.1385 -0.3567 0.9239
vn -0.3482 -0.9205 -0.1776
vn -0.3268 -0.8641 -0.3827
vn -0.3482 -0.9205 0.1776
vn -0.3268 -0.8641 0.3827
vt 0.127907 0.000000
vt 0.151163 0.000000
vt 0.139535 0.000000
vt 0.116279 0.000000
vt 0.162791 0.000000
vt 0.104651 0.000000
vt 0.174419 0.000000
vt 0.313953 0.000000
vt 0.337209 0.000000
vt 0.325581 0.000000
vt 0.302326 0.000000
vt 0.093023 0.000000
vt 0.348837 0.000000
vt 0.186047 0.000000
vt 0.290698 0.000000
vt 0.360465 0.000000
vt 0.081395 0.000000
vt 0.279070 0.000000
vt 0.372093 0.000000
vt 0.197674 0.000000
vt 0.069767 0.000000
vt 0.267442 0.000000
vt 0.383721 0.000000
vt 0.209302 0.000000
vt 0.058140 0.000000
vt 0.220930 0.000000
vt 0.255814 0.000000
vt 0.232558 0.000000
vt 0.244186 0.000000
vt 0.395349 0.000000
vt 0.046512 0.000000
vt 0.406977 0.000000
vt 0.418605 0.000000
vt 0.034884 0.000000
vt 0.430233 0.000000
vt 0.441860 0.000000
vt 0.023256 0.000000
vt 0.011628 0.000000
vt 0.000000 0.000000
vt 0.790698 0.000000
vt 0.779070 0.000000
vt 0.767442 0.000000
vt 0.755814 0.000000
vt 0.744186 0.000000
vt 0.732558 0.000000
vt 0.720930 0.000000
vt 0.627907 0.000000
vt 0.709302 0.000000
vt 0.697674 0.000000
vt 0.686047 0.000000
vt 0.674419 0.000000
vt 0.662791 0.000000
vt 0.651163 0.000000
vt 0.639535 0.000000
vt 0.616279 0.000000
vt 0.802326 0.000000
vt 0.453488 0.000000
vt 0.465116 0.000000
vt 0.476744 0.000000
vt 0.813953 0.000000
vt 0.488372 0.000000
vt 0.500000 0.000000
vt 0.825581 0.000000
vt 0.511628 0.000000
vt 0.523256 0.000000
vt 0.534884 0.000000
vt 0.604651 0.000000
vt 0.546512 0.000000
vt 0.593023 0.000000
vt 0.558140 0.000000
vt 0.837209 0.000000
vt 0.569767 0.000000
vt 0.581395 0.000000
vt 0.848837 0.000000
vt 0.860465 0.000000
vt 0.872093 0.000000
vt 0.883721 0.000000
vt 1.000000 0.000000
vt 0.988372 0.000000
vt 0.895349 0.000000
vt 0.976744 0.000000
vt 0.965116 0.000000
vt 0.906977 0.000000
vt 0.953488 0.000000
vt 0.918605 0.000000
vt 0.941860 0.000000
vt 0.930233 0.000000
vt 0.000000 0.200000
vt 0.011494 0.200000
vt 0.011494 0.000000
vt 0.000000 0.400000
vt 0.011494 0.400000
vt 0.000000 0.600000
vt 0.011494 0.600000
vt 0.000000 0.800000
vt 0.011494 0.800000
vt 0.000000 1.000000
vt 0.011494 1.000000
vt 0.022989 0.200000
vt 0.022989 0.000000
vt 0.022989 0.400000
vt 0.022989 0.600000
vt 0.022989 0.800000
vt 0.022989 1.000000
vt 0.034483 0.200000
vt 0.034483 0.000000
vt 0.034483 0.400000
vt 0.034483 0.600000
vt 0.034483 0.800000
vt 0.034483 1.000000
vt 0.045977 0.200000
vt 0.045977 0.000000
vt 0.045977 0.400000
vt 0.045977 0.600000
vt 0.045977 0.800000
vt 0.045977 1.000000
vt 0.057471 0.200000
vt 0.057471 0.000000
vt 0.057471 0.400000
vt 0.057471 0.600000
vt 0.057471 0.800000
vt 0.057471 1.000000
vt 0.068966 0.200000
vt 0.068966 0.000000
vt 0.068966 0.400000
vt 0.068966 0.600000
vt 0.068966 0.800000
vt 0.068966 1.000000
vt 0.080460 0.200000
vt 0.080460 0.000000
vt 0.080460 0.400000
vt 0.080460 0.600000
vt 0.080460 0.800000
vt 0.080460 1.000000
vt 0.091954 0.200000
vt 0.091954 0.000000
vt 0.091954 0.400000
vt 0.091954 0.600000
vt 0.091954 0.800000
vt 0.091954 1.000000
vt 0.103448 0.200000
vt 0.103448 0.000000
vt 0.103448 0.400000
vt 0.103448 0.600000
vt 0.103448 0.800000
vt 0.103448 1.000000
vt 0.114943 0.200000
vt 0.114943 0.000000
vt 0.114943 0.400000
vt 0.114943 0.600000
vt 0.114943 0.800000
vt 0.114943 1.000000
vt 0.126437 0.200000
vt 0.126437 0.000000
vt 0.126437 0.400000
vt 0.126437 0.600000
vt 0.126437 0.800000
vt 0.126437 1.000000
vt 0.137931 0.200000
vt 0.137931 0.000000
vt 0.137931 0.400000
vt 0.137931 0.600000
vt 0.137931 0.800000
vt 0.137931 1.000000
vt 0.149425 0.200000
vt 0.149425 0.000000
vt 0.149425 0.400000
vt 0.149425 0.600000
vt 0.149425 0.800000
vt 0.149425 1.000000
vt 0.160920 0.200000
vt 0.160920 0.000000
vt 0.160920 0.400000
vt 0.160920 0.600000
vt 0.160920 0.800000
vt 0.160920 1.000000
vt 0.172414 0.200000
vt 0.172414 0.000000
vt 0.172414 0.400000
vt 0.172414 0.600000
vt 0.172414 0.800000
vt 0.172414 1.000000
vt 0.183908 0.200000
vt 0.183908 0.000000
vt 0.183908 0.400000
vt 0.183908 0.600000
vt 0.183908 0.800000
vt 0.183908 1.000000
vt 0.195402 0.200000
vt 0.195402 0.000000
vt 0.195402 0.400000
vt 0.195402 0.600000
vt 0.195402 0.800000
vt 0.195402 1.000000
vt 0.206897 0.200000
vt 0.206897 0.000000
vt 0.206897 0.400000
vt 0.206897 0.600000
vt 0.206897 0.800000
vt 0.206897 1.000000
vt 0.218391 0.200000
vt 0.218391 0.000000
vt 0.218391 0.400000
vt 0.218391 0.600000
vt 0.218391 0.800000
vt 0.218391 1.000000
vt 0.229885 0.200000
vt 0.229885 0.000000
vt 0.229885 0.400000
vt 0.229885 0.600000
vt 0.229885 0.800000
vt 0.229885 1.000000
vt 0.241379 0.200000
vt 0.241379 0.000000
vt 0.241379 0.400000
vt 0.241379 0.600000
vt 0.241379 0.800000
vt 0.241379 1.000000
vt 0.252874 0.200000
vt 0.252874 0.000000
vt 0.252874 0.400000
vt 0.252874 0.600000
vt 0.252874 0.800000
vt 0.252874 1.000000
vt 0.264368 0.200000
vt 0.264368 0.000000
vt 0.264368 0.400000
vt 0.264368 0.600000
vt 0.264368 0.800000
vt 0.264368 1.000000
vt 0.275862 0.200000
vt 0.275862 0.000000
vt 0.275862 0.400000
vt 0.275862 0.600000
vt 0.275862 0.800000
vt 0.275862 1.000000
vt 0.287356 0.200000
vt 0.287356 0.000000
vt 0.287356 0.400000
vt 0.287356 0.600000
vt 0.287356 0.800000
vt 0.287356 1.000000
vt 0.298851 0.200000
vt 0.298851 0.000000
vt 0.298851 0.400000
vt 0.298851 0.600000
vt 0.298851 0.800000
vt 0.298851 1.000000
vt 0.310345 0.200000
vt 0.310345 0.000000
vt 0.310345 0.400000
vt 0.310345 0.600000
vt 0.310345 0.800000
vt 0.310345 1.000000
vt 0.321839 0.200000
vt 0.321839 0.000000
vt 0.321839 0.400000
vt 0.321839 0.600000
vt 0.321839 0.800000
vt 0.321839 1.000000
vt 0.333333 0.200000
vt 0.333333 0.000000
vt 0.333333 0.400000
vt 0.333333 0.600000
vt 0.333333 0.800000
vt 0.333333 1.000000
vt 0.344828 0.200000
vt 0.344828 0.000000
vt 0.344828 0.400000
vt 0.344828 0.600000
vt 0.344828 0.800000
vt 0.344828 1.000000
vt 0.356322 0.200000
vt 0.356322 0.000000
vt 0.356322 0.400000
vt 0.356322 0.600000
vt 0.356322 0.800000
vt 0.356322 1.000000
vt 0.367816 0.200000
vt 0.367816 0.000000
vt 0.367816 0.400000
vt 0.367816 0.600000
vt 0.367816 0.800000
vt 0.367816 1.000000
vt 0.379310 0.200000
vt 0.379310 0.000000
vt 0.379310 0.400000
vt 0.379310 0.600000
vt 0.379310 0.800000
vt 0.379310 1.000000
vt 0.390805 0.200000
vt 0.390805 0.000000
vt 0.390805 0.400000
vt 0.390805 0.600000
vt 0.390805 0.800000
vt 0.390805 1.000000
vt 0.402299 0.200000
vt 0.402299 0.000000
vt 0.402299 0.400000
vt 0.402299 0.600000
vt 0.402299 0.800000
vt 0.402299 1.000000
vt 0.413793 0.200000
vt 0.413793 0.000000
vt 0.413793 0.400000
vt 0.413793 0.600000
vt 0.413793 0.800000
vt 0.413793 1.000000
vt 0.425287 0.200000
vt 0.425287 0.000000
vt 0.425287 0.400000
vt 0.425287 0.600000
vt 0.425287 0.800000
vt 0.425287 1.000000
vt 0.436782 0.200000
vt 0.436782 0.000000
vt 0.436782 0.400000
vt 0.436782 0.600000
vt 0.436782 0.800000
vt 0.436782 1.000000
vt 0.448276 0.200000
vt 0.448276 0.000000
vt 0.448276 0.400000
vt 0.448276 0.600000
vt 0.448276 0.800000
vt 0.448276 1.000000
vt 0.459770 0.200000
vt 0.459770 0.000000
vt 0.459770 0.400000
vt 0.459770 0.600000
vt 0.459770 0.800000
vt 0.459770 1.000000
vt 0.471264 0.200000
vt 0.471264 0.000000
vt 0.471264 0.400000
vt 0.471264 0.600000
vt 0.471264 0.800000
vt 0.471264 1.000000
vt 0.482759 0.200000
vt 0.482759 0.000000
vt 0.482759 0.400000
vt 0.482759 0.600000
vt 0.482759 0.800000
vt 0.482759 1.000000
vt 0.494253 0.200000
vt 0.494253 0.000000
vt 0.494253 0.400000
vt 0.494253 0.600000
vt 0.494253 0.800000
vt 0.494253 1.000000
vt 0.505747 0.200000
vt 0.505747 0.000000
vt 0.505747 0.400000
vt 0.505747 0.600000
vt 0.505747 0.800000
vt 0.505747 1.000000
vt 0.517241 0.200000
vt 0.517241 0.000000
vt 0.517241 0.400000
vt 0.517241 0.600000
vt 0.517241 0.800000
vt 0.517241 1.000000
vt 0.528736 0.200000
vt 0.528736 0.000000
vt 0.528736 0.400000
vt 0.528736 0.600000
vt 0.528736 0.800000
vt 0.528736 1.000000
vt 0.540230 0.200000
vt 0.540230 0.000000
vt 0.540230 0.400000
vt 0.540230 0.600000
vt 0.540230 0.800000
vt 0.540230 1.000000
vt 0.551724 0.200000
vt 0.551724 0.000000
vt 0.551724 0.400000
vt 0.551724 0.600000
vt 0.551724 0.800000
vt 0.551724 1.000000
vt 0.563218 0.200000
vt 0.563218 0.000000
vt 0.563218 0.400000
vt 0.563218 0.600000
vt 0.563218 0.800000
vt 0.563218 1.000000
vt 0.574713 0.200000
vt 0.574713 0.000000
vt 0.574713 0.400000
vt 0.574713 0.600000
vt 0.574713 0.800000
vt 0.574713 1.000000
vt 0.586207 0.200000
vt 0.586207 0.000000
vt 0.586207 0.400000
vt 0.586207 0.600000
vt 0.586207 0.800000
vt 0.586207 1.000000
vt 0.597701 0.200000
vt 0.597701 0.000000
vt 0.597701 0.400000
vt 0.597701 0.600000
vt 0.597701 0.800000
vt 0.597701 1.000000
vt 0.609195 0.200000
vt 0.609195 0.000000
vt 0.609195 0.400000
vt 0.609195 0.600000
vt 0.609195 0.800000
vt 0.609195 1.000000
vt 0.620690 0.200000
vt 0.620690 0.000000
vt 0.620690 0.400000
vt 0.620690 0.600000
vt 0.620690 0.800000
vt 0.620690 1.000000
vt 0.632184 0.200000
vt 0.632184 0.000000
vt 0.632184 0.400000
vt 0.632184 0.600000
vt 0.632184 0.800000
vt 0.632184 1.000000
vt 0.643678 0.200000
vt 0.643678 0.000000
vt 0.643678 0.400000
vt 0.643678 0.600000
vt 0.643678 0.800000
vt 0.643678 1.000000
vt 0.655172 0.200000
vt 0.655172 0.000000
vt 0.655172 0.400000
vt 0.655172 0.600000
vt 0.655172 0.800000
vt 0.655172 1.000000
vt 0.666667 0.200000
vt 0.666667 0.000000
vt 0.666667 0.400000
vt 0.666667 0.600000
vt 0.666667 0.800000
vt 0.666667 1.000000
vt 0.678161 0.200000
vt 0.678161 0.000000
vt 0.678161 0.400000
vt 0.678161 0.600000
vt 0.678161 0.800000
vt 0.678161 1.000000
vt 0.689655 0.200000
vt 0.689655 0.000000
vt 0.689655 0.400000
vt 0.689655 0.600000
vt 0.689655 0.800000
vt 0.689655 1.000000
vt 0.701149 0.200000
vt 0.701149 0.000000
vt 0.701149 0.400000
vt 0.701149 0.600000
vt 0.701149 0.800000
vt 0.701149 1.000000
vt 0.712644 0.200000
vt 0.712644 0.000000
vt 0.712644 0.400000
vt 0.712644 0.600000
vt 0.712644 0.800000
vt 0.712644 1.000000
vt 0.724138 0.200000
vt 0.724138 0.000000
vt 0.724138 0.400000
vt 0.724138 0.600000
vt 0.724138 0.800000
vt 0.724138 1.000000
vt 0.735632 0.200000
vt 0.735632 0.000000
vt 0.735632 0.400000
vt 0.735632 0.600000
vt 0.735632 0.800000
vt 0.735632 1.000000
vt 0.747126 0.200000
vt 0.747126 0.000000
vt 0.747126 0.400000
vt 0.747126 0.600000
vt 0.747126 0.800000
vt 0.747126 1.000000
vt 0.758621 0.200000
vt 0.758621 0.000000
vt 0.758621 0.400000
vt 0.758621 0.600000
vt 0.758621 0.800000
vt 0.758621 1.000000
vt 0.770115 0.200000
vt 0.770115 0.000000
vt 0.770115 0.400000
vt 0.770115 0.600000
vt 0.770115 0.800000
vt 0.770115 1.000000
vt 0.781609 0.200000
vt 0.781609 0.000000
vt 0.781609 0.400000
vt 0.781609 0.600000
vt 0.781609 0.800000
vt 0.781609 1.000000
vt 0.793103 0.200000
vt 0.793103 0.000000
vt 0.793103 0.400000
vt 0.793103 0.600000
vt 0.793103 0.800000
vt 0.793103 1.000000
vt 0.804598 0.200000
vt 0.804598 0.000000
vt 0.804598 0.400000
vt 0.804598 0.600000
vt 0.804598 0.800000
vt 0.804598 1.000000
vt 0.816092 0.200000
vt 0.816092 0.000000
vt 0.816092 0.400000
vt 0.816092 0.600000
vt 0.816092 0.800000
vt 0.816092 1.000000
vt 0.827586 0.200000
vt 0.827586 0.000000
vt 0.827586 0.400000
vt 0.827586 0.600000
vt 0.827586 0.800000
vt 0.827586 1.000000
vt 0.839080 0.200000
vt 0.839080 0.000000
vt 0.839080 0.400000
vt 0.839080 0.600000
vt 0.839080 0.800000
vt 0.839080 1.000000
vt 0.850575 0.200000
vt 0.850575 0.000000
vt 0.850575 0.400000
vt 0.850575 0.600000
vt 0.850575 0.800000
vt 0.850575 1.000000
vt 0.862069 0.200000
vt 0.862069 0.000000
vt 0.862069 0.400000
vt 0.862069 0.600000
vt 0.862069 0.800000
vt 0.862069 1.000000
vt 0.873563 0.200000
vt 0.873563 0.000000
vt 0.873563 0.400000
vt 0.873563 0.600000
vt 0.873563 0.800000
vt 0.873563 1.000000
vt 0.885057 0.200000
vt 0.885057 0.000000
vt 0.885057 0.400000
vt 0.885057 0.600000
vt 0.885057 0.800000
vt 0.885057 1.000000
vt 0.896552 0.200000
vt 0.896552 0.000000
vt 0.896552 0.400000
vt 0.896552 0.600000
vt 0.896552 0.800000
vt 0.896552 1.000000
vt 0.908046 0.200000
vt 0.908046 0.000000
vt 0.908046 0.400000
vt 0.908046 0.600000
vt 0.908046 0.800000
vt 0.908046 1.000000
vt 0.919540 0.200000
vt 0.919540 0.000000
vt 0.919540 0.400000
vt 0.919540 0.600000
vt 0.919540 0.800000
vt 0.919540 1.000000
vt 0.931035 0.200000
vt 0.931035 0.000000
vt 0.931035 0.400000
vt 0.931035 0.600000
vt 0.931035 0.800000
vt 0.931035 1.000000
vt 0.942529 0.200000
vt 0.942529 0.000000
vt 0.942529 0.400000
vt 0.942529 0.600000
vt 0.942529 0.800000
vt 0.942529 1.000000
vt 0.954023 0.200000
vt 0.954023 0.000000
vt 0.954023 0.400000
vt 0.954023 0.600000
vt 0.954023 0.800000
vt 0.954023 1.000000
vt 0.965517 0.200000
vt 0.965517 0.000000
vt 0.965517 0.400000
vt 0.965517 0.600000
vt 0.965517 0.800000
vt 0.965517 1.000000
vt 0.977012 0.200000
vt 0.977012 0.000000
vt 0.977012 0.400000
vt 0.977012 0.600000
vt 0.977012 0.800000
vt 0.977012 1.000000
vt 0.988506 0.200000
vt 0.988506 0.000000
vt 0.988506 0.400000
vt 0.988506 0.600000
vt 0.988506 0.800000
vt 0.988506 1.000000
vt 1.000000 0.200000
vt 1.000000 0.400000
vt 1.000000 0.600000
vt 1.000000 0.800000
vt 1.000000 1.000000
s 1
usemtl Enamel_|_ivory
f 12/1/1 14/2/2 13/3/3
f 11/4/4 14/2/2 12/1/1
f 11/4/4 15/5/5 14/2/2
f 10/6/6 15/5/5 11/4/4
f 10/6/6 16/7/7 15/5/5
f 28/8/8 30/9/9 29/10/10
f 27/11/11 30/9/9 28/8/8
f 9/12/12 16/7/7 10/6/6
f 27/11/11 31/13/13 30/9/9
f 9/12/12 17/14/14 16/7/7
f 26/15/15 31/13/13 27/11/11
f 26/15/15 32/16/16 31/13/13
f 8/17/17 17/14/14 9/12/12
f 25/18/18 32/16/16 26/15/15
f 25/18/18 33/19/19 32/16/16
f 8/17/17 18/20/20 17/14/14
f 7/21/21 18/20/20 8/17/17
f 24/22/22 33/19/19 25/18/18
f 24/22/22 34/23/23 33/19/19
f 7/21/21 19/24/24 18/20/20
f 6/25/25 19/24/24 7/21/21
f 6/25/25 20/26/26 19/24/24
f 23/27/27 34/23/23 24/22/22
f 6/25/25 21/28/28 20/26/26
f 6/25/25 22/29/29 21/28/28
f 22/29/29 34/23/23 23/27/27
f 6/25/25 34/23/23 22/29/29
f 6/25/25 35/30/30 34/23/23
f 5/31/31 35/30/30 6/25/25
f 5/31/31 36/32/32 35/30/30
f 5/31/31 37/33/33 36/32/32
f 4/34/34 37/33/33 5/31/31
f 4/34/34 38/35/35 37/33/33
f 4/34/34 39/36/36 38/35/35
f 3/37/37 39/36/36 4/34/34
f 2/38/38 39/36/36 3/37/37
f 1/39/39 69/40/40 2/38/38
f 69/40/40 68/41/41 2/38/38
f 68/41/41 67/42/42 2/38/38
f 67/42/42 66/43/43 2/38/38
f 66/43/43 65/44/44 2/38/38
f 65/44/44 64/45/45 2/38/38
f 64/45/45 63/46/46 2/38/38
f 63/46/46 55/47/47 2/38/38
f 55/47/47 39/36/36 2/38/38
f 62/48/48 55/47/47 63/46/46
f 61/49/49 55/47/47 62/48/48
f 60/50/50 55/47/47 61/49/49
f 59/51/51 55/47/47 60/50/50
f 58/52/52 55/47/47 59/51/51
f 57/53/53 55/47/47 58/52/52
f 56/54/54 55/47/47 57/53/53
f 54/55/55 39/36/36 55/47/47
f 1/39/39 70/56/56 69/40/40
f 54/55/55 40/57/57 39/36/36
f 54/55/55 41/58/58 40/57/57
f 54/55/55 42/59/59 41/58/58
f 1/39/39 71/60/60 70/56/56
f 54/55/55 43/61/61 42/59/59
f 54/55/55 44/62/62 43/61/61
f 1/39/39 72/63/63 71/60/60
f 54/55/55 45/64/64 44/62/62
f 54/55/55 46/65/65 45/64/64
f 54/55/55 47/66/66 46/65/65
f 54/55/55 53/67/67 47/66/66
f 53/67/67 48/68/68 47/66/66
f 52/69/69 48/68/68 53/67/67
f 52/69/69 49/70/70 48/68/68
f 1/39/39 73/71/71 72/63/63
f 52/69/69 50/72/72 49/70/70
f 52/69/69 51/73/73 50/72/72
f 1/39/39 74/74/74 73/71/71
f 1/39/39 75/75/75 74/74/74
f 1/39/39 76/76/76 75/75/75
f 1/39/39 77/77/77 76/76/76
f 87/78/78 77/77/77 1/39/39
f 86/79/79 77/77/77 87/78/78
f 86/79/79 78/80/80 77/77/77
f 85/81/81 78/80/80 86/79/79
f 84/82/82 78/80/80 85/81/81
f 84/82/82 79/83/83 78/80/80
f 83/84/84 79/83/83 84/82/82
f 83/84/84 80/85/85 79/83/83
f 82/86/86 80/85/85 83/84/84
f 82/86/86 81/87/87 80/85/85
f 99/1/88 100/3/89 101/2/90
f 98/4/91 99/1/88 101/2/90
f 98/4/91 101/2/90 102/5/92
f 97/6/93 98/4/91 102/5/92
f 97/6/93 102/5/92 103/7/94
f 115/8/95 116/10/96 117/9/97
f 114/11/98 115/8/95 117/9/97
f 96/12/99 97/6/93 103/7/94
f 114/11/98 117/9/97 118/13/100
f 96/12/99 103/7/94 104/14/101
f 113/15/102 114/11/98 118/13/100
f 113/15/102 118/13/100 119/16/103
f 95/17/104 96/12/99 104/14/101
f 112/18/105 113/15/102 119/16/103
f 112/18/105 119/16/103 120/19/106
f 95/17/104 104/14/101 105/20/107
f 94/21/108 95/17/104 105/20/107
f 111/22/109 112/18/105 120/19/106
f 111/22/109 120/19/106 121/23/110
f 94/21/108 105/20/107 106/24/111
f 93/25/112 94/21/108 106/24/111
f 93/25/112 106/24/111 107/26/113
f 110/27/114 111/22/109 121/23/110
f 93/25/112 107/26/113 108/28/115
f 93/25/112 108/28/115 109/29/116
f 109/29/116 110/27/114 121/23/110
f 93/25/112 109/29/116 121/23/110
f 93/25/112 121/23/110 122/30/117
f 92/31/118 93/25/112 122/30/117
f 92/31/118 122/30/117 123/32/119
f 92/31/118 123/32/119 124/33/120
f 91/34/121 92/31/118 124/33/120
f 91/34/121 124/33/120 125/35/122
f 91/34/121 125/35/122 126/36/123
f 90/37/124 91/34/121 126/36/123
f 89/38/125 90/37/124 126/36/123
f 88/39/126 89/38/125 156/40/127
f 156/40/127 89/38/125 155/41/128
f 155/41/128 89/38/125 154/42/129
f 154/42/129 89/38/125 153/43/130
f 153/43/130 89/38/125 152/44/131
f 152/44/131 89/38/125 151/45/132
f 151/45/132 89/38/125 150/46/133
f 150/46/133 89/38/125 142/47/134
f 142/47/134 89/38/125 126/36/123
f 149/48/135 150/46/133 142/47/134
f 148/49/136 149/48/135 142/47/134
f 147/50/137 148/49/136 142/47/134
f 146/51/138 147/50/137 142/47/134
f 145/52/139 146/51/138 142/47/134
f 144/53/140 145/52/139 142/47/134
f 143/54/141 144/53/140 142/47/134
f 141/55/142 142/47/134 126/36/123
f 88/39/126 156/40/127 157/56/143
f 141/55/142 126/36/123 127/57/144
f 141/55/142 127/57/144 128/58/145
f 141/55/142 128/58/145 129/59/146
f 88/39/126 157/56/143 158/60/147
f 141/55/142 129/59/146 130/61/148
f 141/55/142 130/61/148 131/62/149
f 88/39/126 158/60/147 159/63/150
f 141/55/142 131/62/149 132/64/151
f 141/55/142 132/64/151 133/65/152
f 141/55/142 133/65/152 134/66/153
f 141/55/142 134/66/153 140/67/154
f 140/67/154 134/66/153 135/68/155
f 139/69/156 140/67/154 135/68/155
f 139/69/156 135/68/155 136/70/157
f 88/39/126 159/63/150 160/71/158
f 139/69/156 136/70/157 137/72/159
f 139/69/156 137/72/159 138/73/160
f 88/39/126 160/71/158 161/74/161
f 88/39/126 161/74/161 162/75/162
f 88/39/126 162/75/162 163/76/163
f 88/39/126 163/76/163 164/77/164
f 174/78/165 88/39/126 164/77/164
f 173/79/166 174/78/165 164/77/164
f 173/79/166 164/77/164 165/80/167
f 172/81/168 173/79/166 165/80/167
f 171/82/169 172/81/168 165/80/167
f 171/82/169 165/80/167 166/83/170
f 170/84/171 171/82/169 166/83/170
f 170/84/171 166/83/170 167/85/172
f 169/86/173 170/84/171 167/85/172
f 169/86/173 167/85/172 168/87/174
f 175/88/175 179/89/176 89/90/125 88/39/126
f 176/91/177 180/92/178 179/89/179 175/88/179
f 177/93/180 181/94/181 180/92/178 176/91/177
f 178/95/182 182/96/182 181/94/181 177/93/180
f 1/97/39 2/98/38 182/96/183 178/95/184
f 179/89/176 183/99/185 90/100/124 89/90/125
f 180/92/186 184/101/187 183/99/188 179/89/189
f 181/94/190 185/102/191 184/101/187 180/92/186
f 182/96/192 186/103/193 185/102/191 181/94/190
f 2/98/38 3/104/37 186/103/194 182/96/183
f 183/99/185 187/105/195 91/106/121 90/100/124
f 184/101/187 188/107/196 187/105/197 183/99/188
f 185/102/191 189/108/198 188/107/196 184/101/187
f 186/103/193 190/109/199 189/108/198 185/102/191
f 3/104/37 4/110/34 190/109/200 186/103/194
f 187/105/195 191/111/201 92/112/118 91/106/121
f 188/107/196 192/113/202 191/111/203 187/105/197
f 189/108/198 193/114/204 192/113/202 188/107/196
f 190/109/199 194/115/205 193/114/204 189/108/198
f 4/110/34 5/116/31 194/115/206 190/109/200
f 191/111/201 195/117/207 93/118/112 92/112/118
f 192/113/202 196/119/208 195/117/209 191/111/203
f 193/114/204 197/120/210 196/119/208 192/113/202
f 194/115/205 198/121/211 197/120/210 193/114/204
f 5/116/31 6/122/25 198/121/212 194/115/206
f 195/117/207 199/123/213 94/124/108 93/118/112
f 196/119/208 200/125/214 199/123/215 195/117/209
f 197/120/210 201/126/216 200/125/214 196/119/208
f 198/121/211 202/127/217 201/126/216 197/120/210
f 6/122/25 7/128/21 202/127/218 198/121/212
f 199/123/213 203/129/219 95/130/104 94/124/108
f 200/125/214 204/131/220 203/129/221 199/123/215
f 201/126/216 205/132/222 204/131/220 200/125/214
f 202/127/217 206/133/223 205/132/222 201/126/216
f 7/128/21 8/134/17 206/133/224 202/127/218
f 203/129/219 207/135/225 96/136/99 95/130/104
f 204/131/220 208/137/226 207/135/227 203/129/221
f 205/132/222 209/138/228 208/137/226 204/131/220
f 206/133/223 210/139/229 209/138/228 205/132/222
f 8/134/17 9/140/12 210/139/230 206/133/224
f 207/135/225 211/141/231 97/142/93 96/136/99
f 208/137/226 212/143/232 211/141/233 207/135/227
f 209/138/228 213/144/234 212/143/232 208/137/226
f 210/139/229 214/145/235 213/144/234 209/138/228
f 9/140/12 10/146/6 214/145/236 210/139/230
f 211/141/231 215/147/237 98/148/91 97/142/93
f 212/143/232 216/149/238 215/147/239 211/141/233
f 213/144/234 217/150/240 216/149/238 212/143/232
f 214/145/235 218/151/241 217/150/240 213/144/234
f 10/146/6 11/152/4 218/151/242 214/145/236
f 215/147/237 219/153/243 99/154/88 98/148/91
f 216/149/238 220/155/244 219/153/245 215/147/239
f 217/150/240 221/156/246 220/155/244 216/149/238
f 218/151/241 222/157/247 221/156/246 217/150/240
f 11/152/4 12/158/1 222/157/248 218/151/242
f 219/153/243 223/159/249 100/160/89 99/154/88
f 220/155/244 224/161/250 223/159/251 219/153/245
f 221/156/246 225/162/252 224/161/250 220/155/244
f 222/157/247 226/163/253 225/162/252 221/156/246
f 12/158/1 13/164/3 226/163/254 222/157/248
f 223/159/249 227/165/255 101/166/90 100/160/89
f 224/161/250 228/167/256 227/165/257 223/159/251
f 225/162/252 229/168/258 228/167/256 224/161/250
f 226/163/253 230/169/259 229/168/258 225/162/252
f 13/164/3 14/170/2 230/169/260 226/163/254
f 227/165/255 231/171/261 102/172/92 101/166/90
f 228/167/256 232/173/262 231/171/263 227/165/257
f 229/168/258 233/174/264 232/173/262 228/167/256
f 230/169/259 234/175/265 233/174/264 229/168/258
f 14/170/2 15/176/5 234/175/266 230/169/260
f 231/171/261 235/177/267 103/178/94 102/172/92
f 232/173/262 236/179/268 235/177/269 231/171/263
f 233/174/264 237/180/270 236/179/268 232/173/262
f 234/175/265 238/181/271 237/180/270 233/174/264
f 15/176/5 16/182/7 238/181/272 234/175/266
f 235/177/267 239/183/273 104/184/101 103/178/94
f 236/179/268 240/185/274 239/183/275 235/177/269
f 237/180/270 241/186/276 240/185/274 236/179/268
f 238/181/271 242/187/277 241/186/276 237/180/270
f 16/182/7 17/188/14 242/187/278 238/181/272
f 239/183/273 243/189/279 105/190/107 104/184/101
f 240/185/274 244/191/280 243/189/281 239/183/275
f 241/186/276 245/192/282 244/191/280 240/185/274
f 242/187/277 246/193/283 245/192/282 241/186/276
f 17/188/14 18/194/20 246/193/284 242/187/278
f 243/189/279 247/195/285 106/196/111 105/190/107
f 244/191/280 248/197/286 247/195/287 243/189/281
f 245/192/282 249/198/288 248/197/286 244/191/280
f 246/193/283 250/199/289 249/198/288 245/192/282
f 18/194/20 19/200/24 250/199/290 246/193/284
f 247/195/285 251/201/291 107/202/113 106/196/111
f 248/197/286 252/203/292 251/201/293 247/195/287
f 249/198/288 253/204/294 252/203/292 248/197/286
f 250/199/289 254/205/295 253/204/294 249/198/288
f 19/200/24 20/206/26 254/205/296 250/199/290
f 251/201/291 255/207/297 108/208/115 107/202/113
f 252/203/292 256/209/298 255/207/299 251/201/293
f 253/204/294 257/210/300 256/209/298 252/203/292
f 254/205/295 258/211/301 257/210/300 253/204/294
f 20/206/26 21/212/28 258/211/302 254/205/296
f 255/207/297 259/213/303 109/214/116 108/208/115
f 256/209/298 260/215/304 259/213/305 255/207/299
f 257/210/300 261/216/306 260/215/304 256/209/298
f 258/211/301 262/217/307 261/216/306 257/210/300
f 21/212/28 22/218/29 262/217/308 258/211/302
f 259/213/303 263/219/309 110/220/114 109/214/116
f 260/215/304 264/221/310 263/219/311 259/213/305
f 261/216/306 265/222/312 264/221/310 260/215/304
f 262/217/307 266/223/313 265/222/312 261/216/306
f 22/218/29 23/224/27 266/223/314 262/217/308
f 263/219/309 267/225/315 111/226/109 110/220/114
f 264/221/310 268/227/316 267/225/317 263/219/311
f 265/222/312 269/228/318 268/227/316 264/221/310
f 266/223/313 270/229/319 269/228/318 265/222/312
f 23/224/27 24/230/22 270/229/320 266/223/314
f 267/225/315 271/231/321 112/232/105 111/226/109
f 268/227/316 272/233/322 271/231/323 267/225/317
f 269/228/318 273/234/324 272/233/322 268/227/316
f 270/229/319 274/235/325 273/234/324 269/228/318
f 24/230/22 25/236/18 274/235/326 270/229/320
f 271/231/321 275/237/327 113/238/102 112/232/105
f 272/233/322 276/239/328 275/237/329 271/231/323
f 273/234/324 277/240/330 276/239/328 272/233/322
f 274/235/325 278/241/331 277/240/330 273/234/324
f 25/236/18 26/242/15 278/241/332 274/235/326
f 275/237/327 279/243/333 114/244/98 113/238/102
f 276/239/328 280/245/334 279/243/335 275/237/329
f 277/240/330 281/246/336 280/245/334 276/239/328
f 278/241/331 282/247/337 281/246/336 277/240/330
f 26/242/15 27/248/11 282/247/338 278/241/332
f 279/243/333 283/249/339 115/250/95 114/244/98
f 280/245/334 284/251/340 283/249/341 279/243/335
f 281/246/336 285/252/342 284/251/340 280/245/334
f 282/247/337 286/253/343 285/252/342 281/246/336
f 27/248/11 28/254/8 286/253/344 282/247/338
f 283/249/339 287/255/345 116/256/96 115/250/95
f 284/251/340 288/257/346 287/255/347 283/249/341
f 285/252/342 289/258/348 288/257/346 284/251/340
f 286/253/343 290/259/349 289/258/348 285/252/342
f 28/254/8 29/260/10 290/259/350 286/253/344
f 287/255/345 291/261/351 117/262/97 116/256/96
f 288/257/346 292/263/352 291/261/353 287/255/347
f 289/258/348 293/264/354 292/263/352 288/257/346
f 290/259/349 294/265/355 293/264/354 289/258/348
f 29/260/10 30/266/9 294/265/356 290/259/350
f 291/261/351 295/267/357 118/268/100 117/262/97
f 292/263/352 296/269/358 295/267/359 291/261/353
f 293/264/354 297/270/360 296/269/358 292/263/352
f 294/265/355 298/271/361 297/270/360 293/264/354
f 30/266/9 31/272/13 298/271/362 294/265/356
f 295/267/357 299/273/363 119/274/103 118/268/100
f 296/269/358 300/275/364 299/273/365 295/267/359
f 297/270/360 301/276/366 300/275/364 296/269/358
f 298/271/361 302/277/367 301/276/366 297/270/360
f 31/272/13 32/278/16 302/277/368 298/271/362
f 299/273/363 303/279/369 120/280/106 119/274/103
f 300/275/364 304/281/370 303/279/371 299/273/365
f 301/276/366 305/282/372 304/281/370 300/275/364
f 302/277/367 306/283/373 305/282/372 301/276/366
f 32/278/16 33/284/19 306/283/374 302/277/368
f 303/279/369 307/285/375 121/286/110 120/280/106
f 304/281/370 308/287/376 307/285/377 303/279/371
f 305/282/372 309/288/378 308/287/376 304/281/370
f 306/283/373 310/289/379 309/288/378 305/282/372
f 33/284/19 34/290/23 310/289/380 306/283/374
f 307/285/375 311/291/381 122/292/117 121/286/110
f 308/287/376 312/293/382 311/291/383 307/285/377
f 309/288/378 313/294/384 312/293/382 308/287/376
f 310/289/379 314/295/385 313/294/384 309/288/378
f 34/290/23 35/296/30 314/295/386 310/289/380
f 311/291/381 315/297/387 123/298/119 122/292/117
f 312/293/382 316/299/388 315/297/389 311/291/383
f 313/294/384 317/300/390 316/299/388 312/293/382
f 314/295/385 318/301/391 317/300/390 313/294/384
f 35/296/30 36/302/32 318/301/392 314/295/386
f 315/297/387 319/303/393 124/304/120 123/298/119
f 316/299/388 320/305/394 319/303/395 315/297/389
f 317/300/390 321/306/396 320/305/394 316/299/388
f 318/301/391 322/307/397 321/306/396 317/300/390
f 36/302/32 37/308/33 322/307/398 318/301/392
f 319/303/393 323/309/399 125/310/122 124/304/120
f 320/305/394 324/311/400 323/309/401 319/303/395
f 321/306/396 325/312/402 324/311/400 320/305/394
f 322/307/397 326/313/403 325/312/402 321/306/396
f 37/308/33 38/314/35 326/313/404 322/307/398
f 323/309/399 327/315/405 126/316/123 125/310/122
f 324/311/406 328/317/407 327/315/408 323/309/408
f 325/312/409 329/318/410 328/317/407 324/311/406
f 326/313/411 330/319/411 329/318/410 325/312/409
f 38/314/35 39/320/36 330/319/412 326/313/404
f 327/315/405 331/321/413 127/322/144 126/316/123
f 328/317/414 332/323/415 331/321/416 327/315/417
f 329/318/418 333/324/419 332/323/415 328/317/414
f 330/319/420 334/325/421 333/324/419 329/318/418
f 39/320/36 40/326/57 334/325/422 330/319/412
f 331/321/413 335/327/423 128/328/145 127/322/144
f 332/323/415 336/329/424 335/327/425 331/321/416
f 333/324/419 337/330/426 336/329/424 332/323/415
f 334/325/421 338/331/427 337/330/426 333/324/419
f 40/326/57 41/332/58 338/331/428 334/325/422
f 335/327/423 339/333/429 129/334/146 128/328/145
f 336/329/424 340/335/430 339/333/431 335/327/425
f 337/330/426 341/336/432 340/335/430 336/329/424
f 338/331/427 342/337/433 341/336/432 337/330/426
f 41/332/58 42/338/59 342/337/434 338/331/428
f 339/333/429 343/339/435 130/340/148 129/334/146
f 340/335/430 344/341/436 343/339/437 339/333/431
f 341/336/432 345/342/438 344/341/436 340/335/430
f 342/337/433 346/343/439 345/342/438 341/336/432
f 42/338/59 43/344/61 346/343/440 342/337/434
f 343/339/435 347/345/441 131/346/149 130/340/148
f 344/341/436 348/347/442 347/345/443 343/339/437
f 345/342/438 349/348/444 348/347/442 344/341/436
f 346/343/439 350/349/445 349/348/444 345/342/438
f 43/344/61 44/350/62 350/349/446 346/343/440
f 347/345/441 351/351/447 132/352/151 131/346/149
f 348/347/442 352/353/448 351/351/449 347/345/443
f 349/348/444 353/354/450 352/353/448 348/347/442
f 350/349/445 354/355/451 353/354/450 349/348/444
f 44/350/62 45/356/64 354/355/452 350/349/446
f 351/351/447 355/357/453 133/358/152 132/352/151
f 352/353/448 356/359/454 355/357/455 351/351/449
f 353/354/450 357/360/456 356/359/454 352/353/448
f 354/355/451 358/361/457 357/360/456 353/354/450
f 45/356/64 46/362/65 358/361/458 354/355/452
f 355/357/453 359/363/459 134/364/153 133/358/152
f 356/359/454 360/365/460 359/363/461 355/357/455
f 357/360/456 361/366/462 360/365/460 356/359/454
f 358/361/457 362/367/463 361/366/462 357/360/456
f 46/362/65 47/368/66 362/367/464 358/361/458
f 359/363/459 363/369/465 135/370/155 134/364/153
f 360/365/460 364/371/466 363/369/467 359/363/461
f 361/366/462 365/372/468 364/371/466 360/365/460
f 362/367/463 366/373/469 365/372/468 361/366/462
f 47/368/66 48/374/68 366/373/470 362/367/464
f 363/369/465 367/375/471 136/376/157 135/370/155
f 364/371/466 368/377/472 367/375/473 363/369/467
f 365/372/468 369/378/474 368/377/472 364/371/466
f 366/373/469 370/379/475 369/378/474 365/372/468
f 48/374/68 49/380/70 370/379/476 366/373/470
f 367/375/471 371/381/477 137/382/159 136/376/157
f 368/377/472 372/383/478 371/381/479 367/375/473
f 369/378/474 373/384/480 372/383/478 368/377/472
f 370/379/475 374/385/481 373/384/480 369/378/474
f 49/380/70 50/386/72 374/385/482 370/379/476
f 371/381/477 375/387/483 138/388/160 137/382/159
f 372/383/478 376/389/484 375/387/485 371/381/479
f 373/384/480 377/390/486 376/389/484 372/383/478
f 374/385/481 378/391/487 377/390/486 373/384/480
f 50/386/72 51/392/73 378/391/488 374/385/482
f 375/387/483 379/393/489 139/394/156 138/388/160
f 376/389/484 380/395/490 379/393/491 375/387/485
f 377/390/486 381/396/492 380/395/490 376/389/484
f 378/391/487 382/397/493 381/396/492 377/390/486
f 51/392/73 52/398/69 382/397/494 378/391/488
f 379/393/489 383/399/489 140/400/154 139/394/156
f 380/395/495 384/401/496 383/399/497 379/393/497
f 381/396/498 385/402/499 384/401/496 380/395/495
f 382/397/500 386/403/500 385/402/499 381/396/498
f 52/398/69 53/404/67 386/403/494 382/397/494
f 383/399/489 387/405/501 141/406/142 140/400/154
f 384/401/502 388/407/503 387/405/491 383/399/491
f 385/402/504 389/408/505 388/407/503 384/401/502
f 386/403/493 390/409/493 389/408/505 385/402/504
f 53/404/67 54/410/55 390/409/506 386/403/494
f 387/405/501 391/411/501 142/412/134 141/406/142
f 388/407/507 392/413/508 391/411/509 387/405/509
f 389/408/510 393/414/511 392/413/508 388/407/507
f 390/409/512 394/415/512 393/414/511 389/408/510
f 54/410/55 55/416/47 394/415/506 390/409/506
f 391/411/501 395/417/513 143/418/141 142/412/134
f 392/413/514 396/419/515 395/417/516 391/411/491
f 393/414/517 397/420/518 396/419/515 392/413/514
f 394/415/493 398/421/519 397/420/518 393/414/517
f 55/416/47 56/422/54 398/421/520 394/415/506
f 395/417/513 399/423/521 144/424/140 143/418/141
f 396/419/515 400/425/522 399/423/523 395/417/516
f 397/420/518 401/426/524 400/425/522 396/419/515
f 398/421/519 402/427/525 401/426/524 397/420/518
f 56/422/54 57/428/53 402/427/526 398/421/520
f 399/423/521 403/429/527 145/430/139 144/424/140
f 400/425/522 404/431/528 403/429/529 399/423/523
f 401/426/524 405/432/530 404/431/528 400/425/522
f 402/427/525 406/433/531 405/432/530 401/426/524
f 57/428/53 58/434/52 406/433/532 402/427/526
f 403/429/527 407/435/533 146/436/138 145/430/139
f 404/431/528 408/437/534 407/435/535 403/429/529
f 405/432/530 409/438/536 408/437/534 404/431/528
f 406/433/531 410/439/537 409/438/536 405/432/530
f 58/434/52 59/440/51 410/439/538 406/433/532
f 407/435/533 411/441/539 147/442/137 146/436/138
f 408/437/534 412/443/540 411/441/541 407/435/535
f 409/438/536 413/444/542 412/443/540 408/437/534
f 410/439/537 414/445/543 413/444/542 409/438/536
f 59/440/51 60/446/50 414/445/544 410/439/538
f 411/441/539 415/447/545 148/448/136 147/442/137
f 412/443/540 416/449/546 415/447/547 411/441/541
f 413/444/542 417/450/548 416/449/546 412/443/540
f 414/445/543 418/451/549 417/450/548 413/444/542
f 60/446/50 61/452/49 418/451/550 414/445/544
f 415/447/545 419/453/551 149/454/135 148/448/136
f 416/449/546 420/455/552 419/453/553 415/447/547
f 417/450/548 421/456/554 420/455/552 416/449/546
f 418/451/549 422/457/555 421/456/554 417/450/548
f 61/452/49 62/458/48 422/457/556 418/451/550
f 419/453/551 423/459/557 150/460/133 149/454/135
f 420/455/552 424/461/558 423/459/559 419/453/553
f 421/456/554 425/462/560 424/461/558 420/455/552
f 422/457/555 426/463/561 425/462/560 421/456/554
f 62/458/48 63/464/46 426/463/562 422/457/556
f 423/459/557 427/465/563 151/466/132 150/460/133
f 424/461/558 428/467/564 427/465/565 423/459/559
f 425/462/560 429/468/566 428/467/564 424/461/558
f 426/463/561 430/469/567 429/468/566 425/462/560
f 63/464/46 64/470/45 430/469/568 426/463/562
f 427/465/563 431/471/569 152/472/131 151/466/132
f 428/467/564 432/473/570 431/471/571 427/465/565
f 429/468/566 433/474/572 432/473/570 428/467/564
f 430/469/567 434/475/573 433/474/572 429/468/566
f 64/470/45 65/476/44 434/475/574 430/469/568
f 431/471/569 435/477/575 153/478/130 152/472/131
f 432/473/570 436/479/576 435/477/577 431/471/571
f 433/474/572 437/480/578 436/479/576 432/473/570
f 434/475/573 438/481/579 437/480/578 433/474/572
f 65/476/44 66/482/43 438/481/580 434/475/574
f 435/477/575 439/483/581 154/484/129 153/478/130
f 436/479/576 440/485/582 439/483/583 435/477/577
f 437/480/578 441/486/584 440/485/582 436/479/576
f 438/481/579 442/487/585 441/486/584 437/480/578
f 66/482/43 67/488/42 442/487/586 438/481/580
f 439/483/581 443/489/587 155/490/128 154/484/129
f 440/485/582 444/491/588 443/489/589 439/483/583
f 441/486/584 445/492/590 444/491/588 440/485/582
f 442/487/585 446/493/591 445/492/590 441/486/584
f 67/488/42 68/494/41 446/493/592 442/487/586
f 443/489/587 447/495/593 156/496/127 155/490/128
f 444/491/588 448/497/594 447/495/595 443/489/589
f 445/492/590 449/498/596 448/497/594 444/491/588
f 446/493/591 450/499/597 449/498/596 445/492/590
f 68/494/41 69/500/40 450/499/598 446/493/592
f 447/495/593 451/501/599 157/502/143 156/496/127
f 448/497/594 452/503/600 451/501/601 447/495/595
f 449/498/596 453/504/602 452/503/600 448/497/594
f 450/499/597 454/505/603 453/504/602 449/498/596
f 69/500/40 70/506/56 454/505/604 450/499/598
f 451/501/599 455/507/605 158/508/147 157/502/143
f 452/503/600 456/509/606 455/507/607 451/501/601
f 453/504/602 457/510/608 456/509/606 452/503/600
f 454/505/603 458/511/609 457/510/608 453/504/602
f 70/506/56 71/512/60 458/511/610 454/505/604
f 455/507/605 459/513/611 159/514/150 158/508/147
f 456/509/606 460/515/612 459/513/613 455/507/607
f 457/510/608 461/516/614 460/515/612 456/509/606
f 458/511/609 462/517/615 461/516/614 457/510/608
f 71/512/60 72/518/63 462/517/616 458/511/610
f 459/513/611 463/519/617 160/520/158 159/514/150
f 460/515/612 464/521/618 463/519/619 459/513/613
f 461/516/614 465/522/620 464/521/618 460/515/612
f 462/517/615 466/523/621 465/522/620 461/516/614
f 72/518/63 73/524/71 466/523/622 462/517/616
f 463/519/617 467/525/623 161/526/161 160/520/158
f 464/521/618 468/527/624 467/525/625 463/519/619
f 465/522/620 469/528/626 468/527/624 464/521/618
f 466/523/621 470/529/627 469/528/626 465/522/620
f 73/524/71 74/530/74 470/529/628 466/523/622
f 467/525/623 471/531/629 162/532/162 161/526/161
f 468/527/624 472/533/630 471/531/631 467/525/625
f 469/528/626 473/534/632 472/533/630 468/527/624
f 470/529/627 474/535/633 473/534/632 469/528/626
f 74/530/74 75/536/75 474/535/634 470/529/628
f 471/531/629 475/537/635 163/538/163 162/532/162
f 472/533/630 476/539/636 475/537/637 471/531/631
f 473/534/632 477/540/638 476/539/636 472/533/630
f 474/535/633 478/541/639 477/540/638 473/534/632
f 75/536/75 76/542/76 478/541/640 474/535/634
f 475/537/635 479/543/641 164/544/164 163/538/163
f 476/539/636 480/545/642 479/543/643 475/537/637
f 477/540/638 481/546/644 480/545/642 476/539/636
f 478/541/639 482/547/645 481/546/644 477/540/638
f 76/542/76 77/548/77 482/547/646 478/541/640
f 479/543/641 483/549/647 165/550/167 164/544/164
f 480/545/642 484/551/648 483/549/649 479/543/643
f 481/546/644 485/552/650 484/551/648 480/545/642
f 482/547/645 486/553/651 485/552/650 481/546/644
f 77/548/77 78/554/80 486/553/652 482/547/646
f 483/549/647 487/555/653 166/556/170 165/550/167
f 484/551/648 488/557/654 487/555/655 483/549/649
f 485/552/650 489/558/656 488/557/654 484/551/648
f 486/553/651 490/559/657 489/558/656 485/552/650
f 78/554/80 79/560/83 490/559/658 486/553/652
f 487/555/653 491/561/659 167/562/172 166/556/170
f 488/557/654 492/563/660 491/561/661 487/555/655
f 489/558/656 493/564/662 492/563/660 488/557/654
f 490/559/657 494/565/663 493/564/662 489/558/656
f 79/560/83 80/566/85 494/565/664 490/559/658
f 491/561/659 495/567/665 168/568/174 167/562/172
f 492/563/660 496/569/666 495/567/667 491/561/661
f 493/564/662 497/570/668 496/569/666 492/563/660
f 494/565/663 498/571/669 497/570/668 493/564/662
f 80/566/85 81/572/87 498/571/670 494/565/664
f 495/567/665 499/573/671 169/574/173 168/568/174
f 496/569/666 500/575/672 499/573/673 495/567/667
f 497/570/668 501/576/674 500/575/672 496/569/666
f 498/571/669 502/577/675 501/576/674 497/570/668
f 81/572/87 82/578/86 502/577/676 498/571/670
f 499/573/671 503/579/677 170/580/171 169/574/173
f 500/575/672 504/581/678 503/579/679 499/573/673
f 501/576/674 505/582/680 504/581/678 500/575/672
f 502/577/675 506/583/681 505/582/680 501/576/674
f 82/578/86 83/584/84 506/583/682 502/577/676
f 503/579/677 507/585/683 171/586/169 170/580/171
f 504/581/678 508/587/684 507/585/685 503/579/679
f 505/582/680 509/588/686 508/587/684 504/581/678
f 506/583/681 510/589/687 509/588/686 505/582/680
f 83/584/84 84/590/82 510/589/688 506/583/682
f 507/585/683 511/591/689 172/592/168 171/586/169
f 508/587/684 512/593/690 511/591/691 507/585/685
f 509/588/686 513/594/692 512/593/690 508/587/684
f 510/589/687 514/595/693 513/594/692 509/588/686
f 84/590/82 85/596/81 514/595/694 510/589/688
f 511/591/689 515/597/695 173/598/166 172/592/168
f 512/593/690 516/599/696 515/597/697 511/591/691
f 513/594/692 517/600/698 516/599/696 512/593/690
f 514/595/693 518/601/699 517/600/698 513/594/692
f 85/596/81 86/602/79 518/601/700 514/595/694
f 515/597/695 519/603/701 174/604/165 173/598/166
f 516/599/696 520/605/702 519/603/703 515/597/697
f 517/600/698 521/606/704 520/605/702 516/599/696
f 518/601/699 522/607/705 521/606/704 517/600/698
f 86/602/79 87/608/78 522/607/706 518/601/700
f 519/603/701 175/609/175 88/78/126 174/604/165
f 520/605/702 176/610/707 175/609/708 519/603/703
f 521/606/704 177/611/709 176/610/707 520/605/702
f 522/607/705 178/612/710 177/611/709 521/606/704
f 87/608/78 1/613/39 178/612/184 522/607/706
o Butt_plate_|_gold
v -0.269385 -0.022667 0.025000
v -0.269385 0.089359 0.025000
v -0.255000 0.098513 0.025000
v -0.247590 0.095897 0.025000
v -0.247590 -0.039231 0.025000
v -0.261538 -0.033128 0.025000
v -0.269385 -0.022667 -0.025000
v -0.269385 0.089359 -0.025000
v -0.255000 0.098513 -0.025000
v -0.247590 0.095897 -0.025000
v -0.247590 -0.039231 -0.025000
v -0.261538 -0.033128 -0.025000
v -0.272213 -0.023609 -0.023828
v -0.273385 -0.024000 -0.021000
v -0.273385 -0.024000 0.021000
v -0.272213 -0.023609 0.023828
v -0.272213 0.090912 -0.023828
v -0.273385 0.091555 -0.021000
v -0.273385 0.091555 0.021000
v -0.272213 0.090912 0.023828
v -0.255357 0.101638 -0.023828
v -0.255505 0.102933 -0.021000
v -0.255505 0.102933 0.021000
v -0.255357 0.101638 0.023828
v -0.244761 0.097899 -0.023828
v -0.243590 0.098727 -0.021000
v -0.243590 0.098727 0.021000
v -0.244761 0.097899 0.023828
v -0.244761 -0.043555 -0.023828
v -0.243590 -0.045347 -0.021000
v -0.243590 -0.045347 0.021000
v -0.244761 -0.043555 0.023828
v -0.263354 -0.035421 -0.023828
v -0.264107 -0.036371 -0.021000
v -0.264107 -0.036371 0.021000
v -0.263354 -0.035421 0.023828
vn -0.1979 0.1086 0.9742
vn 0.1817 0.1286 0.9749
vn -0.0256 0.2243 0.9742
vn 0.0978 -0.1496 0.9839
vn -0.2109 -0.0703 0.9750
vn -0.1359 -0.1716 0.9758
vn -0.1979 0.1086 -0.9742
vn -0.0256 0.2243 -0.9742
vn 0.1817 0.1286 -0.9749
vn 0.0978 -0.1496 -0.9839
vn -0.2109 -0.0703 -0.9750
vn -0.1359 -0.1716 -0.9758
vn -0.3470 -0.1157 -0.9307
vn -0.2992 0.1642 -0.9400
vn -0.9302 -0.3101 -0.1966
vn -0.9834 -0.0000 -0.1813
vn -0.9239 -0.0000 -0.3827
vn -0.8694 -0.2898 -0.4001
vn -0.9302 -0.3101 0.1966
vn -0.9834 -0.0000 0.1813
vn -0.8694 -0.2898 0.4001
vn -0.9239 -0.0000 0.3827
vn -0.2992 0.1642 0.9400
vn -0.3470 -0.1157 0.9307
vn -0.0396 0.3468 -0.9371
vn -0.5280 0.8297 -0.1813
vn -0.5278 0.8294 -0.1829
vn -0.4960 0.7794 -0.3827
vn -0.5280 0.8297 0.1813
vn -0.5278 0.8294 0.1829
vn -0.4960 0.7794 0.3827
vn -0.0396 0.3468 0.9371
vn 0.2615 0.1850 -0.9473
vn 0.3272 0.9271 -0.1829
vn 0.3276 0.9281 -0.1771
vn 0.3075 0.8712 -0.3827
vn 0.3272 0.9271 0.1829
vn 0.3276 0.9281 0.1771
vn 0.3075 0.8712 0.3827
vn 0.2615 0.1850 0.9473
vn 0.3827 -0.0000 -0.9239
vn 0.9842 -0.0000 -0.1771
vn 0.9878 -0.0000 -0.1554
vn 0.9239 -0.0000 -0.3827
vn 0.9842 -0.0000 0.1771
vn 0.9878 -0.0000 0.1554
vn 0.9239 -0.0000 0.3827
vn 0.3827 -0.0000 0.9239
vn -0.1534 -0.3506 -0.9239
vn -0.2309 -0.2915 -0.9283
vn -0.3959 -0.9050 -0.1554
vn -0.6090 -0.7689 -0.1948
vn -0.5707 -0.7206 -0.3937
vn -0.3703 -0.8464 -0.3827
vn -0.3959 -0.9050 0.1554
vn -0.6090 -0.7689 0.1948
vn -0.3703 -0.8464 0.3827
vn -0.5707 -0.7206 0.3937
vn -0.2309 -0.2915 0.9283
vn -0.1534 -0.3506 0.9239
vt 0.200000 0.000000
vt 0.600000 0.000000
vt 0.400000 0.000000
vt 0.800000 0.000000
vt 0.000000 0.000000
vt 1.000000 0.000000
vt 0.000000 0.200000
vt 0.166667 0.200000
vt 0.166667 0.000000
vt 0.000000 0.400000
vt 0.166667 0.400000
vt 0.000000 0.600000
vt 0.166667 0.600000
vt 0.000000 0.800000
vt 0.166667 0.800000
vt 0.000000 1.000000
vt 0.166667 1.000000
vt 0.333333 0.200000
vt 0.333333 0.000000
vt 0.333333 0.400000
vt 0.333333 0.600000
vt 0.333333 0.800000
vt 0.333333 1.000000
vt 0.500000 0.200000
vt 0.500000 0.000000
vt 0.500000 0.400000
vt 0.500000 0.600000
vt 0.500000 0.800000
vt 0.500000 1.000000
vt 0.666667 0.200000
vt 0.666667 0.000000
vt 0.666667 0.400000
vt 0.666667 0.600000
vt 0.666667 0.800000
vt 0.666667 1.000000
vt 0.833333 0.200000
vt 0.833333 0.000000
vt 0.833333 0.400000
vt 0.833333 0.600000
vt 0.833333 0.800000
vt 0.833333 1.000000
vt 1.000000 0.200000
vt 1.000000 0.400000
vt 1.000000 0.600000
vt 1.000000 0.800000
vt 1.000000 1.000000
s 1
usemtl Gold_|_polished_trim
f 524/614/711 526/615/712 525/616/713
f 524/614/711 527/617/714 526/615/712
f 523/618/715 527/617/714 524/614/711
f 528/619/716 527/617/714 523/618/715
f 530/614/717 531/616/718 532/615/719
f 530/614/717 532/615/719 533/617/720
f 529/618/721 530/614/717 533/617/720
f 534/619/722 529/618/721 533/617/720
f 535/620/723 539/621/724 530/622/717 529/618/721
f 536/623/725 540/624/726 539/621/727 535/620/728
f 537/625/729 541/626/730 540/624/726 536/623/725
f 538/627/731 542/628/732 541/626/730 537/625/729
f 523/629/715 524/630/711 542/628/733 538/627/734
f 539/621/724 543/631/735 531/632/718 530/622/717
f 540/624/736 544/633/737 543/631/738 539/621/738
f 541/626/739 545/634/740 544/633/737 540/624/736
f 542/628/741 546/635/741 545/634/740 541/626/739
f 524/630/711 525/636/713 546/635/742 542/628/733
f 543/631/735 547/637/743 532/638/719 531/632/718
f 544/633/744 548/639/745 547/637/746 543/631/746
f 545/634/747 549/640/748 548/639/745 544/633/744
f 546/635/749 550/641/749 549/640/748 545/634/747
f 525/636/713 526/642/712 550/641/750 546/635/742
f 547/637/743 551/643/751 533/644/720 532/638/719
f 548/639/752 552/645/753 551/643/754 547/637/754
f 549/640/755 553/646/756 552/645/753 548/639/752
f 550/641/757 554/647/757 553/646/756 549/640/755
f 526/642/712 527/648/714 554/647/758 550/641/750
f 551/643/759 555/649/760 534/650/722 533/644/720
f 552/645/761 556/651/762 555/649/763 551/643/764
f 553/646/765 557/652/766 556/651/762 552/645/761
f 554/647/767 558/653/768 557/652/766 553/646/765
f 527/648/714 528/654/716 558/653/769 554/647/770
f 555/649/760 535/655/723 529/619/721 534/650/722
f 556/651/762 536/656/725 535/655/728 555/649/763
f 557/652/766 537/657/729 536/656/725 556/651/762
f 558/653/768 538/658/731 537/657/729 557/652/766
f 528/654/716 523/659/715 538/658/734 558/653/769
o Butt_plate_|_rubber_pad
v -0.272872 -0.018308 0.020000
v -0.272872 0.080641 0.020000
v -0.266769 0.082821 0.020000
v -0.266769 -0.021795 0.020000
v -0.272872 -0.018308 -0.020000
v -0.272872 0.080641 -0.020000
v -0.266769 0.082821 -0.020000
v -0.266769 -0.021795 -0.020000
v -0.274993 -0.019539 -0.019121
v -0.275872 -0.020049 -0.017000
v -0.275872 -0.020049 0.017000
v -0.274993 -0.019539 0.019121
v -0.274993 0.082136 -0.019121
v -0.275872 0.082755 -0.017000
v -0.275872 0.082755 0.017000
v -0.274993 0.082136 0.019121
v -0.264648 0.085831 -0.019121
v -0.263769 0.087078 -0.017000
v -0.263769 0.087078 0.017000
v -0.264648 0.085831 0.019121
v -0.264648 -0.025450 -0.019121
v -0.263769 -0.026964 -0.017000
v -0.263769 -0.026964 0.017000
v -0.264648 -0.025450 0.019121
vn -0.1820 0.1283 0.9749
vn 0.0843 -0.1452 0.9858
vn 0.1066 0.1513 0.9827
vn -0.1950 -0.1132 0.9743
vn -0.1820 0.1283 -0.9749
vn 0.1066 0.1513 -0.9827
vn 0.0843 -0.1452 -0.9858
vn -0.1950 -0.1132 -0.9743
vn -0.2917 -0.1693 -0.9414
vn -0.2621 0.1847 -0.9472
vn -0.9836 -0.0000 -0.1805
vn -0.9842 -0.0000 -0.1772
vn -0.9239 -0.0000 -0.3827
vn -0.9836 -0.0000 0.1805
vn -0.9842 -0.0000 0.1772
vn -0.9239 -0.0000 0.3827
vn -0.2621 0.1847 0.9472
vn -0.2917 -0.1693 0.9414
vn -0.1287 0.3604 -0.9239
vn -0.3310 0.9268 -0.1772
vn -0.3321 0.9299 -0.1583
vn -0.3107 0.8701 -0.3827
vn -0.3310 0.9268 0.1772
vn -0.3321 0.9299 0.1583
vn -0.3107 0.8701 0.3827
vn -0.1287 0.3604 0.9239
vn 0.3827 -0.0000 -0.9239
vn 0.9874 -0.0000 -0.1583
vn 0.9886 -0.0000 -0.1505
vn 0.9239 -0.0000 -0.3827
vn 0.9874 -0.0000 0.1583
vn 0.9886 -0.0000 0.1505
vn 0.9239 -0.0000 0.3827
vn 0.3827 -0.0000 0.9239
vn -0.1899 -0.3323 -0.9239
vn -0.4905 -0.8584 -0.1505
vn -0.4880 -0.8540 -0.1805
vn -0.4584 -0.8022 -0.3827
vn -0.4905 -0.8584 0.1505
vn -0.4880 -0.8540 0.1805
vn -0.4584 -0.8022 0.3827
vn -0.1899 -0.3323 0.9239
vt 0.333333 0.000000
vt 1.000000 0.000000
vt 0.666667 0.000000
vt 0.000000 0.000000
vt 0.000000 0.200000
vt 0.250000 0.200000
vt 0.250000 0.000000
vt 0.000000 0.400000
vt 0.250000 0.400000
vt 0.000000 0.600000
vt 0.250000 0.600000
vt 0.000000 0.800000
vt 0.250000 0.800000
vt 0.000000 1.000000
vt 0.250000 1.000000
vt 0.500000 0.200000
vt 0.500000 0.000000
vt 0.500000 0.400000
vt 0.500000 0.600000
vt 0.500000 0.800000
vt 0.500000 1.000000
vt 0.750000 0.200000
vt 0.750000 0.000000
vt 0.750000 0.400000
vt 0.750000 0.600000
vt 0.750000 0.800000
vt 0.750000 1.000000
vt 1.000000 0.200000
vt 1.000000 0.400000
vt 1.000000 0.600000
vt 1.000000 0.800000
vt 1.000000 1.000000
s 1
usemtl Polymer_|_black
f 560/660/771 562/661/772 561/662/773
f 559/663/774 562/661/772 560/660/771
f 564/660/775 565/662/776 566/661/777
f 563/663/778 564/660/775 566/661/777
f 567/664/779 571/665/780 564/666/775 563/663/778
f 568/667/781 572/668/782 571/665/783 567/664/783
f 569/669/784 573/670/785 572/668/782 568/667/781
f 570/671/786 574/672/786 573/670/785 569/669/784
f 559/673/774 560/674/771 574/672/787 570/671/788
f 571/665/780 575/675/789 565/676/776 564/666/775
f 572/668/790 576/677/791 575/675/792 571/665/792
f 573/670/793 577/678/794 576/677/791 572/668/790
f 574/672/795 578/679/795 577/678/794 573/670/793
f 560/674/771 561/680/773 578/679/796 574/672/787
f 575/675/797 579/681/797 566/682/777 565/676/776
f 576/677/798 580/683/799 579/681/800 575/675/800
f 577/678/801 581/684/802 580/683/799 576/677/798
f 578/679/803 582/685/803 581/684/802 577/678/801
f 561/680/773 562/686/772 582/685/804 578/679/804
f 579/681/805 567/687/779 563/661/778 566/682/777
f 580/683/806 568/688/807 567/687/808 579/681/808
f 581/684/809 569/689/810 568/688/807 580/683/806
f 582/685/811 570/690/811 569/689/810 581/684/809
f 562/686/772 559/691/774 570/690/788 582/685/812
o Front_block_and_sight_fin
v 0.431538 0.024410 0.021000
v 0.431538 0.095897 0.021000
v 0.434154 0.121179 0.021000
v 0.438815 0.120891 0.021000
v 0.443388 0.120700 0.021000
v 0.448139 0.120313 0.021000
v 0.453333 0.119436 0.021000
v 0.459356 0.118010 0.021000
v 0.464589 0.116446 0.021000
v 0.469642 0.114416 0.021000
v 0.475128 0.111590 0.021000
v 0.479207 0.109080 0.021000
v 0.482584 0.106539 0.021000
v 0.485720 0.103691 0.021000
v 0.489077 0.100256 0.021000
v 0.491183 0.097790 0.021000
v 0.492887 0.095400 0.021000
v 0.494429 0.093041 0.021000
v 0.496051 0.090667 0.021000
v 0.496051 0.031385 0.021000
v 0.431538 0.024410 -0.021000
v 0.431538 0.095897 -0.021000
v 0.434154 0.121179 -0.021000
v 0.438815 0.120891 -0.021000
v 0.443388 0.120700 -0.021000
v 0.448139 0.120313 -0.021000
v 0.453333 0.119436 -0.021000
v 0.459356 0.118010 -0.021000
v 0.464589 0.116446 -0.021000
v 0.469642 0.114416 -0.021000
v 0.475128 0.111590 -0.021000
v 0.479207 0.109080 -0.021000
v 0.482584 0.106539 -0.021000
v 0.485720 0.103691 -0.021000
v 0.489077 0.100256 -0.021000
v 0.491183 0.097790 -0.021000
v 0.492887 0.095400 -0.021000
v 0.494429 0.093041 -0.021000
v 0.496051 0.090667 -0.021000
v 0.496051 0.031385 -0.021000
v 0.428003 0.020472 -0.019536
v 0.426538 0.018841 -0.016000
v 0.426538 0.018841 0.016000
v 0.428003 0.020472 0.019536
v 0.428003 0.096080 -0.019536
v 0.426538 0.096155 -0.016000
v 0.426538 0.096155 0.016000
v 0.428003 0.096080 0.019536
v 0.430986 0.124918 -0.019536
v 0.429674 0.126467 -0.016000
v 0.429674 0.126467 0.016000
v 0.430986 0.124918 0.019536
v 0.438999 0.124422 -0.019536
v 0.439074 0.125884 -0.016000
v 0.439074 0.125884 0.016000
v 0.438999 0.124422 0.019536
v 0.443606 0.124229 -0.019536
v 0.443696 0.125691 -0.016000
v 0.443696 0.125691 0.016000
v 0.443606 0.124229 0.019536
v 0.448577 0.123824 -0.019536
v 0.448759 0.125279 -0.016000
v 0.448759 0.125279 0.016000
v 0.448577 0.123824 0.019536
v 0.454036 0.122903 -0.019536
v 0.454327 0.124339 -0.016000
v 0.454327 0.124339 0.016000
v 0.454036 0.122903 0.019536
v 0.460270 0.121426 -0.019536
v 0.460649 0.122842 -0.016000
v 0.460649 0.122842 0.016000
v 0.460270 0.121426 0.019536
v 0.465756 0.119787 -0.019536
v 0.466240 0.121171 -0.016000
v 0.466240 0.121171 0.016000
v 0.465756 0.119787 0.019536
v 0.471114 0.117635 -0.019536
v 0.471723 0.118968 -0.016000
v 0.471723 0.118968 0.016000
v 0.471114 0.117635 0.019536
v 0.476867 0.114671 -0.019536
v 0.477587 0.115948 -0.016000
v 0.477587 0.115948 0.016000
v 0.476867 0.114671 0.019536
v 0.481200 0.112004 -0.019536
v 0.482026 0.113216 -0.016000
v 0.482026 0.113216 0.016000
v 0.481200 0.112004 0.019536
v 0.484840 0.109266 -0.019536
v 0.485774 0.110396 -0.016000
v 0.485774 0.110396 0.016000
v 0.484840 0.109266 0.019536
v 0.488175 0.106237 -0.019536
v 0.489192 0.107292 -0.016000
v 0.489192 0.107292 0.016000
v 0.488175 0.106237 0.019536
v 0.491688 0.102643 -0.019536
v 0.492770 0.103631 -0.016000
v 0.492770 0.103631 0.016000
v 0.491688 0.102643 0.019536
v 0.493972 0.099968 -0.019536
v 0.495128 0.100871 -0.016000
v 0.495128 0.100871 0.016000
v 0.493972 0.099968 0.019536
v 0.495807 0.097394 -0.019536
v 0.497017 0.098220 -0.016000
v 0.497017 0.098220 0.016000
v 0.495807 0.097394 0.019536
v 0.497368 0.095006 -0.019536
v 0.498586 0.095820 -0.016000
v 0.498586 0.095820 0.016000
v 0.497368 0.095006 0.019536
v 0.499587 0.091759 -0.019536
v 0.501051 0.092212 -0.016000
v 0.501051 0.092212 0.016000
v 0.499587 0.091759 0.019536
v 0.499587 0.028211 -0.019536
v 0.501051 0.026896 -0.016000
v 0.501051 0.026896 0.016000
v 0.499587 0.028211 0.019536
vn -0.2007 0.0104 0.9796
vn 0.0100 0.1936 0.9810
vn -0.1368 0.1615 0.9773
vn 0.0121 0.1970 0.9803
vn 0.0248 0.1985 0.9798
vn 0.0395 0.1949 0.9800
vn 0.0513 0.1917 0.9801
vn 0.0661 0.1891 0.9797
vn 0.0834 0.1823 0.9797
vn 0.0980 0.1737 0.9799
vn 0.1129 0.1656 0.9797
vn 0.1277 0.1544 0.9797
vn 0.1378 0.1429 0.9801
vn 0.1469 0.1342 0.9800
vn 0.1577 0.1232 0.9798
vn 0.1631 0.1113 0.9803
vn -0.1357 -0.1511 0.9792
vn 0.1612 0.1077 0.9810
vn 0.2114 0.0653 0.9752
vn 0.1599 -0.1435 0.9767
vn -0.2007 0.0104 -0.9796
vn -0.1368 0.1615 -0.9773
vn 0.0100 0.1936 -0.9810
vn 0.0121 0.1970 -0.9803
vn 0.0248 0.1985 -0.9798
vn 0.0395 0.1949 -0.9800
vn 0.0513 0.1917 -0.9801
vn 0.0661 0.1891 -0.9797
vn 0.0834 0.1823 -0.9797
vn 0.0980 0.1737 -0.9799
vn 0.1129 0.1656 -0.9797
vn 0.1277 0.1544 -0.9797
vn 0.1378 0.1429 -0.9801
vn 0.1469 0.1342 -0.9800
vn 0.1577 0.1232 -0.9798
vn 0.1631 0.1113 -0.9803
vn -0.1357 -0.1511 -0.9792
vn 0.1612 0.1077 -0.9810
vn 0.2114 0.0653 -0.9752
vn 0.1599 -0.1435 -0.9767
vn -0.1782 -0.1984 -0.9638
vn -0.3817 0.0197 -0.9241
vn -0.9861 -0.0000 -0.1663
vn -0.9797 0.0505 -0.1941
vn -0.9225 0.0476 -0.3831
vn -0.9239 -0.0000 -0.3827
vn -0.9861 -0.0000 0.1663
vn -0.9797 0.0505 0.1941
vn -0.9239 -0.0000 0.3827
vn -0.9225 0.0476 0.3831
vn -0.3817 0.0197 0.9241
vn -0.1782 -0.1985 0.9638
vn -0.1851 0.2185 -0.9581
vn -0.9801 0.1014 -0.1704
vn -0.9190 0.0951 -0.3827
vn -0.9801 0.1014 0.1704
vn -0.9190 0.0951 0.3827
vn -0.1851 0.2185 0.9581
vn 0.0198 0.3822 -0.9239
vn 0.0609 0.9835 -0.1704
vn 0.0508 0.9794 -0.1953
vn 0.0478 0.9226 -0.3827
vn 0.0571 0.9221 -0.3827
vn 0.0609 0.9835 0.1704
vn 0.0508 0.9794 0.1953
vn 0.0571 0.9221 0.3827
vn 0.0478 0.9226 0.3827
vn 0.0198 0.3822 0.9239
vn 0.0235 0.3819 -0.9239
vn 0.0603 0.9790 -0.1947
vn 0.0568 0.9221 -0.3827
vn 0.0603 0.9790 0.1947
vn 0.0568 0.9221 0.3827
vn 0.0235 0.3819 0.9239
vn 0.0474 0.3794 -0.9240
vn 0.1216 0.9734 -0.1942
vn 0.1145 0.9166 -0.3830
vn 0.1216 0.9734 0.1942
vn 0.1145 0.9166 0.3830
vn 0.0474 0.3794 0.9240
vn 0.0760 0.3749 -0.9240
vn 0.1948 0.9614 -0.1944
vn 0.1834 0.9054 -0.3829
vn 0.1948 0.9614 0.1944
vn 0.1834 0.9054 0.3829
vn 0.0760 0.3749 0.9240
vn 0.0989 0.3695 -0.9239
vn 0.2535 0.9476 -0.1945
vn 0.2388 0.8924 -0.3828
vn 0.2535 0.9476 0.1945
vn 0.2388 0.8924 0.3828
vn 0.0989 0.3695 0.9239
vn 0.1261 0.3609 -0.9240
vn 0.3236 0.9261 -0.1942
vn 0.3047 0.8720 -0.3830
vn 0.3236 0.9261 0.1942
vn 0.3047 0.8720 0.3830
vn 0.1261 0.3609 0.9240
vn 0.1590 0.3477 -0.9240
vn 0.4079 0.8921 -0.1942
vn 0.3841 0.8401 -0.3830
vn 0.4079 0.8921 0.1942
vn 0.3841 0.8401 0.3830
vn 0.1590 0.3477 0.9240
vn 0.1879 0.3331 -0.9240
vn 0.4820 0.8543 -0.1943
vn 0.4539 0.8046 -0.3829
vn 0.4820 0.8543 0.1943
vn 0.4539 0.8046 0.3829
vn 0.1879 0.3331 0.9240
vn 0.2153 0.3159 -0.9240
vn 0.5525 0.8106 -0.1942
vn 0.5203 0.7633 -0.3830
vn 0.5525 0.8106 0.1942
vn 0.5203 0.7633 0.3830
vn 0.2153 0.3159 0.9240
vn 0.2437 0.2946 -0.9240
vn 0.6253 0.7558 -0.1942
vn 0.5888 0.7117 -0.3830
vn 0.6253 0.7558 0.1942
vn 0.5888 0.7118 0.3830
vn 0.2437 0.2946 0.9240
vn 0.2655 0.2754 -0.9239
vn 0.6808 0.7062 -0.1945
vn 0.6412 0.6651 -0.3828
vn 0.6808 0.7062 0.1945
vn 0.6412 0.6651 0.3828
vn 0.2655 0.2754 0.9239
vn 0.2824 0.2580 -0.9240
vn 0.7241 0.6617 -0.1944
vn 0.6819 0.6232 -0.3829
vn 0.7241 0.6617 0.1944
vn 0.6819 0.6232 0.3829
vn 0.2824 0.2580 0.9240
vn 0.3014 0.2354 -0.9240
vn 0.7731 0.6038 -0.1942
vn 0.7280 0.5686 -0.3830
vn 0.7731 0.6038 0.1942
vn 0.7280 0.5686 0.3830
vn 0.3014 0.2354 0.9240
vn 0.3160 0.2158 -0.9239
vn 0.8101 0.5531 -0.1947
vn 0.7630 0.5209 -0.3828
vn 0.8101 0.5531 0.1947
vn 0.7630 0.5209 0.3828
vn 0.3160 0.2158 0.9239
vn 0.3181 0.2126 -0.9239
vn 0.8154 0.5450 -0.1953
vn 0.7681 0.5134 -0.3827
vn 0.8154 0.5450 0.1953
vn 0.7681 0.5134 0.3827
vn 0.3181 0.2127 0.9239
vn 0.3516 0.1087 -0.9298
vn 0.9369 0.2896 -0.1959
vn 0.8766 0.2709 -0.3978
vn 0.9369 0.2896 0.1959
vn 0.8766 0.2709 0.3978
vn 0.3516 0.1087 0.9298
vn 0.2192 -0.1968 -0.9556
vn 0.9851 -0.0000 -0.1721
vn 0.9239 -0.0000 -0.3827
vn 0.9851 -0.0000 0.1721
vn 0.9239 -0.0000 0.3827
vn 0.2192 -0.1968 0.9556
vn 0.1059 -0.9794 -0.1721
vn 0.1060 -0.9804 -0.1663
vn 0.0993 -0.9185 -0.3827
vn 0.1059 -0.9794 0.1721
vn 0.1060 -0.9804 0.1663
vn 0.0993 -0.9185 0.3827
vt 0.052632 0.000000
vt 0.157895 0.000000
vt 0.105263 0.000000
vt 0.210526 0.000000
vt 0.263158 0.000000
vt 0.315789 0.000000
vt 0.368421 0.000000
vt 0.421053 0.000000
vt 0.473684 0.000000
vt 0.526316 0.000000
vt 0.578947 0.000000
vt 0.631579 0.000000
vt 0.684211 0.000000
vt 0.736842 0.000000
vt 0.789474 0.000000
vt 0.842105 0.000000
vt 0.000000 0.000000
vt 0.894737 0.000000
vt 0.947368 0.000000
vt 1.000000 0.000000
vt 0.000000 0.200000
vt 0.050000 0.200000
vt 0.050000 0.000000
vt 0.000000 0.400000
vt 0.050000 0.400000
vt 0.000000 0.600000
vt 0.050000 0.600000
vt 0.000000 0.800000
vt 0.050000 0.800000
vt 0.000000 1.000000
vt 0.050000 1.000000
vt 0.100000 0.200000
vt 0.100000 0.000000
vt 0.100000 0.400000
vt 0.100000 0.600000
vt 0.100000 0.800000
vt 0.100000 1.000000
vt 0.150000 0.200000
vt 0.150000 0.000000
vt 0.150000 0.400000
vt 0.150000 0.600000
vt 0.150000 0.800000
vt 0.150000 1.000000
vt 0.200000 0.200000
vt 0.200000 0.000000
vt 0.200000 0.400000
vt 0.200000 0.600000
vt 0.200000 0.800000
vt 0.200000 1.000000
vt 0.250000 0.200000
vt 0.250000 0.000000
vt 0.250000 0.400000
vt 0.250000 0.600000
vt 0.250000 0.800000
vt 0.250000 1.000000
vt 0.300000 0.200000
vt 0.300000 0.000000
vt 0.300000 0.400000
vt 0.300000 0.600000
vt 0.300000 0.800000
vt 0.300000 1.000000
vt 0.350000 0.200000
vt 0.350000 0.000000
vt 0.350000 0.400000
vt 0.350000 0.600000
vt 0.350000 0.800000
vt 0.350000 1.000000
vt 0.400000 0.200000
vt 0.400000 0.000000
vt 0.400000 0.400000
vt 0.400000 0.600000
vt 0.400000 0.800000
vt 0.400000 1.000000
vt 0.450000 0.200000
vt 0.450000 0.000000
vt 0.450000 0.400000
vt 0.450000 0.600000
vt 0.450000 0.800000
vt 0.450000 1.000000
vt 0.500000 0.200000
vt 0.500000 0.000000
vt 0.500000 0.400000
vt 0.500000 0.600000
vt 0.500000 0.800000
vt 0.500000 1.000000
vt 0.550000 0.200000
vt 0.550000 0.000000
vt 0.550000 0.400000
vt 0.550000 0.600000
vt 0.550000 0.800000
vt 0.550000 1.000000
vt 0.600000 0.200000
vt 0.600000 0.000000
vt 0.600000 0.400000
vt 0.600000 0.600000
vt 0.600000 0.800000
vt 0.600000 1.000000
vt 0.650000 0.200000
vt 0.650000 0.000000
vt 0.650000 0.400000
vt 0.650000 0.600000
vt 0.650000 0.800000
vt 0.650000 1.000000
vt 0.700000 0.200000
vt 0.700000 0.000000
vt 0.700000 0.400000
vt 0.700000 0.600000
vt 0.700000 0.800000
vt 0.700000 1.000000
vt 0.750000 0.200000
vt 0.750000 0.000000
vt 0.750000 0.400000
vt 0.750000 0.600000
vt 0.750000 0.800000
vt 0.750000 1.000000
vt 0.800000 0.200000
vt 0.800000 0.000000
vt 0.800000 0.400000
vt 0.800000 0.600000
vt 0.800000 0.800000
vt 0.800000 1.000000
vt 0.850000 0.200000
vt 0.850000 0.000000
vt 0.850000 0.400000
vt 0.850000 0.600000
vt 0.850000 0.800000
vt 0.850000 1.000000
vt 0.900000 0.200000
vt 0.900000 0.000000
vt 0.900000 0.400000
vt 0.900000 0.600000
vt 0.900000 0.800000
vt 0.900000 1.000000
vt 0.950000 0.200000
vt 0.950000 0.000000
vt 0.950000 0.400000
vt 0.950000 0.600000
vt 0.950000 0.800000
vt 0.950000 1.000000
vt 1.000000 0.200000
vt 1.000000 0.400000
vt 1.000000 0.600000
vt 1.000000 0.800000
vt 1.000000 1.000000
s 1
usemtl Enamel_|_ivory
f 584/692/813 586/693/814 585/694/815
f 584/692/813 587/695/816 586/693/814
f 584/692/813 588/696/817 587/695/816
f 584/692/813 589/697/818 588/696/817
f 584/692/813 590/698/819 589/697/818
f 584/692/813 591/699/820 590/698/819
f 584/692/813 592/700/821 591/699/820
f 584/692/813 593/701/822 592/700/821
f 584/692/813 594/702/823 593/701/822
f 584/692/813 595/703/824 594/702/823
f 584/692/813 596/704/825 595/703/824
f 584/692/813 597/705/826 596/704/825
f 584/692/813 598/706/827 597/705/826
f 584/692/813 599/707/828 598/706/827
f 583/708/829 599/707/828 584/692/813
f 583/708/829 600/709/830 599/707/828
f 583/708/829 601/710/831 600/709/830
f 583/708/829 602/711/832 601/710/831
f 604/692/833 605/694/834 606/693/835
f 604/692/833 606/693/835 607/695/836
f 604/692/833 607/695/836 608/696/837
f 604/692/833 608/696/837 609/697/838
f 604/692/833 609/697/838 610/698/839
f 604/692/833 610/698/839 611/699/840
f 604/692/833 611/699/840 612/700/841
f 604/692/833 612/700/841 613/701/842
f 604/692/833 613/701/842 614/702/843
f 604/692/833 614/702/843 615/703/844
f 604/692/833 615/703/844 616/704/845
f 604/692/833 616/704/845 617/705/846
f 604/692/833 617/705/846 618/706/847
f 604/692/833 618/706/847 619/707/848
f 603/708/849 604/692/833 619/707/848
f 603/708/849 619/707/848 620/709/850
f 603/708/849 620/709/850 621/710/851
f 603/708/849 621/710/851 622/711/852
f 623/712/853 627/713/854 604/714/833 603/708/849
f 624/715/855 628/716/856 627/713/857 623/712/858
f 625/717/859 629/718/860 628/716/856 624/715/855
f 626/719/861 630/720/862 629/718/860 625/717/859
f 583/721/829 584/722/813 630/720/863 626/719/864
f 627/713/854 631/723/865 605/724/834 604/714/833
f 628/716/856 632/725/866 631/723/867 627/713/857
f 629/718/860 633/726/868 632/725/866 628/716/856
f 630/720/862 634/727/869 633/726/868 629/718/860
f 584/722/813 585/728/815 634/727/870 630/720/863
f 631/723/865 635/729/871 606/730/835 605/724/834
f 632/725/872 636/731/873 635/729/874 631/723/875
f 633/726/876 637/732/877 636/731/873 632/725/872
f 634/727/878 638/733/879 637/732/877 633/726/876
f 585/728/815 586/734/814 638/733/880 634/727/870
f 635/729/871 639/735/881 607/736/836 606/730/835
f 636/731/873 640/737/882 639/735/883 635/729/874
f 637/732/877 641/738/884 640/737/882 636/731/873
f 638/733/879 642/739/885 641/738/884 637/732/877
f 586/734/814 587/740/816 642/739/886 638/733/880
f 639/735/881 643/741/887 608/742/837 607/736/836
f 640/737/882 644/743/888 643/741/889 639/735/883
f 641/738/884 645/744/890 644/743/888 640/737/882
f 642/739/885 646/745/891 645/744/890 641/738/884
f 587/740/816 588/746/817 646/745/892 642/739/886
f 643/741/887 647/747/893 609/748/838 608/742/837
f 644/743/888 648/749/894 647/747/895 643/741/889
f 645/744/890 649/750/896 648/749/894 644/743/888
f 646/745/891 650/751/897 649/750/896 645/744/890
f 588/746/817 589/752/818 650/751/898 646/745/892
f 647/747/893 651/753/899 610/754/839 609/748/838
f 648/749/894 652/755/900 651/753/901 647/747/895
f 649/750/896 653/756/902 652/755/900 648/749/894
f 650/751/897 654/757/903 653/756/902 649/750/896
f 589/752/818 590/758/819 654/757/904 650/751/898
f 651/753/899 655/759/905 611/760/840 610/754/839
f 652/755/900 656/761/906 655/759/907 651/753/901
f 653/756/902 657/762/908 656/761/906 652/755/900
f 654/757/903 658/763/909 657/762/908 653/756/902
f 590/758/819 591/764/820 658/763/910 654/757/904
f 655/759/905 659/765/911 612/766/841 611/760/840
f 656/761/906 660/767/912 659/765/913 655/759/907
f 657/762/908 661/768/914 660/767/912 656/761/906
f 658/763/909 662/769/915 661/768/914 657/762/908
f 591/764/820 592/770/821 662/769/916 658/763/910
f 659/765/911 663/771/917 613/772/842 612/766/841
f 660/767/912 664/773/918 663/771/919 659/765/913
f 661/768/914 665/774/920 664/773/918 660/767/912
f 662/769/915 666/775/921 665/774/920 661/768/914
f 592/770/821 593/776/822 666/775/922 662/769/916
f 663/771/917 667/777/923 614/778/843 613/772/842
f 664/773/918 668/779/924 667/777/925 663/771/919
f 665/774/920 669/780/926 668/779/924 664/773/918
f 666/775/921 670/781/927 669/780/926 665/774/920
f 593/776/822 594/782/823 670/781/928 666/775/922
f 667/777/923 671/783/929 615/784/844 614/778/843
f 668/779/924 672/785/930 671/783/931 667/777/925
f 669/780/926 673/786/932 672/785/930 668/779/924
f 670/781/927 674/787/933 673/786/932 669/780/926
f 594/782/823 595/788/824 674/787/934 670/781/928
f 671/783/929 675/789/935 616/790/845 615/784/844
f 672/785/930 676/791/936 675/789/937 671/783/931
f 673/786/932 677/792/938 676/791/936 672/785/930
f 674/787/933 678/793/939 677/792/938 673/786/932
f 595/788/824 596/794/825 678/793/940 674/787/934
f 675/789/935 679/795/941 617/796/846 616/790/845
f 676/791/936 680/797/942 679/795/943 675/789/937
f 677/792/938 681/798/944 680/797/942 676/791/936
f 678/793/939 682/799/945 681/798/944 677/792/938
f 596/794/825 597/800/826 682/799/946 678/793/940
f 679/795/941 683/801/947 618/802/847 617/796/846
f 680/797/942 684/803/948 683/801/949 679/795/943
f 681/798/944 685/804/950 684/803/948 680/797/942
f 682/799/945 686/805/951 685/804/950 681/798/944
f 597/800/826 598/806/827 686/805/952 682/799/946
f 683/801/947 687/807/953 619/808/848 618/802/847
f 684/803/948 688/809/954 687/807/955 683/801/949
f 685/804/950 689/810/956 688/809/954 684/803/948
f 686/805/951 690/811/957 689/810/956 685/804/950
f 598/806/827 599/812/828 690/811/958 686/805/952
f 687/807/953 691/813/959 620/814/850 619/808/848
f 688/809/954 692/815/960 691/813/961 687/807/955
f 689/810/956 693/816/962 692/815/960 688/809/954
f 690/811/957 694/817/963 693/816/962 689/810/956
f 599/812/828 600/818/830 694/817/964 690/811/958
f 691/813/959 695/819/965 621/820/851 620/814/850
f 692/815/960 696/821/966 695/819/967 691/813/961
f 693/816/962 697/822/968 696/821/966 692/815/960
f 694/817/963 698/823/969 697/822/968 693/816/962
f 600/818/830 601/824/831 698/823/970 694/817/964
f 695/819/965 699/825/971 622/826/852 621/820/851
f 696/821/966 700/827/972 699/825/973 695/819/967
f 697/822/968 701/828/974 700/827/972 696/821/966
f 698/823/969 702/829/975 701/828/974 697/822/968
f 601/824/831 602/830/832 702/829/976 698/823/970
f 699/825/971 623/831/853 603/711/849 622/826/852
f 700/827/977 624/832/978 623/831/979 699/825/979
f 701/828/980 625/833/981 624/832/978 700/827/977
f 702/829/982 626/834/982 625/833/981 701/828/980
f 602/830/832 583/835/829 626/834/864 702/829/976
o Carry_handle
v -0.052308 0.100256 0.014000
v -0.061026 0.100256 0.014000
v -0.054771 0.107706 0.014000
v -0.048704 0.115035 0.014000
v -0.042260 0.122604 0.014000
v -0.034872 0.130769 0.014000
v -0.026325 0.140732 0.014000
v -0.018929 0.149768 0.014000
v -0.010787 0.157805 0.014000
v 0.000000 0.164769 0.014000
v 0.005442 0.166931 0.014000
v 0.010554 0.167922 0.014000
v 0.015837 0.168208 0.014000
v 0.021795 0.168256 0.014000
v 0.032329 0.168029 0.014000
v 0.041569 0.167064 0.014000
v 0.050728 0.165387 0.014000
v 0.061026 0.163026 0.014000
v 0.063459 0.162338 0.014000
v 0.065610 0.161567 0.014000
v 0.067649 0.160762 0.014000
v 0.069744 0.159974 0.014000
v 0.096116 0.156094 0.014000
v 0.121907 0.152314 0.014000
v 0.148860 0.148333 0.014000
v 0.178718 0.143846 0.014000
v 0.212989 0.139445 0.014000
v 0.245434 0.135818 0.014000
v 0.273944 0.131628 0.014000
v 0.296410 0.125538 0.014000
v 0.300197 0.124222 0.014000
v 0.303703 0.122870 0.014000
v 0.306397 0.120891 0.014000
v 0.307744 0.117692 0.014000
v 0.307264 0.115415 0.014000
v 0.305622 0.113730 0.014000
v 0.303515 0.112284 0.014000
v 0.301641 0.110718 0.014000
v 0.265897 0.119436 0.014000
v 0.215638 0.126534 0.014000
v 0.162385 0.134876 0.014000
v 0.115119 0.140729 0.014000
v 0.082821 0.140359 0.014000
v 0.078935 0.138969 0.014000
v 0.075735 0.136944 0.014000
v 0.072808 0.134665 0.014000
v 0.069744 0.132513 0.014000
v 0.078462 0.112026 0.014000
v -0.052308 0.100256 -0.014000
v -0.061026 0.100256 -0.014000
v -0.054771 0.107706 -0.014000
v -0.048704 0.115035 -0.014000
v -0.042260 0.122604 -0.014000
v -0.034872 0.130769 -0.014000
v -0.026325 0.140732 -0.014000
v -0.018929 0.149768 -0.014000
v -0.010787 0.157805 -0.014000
v 0.000000 0.164769 -0.014000
v 0.005442 0.166931 -0.014000
v 0.010554 0.167922 -0.014000
v 0.015837 0.168208 -0.014000
v 0.021795 0.168256 -0.014000
v 0.032329 0.168029 -0.014000
v 0.041569 0.167064 -0.014000
v 0.050728 0.165387 -0.014000
v 0.061026 0.163026 -0.014000
v 0.063459 0.162338 -0.014000
v 0.065610 0.161567 -0.014000
v 0.067649 0.160762 -0.014000
v 0.069744 0.159974 -0.014000
v 0.096116 0.156094 -0.014000
v 0.121907 0.152314 -0.014000
v 0.148860 0.148333 -0.014000
v 0.178718 0.143846 -0.014000
v 0.212989 0.139445 -0.014000
v 0.245434 0.135818 -0.014000
v 0.273944 0.131628 -0.014000
v 0.296410 0.125538 -0.014000
v 0.300197 0.124222 -0.014000
v 0.303703 0.122870 -0.014000
v 0.306397 0.120891 -0.014000
v 0.307744 0.117692 -0.014000
v 0.307264 0.115415 -0.014000
v 0.305622 0.113730 -0.014000
v 0.303515 0.112284 -0.014000
v 0.301641 0.110718 -0.014000
v 0.265897 0.119436 -0.014000
v 0.215638 0.126534 -0.014000
v 0.162385 0.134876 -0.014000
v 0.115119 0.140729 -0.014000
v 0.082821 0.140359 -0.014000
v 0.078935 0.138969 -0.014000
v 0.075735 0.136944 -0.014000
v 0.072808 0.134665 -0.014000
v 0.069744 0.132513 -0.014000
v 0.078462 0.112026 -0.014000
v -0.052266 0.097428 -0.012828
v -0.052249 0.096256 -0.010000
v -0.052249 0.096256 0.010000
v -0.052266 0.097428 0.012828
v -0.067094 0.097428 -0.012828
v -0.069608 0.096256 -0.010000
v -0.069608 0.096256 0.010000
v -0.067094 0.097428 0.012828
v -0.056943 0.109517 -0.012828
v -0.057843 0.110267 -0.010000
v -0.057843 0.110267 0.010000
v -0.056943 0.109517 0.012828
v -0.050871 0.116854 -0.012828
v -0.051768 0.117607 -0.010000
v -0.051768 0.117607 0.010000
v -0.050871 0.116854 0.012828
v -0.044386 0.124470 -0.012828
v -0.045267 0.125243 -0.010000
v -0.045267 0.125243 0.010000
v -0.044386 0.124470 0.012828
v -0.036994 0.132639 -0.012828
v -0.037873 0.133414 -0.010000
v -0.037873 0.133414 0.010000
v -0.036994 0.132639 0.012828
v -0.028493 0.142549 -0.012828
v -0.029391 0.143301 -0.010000
v -0.029391 0.143301 0.010000
v -0.028493 0.142549 0.012828
v -0.021023 0.151676 -0.012828
v -0.021890 0.152466 -0.010000
v -0.021890 0.152466 0.010000
v -0.021023 0.151676 0.012828
v -0.012566 0.160023 -0.012828
v -0.013303 0.160942 -0.010000
v -0.013303 0.160942 0.010000
v -0.012566 0.160023 0.012828
v -0.001301 0.167296 -0.012828
v -0.001841 0.168342 -0.010000
v -0.001841 0.168342 0.010000
v -0.001301 0.167296 0.012828
v 0.004644 0.169657 -0.012828
v 0.004313 0.170786 -0.010000
v 0.004313 0.170786 0.010000
v 0.004644 0.169657 0.012828
v 0.010206 0.170735 -0.012828
v 0.010062 0.171901 -0.010000
v 0.010062 0.171901 0.010000
v 0.010206 0.170735 0.012828
v 0.015749 0.171036 -0.012828
v 0.015713 0.172207 -0.010000
v 0.015713 0.172207 0.010000
v 0.015749 0.171036 0.012828
v 0.021814 0.171085 -0.012828
v 0.021822 0.172257 -0.010000
v 0.021822 0.172257 0.010000
v 0.021814 0.171085 0.012828
v 0.032507 0.170855 -0.012828
v 0.032581 0.172025 -0.010000
v 0.032581 0.172025 0.010000
v 0.032507 0.170855 0.012828
v 0.041971 0.169865 -0.012828
v 0.042137 0.171026 -0.010000
v 0.042137 0.171026 0.010000
v 0.041971 0.169865 0.012828
v 0.051299 0.168158 -0.012828
v 0.051536 0.169305 -0.010000
v 0.051536 0.169305 0.010000
v 0.051299 0.168158 0.012828
v 0.061727 0.165767 -0.012828
v 0.062017 0.166902 -0.010000
v 0.062017 0.166902 0.010000
v 0.061727 0.165767 0.012828
v 0.064322 0.165034 -0.012828
v 0.064679 0.166150 -0.010000
v 0.064679 0.166150 0.010000
v 0.064322 0.165034 0.012828
v 0.066607 0.164214 -0.012828
v 0.067020 0.165311 -0.010000
v 0.067020 0.165311 0.010000
v 0.066607 0.164214 0.012828
v 0.068666 0.163402 -0.012828
v 0.069087 0.164495 -0.010000
v 0.069087 0.164495 0.010000
v 0.068666 0.163402 0.012828
v 0.070455 0.162728 -0.012828
v 0.070750 0.163869 -0.010000
v 0.070750 0.163869 0.010000
v 0.070455 0.162728 0.012828
v 0.096527 0.158892 -0.012828
v 0.096697 0.160051 -0.010000
v 0.096697 0.160051 0.010000
v 0.096527 0.158892 0.012828
v 0.122319 0.155113 -0.012828
v 0.122489 0.156272 -0.010000
v 0.122489 0.156272 0.010000
v 0.122319 0.155113 0.012828
v 0.149277 0.151130 -0.012828
v 0.149450 0.152289 -0.010000
v 0.149450 0.152289 0.010000
v 0.149277 0.151130 0.012828
v 0.179108 0.146648 -0.012828
v 0.179270 0.147808 -0.010000
v 0.179270 0.147808 0.010000
v 0.179108 0.146648 0.012828
v 0.213326 0.142253 -0.012828
v 0.213466 0.143417 -0.010000
v 0.213466 0.143417 0.010000
v 0.213326 0.142253 0.012828
v 0.245797 0.138623 -0.012828
v 0.245947 0.139785 -0.010000
v 0.245947 0.139785 0.010000
v 0.245797 0.138623 0.012828
v 0.274521 0.134402 -0.012828
v 0.274761 0.135551 -0.010000
v 0.274761 0.135551 0.010000
v 0.274521 0.134402 0.012828
v 0.297246 0.128242 -0.012828
v 0.297592 0.129363 -0.010000
v 0.297592 0.129363 0.010000
v 0.297246 0.128242 0.012828
v 0.301170 0.126878 -0.012828
v 0.301573 0.127978 -0.010000
v 0.301573 0.127978 0.010000
v 0.301170 0.126878 0.012828
v 0.305073 0.125373 -0.012828
v 0.305641 0.126410 -0.010000
v 0.305641 0.126410 0.010000
v 0.305073 0.125373 0.012828
v 0.308700 0.122708 -0.012828
v 0.309655 0.123461 -0.010000
v 0.309655 0.123461 0.010000
v 0.308700 0.122708 0.012828
v 0.310694 0.117975 -0.012828
v 0.311916 0.118092 -0.010000
v 0.311916 0.118092 0.010000
v 0.310694 0.117975 0.012828
v 0.309862 0.114028 -0.012828
v 0.310938 0.113454 -0.010000
v 0.310938 0.113454 0.010000
v 0.309862 0.114028 0.012828
v 0.307453 0.111557 -0.012828
v 0.308211 0.110656 -0.010000
v 0.308211 0.110656 0.010000
v 0.307453 0.111557 0.012828
v 0.305226 0.110027 -0.012828
v 0.305935 0.109093 -0.010000
v 0.305935 0.109093 0.010000
v 0.305226 0.110027 0.012828
v 0.302703 0.107920 -0.012828
v 0.303143 0.106761 -0.010000
v 0.303143 0.106761 0.010000
v 0.302703 0.107920 0.012828
v 0.234435 0.121023 -0.012828
v 0.221402 0.121680 -0.010000
v 0.221402 0.121680 0.010000
v 0.234435 0.121023 0.012828
v 0.215221 0.123736 -0.012828
v 0.215049 0.122577 -0.010000
v 0.215049 0.122577 0.010000
v 0.215221 0.123736 0.012828
v 0.161992 0.132075 -0.012828
v 0.161829 0.130914 -0.010000
v 0.161829 0.130914 0.010000
v 0.161992 0.132075 0.012828
v 0.114960 0.137899 -0.012828
v 0.114895 0.136726 -0.010000
v 0.114895 0.136726 0.010000
v 0.114960 0.137899 0.012828
v 0.083327 0.137536 -0.012828
v 0.083537 0.136367 -0.010000
v 0.083537 0.136367 0.010000
v 0.083327 0.137536 0.012828
v 0.080183 0.136411 -0.012828
v 0.080700 0.135352 -0.010000
v 0.080700 0.135352 0.010000
v 0.080183 0.136411 0.012828
v 0.077363 0.134628 -0.012828
v 0.078038 0.133668 -0.010000
v 0.078038 0.133668 0.010000
v 0.077363 0.134628 0.012828
v 0.074490 0.132390 -0.012828
v 0.075187 0.131448 -0.010000
v 0.075187 0.131448 0.010000
v 0.074490 0.132390 0.012828
v 0.073242 0.131514 -0.012828
v 0.074692 0.131100 -0.010000
v 0.074692 0.131100 0.010000
v 0.073242 0.131514 0.012828
v 0.080300 0.114929 -0.012828
v 0.081061 0.116132 -0.010000
v 0.081061 0.116132 0.010000
v 0.080300 0.114929 0.012828
vn -0.0062 0.1977 0.9802
vn 0.0126 0.1995 0.9798
vn 0.0013 0.1968 0.9804
vn -0.0249 0.2013 0.9792
vn 0.0284 0.1975 0.9799
vn -0.0577 0.1971 0.9787
vn 0.0399 0.1936 0.9803
vn -0.0943 0.1830 0.9786
vn 0.0491 0.1918 0.9802
vn -0.1291 0.1610 0.9785
vn 0.0607 0.1896 0.9800
vn 0.0694 0.1843 0.9804
vn 0.0698 0.1811 0.9810
vn 0.0454 0.1756 0.9834
vn 0.0283 0.1930 0.9808
vn -0.1487 0.1355 0.9796
vn 0.0284 0.1931 0.9808
vn 0.0288 0.1931 0.9808
vn -0.1485 0.1244 0.9811
vn 0.0267 0.1919 0.9810
vn -0.0104 -0.1864 0.9824
vn 0.0231 0.1927 0.9810
vn -0.1452 0.1279 0.9811
vn 0.0305 -0.1702 0.9849
vn -0.0268 -0.1913 0.9812
vn 0.0793 -0.1626 0.9835
vn 0.0253 0.1955 0.9804
vn 0.1087 -0.1547 0.9820
vn 0.1177 -0.1592 0.9802
vn 0.0411 0.1976 0.9794
vn -0.0289 -0.1938 0.9806
vn 0.0851 -0.0243 0.9961
vn 0.0542 0.0856 0.9948
vn 0.0588 0.1903 0.9800
vn -0.1480 0.1299 0.9804
vn -0.0011 0.0001 1.0000
vn 0.0678 0.1850 0.9804
vn 0.1005 0.1835 0.9779
vn 0.1724 0.1360 0.9756
vn -0.1501 0.1260 0.9806
vn 0.2204 0.0211 0.9752
vn 0.1944 -0.1037 0.9754
vn 0.1326 -0.1575 0.9786
vn -0.1495 0.1246 0.9809
vn 0.1144 -0.1508 0.9819
vn 0.0791 -0.2083 0.9749
vn 0.0029 -0.1968 0.9804
vn -0.1333 -0.0621 0.9891
vn -0.0062 0.1977 -0.9802
vn 0.0013 0.1968 -0.9804
vn 0.0126 0.1995 -0.9798
vn -0.0249 0.2013 -0.9792
vn 0.0284 0.1975 -0.9799
vn -0.0577 0.1971 -0.9787
vn 0.0399 0.1936 -0.9803
vn -0.0943 0.1830 -0.9786
vn 0.0491 0.1918 -0.9802
vn -0.1291 0.1610 -0.9785
vn 0.0607 0.1896 -0.9800
vn 0.0694 0.1843 -0.9804
vn 0.0698 0.1811 -0.9810
vn 0.0454 0.1756 -0.9834
vn 0.0283 0.1930 -0.9808
vn -0.1487 0.1355 -0.9796
vn 0.0284 0.1931 -0.9808
vn 0.0288 0.1931 -0.9808
vn -0.1485 0.1244 -0.9811
vn 0.0267 0.1919 -0.9810
vn -0.0104 -0.1864 -0.9824
vn 0.0231 0.1927 -0.9810
vn -0.1452 0.1279 -0.9811
vn 0.0305 -0.1702 -0.9849
vn -0.0268 -0.1913 -0.9812
vn 0.0793 -0.1626 -0.9835
vn 0.0253 0.1955 -0.9804
vn 0.1087 -0.1547 -0.9820
vn 0.1177 -0.1592 -0.9802
vn 0.0411 0.1976 -0.9794
vn -0.0289 -0.1938 -0.9806
vn 0.0851 -0.0243 -0.9961
vn 0.0542 0.0856 -0.9949
vn 0.0588 0.1903 -0.9800
vn -0.1480 0.1299 -0.9804
vn -0.0011 0.0001 -1.0000
vn 0.0678 0.1850 -0.9804
vn 0.1005 0.1835 -0.9779
vn 0.1724 0.1360 -0.9756
vn -0.1501 0.1260 -0.9806
vn 0.2204 0.0211 -0.9752
vn 0.1944 -0.1037 -0.9754
vn 0.1326 -0.1575 -0.9786
vn -0.1495 0.1246 -0.9809
vn 0.1144 -0.1508 -0.9819
vn 0.0791 -0.2083 -0.9749
vn 0.0029 -0.1968 -0.9804
vn -0.1333 -0.0621 -0.9891
vn 0.0057 -0.3826 -0.9239
vn -0.0000 -0.3827 -0.9239
vn 0.0145 -0.9807 -0.1948
vn -0.0000 -0.9901 -0.1402
vn -0.0000 -0.9239 -0.3827
vn 0.0136 -0.9238 -0.3827
vn 0.0145 -0.9807 0.1948
vn -0.0000 -0.9901 0.1402
vn 0.0136 -0.9238 0.3827
vn -0.0000 -0.9239 0.3827
vn -0.0000 -0.3827 0.9239
vn 0.0057 -0.3826 0.9239
vn -0.2931 0.2461 -0.9239
vn -0.2939 0.2450 -0.9239
vn -0.7582 0.6367 -0.1402
vn -0.7533 0.6280 -0.1952
vn -0.7096 0.5916 -0.3827
vn -0.7075 0.5941 -0.3827
vn -0.7582 0.6367 0.1402
vn -0.7533 0.6280 0.1952
vn -0.7075 0.5941 0.3827
vn -0.7096 0.5916 0.3827
vn -0.2939 0.2450 0.9239
vn -0.2931 0.2461 0.9239
vn -0.2931 0.2460 -0.9239
vn -0.7512 0.6306 -0.1949
vn -0.7076 0.5940 -0.3827
vn -0.7512 0.6306 0.1949
vn -0.7076 0.5940 0.3827
vn -0.2931 0.2460 0.9239
vn -0.2876 0.2524 -0.9239
vn -0.7371 0.6471 -0.1948
vn -0.6943 0.6095 -0.3827
vn -0.7371 0.6471 0.1948
vn -0.6943 0.6095 0.3827
vn -0.2876 0.2524 0.9239
vn -0.2871 0.2530 -0.9239
vn -0.7358 0.6483 -0.1954
vn -0.6932 0.6108 -0.3827
vn -0.7358 0.6483 0.1954
vn -0.6932 0.6108 0.3827
vn -0.2871 0.2530 0.9239
vn -0.2933 0.2458 -0.9239
vn -0.7517 0.6299 -0.1954
vn -0.7081 0.5934 -0.3827
vn -0.7517 0.6299 0.1954
vn -0.7081 0.5934 0.3827
vn -0.2933 0.2458 0.9239
vn -0.2825 0.2574 -0.9241
vn -0.7252 0.6607 -0.1941
vn -0.6828 0.6221 -0.3831
vn -0.7252 0.6607 0.1941
vn -0.6828 0.6221 0.3831
vn -0.2825 0.2574 0.9241
vn -0.2384 0.2972 -0.9246
vn -0.6139 0.7653 -0.1936
vn -0.5777 0.7201 -0.3844
vn -0.6139 0.7653 0.1936
vn -0.5777 0.7201 0.3844
vn -0.2384 0.2972 0.9246
vn -0.1745 0.3388 -0.9245
vn -0.4493 0.8722 -0.1936
vn -0.4228 0.8207 -0.3842
vn -0.4493 0.8722 0.1936
vn -0.4228 0.8207 0.3842
vn -0.1745 0.3388 0.9245
vn -0.1071 0.3659 -0.9245
vn -0.2756 0.9416 -0.1937
vn -0.2594 0.8861 -0.3841
vn -0.2756 0.9416 0.1937
vn -0.2594 0.8861 0.3841
vn -0.1071 0.3659 0.9245
vn -0.0468 0.3790 -0.9242
vn -0.1202 0.9736 -0.1939
vn -0.1132 0.9166 -0.3835
vn -0.1202 0.9736 0.1939
vn -0.1132 0.9166 0.3835
vn -0.0468 0.3790 0.9242
vn -0.0119 0.3824 -0.9239
vn -0.0305 0.9804 -0.1946
vn -0.0288 0.9234 -0.3828
vn -0.0305 0.9804 0.1946
vn -0.0288 0.9234 0.3828
vn -0.0119 0.3824 0.9239
vn 0.0026 0.3826 -0.9239
vn 0.0066 0.9808 -0.1948
vn 0.0062 0.9238 -0.3827
vn 0.0066 0.9808 0.1948
vn 0.0062 0.9238 0.3827
vn 0.0026 0.3826 0.9239
vn 0.0240 0.3817 -0.9240
vn 0.0616 0.9790 -0.1943
vn 0.0580 0.9219 -0.3830
vn 0.0616 0.9790 0.1943
vn 0.0580 0.9219 0.3830
vn 0.0240 0.3817 0.9240
vn 0.0544 0.3786 -0.9240
vn 0.1394 0.9710 -0.1943
vn 0.1313 0.9144 -0.3829
vn 0.1394 0.9710 0.1943
vn 0.1313 0.9144 0.3829
vn 0.0544 0.3786 0.9240
vn 0.0772 0.3747 -0.9239
vn 0.1980 0.9607 -0.1946
vn 0.1865 0.9048 -0.3828
vn 0.1980 0.9607 0.1946
vn 0.1865 0.9048 0.3828
vn 0.0772 0.3747 0.9239
vn 0.0948 0.3707 -0.9239
vn 0.2430 0.9503 -0.1946
vn 0.2289 0.8950 -0.3828
vn 0.2430 0.9503 0.1946
vn 0.2289 0.8950 0.3828
vn 0.0948 0.3707 0.9239
vn 0.1166 0.3643 -0.9240
vn 0.2990 0.9342 -0.1944
vn 0.2816 0.8798 -0.3829
vn 0.2990 0.9342 0.1944
vn 0.2816 0.8798 0.3829
vn 0.1166 0.3643 0.9240
vn 0.1348 0.3581 -0.9239
vn 0.3456 0.9179 -0.1947
vn 0.3255 0.8646 -0.3827
vn 0.3456 0.9179 0.1947
vn 0.3255 0.8646 0.3827
vn 0.1348 0.3581 0.9239
vn 0.1376 0.3571 -0.9239
vn 0.3527 0.9151 -0.1953
vn 0.3323 0.8621 -0.3827
vn 0.3527 0.9151 0.1953
vn 0.3323 0.8621 0.3827
vn 0.1376 0.3571 0.9239
vn 0.0953 0.3687 -0.9246
vn 0.2452 0.9489 -0.1987
vn 0.2310 0.8937 -0.3846
vn 0.2452 0.9489 0.1987
vn 0.2310 0.8937 0.3846
vn 0.0953 0.3687 0.9246
vn 0.0556 0.3786 -0.9239
vn 0.1425 0.9704 -0.1951
vn 0.1342 0.9141 -0.3827
vn 0.1425 0.9704 0.1951
vn 0.1342 0.9141 0.3827
vn 0.0556 0.3786 0.9239
vn 0.0557 0.3786 -0.9239
vn 0.1428 0.9703 -0.1951
vn 0.1345 0.9140 -0.3827
vn 0.1428 0.9703 0.1951
vn 0.1345 0.9140 0.3827
vn 0.0557 0.3786 0.9239
vn 0.0564 0.3785 -0.9239
vn 0.1445 0.9701 -0.1951
vn 0.1361 0.9138 -0.3827
vn 0.1445 0.9701 0.1951
vn 0.1361 0.9138 0.3827
vn 0.0564 0.3785 0.9239
vn 0.0528 0.3790 -0.9239
vn 0.1353 0.9713 -0.1954
vn 0.1275 0.9150 -0.3827
vn 0.1353 0.9713 0.1954
vn 0.1275 0.9150 0.3827
vn 0.0528 0.3790 0.9239
vn 0.0456 0.3799 -0.9239
vn 0.1169 0.9737 -0.1953
vn 0.1102 0.9173 -0.3827
vn 0.1169 0.9737 0.1953
vn 0.1102 0.9173 0.3827
vn 0.0456 0.3799 0.9239
vn 0.0491 0.3795 -0.9239
vn 0.1258 0.9728 -0.1947
vn 0.1185 0.9162 -0.3827
vn 0.1258 0.9728 0.1947
vn 0.1185 0.9162 0.3827
vn 0.0491 0.3795 0.9239
vn 0.0779 0.3741 -0.9241
vn 0.2000 0.9604 -0.1940
vn 0.1883 0.9042 -0.3833
vn 0.2000 0.9604 0.1940
vn 0.1883 0.9042 0.3833
vn 0.0779 0.3741 0.9241
vn 0.1129 0.3654 -0.9240
vn 0.2896 0.9372 -0.1944
vn 0.2727 0.8826 -0.3829
vn 0.2896 0.9372 0.1944
vn 0.2727 0.8826 0.3829
vn 0.1129 0.3654 0.9240
vn 0.1317 0.3593 -0.9239
vn 0.3376 0.9209 -0.1947
vn 0.3180 0.8674 -0.3827
vn 0.3376 0.9209 0.1947
vn 0.3180 0.8674 0.3827
vn 0.1317 0.3593 0.9239
vn 0.1824 0.3332 -0.9251
vn 0.4711 0.8606 -0.1935
vn 0.4430 0.8094 -0.3856
vn 0.4711 0.8606 0.1935
vn 0.4430 0.8094 0.3856
vn 0.1824 0.3332 0.9251
vn 0.2911 0.2297 -0.9287
vn 0.7701 0.6074 -0.1951
vn 0.7214 0.5690 -0.3948
vn 0.7701 0.6074 0.1951
vn 0.7214 0.5690 0.3948
vn 0.2911 0.2297 0.9287
vn 0.3660 0.0350 -0.9300
vn 0.9761 0.0935 -0.1960
vn 0.9132 0.0875 -0.3981
vn 0.9761 0.0935 0.1960
vn 0.9132 0.0875 0.3981
vn 0.3660 0.0350 0.9300
vn 0.3261 -0.1740 -0.9292
vn 0.8652 -0.4617 -0.1954
vn 0.8101 -0.4323 -0.3960
vn 0.8652 -0.4617 0.1954
vn 0.8101 -0.4323 0.3960
vn 0.3261 -0.1740 0.9292
vn 0.2455 -0.2915 -0.9245
vn 0.6320 -0.7504 -0.1936
vn 0.5948 -0.7061 -0.3843
vn 0.6320 -0.7504 0.1936
vn 0.5948 -0.7061 0.3843
vn 0.2455 -0.2915 0.9245
vn 0.2310 -0.3046 -0.9240
vn 0.5925 -0.7812 -0.1964
vn 0.5582 -0.7360 -0.3830
vn 0.5925 -0.7812 0.1964
vn 0.5582 -0.7360 0.3830
vn 0.2310 -0.3046 0.9240
vn 0.1293 -0.3408 -0.9312
vn 0.6298 -0.7540 -0.1866
vn 0.5923 -0.7091 -0.3827
vn 0.6298 -0.7540 0.1866
vn 0.5923 -0.7091 0.3827
vn 0.1293 -0.3408 0.9312
vn 0.0290 -0.9820 -0.1866
vn 0.0273 -0.9235 -0.3827
vn 0.0290 -0.9820 0.1866
vn 0.0273 -0.9235 0.3827
vn -0.0535 -0.3789 -0.9239
vn -0.0564 -0.3785 -0.9239
vn -0.1353 -0.9580 -0.2530
vn -0.1445 -0.9701 -0.1949
vn -0.1361 -0.9138 -0.3827
vn -0.1292 -0.9148 -0.3827
vn -0.1353 -0.9580 0.2530
vn -0.1445 -0.9701 0.1949
vn -0.1292 -0.9148 0.3827
vn -0.1361 -0.9138 0.3827
vn -0.0564 -0.3785 0.9239
vn -0.0535 -0.3789 0.9239
vn -0.0531 -0.3789 -0.9239
vn -0.1362 -0.9712 -0.1955
vn -0.1283 -0.9149 -0.3827
vn -0.1362 -0.9712 0.1955
vn -0.1283 -0.9149 0.3827
vn -0.0531 -0.3789 0.9239
vn -0.0213 -0.3813 -0.9242
vn -0.0547 -0.9789 -0.1971
vn -0.0516 -0.9221 -0.3834
vn -0.0547 -0.9789 0.1971
vn -0.0516 -0.9221 0.3834
vn -0.0213 -0.3813 0.9242
vn 0.0668 -0.3722 -0.9257
vn 0.1730 -0.9641 -0.2016
vn 0.1628 -0.9075 -0.3872
vn 0.1730 -0.9641 0.2016
vn 0.1628 -0.9075 0.3872
vn 0.0668 -0.3722 0.9257
vn 0.1669 -0.3422 -0.9247
vn 0.4297 -0.8808 -0.1988
vn 0.4047 -0.8296 -0.3847
vn 0.4297 -0.8808 0.1988
vn 0.4047 -0.8296 0.3847
vn 0.1669 -0.3422 0.9247
vn 0.2199 -0.3127 -0.9240
vn 0.5640 -0.8021 -0.1965
vn 0.5313 -0.7556 -0.3831
vn 0.5640 -0.8021 0.1965
vn 0.5313 -0.7556 0.3831
vn 0.2199 -0.3127 0.9240
vn 0.2275 -0.3076 -0.9239
vn 0.5834 -0.7886 -0.1946
vn 0.5494 -0.7427 -0.3828
vn 0.5834 -0.7886 0.1946
vn 0.5495 -0.7427 0.3828
vn 0.2275 -0.3076 0.9239
vn 0.2947 -0.0841 -0.9519
vn 0.5617 -0.7997 -0.2121
vn 0.5310 -0.7560 -0.3827
vn 0.5617 -0.7997 0.2121
vn 0.5310 -0.7560 0.3827
vn 0.2947 -0.0841 0.9519
vn 0.1726 0.2726 -0.9465
vn 0.8992 0.3826 -0.2121
vn 0.8997 0.3828 -0.2099
vn 0.8501 0.3617 -0.3827
vn 0.8992 0.3826 0.2121
vn 0.8997 0.3828 0.2099
vn 0.8501 0.3617 0.3827
vn 0.1726 0.2726 0.9465
vn -0.0151 0.3824 -0.9239
vn -0.0386 0.9770 -0.2099
vn -0.0382 0.9667 -0.2530
vn -0.0365 0.9232 -0.3827
vn -0.0386 0.9770 0.2099
vn -0.0382 0.9667 0.2530
vn -0.0365 0.9232 0.3827
vn -0.0151 0.3824 0.9239
vt 0.255319 0.000000
vt 0.297872 0.000000
vt 0.276596 0.000000
vt 0.234043 0.000000
vt 0.319149 0.000000
vt 0.212766 0.000000
vt 0.340426 0.000000
vt 0.191489 0.000000
vt 0.361702 0.000000
vt 0.170213 0.000000
vt 0.382979 0.000000
vt 0.404255 0.000000
vt 0.425532 0.000000
vt 0.446809 0.000000
vt 0.468085 0.000000
vt 0.148936 0.000000
vt 0.489362 0.000000
vt 0.510638 0.000000
vt 0.127660 0.000000
vt 0.531915 0.000000
vt 0.872340 0.000000
vt 0.553191 0.000000
vt 0.106383 0.000000
vt 0.893617 0.000000
vt 0.851064 0.000000
vt 0.914894 0.000000
vt 0.574468 0.000000
vt 0.936170 0.000000
vt 0.957447 0.000000
vt 0.595745 0.000000
vt 0.829787 0.000000
vt 0.978723 0.000000
vt 1.000000 0.000000
vt 0.617021 0.000000
vt 0.085106 0.000000
vt 0.808511 0.000000
vt 0.638298 0.000000
vt 0.659574 0.000000
vt 0.680851 0.000000
vt 0.063830 0.000000
vt 0.702128 0.000000
vt 0.723404 0.000000
vt 0.744681 0.000000
vt 0.042553 0.000000
vt 0.765957 0.000000
vt 0.787234 0.000000
vt 0.000000 0.000000
vt 0.021277 0.000000
vt 0.000000 0.200000
vt 0.026316 0.200000
vt 0.026316 0.000000
vt 0.000000 0.400000
vt 0.026316 0.400000
vt 0.000000 0.600000
vt 0.026316 0.600000
vt 0.000000 0.800000
vt 0.026316 0.800000
vt 0.000000 1.000000
vt 0.026316 1.000000
vt 0.052632 0.200000
vt 0.052632 0.000000
vt 0.052632 0.400000
vt 0.052632 0.600000
vt 0.052632 0.800000
vt 0.052632 1.000000
vt 0.078947 0.200000
vt 0.078947 0.000000
vt 0.078947 0.400000
vt 0.078947 0.600000
vt 0.078947 0.800000
vt 0.078947 1.000000
vt 0.105263 0.200000
vt 0.105263 0.000000
vt 0.105263 0.400000
vt 0.105263 0.600000
vt 0.105263 0.800000
vt 0.105263 1.000000
vt 0.131579 0.200000
vt 0.131579 0.000000
vt 0.131579 0.400000
vt 0.131579 0.600000
vt 0.131579 0.800000
vt 0.131579 1.000000
vt 0.157895 0.200000
vt 0.157895 0.000000
vt 0.157895 0.400000
vt 0.157895 0.600000
vt 0.157895 0.800000
vt 0.157895 1.000000
vt 0.184211 0.200000
vt 0.184211 0.000000
vt 0.184211 0.400000
vt 0.184211 0.600000
vt 0.184211 0.800000
vt 0.184211 1.000000
vt 0.210526 0.200000
vt 0.210526 0.000000
vt 0.210526 0.400000
vt 0.210526 0.600000
vt 0.210526 0.800000
vt 0.210526 1.000000
vt 0.236842 0.200000
vt 0.236842 0.000000
vt 0.236842 0.400000
vt 0.236842 0.600000
vt 0.236842 0.800000
vt 0.236842 1.000000
vt 0.263158 0.200000
vt 0.263158 0.000000
vt 0.263158 0.400000
vt 0.263158 0.600000
vt 0.263158 0.800000
vt 0.263158 1.000000
vt 0.289474 0.200000
vt 0.289474 0.000000
vt 0.289474 0.400000
vt 0.289474 0.600000
vt 0.289474 0.800000
vt 0.289474 1.000000
vt 0.315789 0.200000
vt 0.315789 0.000000
vt 0.315789 0.400000
vt 0.315789 0.600000
vt 0.315789 0.800000
vt 0.315789 1.000000
vt 0.342105 0.200000
vt 0.342105 0.000000
vt 0.342105 0.400000
vt 0.342105 0.600000
vt 0.342105 0.800000
vt 0.342105 1.000000
vt 0.368421 0.200000
vt 0.368421 0.000000
vt 0.368421 0.400000
vt 0.368421 0.600000
vt 0.368421 0.800000
vt 0.368421 1.000000
vt 0.394737 0.200000
vt 0.394737 0.000000
vt 0.394737 0.400000
vt 0.394737 0.600000
vt 0.394737 0.800000
vt 0.394737 1.000000
vt 0.421053 0.200000
vt 0.421053 0.000000
vt 0.421053 0.400000
vt 0.421053 0.600000
vt 0.421053 0.800000
vt 0.421053 1.000000
vt 0.447368 0.200000
vt 0.447368 0.000000
vt 0.447368 0.400000
vt 0.447368 0.600000
vt 0.447368 0.800000
vt 0.447368 1.000000
vt 0.473684 0.200000
vt 0.473684 0.000000
vt 0.473684 0.400000
vt 0.473684 0.600000
vt 0.473684 0.800000
vt 0.473684 1.000000
vt 0.500000 0.200000
vt 0.500000 0.000000
vt 0.500000 0.400000
vt 0.500000 0.600000
vt 0.500000 0.800000
vt 0.500000 1.000000
vt 0.526316 0.200000
vt 0.526316 0.000000
vt 0.526316 0.400000
vt 0.526316 0.600000
vt 0.526316 0.800000
vt 0.526316 1.000000
vt 0.552632 0.200000
vt 0.552632 0.000000
vt 0.552632 0.400000
vt 0.552632 0.600000
vt 0.552632 0.800000
vt 0.552632 1.000000
vt 0.578947 0.200000
vt 0.578947 0.000000
vt 0.578947 0.400000
vt 0.578947 0.600000
vt 0.578947 0.800000
vt 0.578947 1.000000
vt 0.605263 0.200000
vt 0.605263 0.000000
vt 0.605263 0.400000
vt 0.605263 0.600000
vt 0.605263 0.800000
vt 0.605263 1.000000
vt 0.631579 0.200000
vt 0.631579 0.000000
vt 0.631579 0.400000
vt 0.631579 0.600000
vt 0.631579 0.800000
vt 0.631579 1.000000
vt 0.657895 0.200000
vt 0.657895 0.000000
vt 0.657895 0.400000
vt 0.657895 0.600000
vt 0.657895 0.800000
vt 0.657895 1.000000
vt 0.684211 0.200000
vt 0.684211 0.000000
vt 0.684211 0.400000
vt 0.684211 0.600000
vt 0.684211 0.800000
vt 0.684211 1.000000
vt 0.710526 0.200000
vt 0.710526 0.000000
vt 0.710526 0.400000
vt 0.710526 0.600000
vt 0.710526 0.800000
vt 0.710526 1.000000
vt 0.736842 0.200000
vt 0.736842 0.000000
vt 0.736842 0.400000
vt 0.736842 0.600000
vt 0.736842 0.800000
vt 0.736842 1.000000
vt 0.763158 0.200000
vt 0.763158 0.000000
vt 0.763158 0.400000
vt 0.763158 0.600000
vt 0.763158 0.800000
vt 0.763158 1.000000
vt 0.789474 0.200000
vt 0.789474 0.000000
vt 0.789474 0.400000
vt 0.789474 0.600000
vt 0.789474 0.800000
vt 0.789474 1.000000
vt 0.815789 0.200000
vt 0.815789 0.000000
vt 0.815789 0.400000
vt 0.815789 0.600000
vt 0.815789 0.800000
vt 0.815789 1.000000
vt 0.842105 0.200000
vt 0.842105 0.000000
vt 0.842105 0.400000
vt 0.842105 0.600000
vt 0.842105 0.800000
vt 0.842105 1.000000
vt 0.868421 0.200000
vt 0.868421 0.000000
vt 0.868421 0.400000
vt 0.868421 0.600000
vt 0.868421 0.800000
vt 0.868421 1.000000
vt 0.894737 0.200000
vt 0.894737 0.000000
vt 0.894737 0.400000
vt 0.894737 0.600000
vt 0.894737 0.800000
vt 0.894737 1.000000
vt 0.921053 0.200000
vt 0.921053 0.000000
vt 0.921053 0.400000
vt 0.921053 0.600000
vt 0.921053 0.800000
vt 0.921053 1.000000
vt 0.947368 0.200000
vt 0.947368 0.000000
vt 0.947368 0.400000
vt 0.947368 0.600000
vt 0.947368 0.800000
vt 0.947368 1.000000
vt 0.973684 0.200000
vt 0.973684 0.000000
vt 0.973684 0.400000
vt 0.973684 0.600000
vt 0.973684 0.800000
vt 0.973684 1.000000
vt 1.000000 0.200000
vt 1.000000 0.400000
vt 1.000000 0.600000
vt 1.000000 0.800000
vt 1.000000 1.000000
vt 0.100000 0.200000
vt 0.100000 0.000000
vt 0.100000 0.400000
vt 0.100000 0.600000
vt 0.100000 0.800000
vt 0.100000 1.000000
vt 0.200000 0.200000
vt 0.200000 0.000000
vt 0.200000 0.400000
vt 0.200000 0.600000
vt 0.200000 0.800000
vt 0.200000 1.000000
vt 0.300000 0.200000
vt 0.300000 0.000000
vt 0.300000 0.400000
vt 0.300000 0.600000
vt 0.300000 0.800000
vt 0.300000 1.000000
vt 0.400000 0.200000
vt 0.400000 0.000000
vt 0.400000 0.400000
vt 0.400000 0.600000
vt 0.400000 0.800000
vt 0.400000 1.000000
vt 0.600000 0.200000
vt 0.600000 0.000000
vt 0.600000 0.400000
vt 0.600000 0.600000
vt 0.600000 0.800000
vt 0.600000 1.000000
vt 0.700000 0.200000
vt 0.700000 0.000000
vt 0.700000 0.400000
vt 0.700000 0.600000
vt 0.700000 0.800000
vt 0.700000 1.000000
vt 0.800000 0.200000
vt 0.800000 0.000000
vt 0.800000 0.400000
vt 0.800000 0.600000
vt 0.800000 0.800000
vt 0.800000 1.000000
vt 0.900000 0.200000
vt 0.900000 0.000000
vt 0.900000 0.400000
vt 0.900000 0.600000
vt 0.900000 0.800000
vt 0.900000 1.000000
s 1
usemtl Enamel_|_ivory
f 715/836/983 717/837/984 716/838/985
f 714/839/986 717/837/984 715/836/983
f 714/839/986 718/840/987 717/837/984
f 713/841/988 718/840/987 714/839/986
f 713/841/988 719/842/989 718/840/987
f 712/843/990 719/842/989 713/841/988
f 712/843/990 720/844/991 719/842/989
f 711/845/992 720/844/991 712/843/990
f 711/845/992 721/846/993 720/844/991
f 711/845/992 722/847/994 721/846/993
f 711/845/992 723/848/995 722/847/994
f 711/845/992 724/849/996 723/848/995
f 711/845/992 725/850/997 724/849/996
f 710/851/998 725/850/997 711/845/992
f 710/851/998 726/852/999 725/850/997
f 710/851/998 727/853/1000 726/852/999
f 709/854/1001 727/853/1000 710/851/998
f 709/854/1001 728/855/1002 727/853/1000
f 709/854/1001 744/856/1003 728/855/1002
f 744/856/1003 729/857/1004 728/855/1002
f 708/858/1005 745/859/1006 709/854/1001
f 745/859/1006 744/856/1003 709/854/1001
f 743/860/1007 729/857/1004 744/856/1003
f 708/858/1005 746/861/1008 745/859/1006
f 743/860/1007 730/862/1009 729/857/1004
f 708/858/1005 747/863/1010 746/861/1008
f 708/858/1005 748/864/1011 747/863/1010
f 743/860/1007 731/865/1012 730/862/1009
f 742/866/1013 731/865/1012 743/860/1007
f 708/858/1005 749/867/1014 748/864/1011
f 708/858/1005 750/868/1015 749/867/1014
f 742/866/1013 732/869/1016 731/865/1012
f 707/870/1017 750/868/1015 708/858/1005
f 741/871/1018 732/869/1016 742/866/1013
f 741/871/1018 733/872/1019 732/869/1016
f 741/871/1018 734/873/1020 733/872/1019
f 741/871/1018 735/874/1021 734/873/1020
f 706/875/1022 750/868/1015 707/870/1017
f 741/871/1018 736/876/1023 735/874/1021
f 750/868/1015 736/876/1023 741/871/1018
f 750/868/1015 737/877/1024 736/876/1023
f 750/868/1015 738/878/1025 737/877/1024
f 705/879/1026 750/868/1015 706/875/1022
f 750/868/1015 739/880/1027 738/878/1025
f 750/868/1015 740/881/1028 739/880/1027
f 705/879/1026 740/881/1028 750/868/1015
f 705/879/1026 703/882/1029 740/881/1028
f 704/883/1030 703/882/1029 705/879/1026
f 763/836/1031 764/838/1032 765/837/1033
f 762/839/1034 763/836/1031 765/837/1033
f 762/839/1034 765/837/1033 766/840/1035
f 761/841/1036 762/839/1034 766/840/1035
f 761/841/1036 766/840/1035 767/842/1037
f 760/843/1038 761/841/1036 767/842/1037
f 760/843/1038 767/842/1037 768/844/1039
f 759/845/1040 760/843/1038 768/844/1039
f 759/845/1040 768/844/1039 769/846/1041
f 759/845/1040 769/846/1041 770/847/1042
f 759/845/1040 770/847/1042 771/848/1043
f 759/845/1040 771/848/1043 772/849/1044
f 759/845/1040 772/849/1044 773/850/1045
f 758/851/1046 759/845/1040 773/850/1045
f 758/851/1046 773/850/1045 774/852/1047
f 758/851/1046 774/852/1047 775/853/1048
f 757/854/1049 758/851/1046 775/853/1048
f 757/854/1049 775/853/1048 776/855/1050
f 757/854/1049 776/855/1050 792/856/1051
f 792/856/1051 776/855/1050 777/857/1052
f 756/858/1053 757/854/1049 793/859/1054
f 793/859/1054 757/854/1049 792/856/1051
f 791/860/1055 792/856/1051 777/857/1052
f 756/858/1053 793/859/1054 794/861/1056
f 791/860/1055 777/857/1052 778/862/1057
f 756/858/1053 794/861/1056 795/863/1058
f 756/858/1053 795/863/1058 796/864/1059
f 791/860/1055 778/862/1057 779/865/1060
f 790/866/1061 791/860/1055 779/865/1060
f 756/858/1053 796/864/1059 797/867/1062
f 756/858/1053 797/867/1062 798/868/1063
f 790/866/1061 779/865/1060 780/869/1064
f 755/870/1065 756/858/1053 798/868/1063
f 789/871/1066 790/866/1061 780/869/1064
f 789/871/1066 780/869/1064 781/872/1067
f 789/871/1066 781/872/1067 782/873/1068
f 789/871/1066 782/873/1068 783/874/1069
f 754/875/1070 755/870/1065 798/868/1063
f 789/871/1066 783/874/1069 784/876/1071
f 798/868/1063 789/871/1066 784/876/1071
f 798/868/1063 784/876/1071 785/877/1072
f 798/868/1063 785/877/1072 786/878/1073
f 753/879/1074 754/875/1070 798/868/1063
f 798/868/1063 786/878/1073 787/880/1075
f 798/868/1063 787/880/1075 788/881/1076
f 753/879/1074 798/868/1063 788/881/1076
f 753/879/1074 788/881/1076 751/882/1077
f 752/883/1078 753/879/1074 751/882/1077
f 799/884/1079 803/885/1080 752/886/1078 751/882/1077
f 800/887/1081 804/888/1082 803/885/1083 799/884/1084
f 801/889/1085 805/890/1086 804/888/1082 800/887/1081
f 802/891/1087 806/892/1088 805/890/1086 801/889/1085
f 703/893/1029 704/894/1030 806/892/1089 802/891/1090
f 803/885/1091 807/895/1092 753/896/1074 752/886/1078
f 804/888/1093 808/897/1094 807/895/1095 803/885/1096
f 805/890/1097 809/898/1098 808/897/1094 804/888/1093
f 806/892/1099 810/899/1100 809/898/1098 805/890/1097
f 704/894/1030 705/900/1026 810/899/1101 806/892/1102
f 807/895/1092 811/901/1103 754/902/1070 753/896/1074
f 808/897/1094 812/903/1104 811/901/1105 807/895/1095
f 809/898/1098 813/904/1106 812/903/1104 808/897/1094
f 810/899/1100 814/905/1107 813/904/1106 809/898/1098
f 705/900/1026 706/906/1022 814/905/1108 810/899/1101
f 811/901/1103 815/907/1109 755/908/1065 754/902/1070
f 812/903/1104 816/909/1110 815/907/1111 811/901/1105
f 813/904/1106 817/910/1112 816/909/1110 812/903/1104
f 814/905/1107 818/911/1113 817/910/1112 813/904/1106
f 706/906/1022 707/912/1017 818/911/1114 814/905/1108
f 815/907/1109 819/913/1115 756/914/1053 755/908/1065
f 816/909/1110 820/915/1116 819/913/1117 815/907/1111
f 817/910/1112 821/916/1118 820/915/1116 816/909/1110
f 818/911/1113 822/917/1119 821/916/1118 817/910/1112
f 707/912/1017 708/918/1005 822/917/1120 818/911/1114
f 819/913/1115 823/919/1121 757/920/1049 756/914/1053
f 820/915/1116 824/921/1122 823/919/1123 819/913/1117
f 821/916/1118 825/922/1124 824/921/1122 820/915/1116
f 822/917/1119 826/923/1125 825/922/1124 821/916/1118
f 708/918/1005 709/924/1001 826/923/1126 822/917/1120
f 823/919/1121 827/925/1127 758/926/1046 757/920/1049
f 824/921/1122 828/927/1128 827/925/1129 823/919/1123
f 825/922/1124 829/928/1130 828/927/1128 824/921/1122
f 826/923/1125 830/929/1131 829/928/1130 825/922/1124
f 709/924/1001 710/930/998 830/929/1132 826/923/1126
f 827/925/1127 831/931/1133 759/932/1040 758/926/1046
f 828/927/1128 832/933/1134 831/931/1135 827/925/1129
f 829/928/1130 833/934/1136 832/933/1134 828/927/1128
f 830/929/1131 834/935/1137 833/934/1136 829/928/1130
f 710/930/998 711/936/992 834/935/1138 830/929/1132
f 831/931/1133 835/937/1139 760/938/1038 759/932/1040
f 832/933/1134 836/939/1140 835/937/1141 831/931/1135
f 833/934/1136 837/940/1142 836/939/1140 832/933/1134
f 834/935/1137 838/941/1143 837/940/1142 833/934/1136
f 711/936/992 712/942/990 838/941/1144 834/935/1138
f 835/937/1139 839/943/1145 761/944/1036 760/938/1038
f 836/939/1140 840/945/1146 839/943/1147 835/937/1141
f 837/940/1142 841/946/1148 840/945/1146 836/939/1140
f 838/941/1143 842/947/1149 841/946/1148 837/940/1142
f 712/942/990 713/948/988 842/947/1150 838/941/1144
f 839/943/1145 843/949/1151 762/950/1034 761/944/1036
f 840/945/1146 844/951/1152 843/949/1153 839/943/1147
f 841/946/1148 845/952/1154 844/951/1152 840/945/1146
f 842/947/1149 846/953/1155 845/952/1154 841/946/1148
f 713/948/988 714/954/986 846/953/1156 842/947/1150
f 843/949/1151 847/955/1157 763/956/1031 762/950/1034
f 844/951/1152 848/957/1158 847/955/1159 843/949/1153
f 845/952/1154 849/958/1160 848/957/1158 844/951/1152
f 846/953/1155 850/959/1161 849/958/1160 845/952/1154
f 714/954/986 715/960/983 850/959/1162 846/953/1156
f 847/955/1157 851/961/1163 764/962/1032 763/956/1031
f 848/957/1158 852/963/1164 851/961/1165 847/955/1159
f 849/958/1160 853/964/1166 852/963/1164 848/957/1158
f 850/959/1161 854/965/1167 853/964/1166 849/958/1160
f 715/960/983 716/966/985 854/965/1168 850/959/1162
f 851/961/1163 855/967/1169 765/968/1033 764/962/1032
f 852/963/1164 856/969/1170 855/967/1171 851/961/1165
f 853/964/1166 857/970/1172 856/969/1170 852/963/1164
f 854/965/1167 858/971/1173 857/970/1172 853/964/1166
f 716/966/985 717/972/984 858/971/1174 854/965/1168
f 855/967/1169 859/973/1175 766/974/1035 765/968/1033
f 856/969/1170 860/975/1176 859/973/1177 855/967/1171
f 857/970/1172 861/976/1178 860/975/1176 856/969/1170
f 858/971/1173 862/977/1179 861/976/1178 857/970/1172
f 717/972/984 718/978/987 862/977/1180 858/971/1174
f 859/973/1175 863/979/1181 767/980/1037 766/974/1035
f 860/975/1176 864/981/1182 863/979/1183 859/973/1177
f 861/976/1178 865/982/1184 864/981/1182 860/975/1176
f 862/977/1179 866/983/1185 865/982/1184 861/976/1178
f 718/978/987 719/984/989 866/983/1186 862/977/1180
f 863/979/1181 867/985/1187 768/986/1039 767/980/1037
f 864/981/1182 868/987/1188 867/985/1189 863/979/1183
f 865/982/1184 869/988/1190 868/987/1188 864/981/1182
f 866/983/1185 870/989/1191 869/988/1190 865/982/1184
f 719/984/989 720/990/991 870/989/1192 866/983/1186
f 867/985/1187 871/991/1193 769/992/1041 768/986/1039
f 868/987/1188 872/993/1194 871/991/1195 867/985/1189
f 869/988/1190 873/994/1196 872/993/1194 868/987/1188
f 870/989/1191 874/995/1197 873/994/1196 869/988/1190
f 720/990/991 721/996/993 874/995/1198 870/989/1192
f 871/991/1193 875/997/1199 770/998/1042 769/992/1041
f 872/993/1194 876/999/1200 875/997/1201 871/991/1195
f 873/994/1196 877/1000/1202 876/999/1200 872/993/1194
f 874/995/1197 878/1001/1203 877/1000/1202 873/994/1196
f 721/996/993 722/1002/994 878/1001/1204 874/995/1198
f 875/997/1199 879/1003/1205 771/1004/1043 770/998/1042
f 876/999/1200 880/1005/1206 879/1003/1207 875/997/1201
f 877/1000/1202 881/1006/1208 880/1005/1206 876/999/1200
f 878/1001/1203 882/1007/1209 881/1006/1208 877/1000/1202
f 722/1002/994 723/1008/995 882/1007/1210 878/1001/1204
f 879/1003/1205 883/1009/1211 772/1010/1044 771/1004/1043
f 880/1005/1206 884/1011/1212 883/1009/1213 879/1003/1207
f 881/1006/1208 885/1012/1214 884/1011/1212 880/1005/1206
f 882/1007/1209 886/1013/1215 885/1012/1214 881/1006/1208
f 723/1008/995 724/1014/996 886/1013/1216 882/1007/1210
f 883/1009/1211 887/1015/1217 773/1016/1045 772/1010/1044
f 884/1011/1212 888/1017/1218 887/1015/1219 883/1009/1213
f 885/1012/1214 889/1018/1220 888/1017/1218 884/1011/1212
f 886/1013/1215 890/1019/1221 889/1018/1220 885/1012/1214
f 724/1014/996 725/1020/997 890/1019/1222 886/1013/1216
f 887/1015/1217 891/1021/1223 774/1022/1047 773/1016/1045
f 888/1017/1218 892/1023/1224 891/1021/1225 887/1015/1219
f 889/1018/1220 893/1024/1226 892/1023/1224 888/1017/1218
f 890/1019/1221 894/1025/1227 893/1024/1226 889/1018/1220
f 725/1020/997 726/1026/999 894/1025/1228 890/1019/1222
f 891/1021/1223 895/1027/1229 775/1028/1048 774/1022/1047
f 892/1023/1224 896/1029/1230 895/1027/1231 891/1021/1225
f 893/1024/1226 897/1030/1232 896/1029/1230 892/1023/1224
f 894/1025/1227 898/1031/1233 897/1030/1232 893/1024/1226
f 726/1026/999 727/1032/1000 898/1031/1234 894/1025/1228
f 895/1027/1229 899/1033/1235 776/1034/1050 775/1028/1048
f 896/1029/1230 900/1035/1236 899/1033/1237 895/1027/1231
f 897/1030/1232 901/1036/1238 900/1035/1236 896/1029/1230
f 898/1031/1233 902/1037/1239 901/1036/1238 897/1030/1232
f 727/1032/1000 728/1038/1002 902/1037/1240 898/1031/1234
f 899/1033/1235 903/1039/1241 777/1040/1052 776/1034/1050
f 900/1035/1236 904/1041/1242 903/1039/1243 899/1033/1237
f 901/1036/1238 905/1042/1244 904/1041/1242 900/1035/1236
f 902/1037/1239 906/1043/1245 905/1042/1244 901/1036/1238
f 728/1038/1002 729/1044/1004 906/1043/1246 902/1037/1240
f 903/1039/1241 907/1045/1247 778/1046/1057 777/1040/1052
f 904/1041/1242 908/1047/1248 907/1045/1249 903/1039/1243
f 905/1042/1244 909/1048/1250 908/1047/1248 904/1041/1242
f 906/1043/1245 910/1049/1251 909/1048/1250 905/1042/1244
f 729/1044/1004 730/1050/1009 910/1049/1252 906/1043/1246
f 907/1045/1247 911/1051/1253 779/1052/1060 778/1046/1057
f 908/1047/1248 912/1053/1254 911/1051/1255 907/1045/1249
f 909/1048/1250 913/1054/1256 912/1053/1254 908/1047/1248
f 910/1049/1251 914/1055/1257 913/1054/1256 909/1048/1250
f 730/1050/1009 731/1056/1012 914/1055/1258 910/1049/1252
f 911/1051/1253 915/1057/1259 780/1058/1064 779/1052/1060
f 912/1053/1254 916/1059/1260 915/1057/1261 911/1051/1255
f 913/1054/1256 917/1060/1262 916/1059/1260 912/1053/1254
f 914/1055/1257 918/1061/1263 917/1060/1262 913/1054/1256
f 731/1056/1012 732/1062/1016 918/1061/1264 914/1055/1258
f 915/1057/1259 919/1063/1265 781/1064/1067 780/1058/1064
f 916/1059/1260 920/1065/1266 919/1063/1267 915/1057/1261
f 917/1060/1262 921/1066/1268 920/1065/1266 916/1059/1260
f 918/1061/1263 922/1067/1269 921/1066/1268 917/1060/1262
f 732/1062/1016 733/1068/1019 922/1067/1270 918/1061/1264
f 919/1063/1265 923/1069/1271 782/1070/1068 781/1064/1067
f 920/1065/1266 924/1071/1272 923/1069/1273 919/1063/1267
f 921/1066/1268 925/1072/1274 924/1071/1272 920/1065/1266
f 922/1067/1269 926/1073/1275 925/1072/1274 921/1066/1268
f 733/1068/1019 734/1074/1020 926/1073/1276 922/1067/1270
f 923/1069/1271 927/1075/1277 783/1076/1069 782/1070/1068
f 924/1071/1272 928/1077/1278 927/1075/1279 923/1069/1273
f 925/1072/1274 929/1078/1280 928/1077/1278 924/1071/1272
f 926/1073/1275 930/1079/1281 929/1078/1280 925/1072/1274
f 734/1074/1020 735/1080/1021 930/1079/1282 926/1073/1276
f 927/1075/1277 931/1081/1283 784/1082/1071 783/1076/1069
f 928/1077/1278 932/1083/1284 931/1081/1285 927/1075/1279
f 929/1078/1280 933/1084/1286 932/1083/1284 928/1077/1278
f 930/1079/1281 934/1085/1287 933/1084/1286 929/1078/1280
f 735/1080/1021 736/1086/1023 934/1085/1288 930/1079/1282
f 931/1081/1283 935/1087/1289 785/1088/1072 784/1082/1071
f 932/1083/1284 936/1089/1290 935/1087/1291 931/1081/1285
f 933/1084/1286 937/1090/1292 936/1089/1290 932/1083/1284
f 934/1085/1287 938/1091/1293 937/1090/1292 933/1084/1286
f 736/1086/1023 737/1092/1024 938/1091/1294 934/1085/1288
f 935/1087/1289 939/1093/1295 786/1094/1073 785/1088/1072
f 936/1089/1290 940/1095/1296 939/1093/1297 935/1087/1291
f 937/1090/1292 941/1096/1298 940/1095/1296 936/1089/1290
f 938/1091/1293 942/1097/1299 941/1096/1298 937/1090/1292
f 737/1092/1024 738/1098/1025 942/1097/1300 938/1091/1294
f 939/1093/1295 943/1099/1301 787/1100/1075 786/1094/1073
f 940/1095/1296 944/1101/1302 943/1099/1303 939/1093/1297
f 941/1096/1298 945/1102/1304 944/1101/1302 940/1095/1296
f 942/1097/1299 946/1103/1305 945/1102/1304 941/1096/1298
f 738/1098/1025 739/1104/1027 946/1103/1306 942/1097/1300
f 943/1099/1301 947/1105/1307 788/1106/1076 787/1100/1075
f 944/1101/1302 948/1107/1308 947/1105/1309 943/1099/1303
f 945/1102/1304 949/1108/1310 948/1107/1308 944/1101/1302
f 946/1103/1305 950/1109/1311 949/1108/1310 945/1102/1304
f 739/1104/1027 740/1110/1028 950/1109/1312 946/1103/1306
f 947/1105/1307 799/1111/1079 751/868/1077 788/1106/1076
f 948/1107/1313 800/1112/1081 799/1111/1084 947/1105/1314
f 949/1108/1315 801/1113/1085 800/1112/1081 948/1107/1313
f 950/1109/1316 802/1114/1087 801/1113/1085 949/1108/1315
f 740/1110/1028 703/1115/1029 802/1114/1090 950/1109/1312
f 951/884/1317 955/1116/1318 790/1117/1061 789/882/1066
f 952/887/1319 956/1118/1320 955/1116/1321 951/884/1322
f 953/889/1323 957/1119/1324 956/1118/1320 952/887/1319
f 954/891/1325 958/1120/1326 957/1119/1324 953/889/1323
f 741/893/1018 742/1121/1013 958/1120/1327 954/891/1328
f 955/1116/1318 959/1122/1329 791/1123/1055 790/1117/1061
f 956/1118/1320 960/1124/1330 959/1122/1331 955/1116/1321
f 957/1119/1324 961/1125/1332 960/1124/1330 956/1118/1320
f 958/1120/1326 962/1126/1333 961/1125/1332 957/1119/1324
f 742/1121/1013 743/1127/1007 962/1126/1334 958/1120/1327
f 959/1122/1329 963/1128/1335 792/1129/1051 791/1123/1055
f 960/1124/1330 964/1130/1336 963/1128/1337 959/1122/1331
f 961/1125/1332 965/1131/1338 964/1130/1336 960/1124/1330
f 962/1126/1333 966/1132/1339 965/1131/1338 961/1125/1332
f 743/1127/1007 744/1133/1003 966/1132/1340 962/1126/1334
f 963/1128/1335 967/1134/1341 793/1135/1054 792/1129/1051
f 964/1130/1336 968/1136/1342 967/1134/1343 963/1128/1337
f 965/1131/1338 969/1137/1344 968/1136/1342 964/1130/1336
f 966/1132/1339 970/1138/1345 969/1137/1344 965/1131/1338
f 744/1133/1003 745/1139/1006 970/1138/1346 966/1132/1340
f 967/1134/1341 971/997/1347 794/998/1056 793/1135/1054
f 968/1136/1342 972/999/1348 971/997/1349 967/1134/1343
f 969/1137/1344 973/1000/1350 972/999/1348 968/1136/1342
f 970/1138/1345 974/1001/1351 973/1000/1350 969/1137/1344
f 745/1139/1006 746/1002/1008 974/1001/1352 970/1138/1346
f 971/997/1347 975/1140/1353 795/1141/1058 794/998/1056
f 972/999/1348 976/1142/1354 975/1140/1355 971/997/1349
f 973/1000/1350 977/1143/1356 976/1142/1354 972/999/1348
f 974/1001/1351 978/1144/1357 977/1143/1356 973/1000/1350
f 746/1002/1008 747/1145/1010 978/1144/1358 974/1001/1352
f 975/1140/1353 979/1146/1359 796/1147/1059 795/1141/1058
f 976/1142/1354 980/1148/1360 979/1146/1361 975/1140/1355
f 977/1143/1356 981/1149/1362 980/1148/1360 976/1142/1354
f 978/1144/1357 982/1150/1363 981/1149/1362 977/1143/1356
f 747/1145/1010 748/1151/1011 982/1150/1364 978/1144/1358
f 979/1146/1359 983/1152/1365 797/1153/1062 796/1147/1059
f 980/1148/1360 984/1154/1366 983/1152/1367 979/1146/1361
f 981/1149/1362 985/1155/1368 984/1154/1366 980/1148/1360
f 982/1150/1363 986/1156/1369 985/1155/1368 981/1149/1362
f 748/1151/1011 749/1157/1014 986/1156/1370 982/1150/1364
f 983/1152/1365 987/1158/1371 798/1159/1063 797/1153/1062
f 984/1154/1372 988/1160/1373 987/1158/1374 983/1152/1374
f 985/1155/1375 989/1161/1376 988/1160/1373 984/1154/1372
f 986/1156/1377 990/1162/1377 989/1161/1376 985/1155/1375
f 749/1157/1014 750/1163/1015 990/1162/1378 986/1156/1370
f 987/1158/1371 951/1111/1379 789/868/1066 798/1159/1063
f 988/1160/1380 952/1112/1381 951/1111/1382 987/1158/1382
f 989/1161/1383 953/1113/1384 952/1112/1381 988/1160/1380
f 990/1162/1385 954/1114/1385 953/1113/1384 989/1161/1383
f 750/1163/1015 741/1115/1018 954/1114/1386 990/1162/1378
o Carry_handle_|_gold_top_rail
v 0.021795 0.163026 0.014000
v 0.021795 0.169128 0.014000
v 0.061026 0.164333 0.014000
v 0.089502 0.159783 0.014000
v 0.117346 0.155322 0.014000
v 0.146454 0.150681 0.014000
v 0.178718 0.145590 0.014000
v 0.214943 0.140304 0.014000
v 0.250495 0.135412 0.014000
v 0.279799 0.131032 0.014000
v 0.297282 0.127282 0.014000
v 0.299042 0.126519 0.014000
v 0.300542 0.125635 0.014000
v 0.301937 0.124703 0.014000
v 0.303385 0.123795 0.014000
v 0.295538 0.121179 0.014000
v 0.267270 0.125604 0.014000
v 0.239626 0.129927 0.014000
v 0.210734 0.134453 0.014000
v 0.178718 0.139487 0.014000
v 0.147056 0.144488 0.014000
v 0.118487 0.149018 0.014000
v 0.091155 0.153359 0.014000
v 0.063205 0.157795 0.014000
v 0.021795 0.163026 -0.014000
v 0.021795 0.169128 -0.014000
v 0.061026 0.164333 -0.014000
v 0.089502 0.159783 -0.014000
v 0.117346 0.155322 -0.014000
v 0.146454 0.150681 -0.014000
v 0.178718 0.145590 -0.014000
v 0.214943 0.140304 -0.014000
v 0.250495 0.135412 -0.014000
v 0.279799 0.131032 -0.014000
v 0.297282 0.127282 -0.014000
v 0.299042 0.126519 -0.014000
v 0.300542 0.125635 -0.014000
v 0.301937 0.124703 -0.014000
v 0.303385 0.123795 -0.014000
v 0.295538 0.121179 -0.014000
v 0.267270 0.125604 -0.014000
v 0.239626 0.129927 -0.014000
v 0.210734 0.134453 -0.014000
v 0.178718 0.139487 -0.014000
v 0.147056 0.144488 -0.014000
v 0.118487 0.149018 -0.014000
v 0.091155 0.153359 -0.014000
v 0.063205 0.157795 -0.014000
v 0.019674 0.161155 -0.013121
v 0.018795 0.160381 -0.011000
v 0.018795 0.160381 0.011000
v 0.019674 0.161155 0.013121
v 0.019674 0.171525 -0.013121
v 0.018795 0.172517 -0.011000
v 0.018795 0.172517 0.011000
v 0.019674 0.171525 0.013121
v 0.061322 0.166434 -0.013121
v 0.061444 0.167304 -0.011000
v 0.061444 0.167304 0.011000
v 0.061322 0.166434 0.013121
v 0.089837 0.161877 -0.013121
v 0.089976 0.162745 -0.011000
v 0.089976 0.162745 0.011000
v 0.089837 0.161877 0.013121
v 0.117681 0.157417 -0.013121
v 0.117820 0.158284 -0.011000
v 0.117820 0.158284 0.011000
v 0.117681 0.157417 0.013121
v 0.146786 0.152776 -0.013121
v 0.146924 0.153644 -0.011000
v 0.146924 0.153644 0.011000
v 0.146786 0.152776 0.013121
v 0.179036 0.147687 -0.013121
v 0.179168 0.148556 -0.011000
v 0.179168 0.148556 0.011000
v 0.179036 0.147687 0.013121
v 0.215241 0.142404 -0.013121
v 0.215364 0.143274 -0.011000
v 0.215364 0.143274 0.011000
v 0.215241 0.142404 0.013121
v 0.250796 0.137512 -0.013121
v 0.250921 0.138381 -0.011000
v 0.250921 0.138381 0.011000
v 0.250796 0.137512 0.013121
v 0.280179 0.133120 -0.013121
v 0.280336 0.133985 -0.011000
v 0.280336 0.133985 0.011000
v 0.280179 0.133120 0.013121
v 0.297933 0.129312 -0.013121
v 0.298202 0.130153 -0.011000
v 0.298202 0.130153 0.011000
v 0.297933 0.129312 0.013121
v 0.300007 0.128413 -0.013121
v 0.300406 0.129197 -0.011000
v 0.300406 0.129197 0.011000
v 0.300007 0.128413 0.013121
v 0.301671 0.127432 -0.013121
v 0.302138 0.128176 -0.011000
v 0.302138 0.128176 0.011000
v 0.301671 0.127432 0.013121
v 0.303090 0.126484 -0.013121
v 0.303568 0.127221 -0.011000
v 0.303568 0.127221 0.011000
v 0.303090 0.126484 0.013121
v 0.308319 0.123204 -0.013121
v 0.310363 0.122959 -0.011000
v 0.310363 0.122959 0.011000
v 0.308319 0.123204 0.013121
v 0.295720 0.119004 -0.013121
v 0.295795 0.118103 -0.011000
v 0.295795 0.118103 0.011000
v 0.295720 0.119004 0.013121
v 0.266942 0.123508 -0.013121
v 0.266806 0.122640 -0.011000
v 0.266806 0.122640 0.011000
v 0.266942 0.123508 0.013121
v 0.239298 0.127831 -0.013121
v 0.239162 0.126963 -0.011000
v 0.239162 0.126963 0.011000
v 0.239298 0.127831 0.013121
v 0.210405 0.132357 -0.013121
v 0.210268 0.131489 -0.011000
v 0.210268 0.131489 0.011000
v 0.210405 0.132357 0.013121
v 0.178388 0.137392 -0.013121
v 0.178251 0.136524 -0.011000
v 0.178251 0.136524 0.011000
v 0.178388 0.137392 0.013121
v 0.146724 0.142393 -0.013121
v 0.146587 0.141525 -0.011000
v 0.146587 0.141525 0.011000
v 0.146724 0.142393 0.013121
v 0.118154 0.146923 -0.013121
v 0.118017 0.146055 -0.011000
v 0.118017 0.146055 0.011000
v 0.118154 0.146923 0.013121
v 0.090823 0.151264 -0.013121
v 0.090685 0.150397 -0.011000
v 0.090685 0.150397 0.011000
v 0.090823 0.151264 0.013121
v 0.062906 0.155694 -0.013121
v 0.062782 0.154824 -0.011000
v 0.062782 0.154824 0.011000
v 0.062906 0.155694 0.013121
vn -0.1617 -0.1426 0.9765
vn 0.0275 0.1953 0.9804
vn -0.1340 0.1514 0.9793
vn 0.0308 0.1927 0.9808
vn -0.0272 -0.1912 0.9812
vn 0.0308 0.1926 0.9808
vn -0.0306 -0.1927 0.9808
vn 0.0305 0.1926 0.9808
vn 0.0292 0.1922 0.9809
vn -0.0305 -0.1927 0.9808
vn 0.0273 0.1927 0.9809
vn -0.0304 -0.1928 0.9808
vn 0.0278 0.1938 0.9806
vn -0.0303 -0.1928 0.9808
vn 0.0355 0.1955 0.9800
vn -0.0302 -0.1928 0.9808
vn 0.0629 0.1961 0.9786
vn -0.0302 -0.1927 0.9808
vn 0.0917 0.1801 0.9794
vn 0.1055 0.1680 0.9801
vn 0.1051 0.1623 0.9811
vn 0.0181 -0.2169 0.9760
vn 0.1473 -0.0176 0.9889
vn -0.1617 -0.1426 -0.9765
vn -0.1340 0.1514 -0.9793
vn 0.0275 0.1953 -0.9804
vn 0.0308 0.1927 -0.9808
vn -0.0272 -0.1912 -0.9812
vn 0.0308 0.1926 -0.9808
vn -0.0306 -0.1927 -0.9808
vn 0.0305 0.1926 -0.9808
vn 0.0292 0.1922 -0.9809
vn -0.0305 -0.1927 -0.9808
vn 0.0273 0.1927 -0.9809
vn -0.0304 -0.1928 -0.9808
vn 0.0278 0.1938 -0.9806
vn -0.0303 -0.1928 -0.9808
vn 0.0355 0.1955 -0.9800
vn -0.0302 -0.1928 -0.9808
vn 0.0629 0.1961 -0.9786
vn -0.0302 -0.1927 -0.9808
vn 0.0917 0.1801 -0.9794
vn 0.1055 0.1680 -0.9801
vn 0.1051 0.1623 -0.9811
vn 0.0181 -0.2169 -0.9760
vn 0.1473 -0.0176 -0.9889
vn -0.2226 -0.1962 -0.9550
vn -0.1755 0.1982 -0.9643
vn -0.9850 -0.0000 -0.1725
vn -0.9861 -0.0000 -0.1659
vn -0.9239 -0.0000 -0.3827
vn -0.9850 -0.0000 0.1725
vn -0.9861 -0.0000 0.1659
vn -0.9239 -0.0000 0.3827
vn -0.1755 0.1982 0.9643
vn -0.2226 -0.1962 0.9550
vn 0.0534 0.3789 -0.9239
vn 0.1196 0.9789 -0.1659
vn 0.1369 0.9713 -0.1947
vn 0.1290 0.9148 -0.3827
vn 0.1121 0.9171 -0.3827
vn 0.1196 0.9789 0.1659
vn 0.1369 0.9713 0.1947
vn 0.1121 0.9171 0.3827
vn 0.1290 0.9148 0.3827
vn 0.0534 0.3789 0.9239
vn 0.0605 0.3779 -0.9239
vn 0.1550 0.9685 -0.1951
vn 0.1460 0.9123 -0.3827
vn 0.1550 0.9685 0.1951
vn 0.1460 0.9123 0.3827
vn 0.0605 0.3779 0.9239
vn 0.0604 0.3779 -0.9239
vn 0.1548 0.9685 -0.1951
vn 0.1458 0.9123 -0.3827
vn 0.1548 0.9685 0.1951
vn 0.1458 0.9123 0.3827
vn 0.0604 0.3779 0.9239
vn 0.0600 0.3780 -0.9239
vn 0.1537 0.9687 -0.1951
vn 0.1447 0.9125 -0.3827
vn 0.1537 0.9687 0.1951
vn 0.1447 0.9125 0.3827
vn 0.0600 0.3780 0.9239
vn 0.0575 0.3783 -0.9239
vn 0.1472 0.9696 -0.1952
vn 0.1387 0.9134 -0.3827
vn 0.1472 0.9696 0.1952
vn 0.1387 0.9134 0.3827
vn 0.0575 0.3783 0.9239
vn 0.0537 0.3789 -0.9239
vn 0.1377 0.9711 -0.1952
vn 0.1297 0.9147 -0.3827
vn 0.1377 0.9711 0.1952
vn 0.1297 0.9147 0.3827
vn 0.0537 0.3789 0.9239
vn 0.0544 0.3788 -0.9239
vn 0.1394 0.9709 -0.1950
vn 0.1313 0.9145 -0.3827
vn 0.1394 0.9709 0.1950
vn 0.1313 0.9145 0.3827
vn 0.0544 0.3788 0.9239
vn 0.0684 0.3764 -0.9239
vn 0.1754 0.9651 -0.1944
vn 0.1652 0.9089 -0.3828
vn 0.1754 0.9651 0.1944
vn 0.1652 0.9089 0.3828
vn 0.0684 0.3764 0.9239
vn 0.1163 0.3629 -0.9245
vn 0.2995 0.9342 -0.1936
vn 0.2818 0.8791 -0.3843
vn 0.2995 0.9342 0.1936
vn 0.2818 0.8791 0.3843
vn 0.1163 0.3629 0.9245
vn 0.1733 0.3405 -0.9241
vn 0.4450 0.8742 -0.1940
vn 0.4190 0.8231 -0.3833
vn 0.4450 0.8742 0.1940
vn 0.4190 0.8231 0.3833
vn 0.1733 0.3405 0.9241
vn 0.2035 0.3240 -0.9239
vn 0.5217 0.8307 -0.1945
vn 0.4913 0.7823 -0.3828
vn 0.5217 0.8307 0.1945
vn 0.4913 0.7823 0.3828
vn 0.2035 0.3240 0.9239
vn 0.2080 0.3212 -0.9239
vn 0.5330 0.8232 -0.1954
vn 0.5021 0.7755 -0.3827
vn 0.5330 0.8232 0.1954
vn 0.5021 0.7755 0.3827
vn 0.2080 0.3212 0.9239
vn 0.2034 0.3242 -0.9239
vn 0.5261 0.8387 -0.1409
vn 0.4909 0.7826 -0.3827
vn 0.5261 0.8387 0.1409
vn 0.4909 0.7826 0.3827
vn 0.2034 0.3242 0.9239
vn 0.1210 -0.3630 -0.9239
vn 0.0310 -0.3721 -0.9277
vn 0.3131 -0.9392 -0.1409
vn 0.0816 -0.9775 -0.1945
vn 0.0765 -0.9167 -0.3921
vn 0.2922 -0.8765 -0.3827
vn 0.3131 -0.9392 0.1409
vn 0.0816 -0.9775 0.1945
vn 0.2922 -0.8765 0.3827
vn 0.0765 -0.9167 0.3921
vn 0.0310 -0.3721 0.9277
vn 0.1210 -0.3630 0.9239
vn -0.0591 -0.3781 -0.9239
vn -0.1516 -0.9690 -0.1951
vn -0.1428 -0.9128 -0.3827
vn -0.1516 -0.9690 0.1951
vn -0.1428 -0.9128 0.3827
vn -0.0591 -0.3781 0.9239
vn -0.0592 -0.3781 -0.9239
vn -0.1517 -0.9690 -0.1951
vn -0.1429 -0.9128 -0.3827
vn -0.1517 -0.9690 0.1951
vn -0.1429 -0.9128 0.3827
vn -0.0592 -0.3781 0.9239
vn -0.0593 -0.3781 -0.9239
vn -0.1521 -0.9689 -0.1951
vn -0.1432 -0.9127 -0.3827
vn -0.1521 -0.9689 0.1951
vn -0.1432 -0.9127 0.3827
vn -0.0593 -0.3781 0.9239
vn -0.0596 -0.3780 -0.9239
vn -0.1527 -0.9688 -0.1951
vn -0.1438 -0.9126 -0.3827
vn -0.1527 -0.9688 0.1951
vn -0.1438 -0.9126 0.3827
vn -0.0596 -0.3780 0.9239
vn -0.0598 -0.3780 -0.9239
vn -0.1533 -0.9687 -0.1951
vn -0.1444 -0.9125 -0.3827
vn -0.1533 -0.9687 0.1951
vn -0.1444 -0.9125 0.3827
vn -0.0598 -0.3780 0.9239
vn -0.0600 -0.3780 -0.9239
vn -0.1537 -0.9687 -0.1951
vn -0.1448 -0.9125 -0.3827
vn -0.1537 -0.9687 0.1951
vn -0.1448 -0.9125 0.3827
vn -0.0600 -0.3780 0.9239
vn -0.1538 -0.9687 -0.1951
vn -0.1449 -0.9125 -0.3827
vn -0.1538 -0.9687 0.1951
vn -0.1449 -0.9125 0.3827
vn -0.0540 -0.3788 -0.9239
vn -0.1383 -0.9709 -0.1955
vn -0.1303 -0.9146 -0.3827
vn -0.1383 -0.9709 0.1955
vn -0.1303 -0.9146 0.3827
vn -0.0540 -0.3788 0.9239
vn -0.1234 -0.9772 -0.1725
vn -0.1158 -0.9166 -0.3827
vn -0.1234 -0.9772 0.1725
vn -0.1158 -0.9166 0.3827
vt 0.000000 0.000000
vt 0.086957 0.000000
vt 0.043478 0.000000
vt 0.130435 0.000000
vt 1.000000 0.000000
vt 0.173913 0.000000
vt 0.956522 0.000000
vt 0.217391 0.000000
vt 0.913043 0.000000
vt 0.260870 0.000000
vt 0.869565 0.000000
vt 0.304348 0.000000
vt 0.826087 0.000000
vt 0.347826 0.000000
vt 0.782609 0.000000
vt 0.391304 0.000000
vt 0.739130 0.000000
vt 0.434783 0.000000
vt 0.695652 0.000000
vt 0.478261 0.000000
vt 0.521739 0.000000
vt 0.565217 0.000000
vt 0.652174 0.000000
vt 0.608696 0.000000
vt 0.000000 0.200000
vt 0.041667 0.200000
vt 0.041667 0.000000
vt 0.000000 0.400000
vt 0.041667 0.400000
vt 0.000000 0.600000
vt 0.041667 0.600000
vt 0.000000 0.800000
vt 0.041667 0.800000
vt 0.000000 1.000000
vt 0.041667 1.000000
vt 0.083333 0.200000
vt 0.083333 0.000000
vt 0.083333 0.400000
vt 0.083333 0.600000
vt 0.083333 0.800000
vt 0.083333 1.000000
vt 0.125000 0.200000
vt 0.125000 0.000000
vt 0.125000 0.400000
vt 0.125000 0.600000
vt 0.125000 0.800000
vt 0.125000 1.000000
vt 0.166667 0.200000
vt 0.166667 0.000000
vt 0.166667 0.400000
vt 0.166667 0.600000
vt 0.166667 0.800000
vt 0.166667 1.000000
vt 0.208333 0.200000
vt 0.208333 0.000000
vt 0.208333 0.400000
vt 0.208333 0.600000
vt 0.208333 0.800000
vt 0.208333 1.000000
vt 0.250000 0.200000
vt 0.250000 0.000000
vt 0.250000 0.400000
vt 0.250000 0.600000
vt 0.250000 0.800000
vt 0.250000 1.000000
vt 0.291667 0.200000
vt 0.291667 0.000000
vt 0.291667 0.400000
vt 0.291667 0.600000
vt 0.291667 0.800000
vt 0.291667 1.000000
vt 0.333333 0.200000
vt 0.333333 0.000000
vt 0.333333 0.400000
vt 0.333333 0.600000
vt 0.333333 0.800000
vt 0.333333 1.000000
vt 0.375000 0.200000
vt 0.375000 0.000000
vt 0.375000 0.400000
vt 0.375000 0.600000
vt 0.375000 0.800000
vt 0.375000 1.000000
vt 0.416667 0.200000
vt 0.416667 0.000000
vt 0.416667 0.400000
vt 0.416667 0.600000
vt 0.416667 0.800000
vt 0.416667 1.000000
vt 0.458333 0.200000
vt 0.458333 0.000000
vt 0.458333 0.400000
vt 0.458333 0.600000
vt 0.458333 0.800000
vt 0.458333 1.000000
vt 0.500000 0.200000
vt 0.500000 0.000000
vt 0.500000 0.400000
vt 0.500000 0.600000
vt 0.500000 0.800000
vt 0.500000 1.000000
vt 0.541667 0.200000
vt 0.541667 0.000000
vt 0.541667 0.400000
vt 0.541667 0.600000
vt 0.541667 0.800000
vt 0.541667 1.000000
vt 0.583333 0.200000
vt 0.583333 0.000000
vt 0.583333 0.400000
vt 0.583333 0.600000
vt 0.583333 0.800000
vt 0.583333 1.000000
vt 0.625000 0.200000
vt 0.625000 0.000000
vt 0.625000 0.400000
vt 0.625000 0.600000
vt 0.625000 0.800000
vt 0.625000 1.000000
vt 0.666667 0.200000
vt 0.666667 0.000000
vt 0.666667 0.400000
vt 0.666667 0.600000
vt 0.666667 0.800000
vt 0.666667 1.000000
vt 0.708333 0.200000
vt 0.708333 0.000000
vt 0.708333 0.400000
vt 0.708333 0.600000
vt 0.708333 0.800000
vt 0.708333 1.000000
vt 0.750000 0.200000
vt 0.750000 0.000000
vt 0.750000 0.400000
vt 0.750000 0.600000
vt 0.750000 0.800000
vt 0.750000 1.000000
vt 0.791667 0.200000
vt 0.791667 0.000000
vt 0.791667 0.400000
vt 0.791667 0.600000
vt 0.791667 0.800000
vt 0.791667 1.000000
vt 0.833333 0.200000
vt 0.833333 0.000000
vt 0.833333 0.400000
vt 0.833333 0.600000
vt 0.833333 0.800000
vt 0.833333 1.000000
vt 0.875000 0.200000
vt 0.875000 0.000000
vt 0.875000 0.400000
vt 0.875000 0.600000
vt 0.875000 0.800000
vt 0.875000 1.000000
vt 0.916667 0.200000
vt 0.916667 0.000000
vt 0.916667 0.400000
vt 0.916667 0.600000
vt 0.916667 0.800000
vt 0.916667 1.000000
vt 0.958333 0.200000
vt 0.958333 0.000000
vt 0.958333 0.400000
vt 0.958333 0.600000
vt 0.958333 0.800000
vt 0.958333 1.000000
vt 1.000000 0.200000
vt 1.000000 0.400000
vt 1.000000 0.600000
vt 1.000000 0.800000
vt 1.000000 1.000000
s 1
usemtl Gold_|_polished_trim
f 991/1164/1387 993/1165/1388 992/1166/1389
f 991/1164/1387 994/1167/1390 993/1165/1388
f 1014/1168/1391 994/1167/1390 991/1164/1387
f 1014/1168/1391 995/1169/1392 994/1167/1390
f 1013/1170/1393 995/1169/1392 1014/1168/1391
f 1013/1170/1393 996/1171/1394 995/1169/1392
f 1012/1172/1393 996/1171/1394 1013/1170/1393
f 1012/1172/1393 997/1173/1395 996/1171/1394
f 1011/1174/1396 997/1173/1395 1012/1172/1393
f 1011/1174/1396 998/1175/1397 997/1173/1395
f 1010/1176/1398 998/1175/1397 1011/1174/1396
f 1010/1176/1398 999/1177/1399 998/1175/1397
f 1009/1178/1400 999/1177/1399 1010/1176/1398
f 1009/1178/1400 1000/1179/1401 999/1177/1399
f 1008/1180/1402 1000/1179/1401 1009/1178/1400
f 1008/1180/1402 1001/1181/1403 1000/1179/1401
f 1007/1182/1404 1001/1181/1403 1008/1180/1402
f 1007/1182/1404 1002/1183/1405 1001/1181/1403
f 1007/1182/1404 1003/1184/1406 1002/1183/1405
f 1007/1182/1404 1004/1185/1407 1003/1184/1406
f 1006/1186/1408 1004/1185/1407 1007/1182/1404
f 1006/1186/1408 1005/1187/1409 1004/1185/1407
f 1015/1164/1410 1016/1166/1411 1017/1165/1412
f 1015/1164/1410 1017/1165/1412 1018/1167/1413
f 1038/1168/1414 1015/1164/1410 1018/1167/1413
f 1038/1168/1414 1018/1167/1413 1019/1169/1415
f 1037/1170/1416 1038/1168/1414 1019/1169/1415
f 1037/1170/1416 1019/1169/1415 1020/1171/1417
f 1036/1172/1416 1037/1170/1416 1020/1171/1417
f 1036/1172/1416 1020/1171/1417 1021/1173/1418
f 1035/1174/1419 1036/1172/1416 1021/1173/1418
f 1035/1174/1419 1021/1173/1418 1022/1175/1420
f 1034/1176/1421 1035/1174/1419 1022/1175/1420
f 1034/1176/1421 1022/1175/1420 1023/1177/1422
f 1033/1178/1423 1034/1176/1421 1023/1177/1422
f 1033/1178/1423 1023/1177/1422 1024/1179/1424
f 1032/1180/1425 1033/1178/1423 1024/1179/1424
f 1032/1180/1425 1024/1179/1424 1025/1181/1426
f 1031/1182/1427 1032/1180/1425 1025/1181/1426
f 1031/1182/1427 1025/1181/1426 1026/1183/1428
f 1031/1182/1427 1026/1183/1428 1027/1184/1429
f 1031/1182/1427 1027/1184/1429 1028/1185/1430
f 1030/1186/1431 1031/1182/1427 1028/1185/1430
f 1030/1186/1431 1028/1185/1430 1029/1187/1432
f 1039/1188/1433 1043/1189/1434 1016/1190/1411 1015/1164/1410
f 1040/1191/1435 1044/1192/1436 1043/1189/1437 1039/1188/1437
f 1041/1193/1438 1045/1194/1439 1044/1192/1436 1040/1191/1435
f 1042/1195/1440 1046/1196/1440 1045/1194/1439 1041/1193/1438
f 991/1197/1387 992/1198/1389 1046/1196/1441 1042/1195/1442
f 1043/1189/1434 1047/1199/1443 1017/1200/1412 1016/1190/1411
f 1044/1192/1444 1048/1201/1445 1047/1199/1446 1043/1189/1447
f 1045/1194/1448 1049/1202/1449 1048/1201/1445 1044/1192/1444
f 1046/1196/1450 1050/1203/1451 1049/1202/1449 1045/1194/1448
f 992/1198/1389 993/1204/1388 1050/1203/1452 1046/1196/1441
f 1047/1199/1443 1051/1205/1453 1018/1206/1413 1017/1200/1412
f 1048/1201/1445 1052/1207/1454 1051/1205/1455 1047/1199/1446
f 1049/1202/1449 1053/1208/1456 1052/1207/1454 1048/1201/1445
f 1050/1203/1451 1054/1209/1457 1053/1208/1456 1049/1202/1449
f 993/1204/1388 994/1210/1390 1054/1209/1458 1050/1203/1452
f 1051/1205/1453 1055/1211/1459 1019/1212/1415 1018/1206/1413
f 1052/1207/1454 1056/1213/1460 1055/1211/1461 1051/1205/1455
f 1053/1208/1456 1057/1214/1462 1056/1213/1460 1052/1207/1454
f 1054/1209/1457 1058/1215/1463 1057/1214/1462 1053/1208/1456
f 994/1210/1390 995/1216/1392 1058/1215/1464 1054/1209/1458
f 1055/1211/1459 1059/1217/1465 1020/1218/1417 1019/1212/1415
f 1056/1213/1460 1060/1219/1466 1059/1217/1467 1055/1211/1461
f 1057/1214/1462 1061/1220/1468 1060/1219/1466 1056/1213/1460
f 1058/1215/1463 1062/1221/1469 1061/1220/1468 1057/1214/1462
f 995/1216/1392 996/1222/1394 1062/1221/1470 1058/1215/1464
f 1059/1217/1465 1063/1223/1471 1021/1224/1418 1020/1218/1417
f 1060/1219/1466 1064/1225/1472 1063/1223/1473 1059/1217/1467
f 1061/1220/1468 1065/1226/1474 1064/1225/1472 1060/1219/1466
f 1062/1221/1469 1066/1227/1475 1065/1226/1474 1061/1220/1468
f 996/1222/1394 997/1228/1395 1066/1227/1476 1062/1221/1470
f 1063/1223/1471 1067/1229/1477 1022/1230/1420 1021/1224/1418
f 1064/1225/1472 1068/1231/1478 1067/1229/1479 1063/1223/1473
f 1065/1226/1474 1069/1232/1480 1068/1231/1478 1064/1225/1472
f 1066/1227/1475 1070/1233/1481 1069/1232/1480 1065/1226/1474
f 997/1228/1395 998/1234/1397 1070/1233/1482 1066/1227/1476
f 1067/1229/1477 1071/1235/1483 1023/1236/1422 1022/1230/1420
f 1068/1231/1478 1072/1237/1484 1071/1235/1485 1067/1229/1479
f 1069/1232/1480 1073/1238/1486 1072/1237/1484 1068/1231/1478
f 1070/1233/1481 1074/1239/1487 1073/1238/1486 1069/1232/1480
f 998/1234/1397 999/1240/1399 1074/1239/1488 1070/1233/1482
f 1071/1235/1483 1075/1241/1489 1024/1242/1424 1023/1236/1422
f 1072/1237/1484 1076/1243/1490 1075/1241/1491 1071/1235/1485
f 1073/1238/1486 1077/1244/1492 1076/1243/1490 1072/1237/1484
f 1074/1239/1487 1078/1245/1493 1077/1244/1492 1073/1238/1486
f 999/1240/1399 1000/1246/1401 1078/1245/1494 1074/1239/1488
f 1075/1241/1489 1079/1247/1495 1025/1248/1426 1024/1242/1424
f 1076/1243/1490 1080/1249/1496 1079/1247/1497 1075/1241/1491
f 1077/1244/1492 1081/1250/1498 1080/1249/1496 1076/1243/1490
f 1078/1245/1493 1082/1251/1499 1081/1250/1498 1077/1244/1492
f 1000/1246/1401 1001/1252/1403 1082/1251/1500 1078/1245/1494
f 1079/1247/1495 1083/1253/1501 1026/1254/1428 1025/1248/1426
f 1080/1249/1496 1084/1255/1502 1083/1253/1503 1079/1247/1497
f 1081/1250/1498 1085/1256/1504 1084/1255/1502 1080/1249/1496
f 1082/1251/1499 1086/1257/1505 1085/1256/1504 1081/1250/1498
f 1001/1252/1403 1002/1258/1405 1086/1257/1506 1082/1251/1500
f 1083/1253/1501 1087/1259/1507 1027/1260/1429 1026/1254/1428
f 1084/1255/1502 1088/1261/1508 1087/1259/1509 1083/1253/1503
f 1085/1256/1504 1089/1262/1510 1088/1261/1508 1084/1255/1502
f 1086/1257/1505 1090/1263/1511 1089/1262/1510 1085/1256/1504
f 1002/1258/1405 1003/1264/1406 1090/1263/1512 1086/1257/1506
f 1087/1259/1507 1091/1265/1513 1028/1266/1430 1027/1260/1429
f 1088/1261/1508 1092/1267/1514 1091/1265/1515 1087/1259/1509
f 1089/1262/1510 1093/1268/1516 1092/1267/1514 1088/1261/1508
f 1090/1263/1511 1094/1269/1517 1093/1268/1516 1089/1262/1510
f 1003/1264/1406 1004/1270/1407 1094/1269/1518 1090/1263/1512
f 1091/1265/1513 1095/1271/1519 1029/1272/1432 1028/1266/1430
f 1092/1267/1514 1096/1273/1520 1095/1271/1521 1091/1265/1515
f 1093/1268/1516 1097/1274/1522 1096/1273/1520 1092/1267/1514
f 1094/1269/1517 1098/1275/1523 1097/1274/1522 1093/1268/1516
f 1004/1270/1407 1005/1276/1409 1098/1275/1524 1094/1269/1518
f 1095/1271/1525 1099/1277/1526 1030/1278/1431 1029/1272/1432
f 1096/1273/1527 1100/1279/1528 1099/1277/1529 1095/1271/1530
f 1097/1274/1531 1101/1280/1532 1100/1279/1528 1096/1273/1527
f 1098/1275/1533 1102/1281/1534 1101/1280/1532 1097/1274/1531
f 1005/1276/1409 1006/1282/1408 1102/1281/1535 1098/1275/1536
f 1099/1277/1526 1103/1283/1537 1031/1284/1427 1030/1278/1431
f 1100/1279/1528 1104/1285/1538 1103/1283/1539 1099/1277/1529
f 1101/1280/1532 1105/1286/1540 1104/1285/1538 1100/1279/1528
f 1102/1281/1534 1106/1287/1541 1105/1286/1540 1101/1280/1532
f 1006/1282/1408 1007/1288/1404 1106/1287/1542 1102/1281/1535
f 1103/1283/1537 1107/1289/1543 1032/1290/1425 1031/1284/1427
f 1104/1285/1538 1108/1291/1544 1107/1289/1545 1103/1283/1539
f 1105/1286/1540 1109/1292/1546 1108/1291/1544 1104/1285/1538
f 1106/1287/1541 1110/1293/1547 1109/1292/1546 1105/1286/1540
f 1007/1288/1404 1008/1294/1402 1110/1293/1548 1106/1287/1542
f 1107/1289/1543 1111/1295/1549 1033/1296/1423 1032/1290/1425
f 1108/1291/1544 1112/1297/1550 1111/1295/1551 1107/1289/1545
f 1109/1292/1546 1113/1298/1552 1112/1297/1550 1108/1291/1544
f 1110/1293/1547 1114/1299/1553 1113/1298/1552 1109/1292/1546
f 1008/1294/1402 1009/1300/1400 1114/1299/1554 1110/1293/1548
f 1111/1295/1549 1115/1301/1555 1034/1302/1421 1033/1296/1423
f 1112/1297/1550 1116/1303/1556 1115/1301/1557 1111/1295/1551
f 1113/1298/1552 1117/1304/1558 1116/1303/1556 1112/1297/1550
f 1114/1299/1553 1118/1305/1559 1117/1304/1558 1113/1298/1552
f 1009/1300/1400 1010/1306/1398 1118/1305/1560 1114/1299/1554
f 1115/1301/1555 1119/1307/1561 1035/1308/1419 1034/1302/1421
f 1116/1303/1556 1120/1309/1562 1119/1307/1563 1115/1301/1557
f 1117/1304/1558 1121/1310/1564 1120/1309/1562 1116/1303/1556
f 1118/1305/1559 1122/1311/1565 1121/1310/1564 1117/1304/1558
f 1010/1306/1398 1011/1312/1396 1122/1311/1566 1118/1305/1560
f 1119/1307/1561 1123/1313/1567 1036/1314/1416 1035/1308/1419
f 1120/1309/1562 1124/1315/1568 1123/1313/1569 1119/1307/1563
f 1121/1310/1564 1125/1316/1570 1124/1315/1568 1120/1309/1562
f 1122/1311/1565 1126/1317/1571 1125/1316/1570 1121/1310/1564
f 1011/1312/1396 1012/1318/1393 1126/1317/1572 1122/1311/1566
f 1123/1313/1567 1127/1319/1567 1037/1320/1416 1036/1314/1416
f 1124/1315/1568 1128/1321/1573 1127/1319/1574 1123/1313/1569
f 1125/1316/1570 1129/1322/1575 1128/1321/1573 1124/1315/1568
f 1126/1317/1571 1130/1323/1576 1129/1322/1575 1125/1316/1570
f 1012/1318/1393 1013/1324/1393 1130/1323/1572 1126/1317/1572
f 1127/1319/1567 1131/1325/1577 1038/1326/1414 1037/1320/1416
f 1128/1321/1573 1132/1327/1578 1131/1325/1579 1127/1319/1574
f 1129/1322/1575 1133/1328/1580 1132/1327/1578 1128/1321/1573
f 1130/1323/1576 1134/1329/1581 1133/1328/1580 1129/1322/1575
f 1013/1324/1393 1014/1330/1391 1134/1329/1582 1130/1323/1572
f 1131/1325/1577 1039/1331/1433 1015/1168/1410 1038/1326/1414
f 1132/1327/1578 1040/1332/1583 1039/1331/1584 1131/1325/1579
f 1133/1328/1580 1041/1333/1585 1040/1332/1583 1132/1327/1578
f 1134/1329/1581 1042/1334/1586 1041/1333/1585 1133/1328/1580
f 1014/1330/1391 991/1335/1387 1042/1334/1442 1134/1329/1582
o Magazine
v -0.183077 -0.051436 0.017000
v -0.193974 -0.026154 0.017000
v -0.047949 0.032692 0.017000
v -0.084564 -0.078462 0.017000
v -0.183077 -0.051436 -0.017000
v -0.193974 -0.026154 -0.017000
v -0.047949 0.032692 -0.017000
v -0.084564 -0.078462 -0.017000
v -0.185136 -0.053804 -0.015828
v -0.185989 -0.054785 -0.013000
v -0.185989 -0.054785 0.013000
v -0.185136 -0.053804 0.015828
v -0.197718 -0.024613 -0.015828
v -0.199269 -0.023975 -0.013000
v -0.199269 -0.023975 0.013000
v -0.197718 -0.024613 0.015828
v -0.043357 0.037592 -0.015828
v -0.041455 0.039622 -0.013000
v -0.041455 0.039622 0.013000
v -0.043357 0.037592 0.015828
v -0.082719 -0.081901 -0.015828
v -0.081955 -0.083325 -0.013000
v -0.081955 -0.083325 0.013000
v -0.082719 -0.081901 0.015828
vn -0.1925 0.0792 0.9781
vn 0.1003 -0.1869 0.9772
vn 0.1004 0.1071 0.9892
vn -0.1481 -0.1703 0.9742
vn -0.1925 0.0792 -0.9781
vn 0.1004 0.1071 -0.9892
vn 0.1003 -0.1869 -0.9772
vn -0.1481 -0.1703 -0.9742
vn -0.2295 -0.2639 -0.9368
vn -0.2571 0.1058 -0.9606
vn -0.9028 -0.3891 -0.1831
vn -0.9052 -0.3902 -0.1687
vn -0.8484 -0.3657 -0.3827
vn -0.9028 -0.3891 0.1831
vn -0.9052 -0.3902 0.1687
vn -0.8484 -0.3657 0.3827
vn -0.2571 0.1058 0.9606
vn -0.2295 -0.2639 0.9368
vn -0.1430 0.3549 -0.9239
vn -0.3684 0.9142 -0.1687
vn -0.3701 0.9184 -0.1400
vn -0.3453 0.8569 -0.3827
vn -0.3684 0.9142 0.1687
vn -0.3701 0.9184 0.1400
vn -0.3453 0.8569 0.3827
vn -0.1430 0.3549 0.9239
vn 0.3635 -0.1197 -0.9239
vn 0.1359 -0.2534 -0.9578
vn 0.9404 -0.3098 -0.1400
vn 0.9359 -0.3083 -0.1707
vn 0.8775 -0.2891 -0.3827
vn 0.9404 -0.3098 0.1400
vn 0.9359 -0.3083 0.1707
vn 0.8775 -0.2891 0.3827
vn 0.1359 -0.2534 0.9578
vn 0.3635 -0.1197 0.9239
vn -0.2607 -0.9502 -0.1707
vn -0.2601 -0.9481 -0.1831
vn -0.2444 -0.8910 -0.3827
vn -0.2607 -0.9502 0.1707
vn -0.2601 -0.9481 0.1831
vn -0.2444 -0.8910 0.3827
vt 0.333333 0.000000
vt 1.000000 0.000000
vt 0.666667 0.000000
vt 0.000000 0.000000
vt 0.000000 0.200000
vt 0.250000 0.200000
vt 0.250000 0.000000
vt 0.000000 0.400000
vt 0.250000 0.400000
vt 0.000000 0.600000
vt 0.250000 0.600000
vt 0.000000 0.800000
vt 0.250000 0.800000
vt 0.000000 1.000000
vt 0.250000 1.000000
vt 0.500000 0.200000
vt 0.500000 0.000000
vt 0.500000 0.400000
vt 0.500000 0.600000
vt 0.500000 0.800000
vt 0.500000 1.000000
vt 0.750000 0.200000
vt 0.750000 0.000000
vt 0.750000 0.400000
vt 0.750000 0.600000
vt 0.750000 0.800000
vt 0.750000 1.000000
vt 1.000000 0.200000
vt 1.000000 0.400000
vt 1.000000 0.600000
vt 1.000000 0.800000
vt 1.000000 1.000000
s 1
usemtl Polymer_|_black
f 1136/1336/1587 1138/1337/1588 1137/1338/1589
f 1135/1339/1590 1138/1337/1588 1136/1336/1587
f 1140/1336/1591 1141/1338/1592 1142/1337/1593
f 1139/1339/1594 1140/1336/1591 1142/1337/1593
f 1143/1340/1595 1147/1341/1596 1140/1342/1591 1139/1339/1594
f 1144/1343/1597 1148/1344/1598 1147/1341/1599 1143/1340/1599
f 1145/1345/1600 1149/1346/1601 1148/1344/1598 1144/1343/1597
f 1146/1347/1602 1150/1348/1602 1149/1346/1601 1145/1345/1600
f 1135/1349/1590 1136/1350/1587 1150/1348/1603 1146/1347/1604
f 1147/1341/1596 1151/1351/1605 1141/1352/1592 1140/1342/1591
f 1148/1344/1606 1152/1353/1607 1151/1351/1608 1147/1341/1608
f 1149/1346/1609 1153/1354/1610 1152/1353/1607 1148/1344/1606
f 1150/1348/1611 1154/1355/1611 1153/1354/1610 1149/1346/1609
f 1136/1350/1587 1137/1356/1589 1154/1355/1612 1150/1348/1603
f 1151/1351/1613 1155/1357/1614 1142/1358/1593 1141/1352/1592
f 1152/1353/1615 1156/1359/1616 1155/1357/1617 1151/1351/1617
f 1153/1354/1618 1157/1360/1619 1156/1359/1616 1152/1353/1615
f 1154/1355/1620 1158/1361/1620 1157/1360/1619 1153/1354/1618
f 1137/1356/1589 1138/1362/1588 1158/1361/1621 1154/1355/1622
f 1155/1357/1614 1143/1363/1595 1139/1337/1594 1142/1358/1593
f 1156/1359/1623 1144/1364/1624 1143/1363/1625 1155/1357/1625
f 1157/1360/1626 1145/1365/1627 1144/1364/1624 1156/1359/1623
f 1158/1361/1628 1146/1366/1628 1145/1365/1627 1157/1360/1626
f 1138/1362/1588 1135/1367/1590 1146/1366/1604 1158/1361/1621
o Magazine_|_gold_base_plate
v -0.187436 -0.066256 0.019000
v -0.187436 -0.045333 0.019000
v -0.084564 -0.075410 0.019000
v -0.091538 -0.097641 0.019000
v -0.187436 -0.066256 -0.019000
v -0.187436 -0.045333 -0.019000
v -0.084564 -0.075410 -0.019000
v -0.091538 -0.097641 -0.019000
v -0.190264 -0.068307 -0.017828
v -0.191436 -0.069156 -0.015000
v -0.191436 -0.069156 0.015000
v -0.190264 -0.068307 0.017828
v -0.190264 -0.041560 -0.017828
v -0.191436 -0.039996 -0.015000
v -0.191436 -0.039996 0.015000
v -0.190264 -0.041560 0.017828
v -0.081002 -0.073505 -0.017828
v -0.079527 -0.072716 -0.015000
v -0.079527 -0.072716 0.015000
v -0.081002 -0.073505 0.017828
v -0.089697 -0.101220 -0.017828
v -0.088934 -0.102702 -0.015000
v -0.088934 -0.102702 0.015000
v -0.089697 -0.101220 0.017828
vn -0.1798 -0.1303 0.9750
vn 0.1838 0.0983 0.9780
vn -0.1140 0.1521 0.9818
vn 0.0956 -0.1857 0.9780
vn -0.1798 -0.1303 -0.9750
vn -0.1140 0.1521 -0.9818
vn 0.1838 0.0983 -0.9780
vn 0.0956 -0.1857 -0.9780
vn -0.2574 -0.1866 -0.9481
vn -0.3827 -0.0000 -0.9239
vn -0.9843 -0.0000 -0.1767
vn -0.9870 -0.0000 -0.1605
vn -0.9239 -0.0000 -0.3827
vn -0.9843 -0.0000 0.1767
vn -0.9870 -0.0000 0.1605
vn -0.9239 -0.0000 0.3827
vn -0.3827 -0.0000 0.9239
vn -0.2574 -0.1866 0.9481
vn 0.1074 0.3673 -0.9239
vn 0.2456 0.1314 -0.9604
vn 0.2770 0.9474 -0.1605
vn 0.2766 0.9460 -0.1688
vn 0.2593 0.8868 -0.3827
vn 0.2770 0.9474 0.1605
vn 0.2766 0.9460 0.1688
vn 0.2593 0.8868 0.3827
vn 0.2456 0.1314 0.9604
vn 0.1074 0.3673 0.9239
vn 0.1279 -0.2485 -0.9601
vn 0.9405 -0.2950 -0.1688
vn 0.9404 -0.2950 -0.1690
vn 0.8815 -0.2766 -0.3827
vn 0.9405 -0.2950 0.1688
vn 0.9404 -0.2950 0.1690
vn 0.8815 -0.2766 0.3827
vn 0.1279 -0.2485 0.9601
vn -0.3066 -0.9367 -0.1690
vn -0.3061 -0.9354 -0.1767
vn -0.2874 -0.8781 -0.3827
vn -0.3066 -0.9367 0.1690
vn -0.3061 -0.9354 0.1767
vn -0.2874 -0.8781 0.3827
vt 0.000000 0.000000
vt 0.666667 0.000000
vt 0.333333 0.000000
vt 1.000000 0.000000
vt 0.000000 0.200000
vt 0.250000 0.200000
vt 0.250000 0.000000
vt 0.000000 0.400000
vt 0.250000 0.400000
vt 0.000000 0.600000
vt 0.250000 0.600000
vt 0.000000 0.800000
vt 0.250000 0.800000
vt 0.000000 1.000000
vt 0.250000 1.000000
vt 0.500000 0.200000
vt 0.500000 0.000000
vt 0.500000 0.400000
vt 0.500000 0.600000
vt 0.500000 0.800000
vt 0.500000 1.000000
vt 0.750000 0.200000
vt 0.750000 0.000000
vt 0.750000 0.400000
vt 0.750000 0.600000
vt 0.750000 0.800000
vt 0.750000 1.000000
vt 1.000000 0.200000
vt 1.000000 0.400000
vt 1.000000 0.600000
vt 1.000000 0.800000
vt 1.000000 1.000000
s 1
usemtl Gold_|_polished_trim
f 1159/1368/1629 1161/1369/1630 1160/1370/1631
f 1162/1371/1632 1161/1369/1630 1159/1368/1629
f 1163/1368/1633 1164/1370/1634 1165/1369/1635
f 1166/1371/1636 1163/1368/1633 1165/1369/1635
f 1167/1372/1637 1171/1373/1638 1164/1374/1634 1163/1368/1633
f 1168/1375/1639 1172/1376/1640 1171/1373/1641 1167/1372/1641
f 1169/1377/1642 1173/1378/1643 1172/1376/1640 1168/1375/1639
f 1170/1379/1644 1174/1380/1644 1173/1378/1643 1169/1377/1642
f 1159/1381/1629 1160/1382/1631 1174/1380/1645 1170/1379/1646
f 1171/1373/1647 1175/1383/1648 1165/1384/1635 1164/1374/1634
f 1172/1376/1649 1176/1385/1650 1175/1383/1651 1171/1373/1651
f 1173/1378/1652 1177/1386/1653 1176/1385/1650 1172/1376/1649
f 1174/1380/1654 1178/1387/1654 1177/1386/1653 1173/1378/1652
f 1160/1382/1631 1161/1388/1630 1178/1387/1655 1174/1380/1656
f 1175/1383/1648 1179/1389/1657 1166/1390/1636 1165/1384/1635
f 1176/1385/1658 1180/1391/1659 1179/1389/1660 1175/1383/1660
f 1177/1386/1661 1181/1392/1662 1180/1391/1659 1176/1385/1658
f 1178/1387/1663 1182/1393/1663 1181/1392/1662 1177/1386/1661
f 1161/1388/1630 1162/1394/1632 1182/1393/1664 1178/1387/1655
f 1179/1389/1657 1167/1395/1637 1163/1371/1633 1166/1390/1636
f 1180/1391/1665 1168/1396/1666 1167/1395/1667 1179/1389/1667
f 1181/1392/1668 1169/1397/1669 1168/1396/1666 1180/1391/1665
f 1182/1393/1670 1170/1398/1670 1169/1397/1669 1181/1392/1668
f 1162/1394/1632 1159/1399/1629 1170/1398/1646 1182/1393/1664
o Grip_|_ivory_frame
v 0.000000 0.001308 0.018000
v 0.003769 0.008942 0.018000
v 0.006378 0.016207 0.018000
v 0.008521 0.023323 0.018000
v 0.010897 0.030513 0.018000
v 0.069744 0.029641 0.018000
v 0.069212 0.019711 0.018000
v 0.069052 0.009917 0.018000
v 0.068149 -0.000150 0.018000
v 0.065385 -0.010897 0.018000
v 0.062668 -0.016494 0.018000
v 0.059403 -0.020965 0.018000
v 0.055859 -0.025306 0.018000
v 0.052308 -0.030513 0.018000
v 0.049061 -0.036137 0.018000
v 0.046322 -0.041156 0.018000
v 0.043852 -0.046302 0.018000
v 0.041410 -0.052308 0.018000
v 0.039310 -0.057953 0.018000
v 0.037655 -0.063003 0.018000
v 0.036461 -0.068155 0.018000
v 0.035744 -0.074103 0.018000
v 0.035748 -0.078413 0.018000
v 0.036231 -0.082293 0.018000
v 0.036907 -0.086001 0.018000
v 0.037487 -0.089795 0.018000
v -0.043590 -0.061026 0.018000
v -0.043096 -0.059639 0.018000
v -0.042637 -0.058273 0.018000
v -0.042110 -0.056866 0.018000
v -0.041410 -0.055359 0.018000
v -0.036776 -0.047228 0.018000
v -0.031152 -0.038587 0.018000
v -0.024663 -0.029395 0.018000
v -0.017436 -0.019615 0.018000
v -0.012773 -0.014049 0.018000
v -0.008330 -0.009411 0.018000
v -0.004080 -0.004644 0.018000
v 0.000000 0.001308 -0.018000
v 0.003769 0.008942 -0.018000
v 0.006378 0.016207 -0.018000
v 0.008521 0.023323 -0.018000
v 0.010897 0.030513 -0.018000
v 0.069744 0.029641 -0.018000
v 0.069212 0.019711 -0.018000
v 0.069052 0.009917 -0.018000
v 0.068149 -0.000150 -0.018000
v 0.065385 -0.010897 -0.018000
v 0.062668 -0.016494 -0.018000
v 0.059403 -0.020965 -0.018000
v 0.055859 -0.025306 -0.018000
v 0.052308 -0.030513 -0.018000
v 0.049061 -0.036137 -0.018000
v 0.046322 -0.041156 -0.018000
v 0.043852 -0.046302 -0.018000
v 0.041410 -0.052308 -0.018000
v 0.039310 -0.057953 -0.018000
v 0.037655 -0.063003 -0.018000
v 0.036461 -0.068155 -0.018000
v 0.035744 -0.074103 -0.018000
v 0.035748 -0.078413 -0.018000
v 0.036231 -0.082293 -0.018000
v 0.036907 -0.086001 -0.018000
v 0.037487 -0.089795 -0.018000
v -0.043590 -0.061026 -0.018000
v -0.043096 -0.059639 -0.018000
v -0.042637 -0.058273 -0.018000
v -0.042110 -0.056866 -0.018000
v -0.041410 -0.055359 -0.018000
v -0.036776 -0.047228 -0.018000
v -0.031152 -0.038587 -0.018000
v -0.024663 -0.029395 -0.018000
v -0.017436 -0.019615 -0.018000
v -0.012773 -0.014049 -0.018000
v -0.008330 -0.009411 -0.018000
v -0.004080 -0.004644 -0.018000
v -0.002447 0.002741 -0.016828
v -0.003460 0.003334 -0.014000
v -0.003460 0.003334 0.014000
v -0.002447 0.002741 0.016828
v 0.001162 0.010050 -0.016828
v 0.000082 0.010509 -0.014000
v 0.000082 0.010509 0.014000
v 0.001162 0.010050 0.016828
v 0.003691 0.017093 -0.016828
v 0.002578 0.017460 -0.014000
v 0.002578 0.017460 0.014000
v 0.003691 0.017093 0.016828
v 0.005824 0.024174 -0.016828
v 0.004707 0.024527 -0.014000
v 0.004707 0.024527 0.014000
v 0.005824 0.024174 0.016828
v 0.008863 0.033372 -0.016828
v 0.008021 0.034556 -0.014000
v 0.008021 0.034556 0.014000
v 0.008863 0.033372 0.016828
v 0.072725 0.032426 -0.016828
v 0.073960 0.033579 -0.014000
v 0.073960 0.033579 0.014000
v 0.072725 0.032426 0.016828
v 0.072039 0.019612 -0.016828
v 0.073210 0.019571 -0.014000
v 0.073210 0.019571 0.014000
v 0.072039 0.019612 0.016828
v 0.071879 0.009767 -0.016828
v 0.073049 0.009705 -0.014000
v 0.073049 0.009705 0.014000
v 0.071879 0.009767 0.016828
v 0.070945 -0.000632 -0.016828
v 0.072104 -0.000831 -0.014000
v 0.072104 -0.000831 0.014000
v 0.070945 -0.000632 0.016828
v 0.068053 -0.011877 -0.016828
v 0.069159 -0.012283 -0.014000
v 0.069159 -0.012283 0.014000
v 0.068053 -0.011877 0.016828
v 0.065102 -0.017957 -0.016828
v 0.066110 -0.018563 -0.014000
v 0.066110 -0.018563 0.014000
v 0.065102 -0.017957 0.016828
v 0.061642 -0.022695 -0.016828
v 0.062570 -0.023411 -0.014000
v 0.062570 -0.023411 0.014000
v 0.061642 -0.022695 0.016828
v 0.058127 -0.027001 -0.016828
v 0.059067 -0.027703 -0.014000
v 0.059067 -0.027703 0.014000
v 0.058127 -0.027001 0.016828
v 0.054704 -0.032019 -0.016828
v 0.055697 -0.032643 -0.014000
v 0.055697 -0.032643 0.014000
v 0.054704 -0.032019 0.016828
v 0.051527 -0.037522 -0.016828
v 0.052549 -0.038095 -0.014000
v 0.052549 -0.038095 0.014000
v 0.051527 -0.037522 0.016828
v 0.048840 -0.042446 -0.016828
v 0.049883 -0.042981 -0.014000
v 0.049883 -0.042981 0.014000
v 0.048840 -0.042446 0.016828
v 0.046439 -0.047447 -0.016828
v 0.047511 -0.047922 -0.014000
v 0.047511 -0.047922 0.014000
v 0.046439 -0.047447 0.016828
v 0.044046 -0.053334 -0.016828
v 0.045138 -0.053758 -0.014000
v 0.045138 -0.053758 0.014000
v 0.044046 -0.053334 0.016828
v 0.041981 -0.058886 -0.016828
v 0.043087 -0.059273 -0.014000
v 0.043087 -0.059273 0.014000
v 0.041981 -0.058886 0.016828
v 0.040382 -0.063765 -0.016828
v 0.041512 -0.064080 -0.014000
v 0.041512 -0.064080 0.014000
v 0.040382 -0.063765 0.016828
v 0.039251 -0.068645 -0.016828
v 0.040406 -0.068848 -0.014000
v 0.040406 -0.068848 0.014000
v 0.039251 -0.068645 0.016828
v 0.038572 -0.074271 -0.016828
v 0.039744 -0.074341 -0.014000
v 0.039744 -0.074341 0.014000
v 0.038572 -0.074271 0.016828
v 0.038576 -0.078236 -0.016828
v 0.039747 -0.078162 -0.014000
v 0.039747 -0.078162 0.014000
v 0.038576 -0.078236 0.016828
v 0.039028 -0.081864 -0.016828
v 0.040187 -0.081686 -0.014000
v 0.040187 -0.081686 0.014000
v 0.039028 -0.081864 0.016828
v 0.039697 -0.085533 -0.016828
v 0.040853 -0.085340 -0.014000
v 0.040853 -0.085340 0.014000
v 0.039697 -0.085533 0.016828
v 0.040998 -0.094042 -0.016828
v 0.042452 -0.095801 -0.014000
v 0.042452 -0.095801 0.014000
v 0.040998 -0.094042 0.016828
v -0.047204 -0.062745 -0.016828
v -0.048701 -0.063456 -0.014000
v -0.048701 -0.063456 0.014000
v -0.047204 -0.062745 0.016828
v -0.045769 -0.058715 -0.016828
v -0.046877 -0.058331 -0.014000
v -0.046877 -0.058331 0.014000
v -0.045769 -0.058715 0.016828
v -0.045303 -0.057325 -0.016828
v -0.046407 -0.056933 -0.014000
v -0.046407 -0.056933 0.014000
v -0.045303 -0.057325 0.016828
v -0.044720 -0.055773 -0.016828
v -0.045802 -0.055320 -0.014000
v -0.045802 -0.055320 0.014000
v -0.044720 -0.055773 0.016828
v -0.043926 -0.054061 -0.016828
v -0.044968 -0.053524 -0.014000
v -0.044968 -0.053524 0.014000
v -0.043926 -0.054061 0.016828
v -0.039192 -0.045755 -0.016828
v -0.040193 -0.045145 -0.014000
v -0.040193 -0.045145 0.014000
v -0.039192 -0.045755 0.016828
v -0.033493 -0.036999 -0.016828
v -0.034463 -0.036341 -0.014000
v -0.034463 -0.036341 0.014000
v -0.033493 -0.036999 0.016828
v -0.026956 -0.027739 -0.016828
v -0.027906 -0.027053 -0.014000
v -0.027906 -0.027053 0.014000
v -0.026956 -0.027739 0.016828
v -0.019659 -0.017865 -0.016828
v -0.020581 -0.017140 -0.014000
v -0.020581 -0.017140 0.014000
v -0.019659 -0.017865 0.016828
v -0.014881 -0.012160 -0.016828
v -0.015754 -0.011378 -0.014000
v -0.015754 -0.011378 0.014000
v -0.014881 -0.012160 0.016828
v -0.010407 -0.007491 -0.016828
v -0.011268 -0.006695 -0.014000
v -0.011268 -0.006695 0.014000
v -0.010407 -0.007491 0.016828
v -0.006311 -0.002896 -0.016828
v -0.007235 -0.002173 -0.014000
v -0.007235 -0.002173 0.014000
v -0.006311 -0.002896 0.016828
vn -0.1875 0.0592 0.9805
vn 0.1515 0.1415 0.9783
vn -0.1286 0.1807 0.9751
vn 0.1927 -0.0067 0.9812
vn -0.1823 0.0601 0.9814
vn 0.1991 -0.0105 0.9799
vn -0.1730 0.0735 0.9822
vn 0.2012 -0.0347 0.9789
vn -0.1606 0.0941 0.9825
vn -0.1473 0.1154 0.9823
vn 0.1935 -0.0710 0.9785
vn -0.1417 0.1309 0.9812
vn -0.1482 0.1328 0.9800
vn 0.1757 -0.1056 0.9788
vn -0.1561 0.1229 0.9801
vn 0.1569 -0.1212 0.9802
vn -0.1592 0.1150 0.9805
vn 0.1520 -0.1136 0.9818
vn 0.1613 -0.1014 0.9817
vn -0.1633 0.1107 0.9803
vn 0.1689 -0.0948 0.9811
vn 0.1708 -0.0875 0.9814
vn -0.1695 0.1033 0.9801
vn 0.1750 -0.0775 0.9815
vn 0.1801 -0.0701 0.9811
vn -0.1777 0.0916 0.9798
vn 0.1819 -0.0636 0.9813
vn -0.1840 0.0771 0.9799
vn -0.1858 0.0660 0.9804
vn 0.1826 -0.0510 0.9819
vn -0.1834 0.0634 0.9810
vn -0.1892 -0.0900 0.9778
vn 0.1088 -0.1316 0.9853
vn 0.1894 0.0291 0.9815
vn 0.1870 0.0117 0.9823
vn 0.1872 -0.0112 0.9823
vn 0.1856 -0.0326 0.9821
vn 0.1941 0.0325 0.9804
vn -0.1875 0.0592 -0.9805
vn -0.1286 0.1807 -0.9751
vn 0.1515 0.1415 -0.9783
vn 0.1927 -0.0067 -0.9812
vn -0.1823 0.0601 -0.9814
vn 0.1991 -0.0105 -0.9799
vn -0.1730 0.0735 -0.9822
vn 0.2012 -0.0347 -0.9789
vn -0.1606 0.0941 -0.9825
vn -0.1473 0.1154 -0.9823
vn 0.1935 -0.0710 -0.9785
vn -0.1417 0.1309 -0.9812
vn -0.1482 0.1328 -0.9800
vn 0.1757 -0.1056 -0.9788
vn -0.1561 0.1229 -0.9801
vn 0.1569 -0.1212 -0.9802
vn -0.1592 0.1150 -0.9805
vn 0.1520 -0.1136 -0.9818
vn 0.1613 -0.1014 -0.9817
vn -0.1633 0.1107 -0.9803
vn 0.1689 -0.0948 -0.9811
vn 0.1708 -0.0875 -0.9814
vn -0.1695 0.1033 -0.9801
vn 0.1750 -0.0775 -0.9815
vn 0.1801 -0.0701 -0.9811
vn -0.1777 0.0916 -0.9798
vn 0.1819 -0.0636 -0.9813
vn -0.1840 0.0771 -0.9799
vn -0.1858 0.0660 -0.9804
vn 0.1826 -0.0510 -0.9819
vn -0.1834 0.0634 -0.9810
vn -0.1892 -0.0900 -0.9778
vn 0.1088 -0.1316 -0.9853
vn 0.1894 0.0291 -0.9815
vn 0.1870 0.0117 -0.9823
vn 0.1872 -0.0112 -0.9823
vn 0.1856 -0.0326 -0.9821
vn 0.1941 0.0325 -0.9804
vn -0.3295 0.1930 -0.9242
vn -0.3517 0.1494 -0.9241
vn -0.8460 0.4954 -0.1972
vn -0.9024 0.3833 -0.1967
vn -0.8501 0.3611 -0.3832
vn -0.7969 0.4667 -0.3835
vn -0.8460 0.4954 0.1972
vn -0.9024 0.3833 0.1967
vn -0.7969 0.4667 0.3835
vn -0.8501 0.3611 0.3832
vn -0.3517 0.1494 0.9241
vn -0.3295 0.1930 0.9242
vn -0.3633 0.1199 -0.9239
vn -0.9313 0.3072 -0.1958
vn -0.8773 0.2894 -0.3828
vn -0.9313 0.3072 0.1958
vn -0.8773 0.2894 0.3828
vn -0.3633 0.1199 0.9239
vn -0.3649 0.1152 -0.9239
vn -0.9353 0.2954 -0.1948
vn -0.8810 0.2782 -0.3827
vn -0.9353 0.2954 0.1948
vn -0.8810 0.2782 0.3827
vn -0.3649 0.1152 0.9239
vn -0.1836 0.2581 -0.9485
vn -0.9346 0.3088 -0.1764
vn -0.8772 0.2899 -0.3827
vn -0.9346 0.3088 0.1764
vn -0.8772 0.2899 0.3827
vn -0.1836 0.2581 0.9485
vn 0.2017 0.1884 -0.9612
vn 0.0146 0.9842 -0.1764
vn 0.0146 0.9856 -0.1683
vn 0.0137 0.9238 -0.3827
vn 0.0146 0.9842 0.1764
vn 0.0146 0.9856 0.1683
vn 0.0137 0.9238 0.3827
vn 0.2017 0.1884 0.9612
vn 0.3824 -0.0133 -0.9239
vn 0.9843 -0.0527 -0.1683
vn 0.9801 -0.0342 -0.1956
vn 0.9233 -0.0322 -0.3827
vn 0.9226 -0.0494 -0.3827
vn 0.9843 -0.0527 0.1683
vn 0.9801 -0.0342 0.1956
vn 0.9226 -0.0494 0.3827
vn 0.9233 -0.0322 0.3827
vn 0.3824 -0.0133 0.9239
vn 0.3819 -0.0202 -0.9240
vn 0.9796 -0.0519 -0.1943
vn 0.9225 -0.0489 -0.3829
vn 0.9796 -0.0519 0.1943
vn 0.9225 -0.0489 0.3829
vn 0.3819 -0.0202 0.9240
vn 0.3761 -0.0648 -0.9243
vn 0.9668 -0.1666 -0.1938
vn 0.9100 -0.1568 -0.3838
vn 0.9668 -0.1666 0.1938
vn 0.9100 -0.1568 0.3838
vn 0.3761 -0.0648 0.9243
vn 0.3577 -0.1313 -0.9246
vn 0.9210 -0.3381 -0.1936
vn 0.8667 -0.3181 -0.3843
vn 0.9210 -0.3381 0.1936
vn 0.8667 -0.3181 0.3843
vn 0.3577 -0.1313 0.9246
vn 0.3269 -0.1965 -0.9244
vn 0.8408 -0.5055 -0.1937
vn 0.7913 -0.4758 -0.3840
vn 0.8408 -0.5055 0.1937
vn 0.7913 -0.4758 0.3840
vn 0.3269 -0.1965 0.9244
vn 0.3028 -0.2339 -0.9239
vn 0.7763 -0.5996 -0.1945
vn 0.7311 -0.5647 -0.3828
vn 0.7763 -0.5996 0.1945
vn 0.7311 -0.5647 0.3828
vn 0.3028 -0.2339 0.9239
vn 0.3063 -0.2289 -0.9240
vn 0.7855 -0.5868 -0.1963
vn 0.7400 -0.5529 -0.3830
vn 0.7855 -0.5868 0.1963
vn 0.7400 -0.5529 0.3830
vn 0.3063 -0.2289 0.9240
vn 0.3238 -0.2035 -0.9240
vn 0.8302 -0.5218 -0.1961
vn 0.7821 -0.4916 -0.3829
vn 0.8302 -0.5218 0.1961
vn 0.7821 -0.4916 0.3829
vn 0.3238 -0.2035 0.9240
vn 0.3337 -0.1873 -0.9239
vn 0.8552 -0.4801 -0.1954
vn 0.8056 -0.4523 -0.3827
vn 0.8552 -0.4801 0.1954
vn 0.8056 -0.4523 0.3827
vn 0.3337 -0.1873 0.9239
vn 0.3405 -0.1745 -0.9239
vn 0.8727 -0.4472 -0.1958
vn 0.8222 -0.4213 -0.3828
vn 0.8727 -0.4472 0.1958
vn 0.8222 -0.4213 0.3828
vn 0.3405 -0.1745 0.9239
vn 0.3498 -0.1549 -0.9239
vn 0.8967 -0.3970 -0.1959
vn 0.8447 -0.3740 -0.3828
vn 0.8967 -0.3970 0.1959
vn 0.8447 -0.3740 0.3828
vn 0.3498 -0.1549 0.9239
vn 0.3566 -0.1388 -0.9239
vn 0.9140 -0.3557 -0.1955
vn 0.8610 -0.3350 -0.3827
vn 0.9140 -0.3557 0.1955
vn 0.8610 -0.3350 0.3827
vn 0.3566 -0.1388 0.9239
vn 0.3612 -0.1263 -0.9239
vn 0.9257 -0.3237 -0.1956
vn 0.8721 -0.3050 -0.3827
vn 0.9257 -0.3237 0.1956
vn 0.8721 -0.3050 0.3827
vn 0.3612 -0.1263 0.9239
vn 0.3683 -0.1028 -0.9240
vn 0.9444 -0.2637 -0.1963
vn 0.8897 -0.2484 -0.3830
vn 0.9444 -0.2637 0.1963
vn 0.8897 -0.2484 0.3830
vn 0.3683 -0.1028 0.9240
vn 0.3764 -0.0661 -0.9241
vn 0.9657 -0.1697 -0.1966
vn 0.9097 -0.1598 -0.3832
vn 0.9657 -0.1697 0.1966
vn 0.9097 -0.1598 0.3832
vn 0.3764 -0.0661 0.9241
vn 0.3814 -0.0227 -0.9241
vn 0.9787 -0.0584 -0.1969
vn 0.9220 -0.0550 -0.3833
vn 0.9787 -0.0584 0.1969
vn 0.9220 -0.0550 0.3833
vn 0.3814 -0.0227 0.9241
vn 0.3813 0.0239 -0.9241
vn 0.9785 0.0612 -0.1969
vn 0.9218 0.0577 -0.3833
vn 0.9785 0.0612 0.1969
vn 0.9218 0.0577 0.3833
vn 0.3813 0.0239 0.9241
vn 0.3781 0.0580 -0.9239
vn 0.9693 0.1487 -0.1958
vn 0.9131 0.1400 -0.3828
vn 0.9693 0.1487 0.1958
vn 0.9131 0.1400 0.3828
vn 0.3781 0.0580 0.9239
vn 0.3774 0.0632 -0.9239
vn 0.9674 0.1620 -0.1948
vn 0.9112 0.1526 -0.3827
vn 0.9674 0.1620 0.1948
vn 0.9112 0.1526 0.3827
vn 0.3774 0.0632 0.9239
vn 0.3783 0.0578 -0.9239
vn 0.9771 0.1493 -0.1518
vn 0.9133 0.1396 -0.3827
vn 0.9771 0.1493 0.1518
vn 0.9133 0.1396 0.3827
vn 0.3783 0.0578 0.9239
vn -0.1280 -0.3607 -0.9239
vn -0.2537 -0.1207 -0.9597
vn -0.3305 -0.9315 -0.1518
vn -0.3296 -0.9288 -0.1693
vn -0.3090 -0.8707 -0.3827
vn -0.3305 -0.9315 0.1518
vn -0.3296 -0.9288 0.1693
vn -0.3090 -0.8707 0.3827
vn -0.2537 -0.1207 0.9597
vn -0.1280 -0.3607 0.9239
vn -0.3616 0.1251 -0.9239
vn -0.9285 0.3304 -0.1693
vn -0.9269 0.3206 -0.1953
vn -0.8731 0.3020 -0.3827
vn -0.8704 0.3098 -0.3827
vn -0.9285 0.3304 0.1693
vn -0.9269 0.3206 0.1953
vn -0.8704 0.3098 0.3827
vn -0.8731 0.3020 0.3827
vn -0.3616 0.1251 0.9239
vn -0.3605 0.1282 -0.9239
vn -0.9242 0.3285 -0.1947
vn -0.8705 0.3094 -0.3827
vn -0.9242 0.3285 0.1947
vn -0.8705 0.3094 0.3827
vn -0.3605 0.1282 0.9239
vn -0.3528 0.1478 -0.9240
vn -0.9048 0.3790 -0.1943
vn -0.8521 0.3569 -0.3829
vn -0.9048 0.3790 0.1943
vn -0.8521 0.3569 0.3829
vn -0.3528 0.1478 0.9240
vn -0.3399 0.1753 -0.9240
vn -0.8718 0.4497 -0.1943
vn -0.8210 0.4235 -0.3830
vn -0.8718 0.4497 0.1943
vn -0.8210 0.4235 0.3830
vn -0.3399 0.1753 0.9240
vn -0.3266 0.1991 -0.9239
vn -0.8375 0.5106 -0.1945
vn -0.7888 0.4809 -0.3828
vn -0.8375 0.5106 0.1945
vn -0.7888 0.4809 0.3828
vn -0.3266 0.1991 0.9239
vn -0.3167 0.2147 -0.9239
vn -0.8118 0.5505 -0.1947
vn -0.7646 0.5185 -0.3827
vn -0.8118 0.5505 0.1947
vn -0.7646 0.5185 0.3827
vn -0.3167 0.2147 0.9239
vn -0.3102 0.2241 -0.9239
vn -0.7951 0.5743 -0.1948
vn -0.7489 0.5410 -0.3827
vn -0.7951 0.5743 0.1948
vn -0.7489 0.5410 0.3827
vn -0.3102 0.2241 0.9239
vn -0.3006 0.2366 -0.9239
vn -0.7708 0.6067 -0.1945
vn -0.7259 0.5714 -0.3828
vn -0.7708 0.6067 0.1945
vn -0.7259 0.5714 0.3828
vn -0.3006 0.2366 0.9239
vn -0.2849 0.2553 -0.9240
vn -0.7305 0.6546 -0.1944
vn -0.6880 0.6165 -0.3829
vn -0.7305 0.6546 0.1944
vn -0.6880 0.6165 0.3829
vn -0.2849 0.2553 0.9240
vn -0.2810 0.2597 -0.9239
vn -0.7202 0.6657 -0.1955
vn -0.6784 0.6271 -0.3827
vn -0.7202 0.6657 0.1955
vn -0.6784 0.6271 0.3827
vn -0.2810 0.2597 0.9239
vn -0.3007 0.2356 -0.9242
vn -0.7718 0.6046 -0.1970
vn -0.7271 0.5696 -0.3833
vn -0.7718 0.6046 0.1970
vn -0.7271 0.5696 0.3833
vn -0.3007 0.2356 0.9242
vt 0.081081 0.000000
vt 0.135135 0.000000
vt 0.108108 0.000000
vt 0.162162 0.000000
vt 0.054054 0.000000
vt 0.189189 0.000000
vt 0.027027 0.000000
vt 0.216216 0.000000
vt 0.000000 0.000000
vt 1.000000 0.000000
vt 0.243243 0.000000
vt 0.972973 0.000000
vt 0.945946 0.000000
vt 0.270270 0.000000
vt 0.918919 0.000000
vt 0.297297 0.000000
vt 0.891892 0.000000
vt 0.324324 0.000000
vt 0.351351 0.000000
vt 0.864865 0.000000
vt 0.378378 0.000000
vt 0.405405 0.000000
vt 0.837838 0.000000
vt 0.432432 0.000000
vt 0.459459 0.000000
vt 0.810811 0.000000
vt 0.486486 0.000000
vt 0.783784 0.000000
vt 0.756757 0.000000
vt 0.513514 0.000000
vt 0.729730 0.000000
vt 0.702703 0.000000
vt 0.675676 0.000000
vt 0.621622 0.000000
vt 0.594595 0.000000
vt 0.567568 0.000000
vt 0.540541 0.000000
vt 0.648649 0.000000
vt 0.000000 0.200000
vt 0.026316 0.200000
vt 0.026316 0.000000
vt 0.000000 0.400000
vt 0.026316 0.400000
vt 0.000000 0.600000
vt 0.026316 0.600000
vt 0.000000 0.800000
vt 0.026316 0.800000
vt 0.000000 1.000000
vt 0.026316 1.000000
vt 0.052632 0.200000
vt 0.052632 0.000000
vt 0.052632 0.400000
vt 0.052632 0.600000
vt 0.052632 0.800000
vt 0.052632 1.000000
vt 0.078947 0.200000
vt 0.078947 0.000000
vt 0.078947 0.400000
vt 0.078947 0.600000
vt 0.078947 0.800000
vt 0.078947 1.000000
vt 0.105263 0.200000
vt 0.105263 0.000000
vt 0.105263 0.400000
vt 0.105263 0.600000
vt 0.105263 0.800000
vt 0.105263 1.000000
vt 0.131579 0.200000
vt 0.131579 0.000000
vt 0.131579 0.400000
vt 0.131579 0.600000
vt 0.131579 0.800000
vt 0.131579 1.000000
vt 0.157895 0.200000
vt 0.157895 0.000000
vt 0.157895 0.400000
vt 0.157895 0.600000
vt 0.157895 0.800000
vt 0.157895 1.000000
vt 0.184211 0.200000
vt 0.184211 0.000000
vt 0.184211 0.400000
vt 0.184211 0.600000
vt 0.184211 0.800000
vt 0.184211 1.000000
vt 0.210526 0.200000
vt 0.210526 0.000000
vt 0.210526 0.400000
vt 0.210526 0.600000
vt 0.210526 0.800000
vt 0.210526 1.000000
vt 0.236842 0.200000
vt 0.236842 0.000000
vt 0.236842 0.400000
vt 0.236842 0.600000
vt 0.236842 0.800000
vt 0.236842 1.000000
vt 0.263158 0.200000
vt 0.263158 0.000000
vt 0.263158 0.400000
vt 0.263158 0.600000
vt 0.263158 0.800000
vt 0.263158 1.000000
vt 0.289474 0.200000
vt 0.289474 0.000000
vt 0.289474 0.400000
vt 0.289474 0.600000
vt 0.289474 0.800000
vt 0.289474 1.000000
vt 0.315789 0.200000
vt 0.315789 0.000000
vt 0.315789 0.400000
vt 0.315789 0.600000
vt 0.315789 0.800000
vt 0.315789 1.000000
vt 0.342105 0.200000
vt 0.342105 0.000000
vt 0.342105 0.400000
vt 0.342105 0.600000
vt 0.342105 0.800000
vt 0.342105 1.000000
vt 0.368421 0.200000
vt 0.368421 0.000000
vt 0.368421 0.400000
vt 0.368421 0.600000
vt 0.368421 0.800000
vt 0.368421 1.000000
vt 0.394737 0.200000
vt 0.394737 0.000000
vt 0.394737 0.400000
vt 0.394737 0.600000
vt 0.394737 0.800000
vt 0.394737 1.000000
vt 0.421053 0.200000
vt 0.421053 0.000000
vt 0.421053 0.400000
vt 0.421053 0.600000
vt 0.421053 0.800000
vt 0.421053 1.000000
vt 0.447368 0.200000
vt 0.447368 0.000000
vt 0.447368 0.400000
vt 0.447368 0.600000
vt 0.447368 0.800000
vt 0.447368 1.000000
vt 0.473684 0.200000
vt 0.473684 0.000000
vt 0.473684 0.400000
vt 0.473684 0.600000
vt 0.473684 0.800000
vt 0.473684 1.000000
vt 0.500000 0.200000
vt 0.500000 0.000000
vt 0.500000 0.400000
vt 0.500000 0.600000
vt 0.500000 0.800000
vt 0.500000 1.000000
vt 0.526316 0.200000
vt 0.526316 0.000000
vt 0.526316 0.400000
vt 0.526316 0.600000
vt 0.526316 0.800000
vt 0.526316 1.000000
vt 0.552632 0.200000
vt 0.552632 0.000000
vt 0.552632 0.400000
vt 0.552632 0.600000
vt 0.552632 0.800000
vt 0.552632 1.000000
vt 0.578947 0.200000
vt 0.578947 0.000000
vt 0.578947 0.400000
vt 0.578947 0.600000
vt 0.578947 0.800000
vt 0.578947 1.000000
vt 0.605263 0.200000
vt 0.605263 0.000000
vt 0.605263 0.400000
vt 0.605263 0.600000
vt 0.605263 0.800000
vt 0.605263 1.000000
vt 0.631579 0.200000
vt 0.631579 0.000000
vt 0.631579 0.400000
vt 0.631579 0.600000
vt 0.631579 0.800000
vt 0.631579 1.000000
vt 0.657895 0.200000
vt 0.657895 0.000000
vt 0.657895 0.400000
vt 0.657895 0.600000
vt 0.657895 0.800000
vt 0.657895 1.000000
vt 0.684211 0.200000
vt 0.684211 0.000000
vt 0.684211 0.400000
vt 0.684211 0.600000
vt 0.684211 0.800000
vt 0.684211 1.000000
vt 0.710526 0.200000
vt 0.710526 0.000000
vt 0.710526 0.400000
vt 0.710526 0.600000
vt 0.710526 0.800000
vt 0.710526 1.000000
vt 0.736842 0.200000
vt 0.736842 0.000000
vt 0.736842 0.400000
vt 0.736842 0.600000
vt 0.736842 0.800000
vt 0.736842 1.000000
vt 0.763158 0.200000
vt 0.763158 0.000000
vt 0.763158 0.400000
vt 0.763158 0.600000
vt 0.763158 0.800000
vt 0.763158 1.000000
vt 0.789474 0.200000
vt 0.789474 0.000000
vt 0.789474 0.400000
vt 0.789474 0.600000
vt 0.789474 0.800000
vt 0.789474 1.000000
vt 0.815789 0.200000
vt 0.815789 0.000000
vt 0.815789 0.400000
vt 0.815789 0.600000
vt 0.815789 0.800000
vt 0.815789 1.000000
vt 0.842105 0.200000
vt 0.842105 0.000000
vt 0.842105 0.400000
vt 0.842105 0.600000
vt 0.842105 0.800000
vt 0.842105 1.000000
vt 0.868421 0.200000
vt 0.868421 0.000000
vt 0.868421 0.400000
vt 0.868421 0.600000
vt 0.868421 0.800000
vt 0.868421 1.000000
vt 0.894737 0.200000
vt 0.894737 0.000000
vt 0.894737 0.400000
vt 0.894737 0.600000
vt 0.894737 0.800000
vt 0.894737 1.000000
vt 0.921053 0.200000
vt 0.921053 0.000000
vt 0.921053 0.400000
vt 0.921053 0.600000
vt 0.921053 0.800000
vt 0.921053 1.000000
vt 0.947368 0.200000
vt 0.947368 0.000000
vt 0.947368 0.400000
vt 0.947368 0.600000
vt 0.947368 0.800000
vt 0.947368 1.000000
vt 0.973684 0.200000
vt 0.973684 0.000000
vt 0.973684 0.400000
vt 0.973684 0.600000
vt 0.973684 0.800000
vt 0.973684 1.000000
vt 1.000000 0.200000
vt 1.000000 0.400000
vt 1.000000 0.600000
vt 1.000000 0.800000
vt 1.000000 1.000000
s 1
usemtl Enamel_|_ivory
f 1186/1400/1671 1188/1401/1672 1187/1402/1673
f 1186/1400/1671 1189/1403/1674 1188/1401/1672
f 1185/1404/1675 1189/1403/1674 1186/1400/1671
f 1185/1404/1675 1190/1405/1676 1189/1403/1674
f 1184/1406/1677 1190/1405/1676 1185/1404/1675
f 1184/1406/1677 1191/1407/1678 1190/1405/1676
f 1183/1408/1679 1191/1407/1678 1184/1406/1677
f 1220/1409/1680 1191/1407/1678 1183/1408/1679
f 1220/1409/1680 1192/1410/1681 1191/1407/1678
f 1219/1411/1682 1192/1410/1681 1220/1409/1680
f 1218/1412/1683 1192/1410/1681 1219/1411/1682
f 1218/1412/1683 1193/1413/1684 1192/1410/1681
f 1217/1414/1685 1193/1413/1684 1218/1412/1683
f 1217/1414/1685 1194/1415/1686 1193/1413/1684
f 1216/1416/1687 1194/1415/1686 1217/1414/1685
f 1216/1416/1687 1195/1417/1688 1194/1415/1686
f 1216/1416/1687 1196/1418/1689 1195/1417/1688
f 1215/1419/1690 1196/1418/1689 1216/1416/1687
f 1215/1419/1690 1197/1420/1691 1196/1418/1689
f 1215/1419/1690 1198/1421/1692 1197/1420/1691
f 1214/1422/1693 1198/1421/1692 1215/1419/1690
f 1214/1422/1693 1199/1423/1694 1198/1421/1692
f 1214/1422/1693 1200/1424/1695 1199/1423/1694
f 1213/1425/1696 1200/1424/1695 1214/1422/1693
f 1213/1425/1696 1201/1426/1697 1200/1424/1695
f 1212/1427/1698 1201/1426/1697 1213/1425/1696
f 1211/1428/1699 1201/1426/1697 1212/1427/1698
f 1211/1428/1699 1202/1429/1700 1201/1426/1697
f 1210/1430/1701 1202/1429/1700 1211/1428/1699
f 1209/1431/1702 1202/1429/1700 1210/1430/1701
f 1208/1432/1703 1206/1433/1704 1209/1431/1702
f 1206/1433/1704 1205/1434/1705 1209/1431/1702
f 1205/1434/1705 1204/1435/1706 1209/1431/1702
f 1204/1435/1706 1203/1436/1707 1209/1431/1702
f 1203/1436/1707 1202/1429/1700 1209/1431/1702
f 1208/1432/1703 1207/1437/1708 1206/1433/1704
f 1224/1400/1709 1225/1402/1710 1226/1401/1711
f 1224/1400/1709 1226/1401/1711 1227/1403/1712
f 1223/1404/1713 1224/1400/1709 1227/1403/1712
f 1223/1404/1713 1227/1403/1712 1228/1405/1714
f 1222/1406/1715 1223/1404/1713 1228/1405/1714
f 1222/1406/1715 1228/1405/1714 1229/1407/1716
f 1221/1408/1717 1222/1406/1715 1229/1407/1716
f 1258/1409/1718 1221/1408/1717 1229/1407/1716
f 1258/1409/1718 1229/1407/1716 1230/1410/1719
f 1257/1411/1720 1258/1409/1718 1230/1410/1719
f 1256/1412/1721 1257/1411/1720 1230/1410/1719
f 1256/1412/1721 1230/1410/1719 1231/1413/1722
f 1255/1414/1723 1256/1412/1721 1231/1413/1722
f 1255/1414/1723 1231/1413/1722 1232/1415/1724
f 1254/1416/1725 1255/1414/1723 1232/1415/1724
f 1254/1416/1725 1232/1415/1724 1233/1417/1726
f 1254/1416/1725 1233/1417/1726 1234/1418/1727
f 1253/1419/1728 1254/1416/1725 1234/1418/1727
f 1253/1419/1728 1234/1418/1727 1235/1420/1729
f 1253/1419/1728 1235/1420/1729 1236/1421/1730
f 1252/1422/1731 1253/1419/1728 1236/1421/1730
f 1252/1422/1731 1236/1421/1730 1237/1423/1732
f 1252/1422/1731 1237/1423/1732 1238/1424/1733
f 1251/1425/1734 1252/1422/1731 1238/1424/1733
f 1251/1425/1734 1238/1424/1733 1239/1426/1735
f 1250/1427/1736 1251/1425/1734 1239/1426/1735
f 1249/1428/1737 1250/1427/1736 1239/1426/1735
f 1249/1428/1737 1239/1426/1735 1240/1429/1738
f 1248/1430/1739 1249/1428/1737 1240/1429/1738
f 1247/1431/1740 1248/1430/1739 1240/1429/1738
f 1246/1432/1741 1247/1431/1740 1244/1433/1742
f 1244/1433/1742 1247/1431/1740 1243/1434/1743
f 1243/1434/1743 1247/1431/1740 1242/1435/1744
f 1242/1435/1744 1247/1431/1740 1241/1436/1745
f 1241/1436/1745 1247/1431/1740 1240/1429/1738
f 1246/1432/1741 1244/1433/1742 1245/1437/1746
f 1259/1438/1747 1263/1439/1748 1222/1440/1715 1221/1408/1717
f 1260/1441/1749 1264/1442/1750 1263/1439/1751 1259/1438/1752
f 1261/1443/1753 1265/1444/1754 1264/1442/1750 1260/1441/1749
f 1262/1445/1755 1266/1446/1756 1265/1444/1754 1261/1443/1753
f 1183/1447/1679 1184/1448/1677 1266/1446/1757 1262/1445/1758
f 1263/1439/1748 1267/1449/1759 1223/1450/1713 1222/1440/1715
f 1264/1442/1750 1268/1451/1760 1267/1449/1761 1263/1439/1751
f 1265/1444/1754 1269/1452/1762 1268/1451/1760 1264/1442/1750
f 1266/1446/1756 1270/1453/1763 1269/1452/1762 1265/1444/1754
f 1184/1448/1677 1185/1454/1675 1270/1453/1764 1266/1446/1757
f 1267/1449/1759 1271/1455/1765 1224/1456/1709 1223/1450/1713
f 1268/1451/1760 1272/1457/1766 1271/1455/1767 1267/1449/1761
f 1269/1452/1762 1273/1458/1768 1272/1457/1766 1268/1451/1760
f 1270/1453/1763 1274/1459/1769 1273/1458/1768 1269/1452/1762
f 1185/1454/1675 1186/1460/1671 1274/1459/1770 1270/1453/1764
f 1271/1455/1765 1275/1461/1771 1225/1462/1710 1224/1456/1709
f 1272/1457/1766 1276/1463/1772 1275/1461/1773 1271/1455/1767
f 1273/1458/1768 1277/1464/1774 1276/1463/1772 1272/1457/1766
f 1274/1459/1769 1278/1465/1775 1277/1464/1774 1273/1458/1768
f 1186/1460/1671 1187/1466/1673 1278/1465/1776 1274/1459/1770
f 1275/1461/1771 1279/1467/1777 1226/1468/1711 1225/1462/1710
f 1276/1463/1778 1280/1469/1779 1279/1467/1780 1275/1461/1780
f 1277/1464/1781 1281/1470/1782 1280/1469/1779 1276/1463/1778
f 1278/1465/1783 1282/1471/1783 1281/1470/1782 1277/1464/1781
f 1187/1466/1673 1188/1472/1672 1282/1471/1784 1278/1465/1776
f 1279/1467/1777 1283/1473/1785 1227/1474/1712 1226/1468/1711
f 1280/1469/1786 1284/1475/1787 1283/1473/1788 1279/1467/1789
f 1281/1470/1790 1285/1476/1791 1284/1475/1787 1280/1469/1786
f 1282/1471/1792 1286/1477/1793 1285/1476/1791 1281/1470/1790
f 1188/1472/1672 1189/1478/1674 1286/1477/1794 1282/1471/1784
f 1283/1473/1785 1287/1479/1795 1228/1480/1714 1227/1474/1712
f 1284/1475/1787 1288/1481/1796 1287/1479/1797 1283/1473/1788
f 1285/1476/1791 1289/1482/1798 1288/1481/1796 1284/1475/1787
f 1286/1477/1793 1290/1483/1799 1289/1482/1798 1285/1476/1791
f 1189/1478/1674 1190/1484/1676 1290/1483/1800 1286/1477/1794
f 1287/1479/1795 1291/1485/1801 1229/1486/1716 1228/1480/1714
f 1288/1481/1796 1292/1487/1802 1291/1485/1803 1287/1479/1797
f 1289/1482/1798 1293/1488/1804 1292/1487/1802 1288/1481/1796
f 1290/1483/1799 1294/1489/1805 1293/1488/1804 1289/1482/1798
f 1190/1484/1676 1191/1490/1678 1294/1489/1806 1290/1483/1800
f 1291/1485/1801 1295/1491/1807 1230/1492/1719 1229/1486/1716
f 1292/1487/1802 1296/1493/1808 1295/1491/1809 1291/1485/1803
f 1293/1488/1804 1297/1494/1810 1296/1493/1808 1292/1487/1802
f 1294/1489/1805 1298/1495/1811 1297/1494/1810 1293/1488/1804
f 1191/1490/1678 1192/1496/1681 1298/1495/1812 1294/1489/1806
f 1295/1491/1807 1299/1497/1813 1231/1498/1722 1230/1492/1719
f 1296/1493/1808 1300/1499/1814 1299/1497/1815 1295/1491/1809
f 1297/1494/1810 1301/1500/1816 1300/1499/1814 1296/1493/1808
f 1298/1495/1811 1302/1501/1817 1301/1500/1816 1297/1494/1810
f 1192/1496/1681 1193/1502/1684 1302/1501/1818 1298/1495/1812
f 1299/1497/1813 1303/1503/1819 1232/1504/1724 1231/1498/1722
f 1300/1499/1814 1304/1505/1820 1303/1503/1821 1299/1497/1815
f 1301/1500/1816 1305/1506/1822 1304/1505/1820 1300/1499/1814
f 1302/1501/1817 1306/1507/1823 1305/1506/1822 1301/1500/1816
f 1193/1502/1684 1194/1508/1686 1306/1507/1824 1302/1501/1818
f 1303/1503/1819 1307/1509/1825 1233/1510/1726 1232/1504/1724
f 1304/1505/1820 1308/1511/1826 1307/1509/1827 1303/1503/1821
f 1305/1506/1822 1309/1512/1828 1308/1511/1826 1304/1505/1820
f 1306/1507/1823 1310/1513/1829 1309/1512/1828 1305/1506/1822
f 1194/1508/1686 1195/1514/1688 1310/1513/1830 1306/1507/1824
f 1307/1509/1825 1311/1515/1831 1234/1516/1727 1233/1510/1726
f 1308/1511/1826 1312/1517/1832 1311/1515/1833 1307/1509/1827
f 1309/1512/1828 1313/1518/1834 1312/1517/1832 1308/1511/1826
f 1310/1513/1829 1314/1519/1835 1313/1518/1834 1309/1512/1828
f 1195/1514/1688 1196/1520/1689 1314/1519/1836 1310/1513/1830
f 1311/1515/1831 1315/1521/1837 1235/1522/1729 1234/1516/1727
f 1312/1517/1832 1316/1523/1838 1315/1521/1839 1311/1515/1833
f 1313/1518/1834 1317/1524/1840 1316/1523/1838 1312/1517/1832
f 1314/1519/1835 1318/1525/1841 1317/1524/1840 1313/1518/1834
f 1196/1520/1689 1197/1526/1691 1318/1525/1842 1314/1519/1836
f 1315/1521/1837 1319/1527/1843 1236/1528/1730 1235/1522/1729
f 1316/1523/1838 1320/1529/1844 1319/1527/1845 1315/1521/1839
f 1317/1524/1840 1321/1530/1846 1320/1529/1844 1316/1523/1838
f 1318/1525/1841 1322/1531/1847 1321/1530/1846 1317/1524/1840
f 1197/1526/1691 1198/1532/1692 1322/1531/1848 1318/1525/1842
f 1319/1527/1843 1323/1533/1849 1237/1534/1732 1236/1528/1730
f 1320/1529/1844 1324/1535/1850 1323/1533/1851 1319/1527/1845
f 1321/1530/1846 1325/1536/1852 1324/1535/1850 1320/1529/1844
f 1322/1531/1847 1326/1537/1853 1325/1536/1852 1321/1530/1846
f 1198/1532/1692 1199/1538/1694 1326/1537/1854 1322/1531/1848
f 1323/1533/1849 1327/1539/1855 1238/1540/1733 1237/1534/1732
f 1324/1535/1850 1328/1541/1856 1327/1539/1857 1323/1533/1851
f 1325/1536/1852 1329/1542/1858 1328/1541/1856 1324/1535/1850
f 1326/1537/1853 1330/1543/1859 1329/1542/1858 1325/1536/1852
f 1199/1538/1694 1200/1544/1695 1330/1543/1860 1326/1537/1854
f 1327/1539/1855 1331/1545/1861 1239/1546/1735 1238/1540/1733
f 1328/1541/1856 1332/1547/1862 1331/1545/1863 1327/1539/1857
f 1329/1542/1858 1333/1548/1864 1332/1547/1862 1328/1541/1856
f 1330/1543/1859 1334/1549/1865 1333/1548/1864 1329/1542/1858
f 1200/1544/1695 1201/1550/1697 1334/1549/1866 1330/1543/1860
f 1331/1545/1861 1335/1551/1867 1240/1552/1738 1239/1546/1735
f 1332/1547/1862 1336/1553/1868 1335/1551/1869 1331/1545/1863
f 1333/1548/1864 1337/1554/1870 1336/1553/1868 1332/1547/1862
f 1334/1549/1865 1338/1555/1871 1337/1554/1870 1333/1548/1864
f 1201/1550/1697 1202/1556/1700 1338/1555/1872 1334/1549/1866
f 1335/1551/1867 1339/1557/1873 1241/1558/1745 1240/1552/1738
f 1336/1553/1868 1340/1559/1874 1339/1557/1875 1335/1551/1869
f 1337/1554/1870 1341/1560/1876 1340/1559/1874 1336/1553/1868
f 1338/1555/1871 1342/1561/1877 1341/1560/1876 1337/1554/1870
f 1202/1556/1700 1203/1562/1707 1342/1561/1878 1338/1555/1872
f 1339/1557/1873 1343/1563/1879 1242/1564/1744 1241/1558/1745
f 1340/1559/1874 1344/1565/1880 1343/1563/1881 1339/1557/1875
f 1341/1560/1876 1345/1566/1882 1344/1565/1880 1340/1559/1874
f 1342/1561/1877 1346/1567/1883 1345/1566/1882 1341/1560/1876
f 1203/1562/1707 1204/1568/1706 1346/1567/1884 1342/1561/1878
f 1343/1563/1879 1347/1569/1885 1243/1570/1743 1242/1564/1744
f 1344/1565/1880 1348/1571/1886 1347/1569/1887 1343/1563/1881
f 1345/1566/1882 1349/1572/1888 1348/1571/1886 1344/1565/1880
f 1346/1567/1883 1350/1573/1889 1349/1572/1888 1345/1566/1882
f 1204/1568/1706 1205/1574/1705 1350/1573/1890 1346/1567/1884
f 1347/1569/1885 1351/1575/1891 1244/1576/1742 1243/1570/1743
f 1348/1571/1886 1352/1577/1892 1351/1575/1893 1347/1569/1887
f 1349/1572/1888 1353/1578/1894 1352/1577/1892 1348/1571/1886
f 1350/1573/1889 1354/1579/1895 1353/1578/1894 1349/1572/1888
f 1205/1574/1705 1206/1580/1704 1354/1579/1896 1350/1573/1890
f 1351/1575/1891 1355/1581/1897 1245/1582/1746 1244/1576/1742
f 1352/1577/1892 1356/1583/1898 1355/1581/1899 1351/1575/1893
f 1353/1578/1894 1357/1584/1900 1356/1583/1898 1352/1577/1892
f 1354/1579/1895 1358/1585/1901 1357/1584/1900 1353/1578/1894
f 1206/1580/1704 1207/1586/1708 1358/1585/1902 1354/1579/1896
f 1355/1581/1897 1359/1587/1903 1246/1588/1741 1245/1582/1746
f 1356/1583/1898 1360/1589/1904 1359/1587/1905 1355/1581/1899
f 1357/1584/1900 1361/1590/1906 1360/1589/1904 1356/1583/1898
f 1358/1585/1901 1362/1591/1907 1361/1590/1906 1357/1584/1900
f 1207/1586/1708 1208/1592/1703 1362/1591/1908 1358/1585/1902
f 1359/1587/1909 1363/1593/1910 1247/1594/1740 1246/1588/1741
f 1360/1589/1911 1364/1595/1912 1363/1593/1913 1359/1587/1913
f 1361/1590/1914 1365/1596/1915 1364/1595/1912 1360/1589/1911
f 1362/1591/1916 1366/1597/1916 1365/1596/1915 1361/1590/1914
f 1208/1592/1703 1209/1598/1702 1366/1597/1917 1362/1591/1918
f 1363/1593/1910 1367/1599/1919 1248/1600/1739 1247/1594/1740
f 1364/1595/1920 1368/1601/1921 1367/1599/1922 1363/1593/1923
f 1365/1596/1924 1369/1602/1925 1368/1601/1921 1364/1595/1920
f 1366/1597/1926 1370/1603/1927 1369/1602/1925 1365/1596/1924
f 1209/1598/1702 1210/1604/1701 1370/1603/1928 1366/1597/1917
f 1367/1599/1919 1371/1605/1929 1249/1606/1737 1248/1600/1739
f 1368/1601/1921 1372/1607/1930 1371/1605/1931 1367/1599/1922
f 1369/1602/1925 1373/1608/1932 1372/1607/1930 1368/1601/1921
f 1370/1603/1927 1374/1609/1933 1373/1608/1932 1369/1602/1925
f 1210/1604/1701 1211/1610/1699 1374/1609/1934 1370/1603/1928
f 1371/1605/1929 1375/1611/1935 1250/1612/1736 1249/1606/1737
f 1372/1607/1930 1376/1613/1936 1375/1611/1937 1371/1605/1931
f 1373/1608/1932 1377/1614/1938 1376/1613/1936 1372/1607/1930
f 1374/1609/1933 1378/1615/1939 1377/1614/1938 1373/1608/1932
f 1211/1610/1699 1212/1616/1698 1378/1615/1940 1374/1609/1934
f 1375/1611/1935 1379/1617/1941 1251/1618/1734 1250/1612/1736
f 1376/1613/1936 1380/1619/1942 1379/1617/1943 1375/1611/1937
f 1377/1614/1938 1381/1620/1944 1380/1619/1942 1376/1613/1936
f 1378/1615/1939 1382/1621/1945 1381/1620/1944 1377/1614/1938
f 1212/1616/1698 1213/1622/1696 1382/1621/1946 1378/1615/1940
f 1379/1617/1941 1383/1623/1947 1252/1624/1731 1251/1618/1734
f 1380/1619/1942 1384/1625/1948 1383/1623/1949 1379/1617/1943
f 1381/1620/1944 1385/1626/1950 1384/1625/1948 1380/1619/1942
f 1382/1621/1945 1386/1627/1951 1385/1626/1950 1381/1620/1944
f 1213/1622/1696 1214/1628/1693 1386/1627/1952 1382/1621/1946
f 1383/1623/1947 1387/1629/1953 1253/1630/1728 1252/1624/1731
f 1384/1625/1948 1388/1631/1954 1387/1629/1955 1383/1623/1949
f 1385/1626/1950 1389/1632/1956 1388/1631/1954 1384/1625/1948
f 1386/1627/1951 1390/1633/1957 1389/1632/1956 1385/1626/1950
f 1214/1628/1693 1215/1634/1690 1390/1633/1958 1386/1627/1952
f 1387/1629/1953 1391/1635/1959 1254/1636/1725 1253/1630/1728
f 1388/1631/1954 1392/1637/1960 1391/1635/1961 1387/1629/1955
f 1389/1632/1956 1393/1638/1962 1392/1637/1960 1388/1631/1954
f 1390/1633/1957 1394/1639/1963 1393/1638/1962 1389/1632/1956
f 1215/1634/1690 1216/1640/1687 1394/1639/1964 1390/1633/1958
f 1391/1635/1959 1395/1641/1965 1255/1642/1723 1254/1636/1725
f 1392/1637/1960 1396/1643/1966 1395/1641/1967 1391/1635/1961
f 1393/1638/1962 1397/1644/1968 1396/1643/1966 1392/1637/1960
f 1394/1639/1963 1398/1645/1969 1397/1644/1968 1393/1638/1962
f 1216/1640/1687 1217/1646/1685 1398/1645/1970 1394/1639/1964
f 1395/1641/1965 1399/1647/1971 1256/1648/1721 1255/1642/1723
f 1396/1643/1966 1400/1649/1972 1399/1647/1973 1395/1641/1967
f 1397/1644/1968 1401/1650/1974 1400/1649/1972 1396/1643/1966
f 1398/1645/1969 1402/1651/1975 1401/1650/1974 1397/1644/1968
f 1217/1646/1685 1218/1652/1683 1402/1651/1976 1398/1645/1970
f 1399/1647/1971 1403/1653/1977 1257/1654/1720 1256/1648/1721
f 1400/1649/1972 1404/1655/1978 1403/1653/1979 1399/1647/1973
f 1401/1650/1974 1405/1656/1980 1404/1655/1978 1400/1649/1972
f 1402/1651/1975 1406/1657/1981 1405/1656/1980 1401/1650/1974
f 1218/1652/1683 1219/1658/1682 1406/1657/1982 1402/1651/1976
f 1403/1653/1977 1407/1659/1983 1258/1660/1718 1257/1654/1720
f 1404/1655/1978 1408/1661/1984 1407/1659/1985 1403/1653/1979
f 1405/1656/1980 1409/1662/1986 1408/1661/1984 1404/1655/1978
f 1406/1657/1981 1410/1663/1987 1409/1662/1986 1405/1656/1980
f 1219/1658/1682 1220/1664/1680 1410/1663/1988 1406/1657/1982
f 1407/1659/1983 1259/1665/1747 1221/1409/1717 1258/1660/1718
f 1408/1661/1984 1260/1666/1749 1259/1665/1752 1407/1659/1985
f 1409/1662/1986 1261/1667/1753 1260/1666/1749 1408/1661/1984
f 1410/1663/1987 1262/1668/1755 1261/1667/1753 1409/1662/1986
f 1220/1664/1680 1183/1669/1679 1262/1668/1758 1410/1663/1988
o Grip_|_gold_base
v -0.044462 -0.066256 0.020000
v -0.041410 -0.054923 0.020000
v 0.038359 -0.084564 0.020000
v 0.036615 -0.097641 0.020000
v 0.034077 -0.097999 0.020000
v 0.031591 -0.098450 0.020000
v 0.029001 -0.098715 0.020000
v 0.026154 -0.098513 0.020000
v 0.009914 -0.093499 0.020000
v -0.007897 -0.085096 0.020000
v -0.026336 -0.075337 0.020000
v -0.044462 -0.066256 -0.020000
v -0.041410 -0.054923 -0.020000
v 0.038359 -0.084564 -0.020000
v 0.036615 -0.097641 -0.020000
v 0.034077 -0.097999 -0.020000
v 0.031591 -0.098450 -0.020000
v 0.029001 -0.098715 -0.020000
v 0.026154 -0.098513 -0.020000
v 0.009914 -0.093499 -0.020000
v -0.007897 -0.085096 -0.020000
v -0.026336 -0.075337 -0.020000
v -0.047793 -0.067751 -0.018828
v -0.049173 -0.068370 -0.016000
v -0.049173 -0.068370 0.016000
v -0.047793 -0.067751 0.018828
v -0.043335 -0.051191 -0.018828
v -0.044132 -0.049645 -0.016000
v -0.044132 -0.049645 0.016000
v -0.043335 -0.051191 0.018828
v 0.041461 -0.082699 -0.018828
v 0.042746 -0.081927 -0.016000
v 0.042746 -0.081927 0.016000
v 0.041461 -0.082699 0.018828
v 0.039135 -0.100142 -0.018828
v 0.040179 -0.101178 -0.016000
v 0.040179 -0.101178 0.016000
v 0.039135 -0.100142 0.018828
v 0.034527 -0.100792 -0.018828
v 0.034714 -0.101949 -0.016000
v 0.034714 -0.101949 0.016000
v 0.034527 -0.100792 0.018828
v 0.031988 -0.101253 -0.018828
v 0.032152 -0.102413 -0.016000
v 0.032152 -0.102413 0.016000
v 0.031988 -0.101253 0.018828
v 0.029046 -0.101553 -0.018828
v 0.029064 -0.102729 -0.016000
v 0.029064 -0.102729 0.016000
v 0.029046 -0.101553 0.018828
v 0.025630 -0.101311 -0.018828
v 0.025413 -0.102470 -0.016000
v 0.025413 -0.102470 0.016000
v 0.025630 -0.101311 0.018828
v 0.008888 -0.096143 -0.018828
v 0.008463 -0.097238 -0.016000
v 0.008463 -0.097238 0.016000
v 0.008888 -0.096143 0.018828
v -0.009163 -0.087627 -0.018828
v -0.009687 -0.088675 -0.016000
v -0.009687 -0.088675 0.016000
v -0.009163 -0.087627 0.018828
v -0.027632 -0.077852 -0.018828
v -0.028168 -0.078894 -0.016000
v -0.028168 -0.078894 0.016000
v -0.027632 -0.077852 0.018828
vn -0.1994 -0.0895 0.9758
vn 0.1880 0.1130 0.9757
vn -0.0935 0.1814 0.9790
vn -0.0887 -0.1722 0.9811
vn -0.0885 -0.1769 0.9802
vn 0.1568 -0.1556 0.9753
vn -0.0735 -0.1893 0.9792
vn -0.0382 -0.2039 0.9782
vn 0.0307 -0.1903 0.9813
vn 0.0280 -0.1976 0.9799
vn 0.0032 -0.2047 0.9788
vn -0.1994 -0.0895 -0.9758
vn -0.0935 0.1814 -0.9790
vn 0.1880 0.1130 -0.9757
vn -0.0887 -0.1722 -0.9811
vn -0.0885 -0.1769 -0.9802
vn 0.1568 -0.1556 -0.9753
vn -0.0735 -0.1893 -0.9792
vn -0.0382 -0.2039 -0.9782
vn 0.0307 -0.1903 -0.9813
vn 0.0280 -0.1976 -0.9799
vn 0.0032 -0.2047 -0.9788
vn -0.2788 -0.1250 -0.9522
vn -0.1231 0.2389 -0.9632
vn -0.9508 0.2560 -0.1742
vn -0.9521 0.2563 -0.1668
vn -0.8921 0.2402 -0.3827
vn -0.9508 0.2560 0.1742
vn -0.9521 0.2563 0.1668
vn -0.8921 0.2402 0.3827
vn -0.1231 0.2389 0.9632
vn -0.2788 -0.1250 0.9522
vn 0.2639 0.1587 -0.9514
vn 0.3434 0.9243 -0.1668
vn 0.3430 0.9230 -0.1747
vn 0.3218 0.8660 -0.3827
vn 0.3434 0.9243 0.1668
vn 0.3430 0.9230 0.1747
vn 0.3218 0.8660 0.3827
vn 0.2639 0.1587 0.9514
vn 0.2224 -0.2207 -0.9496
vn 0.9760 -0.1301 -0.1747
vn 0.9758 -0.1301 -0.1758
vn 0.9158 -0.1221 -0.3827
vn 0.9760 -0.1301 0.1747
vn 0.9758 -0.1301 0.1758
vn 0.9158 -0.1221 0.3827
vn 0.2224 -0.2207 0.9496
vn 0.0609 -0.3777 -0.9239
vn 0.1374 -0.9748 -0.1758
vn 0.1560 -0.9682 -0.1956
vn 0.1470 -0.9121 -0.3827
vn 0.1290 -0.9148 -0.3827
vn 0.1374 -0.9748 0.1758
vn 0.1560 -0.9682 0.1956
vn 0.1290 -0.9148 0.3827
vn 0.1470 -0.9121 0.3827
vn 0.0609 -0.3777 0.9239
vn 0.0536 -0.3787 -0.9240
vn 0.1375 -0.9713 -0.1943
vn 0.1295 -0.9147 -0.3829
vn 0.1375 -0.9713 0.1943
vn 0.1295 -0.9147 0.3829
vn 0.0536 -0.3787 0.9240
vn 0.0059 -0.3814 -0.9244
vn 0.0153 -0.9809 -0.1937
vn 0.0144 -0.9233 -0.3839
vn 0.0153 -0.9809 0.1937
vn 0.0144 -0.9233 0.3839
vn 0.0059 -0.3814 0.9244
vn -0.0700 -0.3740 -0.9248
vn -0.1805 -0.9643 -0.1935
vn -0.1698 -0.9072 -0.3848
vn -0.1805 -0.9643 0.1935
vn -0.1698 -0.9072 0.3848
vn -0.0700 -0.3740 0.9248
vn -0.1381 -0.3560 -0.9242
vn -0.3549 -0.9146 -0.1939
vn -0.3341 -0.8610 -0.3835
vn -0.3549 -0.9146 0.1939
vn -0.3341 -0.8610 0.3835
vn -0.1381 -0.3560 0.9242
vn -0.1712 -0.3422 -0.9239
vn -0.4388 -0.8773 -0.1946
vn -0.4133 -0.8262 -0.3828
vn -0.4388 -0.8773 0.1946
vn -0.4133 -0.8262 0.3828
vn -0.1712 -0.3422 0.9239
vn -0.1752 -0.3402 -0.9239
vn -0.4491 -0.8719 -0.1954
vn -0.4230 -0.8213 -0.3827
vn -0.4491 -0.8719 0.1954
vn -0.4230 -0.8213 0.3827
vn -0.1752 -0.3402 0.9239
vn -0.4411 -0.8804 -0.1742
vn -0.4138 -0.8260 -0.3827
vn -0.4411 -0.8804 0.1742
vn -0.4138 -0.8260 0.3827
vt 0.000000 0.000000
vt 0.200000 0.000000
vt 0.100000 0.000000
vt 1.000000 0.000000
vt 0.900000 0.000000
vt 0.300000 0.000000
vt 0.800000 0.000000
vt 0.700000 0.000000
vt 0.400000 0.000000
vt 0.500000 0.000000
vt 0.600000 0.000000
vt 0.000000 0.200000
vt 0.090909 0.200000
vt 0.090909 0.000000
vt 0.000000 0.400000
vt 0.090909 0.400000
vt 0.000000 0.600000
vt 0.090909 0.600000
vt 0.000000 0.800000
vt 0.090909 0.800000
vt 0.000000 1.000000
vt 0.090909 1.000000
vt 0.181818 0.200000
vt 0.181818 0.000000
vt 0.181818 0.400000
vt 0.181818 0.600000
vt 0.181818 0.800000
vt 0.181818 1.000000
vt 0.272727 0.200000
vt 0.272727 0.000000
vt 0.272727 0.400000
vt 0.272727 0.600000
vt 0.272727 0.800000
vt 0.272727 1.000000
vt 0.363636 0.200000
vt 0.363636 0.000000
vt 0.363636 0.400000
vt 0.363636 0.600000
vt 0.363636 0.800000
vt 0.363636 1.000000
vt 0.454545 0.200000
vt 0.454545 0.000000
vt 0.454545 0.400000
vt 0.454545 0.600000
vt 0.454545 0.800000
vt 0.454545 1.000000
vt 0.545455 0.200000
vt 0.545455 0.000000
vt 0.545455 0.400000
vt 0.545455 0.600000
vt 0.545455 0.800000
vt 0.545455 1.000000
vt 0.636364 0.200000
vt 0.636364 0.000000
vt 0.636364 0.400000
vt 0.636364 0.600000
vt 0.636364 0.800000
vt 0.636364 1.000000
vt 0.727273 0.200000
vt 0.727273 0.000000
vt 0.727273 0.400000
vt 0.727273 0.600000
vt 0.727273 0.800000
vt 0.727273 1.000000
vt 0.818182 0.200000
vt 0.818182 0.000000
vt 0.818182 0.400000
vt 0.818182 0.600000
vt 0.818182 0.800000
vt 0.818182 1.000000
vt 0.909091 0.200000
vt 0.909091 0.000000
vt 0.909091 0.400000
vt 0.909091 0.600000
vt 0.909091 0.800000
vt 0.909091 1.000000
vt 1.000000 0.200000
vt 1.000000 0.400000
vt 1.000000 0.600000
vt 1.000000 0.800000
vt 1.000000 1.000000
s 1
usemtl Gold_|_polished_trim
f 1411/1670/1989 1413/1671/1990 1412/1672/1991
f 1421/1673/1992 1413/1671/1990 1411/1670/1989
f 1420/1674/1993 1413/1671/1990 1421/1673/1992
f 1420/1674/1993 1414/1675/1994 1413/1671/1990
f 1419/1676/1995 1414/1675/1994 1420/1674/1993
f 1418/1677/1996 1414/1675/1994 1419/1676/1995
f 1418/1677/1996 1415/1678/1997 1414/1675/1994
f 1418/1677/1996 1416/1679/1998 1415/1678/1997
f 1418/1677/1996 1417/1680/1999 1416/1679/1998
f 1422/1670/2000 1423/1672/2001 1424/1671/2002
f 1432/1673/2003 1422/1670/2000 1424/1671/2002
f 1431/1674/2004 1432/1673/2003 1424/1671/2002
f 1431/1674/2004 1424/1671/2002 1425/1675/2005
f 1430/1676/2006 1431/1674/2004 1425/1675/2005
f 1429/1677/2007 1430/1676/2006 1425/1675/2005
f 1429/1677/2007 1425/1675/2005 1426/1678/2008
f 1429/1677/2007 1426/1678/2008 1427/1679/2009
f 1429/1677/2007 1427/1679/2009 1428/1680/2010
f 1433/1681/2011 1437/1682/2012 1423/1683/2001 1422/1670/2000
f 1434/1684/2013 1438/1685/2014 1437/1682/2015 1433/1681/2015
f 1435/1686/2016 1439/1687/2017 1438/1685/2014 1434/1684/2013
f 1436/1688/2018 1440/1689/2018 1439/1687/2017 1435/1686/2016
f 1411/1690/1989 1412/1691/1991 1440/1689/2019 1436/1688/2020
f 1437/1682/2012 1441/1692/2021 1424/1693/2002 1423/1683/2001
f 1438/1685/2022 1442/1694/2023 1441/1692/2024 1437/1682/2024
f 1439/1687/2025 1443/1695/2026 1442/1694/2023 1438/1685/2022
f 1440/1689/2027 1444/1696/2027 1443/1695/2026 1439/1687/2025
f 1412/1691/1991 1413/1697/1990 1444/1696/2028 1440/1689/2019
f 1441/1692/2021 1445/1698/2029 1425/1699/2005 1424/1693/2002
f 1442/1694/2030 1446/1700/2031 1445/1698/2032 1441/1692/2032
f 1443/1695/2033 1447/1701/2034 1446/1700/2031 1442/1694/2030
f 1444/1696/2035 1448/1702/2035 1447/1701/2034 1443/1695/2033
f 1413/1697/1990 1414/1703/1994 1448/1702/2036 1444/1696/2028
f 1445/1698/2029 1449/1704/2037 1426/1705/2008 1425/1699/2005
f 1446/1700/2038 1450/1706/2039 1449/1704/2040 1445/1698/2041
f 1447/1701/2042 1451/1707/2043 1450/1706/2039 1446/1700/2038
f 1448/1702/2044 1452/1708/2045 1451/1707/2043 1447/1701/2042
f 1414/1703/1994 1415/1709/1997 1452/1708/2046 1448/1702/2036
f 1449/1704/2037 1453/1710/2047 1427/1711/2009 1426/1705/2008
f 1450/1706/2039 1454/1712/2048 1453/1710/2049 1449/1704/2040
f 1451/1707/2043 1455/1713/2050 1454/1712/2048 1450/1706/2039
f 1452/1708/2045 1456/1714/2051 1455/1713/2050 1451/1707/2043
f 1415/1709/1997 1416/1715/1998 1456/1714/2052 1452/1708/2046
f 1453/1710/2047 1457/1716/2053 1428/1717/2010 1427/1711/2009
f 1454/1712/2048 1458/1718/2054 1457/1716/2055 1453/1710/2049
f 1455/1713/2050 1459/1719/2056 1458/1718/2054 1454/1712/2048
f 1456/1714/2051 1460/1720/2057 1459/1719/2056 1455/1713/2050
f 1416/1715/1998 1417/1721/1999 1460/1720/2058 1456/1714/2052
f 1457/1716/2053 1461/1722/2059 1429/1723/2007 1428/1717/2010
f 1458/1718/2054 1462/1724/2060 1461/1722/2061 1457/1716/2055
f 1459/1719/2056 1463/1725/2062 1462/1724/2060 1458/1718/2054
f 1460/1720/2057 1464/1726/2063 1463/1725/2062 1459/1719/2056
f 1417/1721/1999 1418/1727/1996 1464/1726/2064 1460/1720/2058
f 1461/1722/2059 1465/1728/2065 1430/1729/2006 1429/1723/2007
f 1462/1724/2060 1466/1730/2066 1465/1728/2067 1461/1722/2061
f 1463/1725/2062 1467/1731/2068 1466/1730/2066 1462/1724/2060
f 1464/1726/2063 1468/1732/2069 1467/1731/2068 1463/1725/2062
f 1418/1727/1996 1419/1733/1995 1468/1732/2070 1464/1726/2064
f 1465/1728/2065 1469/1734/2071 1431/1735/2004 1430/1729/2006
f 1466/1730/2066 1470/1736/2072 1469/1734/2073 1465/1728/2067
f 1467/1731/2068 1471/1737/2074 1470/1736/2072 1466/1730/2066
f 1468/1732/2069 1472/1738/2075 1471/1737/2074 1467/1731/2068
f 1419/1733/1995 1420/1739/1993 1472/1738/2076 1468/1732/2070
f 1469/1734/2071 1473/1740/2077 1432/1741/2003 1431/1735/2004
f 1470/1736/2072 1474/1742/2078 1473/1740/2079 1469/1734/2073
f 1471/1737/2074 1475/1743/2080 1474/1742/2078 1470/1736/2072
f 1472/1738/2075 1476/1744/2081 1475/1743/2080 1471/1737/2074
f 1420/1739/1993 1421/1745/1992 1476/1744/2082 1472/1738/2076
f 1473/1740/2077 1433/1746/2011 1422/1673/2000 1432/1741/2003
f 1474/1742/2078 1434/1747/2083 1433/1746/2084 1473/1740/2079
f 1475/1743/2080 1435/1748/2085 1434/1747/2083 1474/1742/2078
f 1476/1744/2081 1436/1749/2086 1435/1748/2085 1475/1743/2080
f 1421/1745/1992 1411/1750/1989 1436/1749/2020 1476/1744/2082
o Trigger_guard
v 0.077590 -0.012205 0.007500
v 0.072434 -0.001814 0.007500
v 0.070828 0.008898 0.007500
v 0.070640 0.019737 0.007500
v 0.069744 0.030513 0.007500
v 0.159103 0.030513 0.007500
v 0.157329 0.022994 0.007500
v 0.155826 0.015549 0.007500
v 0.153782 0.007958 0.007500
v 0.150385 0.000000 0.007500
v 0.148146 -0.003999 0.007500
v 0.145838 -0.007349 0.007500
v 0.143078 -0.010293 0.007500
v 0.139487 -0.013077 0.007500
v 0.134200 -0.016100 0.007500
v 0.129130 -0.017975 0.007500
v 0.123789 -0.019144 0.007500
v 0.117692 -0.020051 0.007500
v 0.110729 -0.020862 0.007500
v 0.104534 -0.021085 0.007500
v 0.098380 -0.020574 0.007500
v 0.091538 -0.019179 0.007500
v 0.087384 -0.018143 0.007500
v 0.083723 -0.016956 0.007500
v 0.080482 -0.015138 0.007500
v 0.081762 -0.003653 0.007500
v 0.083631 -0.006687 0.007500
v 0.086075 -0.009212 0.007500
v 0.089359 -0.011333 0.007500
v 0.096402 -0.013998 0.007500
v 0.103116 -0.014771 0.007500
v 0.110034 -0.014262 0.007500
v 0.117692 -0.013077 0.007500
v 0.124683 -0.011952 0.007500
v 0.130868 -0.010478 0.007500
v 0.136458 -0.007906 0.007500
v 0.141667 -0.003487 0.007500
v 0.147470 0.003550 0.007500
v 0.151780 0.011058 0.007500
v 0.153213 0.018703 0.007500
v 0.150385 0.026154 0.007500
v 0.134984 0.038328 0.007500
v 0.115859 0.041960 0.007500
v 0.096234 0.037689 0.007500
v 0.079333 0.026154 0.007500
v 0.075972 0.020316 0.007500
v 0.075769 0.013914 0.007500
v 0.077566 0.007093 0.007500
v 0.080205 0.000000 0.007500
v 0.077590 -0.012205 -0.007500
v 0.072434 -0.001814 -0.007500
v 0.070828 0.008898 -0.007500
v 0.070640 0.019737 -0.007500
v 0.069744 0.030513 -0.007500
v 0.159103 0.030513 -0.007500
v 0.157329 0.022994 -0.007500
v 0.155826 0.015549 -0.007500
v 0.153782 0.007958 -0.007500
v 0.150385 -0.000000 -0.007500
v 0.148146 -0.003999 -0.007500
v 0.145838 -0.007349 -0.007500
v 0.143078 -0.010293 -0.007500
v 0.139487 -0.013077 -0.007500
v 0.134200 -0.016100 -0.007500
v 0.129130 -0.017975 -0.007500
v 0.123789 -0.019144 -0.007500
v 0.117692 -0.020051 -0.007500
v 0.110729 -0.020862 -0.007500
v 0.104534 -0.021085 -0.007500
v 0.098380 -0.020574 -0.007500
v 0.091538 -0.019179 -0.007500
v 0.087384 -0.018143 -0.007500
v 0.083723 -0.016956 -0.007500
v 0.080482 -0.015138 -0.007500
v 0.081762 -0.003653 -0.007500
v 0.083631 -0.006687 -0.007500
v 0.086075 -0.009212 -0.007500
v 0.089359 -0.011333 -0.007500
v 0.096402 -0.013998 -0.007500
v 0.103116 -0.014771 -0.007500
v 0.110034 -0.014262 -0.007500
v 0.117692 -0.013077 -0.007500
v 0.124683 -0.011952 -0.007500
v 0.130868 -0.010478 -0.007500
v 0.136458 -0.007906 -0.007500
v 0.141667 -0.003487 -0.007500
v 0.147470 0.003550 -0.007500
v 0.151780 0.011058 -0.007500
v 0.153213 0.018703 -0.007500
v 0.150385 0.026154 -0.007500
v 0.134984 0.038328 -0.007500
v 0.115859 0.041960 -0.007500
v 0.096234 0.037689 -0.007500
v 0.079333 0.026154 -0.007500
v 0.075972 0.020316 -0.007500
v 0.075769 0.013914 -0.007500
v 0.077566 0.007093 -0.007500
v 0.080205 -0.000000 -0.007500
v 0.076715 -0.012829 -0.007061
v 0.076353 -0.013087 -0.006000
v 0.076353 -0.013087 0.006000
v 0.076715 -0.012829 0.007061
v 0.071410 -0.002136 -0.007061
v 0.070986 -0.002269 -0.006000
v 0.070986 -0.002269 0.006000
v 0.071410 -0.002136 0.007061
v 0.069768 0.008809 -0.007061
v 0.069330 0.008773 -0.006000
v 0.069330 0.008773 0.006000
v 0.069768 0.008809 0.007061
v 0.069581 0.019684 -0.007061
v 0.069142 0.019662 -0.006000
v 0.069142 0.019662 0.006000
v 0.069581 0.019684 0.007061
v 0.068591 0.031573 -0.007061
v 0.068114 0.032013 -0.006000
v 0.068114 0.032013 0.006000
v 0.068591 0.031573 0.007061
v 0.160443 0.031573 -0.007061
v 0.160998 0.032013 -0.006000
v 0.160998 0.032013 0.006000
v 0.160443 0.031573 0.007061
v 0.158365 0.022768 -0.007061
v 0.158795 0.022674 -0.006000
v 0.158795 0.022674 0.006000
v 0.158365 0.022768 0.007061
v 0.156859 0.015306 -0.007061
v 0.157287 0.015205 -0.006000
v 0.157287 0.015205 0.006000
v 0.156859 0.015306 0.007061
v 0.154787 0.007610 -0.007061
v 0.155203 0.007466 -0.006000
v 0.155203 0.007466 0.006000
v 0.154787 0.007610 0.007061
v 0.151338 -0.000469 -0.007061
v 0.151733 -0.000663 -0.006000
v 0.151733 -0.000663 0.006000
v 0.151338 -0.000469 0.007061
v 0.149047 -0.004561 -0.007061
v 0.149421 -0.004793 -0.006000
v 0.149421 -0.004793 0.006000
v 0.149047 -0.004561 0.007061
v 0.146666 -0.008016 -0.007061
v 0.147009 -0.008293 -0.006000
v 0.147009 -0.008293 0.006000
v 0.146666 -0.008016 0.007061
v 0.143794 -0.011080 -0.007061
v 0.144091 -0.011406 -0.006000
v 0.144091 -0.011406 0.006000
v 0.143794 -0.011080 0.007061
v 0.140078 -0.013961 -0.007061
v 0.140323 -0.014327 -0.006000
v 0.140323 -0.014327 0.006000
v 0.140078 -0.013961 0.007061
v 0.134651 -0.017064 -0.007061
v 0.134837 -0.017463 -0.006000
v 0.134837 -0.017463 0.006000
v 0.134651 -0.017064 0.007061
v 0.129428 -0.018995 -0.007061
v 0.129552 -0.019418 -0.006000
v 0.129552 -0.019418 0.006000
v 0.129428 -0.018995 0.007061
v 0.123981 -0.020188 -0.007061
v 0.124060 -0.020621 -0.006000
v 0.124060 -0.020621 0.006000
v 0.123981 -0.020188 0.007061
v 0.117832 -0.021103 -0.007061
v 0.117889 -0.021538 -0.006000
v 0.117889 -0.021538 0.006000
v 0.117832 -0.021103 0.007061
v 0.110810 -0.021921 -0.007061
v 0.110843 -0.022359 -0.006000
v 0.110843 -0.022359 0.006000
v 0.110810 -0.021921 0.007061
v 0.104509 -0.022148 -0.007061
v 0.104499 -0.022588 -0.006000
v 0.104499 -0.022588 0.006000
v 0.104509 -0.022148 0.007061
v 0.098229 -0.021625 -0.007061
v 0.098167 -0.022061 -0.006000
v 0.098167 -0.022061 0.006000
v 0.098229 -0.021625 0.007061
v 0.091304 -0.020214 -0.007061
v 0.091207 -0.020643 -0.006000
v 0.091207 -0.020643 0.006000
v 0.091304 -0.020214 0.007061
v 0.087091 -0.019163 -0.007061
v 0.086970 -0.019585 -0.006000
v 0.086970 -0.019585 0.006000
v 0.087091 -0.019163 0.007061
v 0.083295 -0.017933 -0.007061
v 0.083118 -0.018337 -0.006000
v 0.083118 -0.018337 0.006000
v 0.083295 -0.017933 0.007061
v 0.079832 -0.015989 -0.007061
v 0.079563 -0.016342 -0.006000
v 0.079563 -0.016342 0.006000
v 0.079832 -0.015989 0.007061
v 0.082706 -0.003164 -0.007061
v 0.083098 -0.002962 -0.006000
v 0.083098 -0.002962 0.006000
v 0.082706 -0.003164 0.007061
v 0.084473 -0.006033 -0.007061
v 0.084822 -0.005761 -0.006000
v 0.084822 -0.005761 0.006000
v 0.084473 -0.006033 0.007061
v 0.086753 -0.008387 -0.007061
v 0.087034 -0.008045 -0.006000
v 0.087034 -0.008045 0.006000
v 0.086753 -0.008387 0.007061
v 0.089840 -0.010381 -0.007061
v 0.090039 -0.009987 -0.006000
v 0.090039 -0.009987 0.006000
v 0.089840 -0.010381 0.007061
v 0.096654 -0.012959 -0.007061
v 0.096759 -0.012529 -0.006000
v 0.096759 -0.012529 0.006000
v 0.096654 -0.012959 0.007061
v 0.103138 -0.013706 -0.007061
v 0.103147 -0.013265 -0.006000
v 0.103147 -0.013265 0.006000
v 0.103138 -0.013706 0.007061
v 0.109914 -0.013207 -0.007061
v 0.109864 -0.012770 -0.006000
v 0.109864 -0.012770 0.006000
v 0.109914 -0.013207 0.007061
v 0.117527 -0.012029 -0.007061
v 0.117458 -0.011595 -0.006000
v 0.117458 -0.011595 0.006000
v 0.117527 -0.012029 0.007061
v 0.124476 -0.010911 -0.007061
v 0.124390 -0.010480 -0.006000
v 0.124390 -0.010480 0.006000
v 0.124476 -0.010911 0.007061
v 0.130520 -0.009470 -0.007061
v 0.130376 -0.009053 -0.006000
v 0.130376 -0.009053 0.006000
v 0.130520 -0.009470 0.007061
v 0.135883 -0.007003 -0.007061
v 0.135645 -0.006629 -0.006000
v 0.135645 -0.006629 0.006000
v 0.135883 -0.007003 0.007061
v 0.140908 -0.002740 -0.007061
v 0.140594 -0.002430 -0.006000
v 0.140594 -0.002430 0.006000
v 0.140908 -0.002740 0.007061
v 0.146594 0.004156 -0.007061
v 0.146232 0.004407 -0.006000
v 0.146232 0.004407 0.006000
v 0.146594 0.004156 0.007061
v 0.150770 0.011430 -0.007061
v 0.150352 0.011584 -0.006000
v 0.150352 0.011584 0.006000
v 0.150770 0.011430 0.007061
v 0.152115 0.018605 -0.007061
v 0.151661 0.018565 -0.006000
v 0.151661 0.018565 0.006000
v 0.152115 0.018605 0.007061
v 0.149497 0.025503 -0.007061
v 0.149129 0.025234 -0.006000
v 0.149129 0.025234 0.006000
v 0.149497 0.025503 0.007061
v 0.134530 0.037334 -0.007061
v 0.134342 0.036923 -0.006000
v 0.134342 0.036923 0.006000
v 0.134530 0.037334 0.007061
v 0.115873 0.040877 -0.007061
v 0.115879 0.040429 -0.006000
v 0.115879 0.040429 0.006000
v 0.115873 0.040877 0.007061
v 0.096661 0.036696 -0.007061
v 0.096838 0.036285 -0.006000
v 0.096838 0.036285 0.006000
v 0.096661 0.036696 0.007061
v 0.080132 0.025414 -0.007061
v 0.080462 0.025108 -0.006000
v 0.080462 0.025108 0.006000
v 0.080132 0.025414 0.007061
v 0.077024 0.020017 -0.007061
v 0.077459 0.019893 -0.006000
v 0.077459 0.019893 0.006000
v 0.077024 0.020017 0.007061
v 0.076834 0.014034 -0.007061
v 0.077275 0.014085 -0.006000
v 0.077275 0.014085 0.006000
v 0.076834 0.014034 0.007061
v 0.078579 0.007414 -0.007061
v 0.078998 0.007547 -0.006000
v 0.078998 0.007547 0.006000
v 0.078579 0.007414 0.007061
v 0.081191 0.000393 -0.007061
v 0.081599 0.000556 -0.006000
v 0.081599 0.000556 0.006000
v 0.081191 0.000393 0.007061
vn -0.0000 -0.0000 -1.0000
vn -0.1908 -0.0096 0.9816
vn 0.1093 -0.1012 0.9888
vn -0.1506 0.1386 0.9788
vn 0.1524 0.1206 0.9809
vn 0.1777 -0.0389 0.9833
vn 0.1549 -0.0440 0.9870
vn -0.1559 -0.0139 0.9877
vn -0.2335 -0.1711 0.9572
vn 0.1935 -0.0455 0.9800
vn 0.1749 0.0198 0.9844
vn -0.2018 -0.0168 0.9793
vn -0.1620 0.0597 0.9850
vn 0.1918 -0.0664 0.9792
vn 0.1802 0.0571 0.9820
vn -0.1516 0.1049 0.9828
vn -0.2015 -0.0634 0.9774
vn 0.1806 -0.0888 0.9796
vn 0.1786 0.0712 0.9813
vn -0.1309 0.1290 0.9830
vn 0.1649 0.0853 0.9826
vn 0.1702 -0.1059 0.9797
vn -0.1722 -0.1228 0.9774
vn -0.0953 0.1495 0.9842
vn 0.1430 0.1111 0.9835
vn 0.1584 -0.1277 0.9791
vn 0.1145 0.1394 0.9836
vn 0.1373 -0.1508 0.9790
vn -0.0596 0.1725 0.9832
vn 0.0818 0.1620 0.9834
vn 0.1128 -0.1687 0.9792
vn -0.0372 0.1869 0.9817
vn 0.0422 0.1740 0.9838
vn -0.0304 0.1923 0.9809
vn -0.1273 -0.1669 0.9777
vn -0.0215 0.1889 0.9818
vn 0.0864 -0.1851 0.9789
vn 0.0038 0.1830 0.9831
vn -0.0825 -0.1887 0.9786
vn 0.0570 -0.1947 0.9792
vn -0.0548 -0.1914 0.9800
vn 0.0360 -0.1958 0.9800
vn -0.0437 -0.1928 0.9803
vn 0.0259 -0.1953 0.9804
vn -0.0286 -0.1998 0.9794
vn 0.0152 -0.1991 0.9799
vn -0.0047 -0.2018 0.9794
vn -0.0000 -0.0000 1.0000
vn -0.1908 -0.0096 -0.9816
vn -0.1506 0.1386 -0.9788
vn 0.1093 -0.1012 -0.9888
vn 0.1524 0.1206 -0.9809
vn 0.1777 -0.0389 -0.9833
vn 0.1549 -0.0440 -0.9870
vn -0.1559 -0.0139 -0.9877
vn -0.2335 -0.1711 -0.9572
vn 0.1935 -0.0455 -0.9800
vn 0.1749 0.0198 -0.9844
vn -0.2018 -0.0168 -0.9793
vn -0.1620 0.0597 -0.9850
vn 0.1918 -0.0664 -0.9792
vn 0.1802 0.0571 -0.9820
vn -0.1516 0.1049 -0.9828
vn -0.2015 -0.0634 -0.9774
vn 0.1806 -0.0888 -0.9796
vn 0.1786 0.0712 -0.9813
vn -0.1309 0.1290 -0.9830
vn 0.1649 0.0853 -0.9826
vn 0.1702 -0.1059 -0.9797
vn -0.1722 -0.1228 -0.9774
vn -0.0953 0.1495 -0.9842
vn 0.1430 0.1111 -0.9835
vn 0.1584 -0.1277 -0.9791
vn 0.1145 0.1394 -0.9836
vn 0.1373 -0.1508 -0.9790
vn -0.0596 0.1725 -0.9832
vn 0.0818 0.1620 -0.9834
vn 0.1128 -0.1687 -0.9792
vn -0.0372 0.1869 -0.9817
vn 0.0422 0.1740 -0.9838
vn -0.0304 0.1923 -0.9809
vn -0.1273 -0.1669 -0.9777
vn -0.0215 0.1889 -0.9818
vn 0.0864 -0.1851 -0.9789
vn 0.0038 0.1830 -0.9831
vn -0.0825 -0.1887 -0.9786
vn 0.0570 -0.1947 -0.9792
vn -0.0548 -0.1914 -0.9800
vn 0.0360 -0.1958 -0.9800
vn -0.0437 -0.1928 -0.9803
vn 0.0259 -0.1953 -0.9804
vn -0.0286 -0.1998 -0.9794
vn 0.0152 -0.1991 -0.9799
vn -0.0047 -0.2018 -0.9794
vn -0.3082 -0.2198 -0.9256
vn -0.3613 -0.1136 -0.9255
vn -0.7988 -0.5697 -0.1936
vn -0.9359 -0.2943 -0.1936
vn -0.8797 -0.2767 -0.3867
vn -0.7508 -0.5354 -0.3868
vn -0.7988 -0.5697 0.1936
vn -0.9359 -0.2943 0.1936
vn -0.7508 -0.5354 0.3868
vn -0.8797 -0.2767 0.3867
vn -0.3613 -0.1136 0.9255
vn -0.3082 -0.2198 0.9256
vn -0.3807 -0.0317 -0.9242
vn -0.9776 -0.0814 -0.1939
vn -0.9204 -0.0766 -0.3834
vn -0.9776 -0.0814 0.1939
vn -0.9204 -0.0766 0.3834
vn -0.3807 -0.0317 0.9242
vn -0.3820 -0.0192 -0.9240
vn -0.9794 -0.0492 -0.1960
vn -0.9226 -0.0463 -0.3829
vn -0.9794 -0.0492 0.1960
vn -0.9226 -0.0463 0.3829
vn -0.3820 -0.0192 0.9240
vn -0.1987 0.1829 -0.9628
vn -0.9826 -0.0818 -0.1670
vn -0.9207 -0.0766 -0.3827
vn -0.9826 -0.0818 0.1670
vn -0.9207 -0.0766 0.3827
vn -0.1987 0.1829 0.9628
vn 0.1952 0.1545 -0.9685
vn -0.0000 0.9860 -0.1670
vn -0.0000 0.9867 -0.1624
vn -0.0000 0.9239 -0.3827
vn -0.0000 0.9860 0.1670
vn -0.0000 0.9867 0.1624
vn -0.0000 0.9239 0.3827
vn 0.1952 0.1545 0.9685
vn 0.3738 -0.0818 -0.9239
vn 0.9604 -0.2265 -0.1623
vn 0.9580 -0.2096 -0.1955
vn 0.9025 -0.1975 -0.3827
vn 0.8992 -0.2121 -0.3827
vn 0.9604 -0.2265 0.1623
vn 0.9580 -0.2096 0.1955
vn 0.8992 -0.2121 0.3827
vn 0.9025 -0.1975 0.3827
vn 0.3738 -0.0818 0.9239
vn 0.3724 -0.0876 -0.9239
vn 0.9548 -0.2247 -0.1944
vn 0.8992 -0.2116 -0.3829
vn 0.9548 -0.2247 0.1944
vn 0.8992 -0.2116 0.3829
vn 0.3723 -0.0876 0.9239
vn 0.3609 -0.1249 -0.9242
vn 0.9271 -0.3209 -0.1939
vn 0.8727 -0.3021 -0.3835
vn 0.9271 -0.3209 0.1939
vn 0.8727 -0.3021 0.3835
vn 0.3609 -0.1249 0.9242
vn 0.3430 -0.1686 -0.9241
vn 0.8804 -0.4328 -0.1941
vn 0.8289 -0.4075 -0.3831
vn 0.8804 -0.4328 0.1941
vn 0.8289 -0.4075 0.3831
vn 0.3430 -0.1686 0.9241
vn 0.3246 -0.2021 -0.9240
vn 0.8328 -0.5185 -0.1942
vn 0.7842 -0.4882 -0.3830
vn 0.8328 -0.5185 0.1942
vn 0.7842 -0.4882 0.3830
vn 0.3246 -0.2021 0.9240
vn 0.2973 -0.2395 -0.9243
vn 0.7639 -0.6155 -0.1938
vn 0.7191 -0.5794 -0.3836
vn 0.7639 -0.6155 0.1938
vn 0.7191 -0.5794 0.3836
vn 0.2973 -0.2395 0.9243
vn 0.2570 -0.2822 -0.9243
vn 0.6605 -0.7254 -0.1938
vn 0.6217 -0.6828 -0.3837
vn 0.6605 -0.7254 0.1938
vn 0.6217 -0.6828 0.3837
vn 0.2570 -0.2822 0.9243
vn 0.2123 -0.3174 -0.9242
vn 0.5453 -0.8155 -0.1939
vn 0.5134 -0.7677 -0.3835
vn 0.5453 -0.8155 0.1939
vn 0.5134 -0.7677 0.3835
vn 0.2123 -0.3174 0.9242
vn 0.1614 -0.3457 -0.9243
vn 0.4150 -0.8890 -0.1937
vn 0.3906 -0.8367 -0.3838
vn 0.4150 -0.8890 0.1937
vn 0.3906 -0.8367 0.3838
vn 0.1614 -0.3457 0.9243
vn 0.1073 -0.3665 -0.9242
vn 0.2757 -0.9415 -0.1939
vn 0.2596 -0.8863 -0.3835
vn 0.2757 -0.9415 0.1939
vn 0.2596 -0.8863 0.3835
vn 0.1073 -0.3665 0.9242
vn 0.0691 -0.3762 -0.9240
vn 0.1772 -0.9648 -0.1944
vn 0.1669 -0.9086 -0.3829
vn 0.1772 -0.9648 0.1944
vn 0.1669 -0.9086 0.3829
vn 0.0691 -0.3762 0.9240
vn 0.0503 -0.3793 -0.9239
vn 0.1289 -0.9723 -0.1947
vn 0.1214 -0.9158 -0.3827
vn 0.1289 -0.9723 0.1947
vn 0.1214 -0.9158 0.3827
vn 0.0503 -0.3793 0.9239
vn 0.0290 -0.3813 -0.9240
vn 0.0745 -0.9781 -0.1943
vn 0.0701 -0.9211 -0.3829
vn 0.0745 -0.9781 0.1943
vn 0.0701 -0.9211 0.3829
vn 0.0290 -0.3813 0.9240
vn -0.0090 -0.3820 -0.9241
vn -0.0230 -0.9807 -0.1940
vn -0.0217 -0.9234 -0.3833
vn -0.0230 -0.9807 0.1940
vn -0.0217 -0.9234 0.3833
vn -0.0090 -0.3820 0.9241
vn -0.0541 -0.3783 -0.9241
vn -0.1388 -0.9711 -0.1940
vn -0.1307 -0.9143 -0.3833
vn -0.1388 -0.9711 0.1940
vn -0.1307 -0.9143 0.3833
vn -0.0541 -0.3783 0.9241
vn -0.0845 -0.3731 -0.9239
vn -0.2167 -0.9566 -0.1946
vn -0.2041 -0.9010 -0.3828
vn -0.2167 -0.9566 0.1946
vn -0.2041 -0.9010 0.3828
vn -0.0845 -0.3731 0.9239
vn -0.1053 -0.3677 -0.9240
vn -0.2701 -0.9430 -0.1944
vn -0.2544 -0.8881 -0.3829
vn -0.2701 -0.9430 0.1944
vn -0.2544 -0.8881 0.3829
vn -0.1053 -0.3677 0.9240
vn -0.1527 -0.3491 -0.9245
vn -0.3932 -0.8988 -0.1936
vn -0.3700 -0.8458 -0.3843
vn -0.3932 -0.8988 0.1936
vn -0.3700 -0.8458 0.3843
vn -0.1527 -0.3491 0.9245
vn -0.2302 -0.3017 -0.9252
vn -0.5952 -0.7800 -0.1935
vn -0.5596 -0.7334 -0.3859
vn -0.5952 -0.7800 0.1935
vn -0.5596 -0.7334 0.3859
vn -0.2302 -0.3017 0.9252
vn 0.3391 0.1754 -0.9243
vn 0.3006 0.2337 -0.9247
vn 0.8707 0.4505 -0.1974
vn 0.7738 0.6014 -0.1988
vn 0.7288 0.5665 -0.3846
vn 0.8202 0.4244 -0.3836
vn 0.8707 0.4505 0.1974
vn 0.7738 0.6014 0.1988
vn 0.8202 0.4244 0.3836
vn 0.7288 0.5665 0.3846
vn 0.3006 0.2337 0.9247
vn 0.3391 0.1754 0.9243
vn 0.2415 0.2941 -0.9248
vn 0.6219 0.7574 -0.1990
vn 0.5858 0.7133 -0.3848
vn 0.6219 0.7574 0.1990
vn 0.5858 0.7133 0.3848
vn 0.2415 0.2941 0.9248
vn 0.1717 0.3400 -0.9246
vn 0.4418 0.8748 -0.1987
vn 0.4161 0.8240 -0.3845
vn 0.4418 0.8748 0.1987
vn 0.4161 0.8240 0.3845
vn 0.1717 0.3400 0.9246
vn 0.0897 0.3695 -0.9249
vn 0.2312 0.9522 -0.1994
vn 0.2177 0.8968 -0.3852
vn 0.2312 0.9522 0.1994
vn 0.2177 0.8968 0.3852
vn 0.0897 0.3695 0.9249
vn 0.0079 0.3812 -0.9245
vn 0.0202 0.9800 -0.1981
vn 0.0190 0.9231 -0.3841
vn 0.0202 0.9800 0.1981
vn 0.0190 0.9231 0.3841
vn 0.0079 0.3812 0.9245
vn -0.0433 0.3800 -0.9240
vn -0.1111 0.9743 -0.1962
vn -0.1046 0.9178 -0.3829
vn -0.1111 0.9743 0.1962
vn -0.1046 0.9178 0.3829
vn -0.0433 0.3800 0.9240
vn -0.0597 0.3780 -0.9239
vn -0.1529 0.9688 -0.1952
vn -0.1441 0.9126 -0.3827
vn -0.1529 0.9688 0.1952
vn -0.1441 0.9126 0.3827
vn -0.0597 0.3780 0.9239
vn -0.0748 0.3751 -0.9240
vn -0.1917 0.9617 -0.1961
vn -0.1806 0.9060 -0.3829
vn -0.1917 0.9617 0.1961
vn -0.1806 0.9060 0.3829
vn -0.0748 0.3751 0.9240
vn -0.1244 0.3602 -0.9245
vn -0.3200 0.9264 -0.1983
vn -0.3014 0.8726 -0.3843
vn -0.3200 0.9264 0.1983
vn -0.3014 0.8726 0.3843
vn -0.1244 0.3602 0.9245
vn -0.2040 0.3202 -0.9251
vn -0.5266 0.8263 -0.2001
vn -0.4958 0.7781 -0.3857
vn -0.5266 0.8263 0.2001
vn -0.4958 0.7781 0.3857
vn -0.2040 0.3202 0.9251
vn -0.2716 0.2678 -0.9244
vn -0.6980 0.6882 -0.1979
vn -0.6575 0.6483 -0.3840
vn -0.6980 0.6882 0.1979
vn -0.6575 0.6483 0.3840
vn -0.2716 0.2678 0.9244
vn -0.3137 0.2171 -0.9244
vn -0.8061 0.5578 -0.1977
vn -0.7593 0.5255 -0.3838
vn -0.8061 0.5578 0.1977
vn -0.7593 0.5255 0.3838
vn -0.3137 0.2171 0.9244
vn -0.3547 0.1308 -0.9258
vn -0.9190 0.3388 -0.2018
vn -0.8650 0.3189 -0.3873
vn -0.9190 0.3388 0.2018
vn -0.8650 0.3189 0.3873
vn -0.3547 0.1308 0.9258
vn -0.3689 -0.0328 -0.9289
vn -0.9741 -0.0866 -0.2090
vn -0.9150 -0.0814 -0.3952
vn -0.9741 -0.0866 0.2090
vn -0.9150 -0.0814 0.3952
vn -0.3689 -0.0328 0.9289
vn -0.2991 -0.2191 -0.9287
vn -0.7889 -0.5780 -0.2086
vn -0.7411 -0.5430 -0.3948
vn -0.7889 -0.5780 0.2086
vn -0.7411 -0.5430 0.3948
vn -0.2991 -0.2191 0.9287
vn -0.1550 -0.3395 -0.9277
vn -0.4064 -0.8901 -0.2064
vn -0.3820 -0.8368 -0.3923
vn -0.4064 -0.8901 0.2064
vn -0.3820 -0.8368 0.3923
vn -0.1550 -0.3395 0.9277
vn 0.0050 -0.3760 -0.9266
vn 0.0130 -0.9789 -0.2037
vn 0.0123 -0.9210 -0.3894
vn 0.0130 -0.9789 0.2037
vn 0.0123 -0.9210 0.3894
vn 0.0050 -0.3760 0.9266
vn 0.1490 -0.3459 -0.9264
vn 0.3872 -0.8993 -0.2032
vn 0.3644 -0.8462 -0.3888
vn 0.3872 -0.8993 0.2032
vn 0.3644 -0.8462 0.3888
vn 0.1490 -0.3459 0.9264
vn 0.2747 -0.2544 -0.9273
vn 0.7180 -0.6651 -0.2053
vn 0.6752 -0.6254 -0.3911
vn 0.7180 -0.6651 0.2053
vn 0.6752 -0.6254 0.3911
vn 0.2747 -0.2544 0.9273
vn 0.3586 -0.1020 -0.9279
vn 0.9411 -0.2676 -0.2068
vn 0.8846 -0.2515 -0.3927
vn 0.9411 -0.2676 0.2068
vn 0.8846 -0.2515 0.3927
vn 0.3586 -0.1020 0.9279
vn 0.3768 0.0428 -0.9253
vn 0.9734 0.1105 -0.2005
vn 0.9166 0.1040 -0.3861
vn 0.9734 0.1105 0.2005
vn 0.9166 0.1040 0.3861
vn 0.3768 0.0428 0.9253
vn 0.3644 0.1155 -0.9240
vn 0.9347 0.2962 -0.1965
vn 0.8806 0.2791 -0.3831
vn 0.9347 0.2962 0.1965
vn 0.8806 0.2791 0.3831
vn 0.3644 0.1155 0.9240
vn 0.3554 0.1417 -0.9239
vn 0.9109 0.3633 -0.1957
vn 0.8581 0.3422 -0.3828
vn 0.9109 0.3633 0.1957
vn 0.8581 0.3422 0.3828
vn 0.3554 0.1417 0.9239
vt 0.895833 0.000000
vt 0.875000 0.000000
vt 0.854167 0.000000
vt 0.833333 0.000000
vt 0.916667 0.000000
vt 0.062500 0.000000
vt 0.083333 0.000000
vt 0.104167 0.000000
vt 0.125000 0.000000
vt 0.937500 0.000000
vt 0.812500 0.000000
vt 0.145833 0.000000
vt 0.958333 0.000000
vt 0.041667 0.000000
vt 0.791667 0.000000
vt 0.166667 0.000000
vt 0.979167 0.000000
vt 0.770833 0.000000
vt 0.020833 0.000000
vt 0.187500 0.000000
vt 1.000000 0.000000
vt 0.750000 0.000000
vt 0.520833 0.000000
vt 0.208333 0.000000
vt 0.000000 0.000000
vt 0.729167 0.000000
vt 0.541667 0.000000
vt 0.229167 0.000000
vt 0.562500 0.000000
vt 0.250000 0.000000
vt 0.708333 0.000000
vt 0.583333 0.000000
vt 0.270833 0.000000
vt 0.687500 0.000000
vt 0.604167 0.000000
vt 0.666667 0.000000
vt 0.500000 0.000000
vt 0.645833 0.000000
vt 0.291667 0.000000
vt 0.625000 0.000000
vt 0.479167 0.000000
vt 0.312500 0.000000
vt 0.458333 0.000000
vt 0.333333 0.000000
vt 0.437500 0.000000
vt 0.354167 0.000000
vt 0.416667 0.000000
vt 0.375000 0.000000
vt 0.395833 0.000000
vt 0.000000 0.200000
vt 0.040000 0.200000
vt 0.040000 0.000000
vt 0.000000 0.400000
vt 0.040000 0.400000
vt 0.000000 0.600000
vt 0.040000 0.600000
vt 0.000000 0.800000
vt 0.040000 0.800000
vt 0.000000 1.000000
vt 0.040000 1.000000
vt 0.080000 0.200000
vt 0.080000 0.000000
vt 0.080000 0.400000
vt 0.080000 0.600000
vt 0.080000 0.800000
vt 0.080000 1.000000
vt 0.120000 0.200000
vt 0.120000 0.000000
vt 0.120000 0.400000
vt 0.120000 0.600000
vt 0.120000 0.800000
vt 0.120000 1.000000
vt 0.160000 0.200000
vt 0.160000 0.000000
vt 0.160000 0.400000
vt 0.160000 0.600000
vt 0.160000 0.800000
vt 0.160000 1.000000
vt 0.200000 0.200000
vt 0.200000 0.000000
vt 0.200000 0.400000
vt 0.200000 0.600000
vt 0.200000 0.800000
vt 0.200000 1.000000
vt 0.240000 0.200000
vt 0.240000 0.000000
vt 0.240000 0.400000
vt 0.240000 0.600000
vt 0.240000 0.800000
vt 0.240000 1.000000
vt 0.280000 0.200000
vt 0.280000 0.000000
vt 0.280000 0.400000
vt 0.280000 0.600000
vt 0.280000 0.800000
vt 0.280000 1.000000
vt 0.320000 0.200000
vt 0.320000 0.000000
vt 0.320000 0.400000
vt 0.320000 0.600000
vt 0.320000 0.800000
vt 0.320000 1.000000
vt 0.360000 0.200000
vt 0.360000 0.000000
vt 0.360000 0.400000
vt 0.360000 0.600000
vt 0.360000 0.800000
vt 0.360000 1.000000
vt 0.400000 0.200000
vt 0.400000 0.000000
vt 0.400000 0.400000
vt 0.400000 0.600000
vt 0.400000 0.800000
vt 0.400000 1.000000
vt 0.440000 0.200000
vt 0.440000 0.000000
vt 0.440000 0.400000
vt 0.440000 0.600000
vt 0.440000 0.800000
vt 0.440000 1.000000
vt 0.480000 0.200000
vt 0.480000 0.000000
vt 0.480000 0.400000
vt 0.480000 0.600000
vt 0.480000 0.800000
vt 0.480000 1.000000
vt 0.520000 0.200000
vt 0.520000 0.000000
vt 0.520000 0.400000
vt 0.520000 0.600000
vt 0.520000 0.800000
vt 0.520000 1.000000
vt 0.560000 0.200000
vt 0.560000 0.000000
vt 0.560000 0.400000
vt 0.560000 0.600000
vt 0.560000 0.800000
vt 0.560000 1.000000
vt 0.600000 0.200000
vt 0.600000 0.000000
vt 0.600000 0.400000
vt 0.600000 0.600000
vt 0.600000 0.800000
vt 0.600000 1.000000
vt 0.640000 0.200000
vt 0.640000 0.000000
vt 0.640000 0.400000
vt 0.640000 0.600000
vt 0.640000 0.800000
vt 0.640000 1.000000
vt 0.680000 0.200000
vt 0.680000 0.000000
vt 0.680000 0.400000
vt 0.680000 0.600000
vt 0.680000 0.800000
vt 0.680000 1.000000
vt 0.720000 0.200000
vt 0.720000 0.000000
vt 0.720000 0.400000
vt 0.720000 0.600000
vt 0.720000 0.800000
vt 0.720000 1.000000
vt 0.760000 0.200000
vt 0.760000 0.000000
vt 0.760000 0.400000
vt 0.760000 0.600000
vt 0.760000 0.800000
vt 0.760000 1.000000
vt 0.800000 0.200000
vt 0.800000 0.000000
vt 0.800000 0.400000
vt 0.800000 0.600000
vt 0.800000 0.800000
vt 0.800000 1.000000
vt 0.840000 0.200000
vt 0.840000 0.000000
vt 0.840000 0.400000
vt 0.840000 0.600000
vt 0.840000 0.800000
vt 0.840000 1.000000
vt 0.880000 0.200000
vt 0.880000 0.000000
vt 0.880000 0.400000
vt 0.880000 0.600000
vt 0.880000 0.800000
vt 0.880000 1.000000
vt 0.920000 0.200000
vt 0.920000 0.000000
vt 0.920000 0.400000
vt 0.920000 0.600000
vt 0.920000 0.800000
vt 0.920000 1.000000
vt 0.960000 0.200000
vt 0.960000 0.000000
vt 0.960000 0.400000
vt 0.960000 0.600000
vt 0.960000 0.800000
vt 0.960000 1.000000
vt 1.000000 0.200000
vt 1.000000 0.400000
vt 1.000000 0.600000
vt 1.000000 0.800000
vt 1.000000 1.000000
vt 0.041667 0.200000
vt 0.041667 0.400000
vt 0.041667 0.600000
vt 0.041667 0.800000
vt 0.041667 1.000000
vt 0.083333 0.200000
vt 0.083333 0.400000
vt 0.083333 0.600000
vt 0.083333 0.800000
vt 0.083333 1.000000
vt 0.125000 0.200000
vt 0.125000 0.400000
vt 0.125000 0.600000
vt 0.125000 0.800000
vt 0.125000 1.000000
vt 0.166667 0.200000
vt 0.166667 0.400000
vt 0.166667 0.600000
vt 0.166667 0.800000
vt 0.166667 1.000000
vt 0.208333 0.200000
vt 0.208333 0.400000
vt 0.208333 0.600000
vt 0.208333 0.800000
vt 0.208333 1.000000
vt 0.250000 0.200000
vt 0.250000 0.400000
vt 0.250000 0.600000
vt 0.250000 0.800000
vt 0.250000 1.000000
vt 0.291667 0.200000
vt 0.291667 0.400000
vt 0.291667 0.600000
vt 0.291667 0.800000
vt 0.291667 1.000000
vt 0.333333 0.200000
vt 0.333333 0.400000
vt 0.333333 0.600000
vt 0.333333 0.800000
vt 0.333333 1.000000
vt 0.375000 0.200000
vt 0.375000 0.400000
vt 0.375000 0.600000
vt 0.375000 0.800000
vt 0.375000 1.000000
vt 0.416667 0.200000
vt 0.416667 0.400000
vt 0.416667 0.600000
vt 0.416667 0.800000
vt 0.416667 1.000000
vt 0.458333 0.200000
vt 0.458333 0.400000
vt 0.458333 0.600000
vt 0.458333 0.800000
vt 0.458333 1.000000
vt 0.500000 0.200000
vt 0.500000 0.400000
vt 0.500000 0.600000
vt 0.500000 0.800000
vt 0.500000 1.000000
vt 0.541667 0.200000
vt 0.541667 0.400000
vt 0.541667 0.600000
vt 0.541667 0.800000
vt 0.541667 1.000000
vt 0.583333 0.200000
vt 0.583333 0.400000
vt 0.583333 0.600000
vt 0.583333 0.800000
vt 0.583333 1.000000
vt 0.625000 0.200000
vt 0.625000 0.400000
vt 0.625000 0.600000
vt 0.625000 0.800000
vt 0.625000 1.000000
vt 0.666667 0.200000
vt 0.666667 0.400000
vt 0.666667 0.600000
vt 0.666667 0.800000
vt 0.666667 1.000000
vt 0.708333 0.200000
vt 0.708333 0.400000
vt 0.708333 0.600000
vt 0.708333 0.800000
vt 0.708333 1.000000
vt 0.750000 0.200000
vt 0.750000 0.400000
vt 0.750000 0.600000
vt 0.750000 0.800000
vt 0.750000 1.000000
vt 0.791667 0.200000
vt 0.791667 0.400000
vt 0.791667 0.600000
vt 0.791667 0.800000
vt 0.791667 1.000000
vt 0.833333 0.200000
vt 0.833333 0.400000
vt 0.833333 0.600000
vt 0.833333 0.800000
vt 0.833333 1.000000
vt 0.875000 0.200000
vt 0.875000 0.400000
vt 0.875000 0.600000
vt 0.875000 0.800000
vt 0.875000 1.000000
vt 0.916667 0.200000
vt 0.916667 0.400000
vt 0.916667 0.600000
vt 0.916667 0.800000
vt 0.916667 1.000000
vt 0.958333 0.200000
vt 0.958333 0.400000
vt 0.958333 0.600000
vt 0.958333 0.800000
vt 0.958333 1.000000
s 1
usemtl Gold_|_polished_trim
f 1520/1751/2087 1519/1752/2087 1518/1753/2087
f 1520/1751/2087 1518/1753/2087 1517/1754/2087
f 1521/1755/2087 1520/1751/2087 1517/1754/2087
f 1480/1756/2088 1521/1755/2089 1481/1757/2090
f 1521/1755/2089 1482/1758/2091 1481/1757/2090
f 1521/1755/2089 1483/1759/2092 1482/1758/2091
f 1480/1756/2088 1522/1760/2093 1521/1755/2089
f 1483/1759/2087 1521/1755/2087 1517/1754/2087
f 1516/1761/2094 1483/1759/2092 1517/1754/2095
f 1516/1761/2094 1484/1762/2096 1483/1759/2092
f 1480/1756/2088 1523/1763/2097 1522/1760/2093
f 1479/1764/2098 1523/1763/2097 1480/1756/2088
f 1515/1765/2099 1484/1762/2096 1516/1761/2094
f 1515/1765/2099 1485/1766/2100 1484/1762/2096
f 1479/1764/2098 1524/1767/2101 1523/1763/2097
f 1514/1768/2102 1485/1766/2100 1515/1765/2099
f 1478/1769/2103 1524/1767/2101 1479/1764/2098
f 1514/1768/2102 1486/1770/2104 1485/1766/2100
f 1478/1769/2103 1525/1771/2105 1524/1767/2101
f 1513/1772/2106 1486/1770/2104 1514/1768/2102
f 1478/1769/2103 1502/1773/2107 1525/1771/2105
f 1513/1772/2106 1487/1774/2108 1486/1770/2104
f 1477/1775/2109 1502/1773/2107 1478/1769/2103
f 1512/1776/2110 1487/1774/2108 1513/1772/2106
f 1477/1775/2109 1503/1777/2111 1502/1773/2107
f 1512/1776/2110 1488/1778/2112 1487/1774/2108
f 1477/1775/2109 1504/1779/2113 1503/1777/2111
f 1512/1776/2110 1489/1780/2114 1488/1778/2112
f 1511/1781/2115 1489/1780/2114 1512/1776/2110
f 1477/1775/2109 1505/1782/2116 1504/1779/2113
f 1511/1781/2115 1490/1783/2117 1489/1780/2114
f 1510/1784/2118 1490/1783/2117 1511/1781/2115
f 1477/1775/2109 1506/1785/2119 1505/1782/2116
f 1509/1786/2120 1490/1783/2117 1510/1784/2118
f 1501/1787/2121 1506/1785/2119 1477/1775/2109
f 1508/1788/2122 1490/1783/2117 1509/1786/2120
f 1508/1788/2122 1491/1789/2123 1490/1783/2117
f 1501/1787/2121 1507/1790/2124 1506/1785/2119
f 1507/1790/2124 1491/1789/2123 1508/1788/2122
f 1501/1787/2121 1491/1789/2123 1507/1790/2124
f 1500/1791/2125 1491/1789/2123 1501/1787/2121
f 1500/1791/2125 1492/1792/2126 1491/1789/2123
f 1499/1793/2127 1492/1792/2126 1500/1791/2125
f 1499/1793/2127 1493/1794/2128 1492/1792/2126
f 1498/1795/2129 1493/1794/2128 1499/1793/2127
f 1498/1795/2129 1494/1796/2130 1493/1794/2128
f 1497/1797/2131 1494/1796/2130 1498/1795/2129
f 1497/1797/2131 1495/1798/2132 1494/1796/2130
f 1496/1799/2133 1495/1798/2132 1497/1797/2131
f 1569/1751/2134 1567/1753/2134 1568/1752/2134
f 1569/1751/2134 1566/1754/2134 1567/1753/2134
f 1570/1755/2134 1566/1754/2134 1569/1751/2134
f 1529/1756/2135 1530/1757/2136 1570/1755/2137
f 1570/1755/2137 1530/1757/2136 1531/1758/2138
f 1570/1755/2137 1531/1758/2138 1532/1759/2139
f 1529/1756/2135 1570/1755/2137 1571/1760/2140
f 1532/1759/2134 1566/1754/2134 1570/1755/2134
f 1565/1761/2141 1566/1754/2142 1532/1759/2139
f 1565/1761/2141 1532/1759/2139 1533/1762/2143
f 1529/1756/2135 1571/1760/2140 1572/1763/2144
f 1528/1764/2145 1529/1756/2135 1572/1763/2144
f 1564/1765/2146 1565/1761/2141 1533/1762/2143
f 1564/1765/2146 1533/1762/2143 1534/1766/2147
f 1528/1764/2145 1572/1763/2144 1573/1767/2148
f 1563/1768/2149 1564/1765/2146 1534/1766/2147
f 1527/1769/2150 1528/1764/2145 1573/1767/2148
f 1563/1768/2149 1534/1766/2147 1535/1770/2151
f 1527/1769/2150 1573/1767/2148 1574/1771/2152
f 1562/1772/2153 1563/1768/2149 1535/1770/2151
f 1527/1769/2150 1574/1771/2152 1551/1773/2154
f 1562/1772/2153 1535/1770/2151 1536/1774/2155
f 1526/1775/2156 1527/1769/2150 1551/1773/2154
f 1561/1776/2157 1562/1772/2153 1536/1774/2155
f 1526/1775/2156 1551/1773/2154 1552/1777/2158
f 1561/1776/2157 1536/1774/2155 1537/1778/2159
f 1526/1775/2156 1552/1777/2158 1553/1779/2160
f 1561/1776/2157 1537/1778/2159 1538/1780/2161
f 1560/1781/2162 1561/1776/2157 1538/1780/2161
f 1526/1775/2156 1553/1779/2160 1554/1782/2163
f 1560/1781/2162 1538/1780/2161 1539/1783/2164
f 1559/1784/2165 1560/1781/2162 1539/1783/2164
f 1526/1775/2156 1554/1782/2163 1555/1785/2166
f 1558/1786/2167 1559/1784/2165 1539/1783/2164
f 1550/1787/2168 1526/1775/2156 1555/1785/2166
f 1557/1788/2169 1558/1786/2167 1539/1783/2164
f 1557/1788/2169 1539/1783/2164 1540/1789/2170
f 1550/1787/2168 1555/1785/2166 1556/1790/2171
f 1556/1790/2171 1557/1788/2169 1540/1789/2170
f 1550/1787/2168 1556/1790/2171 1540/1789/2170
f 1549/1791/2172 1550/1787/2168 1540/1789/2170
f 1549/1791/2172 1540/1789/2170 1541/1792/2173
f 1548/1793/2174 1549/1791/2172 1541/1792/2173
f 1548/1793/2174 1541/1792/2173 1542/1794/2175
f 1547/1795/2176 1548/1793/2174 1542/1794/2175
f 1547/1795/2176 1542/1794/2175 1543/1796/2177
f 1546/1797/2178 1547/1795/2176 1543/1796/2177
f 1546/1797/2178 1543/1796/2177 1544/1798/2179
f 1545/1799/2180 1546/1797/2178 1544/1798/2179
f 1575/1800/2181 1579/1801/2182 1527/1802/2150 1526/1775/2156
f 1576/1803/2183 1580/1804/2184 1579/1801/2185 1575/1800/2186
f 1577/1805/2187 1581/1806/2188 1580/1804/2184 1576/1803/2183
f 1578/1807/2189 1582/1808/2190 1581/1806/2188 1577/1805/2187
f 1477/1809/2109 1478/1810/2103 1582/1808/2191 1578/1807/2192
f 1579/1801/2182 1583/1811/2193 1528/1812/2145 1527/1802/2150
f 1580/1804/2184 1584/1813/2194 1583/1811/2195 1579/1801/2185
f 1581/1806/2188 1585/1814/2196 1584/1813/2194 1580/1804/2184
f 1582/1808/2190 1586/1815/2197 1585/1814/2196 1581/1806/2188
f 1478/1810/2103 1479/1816/2098 1586/1815/2198 1582/1808/2191
f 1583/1811/2193 1587/1817/2199 1529/1818/2135 1528/1812/2145
f 1584/1813/2194 1588/1819/2200 1587/1817/2201 1583/1811/2195
f 1585/1814/2196 1589/1820/2202 1588/1819/2200 1584/1813/2194
f 1586/1815/2197 1590/1821/2203 1589/1820/2202 1585/1814/2196
f 1479/1816/2098 1480/1822/2088 1590/1821/2204 1586/1815/2198
f 1587/1817/2199 1591/1823/2205 1530/1824/2136 1529/1818/2135
f 1588/1819/2200 1592/1825/2206 1591/1823/2207 1587/1817/2201
f 1589/1820/2202 1593/1826/2208 1592/1825/2206 1588/1819/2200
f 1590/1821/2203 1594/1827/2209 1593/1826/2208 1589/1820/2202
f 1480/1822/2088 1481/1828/2090 1594/1827/2210 1590/1821/2204
f 1591/1823/2205 1595/1829/2211 1531/1830/2138 1530/1824/2136
f 1592/1825/2212 1596/1831/2213 1595/1829/2214 1591/1823/2214
f 1593/1826/2215 1597/1832/2216 1596/1831/2213 1592/1825/2212
f 1594/1827/2217 1598/1833/2217 1597/1832/2216 1593/1826/2215
f 1481/1828/2090 1482/1834/2091 1598/1833/2218 1594/1827/2210
f 1595/1829/2211 1599/1835/2219 1532/1836/2139 1531/1830/2138
f 1596/1831/2220 1600/1837/2221 1599/1835/2222 1595/1829/2223
f 1597/1832/2224 1601/1838/2225 1600/1837/2221 1596/1831/2220
f 1598/1833/2226 1602/1839/2227 1601/1838/2225 1597/1832/2224
f 1482/1834/2091 1483/1840/2092 1602/1839/2228 1598/1833/2218
f 1599/1835/2219 1603/1841/2229 1533/1842/2143 1532/1836/2139
f 1600/1837/2221 1604/1843/2230 1603/1841/2231 1599/1835/2222
f 1601/1838/2225 1605/1844/2232 1604/1843/2230 1600/1837/2221
f 1602/1839/2227 1606/1845/2233 1605/1844/2232 1601/1838/2225
f 1483/1840/2092 1484/1846/2096 1606/1845/2234 1602/1839/2228
f 1603/1841/2229 1607/1847/2235 1534/1848/2147 1533/1842/2143
f 1604/1843/2230 1608/1849/2236 1607/1847/2237 1603/1841/2231
f 1605/1844/2232 1609/1850/2238 1608/1849/2236 1604/1843/2230
f 1606/1845/2233 1610/1851/2239 1609/1850/2238 1605/1844/2232
f 1484/1846/2096 1485/1852/2100 1610/1851/2240 1606/1845/2234
f 1607/1847/2235 1611/1853/2241 1535/1854/2151 1534/1848/2147
f 1608/1849/2236 1612/1855/2242 1611/1853/2243 1607/1847/2237
f 1609/1850/2238 1613/1856/2244 1612/1855/2242 1608/1849/2236
f 1610/1851/2239 1614/1857/2245 1613/1856/2244 1609/1850/2238
f 1485/1852/2100 1486/1858/2104 1614/1857/2246 1610/1851/2240
f 1611/1853/2241 1615/1859/2247 1536/1860/2155 1535/1854/2151
f 1612/1855/2242 1616/1861/2248 1615/1859/2249 1611/1853/2243
f 1613/1856/2244 1617/1862/2250 1616/1861/2248 1612/1855/2242
f 1614/1857/2245 1618/1863/2251 1617/1862/2250 1613/1856/2244
f 1486/1858/2104 1487/1864/2108 1618/1863/2252 1614/1857/2246
f 1615/1859/2247 1619/1865/2253 1537/1866/2159 1536/1860/2155
f 1616/1861/2248 1620/1867/2254 1619/1865/2255 1615/1859/2249
f 1617/1862/2250 1621/1868/2256 1620/1867/2254 1616/1861/2248
f 1618/1863/2251 1622/1869/2257 1621/1868/2256 1617/1862/2250
f 1487/1864/2108 1488/1870/2112 1622/1869/2258 1618/1863/2252
f 1619/1865/2253 1623/1871/2259 1538/1872/2161 1537/1866/2159
f 1620/1867/2254 1624/1873/2260 1623/1871/2261 1619/1865/2255
f 1621/1868/2256 1625/1874/2262 1624/1873/2260 1620/1867/2254
f 1622/1869/2257 1626/1875/2263 1625/1874/2262 1621/1868/2256
f 1488/1870/2112 1489/1876/2114 1626/1875/2264 1622/1869/2258
f 1623/1871/2259 1627/1877/2265 1539/1878/2164 1538/1872/2161
f 1624/1873/2260 1628/1879/2266 1627/1877/2267 1623/1871/2261
f 1625/1874/2262 1629/1880/2268 1628/1879/2266 1624/1873/2260
f 1626/1875/2263 1630/1881/2269 1629/1880/2268 1625/1874/2262
f 1489/1876/2114 1490/1882/2117 1630/1881/2270 1626/1875/2264
f 1627/1877/2265 1631/1883/2271 1540/1884/2170 1539/1878/2164
f 1628/1879/2266 1632/1885/2272 1631/1883/2273 1627/1877/2267
f 1629/1880/2268 1633/1886/2274 1632/1885/2272 1628/1879/2266
f 1630/1881/2269 1634/1887/2275 1633/1886/2274 1629/1880/2268
f 1490/1882/2117 1491/1888/2123 1634/1887/2276 1630/1881/2270
f 1631/1883/2271 1635/1889/2277 1541/1890/2173 1540/1884/2170
f 1632/1885/2272 1636/1891/2278 1635/1889/2279 1631/1883/2273
f 1633/1886/2274 1637/1892/2280 1636/1891/2278 1632/1885/2272
f 1634/1887/2275 1638/1893/2281 1637/1892/2280 1633/1886/2274
f 1491/1888/2123 1492/1894/2126 1638/1893/2282 1634/1887/2276
f 1635/1889/2277 1639/1895/2283 1542/1896/2175 1541/1890/2173
f 1636/1891/2278 1640/1897/2284 1639/1895/2285 1635/1889/2279
f 1637/1892/2280 1641/1898/2286 1640/1897/2284 1636/1891/2278
f 1638/1893/2281 1642/1899/2287 1641/1898/2286 1637/1892/2280
f 1492/1894/2126 1493/1900/2128 1642/1899/2288 1638/1893/2282
f 1639/1895/2283 1643/1901/2289 1543/1902/2177 1542/1896/2175
f 1640/1897/2284 1644/1903/2290 1643/1901/2291 1639/1895/2285
f 1641/1898/2286 1645/1904/2292 1644/1903/2290 1640/1897/2284
f 1642/1899/2287 1646/1905/2293 1645/1904/2292 1641/1898/2286
f 1493/1900/2128 1494/1906/2130 1646/1905/2294 1642/1899/2288
f 1643/1901/2289 1647/1907/2295 1544/1908/2179 1543/1902/2177
f 1644/1903/2290 1648/1909/2296 1647/1907/2297 1643/1901/2291
f 1645/1904/2292 1649/1910/2298 1648/1909/2296 1644/1903/2290
f 1646/1905/2293 1650/1911/2299 1649/1910/2298 1645/1904/2292
f 1494/1906/2130 1495/1912/2132 1650/1911/2300 1646/1905/2294
f 1647/1907/2295 1651/1913/2301 1545/1914/2180 1544/1908/2179
f 1648/1909/2296 1652/1915/2302 1651/1913/2303 1647/1907/2297
f 1649/1910/2298 1653/1916/2304 1652/1915/2302 1648/1909/2296
f 1650/1911/2299 1654/1917/2305 1653/1916/2304 1649/1910/2298
f 1495/1912/2132 1496/1918/2133 1654/1917/2306 1650/1911/2300
f 1651/1913/2301 1655/1919/2307 1546/1920/2178 1545/1914/2180
f 1652/1915/2302 1656/1921/2308 1655/1919/2309 1651/1913/2303
f 1653/1916/2304 1657/1922/2310 1656/1921/2308 1652/1915/2302
f 1654/1917/2305 1658/1923/2311 1657/1922/2310 1653/1916/2304
f 1496/1918/2133 1497/1924/2131 1658/1923/2312 1654/1917/2306
f 1655/1919/2307 1659/1925/2313 1547/1926/2176 1546/1920/2178
f 1656/1921/2308 1660/1927/2314 1659/1925/2315 1655/1919/2309
f 1657/1922/2310 1661/1928/2316 1660/1927/2314 1656/1921/2308
f 1658/1923/2311 1662/1929/2317 1661/1928/2316 1657/1922/2310
f 1497/1924/2131 1498/1930/2129 1662/1929/2318 1658/1923/2312
f 1659/1925/2313 1663/1931/2319 1548/1932/2174 1547/1926/2176
f 1660/1927/2314 1664/1933/2320 1663/1931/2321 1659/1925/2315
f 1661/1928/2316 1665/1934/2322 1664/1933/2320 1660/1927/2314
f 1662/1929/2317 1666/1935/2323 1665/1934/2322 1661/1928/2316
f 1498/1930/2129 1499/1936/2127 1666/1935/2324 1662/1929/2318
f 1663/1931/2319 1667/1937/2325 1549/1938/2172 1548/1932/2174
f 1664/1933/2320 1668/1939/2326 1667/1937/2327 1663/1931/2321
f 1665/1934/2322 1669/1940/2328 1668/1939/2326 1664/1933/2320
f 1666/1935/2323 1670/1941/2329 1669/1940/2328 1665/1934/2322
f 1499/1936/2127 1500/1942/2125 1670/1941/2330 1666/1935/2324
f 1667/1937/2325 1671/1943/2331 1550/1944/2168 1549/1938/2172
f 1668/1939/2326 1672/1945/2332 1671/1943/2333 1667/1937/2327
f 1669/1940/2328 1673/1946/2334 1672/1945/2332 1668/1939/2326
f 1670/1941/2329 1674/1947/2335 1673/1946/2334 1669/1940/2328
f 1500/1942/2125 1501/1948/2121 1674/1947/2336 1670/1941/2330
f 1671/1943/2331 1575/1949/2181 1526/1771/2156 1550/1944/2168
f 1672/1945/2332 1576/1950/2183 1575/1949/2186 1671/1943/2333
f 1673/1946/2334 1577/1951/2187 1576/1950/2183 1672/1945/2332
f 1674/1947/2335 1578/1952/2189 1577/1951/2187 1673/1946/2334
f 1501/1948/2121 1477/1953/2109 1578/1952/2192 1674/1947/2336
f 1675/1800/2337 1679/1954/2338 1552/1764/2158 1551/1775/2154
f 1676/1803/2339 1680/1955/2340 1679/1954/2341 1675/1800/2342
f 1677/1805/2343 1681/1956/2344 1680/1955/2340 1676/1803/2339
f 1678/1807/2345 1682/1957/2346 1681/1956/2344 1677/1805/2343
f 1502/1809/2107 1503/1958/2111 1682/1957/2347 1678/1807/2348
f 1679/1954/2338 1683/1959/2349 1553/1757/2160 1552/1764/2158
f 1680/1955/2340 1684/1960/2350 1683/1959/2351 1679/1954/2341
f 1681/1956/2344 1685/1961/2352 1684/1960/2350 1680/1955/2340
f 1682/1957/2346 1686/1962/2353 1685/1961/2352 1681/1956/2344
f 1503/1958/2111 1504/1963/2113 1686/1962/2354 1682/1957/2347
f 1683/1959/2349 1687/1964/2355 1554/1759/2163 1553/1757/2160
f 1684/1960/2350 1688/1965/2356 1687/1964/2357 1683/1959/2351
f 1685/1961/2352 1689/1966/2358 1688/1965/2356 1684/1960/2350
f 1686/1962/2353 1690/1967/2359 1689/1966/2358 1685/1961/2352
f 1504/1963/2113 1505/1968/2116 1690/1967/2360 1686/1962/2354
f 1687/1964/2355 1691/1969/2361 1555/1766/2166 1554/1759/2163
f 1688/1965/2356 1692/1970/2362 1691/1969/2363 1687/1964/2357
f 1689/1966/2358 1693/1971/2364 1692/1970/2362 1688/1965/2356
f 1690/1967/2359 1694/1972/2365 1693/1971/2364 1689/1966/2358
f 1505/1968/2116 1506/1973/2119 1694/1972/2366 1690/1967/2360
f 1691/1969/2361 1695/1974/2367 1556/1774/2171 1555/1766/2166
f 1692/1970/2362 1696/1975/2368 1695/1974/2369 1691/1969/2363
f 1693/1971/2364 1697/1976/2370 1696/1975/2368 1692/1970/2362
f 1694/1972/2365 1698/1977/2371 1697/1976/2370 1693/1971/2364
f 1506/1973/2119 1507/1978/2124 1698/1977/2372 1694/1972/2366
f 1695/1974/2367 1699/1979/2373 1557/1780/2169 1556/1774/2171
f 1696/1975/2368 1700/1980/2374 1699/1979/2375 1695/1974/2369
f 1697/1976/2370 1701/1981/2376 1700/1980/2374 1696/1975/2368
f 1698/1977/2371 1702/1982/2377 1701/1981/2376 1697/1976/2370
f 1507/1978/2124 1508/1983/2122 1702/1982/2378 1698/1977/2372
f 1699/1979/2373 1703/1984/2379 1558/1789/2167 1557/1780/2169
f 1700/1980/2374 1704/1985/2380 1703/1984/2381 1699/1979/2375
f 1701/1981/2376 1705/1986/2382 1704/1985/2380 1700/1980/2374
f 1702/1982/2377 1706/1987/2383 1705/1986/2382 1701/1981/2376
f 1508/1983/2122 1509/1988/2120 1706/1987/2384 1702/1982/2378
f 1703/1984/2379 1707/1989/2385 1559/1794/2165 1558/1789/2167
f 1704/1985/2380 1708/1990/2386 1707/1989/2387 1703/1984/2381
f 1705/1986/2382 1709/1991/2388 1708/1990/2386 1704/1985/2380
f 1706/1987/2383 1710/1992/2389 1709/1991/2388 1705/1986/2382
f 1509/1988/2120 1510/1993/2118 1710/1992/2390 1706/1987/2384
f 1707/1989/2385 1711/1994/2391 1560/1798/2162 1559/1794/2165
f 1708/1990/2386 1712/1995/2392 1711/1994/2393 1707/1989/2387
f 1709/1991/2388 1713/1996/2394 1712/1995/2392 1708/1990/2386
f 1710/1992/2389 1714/1997/2395 1713/1996/2394 1709/1991/2388
f 1510/1993/2118 1511/1998/2115 1714/1997/2396 1710/1992/2390
f 1711/1994/2391 1715/1999/2397 1561/1797/2157 1560/1798/2162
f 1712/1995/2392 1716/2000/2398 1715/1999/2399 1711/1994/2393
f 1713/1996/2394 1717/2001/2400 1716/2000/2398 1712/1995/2392
f 1714/1997/2395 1718/2002/2401 1717/2001/2400 1713/1996/2394
f 1511/1998/2115 1512/2003/2110 1718/2002/2402 1714/1997/2396
f 1715/1999/2397 1719/2004/2403 1562/1793/2153 1561/1797/2157
f 1716/2000/2398 1720/2005/2404 1719/2004/2405 1715/1999/2399
f 1717/2001/2400 1721/2006/2406 1720/2005/2404 1716/2000/2398
f 1718/2002/2401 1722/2007/2407 1721/2006/2406 1717/2001/2400
f 1512/2003/2110 1513/2008/2106 1722/2007/2408 1718/2002/2402
f 1719/2004/2403 1723/2009/2409 1563/1787/2149 1562/1793/2153
f 1720/2005/2404 1724/2010/2410 1723/2009/2411 1719/2004/2405
f 1721/2006/2406 1725/2011/2412 1724/2010/2410 1720/2005/2404
f 1722/2007/2407 1726/2012/2413 1725/2011/2412 1721/2006/2406
f 1513/2008/2106 1514/2013/2102 1726/2012/2414 1722/2007/2408
f 1723/2009/2409 1727/2014/2415 1564/1777/2146 1563/1787/2149
f 1724/2010/2410 1728/2015/2416 1727/2014/2417 1723/2009/2411
f 1725/2011/2412 1729/2016/2418 1728/2015/2416 1724/2010/2410
f 1726/2012/2413 1730/2017/2419 1729/2016/2418 1725/2011/2412
f 1514/2013/2102 1515/2018/2099 1730/2017/2420 1726/2012/2414
f 1727/2014/2415 1731/2019/2421 1565/1782/2141 1564/1777/2146
f 1728/2015/2416 1732/2020/2422 1731/2019/2423 1727/2014/2417
f 1729/2016/2418 1733/2021/2424 1732/2020/2422 1728/2015/2416
f 1730/2017/2419 1734/2022/2425 1733/2021/2424 1729/2016/2418
f 1515/2018/2099 1516/2023/2094 1734/2022/2426 1730/2017/2420
f 1731/2019/2421 1735/2024/2427 1566/1790/2142 1565/1782/2141
f 1732/2020/2422 1736/2025/2428 1735/2024/2429 1731/2019/2423
f 1733/2021/2424 1737/2026/2430 1736/2025/2428 1732/2020/2422
f 1734/2022/2425 1738/2027/2431 1737/2026/2430 1733/2021/2424
f 1516/2023/2094 1517/2028/2095 1738/2027/2432 1734/2022/2426
f 1735/2024/2427 1739/2029/2433 1567/1786/2433 1566/1790/2142
f 1736/2025/2428 1740/2030/2434 1739/2029/2435 1735/2024/2429
f 1737/2026/2430 1741/2031/2436 1740/2030/2434 1736/2025/2428
f 1738/2027/2431 1742/2032/2437 1741/2031/2436 1737/2026/2430
f 1517/2028/2095 1518/2033/2438 1742/2032/2438 1738/2027/2432
f 1739/2029/2433 1743/2034/2439 1568/1781/2439 1567/1786/2433
f 1740/2030/2434 1744/2035/2440 1743/2034/2441 1739/2029/2435
f 1741/2031/2436 1745/2036/2442 1744/2035/2440 1740/2030/2434
f 1742/2032/2437 1746/2037/2443 1745/2036/2442 1741/2031/2436
f 1518/2033/2438 1519/2038/2444 1746/2037/2444 1742/2032/2438
f 1743/2034/2439 1747/2039/2445 1569/1772/2445 1568/1781/2439
f 1744/2035/2440 1748/2040/2446 1747/2039/2447 1743/2034/2441
f 1745/2036/2442 1749/2041/2448 1748/2040/2446 1744/2035/2440
f 1746/2037/2443 1750/2042/2449 1749/2041/2448 1745/2036/2442
f 1519/2038/2444 1520/2043/2450 1750/2042/2450 1746/2037/2444
f 1747/2039/2445 1751/2044/2451 1570/1765/2137 1569/1772/2445
f 1748/2040/2446 1752/2045/2452 1751/2044/2453 1747/2039/2447
f 1749/2041/2448 1753/2046/2454 1752/2045/2452 1748/2040/2446
f 1750/2042/2449 1754/2047/2455 1753/2046/2454 1749/2041/2448
f 1520/2043/2450 1521/2048/2089 1754/2047/2456 1750/2042/2450
f 1751/2044/2451 1755/2049/2457 1571/1754/2140 1570/1765/2137
f 1752/2045/2452 1756/2050/2458 1755/2049/2459 1751/2044/2453
f 1753/2046/2454 1757/2051/2460 1756/2050/2458 1752/2045/2452
f 1754/2047/2455 1758/2052/2461 1757/2051/2460 1753/2046/2454
f 1521/2048/2089 1522/2053/2093 1758/2052/2462 1754/2047/2456
f 1755/2049/2457 1759/2054/2463 1572/1752/2144 1571/1754/2140
f 1756/2050/2458 1760/2055/2464 1759/2054/2465 1755/2049/2459
f 1757/2051/2460 1761/2056/2466 1760/2055/2464 1756/2050/2458
f 1758/2052/2461 1762/2057/2467 1761/2056/2466 1757/2051/2460
f 1522/2053/2093 1523/2058/2097 1762/2057/2468 1758/2052/2462
f 1759/2054/2463 1763/2059/2469 1573/1755/2148 1572/1752/2144
f 1760/2055/2464 1764/2060/2470 1763/2059/2471 1759/2054/2465
f 1761/2056/2466 1765/2061/2472 1764/2060/2470 1760/2055/2464
f 1762/2057/2467 1766/2062/2473 1765/2061/2472 1761/2056/2466
f 1523/2058/2097 1524/2063/2101 1766/2062/2474 1762/2057/2468
f 1763/2059/2469 1767/2064/2475 1574/1763/2152 1573/1755/2148
f 1764/2060/2470 1768/2065/2476 1767/2064/2477 1763/2059/2471
f 1765/2061/2472 1769/2066/2478 1768/2065/2476 1764/2060/2470
f 1766/2062/2473 1770/2067/2479 1769/2066/2478 1765/2061/2472
f 1524/2063/2101 1525/2068/2105 1770/2067/2480 1766/2062/2474
f 1767/2064/2475 1675/1949/2337 1551/1771/2154 1574/1763/2152
f 1768/2065/2476 1676/1950/2339 1675/1949/2342 1767/2064/2477
f 1769/2066/2478 1677/1951/2343 1676/1950/2339 1768/2065/2476
f 1770/2067/2479 1678/1952/2345 1677/1951/2343 1769/2066/2478
f 1525/2068/2105 1502/1953/2107 1678/1952/2348 1770/2067/2480
o Trigger
v 0.084564 0.018308 0.005000
v 0.085086 0.020347 0.005000
v 0.085996 0.022058 0.005000
v 0.087063 0.023637 0.005000
v 0.088051 0.025282 0.005000
v 0.089904 0.022399 0.005000
v 0.091830 0.019628 0.005000
v 0.093610 0.016633 0.005000
v 0.095026 0.013077 0.005000
v 0.095614 0.008721 0.005000
v 0.095298 0.004740 0.005000
v 0.095064 0.000787 0.005000
v 0.095897 -0.003487 0.005000
v 0.097137 -0.005879 0.005000
v 0.098694 -0.007793 0.005000
v 0.100379 -0.009515 0.005000
v 0.102000 -0.011333 0.005000
v 0.099322 -0.011211 0.005000
v 0.096602 -0.011297 0.005000
v 0.093966 -0.010965 0.005000
v 0.091538 -0.009590 0.005000
v 0.089445 -0.006570 0.005000
v 0.088759 -0.003230 0.005000
v 0.088591 0.000418 0.005000
v 0.088051 0.004359 0.005000
v 0.086846 0.008051 0.005000
v 0.085567 0.011283 0.005000
v 0.084659 0.014540 0.005000
v 0.084564 0.018308 -0.005000
v 0.085086 0.020347 -0.005000
v 0.085996 0.022058 -0.005000
v 0.087063 0.023637 -0.005000
v 0.088051 0.025282 -0.005000
v 0.089904 0.022399 -0.005000
v 0.091830 0.019628 -0.005000
v 0.093610 0.016633 -0.005000
v 0.095026 0.013077 -0.005000
v 0.095614 0.008721 -0.005000
v 0.095298 0.004740 -0.005000
v 0.095064 0.000787 -0.005000
v 0.095897 -0.003487 -0.005000
v 0.097137 -0.005879 -0.005000
v 0.098694 -0.007793 -0.005000
v 0.100379 -0.009515 -0.005000
v 0.102000 -0.011333 -0.005000
v 0.099322 -0.011211 -0.005000
v 0.096602 -0.011297 -0.005000
v 0.093966 -0.010965 -0.005000
v 0.091538 -0.009590 -0.005000
v 0.089445 -0.006570 -0.005000
v 0.088759 -0.003230 -0.005000
v 0.088591 0.000418 -0.005000
v 0.088051 0.004359 -0.005000
v 0.086846 0.008051 -0.005000
v 0.085567 0.011283 -0.005000
v 0.084659 0.014540 -0.005000
v 0.083855 0.018388 -0.004707
v 0.083561 0.018421 -0.004000
v 0.083561 0.018421 0.004000
v 0.083855 0.018388 0.004707
v 0.084422 0.020605 -0.004707
v 0.084147 0.020711 -0.004000
v 0.084147 0.020711 0.004000
v 0.084422 0.020605 0.004707
v 0.085390 0.022423 -0.004707
v 0.085138 0.022574 -0.004000
v 0.085138 0.022574 0.004000
v 0.085390 0.022423 0.004707
v 0.086466 0.024017 -0.004707
v 0.086219 0.024175 -0.004000
v 0.086219 0.024175 0.004000
v 0.086466 0.024017 0.004707
v 0.088031 0.026621 -0.004707
v 0.088023 0.027176 -0.004000
v 0.088023 0.027176 0.004000
v 0.088031 0.026621 0.004707
v 0.090492 0.022792 -0.004707
v 0.090736 0.022955 -0.004000
v 0.090736 0.022955 0.004000
v 0.090492 0.022792 0.004707
v 0.092425 0.020011 -0.004707
v 0.092671 0.020170 -0.004000
v 0.092671 0.020170 0.004000
v 0.092425 0.020011 0.004707
v 0.094246 0.016947 -0.004707
v 0.094510 0.017076 -0.004000
v 0.094510 0.017076 0.004000
v 0.094246 0.016947 0.004707
v 0.095715 0.013258 -0.004707
v 0.096000 0.013333 -0.004000
v 0.096000 0.013333 0.004000
v 0.095715 0.013258 0.004707
v 0.096325 0.008741 -0.004707
v 0.096620 0.008749 -0.004000
v 0.096620 0.008749 0.004000
v 0.096325 0.008741 0.004707
v 0.096004 0.004692 -0.004707
v 0.096296 0.004671 -0.004000
v 0.096296 0.004671 0.004000
v 0.096004 0.004692 0.004707
v 0.095775 0.000835 -0.004707
v 0.096070 0.000854 -0.004000
v 0.096070 0.000854 0.004000
v 0.095775 0.000835 0.004707
v 0.096572 -0.003252 -0.004707
v 0.096851 -0.003155 -0.004000
v 0.096851 -0.003155 0.004000
v 0.096572 -0.003252 0.004707
v 0.097731 -0.005490 -0.004707
v 0.097977 -0.005328 -0.004000
v 0.097977 -0.005328 0.004000
v 0.097731 -0.005490 0.004707
v 0.099222 -0.007322 -0.004707
v 0.099441 -0.007126 -0.004000
v 0.099441 -0.007126 0.004000
v 0.099222 -0.007322 0.004707
v 0.100896 -0.009033 -0.004707
v 0.101110 -0.008833 -0.004000
v 0.101110 -0.008833 0.004000
v 0.100896 -0.009033 0.004707
v 0.103646 -0.012117 -0.004707
v 0.104328 -0.012441 -0.004000
v 0.104328 -0.012441 0.004000
v 0.103646 -0.012117 0.004707
v 0.099317 -0.011918 -0.004707
v 0.099315 -0.012211 -0.004000
v 0.099315 -0.012211 0.004000
v 0.099317 -0.011918 0.004707
v 0.096569 -0.012005 -0.004707
v 0.096556 -0.012299 -0.004000
v 0.096556 -0.012299 0.004000
v 0.096569 -0.012005 0.004707
v 0.093739 -0.011650 -0.004707
v 0.093645 -0.011933 -0.004000
v 0.093645 -0.011933 0.004000
v 0.093739 -0.011650 0.004707
v 0.091049 -0.010125 -0.004707
v 0.090847 -0.010347 -0.004000
v 0.090847 -0.010347 0.004000
v 0.091049 -0.010125 0.004707
v 0.088782 -0.006854 -0.004707
v 0.088507 -0.006971 -0.004000
v 0.088507 -0.006971 0.004000
v 0.088782 -0.006854 0.004707
v 0.088055 -0.003318 -0.004707
v 0.087763 -0.003354 -0.004000
v 0.087763 -0.003354 0.004000
v 0.088055 -0.003318 0.004707
v 0.087886 0.000353 -0.004707
v 0.087594 0.000327 -0.004000
v 0.087594 0.000327 0.004000
v 0.087886 0.000353 0.004707
v 0.087359 0.004200 -0.004707
v 0.087073 0.004134 -0.004000
v 0.087073 0.004134 0.004000
v 0.087359 0.004200 0.004707
v 0.086180 0.007811 -0.004707
v 0.085905 0.007712 -0.004000
v 0.085905 0.007712 0.004000
v 0.086180 0.007811 0.004707
v 0.084896 0.011057 -0.004707
v 0.084618 0.010964 -0.004000
v 0.084618 0.010964 0.004000
v 0.084896 0.011057 0.004707
v 0.083954 0.014435 -0.004707
v 0.083663 0.014391 -0.004000
v 0.083663 0.014391 0.004000
v 0.083954 0.014435 0.004707
vn -0.1618 0.1031 0.9814
vn 0.1604 0.1072 0.9812
vn -0.0026 0.1742 0.9847
vn -0.1723 0.1037 0.9796
vn 0.1675 0.1078 0.9800
vn -0.1939 0.0752 0.9781
vn -0.2083 0.0236 0.9778
vn 0.1829 0.0901 0.9790
vn -0.2060 -0.0308 0.9781
vn 0.2014 0.0528 0.9781
vn -0.1906 -0.0641 0.9796
vn 0.2067 0.0057 0.9784
vn -0.1800 -0.0649 0.9815
vn 0.1934 -0.0134 0.9810
vn -0.1790 -0.0411 0.9830
vn 0.1783 0.0119 0.9839
vn -0.1888 -0.0172 0.9819
vn 0.1665 0.0580 0.9843
vn -0.2023 -0.0253 0.9790
vn -0.1977 -0.0846 0.9766
vn 0.1521 0.0998 0.9833
vn 0.1413 0.1262 0.9819
vn -0.1461 -0.1600 0.9762
vn 0.1446 0.1350 0.9802
vn 0.1240 -0.0590 0.9905
vn -0.0675 -0.2036 0.9767
vn -0.0013 -0.1903 0.9817
vn -0.0095 -0.2036 0.9790
vn -0.1618 0.1031 -0.9814
vn -0.0026 0.1742 -0.9847
vn 0.1604 0.1072 -0.9812
vn -0.1723 0.1037 -0.9796
vn 0.1675 0.1078 -0.9800
vn -0.1939 0.0752 -0.9781
vn -0.2083 0.0236 -0.9778
vn 0.1829 0.0901 -0.9790
vn -0.2060 -0.0308 -0.9781
vn 0.2014 0.0528 -0.9781
vn -0.1906 -0.0641 -0.9796
vn 0.2067 0.0057 -0.9784
vn -0.1800 -0.0649 -0.9815
vn 0.1934 -0.0134 -0.9810
vn -0.1790 -0.0411 -0.9830
vn 0.1783 0.0119 -0.9839
vn -0.1888 -0.0172 -0.9819
vn 0.1665 0.0580 -0.9843
vn -0.2023 -0.0253 -0.9790
vn -0.1977 -0.0846 -0.9766
vn 0.1521 0.0998 -0.9833
vn 0.1413 0.1262 -0.9819
vn -0.1461 -0.1600 -0.9762
vn 0.1446 0.1350 -0.9802
vn 0.1240 -0.0590 -0.9905
vn -0.0675 -0.2036 -0.9767
vn -0.0013 -0.1903 -0.9817
vn -0.0095 -0.2036 -0.9790
vn -0.3772 0.0426 -0.9252
vn -0.3546 0.1375 -0.9248
vn -0.9749 0.1102 -0.1935
vn -0.9148 0.3546 -0.1935
vn -0.8605 0.3335 -0.3850
vn -0.9167 0.1036 -0.3858
vn -0.9749 0.1102 0.1935
vn -0.9148 0.3546 0.1935
vn -0.9167 0.1036 0.3858
vn -0.8605 0.3335 0.3850
vn -0.3546 0.1375 0.9248
vn -0.3772 0.0426 0.9252
vn -0.3275 0.1970 -0.9241
vn -0.8406 0.5057 -0.1941
vn -0.7915 0.4761 -0.3831
vn -0.8406 0.5057 0.1941
vn -0.7915 0.4761 0.3831
vn -0.3275 0.1970 0.9241
vn -0.3226 0.2056 -0.9239
vn -0.8269 0.5271 -0.1958
vn -0.7790 0.4966 -0.3828
vn -0.8269 0.5271 0.1958
vn -0.7790 0.4966 0.3828
vn -0.3226 0.2056 0.9239
vn -0.3280 0.1971 -0.9239
vn -0.8470 0.5090 -0.1534
vn -0.7919 0.4759 -0.3827
vn -0.8470 0.5090 0.1534
vn -0.7919 0.4759 0.3827
vn -0.3280 0.1971 0.9239
vn 0.3219 0.2069 -0.9239
vn 0.3181 0.2127 -0.9239
vn 0.8313 0.5343 -0.1534
vn 0.8153 0.5451 -0.1956
vn 0.7680 0.5135 -0.3827
vn 0.7772 0.4995 -0.3827
vn 0.8313 0.5343 0.1534
vn 0.8153 0.5451 0.1956
vn 0.7772 0.4995 0.3827
vn 0.7680 0.5135 0.3827
vn 0.3181 0.2127 0.9239
vn 0.3219 0.2069 0.9239
vn 0.3216 0.2070 -0.9240
vn 0.8249 0.5308 -0.1944
vn 0.7768 0.4999 -0.3829
vn 0.8249 0.5308 0.1944
vn 0.7768 0.4999 0.3829
vn 0.3216 0.2070 0.9240
vn 0.3424 0.1686 -0.9243
vn 0.8801 0.4334 -0.1938
vn 0.8285 0.4079 -0.3837
vn 0.8801 0.4334 0.1938
vn 0.8285 0.4079 0.3837
vn 0.3424 0.1686 0.9243
vn 0.3678 0.0965 -0.9249
vn 0.9490 0.2490 -0.1935
vn 0.8927 0.2342 -0.3851
vn 0.9490 0.2490 0.1935
vn 0.8927 0.2342 0.3851
vn 0.3678 0.0965 0.9249
vn 0.3807 0.0105 -0.9246
vn 0.9807 0.0270 -0.1936
vn 0.9228 0.0254 -0.3846
vn 0.9807 0.0270 0.1936
vn 0.9228 0.0254 0.3846
vn 0.3807 0.0105 0.9246
vn 0.3818 -0.0265 -0.9239
vn 0.9784 -0.0678 -0.1953
vn 0.9217 -0.0639 -0.3827
vn 0.9784 -0.0678 0.1953
vn 0.9217 -0.0639 0.3827
vn 0.3818 -0.0265 0.9239
vn 0.3792 0.0253 -0.9249
vn 0.9777 0.0653 -0.1996
vn 0.9207 0.0615 -0.3853
vn 0.9777 0.0653 0.1996
vn 0.9207 0.0615 0.3853
vn 0.3792 0.0253 0.9249
vn 0.3582 0.1248 -0.9253
vn 0.9252 0.3224 -0.2004
vn 0.8711 0.3036 -0.3860
vn 0.9252 0.3224 0.2004
vn 0.8711 0.3036 0.3860
vn 0.3582 0.1248 0.9253
vn 0.3185 0.2090 -0.9246
vn 0.8195 0.5376 -0.1985
vn 0.7719 0.5063 -0.3844
vn 0.8195 0.5376 0.1985
vn 0.7719 0.5063 0.3844
vn 0.3185 0.2090 0.9246
vn 0.2852 0.2546 -0.9240
vn 0.7315 0.6530 -0.1964
vn 0.6891 0.6152 -0.3830
vn 0.7315 0.6530 0.1964
vn 0.6891 0.6152 0.3830
vn 0.2852 0.2546 0.9240
vn 0.2796 0.2612 -0.9239
vn 0.7168 0.6695 -0.1946
vn 0.6752 0.6306 -0.3828
vn 0.7168 0.6695 0.1946
vn 0.6752 0.6306 0.3828
vn 0.2796 0.2612 0.9239
vn 0.2856 0.2547 -0.9239
vn 0.7395 0.6594 -0.1350
vn 0.6896 0.6149 -0.3827
vn 0.7395 0.6594 0.1350
vn 0.6896 0.6149 0.3827
vn 0.2856 0.2547 0.9239
vn -0.0175 -0.3823 -0.9239
vn -0.0027 -0.3824 -0.9240
vn -0.0453 -0.9898 -0.1350
vn -0.0069 -0.9806 -0.1961
vn -0.0065 -0.9238 -0.3829
vn -0.0423 -0.9229 -0.3827
vn -0.0453 -0.9898 0.1350
vn -0.0069 -0.9806 0.1961
vn -0.0423 -0.9229 0.3827
vn -0.0065 -0.9238 0.3829
vn -0.0027 -0.3824 0.9240
vn -0.0175 -0.3823 0.9239
vn -0.0178 -0.3813 -0.9243
vn -0.0458 -0.9800 -0.1938
vn -0.0431 -0.9225 -0.3837
vn -0.0458 -0.9800 0.1938
vn -0.0431 -0.9225 0.3837
vn -0.0178 -0.3813 0.9243
vn -0.1185 -0.3573 -0.9264
vn -0.3089 -0.9311 -0.1938
vn -0.2901 -0.8744 -0.3890
vn -0.3089 -0.9311 0.1938
vn -0.2901 -0.8744 0.3890
vn -0.1185 -0.3573 0.9264
vn -0.2525 -0.2765 -0.9273
vn -0.6615 -0.7243 -0.1942
vn -0.6207 -0.6796 -0.3911
vn -0.6615 -0.7243 0.1942
vn -0.6207 -0.6796 0.3911
vn -0.2525 -0.2765 0.9273
vn -0.3457 -0.1480 -0.9266
vn -0.9019 -0.3860 -0.1939
vn -0.8468 -0.3624 -0.3894
vn -0.9019 -0.3860 0.1939
vn -0.8468 -0.3624 0.3894
vn -0.3457 -0.1480 0.9266
vn -0.3787 -0.0473 -0.9243
vn -0.9735 -0.1217 -0.1938
vn -0.9163 -0.1146 -0.3837
vn -0.9735 -0.1217 0.1938
vn -0.9163 -0.1146 0.3837
vn -0.3787 -0.0473 0.9243
vn -0.3808 -0.0348 -0.9240
vn -0.9765 -0.0891 -0.1963
vn -0.9199 -0.0840 -0.3830
vn -0.9765 -0.0891 0.1963
vn -0.9199 -0.0840 0.3830
vn -0.3808 -0.0348 0.9240
vn -0.3717 -0.0854 -0.9244
vn -0.9553 -0.2194 -0.1980
vn -0.8999 -0.2067 -0.3840
vn -0.9553 -0.2194 0.1980
vn -0.8999 -0.2067 0.3840
vn -0.3717 -0.0854 0.9244
vn -0.3598 -0.1298 -0.9239
vn -0.9225 -0.3327 -0.1959
vn -0.8690 -0.3134 -0.3828
vn -0.9225 -0.3327 0.1959
vn -0.8690 -0.3134 0.3828
vn -0.3598 -0.1298 0.9239
vn -0.3623 -0.1218 -0.9241
vn -0.9298 -0.3126 -0.1941
vn -0.8755 -0.2944 -0.3831
vn -0.9298 -0.3126 0.1941
vn -0.8755 -0.2944 0.3831
vn -0.3623 -0.1218 0.9241
vn -0.3760 -0.0563 -0.9249
vn -0.9703 -0.1453 -0.1935
vn -0.9127 -0.1366 -0.3852
vn -0.9703 -0.1453 0.1935
vn -0.9127 -0.1366 0.3852
vn -0.3760 -0.0563 0.9249
vt 0.111111 0.000000
vt 0.185185 0.000000
vt 0.148148 0.000000
vt 0.074074 0.000000
vt 0.222222 0.000000
vt 0.037037 0.000000
vt 0.000000 0.000000
vt 0.259259 0.000000
vt 1.000000 0.000000
vt 0.296296 0.000000
vt 0.962963 0.000000
vt 0.333333 0.000000
vt 0.925926 0.000000
vt 0.370370 0.000000
vt 0.888889 0.000000
vt 0.407407 0.000000
vt 0.851852 0.000000
vt 0.444444 0.000000
vt 0.814815 0.000000
vt 0.777778 0.000000
vt 0.481481 0.000000
vt 0.518519 0.000000
vt 0.740741 0.000000
vt 0.555556 0.000000
vt 0.592593 0.000000
vt 0.703704 0.000000
vt 0.629630 0.000000
vt 0.666667 0.000000
vt 0.000000 0.200000
vt 0.035714 0.200000
vt 0.035714 0.000000
vt 0.000000 0.400000
vt 0.035714 0.400000
vt 0.000000 0.600000
vt 0.035714 0.600000
vt 0.000000 0.800000
vt 0.035714 0.800000
vt 0.000000 1.000000
vt 0.035714 1.000000
vt 0.071429 0.200000
vt 0.071429 0.000000
vt 0.071429 0.400000
vt 0.071429 0.600000
vt 0.071429 0.800000
vt 0.071429 1.000000
vt 0.107143 0.200000
vt 0.107143 0.000000
vt 0.107143 0.400000
vt 0.107143 0.600000
vt 0.107143 0.800000
vt 0.107143 1.000000
vt 0.142857 0.200000
vt 0.142857 0.000000
vt 0.142857 0.400000
vt 0.142857 0.600000
vt 0.142857 0.800000
vt 0.142857 1.000000
vt 0.178571 0.200000
vt 0.178571 0.000000
vt 0.178571 0.400000
vt 0.178571 0.600000
vt 0.178571 0.800000
vt 0.178571 1.000000
vt 0.214286 0.200000
vt 0.214286 0.000000
vt 0.214286 0.400000
vt 0.214286 0.600000
vt 0.214286 0.800000
vt 0.214286 1.000000
vt 0.250000 0.200000
vt 0.250000 0.000000
vt 0.250000 0.400000
vt 0.250000 0.600000
vt 0.250000 0.800000
vt 0.250000 1.000000
vt 0.285714 0.200000
vt 0.285714 0.000000
vt 0.285714 0.400000
vt 0.285714 0.600000
vt 0.285714 0.800000
vt 0.285714 1.000000
vt 0.321429 0.200000
vt 0.321429 0.000000
vt 0.321429 0.400000
vt 0.321429 0.600000
vt 0.321429 0.800000
vt 0.321429 1.000000
vt 0.357143 0.200000
vt 0.357143 0.000000
vt 0.357143 0.400000
vt 0.357143 0.600000
vt 0.357143 0.800000
vt 0.357143 1.000000
vt 0.392857 0.200000
vt 0.392857 0.000000
vt 0.392857 0.400000
vt 0.392857 0.600000
vt 0.392857 0.800000
vt 0.392857 1.000000
vt 0.428571 0.200000
vt 0.428571 0.000000
vt 0.428571 0.400000
vt 0.428571 0.600000
vt 0.428571 0.800000
vt 0.428571 1.000000
vt 0.464286 0.200000
vt 0.464286 0.000000
vt 0.464286 0.400000
vt 0.464286 0.600000
vt 0.464286 0.800000
vt 0.464286 1.000000
vt 0.500000 0.200000
vt 0.500000 0.000000
vt 0.500000 0.400000
vt 0.500000 0.600000
vt 0.500000 0.800000
vt 0.500000 1.000000
vt 0.535714 0.200000
vt 0.535714 0.000000
vt 0.535714 0.400000
vt 0.535714 0.600000
vt 0.535714 0.800000
vt 0.535714 1.000000
vt 0.571429 0.200000
vt 0.571429 0.000000
vt 0.571429 0.400000
vt 0.571429 0.600000
vt 0.571429 0.800000
vt 0.571429 1.000000
vt 0.607143 0.200000
vt 0.607143 0.000000
vt 0.607143 0.400000
vt 0.607143 0.600000
vt 0.607143 0.800000
vt 0.607143 1.000000
vt 0.642857 0.200000
vt 0.642857 0.000000
vt 0.642857 0.400000
vt 0.642857 0.600000
vt 0.642857 0.800000
vt 0.642857 1.000000
vt 0.678571 0.200000
vt 0.678571 0.000000
vt 0.678571 0.400000
vt 0.678571 0.600000
vt 0.678571 0.800000
vt 0.678571 1.000000
vt 0.714286 0.200000
vt 0.714286 0.000000
vt 0.714286 0.400000
vt 0.714286 0.600000
vt 0.714286 0.800000
vt 0.714286 1.000000
vt 0.750000 0.200000
vt 0.750000 0.000000
vt 0.750000 0.400000
vt 0.750000 0.600000
vt 0.750000 0.800000
vt 0.750000 1.000000
vt 0.785714 0.200000
vt 0.785714 0.000000
vt 0.785714 0.400000
vt 0.785714 0.600000
vt 0.785714 0.800000
vt 0.785714 1.000000
vt 0.821429 0.200000
vt 0.821429 0.000000
vt 0.821429 0.400000
vt 0.821429 0.600000
vt 0.821429 0.800000
vt 0.821429 1.000000
vt 0.857143 0.200000
vt 0.857143 0.000000
vt 0.857143 0.400000
vt 0.857143 0.600000
vt 0.857143 0.800000
vt 0.857143 1.000000
vt 0.892857 0.200000
vt 0.892857 0.000000
vt 0.892857 0.400000
vt 0.892857 0.600000
vt 0.892857 0.800000
vt 0.892857 1.000000
vt 0.928571 0.200000
vt 0.928571 0.000000
vt 0.928571 0.400000
vt 0.928571 0.600000
vt 0.928571 0.800000
vt 0.928571 1.000000
vt 0.964286 0.200000
vt 0.964286 0.000000
vt 0.964286 0.400000
vt 0.964286 0.600000
vt 0.964286 0.800000
vt 0.964286 1.000000
vt 1.000000 0.200000
vt 1.000000 0.400000
vt 1.000000 0.600000
vt 1.000000 0.800000
vt 1.000000 1.000000
s 1
usemtl Gold_|_polished_trim
f 1774/2069/2481 1776/2070/2482 1775/2071/2483
f 1773/2072/2484 1776/2070/2482 1774/2069/2481
f 1773/2072/2484 1777/2073/2485 1776/2070/2482
f 1772/2074/2486 1777/2073/2485 1773/2072/2484
f 1771/2075/2487 1777/2073/2485 1772/2074/2486
f 1771/2075/2487 1778/2076/2488 1777/2073/2485
f 1798/2077/2489 1778/2076/2488 1771/2075/2487
f 1798/2077/2489 1779/2078/2490 1778/2076/2488
f 1797/2079/2491 1779/2078/2490 1798/2077/2489
f 1797/2079/2491 1780/2080/2492 1779/2078/2490
f 1796/2081/2493 1780/2080/2492 1797/2079/2491
f 1796/2081/2493 1781/2082/2494 1780/2080/2492
f 1795/2083/2495 1781/2082/2494 1796/2081/2493
f 1795/2083/2495 1782/2084/2496 1781/2082/2494
f 1794/2085/2497 1782/2084/2496 1795/2083/2495
f 1794/2085/2497 1783/2086/2498 1782/2084/2496
f 1793/2087/2499 1783/2086/2498 1794/2085/2497
f 1792/2088/2500 1783/2086/2498 1793/2087/2499
f 1792/2088/2500 1784/2089/2501 1783/2086/2498
f 1792/2088/2500 1785/2090/2502 1784/2089/2501
f 1791/2091/2503 1785/2090/2502 1792/2088/2500
f 1791/2091/2503 1786/2092/2504 1785/2090/2502
f 1791/2091/2503 1787/2093/2505 1786/2092/2504
f 1790/2094/2506 1788/2095/2507 1791/2091/2503
f 1788/2095/2507 1787/2093/2505 1791/2091/2503
f 1789/2096/2508 1788/2095/2507 1790/2094/2506
f 1802/2069/2509 1803/2071/2510 1804/2070/2511
f 1801/2072/2512 1802/2069/2509 1804/2070/2511
f 1801/2072/2512 1804/2070/2511 1805/2073/2513
f 1800/2074/2514 1801/2072/2512 1805/2073/2513
f 1799/2075/2515 1800/2074/2514 1805/2073/2513
f 1799/2075/2515 1805/2073/2513 1806/2076/2516
f 1826/2077/2517 1799/2075/2515 1806/2076/2516
f 1826/2077/2517 1806/2076/2516 1807/2078/2518
f 1825/2079/2519 1826/2077/2517 1807/2078/2518
f 1825/2079/2519 1807/2078/2518 1808/2080/2520
f 1824/2081/2521 1825/2079/2519 1808/2080/2520
f 1824/2081/2521 1808/2080/2520 1809/2082/2522
f 1823/2083/2523 1824/2081/2521 1809/2082/2522
f 1823/2083/2523 1809/2082/2522 1810/2084/2524
f 1822/2085/2525 1823/2083/2523 1810/2084/2524
f 1822/2085/2525 1810/2084/2524 1811/2086/2526
f 1821/2087/2527 1822/2085/2525 1811/2086/2526
f 1820/2088/2528 1821/2087/2527 1811/2086/2526
f 1820/2088/2528 1811/2086/2526 1812/2089/2529
f 1820/2088/2528 1812/2089/2529 1813/2090/2530
f 1819/2091/2531 1820/2088/2528 1813/2090/2530
f 1819/2091/2531 1813/2090/2530 1814/2092/2532
f 1819/2091/2531 1814/2092/2532 1815/2093/2533
f 1818/2094/2534 1819/2091/2531 1816/2095/2535
f 1816/2095/2535 1819/2091/2531 1815/2093/2533
f 1817/2096/2536 1818/2094/2534 1816/2095/2535
f 1827/2097/2537 1831/2098/2538 1800/2099/2514 1799/2075/2515
f 1828/2100/2539 1832/2101/2540 1831/2098/2541 1827/2097/2542
f 1829/2102/2543 1833/2103/2544 1832/2101/2540 1828/2100/2539
f 1830/2104/2545 1834/2105/2546 1833/2103/2544 1829/2102/2543
f 1771/2106/2487 1772/2107/2486 1834/2105/2547 1830/2104/2548
f 1831/2098/2538 1835/2108/2549 1801/2109/2512 1800/2099/2514
f 1832/2101/2540 1836/2110/2550 1835/2108/2551 1831/2098/2541
f 1833/2103/2544 1837/2111/2552 1836/2110/2550 1832/2101/2540
f 1834/2105/2546 1838/2112/2553 1837/2111/2552 1833/2103/2544
f 1772/2107/2486 1773/2113/2484 1838/2112/2554 1834/2105/2547
f 1835/2108/2549 1839/2114/2555 1802/2115/2509 1801/2109/2512
f 1836/2110/2550 1840/2116/2556 1839/2114/2557 1835/2108/2551
f 1837/2111/2552 1841/2117/2558 1840/2116/2556 1836/2110/2550
f 1838/2112/2553 1842/2118/2559 1841/2117/2558 1837/2111/2552
f 1773/2113/2484 1774/2119/2481 1842/2118/2560 1838/2112/2554
f 1839/2114/2555 1843/2120/2561 1803/2121/2510 1802/2115/2509
f 1840/2116/2556 1844/2122/2562 1843/2120/2563 1839/2114/2557
f 1841/2117/2558 1845/2123/2564 1844/2122/2562 1840/2116/2556
f 1842/2118/2559 1846/2124/2565 1845/2123/2564 1841/2117/2558
f 1774/2119/2481 1775/2125/2483 1846/2124/2566 1842/2118/2560
f 1843/2120/2567 1847/2126/2568 1804/2127/2511 1803/2121/2510
f 1844/2122/2569 1848/2128/2570 1847/2126/2571 1843/2120/2572
f 1845/2123/2573 1849/2129/2574 1848/2128/2570 1844/2122/2569
f 1846/2124/2575 1850/2130/2576 1849/2129/2574 1845/2123/2573
f 1775/2125/2483 1776/2131/2482 1850/2130/2577 1846/2124/2578
f 1847/2126/2568 1851/2132/2579 1805/2133/2513 1804/2127/2511
f 1848/2128/2570 1852/2134/2580 1851/2132/2581 1847/2126/2571
f 1849/2129/2574 1853/2135/2582 1852/2134/2580 1848/2128/2570
f 1850/2130/2576 1854/2136/2583 1853/2135/2582 1849/2129/2574
f 1776/2131/2482 1777/2137/2485 1854/2136/2584 1850/2130/2577
f 1851/2132/2579 1855/2138/2585 1806/2139/2516 1805/2133/2513
f 1852/2134/2580 1856/2140/2586 1855/2138/2587 1851/2132/2581
f 1853/2135/2582 1857/2141/2588 1856/2140/2586 1852/2134/2580
f 1854/2136/2583 1858/2142/2589 1857/2141/2588 1853/2135/2582
f 1777/2137/2485 1778/2143/2488 1858/2142/2590 1854/2136/2584
f 1855/2138/2585 1859/2144/2591 1807/2145/2518 1806/2139/2516
f 1856/2140/2586 1860/2146/2592 1859/2144/2593 1855/2138/2587
f 1857/2141/2588 1861/2147/2594 1860/2146/2592 1856/2140/2586
f 1858/2142/2589 1862/2148/2595 1861/2147/2594 1857/2141/2588
f 1778/2143/2488 1779/2149/2490 1862/2148/2596 1858/2142/2590
f 1859/2144/2591 1863/2150/2597 1808/2151/2520 1807/2145/2518
f 1860/2146/2592 1864/2152/2598 1863/2150/2599 1859/2144/2593
f 1861/2147/2594 1865/2153/2600 1864/2152/2598 1860/2146/2592
f 1862/2148/2595 1866/2154/2601 1865/2153/2600 1861/2147/2594
f 1779/2149/2490 1780/2155/2492 1866/2154/2602 1862/2148/2596
f 1863/2150/2597 1867/2156/2603 1809/2157/2522 1808/2151/2520
f 1864/2152/2598 1868/2158/2604 1867/2156/2605 1863/2150/2599
f 1865/2153/2600 1869/2159/2606 1868/2158/2604 1864/2152/2598
f 1866/2154/2601 1870/2160/2607 1869/2159/2606 1865/2153/2600
f 1780/2155/2492 1781/2161/2494 1870/2160/2608 1866/2154/2602
f 1867/2156/2603 1871/2162/2609 1810/2163/2524 1809/2157/2522
f 1868/2158/2604 1872/2164/2610 1871/2162/2611 1867/2156/2605
f 1869/2159/2606 1873/2165/2612 1872/2164/2610 1868/2158/2604
f 1870/2160/2607 1874/2166/2613 1873/2165/2612 1869/2159/2606
f 1781/2161/2494 1782/2167/2496 1874/2166/2614 1870/2160/2608
f 1871/2162/2609 1875/2168/2615 1811/2169/2526 1810/2163/2524
f 1872/2164/2610 1876/2170/2616 1875/2168/2617 1871/2162/2611
f 1873/2165/2612 1877/2171/2618 1876/2170/2616 1872/2164/2610
f 1874/2166/2613 1878/2172/2619 1877/2171/2618 1873/2165/2612
f 1782/2167/2496 1783/2173/2498 1878/2172/2620 1874/2166/2614
f 1875/2168/2615 1879/2174/2621 1812/2175/2529 1811/2169/2526
f 1876/2170/2616 1880/2176/2622 1879/2174/2623 1875/2168/2617
f 1877/2171/2618 1881/2177/2624 1880/2176/2622 1876/2170/2616
f 1878/2172/2619 1882/2178/2625 1881/2177/2624 1877/2171/2618
f 1783/2173/2498 1784/2179/2501 1882/2178/2626 1878/2172/2620
f 1879/2174/2621 1883/2180/2627 1813/2181/2530 1812/2175/2529
f 1880/2176/2622 1884/2182/2628 1883/2180/2629 1879/2174/2623
f 1881/2177/2624 1885/2183/2630 1884/2182/2628 1880/2176/2622
f 1882/2178/2625 1886/2184/2631 1885/2183/2630 1881/2177/2624
f 1784/2179/2501 1785/2185/2502 1886/2184/2632 1882/2178/2626
f 1883/2180/2627 1887/2186/2633 1814/2187/2532 1813/2181/2530
f 1884/2182/2628 1888/2188/2634 1887/2186/2635 1883/2180/2629
f 1885/2183/2630 1889/2189/2636 1888/2188/2634 1884/2182/2628
f 1886/2184/2631 1890/2190/2637 1889/2189/2636 1885/2183/2630
f 1785/2185/2502 1786/2191/2504 1890/2190/2638 1886/2184/2632
f 1887/2186/2633 1891/2192/2639 1815/2193/2533 1814/2187/2532
f 1888/2188/2634 1892/2194/2640 1891/2192/2641 1887/2186/2635
f 1889/2189/2636 1893/2195/2642 1892/2194/2640 1888/2188/2634
f 1890/2190/2637 1894/2196/2643 1893/2195/2642 1889/2189/2636
f 1786/2191/2504 1787/2197/2505 1894/2196/2644 1890/2190/2638
f 1891/2192/2645 1895/2198/2646 1816/2199/2535 1815/2193/2533
f 1892/2194/2647 1896/2200/2648 1895/2198/2649 1891/2192/2650
f 1893/2195/2651 1897/2201/2652 1896/2200/2648 1892/2194/2647
f 1894/2196/2653 1898/2202/2654 1897/2201/2652 1893/2195/2651
f 1787/2197/2505 1788/2203/2507 1898/2202/2655 1894/2196/2656
f 1895/2198/2646 1899/2204/2657 1817/2205/2536 1816/2199/2535
f 1896/2200/2648 1900/2206/2658 1899/2204/2659 1895/2198/2649
f 1897/2201/2652 1901/2207/2660 1900/2206/2658 1896/2200/2648
f 1898/2202/2654 1902/2208/2661 1901/2207/2660 1897/2201/2652
f 1788/2203/2507 1789/2209/2508 1902/2208/2662 1898/2202/2655
f 1899/2204/2657 1903/2210/2663 1818/2211/2534 1817/2205/2536
f 1900/2206/2658 1904/2212/2664 1903/2210/2665 1899/2204/2659
f 1901/2207/2660 1905/2213/2666 1904/2212/2664 1900/2206/2658
f 1902/2208/2661 1906/2214/2667 1905/2213/2666 1901/2207/2660
f 1789/2209/2508 1790/2215/2506 1906/2214/2668 1902/2208/2662
f 1903/2210/2663 1907/2216/2669 1819/2217/2531 1818/2211/2534
f 1904/2212/2664 1908/2218/2670 1907/2216/2671 1903/2210/2665
f 1905/2213/2666 1909/2219/2672 1908/2218/2670 1904/2212/2664
f 1906/2214/2667 1910/2220/2673 1909/2219/2672 1905/2213/2666
f 1790/2215/2506 1791/2221/2503 1910/2220/2674 1906/2214/2668
f 1907/2216/2669 1911/2222/2675 1820/2223/2528 1819/2217/2531
f 1908/2218/2670 1912/2224/2676 1911/2222/2677 1907/2216/2671
f 1909/2219/2672 1913/2225/2678 1912/2224/2676 1908/2218/2670
f 1910/2220/2673 1914/2226/2679 1913/2225/2678 1909/2219/2672
f 1791/2221/2503 1792/2227/2500 1914/2226/2680 1910/2220/2674
f 1911/2222/2675 1915/2228/2681 1821/2229/2527 1820/2223/2528
f 1912/2224/2676 1916/2230/2682 1915/2228/2683 1911/2222/2677
f 1913/2225/2678 1917/2231/2684 1916/2230/2682 1912/2224/2676
f 1914/2226/2679 1918/2232/2685 1917/2231/2684 1913/2225/2678
f 1792/2227/2500 1793/2233/2499 1918/2232/2686 1914/2226/2680
f 1915/2228/2681 1919/2234/2687 1822/2235/2525 1821/2229/2527
f 1916/2230/2682 1920/2236/2688 1919/2234/2689 1915/2228/2683
f 1917/2231/2684 1921/2237/2690 1920/2236/2688 1916/2230/2682
f 1918/2232/2685 1922/2238/2691 1921/2237/2690 1917/2231/2684
f 1793/2233/2499 1794/2239/2497 1922/2238/2692 1918/2232/2686
f 1919/2234/2687 1923/2240/2693 1823/2241/2523 1822/2235/2525
f 1920/2236/2688 1924/2242/2694 1923/2240/2695 1919/2234/2689
f 1921/2237/2690 1925/2243/2696 1924/2242/2694 1920/2236/2688
f 1922/2238/2691 1926/2244/2697 1925/2243/2696 1921/2237/2690
f 1794/2239/2497 1795/2245/2495 1926/2244/2698 1922/2238/2692
f 1923/2240/2693 1927/2246/2699 1824/2247/2521 1823/2241/2523
f 1924/2242/2694 1928/2248/2700 1927/2246/2701 1923/2240/2695
f 1925/2243/2696 1929/2249/2702 1928/2248/2700 1924/2242/2694
f 1926/2244/2697 1930/2250/2703 1929/2249/2702 1925/2243/2696
f 1795/2245/2495 1796/2251/2493 1930/2250/2704 1926/2244/2698
f 1927/2246/2699 1931/2252/2705 1825/2253/2519 1824/2247/2521
f 1928/2248/2700 1932/2254/2706 1931/2252/2707 1927/2246/2701
f 1929/2249/2702 1933/2255/2708 1932/2254/2706 1928/2248/2700
f 1930/2250/2703 1934/2256/2709 1933/2255/2708 1929/2249/2702
f 1796/2251/2493 1797/2257/2491 1934/2256/2710 1930/2250/2704
f 1931/2252/2705 1935/2258/2711 1826/2259/2517 1825/2253/2519
f 1932/2254/2706 1936/2260/2712 1935/2258/2713 1931/2252/2707
f 1933/2255/2708 1937/2261/2714 1936/2260/2712 1932/2254/2706
f 1934/2256/2709 1938/2262/2715 1937/2261/2714 1933/2255/2708
f 1797/2257/2491 1798/2263/2489 1938/2262/2716 1934/2256/2710
f 1935/2258/2711 1827/2264/2537 1799/2077/2515 1826/2259/2517
f 1936/2260/2712 1828/2265/2539 1827/2264/2542 1935/2258/2713
f 1937/2261/2714 1829/2266/2543 1828/2265/2539 1936/2260/2712
f 1938/2262/2715 1830/2267/2545 1829/2266/2543 1937/2261/2714
f 1798/2263/2489 1771/2268/2487 1830/2267/2548 1938/2262/2716
o Muzzle_|_gold_brake
v 0.493436 0.067574 -0.015391
v 0.493436 0.073231 -0.013048
v 0.493436 0.077560 -0.008718
v 0.493436 0.079904 -0.003061
v 0.493436 0.079904 0.003061
v 0.493436 0.077560 0.008718
v 0.493436 0.073231 0.013048
v 0.493436 0.067574 0.015391
v 0.493436 0.061451 0.015391
v 0.493436 0.055795 0.013048
v 0.493436 0.051465 0.008718
v 0.493436 0.049122 0.003061
v 0.493436 0.049122 -0.003061
v 0.493436 0.051465 -0.008718
v 0.493436 0.055795 -0.013048
v 0.493436 0.061451 -0.015391
v 0.507820 0.067574 -0.015391
v 0.507820 0.073231 -0.013048
v 0.507820 0.077560 -0.008718
v 0.507820 0.079904 -0.003061
v 0.507820 0.079904 0.003061
v 0.507820 0.077560 0.008718
v 0.507820 0.073231 0.013048
v 0.507820 0.067574 0.015391
v 0.507820 0.061451 0.015391
v 0.507820 0.055795 0.013048
v 0.507820 0.051465 0.008718
v 0.507820 0.049122 0.003061
v 0.507820 0.049122 -0.003061
v 0.507820 0.051465 -0.008718
v 0.507820 0.055795 -0.013048
v 0.507820 0.061451 -0.015391
v 0.510872 0.068084 -0.017956
v 0.510872 0.074684 -0.015222
v 0.510872 0.079735 -0.010171
v 0.510872 0.082469 -0.003572
v 0.510872 0.082469 0.003572
v 0.510872 0.079735 0.010171
v 0.510872 0.074684 0.015222
v 0.510872 0.068084 0.017956
v 0.510872 0.060941 0.017956
v 0.510872 0.054342 0.015222
v 0.510872 0.049291 0.010171
v 0.510872 0.046557 0.003572
v 0.510872 0.046557 -0.003572
v 0.510872 0.049291 -0.010171
v 0.510872 0.054342 -0.015222
v 0.510872 0.060941 -0.017956
v 0.531795 0.068170 -0.018383
v 0.531795 0.074926 -0.015585
v 0.531795 0.080098 -0.010413
v 0.531795 0.082896 -0.003657
v 0.531795 0.082896 0.003657
v 0.531795 0.080098 0.010413
v 0.531795 0.074926 0.015585
v 0.531795 0.068170 0.018383
v 0.531795 0.060856 0.018383
v 0.531795 0.054099 0.015585
v 0.531795 0.048928 0.010413
v 0.531795 0.046129 0.003657
v 0.531795 0.046129 -0.003657
v 0.531795 0.048928 -0.010413
v 0.531795 0.054099 -0.015585
v 0.531795 0.060856 -0.018383
v 0.549231 0.068084 -0.017956
v 0.549231 0.074684 -0.015222
v 0.549231 0.079735 -0.010171
v 0.549231 0.082469 -0.003572
v 0.549231 0.082469 0.003572
v 0.549231 0.079735 0.010171
v 0.549231 0.074684 0.015222
v 0.549231 0.068084 0.017956
v 0.549231 0.060941 0.017956
v 0.549231 0.054342 0.015222
v 0.549231 0.049291 0.010171
v 0.549231 0.046557 0.003572
v 0.549231 0.046557 -0.003572
v 0.549231 0.049291 -0.010171
v 0.549231 0.054342 -0.015222
v 0.549231 0.060941 -0.017956
v 0.568846 0.067659 -0.015818
v 0.568846 0.073473 -0.013410
v 0.568846 0.077923 -0.008960
v 0.568846 0.080331 -0.003146
v 0.568846 0.080331 0.003146
v 0.568846 0.077923 0.008960
v 0.568846 0.073473 0.013410
v 0.568846 0.067659 0.015818
v 0.568846 0.061366 0.015818
v 0.568846 0.055552 0.013410
v 0.568846 0.051103 0.008960
v 0.568846 0.048695 0.003146
v 0.568846 0.048695 -0.003146
v 0.568846 0.051103 -0.008960
v 0.568846 0.055552 -0.013410
v 0.568846 0.061366 -0.015818
v 0.575385 0.067064 -0.012826
v 0.575385 0.071778 -0.010873
v 0.575385 0.075386 -0.007265
v 0.575385 0.077338 -0.002551
v 0.575385 0.077338 0.002551
v 0.575385 0.075386 0.007265
v 0.575385 0.071778 0.010873
v 0.575385 0.067064 0.012826
v 0.575385 0.061962 0.012826
v 0.575385 0.057248 0.010873
v 0.575385 0.053640 0.007265
v 0.575385 0.051687 0.002551
v 0.575385 0.051687 -0.002551
v 0.575385 0.053640 -0.007265
v 0.575385 0.057248 -0.010873
v 0.575385 0.061962 -0.012826
v 0.578000 0.066384 -0.009405
v 0.578000 0.069841 -0.007974
v 0.578000 0.072486 -0.005328
v 0.578000 0.073918 -0.001871
v 0.578000 0.073918 0.001871
v 0.578000 0.072486 0.005328
v 0.578000 0.069841 0.007974
v 0.578000 0.066384 0.009405
v 0.578000 0.062642 0.009405
v 0.578000 0.059185 0.007974
v 0.578000 0.056539 0.005328
v 0.578000 0.055107 0.001871
v 0.578000 0.055107 -0.001871
v 0.578000 0.056539 -0.005328
v 0.578000 0.059185 -0.007974
v 0.578000 0.062642 -0.009405
v 0.571026 0.065703 -0.005985
v 0.571026 0.067903 -0.005074
v 0.571026 0.069587 -0.003390
v 0.571026 0.070498 -0.001191
v 0.571026 0.070498 0.001191
v 0.571026 0.069587 0.003390
v 0.571026 0.067903 0.005074
v 0.571026 0.065703 0.005985
v 0.571026 0.063322 0.005985
v 0.571026 0.061122 0.005074
v 0.571026 0.059439 0.003390
v 0.571026 0.058528 0.001191
v 0.571026 0.058528 -0.001191
v 0.571026 0.059439 -0.003390
v 0.571026 0.061122 -0.005074
v 0.571026 0.063322 -0.005985
v 0.571026 0.064513 0.000000
vn -0.0000 0.1951 -0.9808
vn -0.0000 0.5556 -0.8315
vn -0.0000 0.8315 -0.5556
vn -0.0000 0.9808 -0.1951
vn -0.0000 0.9808 0.1951
vn -0.0000 0.8315 0.5556
vn -0.0000 0.5556 0.8315
vn -0.0000 0.1951 0.9808
vn -0.0000 -0.1951 0.9808
vn -0.0000 -0.5556 0.8315
vn -0.0000 -0.8315 0.5556
vn -0.0000 -0.9808 0.1951
vn -0.0000 -0.9808 -0.1951
vn -0.0000 -0.8315 -0.5556
vn -0.0000 -0.5556 -0.8315
vn -0.0000 -0.1951 -0.9808
vn -0.6508 0.1481 -0.7447
vn -0.6508 0.4218 -0.6313
vn -0.6508 0.6313 -0.4218
vn -0.6508 0.7447 -0.1481
vn -0.6508 0.7447 0.1481
vn -0.6508 0.6313 0.4218
vn -0.6508 0.4218 0.6313
vn -0.6508 0.1481 0.7447
vn -0.6508 -0.1481 0.7447
vn -0.6508 -0.4218 0.6313
vn -0.6508 -0.6313 0.4218
vn -0.6508 -0.7447 0.1481
vn -0.6508 -0.7447 -0.1481
vn -0.6508 -0.6313 -0.4218
vn -0.6508 -0.4218 -0.6313
vn -0.6508 -0.1481 -0.7447
vn -0.0208 0.1950 -0.9806
vn -0.0208 0.5554 -0.8313
vn 0.0021 0.5556 -0.8315
vn 0.0021 0.1951 -0.9808
vn -0.0208 0.8313 -0.5554
vn 0.0021 0.8315 -0.5556
vn -0.0208 0.9806 -0.1950
vn 0.0021 0.9808 -0.1951
vn -0.0208 0.9806 0.1950
vn 0.0021 0.9808 0.1951
vn -0.0208 0.8313 0.5554
vn 0.0021 0.8315 0.5556
vn -0.0208 0.5554 0.8313
vn 0.0021 0.5556 0.8315
vn -0.0208 0.1950 0.9806
vn 0.0021 0.1951 0.9808
vn -0.0208 -0.1950 0.9806
vn 0.0021 -0.1951 0.9808
vn -0.0208 -0.5555 0.8313
vn 0.0021 -0.5556 0.8315
vn -0.0208 -0.8313 0.5554
vn 0.0021 -0.8315 0.5556
vn -0.0208 -0.9806 0.1950
vn 0.0021 -0.9808 0.1951
vn -0.0208 -0.9806 -0.1950
vn 0.0021 -0.9808 -0.1951
vn -0.0208 -0.8313 -0.5554
vn 0.0021 -0.8315 -0.5556
vn -0.0208 -0.5555 -0.8313
vn 0.0021 -0.5556 -0.8315
vn -0.0208 -0.1950 -0.9806
vn 0.0021 -0.1951 -0.9808
vn 0.0674 0.5543 -0.8296
vn 0.0674 0.1946 -0.9786
vn 0.0674 0.8296 -0.5543
vn 0.0674 0.9786 -0.1946
vn 0.0674 0.9786 0.1946
vn 0.0674 0.8296 0.5543
vn 0.0674 0.5543 0.8296
vn 0.0674 0.1946 0.9786
vn 0.0674 -0.1946 0.9786
vn 0.0674 -0.5543 0.8296
vn 0.0674 -0.8296 0.5543
vn 0.0674 -0.9786 0.1946
vn 0.0674 -0.9786 -0.1946
vn 0.0674 -0.8296 -0.5543
vn 0.0674 -0.5543 -0.8296
vn 0.0674 -0.1946 -0.9786
vn 0.2651 0.5357 -0.8017
vn 0.2651 0.1881 -0.9457
vn 0.2651 0.8017 -0.5357
vn 0.2651 0.9457 -0.1881
vn 0.2651 0.9457 0.1881
vn 0.2651 0.8017 0.5357
vn 0.2651 0.5357 0.8017
vn 0.2651 0.1881 0.9457
vn 0.2651 -0.1881 0.9457
vn 0.2651 -0.5357 0.8017
vn 0.2651 -0.8017 0.5357
vn 0.2651 -0.9457 0.1881
vn 0.2651 -0.9457 -0.1881
vn 0.2651 -0.8017 -0.5357
vn 0.2651 -0.5357 -0.8017
vn 0.2651 -0.1881 -0.9457
vn 0.6159 0.4377 -0.6550
vn 0.6159 0.1537 -0.7727
vn 0.6159 0.6550 -0.4377
vn 0.6159 0.7727 -0.1537
vn 0.6159 0.7727 0.1537
vn 0.6159 0.6550 0.4377
vn 0.6159 0.4377 0.6550
vn 0.6159 0.1537 0.7727
vn 0.6159 -0.1537 0.7727
vn 0.6159 -0.4377 0.6550
vn 0.6159 -0.6550 0.4377
vn 0.6159 -0.7727 0.1537
vn 0.6159 -0.7727 -0.1537
vn 0.6159 -0.6550 -0.4377
vn 0.6159 -0.4377 -0.6550
vn 0.6159 -0.1537 -0.7727
vn 0.8000 0.3333 -0.4989
vn 0.8000 0.1171 -0.5885
vn 0.8000 0.4989 -0.3333
vn 0.8000 0.5885 -0.1171
vn 0.8000 0.5885 0.1171
vn 0.8000 0.4989 0.3333
vn 0.8000 0.3333 0.4989
vn 0.8000 0.1171 0.5885
vn 0.8000 -0.1171 0.5885
vn 0.8000 -0.3333 0.4989
vn 0.8000 -0.4989 0.3333
vn 0.8000 -0.5885 0.1171
vn 0.8000 -0.5885 -0.1171
vn 0.8000 -0.4989 -0.3333
vn 0.8000 -0.3333 -0.4989
vn 0.8000 -0.1171 -0.5885
vn 0.4472 -0.1745 0.8772
vn 0.4472 -0.4969 0.7437
vn 0.4472 -0.7437 0.4969
vn 0.4472 -0.8772 0.1745
vn 0.4472 -0.8772 -0.1745
vn 0.4472 -0.7437 -0.4969
vn 0.4472 -0.4969 -0.7437
vn 0.4472 -0.1745 -0.8772
vn 0.4472 0.1745 -0.8772
vn 0.4472 0.4969 -0.7437
vn 0.4472 0.7437 -0.4969
vn 0.4472 0.8772 -0.1745
vn 0.4472 0.8772 0.1745
vn 0.4472 0.7437 0.4969
vn 0.4472 0.4969 0.7437
vn 0.4472 0.1745 0.8772
vn 1.0000 -0.0000 -0.0000
vn -1.0000 -0.0000 -0.0000
s 1
usemtl Gold_|_polished_trim
f 1939//2717 1940//2718 1956//2718 1955//2717
f 1940//2718 1941//2719 1957//2719 1956//2718
f 1941//2719 1942//2720 1958//2720 1957//2719
f 1942//2720 1943//2721 1959//2721 1958//2720
f 1943//2721 1944//2722 1960//2722 1959//2721
f 1944//2722 1945//2723 1961//2723 1960//2722
f 1945//2723 1946//2724 1962//2724 1961//2723
f 1946//2724 1947//2725 1963//2725 1962//2724
f 1947//2725 1948//2726 1964//2726 1963//2725
f 1948//2726 1949//2727 1965//2727 1964//2726
f 1949//2727 1950//2728 1966//2728 1965//2727
f 1950//2728 1951//2729 1967//2729 1966//2728
f 1951//2729 1952//2730 1968//2730 1967//2729
f 1952//2730 1953//2731 1969//2731 1968//2730
f 1953//2731 1954//2732 1970//2732 1969//2731
f 1954//2732 1939//2717 1955//2717 1970//2732
f 1955//2733 1956//2734 1972//2734 1971//2733
f 1956//2734 1957//2735 1973//2735 1972//2734
f 1957//2735 1958//2736 1974//2736 1973//2735
f 1958//2736 1959//2737 1975//2737 1974//2736
f 1959//2737 1960//2738 1976//2738 1975//2737
f 1960//2738 1961//2739 1977//2739 1976//2738
f 1961//2739 1962//2740 1978//2740 1977//2739
f 1962//2740 1963//2741 1979//2741 1978//2740
f 1963//2741 1964//2742 1980//2742 1979//2741
f 1964//2742 1965//2743 1981//2743 1980//2742
f 1965//2743 1966//2744 1982//2744 1981//2743
f 1966//2744 1967//2745 1983//2745 1982//2744
f 1967//2745 1968//2746 1984//2746 1983//2745
f 1968//2746 1969//2747 1985//2747 1984//2746
f 1969//2747 1970//2748 1986//2748 1985//2747
f 1970//2748 1955//2733 1971//2733 1986//2748
f 1971//2749 1972//2750 1988//2751 1987//2752
f 1972//2750 1973//2753 1989//2754 1988//2751
f 1973//2753 1974//2755 1990//2756 1989//2754
f 1974//2755 1975//2757 1991//2758 1990//2756
f 1975//2757 1976//2759 1992//2760 1991//2758
f 1976//2759 1977//2761 1993//2762 1992//2760
f 1977//2761 1978//2763 1994//2764 1993//2762
f 1978//2763 1979//2765 1995//2766 1994//2764
f 1979//2765 1980//2767 1996//2768 1995//2766
f 1980//2767 1981//2769 1997//2770 1996//2768
f 1981//2769 1982//2771 1998//2772 1997//2770
f 1982//2771 1983//2773 1999//2774 1998//2772
f 1983//2773 1984//2775 2000//2776 1999//2774
f 1984//2775 1985//2777 2001//2778 2000//2776
f 1985//2777 1986//2779 2002//2780 2001//2778
f 1986//2779 1971//2749 1987//2752 2002//2780
f 1987//2752 1988//2751 2004//2781 2003//2782
f 1988//2751 1989//2754 2005//2783 2004//2781
f 1989//2754 1990//2756 2006//2784 2005//2783
f 1990//2756 1991//2758 2007//2785 2006//2784
f 1991//2758 1992//2760 2008//2786 2007//2785
f 1992//2760 1993//2762 2009//2787 2008//2786
f 1993//2762 1994//2764 2010//2788 2009//2787
f 1994//2764 1995//2766 2011//2789 2010//2788
f 1995//2766 1996//2768 2012//2790 2011//2789
f 1996//2768 1997//2770 2013//2791 2012//2790
f 1997//2770 1998//2772 2014//2792 2013//2791
f 1998//2772 1999//2774 2015//2793 2014//2792
f 1999//2774 2000//2776 2016//2794 2015//2793
f 2000//2776 2001//2778 2017//2795 2016//2794
f 2001//2778 2002//2780 2018//2796 2017//2795
f 2002//2780 1987//2752 2003//2782 2018//2796
f 2003//2782 2004//2781 2020//2797 2019//2798
f 2004//2781 2005//2783 2021//2799 2020//2797
f 2005//2783 2006//2784 2022//2800 2021//2799
f 2006//2784 2007//2785 2023//2801 2022//2800
f 2007//2785 2008//2786 2024//2802 2023//2801
f 2008//2786 2009//2787 2025//2803 2024//2802
f 2009//2787 2010//2788 2026//2804 2025//2803
f 2010//2788 2011//2789 2027//2805 2026//2804
f 2011//2789 2012//2790 2028//2806 2027//2805
f 2012//2790 2013//2791 2029//2807 2028//2806
f 2013//2791 2014//2792 2030//2808 2029//2807
f 2014//2792 2015//2793 2031//2809 2030//2808
f 2015//2793 2016//2794 2032//2810 2031//2809
f 2016//2794 2017//2795 2033//2811 2032//2810
f 2017//2795 2018//2796 2034//2812 2033//2811
f 2018//2796 2003//2782 2019//2798 2034//2812
f 2019//2798 2020//2797 2036//2813 2035//2814
f 2020//2797 2021//2799 2037//2815 2036//2813
f 2021//2799 2022//2800 2038//2816 2037//2815
f 2022//2800 2023//2801 2039//2817 2038//2816
f 2023//2801 2024//2802 2040//2818 2039//2817
f 2024//2802 2025//2803 2041//2819 2040//2818
f 2025//2803 2026//2804 2042//2820 2041//2819
f 2026//2804 2027//2805 2043//2821 2042//2820
f 2027//2805 2028//2806 2044//2822 2043//2821
f 2028//2806 2029//2807 2045//2823 2044//2822
f 2029//2807 2030//2808 2046//2824 2045//2823
f 2030//2808 2031//2809 2047//2825 2046//2824
f 2031//2809 2032//2810 2048//2826 2047//2825
f 2032//2810 2033//2811 2049//2827 2048//2826
f 2033//2811 2034//2812 2050//2828 2049//2827
f 2034//2812 2019//2798 2035//2814 2050//2828
f 2035//2814 2036//2813 2052//2829 2051//2830
f 2036//2813 2037//2815 2053//2831 2052//2829
f 2037//2815 2038//2816 2054//2832 2053//2831
f 2038//2816 2039//2817 2055//2833 2054//2832
f 2039//2817 2040//2818 2056//2834 2055//2833
f 2040//2818 2041//2819 2057//2835 2056//2834
f 2041//2819 2042//2820 2058//2836 2057//2835
f 2042//2820 2043//2821 2059//2837 2058//2836
f 2043//2821 2044//2822 2060//2838 2059//2837
f 2044//2822 2045//2823 2061//2839 2060//2838
f 2045//2823 2046//2824 2062//2840 2061//2839
f 2046//2824 2047//2825 2063//2841 2062//2840
f 2047//2825 2048//2826 2064//2842 2063//2841
f 2048//2826 2049//2827 2065//2843 2064//2842
f 2049//2827 2050//2828 2066//2844 2065//2843
f 2050//2828 2035//2814 2051//2830 2066//2844
f 1939//2862 1954//2862 1953//2862 1952//2862 1951//2862 1950//2862 1949//2862 1948//2862 1947//2862 1946//2862 1945//2862 1944//2862 1943//2862 1942//2862 1941//2862 1940//2862
usemtl Gold_|_dark_grille
f 2051//2845 2052//2846 2068//2846 2067//2845
f 2052//2846 2053//2847 2069//2847 2068//2846
f 2053//2847 2054//2848 2070//2848 2069//2847
f 2054//2848 2055//2849 2071//2849 2070//2848
f 2055//2849 2056//2850 2072//2850 2071//2849
f 2056//2850 2057//2851 2073//2851 2072//2850
f 2057//2851 2058//2852 2074//2852 2073//2851
f 2058//2852 2059//2853 2075//2853 2074//2852
f 2059//2853 2060//2854 2076//2854 2075//2853
f 2060//2854 2061//2855 2077//2855 2076//2854
f 2061//2855 2062//2856 2078//2856 2077//2855
f 2062//2856 2063//2857 2079//2857 2078//2856
f 2063//2857 2064//2858 2080//2858 2079//2857
f 2064//2858 2065//2859 2081//2859 2080//2858
f 2065//2859 2066//2860 2082//2860 2081//2859
f 2066//2860 2051//2845 2067//2845 2082//2860
f 2067//2861 2068//2861 2083//2861
f 2068//2861 2069//2861 2083//2861
f 2069//2861 2070//2861 2083//2861
f 2070//2861 2071//2861 2083//2861
f 2071//2861 2072//2861 2083//2861
f 2072//2861 2073//2861 2083//2861
f 2073//2861 2074//2861 2083//2861
f 2074//2861 2075//2861 2083//2861
f 2075//2861 2076//2861 2083//2861
f 2076//2861 2077//2861 2083//2861
f 2077//2861 2078//2861 2083//2861
f 2078//2861 2079//2861 2083//2861
f 2079//2861 2080//2861 2083//2861
f 2080//2861 2081//2861 2083//2861
f 2081//2861 2082//2861 2083//2861
f 2082//2861 2067//2861 2083//2861
o Muzzle_|_port_1
v 0.539641 0.064513 0.000000
v 0.539641 0.068255 -0.018811
v 0.539641 0.075168 -0.015947
v 0.539641 0.080460 -0.010656
v 0.539641 0.083324 -0.003742
v 0.539641 0.083324 0.003742
v 0.539641 0.080460 0.010656
v 0.539641 0.075168 0.015947
v 0.539641 0.068255 0.018811
v 0.539641 0.060771 0.018811
v 0.539641 0.053857 0.015947
v 0.539641 0.048566 0.010656
v 0.539641 0.045702 0.003742
v 0.539641 0.045702 -0.003742
v 0.539641 0.048566 -0.010656
v 0.539641 0.053857 -0.015947
v 0.539641 0.060771 -0.018811
v 0.544872 0.068255 -0.018811
v 0.544872 0.075168 -0.015947
v 0.544872 0.080460 -0.010656
v 0.544872 0.083324 -0.003742
v 0.544872 0.083324 0.003742
v 0.544872 0.080460 0.010656
v 0.544872 0.075168 0.015947
v 0.544872 0.068255 0.018811
v 0.544872 0.060771 0.018811
v 0.544872 0.053857 0.015947
v 0.544872 0.048566 0.010656
v 0.544872 0.045702 0.003742
v 0.544872 0.045702 -0.003742
v 0.544872 0.048566 -0.010656
v 0.544872 0.053857 -0.015947
v 0.544872 0.060771 -0.018811
v 0.544872 0.064513 0.000000
vn -1.0000 -0.0000 -0.0000
vn -0.0000 0.1951 -0.9808
vn -0.0000 0.5556 -0.8315
vn -0.0000 0.8315 -0.5556
vn -0.0000 0.9808 -0.1951
vn -0.0000 0.9808 0.1951
vn -0.0000 0.8315 0.5556
vn -0.0000 0.5556 0.8315
vn -0.0000 0.1951 0.9808
vn -0.0000 -0.1951 0.9808
vn -0.0000 -0.5556 0.8315
vn -0.0000 -0.8315 0.5556
vn -0.0000 -0.9808 0.1951
vn -0.0000 -0.9808 -0.1951
vn -0.0000 -0.8315 -0.5556
vn -0.0000 -0.5556 -0.8315
vn -0.0000 -0.1951 -0.9808
vn 1.0000 -0.0000 -0.0000
s 1
usemtl Gold_|_dark_grille
f 2084//2863 2086//2863 2085//2863
f 2084//2863 2087//2863 2086//2863
f 2084//2863 2088//2863 2087//2863
f 2084//2863 2089//2863 2088//2863
f 2084//2863 2090//2863 2089//2863
f 2084//2863 2091//2863 2090//2863
f 2084//2863 2092//2863 2091//2863
f 2084//2863 2093//2863 2092//2863
f 2084//2863 2094//2863 2093//2863
f 2084//2863 2095//2863 2094//2863
f 2084//2863 2096//2863 2095//2863
f 2084//2863 2097//2863 2096//2863
f 2084//2863 2098//2863 2097//2863
f 2084//2863 2099//2863 2098//2863
f 2084//2863 2100//2863 2099//2863
f 2084//2863 2085//2863 2100//2863
f 2085//2864 2086//2865 2102//2865 2101//2864
f 2086//2865 2087//2866 2103//2866 2102//2865
f 2087//2866 2088//2867 2104//2867 2103//2866
f 2088//2867 2089//2868 2105//2868 2104//2867
f 2089//2868 2090//2869 2106//2869 2105//2868
f 2090//2869 2091//2870 2107//2870 2106//2869
f 2091//2870 2092//2871 2108//2871 2107//2870
f 2092//2871 2093//2872 2109//2872 2108//2871
f 2093//2872 2094//2873 2110//2873 2109//2872
f 2094//2873 2095//2874 2111//2874 2110//2873
f 2095//2874 2096//2875 2112//2875 2111//2874
f 2096//2875 2097//2876 2113//2876 2112//2875
f 2097//2876 2098//2877 2114//2877 2113//2876
f 2098//2877 2099//2878 2115//2878 2114//2877
f 2099//2878 2100//2879 2116//2879 2115//2878
f 2100//2879 2085//2864 2101//2864 2116//2879
f 2101//2880 2102//2880 2117//2880
f 2102//2880 2103//2880 2117//2880
f 2103//2880 2104//2880 2117//2880
f 2104//2880 2105//2880 2117//2880
f 2105//2880 2106//2880 2117//2880
f 2106//2880 2107//2880 2117//2880
f 2107//2880 2108//2880 2117//2880
f 2108//2880 2109//2880 2117//2880
f 2109//2880 2110//2880 2117//2880
f 2110//2880 2111//2880 2117//2880
f 2111//2880 2112//2880 2117//2880
f 2112//2880 2113//2880 2117//2880
f 2113//2880 2114//2880 2117//2880
f 2114//2880 2115//2880 2117//2880
f 2115//2880 2116//2880 2117//2880
f 2116//2880 2101//2880 2117//2880
o Muzzle_|_port_2
v 0.550103 0.064513 0.000000
v 0.550103 0.068255 -0.018811
v 0.550103 0.075168 -0.015947
v 0.550103 0.080460 -0.010656
v 0.550103 0.083324 -0.003742
v 0.550103 0.083324 0.003742
v 0.550103 0.080460 0.010656
v 0.550103 0.075168 0.015947
v 0.550103 0.068255 0.018811
v 0.550103 0.060771 0.018811
v 0.550103 0.053857 0.015947
v 0.550103 0.048566 0.010656
v 0.550103 0.045702 0.003742
v 0.550103 0.045702 -0.003742
v 0.550103 0.048566 -0.010656
v 0.550103 0.053857 -0.015947
v 0.550103 0.060771 -0.018811
v 0.555333 0.068255 -0.018811
v 0.555333 0.075168 -0.015947
v 0.555333 0.080460 -0.010656
v 0.555333 0.083324 -0.003742
v 0.555333 0.083324 0.003742
v 0.555333 0.080460 0.010656
v 0.555333 0.075168 0.015947
v 0.555333 0.068255 0.018811
v 0.555333 0.060771 0.018811
v 0.555333 0.053857 0.015947
v 0.555333 0.048566 0.010656
v 0.555333 0.045702 0.003742
v 0.555333 0.045702 -0.003742
v 0.555333 0.048566 -0.010656
v 0.555333 0.053857 -0.015947
v 0.555333 0.060771 -0.018811
v 0.555333 0.064513 0.000000
vn -1.0000 -0.0000 -0.0000
vn -0.0000 0.1951 -0.9808
vn -0.0000 0.5556 -0.8315
vn -0.0000 0.8315 -0.5556
vn -0.0000 0.9808 -0.1951
vn -0.0000 0.9808 0.1951
vn -0.0000 0.8315 0.5556
vn -0.0000 0.5556 0.8315
vn -0.0000 0.1951 0.9808
vn -0.0000 -0.1951 0.9808
vn -0.0000 -0.5556 0.8315
vn -0.0000 -0.8315 0.5556
vn -0.0000 -0.9808 0.1951
vn -0.0000 -0.9808 -0.1951
vn -0.0000 -0.8315 -0.5556
vn -0.0000 -0.5556 -0.8315
vn -0.0000 -0.1951 -0.9808
vn 1.0000 -0.0000 -0.0000
s 1
usemtl Gold_|_dark_grille
f 2118//2881 2120//2881 2119//2881
f 2118//2881 2121//2881 2120//2881
f 2118//2881 2122//2881 2121//2881
f 2118//2881 2123//2881 2122//2881
f 2118//2881 2124//2881 2123//2881
f 2118//2881 2125//2881 2124//2881
f 2118//2881 2126//2881 2125//2881
f 2118//2881 2127//2881 2126//2881
f 2118//2881 2128//2881 2127//2881
f 2118//2881 2129//2881 2128//2881
f 2118//2881 2130//2881 2129//2881
f 2118//2881 2131//2881 2130//2881
f 2118//2881 2132//2881 2131//2881
f 2118//2881 2133//2881 2132//2881
f 2118//2881 2134//2881 2133//2881
f 2118//2881 2119//2881 2134//2881
f 2119//2882 2120//2883 2136//2883 2135//2882
f 2120//2883 2121//2884 2137//2884 2136//2883
f 2121//2884 2122//2885 2138//2885 2137//2884
f 2122//2885 2123//2886 2139//2886 2138//2885
f 2123//2886 2124//2887 2140//2887 2139//2886
f 2124//2887 2125//2888 2141//2888 2140//2887
f 2125//2888 2126//2889 2142//2889 2141//2888
f 2126//2889 2127//2890 2143//2890 2142//2889
f 2127//2890 2128//2891 2144//2891 2143//2890
f 2128//2891 2129//2892 2145//2892 2144//2891
f 2129//2892 2130//2893 2146//2893 2145//2892
f 2130//2893 2131//2894 2147//2894 2146//2893
f 2131//2894 2132//2895 2148//2895 2147//2894
f 2132//2895 2133//2896 2149//2896 2148//2895
f 2133//2896 2134//2897 2150//2897 2149//2896
f 2134//2897 2119//2882 2135//2882 2150//2897
f 2135//2898 2136//2898 2151//2898
f 2136//2898 2137//2898 2151//2898
f 2137//2898 2138//2898 2151//2898
f 2138//2898 2139//2898 2151//2898
f 2139//2898 2140//2898 2151//2898
f 2140//2898 2141//2898 2151//2898
f 2141//2898 2142//2898 2151//2898
f 2142//2898 2143//2898 2151//2898
f 2143//2898 2144//2898 2151//2898
f 2144//2898 2145//2898 2151//2898
f 2145//2898 2146//2898 2151//2898
f 2146//2898 2147//2898 2151//2898
f 2147//2898 2148//2898 2151//2898
f 2148//2898 2149//2898 2151//2898
f 2149//2898 2150//2898 2151//2898
f 2150//2898 2135//2898 2151//2898
o Muzzle_|_port_3
v 0.560564 0.064513 0.000000
v 0.560564 0.068255 -0.018811
v 0.560564 0.075168 -0.015947
v 0.560564 0.080460 -0.010656
v 0.560564 0.083324 -0.003742
v 0.560564 0.083324 0.003742
v 0.560564 0.080460 0.010656
v 0.560564 0.075168 0.015947
v 0.560564 0.068255 0.018811
v 0.560564 0.060771 0.018811
v 0.560564 0.053857 0.015947
v 0.560564 0.048566 0.010656
v 0.560564 0.045702 0.003742
v 0.560564 0.045702 -0.003742
v 0.560564 0.048566 -0.010656
v 0.560564 0.053857 -0.015947
v 0.560564 0.060771 -0.018811
v 0.565795 0.068255 -0.018811
v 0.565795 0.075168 -0.015947
v 0.565795 0.080460 -0.010656
v 0.565795 0.083324 -0.003742
v 0.565795 0.083324 0.003742
v 0.565795 0.080460 0.010656
v 0.565795 0.075168 0.015947
v 0.565795 0.068255 0.018811
v 0.565795 0.060771 0.018811
v 0.565795 0.053857 0.015947
v 0.565795 0.048566 0.010656
v 0.565795 0.045702 0.003742
v 0.565795 0.045702 -0.003742
v 0.565795 0.048566 -0.010656
v 0.565795 0.053857 -0.015947
v 0.565795 0.060771 -0.018811
v 0.565795 0.064513 0.000000
vn -1.0000 -0.0000 -0.0000
vn -0.0000 0.1951 -0.9808
vn -0.0000 0.5556 -0.8315
vn -0.0000 0.8315 -0.5556
vn -0.0000 0.9808 -0.1951
vn -0.0000 0.9808 0.1951
vn -0.0000 0.8315 0.5556
vn -0.0000 0.5556 0.8315
vn -0.0000 0.1951 0.9808
vn -0.0000 -0.1951 0.9808
vn -0.0000 -0.5556 0.8315
vn -0.0000 -0.8315 0.5556
vn -0.0000 -0.9808 0.1951
vn -0.0000 -0.9808 -0.1951
vn -0.0000 -0.8315 -0.5556
vn -0.0000 -0.5556 -0.8315
vn -0.0000 -0.1951 -0.9808
vn 1.0000 -0.0000 -0.0000
s 1
usemtl Gold_|_dark_grille
f 2152//2899 2154//2899 2153//2899
f 2152//2899 2155//2899 2154//2899
f 2152//2899 2156//2899 2155//2899
f 2152//2899 2157//2899 2156//2899
f 2152//2899 2158//2899 2157//2899
f 2152//2899 2159//2899 2158//2899
f 2152//2899 2160//2899 2159//2899
f 2152//2899 2161//2899 2160//2899
f 2152//2899 2162//2899 2161//2899
f 2152//2899 2163//2899 2162//2899
f 2152//2899 2164//2899 2163//2899
f 2152//2899 2165//2899 2164//2899
f 2152//2899 2166//2899 2165//2899
f 2152//2899 2167//2899 2166//2899
f 2152//2899 2168//2899 2167//2899
f 2152//2899 2153//2899 2168//2899
f 2153//2900 2154//2901 2170//2901 2169//2900
f 2154//2901 2155//2902 2171//2902 2170//2901
f 2155//2902 2156//2903 2172//2903 2171//2902
f 2156//2903 2157//2904 2173//2904 2172//2903
f 2157//2904 2158//2905 2174//2905 2173//2904
f 2158//2905 2159//2906 2175//2906 2174//2905
f 2159//2906 2160//2907 2176//2907 2175//2906
f 2160//2907 2161//2908 2177//2908 2176//2907
f 2161//2908 2162//2909 2178//2909 2177//2908
f 2162//2909 2163//2910 2179//2910 2178//2909
f 2163//2910 2164//2911 2180//2911 2179//2910
f 2164//2911 2165//2912 2181//2912 2180//2911
f 2165//2912 2166//2913 2182//2913 2181//2912
f 2166//2913 2167//2914 2183//2914 2182//2913
f 2167//2914 2168//2915 2184//2915 2183//2914
f 2168//2915 2153//2900 2169//2900 2184//2915
f 2169//2916 2170//2916 2185//2916
f 2170//2916 2171//2916 2185//2916
f 2171//2916 2172//2916 2185//2916
f 2172//2916 2173//2916 2185//2916
f 2173//2916 2174//2916 2185//2916
f 2174//2916 2175//2916 2185//2916
f 2175//2916 2176//2916 2185//2916
f 2176//2916 2177//2916 2185//2916
f 2177//2916 2178//2916 2185//2916
f 2178//2916 2179//2916 2185//2916
f 2179//2916 2180//2916 2185//2916
f 2180//2916 2181//2916 2185//2916
f 2181//2916 2182//2916 2185//2916
f 2182//2916 2183//2916 2185//2916
f 2183//2916 2184//2916 2185//2916
f 2184//2916 2169//2916 2185//2916
o Glow_|_left_stock_strip
v -0.128590 0.066167 -0.026962
v -0.128590 0.066167 -0.023038
v -0.128590 0.062769 -0.021077
v -0.128590 0.059372 -0.023038
v -0.128590 0.059372 -0.026962
v -0.128590 0.062769 -0.028923
v -0.228846 0.066167 -0.026962
v -0.228846 0.066167 -0.023038
v -0.228846 0.062769 -0.021077
v -0.228846 0.059372 -0.023038
v -0.228846 0.059372 -0.026962
v -0.228846 0.062769 -0.028923
v -0.194156 0.066167 -0.026962
v -0.194156 0.066167 -0.023038
v -0.194156 0.062769 -0.021077
v -0.194156 0.059372 -0.023038
v -0.194156 0.059372 -0.026962
v -0.194156 0.062769 -0.028923
v -0.163280 0.066167 -0.026962
v -0.163280 0.066167 -0.023038
v -0.163280 0.062769 -0.021077
v -0.163280 0.059372 -0.023038
v -0.163280 0.059372 -0.026962
v -0.163280 0.062769 -0.028923
vn 1.0000 -0.0000 -0.0000
vn -1.0000 -0.0000 -0.0000
vn -0.0000 0.5000 -0.8660
vn -0.0000 0.8660 -0.5000
vn -0.0000 -0.0000 -1.0000
vn -0.0000 1.0000 -0.0000
vn -0.0000 -0.0000 1.0000
vn -0.0000 0.5000 0.8660
vn -0.0000 -0.8660 0.5000
vn -0.0000 -1.0000 -0.0000
vn -0.0000 -0.8660 -0.5000
vn -0.0000 -0.5000 -0.8660
vt 1.000000 0.000000
vt 0.600000 0.000000
vt 0.800000 0.000000
vt 0.400000 0.000000
vt 0.000000 0.000000
vt 0.200000 0.000000
vt 0.000000 1.000000
vt 0.333333 1.000000
vt 0.333333 0.833333
vt 0.000000 0.833333
vt 0.000000 0.166667
vt 0.333333 0.166667
vt 0.333333 0.000000
vt 0.000000 0.333333
vt 0.333333 0.333333
vt 0.000000 0.500000
vt 0.333333 0.500000
vt 0.000000 0.666667
vt 0.333333 0.666667
vt 0.666667 1.000000
vt 0.666667 0.833333
vt 0.666667 0.166667
vt 0.666667 0.000000
vt 0.666667 0.333333
vt 0.666667 0.500000
vt 0.666667 0.666667
vt 1.000000 1.000000
vt 1.000000 0.833333
vt 1.000000 0.166667
vt 1.000000 0.333333
vt 1.000000 0.500000
vt 1.000000 0.666667
s 1
usemtl Glow_|_amber
f 2191/2269/2917 2189/2270/2917 2190/2271/2917
f 2191/2269/2917 2188/2272/2917 2189/2270/2917
f 2186/2273/2917 2188/2272/2917 2191/2269/2917
f 2186/2273/2917 2187/2274/2917 2188/2272/2917
f 2194/2272/2918 2196/2271/2918 2195/2270/2918
f 2194/2272/2918 2197/2269/2918 2196/2271/2918
f 2193/2274/2918 2197/2269/2918 2194/2272/2918
f 2193/2274/2918 2192/2273/2918 2197/2269/2918
f 2192/2275/2919 2198/2276/2920 2203/2277/2921 2197/2278/2921
f 2193/2279/2922 2199/2280/2922 2198/2281/2920 2192/2273/2922
f 2194/2282/2923 2200/2283/2923 2199/2280/2924 2193/2279/2924
f 2195/2284/2925 2201/2285/2925 2200/2283/2923 2194/2282/2923
f 2196/2286/2926 2202/2287/2927 2201/2285/2925 2195/2284/2925
f 2197/2278/2921 2203/2277/2921 2202/2287/2927 2196/2286/2928
f 2198/2276/2920 2204/2288/2920 2209/2289/2921 2203/2277/2921
f 2199/2280/2922 2205/2290/2922 2204/2291/2920 2198/2281/2920
f 2200/2283/2923 2206/2292/2923 2205/2290/2924 2199/2280/2924
f 2201/2285/2925 2207/2293/2925 2206/2292/2923 2200/2283/2923
f 2202/2287/2927 2208/2294/2927 2207/2293/2925 2201/2285/2925
f 2203/2277/2921 2209/2289/2921 2208/2294/2927 2202/2287/2927
f 2204/2288/2920 2186/2295/2919 2191/2296/2921 2209/2289/2921
f 2205/2290/2922 2187/2297/2922 2186/2269/2922 2204/2291/2920
f 2206/2292/2923 2188/2298/2923 2187/2297/2924 2205/2290/2924
f 2207/2293/2925 2189/2299/2925 2188/2298/2923 2206/2292/2923
f 2208/2294/2927 2190/2300/2926 2189/2299/2925 2207/2293/2925
f 2209/2289/2921 2191/2296/2921 2190/2300/2928 2208/2294/2927
o Glow_|_left_receiver_strip
v 0.292051 0.080610 -0.026744
v 0.292051 0.080610 -0.023256
v 0.292051 0.077590 -0.021513
v 0.292051 0.074570 -0.023256
v 0.292051 0.074570 -0.026744
v 0.292051 0.077590 -0.028487
v 0.100256 0.080610 -0.026744
v 0.100256 0.080610 -0.023256
v 0.100256 0.077590 -0.021513
v 0.100256 0.074570 -0.023256
v 0.100256 0.074570 -0.026744
v 0.100256 0.077590 -0.028487
v 0.166621 0.080610 -0.026744
v 0.166621 0.080610 -0.023256
v 0.166621 0.077590 -0.021513
v 0.166621 0.074570 -0.023256
v 0.166621 0.074570 -0.026744
v 0.166621 0.077590 -0.028487
v 0.225687 0.080610 -0.026744
v 0.225687 0.080610 -0.023256
v 0.225687 0.077590 -0.021513
v 0.225687 0.074570 -0.023256
v 0.225687 0.074570 -0.026744
v 0.225687 0.077590 -0.028487
vn 1.0000 -0.0000 -0.0000
vn -1.0000 -0.0000 -0.0000
vn -0.0000 0.8660 -0.5000
vn -0.0000 -0.0000 -1.0000
vn -0.0000 1.0000 -0.0000
vn -0.0000 -0.0000 1.0000
vn -0.0000 0.5000 0.8660
vn -0.0000 -0.5000 0.8660
vn -0.0000 -1.0000 -0.0000
vn -0.0000 -0.5000 -0.8660
vn -0.0000 0.5000 -0.8660
vt 1.000000 0.000000
vt 0.600000 0.000000
vt 0.800000 0.000000
vt 0.400000 0.000000
vt 0.000000 0.000000
vt 0.200000 0.000000
vt 0.000000 1.000000
vt 0.333333 1.000000
vt 0.333333 0.833333
vt 0.000000 0.833333
vt 0.000000 0.166667
vt 0.333333 0.166667
vt 0.333333 0.000000
vt 0.000000 0.333333
vt 0.333333 0.333333
vt 0.000000 0.500000
vt 0.333333 0.500000
vt 0.000000 0.666667
vt 0.333333 0.666667
vt 0.666667 1.000000
vt 0.666667 0.833333
vt 0.666667 0.166667
vt 0.666667 0.000000
vt 0.666667 0.333333
vt 0.666667 0.500000
vt 0.666667 0.666667
vt 1.000000 1.000000
vt 1.000000 0.833333
vt 1.000000 0.166667
vt 1.000000 0.333333
vt 1.000000 0.500000
vt 1.000000 0.666667
s 1
usemtl Glow_|_amber
f 2215/2301/2929 2213/2302/2929 2214/2303/2929
f 2215/2301/2929 2212/2304/2929 2213/2302/2929
f 2210/2305/2929 2212/2304/2929 2215/2301/2929
f 2210/2305/2929 2211/2306/2929 2212/2304/2929
f 2218/2304/2930 2220/2303/2930 2219/2302/2930
f 2218/2304/2930 2221/2301/2930 2220/2303/2930
f 2217/2306/2930 2221/2301/2930 2218/2304/2930
f 2217/2306/2930 2216/2305/2930 2221/2301/2930
f 2216/2307/2931 2222/2308/2931 2227/2309/2932 2221/2310/2932
f 2217/2311/2933 2223/2312/2933 2222/2313/2931 2216/2305/2931
f 2218/2314/2934 2224/2315/2934 2223/2312/2935 2217/2311/2935
f 2219/2316/2936 2225/2317/2936 2224/2315/2934 2218/2314/2934
f 2220/2318/2937 2226/2319/2937 2225/2317/2937 2219/2316/2937
f 2221/2310/2932 2227/2309/2932 2226/2319/2938 2220/2318/2938
f 2222/2308/2931 2228/2320/2939 2233/2321/2932 2227/2309/2932
f 2223/2312/2933 2229/2322/2933 2228/2323/2933 2222/2313/2931
f 2224/2315/2934 2230/2324/2934 2229/2322/2935 2223/2312/2935
f 2225/2317/2936 2231/2325/2936 2230/2324/2934 2224/2315/2934
f 2226/2319/2937 2232/2326/2937 2231/2325/2937 2225/2317/2937
f 2227/2309/2932 2233/2321/2932 2232/2326/2938 2226/2319/2938
f 2228/2320/2939 2210/2327/2939 2215/2328/2932 2233/2321/2932
f 2229/2322/2933 2211/2329/2933 2210/2301/2933 2228/2323/2933
f 2230/2324/2934 2212/2330/2934 2211/2329/2935 2229/2322/2935
f 2231/2325/2936 2213/2331/2936 2212/2330/2934 2230/2324/2934
f 2232/2326/2937 2214/2332/2937 2213/2331/2937 2231/2325/2937
f 2233/2321/2932 2215/2328/2932 2214/2332/2938 2232/2326/2938
o Glow_|_left_forend_strip
v 0.401026 0.023130 -0.026526
v 0.401026 0.023130 -0.023474
v 0.401026 0.020487 -0.021949
v 0.401026 0.017845 -0.023474
v 0.401026 0.017845 -0.026526
v 0.401026 0.020487 -0.028051
v 0.287692 0.023130 -0.026526
v 0.287692 0.023130 -0.023474
v 0.287692 0.020487 -0.021949
v 0.287692 0.017845 -0.023474
v 0.287692 0.017845 -0.026526
v 0.287692 0.020487 -0.028051
v 0.326908 0.023130 -0.026526
v 0.326908 0.023130 -0.023474
v 0.326908 0.020487 -0.021949
v 0.326908 0.017845 -0.023474
v 0.326908 0.017845 -0.026526
v 0.326908 0.020487 -0.028051
v 0.361810 0.023130 -0.026526
v 0.361810 0.023130 -0.023474
v 0.361810 0.020487 -0.021949
v 0.361810 0.017845 -0.023474
v 0.361810 0.017845 -0.026526
v 0.361810 0.020487 -0.028051
vn 1.0000 -0.0000 -0.0000
vn -1.0000 -0.0000 -0.0000
vn -0.0000 0.8660 -0.5000
vn -0.0000 0.5000 -0.8660
vn -0.0000 0.8660 0.5000
vn -0.0000 0.5000 0.8660
vn -0.0000 -0.8660 0.5000
vn -0.0000 -0.5000 0.8660
vn -0.0000 -0.8660 -0.5000
vn -0.0000 -0.5000 -0.8660
vt 1.000000 0.000000
vt 0.600000 0.000000
vt 0.800000 0.000000
vt 0.400000 0.000000
vt 0.000000 0.000000
vt 0.200000 0.000000
vt 0.000000 1.000000
vt 0.333333 1.000000
vt 0.333333 0.833333
vt 0.000000 0.833333
vt 0.000000 0.166667
vt 0.333333 0.166667
vt 0.333333 0.000000
vt 0.000000 0.333333
vt 0.333333 0.333333
vt 0.000000 0.500000
vt 0.333333 0.500000
vt 0.000000 0.666667
vt 0.333333 0.666667
vt 0.666667 1.000000
vt 0.666667 0.833333
vt 0.666667 0.166667
vt 0.666667 0.000000
vt 0.666667 0.333333
vt 0.666667 0.500000
vt 0.666667 0.666667
vt 1.000000 1.000000
vt 1.000000 0.833333
vt 1.000000 0.166667
vt 1.000000 0.333333
vt 1.000000 0.500000
vt 1.000000 0.666667
s 1
usemtl Glow_|_amber
f 2239/2333/2940 2237/2334/2940 2238/2335/2940
f 2239/2333/2940 2236/2336/2940 2237/2334/2940
f 2234/2337/2940 2236/2336/2940 2239/2333/2940
f 2234/2337/2940 2235/2338/2940 2236/2336/2940
f 2242/2336/2941 2244/2335/2941 2243/2334/2941
f 2242/2336/2941 2245/2333/2941 2244/2335/2941
f 2241/2338/2941 2245/2333/2941 2242/2336/2941
f 2241/2338/2941 2240/2337/2941 2245/2333/2941
f 2240/2339/2942 2246/2340/2942 2251/2341/2943 2245/2342/2943
f 2241/2343/2944 2247/2344/2944 2246/2345/2942 2240/2337/2942
f 2242/2346/2945 2248/2347/2945 2247/2344/2944 2241/2343/2944
f 2243/2348/2946 2249/2349/2946 2248/2347/2947 2242/2346/2947
f 2244/2350/2948 2250/2351/2948 2249/2349/2946 2243/2348/2946
f 2245/2342/2949 2251/2341/2949 2250/2351/2948 2244/2350/2948
f 2246/2340/2942 2252/2352/2942 2257/2353/2943 2251/2341/2943
f 2247/2344/2944 2253/2354/2944 2252/2355/2942 2246/2345/2942
f 2248/2347/2945 2254/2356/2945 2253/2354/2944 2247/2344/2944
f 2249/2349/2946 2255/2357/2946 2254/2356/2947 2248/2347/2947
f 2250/2351/2948 2256/2358/2948 2255/2357/2946 2249/2349/2946
f 2251/2341/2949 2257/2353/2949 2256/2358/2948 2250/2351/2948
f 2252/2352/2942 2234/2359/2942 2239/2360/2943 2257/2353/2943
f 2253/2354/2944 2235/2361/2944 2234/2333/2942 2252/2355/2942
f 2254/2356/2945 2236/2362/2945 2235/2361/2944 2253/2354/2944
f 2255/2357/2946 2237/2363/2946 2236/2362/2947 2254/2356/2947
f 2256/2358/2948 2238/2364/2948 2237/2363/2946 2255/2357/2946
f 2257/2353/2949 2239/2360/2949 2238/2364/2948 2256/2358/2948
o Glow_|_left_front_block_strip
v 0.483846 0.083284 -0.026526
v 0.483846 0.083284 -0.023474
v 0.483846 0.080641 -0.021949
v 0.483846 0.077999 -0.023474
v 0.483846 0.077999 -0.026526
v 0.483846 0.080641 -0.028051
v 0.444615 0.083284 -0.026526
v 0.444615 0.083284 -0.023474
v 0.444615 0.080641 -0.021949
v 0.444615 0.077999 -0.023474
v 0.444615 0.077999 -0.026526
v 0.444615 0.080641 -0.028051
v 0.458190 0.083284 -0.026526
v 0.458190 0.083284 -0.023474
v 0.458190 0.080641 -0.021949
v 0.458190 0.077999 -0.023474
v 0.458190 0.077999 -0.026526
v 0.458190 0.080641 -0.028051
v 0.470272 0.083284 -0.026526
v 0.470272 0.083284 -0.023474
v 0.470272 0.080641 -0.021949
v 0.470272 0.077999 -0.023474
v 0.470272 0.077999 -0.026526
v 0.470272 0.080641 -0.028051
vn 1.0000 -0.0000 -0.0000
vn -1.0000 -0.0000 -0.0000
vn -0.0000 0.8660 -0.5000
vn -0.0000 -0.0000 -1.0000
vn -0.0000 0.5000 -0.8660
vn -0.0000 0.8660 0.5000
vn -0.0000 0.5000 0.8660
vn -0.0000 -0.0000 1.0000
vn -0.0000 -0.8660 0.5000
vn -0.0000 -0.5000 0.8660
vn -0.0000 -0.8660 -0.5000
vn -0.0000 -0.5000 -0.8660
vn -0.0000 1.0000 -0.0000
vn -0.0000 -1.0000 -0.0000
vt 1.000000 0.000000
vt 0.600000 0.000000
vt 0.800000 0.000000
vt 0.400000 0.000000
vt 0.000000 0.000000
vt 0.200000 0.000000
vt 0.000000 1.000000
vt 0.333333 1.000000
vt 0.333333 0.833333
vt 0.000000 0.833333
vt 0.000000 0.166667
vt 0.333333 0.166667
vt 0.333333 0.000000
vt 0.000000 0.333333
vt 0.333333 0.333333
vt 0.000000 0.500000
vt 0.333333 0.500000
vt 0.000000 0.666667
vt 0.333333 0.666667
vt 0.666667 1.000000
vt 0.666667 0.833333
vt 0.666667 0.166667
vt 0.666667 0.000000
vt 0.666667 0.333333
vt 0.666667 0.500000
vt 0.666667 0.666667
vt 1.000000 1.000000
vt 1.000000 0.833333
vt 1.000000 0.166667
vt 1.000000 0.333333
vt 1.000000 0.500000
vt 1.000000 0.666667
s 1
usemtl Glow_|_amber
f 2263/2365/2950 2261/2366/2950 2262/2367/2950
f 2263/2365/2950 2260/2368/2950 2261/2366/2950
f 2258/2369/2950 2260/2368/2950 2263/2365/2950
f 2258/2369/2950 2259/2370/2950 2260/2368/2950
f 2266/2368/2951 2268/2367/2951 2267/2366/2951
f 2266/2368/2951 2269/2365/2951 2268/2367/2951
f 2265/2370/2951 2269/2365/2951 2266/2368/2951
f 2265/2370/2951 2264/2369/2951 2269/2365/2951
f 2264/2371/2952 2270/2372/2952 2275/2373/2953 2269/2374/2954
f 2265/2375/2955 2271/2376/2955 2270/2377/2952 2264/2369/2952
f 2266/2378/2956 2272/2379/2957 2271/2376/2955 2265/2375/2955
f 2267/2380/2958 2273/2381/2958 2272/2379/2957 2266/2378/2959
f 2268/2382/2960 2274/2383/2960 2273/2381/2958 2267/2380/2958
f 2269/2374/2961 2275/2373/2953 2274/2383/2960 2268/2382/2960
f 2270/2372/2952 2276/2384/2952 2281/2385/2953 2275/2373/2953
f 2271/2376/2955 2277/2386/2962 2276/2387/2952 2270/2377/2952
f 2272/2379/2957 2278/2388/2957 2277/2386/2956 2271/2376/2955
f 2273/2381/2958 2279/2389/2959 2278/2388/2957 2272/2379/2957
f 2274/2383/2960 2280/2390/2960 2279/2389/2963 2273/2381/2958
f 2275/2373/2953 2281/2385/2953 2280/2390/2960 2274/2383/2960
f 2276/2384/2952 2258/2391/2952 2263/2392/2954 2281/2385/2953
f 2277/2386/2962 2259/2393/2962 2258/2365/2952 2276/2387/2952
f 2278/2388/2957 2260/2394/2957 2259/2393/2956 2277/2386/2956
f 2279/2389/2959 2261/2395/2959 2260/2394/2957 2278/2388/2957
f 2280/2390/2960 2262/2396/2960 2261/2395/2963 2279/2389/2963
f 2281/2385/2953 2263/2392/2961 2262/2396/2960 2280/2390/2960
o Slot_|_left_front_oval_frame
v 0.322564 0.074974 -0.023400
v 0.320997 0.076603 -0.023400
v 0.320202 0.078602 -0.023400
v 0.319717 0.080748 -0.023400
v 0.319077 0.082821 -0.023400
v 0.319717 0.084893 -0.023400
v 0.320202 0.087039 -0.023400
v 0.320997 0.089038 -0.023400
v 0.322564 0.090667 -0.023400
v 0.337108 0.095741 -0.023400
v 0.356620 0.097349 -0.023400
v 0.376540 0.095615 -0.023400
v 0.392308 0.090667 -0.023400
v 0.394249 0.089076 -0.023400
v 0.395486 0.087073 -0.023400
v 0.396442 0.084906 -0.023400
v 0.397538 0.082821 -0.023400
v 0.396442 0.080735 -0.023400
v 0.395486 0.078568 -0.023400
v 0.394249 0.076565 -0.023400
v 0.392308 0.074974 -0.023400
v 0.376540 0.070026 -0.023400
v 0.356620 0.068292 -0.023400
v 0.337108 0.069900 -0.023400
v 0.322564 0.074974 -0.026600
v 0.320997 0.076603 -0.026600
v 0.320202 0.078602 -0.026600
v 0.319717 0.080748 -0.026600
v 0.319077 0.082821 -0.026600
v 0.319717 0.084893 -0.026600
v 0.320202 0.087039 -0.026600
v 0.320997 0.089038 -0.026600
v 0.322564 0.090667 -0.026600
v 0.337108 0.095741 -0.026600
v 0.356620 0.097349 -0.026600
v 0.376540 0.095615 -0.026600
v 0.392308 0.090667 -0.026600
v 0.394249 0.089076 -0.026600
v 0.395486 0.087073 -0.026600
v 0.396442 0.084906 -0.026600
v 0.397538 0.082821 -0.026600
v 0.396442 0.080735 -0.026600
v 0.395486 0.078568 -0.026600
v 0.394249 0.076565 -0.026600
v 0.392308 0.074974 -0.026600
v 0.376540 0.070026 -0.026600
v 0.356620 0.068292 -0.026600
v 0.337108 0.069900 -0.026600
v 0.322329 0.074607 -0.026424
v 0.322231 0.074455 -0.026000
v 0.322231 0.074455 -0.024000
v 0.322329 0.074607 -0.023576
v 0.320633 0.076369 -0.026424
v 0.320483 0.076272 -0.026000
v 0.320483 0.076272 -0.024000
v 0.320633 0.076369 -0.023576
v 0.319796 0.078476 -0.026424
v 0.319627 0.078424 -0.026000
v 0.319627 0.078424 -0.024000
v 0.319796 0.078476 -0.023576
v 0.319307 0.080638 -0.026424
v 0.319137 0.080593 -0.026000
v 0.319137 0.080593 -0.024000
v 0.319307 0.080638 -0.023576
v 0.318633 0.082821 -0.026424
v 0.318449 0.082821 -0.026000
v 0.318449 0.082821 -0.024000
v 0.318633 0.082821 -0.023576
v 0.319307 0.085003 -0.026424
v 0.319137 0.085048 -0.026000
v 0.319137 0.085048 -0.024000
v 0.319307 0.085003 -0.023576
v 0.319796 0.087165 -0.026424
v 0.319627 0.087217 -0.026000
v 0.319627 0.087217 -0.024000
v 0.319796 0.087165 -0.023576
v 0.320633 0.089272 -0.026424
v 0.320483 0.089369 -0.026000
v 0.320483 0.089369 -0.024000
v 0.320633 0.089272 -0.023576
v 0.322329 0.091034 -0.026424
v 0.322231 0.091186 -0.026000
v 0.322231 0.091186 -0.024000
v 0.322329 0.091034 -0.023576
v 0.337019 0.096160 -0.026424
v 0.336983 0.096333 -0.026000
v 0.336983 0.096333 -0.024000
v 0.337019 0.096160 -0.023576
v 0.356621 0.097775 -0.026424
v 0.356621 0.097951 -0.026000
v 0.356621 0.097951 -0.024000
v 0.356621 0.097775 -0.023576
v 0.376623 0.096034 -0.026424
v 0.376657 0.096207 -0.026000
v 0.376657 0.096207 -0.024000
v 0.376623 0.096034 -0.023576
v 0.392513 0.091047 -0.026424
v 0.392598 0.091204 -0.026000
v 0.392598 0.091204 -0.024000
v 0.392513 0.091047 -0.023576
v 0.394573 0.089359 -0.026424
v 0.394707 0.089476 -0.026000
v 0.394707 0.089476 -0.024000
v 0.394573 0.089359 -0.023576
v 0.395863 0.087271 -0.026424
v 0.396019 0.087353 -0.026000
v 0.396019 0.087353 -0.024000
v 0.395863 0.087271 -0.023576
v 0.396824 0.085090 -0.026424
v 0.396983 0.085167 -0.026000
v 0.396983 0.085167 -0.024000
v 0.396824 0.085090 -0.023576
v 0.398018 0.082821 -0.026424
v 0.398216 0.082821 -0.026000
v 0.398216 0.082821 -0.024000
v 0.398018 0.082821 -0.023576
v 0.396824 0.080551 -0.026424
v 0.396983 0.080475 -0.026000
v 0.396983 0.080475 -0.024000
v 0.396824 0.080551 -0.023576
v 0.395863 0.078370 -0.026424
v 0.396019 0.078288 -0.026000
v 0.396019 0.078288 -0.024000
v 0.395863 0.078370 -0.023576
v 0.394573 0.076282 -0.026424
v 0.394707 0.076165 -0.026000
v 0.394707 0.076165 -0.024000
v 0.394573 0.076282 -0.023576
v 0.392513 0.074594 -0.026424
v 0.392598 0.074437 -0.026000
v 0.392598 0.074437 -0.024000
v 0.392513 0.074594 -0.023576
v 0.376623 0.069607 -0.026424
v 0.376657 0.069434 -0.026000
v 0.376657 0.069434 -0.024000
v 0.376623 0.069607 -0.023576
v 0.356621 0.067866 -0.026424
v 0.356621 0.067690 -0.026000
v 0.356621 0.067690 -0.024000
v 0.356621 0.067866 -0.023576
v 0.337019 0.069481 -0.026424
v 0.336983 0.069308 -0.026000
v 0.336983 0.069308 -0.024000
v 0.337019 0.069481 -0.023576
vn -0.0433 0.2041 0.9780
vn 0.0402 0.2030 0.9784
vn 0.0005 0.2045 0.9789
vn -0.1173 0.1830 0.9761
vn 0.1018 0.1885 0.9768
vn -0.1803 0.1161 0.9767
vn 0.1596 0.1397 0.9773
vn 0.1795 0.0945 0.9792
vn -0.1947 0.0603 0.9790
vn 0.1719 0.0830 0.9816
vn -0.1839 0.0491 0.9817
vn 0.2258 -0.0000 0.9742
vn -0.2213 -0.0000 0.9752
vn -0.1839 -0.0491 0.9817
vn 0.1719 -0.0830 0.9816
vn -0.1947 -0.0603 0.9790
vn 0.1795 -0.0945 0.9792
vn -0.1803 -0.1161 0.9767
vn 0.1596 -0.1397 0.9772
vn -0.1173 -0.1830 0.9761
vn 0.1018 -0.1885 0.9768
vn -0.0433 -0.2041 0.9780
vn 0.0402 -0.2030 0.9784
vn 0.0005 -0.2045 0.9789
vn -0.0433 0.2041 -0.9780
vn 0.0005 0.2045 -0.9789
vn 0.0402 0.2030 -0.9784
vn -0.1173 0.1830 -0.9761
vn 0.1018 0.1885 -0.9768
vn -0.1803 0.1161 -0.9767
vn 0.1596 0.1397 -0.9772
vn 0.1795 0.0945 -0.9792
vn -0.1947 0.0603 -0.9790
vn 0.1719 0.0830 -0.9816
vn -0.1839 0.0491 -0.9817
vn 0.2258 -0.0000 -0.9742
vn -0.2213 -0.0000 -0.9752
vn -0.1839 -0.0491 -0.9817
vn 0.1719 -0.0830 -0.9816
vn -0.1947 -0.0603 -0.9790
vn 0.1795 -0.0945 -0.9792
vn -0.1803 -0.1161 -0.9767
vn 0.1596 -0.1397 -0.9772
vn -0.1173 -0.1830 -0.9761
vn 0.1018 -0.1885 -0.9768
vn -0.0433 -0.2041 -0.9780
vn 0.0402 -0.2030 -0.9784
vn 0.0005 -0.2045 -0.9789
vn -0.2017 -0.3146 -0.9276
vn -0.3166 -0.2039 -0.9264
vn -0.5295 -0.8257 -0.1944
vn -0.8247 -0.5313 -0.1938
vn -0.7745 -0.4989 -0.3889
vn -0.4966 -0.7745 -0.3918
vn -0.5295 -0.8257 0.1944
vn -0.8247 -0.5313 0.1938
vn -0.4966 -0.7745 0.3918
vn -0.7745 -0.4989 0.3889
vn -0.3166 -0.2039 0.9264
vn -0.2017 -0.3146 0.9276
vn -0.3646 -0.1129 -0.9243
vn -0.9371 -0.2903 -0.1938
vn -0.8821 -0.2733 -0.3836
vn -0.9371 -0.2903 0.1938
vn -0.8821 -0.2733 0.3836
vn -0.3646 -0.1129 0.9243
vn -0.3695 -0.0987 -0.9240
vn -0.9474 -0.2530 -0.1961
vn -0.8925 -0.2384 -0.3829
vn -0.9474 -0.2530 0.1961
vn -0.8925 -0.2384 0.3829
vn -0.3695 -0.0987 0.9240
vn -0.3680 -0.0000 -0.9298
vn -0.9806 -0.0000 -0.1959
vn -0.9175 -0.0000 -0.3978
vn -0.9806 -0.0000 0.1959
vn -0.9175 -0.0000 0.3978
vn -0.3680 -0.0000 0.9298
vn -0.3695 0.0987 -0.9240
vn -0.9474 0.2530 -0.1961
vn -0.8925 0.2383 -0.3829
vn -0.9474 0.2530 0.1961
vn -0.8925 0.2384 0.3829
vn -0.3695 0.0987 0.9240
vn -0.3646 0.1129 -0.9243
vn -0.9371 0.2903 -0.1938
vn -0.8821 0.2733 -0.3837
vn -0.9371 0.2903 0.1938
vn -0.8821 0.2733 0.3837
vn -0.3646 0.1129 0.9243
vn -0.3165 0.2039 -0.9264
vn -0.8247 0.5313 -0.1938
vn -0.7745 0.4989 -0.3889
vn -0.8247 0.5313 0.1938
vn -0.7745 0.4989 0.3889
vn -0.3165 0.2039 0.9264
vn -0.2017 0.3146 -0.9276
vn -0.5295 0.8257 -0.1944
vn -0.4966 0.7745 -0.3918
vn -0.5295 0.8257 0.1944
vn -0.4966 0.7745 0.3918
vn -0.2017 0.3146 0.9276
vn -0.0788 0.3718 -0.9250
vn -0.2035 0.9598 -0.1935
vn -0.1914 0.9027 -0.3853
vn -0.2035 0.9598 0.1935
vn -0.1914 0.9027 0.3853
vn -0.0788 0.3718 0.9250
vn 0.0009 0.3815 -0.9244
vn 0.0023 0.9811 -0.1937
vn 0.0021 0.9234 -0.3838
vn 0.0023 0.9811 0.1937
vn 0.0021 0.9234 0.3838
vn 0.0009 0.3815 0.9244
vn 0.0739 0.3735 -0.9247
vn 0.1905 0.9624 -0.1936
vn 0.1793 0.9055 -0.3846
vn 0.1905 0.9624 0.1936
vn 0.1793 0.9055 0.3846
vn 0.0739 0.3735 0.9247
vn 0.1790 0.3314 -0.9263
vn 0.4663 0.8631 -0.1938
vn 0.4379 0.8106 -0.3887
vn 0.4663 0.8631 0.1938
vn 0.4379 0.8106 0.3887
vn 0.1790 0.3314 0.9263
vn 0.2846 0.2491 -0.9257
vn 0.7383 0.6461 -0.1936
vn 0.6939 0.6072 -0.3872
vn 0.7383 0.6461 0.1936
vn 0.6939 0.6071 0.3872
vn 0.2846 0.2490 0.9257
vn 0.3380 0.1778 -0.9242
vn 0.8682 0.4568 -0.1939
vn 0.8173 0.4300 -0.3835
vn 0.8682 0.4568 0.1939
vn 0.8173 0.4300 0.3835
vn 0.3380 0.1778 0.9242
vn 0.3445 0.1663 -0.9240
vn 0.8831 0.4263 -0.1960
vn 0.8320 0.4016 -0.3829
vn 0.8831 0.4263 0.1960
vn 0.8320 0.4016 0.3829
vn 0.3445 0.1663 0.9240
vn 0.3442 -0.0000 -0.9389
vn 0.8703 0.4577 -0.1819
vn 0.8177 0.4300 -0.3827
vn 0.8703 0.4577 0.1819
vn 0.8177 0.4300 0.3827
vn 0.3442 -0.0000 0.9389
vn 0.3445 -0.1663 -0.9240
vn 0.8703 -0.4577 -0.1819
vn 0.8831 -0.4263 -0.1960
vn 0.8320 -0.4016 -0.3829
vn 0.8177 -0.4300 -0.3827
vn 0.8703 -0.4577 0.1819
vn 0.8831 -0.4263 0.1960
vn 0.8177 -0.4300 0.3827
vn 0.8320 -0.4016 0.3829
vn 0.3445 -0.1663 0.9240
vn 0.3380 -0.1778 -0.9242
vn 0.8682 -0.4568 -0.1939
vn 0.8173 -0.4300 -0.3835
vn 0.8682 -0.4568 0.1939
vn 0.8173 -0.4300 0.3835
vn 0.3380 -0.1778 0.9242
vn 0.2846 -0.2491 -0.9257
vn 0.7383 -0.6461 -0.1936
vn 0.6939 -0.6071 -0.3872
vn 0.7383 -0.6461 0.1936
vn 0.6939 -0.6071 0.3872
vn 0.2846 -0.2490 0.9257
vn 0.1790 -0.3314 -0.9263
vn 0.4663 -0.8631 -0.1938
vn 0.4379 -0.8106 -0.3887
vn 0.4663 -0.8631 0.1938
vn 0.4379 -0.8106 0.3887
vn 0.1790 -0.3314 0.9263
vn 0.0739 -0.3735 -0.9247
vn 0.1905 -0.9624 -0.1936
vn 0.1793 -0.9055 -0.3846
vn 0.1905 -0.9624 0.1936
vn 0.1793 -0.9055 0.3846
vn 0.0739 -0.3735 0.9247
vn 0.0009 -0.3815 -0.9244
vn 0.0023 -0.9811 -0.1937
vn 0.0021 -0.9234 -0.3838
vn 0.0023 -0.9811 0.1937
vn 0.0021 -0.9234 0.3838
vn 0.0009 -0.3815 0.9244
vn -0.0788 -0.3718 -0.9250
vn -0.2035 -0.9598 -0.1935
vn -0.1914 -0.9027 -0.3853
vn -0.2035 -0.9598 0.1935
vn -0.1914 -0.9027 0.3853
vn -0.0788 -0.3718 0.9250
vt 0.391304 0.000000
vt 0.478261 0.000000
vt 0.434783 0.000000
vt 0.347826 0.000000
vt 0.521739 0.000000
vt 0.304348 0.000000
vt 0.565217 0.000000
vt 0.608696 0.000000
vt 0.260870 0.000000
vt 0.652174 0.000000
vt 0.217391 0.000000
vt 0.695652 0.000000
vt 0.173913 0.000000
vt 0.130435 0.000000
vt 0.739130 0.000000
vt 0.086957 0.000000
vt 0.782609 0.000000
vt 0.043478 0.000000
vt 0.826087 0.000000
vt 0.000000 0.000000
vt 0.869565 0.000000
vt 1.000000 0.000000
vt 0.913043 0.000000
vt 0.956522 0.000000
vt 0.000000 0.200000
vt 0.041667 0.200000
vt 0.041667 0.000000
vt 0.000000 0.400000
vt 0.041667 0.400000
vt 0.000000 0.600000
vt 0.041667 0.600000
vt 0.000000 0.800000
vt 0.041667 0.800000
vt 0.000000 1.000000
vt 0.041667 1.000000
vt 0.083333 0.200000
vt 0.083333 0.000000
vt 0.083333 0.400000
vt 0.083333 0.600000
vt 0.083333 0.800000
vt 0.083333 1.000000
vt 0.125000 0.200000
vt 0.125000 0.000000
vt 0.125000 0.400000
vt 0.125000 0.600000
vt 0.125000 0.800000
vt 0.125000 1.000000
vt 0.166667 0.200000
vt 0.166667 0.000000
vt 0.166667 0.400000
vt 0.166667 0.600000
vt 0.166667 0.800000
vt 0.166667 1.000000
vt 0.208333 0.200000
vt 0.208333 0.000000
vt 0.208333 0.400000
vt 0.208333 0.600000
vt 0.208333 0.800000
vt 0.208333 1.000000
vt 0.250000 0.200000
vt 0.250000 0.000000
vt 0.250000 0.400000
vt 0.250000 0.600000
vt 0.250000 0.800000
vt 0.250000 1.000000
vt 0.291667 0.200000
vt 0.291667 0.000000
vt 0.291667 0.400000
vt 0.291667 0.600000
vt 0.291667 0.800000
vt 0.291667 1.000000
vt 0.333333 0.200000
vt 0.333333 0.000000
vt 0.333333 0.400000
vt 0.333333 0.600000
vt 0.333333 0.800000
vt 0.333333 1.000000
vt 0.375000 0.200000
vt 0.375000 0.000000
vt 0.375000 0.400000
vt 0.375000 0.600000
vt 0.375000 0.800000
vt 0.375000 1.000000
vt 0.416667 0.200000
vt 0.416667 0.000000
vt 0.416667 0.400000
vt 0.416667 0.600000
vt 0.416667 0.800000
vt 0.416667 1.000000
vt 0.458333 0.200000
vt 0.458333 0.000000
vt 0.458333 0.400000
vt 0.458333 0.600000
vt 0.458333 0.800000
vt 0.458333 1.000000
vt 0.500000 0.200000
vt 0.500000 0.000000
vt 0.500000 0.400000
vt 0.500000 0.600000
vt 0.500000 0.800000
vt 0.500000 1.000000
vt 0.541667 0.200000
vt 0.541667 0.000000
vt 0.541667 0.400000
vt 0.541667 0.600000
vt 0.541667 0.800000
vt 0.541667 1.000000
vt 0.583333 0.200000
vt 0.583333 0.000000
vt 0.583333 0.400000
vt 0.583333 0.600000
vt 0.583333 0.800000
vt 0.583333 1.000000
vt 0.625000 0.200000
vt 0.625000 0.000000
vt 0.625000 0.400000
vt 0.625000 0.600000
vt 0.625000 0.800000
vt 0.625000 1.000000
vt 0.666667 0.200000
vt 0.666667 0.000000
vt 0.666667 0.400000
vt 0.666667 0.600000
vt 0.666667 0.800000
vt 0.666667 1.000000
vt 0.708333 0.200000
vt 0.708333 0.000000
vt 0.708333 0.400000
vt 0.708333 0.600000
vt 0.708333 0.800000
vt 0.708333 1.000000
vt 0.750000 0.200000
vt 0.750000 0.000000
vt 0.750000 0.400000
vt 0.750000 0.600000
vt 0.750000 0.800000
vt 0.750000 1.000000
vt 0.791667 0.200000
vt 0.791667 0.000000
vt 0.791667 0.400000
vt 0.791667 0.600000
vt 0.791667 0.800000
vt 0.791667 1.000000
vt 0.833333 0.200000
vt 0.833333 0.000000
vt 0.833333 0.400000
vt 0.833333 0.600000
vt 0.833333 0.800000
vt 0.833333 1.000000
vt 0.875000 0.200000
vt 0.875000 0.000000
vt 0.875000 0.400000
vt 0.875000 0.600000
vt 0.875000 0.800000
vt 0.875000 1.000000
vt 0.916667 0.200000
vt 0.916667 0.000000
vt 0.916667 0.400000
vt 0.916667 0.600000
vt 0.916667 0.800000
vt 0.916667 1.000000
vt 0.958333 0.200000
vt 0.958333 0.000000
vt 0.958333 0.400000
vt 0.958333 0.600000
vt 0.958333 0.800000
vt 0.958333 1.000000
vt 1.000000 0.200000
vt 1.000000 0.400000
vt 1.000000 0.600000
vt 1.000000 0.800000
vt 1.000000 1.000000
s 1
usemtl Gold_|_polished_trim
f 2291/2397/2964 2293/2398/2965 2292/2399/2966
f 2290/2400/2967 2293/2398/2965 2291/2397/2964
f 2290/2400/2967 2294/2401/2968 2293/2398/2965
f 2289/2402/2969 2294/2401/2968 2290/2400/2967
f 2289/2402/2969 2295/2403/2970 2294/2401/2968
f 2289/2402/2969 2296/2404/2971 2295/2403/2970
f 2288/2405/2972 2296/2404/2971 2289/2402/2969
f 2288/2405/2972 2297/2406/2973 2296/2404/2971
f 2287/2407/2974 2297/2406/2973 2288/2405/2972
f 2287/2407/2974 2298/2408/2975 2297/2406/2973
f 2286/2409/2976 2298/2408/2975 2287/2407/2974
f 2285/2410/2977 2298/2408/2975 2286/2409/2976
f 2285/2410/2977 2299/2411/2978 2298/2408/2975
f 2284/2412/2979 2299/2411/2978 2285/2410/2977
f 2284/2412/2979 2300/2413/2980 2299/2411/2978
f 2283/2414/2981 2300/2413/2980 2284/2412/2979
f 2283/2414/2981 2301/2415/2982 2300/2413/2980
f 2282/2416/2983 2301/2415/2982 2283/2414/2981
f 2282/2416/2983 2302/2417/2984 2301/2415/2982
f 2305/2418/2985 2302/2417/2984 2282/2416/2983
f 2305/2418/2985 2303/2419/2986 2302/2417/2984
f 2305/2418/2985 2304/2420/2987 2303/2419/2986
f 2315/2397/2988 2316/2399/2989 2317/2398/2990
f 2314/2400/2991 2315/2397/2988 2317/2398/2990
f 2314/2400/2991 2317/2398/2990 2318/2401/2992
f 2313/2402/2993 2314/2400/2991 2318/2401/2992
f 2313/2402/2993 2318/2401/2992 2319/2403/2994
f 2313/2402/2993 2319/2403/2994 2320/2404/2995
f 2312/2405/2996 2313/2402/2993 2320/2404/2995
f 2312/2405/2996 2320/2404/2995 2321/2406/2997
f 2311/2407/2998 2312/2405/2996 2321/2406/2997
f 2311/2407/2998 2321/2406/2997 2322/2408/2999
f 2310/2409/3000 2311/2407/2998 2322/2408/2999
f 2309/2410/3001 2310/2409/3000 2322/2408/2999
f 2309/2410/3001 2322/2408/2999 2323/2411/3002
f 2308/2412/3003 2309/2410/3001 2323/2411/3002
f 2308/2412/3003 2323/2411/3002 2324/2413/3004
f 2307/2414/3005 2308/2412/3003 2324/2413/3004
f 2307/2414/3005 2324/2413/3004 2325/2415/3006
f 2306/2416/3007 2307/2414/3005 2325/2415/3006
f 2306/2416/3007 2325/2415/3006 2326/2417/3008
f 2329/2418/3009 2306/2416/3007 2326/2417/3008
f 2329/2418/3009 2326/2417/3008 2327/2419/3010
f 2329/2418/3009 2327/2419/3010 2328/2420/3011
f 2330/2421/3012 2334/2422/3013 2307/2423/3005 2306/2416/3007
f 2331/2424/3014 2335/2425/3015 2334/2422/3016 2330/2421/3017
f 2332/2426/3018 2336/2427/3019 2335/2425/3015 2331/2424/3014
f 2333/2428/3020 2337/2429/3021 2336/2427/3019 2332/2426/3018
f 2282/2430/2983 2283/2431/2981 2337/2429/3022 2333/2428/3023
f 2334/2422/3013 2338/2432/3024 2308/2433/3003 2307/2423/3005
f 2335/2425/3015 2339/2434/3025 2338/2432/3026 2334/2422/3016
f 2336/2427/3019 2340/2435/3027 2339/2434/3025 2335/2425/3015
f 2337/2429/3021 2341/2436/3028 2340/2435/3027 2336/2427/3019
f 2283/2431/2981 2284/2437/2979 2341/2436/3029 2337/2429/3022
f 2338/2432/3024 2342/2438/3030 2309/2439/3001 2308/2433/3003
f 2339/2434/3025 2343/2440/3031 2342/2438/3032 2338/2432/3026
f 2340/2435/3027 2344/2441/3033 2343/2440/3031 2339/2434/3025
f 2341/2436/3028 2345/2442/3034 2344/2441/3033 2340/2435/3027
f 2284/2437/2979 2285/2443/2977 2345/2442/3035 2341/2436/3029
f 2342/2438/3030 2346/2444/3036 2310/2445/3000 2309/2439/3001
f 2343/2440/3031 2347/2446/3037 2346/2444/3038 2342/2438/3032
f 2344/2441/3033 2348/2447/3039 2347/2446/3037 2343/2440/3031
f 2345/2442/3034 2349/2448/3040 2348/2447/3039 2344/2441/3033
f 2285/2443/2977 2286/2449/2976 2349/2448/3041 2345/2442/3035
f 2346/2444/3036 2350/2450/3042 2311/2451/2998 2310/2445/3000
f 2347/2446/3037 2351/2452/3043 2350/2450/3044 2346/2444/3038
f 2348/2447/3039 2352/2453/3045 2351/2452/3043 2347/2446/3037
f 2349/2448/3040 2353/2454/3046 2352/2453/3045 2348/2447/3039
f 2286/2449/2976 2287/2455/2974 2353/2454/3047 2349/2448/3041
f 2350/2450/3042 2354/2456/3048 2312/2457/2996 2311/2451/2998
f 2351/2452/3043 2355/2458/3049 2354/2456/3050 2350/2450/3044
f 2352/2453/3045 2356/2459/3051 2355/2458/3049 2351/2452/3043
f 2353/2454/3046 2357/2460/3052 2356/2459/3051 2352/2453/3045
f 2287/2455/2974 2288/2461/2972 2357/2460/3053 2353/2454/3047
f 2354/2456/3048 2358/2462/3054 2313/2463/2993 2312/2457/2996
f 2355/2458/3049 2359/2464/3055 2358/2462/3056 2354/2456/3050
f 2356/2459/3051 2360/2465/3057 2359/2464/3055 2355/2458/3049
f 2357/2460/3052 2361/2466/3058 2360/2465/3057 2356/2459/3051
f 2288/2461/2972 2289/2467/2969 2361/2466/3059 2357/2460/3053
f 2358/2462/3054 2362/2468/3060 2314/2469/2991 2313/2463/2993
f 2359/2464/3055 2363/2470/3061 2362/2468/3062 2358/2462/3056
f 2360/2465/3057 2364/2471/3063 2363/2470/3061 2359/2464/3055
f 2361/2466/3058 2365/2472/3064 2364/2471/3063 2360/2465/3057
f 2289/2467/2969 2290/2473/2967 2365/2472/3065 2361/2466/3059
f 2362/2468/3060 2366/2474/3066 2315/2475/2988 2314/2469/2991
f 2363/2470/3061 2367/2476/3067 2366/2474/3068 2362/2468/3062
f 2364/2471/3063 2368/2477/3069 2367/2476/3067 2363/2470/3061
f 2365/2472/3064 2369/2478/3070 2368/2477/3069 2364/2471/3063
f 2290/2473/2967 2291/2479/2964 2369/2478/3071 2365/2472/3065
f 2366/2474/3066 2370/2480/3072 2316/2481/2989 2315/2475/2988
f 2367/2476/3067 2371/2482/3073 2370/2480/3074 2366/2474/3068
f 2368/2477/3069 2372/2483/3075 2371/2482/3073 2367/2476/3067
f 2369/2478/3070 2373/2484/3076 2372/2483/3075 2368/2477/3069
f 2291/2479/2964 2292/2485/2966 2373/2484/3077 2369/2478/3071
f 2370/2480/3072 2374/2486/3078 2317/2487/2990 2316/2481/2989
f 2371/2482/3073 2375/2488/3079 2374/2486/3080 2370/2480/3074
f 2372/2483/3075 2376/2489/3081 2375/2488/3079 2371/2482/3073
f 2373/2484/3076 2377/2490/3082 2376/2489/3081 2372/2483/3075
f 2292/2485/2966 2293/2491/2965 2377/2490/3083 2373/2484/3077
f 2374/2486/3078 2378/2492/3084 2318/2493/2992 2317/2487/2990
f 2375/2488/3079 2379/2494/3085 2378/2492/3086 2374/2486/3080
f 2376/2489/3081 2380/2495/3087 2379/2494/3085 2375/2488/3079
f 2377/2490/3082 2381/2496/3088 2380/2495/3087 2376/2489/3081
f 2293/2491/2965 2294/2497/2968 2381/2496/3089 2377/2490/3083
f 2378/2492/3084 2382/2498/3090 2319/2499/2994 2318/2493/2992
f 2379/2494/3085 2383/2500/3091 2382/2498/3092 2378/2492/3086
f 2380/2495/3087 2384/2501/3093 2383/2500/3091 2379/2494/3085
f 2381/2496/3088 2385/2502/3094 2384/2501/3093 2380/2495/3087
f 2294/2497/2968 2295/2503/2970 2385/2502/3095 2381/2496/3089
f 2382/2498/3090 2386/2504/3096 2320/2505/2995 2319/2499/2994
f 2383/2500/3091 2387/2506/3097 2386/2504/3098 2382/2498/3092
f 2384/2501/3093 2388/2507/3099 2387/2506/3097 2383/2500/3091
f 2385/2502/3094 2389/2508/3100 2388/2507/3099 2384/2501/3093
f 2295/2503/2970 2296/2509/2971 2389/2508/3101 2385/2502/3095
f 2386/2504/3096 2390/2510/3102 2321/2511/2997 2320/2505/2995
f 2387/2506/3097 2391/2512/3103 2390/2510/3104 2386/2504/3098
f 2388/2507/3099 2392/2513/3105 2391/2512/3103 2387/2506/3097
f 2389/2508/3100 2393/2514/3106 2392/2513/3105 2388/2507/3099
f 2296/2509/2971 2297/2515/2973 2393/2514/3107 2389/2508/3101
f 2390/2510/3102 2394/2516/3108 2322/2517/2999 2321/2511/2997
f 2391/2512/3103 2395/2518/3109 2394/2516/3110 2390/2510/3104
f 2392/2513/3105 2396/2519/3111 2395/2518/3109 2391/2512/3103
f 2393/2514/3106 2397/2520/3112 2396/2519/3111 2392/2513/3105
f 2297/2515/2973 2298/2521/2975 2397/2520/3113 2393/2514/3107
f 2394/2516/3108 2398/2522/3114 2323/2523/3002 2322/2517/2999
f 2395/2518/3115 2399/2524/3116 2398/2522/3117 2394/2516/3118
f 2396/2519/3119 2400/2525/3120 2399/2524/3116 2395/2518/3115
f 2397/2520/3121 2401/2526/3122 2400/2525/3120 2396/2519/3119
f 2298/2521/2975 2299/2527/2978 2401/2526/3123 2397/2520/3113
f 2398/2522/3114 2402/2528/3124 2324/2529/3004 2323/2523/3002
f 2399/2524/3116 2403/2530/3125 2402/2528/3126 2398/2522/3117
f 2400/2525/3120 2404/2531/3127 2403/2530/3125 2399/2524/3116
f 2401/2526/3122 2405/2532/3128 2404/2531/3127 2400/2525/3120
f 2299/2527/2978 2300/2533/2980 2405/2532/3129 2401/2526/3123
f 2402/2528/3124 2406/2534/3130 2325/2535/3006 2324/2529/3004
f 2403/2530/3125 2407/2536/3131 2406/2534/3132 2402/2528/3126
f 2404/2531/3127 2408/2537/3133 2407/2536/3131 2403/2530/3125
f 2405/2532/3128 2409/2538/3134 2408/2537/3133 2404/2531/3127
f 2300/2533/2980 2301/2539/2982 2409/2538/3135 2405/2532/3129
f 2406/2534/3130 2410/2540/3136 2326/2541/3008 2325/2535/3006
f 2407/2536/3131 2411/2542/3137 2410/2540/3138 2406/2534/3132
f 2408/2537/3133 2412/2543/3139 2411/2542/3137 2407/2536/3131
f 2409/2538/3134 2413/2544/3140 2412/2543/3139 2408/2537/3133
f 2301/2539/2982 2302/2545/2984 2413/2544/3141 2409/2538/3135
f 2410/2540/3136 2414/2546/3142 2327/2547/3010 2326/2541/3008
f 2411/2542/3137 2415/2548/3143 2414/2546/3144 2410/2540/3138
f 2412/2543/3139 2416/2549/3145 2415/2548/3143 2411/2542/3137
f 2413/2544/3140 2417/2550/3146 2416/2549/3145 2412/2543/3139
f 2302/2545/2984 2303/2551/2986 2417/2550/3147 2413/2544/3141
f 2414/2546/3142 2418/2552/3148 2328/2553/3011 2327/2547/3010
f 2415/2548/3143 2419/2554/3149 2418/2552/3150 2414/2546/3144
f 2416/2549/3145 2420/2555/3151 2419/2554/3149 2415/2548/3143
f 2417/2550/3146 2421/2556/3152 2420/2555/3151 2416/2549/3145
f 2303/2551/2986 2304/2557/2987 2421/2556/3153 2417/2550/3147
f 2418/2552/3148 2422/2558/3154 2329/2559/3009 2328/2553/3011
f 2419/2554/3149 2423/2560/3155 2422/2558/3156 2418/2552/3150
f 2420/2555/3151 2424/2561/3157 2423/2560/3155 2419/2554/3149
f 2421/2556/3152 2425/2562/3158 2424/2561/3157 2420/2555/3151
f 2304/2557/2987 2305/2563/2985 2425/2562/3159 2421/2556/3153
f 2422/2558/3154 2330/2564/3012 2306/2418/3007 2329/2559/3009
f 2423/2560/3155 2331/2565/3014 2330/2564/3017 2422/2558/3156
f 2424/2561/3157 2332/2566/3018 2331/2565/3014 2423/2560/3155
f 2425/2562/3158 2333/2567/3020 2332/2566/3018 2424/2561/3157
f 2305/2563/2985 2282/2568/2983 2333/2567/3023 2425/2562/3159
o Glow_|_left_front_oval
v 0.390128 0.086595 -0.028379
v 0.390128 0.086595 -0.024021
v 0.390128 0.082821 -0.021841
v 0.390128 0.079046 -0.024021
v 0.390128 0.079046 -0.028379
v 0.390128 0.082821 -0.030559
v 0.329103 0.086595 -0.028379
v 0.329103 0.086595 -0.024021
v 0.329103 0.082821 -0.021841
v 0.329103 0.079046 -0.024021
v 0.329103 0.079046 -0.028379
v 0.329103 0.082821 -0.030559
v 0.350219 0.086595 -0.028379
v 0.350219 0.086595 -0.024021
v 0.350219 0.082821 -0.021841
v 0.350219 0.079046 -0.024021
v 0.350219 0.079046 -0.028379
v 0.350219 0.082821 -0.030559
v 0.369012 0.086595 -0.028379
v 0.369012 0.086595 -0.024021
v 0.369012 0.082821 -0.021841
v 0.369012 0.079046 -0.024021
v 0.369012 0.079046 -0.028379
v 0.369012 0.082821 -0.030559
vn 1.0000 -0.0000 -0.0000
vn -1.0000 -0.0000 -0.0000
vn -0.0000 0.5000 -0.8660
vn -0.0000 -0.0000 -1.0000
vn -0.0000 1.0000 -0.0000
vn -0.0000 -0.0000 1.0000
vn -0.0000 0.5000 0.8660
vn -0.0000 -0.5000 0.8660
vn -0.0000 -1.0000 -0.0000
vn -0.0000 -0.5000 -0.8660
vt 1.000000 0.000000
vt 0.600000 0.000000
vt 0.800000 0.000000
vt 0.400000 0.000000
vt 0.000000 0.000000
vt 0.200000 0.000000
vt 0.000000 1.000000
vt 0.333333 1.000000
vt 0.333333 0.833333
vt 0.000000 0.833333
vt 0.000000 0.166667
vt 0.333333 0.166667
vt 0.333333 0.000000
vt 0.000000 0.333333
vt 0.333333 0.333333
vt 0.000000 0.500000
vt 0.333333 0.500000
vt 0.000000 0.666667
vt 0.333333 0.666667
vt 0.666667 1.000000
vt 0.666667 0.833333
vt 0.666667 0.166667
vt 0.666667 0.000000
vt 0.666667 0.333333
vt 0.666667 0.500000
vt 0.666667 0.666667
vt 1.000000 1.000000
vt 1.000000 0.833333
vt 1.000000 0.166667
vt 1.000000 0.333333
vt 1.000000 0.500000
vt 1.000000 0.666667
s 1
usemtl Glow_|_amber
f 2431/2569/3160 2429/2570/3160 2430/2571/3160
f 2431/2569/3160 2428/2572/3160 2429/2570/3160
f 2426/2573/3160 2428/2572/3160 2431/2569/3160
f 2426/2573/3160 2427/2574/3160 2428/2572/3160
f 2434/2572/3161 2436/2571/3161 2435/2570/3161
f 2434/2572/3161 2437/2569/3161 2436/2571/3161
f 2433/2574/3161 2437/2569/3161 2434/2572/3161
f 2433/2574/3161 2432/2573/3161 2437/2569/3161
f 2432/2575/3162 2438/2576/3162 2443/2577/3163 2437/2578/3163
f 2433/2579/3164 2439/2580/3164 2438/2581/3164 2432/2573/3164
f 2434/2582/3165 2440/2583/3165 2439/2580/3166 2433/2579/3166
f 2435/2584/3167 2441/2585/3167 2440/2583/3165 2434/2582/3165
f 2436/2586/3168 2442/2587/3168 2441/2585/3168 2435/2584/3168
f 2437/2578/3163 2443/2577/3163 2442/2587/3169 2436/2586/3169
f 2438/2576/3162 2444/2588/3162 2449/2589/3163 2443/2577/3163
f 2439/2580/3164 2445/2590/3164 2444/2591/3164 2438/2581/3164
f 2440/2583/3165 2446/2592/3165 2445/2590/3166 2439/2580/3166
f 2441/2585/3167 2447/2593/3167 2446/2592/3165 2440/2583/3165
f 2442/2587/3168 2448/2594/3168 2447/2593/3168 2441/2585/3168
f 2443/2577/3163 2449/2589/3163 2448/2594/3169 2442/2587/3169
f 2444/2588/3162 2426/2595/3162 2431/2596/3163 2449/2589/3163
f 2445/2590/3164 2427/2597/3164 2426/2569/3164 2444/2591/3164
f 2446/2592/3165 2428/2598/3165 2427/2597/3166 2445/2590/3166
f 2447/2593/3167 2429/2599/3167 2428/2598/3165 2446/2592/3165
f 2448/2594/3168 2430/2600/3168 2429/2599/3168 2447/2593/3168
f 2449/2589/3163 2431/2596/3163 2430/2600/3169 2448/2594/3169
o Slot_|_left_mid_gold_frame
v 0.163462 0.047077 -0.023400
v 0.161886 0.048310 -0.023400
v 0.160851 0.049868 -0.023400
v 0.160031 0.051556 -0.023400
v 0.159103 0.053179 -0.023400
v 0.160031 0.054803 -0.023400
v 0.160851 0.056491 -0.023400
v 0.161886 0.058049 -0.023400
v 0.163462 0.059282 -0.023400
v 0.188123 0.063008 -0.023400
v 0.230906 0.064195 -0.023400
v 0.274293 0.062925 -0.023400
v 0.300769 0.059282 -0.023400
v 0.302855 0.058074 -0.023400
v 0.304439 0.056513 -0.023400
v 0.305823 0.054811 -0.023400
v 0.307308 0.053179 -0.023400
v 0.305823 0.051548 -0.023400
v 0.304439 0.049846 -0.023400
v 0.302855 0.048285 -0.023400
v 0.300769 0.047077 -0.023400
v 0.274293 0.043434 -0.023400
v 0.230906 0.042164 -0.023400
v 0.188123 0.043351 -0.023400
v 0.163462 0.047077 -0.026600
v 0.161886 0.048310 -0.026600
v 0.160851 0.049868 -0.026600
v 0.160031 0.051556 -0.026600
v 0.159103 0.053179 -0.026600
v 0.160031 0.054803 -0.026600
v 0.160851 0.056491 -0.026600
v 0.161886 0.058049 -0.026600
v 0.163462 0.059282 -0.026600
v 0.188123 0.063008 -0.026600
v 0.230906 0.064195 -0.026600
v 0.274293 0.062925 -0.026600
v 0.300769 0.059282 -0.026600
v 0.302855 0.058074 -0.026600
v 0.304439 0.056513 -0.026600
v 0.305823 0.054811 -0.026600
v 0.307308 0.053179 -0.026600
v 0.305823 0.051548 -0.026600
v 0.304439 0.049846 -0.026600
v 0.302855 0.048285 -0.026600
v 0.300769 0.047077 -0.026600
v 0.274293 0.043434 -0.026600
v 0.230906 0.042164 -0.026600
v 0.188123 0.043351 -0.026600
v 0.163288 0.046674 -0.026424
v 0.163216 0.046507 -0.026000
v 0.163216 0.046507 -0.024000
v 0.163288 0.046674 -0.023576
v 0.161571 0.048018 -0.026424
v 0.161440 0.047897 -0.026000
v 0.161440 0.047897 -0.024000
v 0.161571 0.048018 -0.023576
v 0.160482 0.049657 -0.026424
v 0.160329 0.049569 -0.026000
v 0.160329 0.049569 -0.024000
v 0.160482 0.049657 -0.023576
v 0.159655 0.051358 -0.026424
v 0.159500 0.051276 -0.026000
v 0.159500 0.051276 -0.024000
v 0.159655 0.051358 -0.023576
v 0.158614 0.053179 -0.026424
v 0.158411 0.053179 -0.026000
v 0.158411 0.053179 -0.024000
v 0.158614 0.053179 -0.023576
v 0.159655 0.055001 -0.026424
v 0.159500 0.055083 -0.026000
v 0.159500 0.055083 -0.024000
v 0.159655 0.055001 -0.023576
v 0.160482 0.056702 -0.026424
v 0.160329 0.056790 -0.026000
v 0.160329 0.056790 -0.024000
v 0.160482 0.056702 -0.023576
v 0.161571 0.058341 -0.026424
v 0.161440 0.058462 -0.026000
v 0.161440 0.058462 -0.024000
v 0.161571 0.058341 -0.023576
v 0.163288 0.059685 -0.026424
v 0.163216 0.059852 -0.026000
v 0.163216 0.059852 -0.024000
v 0.163288 0.059685 -0.023576
v 0.188086 0.063432 -0.026424
v 0.188070 0.063607 -0.026000
v 0.188070 0.063607 -0.024000
v 0.188086 0.063432 -0.023576
v 0.230906 0.064619 -0.026424
v 0.230906 0.064795 -0.026000
v 0.230906 0.064795 -0.024000
v 0.230906 0.064619 -0.023576
v 0.274328 0.063348 -0.026424
v 0.274343 0.063524 -0.026000
v 0.274343 0.063524 -0.024000
v 0.274328 0.063348 -0.023576
v 0.300910 0.059691 -0.026424
v 0.300968 0.059860 -0.026000
v 0.300968 0.059860 -0.024000
v 0.300910 0.059691 -0.023576
v 0.303114 0.058415 -0.026424
v 0.303222 0.058555 -0.026000
v 0.303222 0.058555 -0.024000
v 0.303114 0.058415 -0.023576
v 0.304754 0.056799 -0.026424
v 0.304884 0.056918 -0.026000
v 0.304884 0.056918 -0.024000
v 0.304754 0.056799 -0.023576
v 0.306145 0.055088 -0.026424
v 0.306278 0.055203 -0.026000
v 0.306278 0.055203 -0.024000
v 0.306145 0.055088 -0.023576
v 0.307881 0.053179 -0.026424
v 0.308119 0.053179 -0.026000
v 0.308119 0.053179 -0.024000
v 0.307881 0.053179 -0.023576
v 0.306145 0.051271 -0.026424
v 0.306278 0.051156 -0.026000
v 0.306278 0.051156 -0.024000
v 0.306145 0.051271 -0.023576
v 0.304754 0.049560 -0.026424
v 0.304884 0.049441 -0.026000
v 0.304884 0.049441 -0.024000
v 0.304754 0.049560 -0.023576
v 0.303114 0.047944 -0.026424
v 0.303222 0.047804 -0.026000
v 0.303222 0.047804 -0.024000
v 0.303114 0.047944 -0.023576
v 0.300910 0.046668 -0.026424
v 0.300968 0.046499 -0.026000
v 0.300968 0.046499 -0.024000
v 0.300910 0.046668 -0.023576
v 0.274328 0.043011 -0.026424
v 0.274343 0.042835 -0.026000
v 0.274343 0.042835 -0.024000
v 0.274328 0.043011 -0.023576
v 0.230906 0.041740 -0.026424
v 0.230906 0.041564 -0.026000
v 0.230906 0.041564 -0.024000
v 0.230906 0.041740 -0.023576
v 0.188086 0.042927 -0.026424
v 0.188070 0.042752 -0.026000
v 0.188070 0.042752 -0.024000
v 0.188086 0.042927 -0.023576
vn -0.0179 0.2012 0.9794
vn 0.0167 0.2005 0.9795
vn 0.0002 0.1984 0.9801
vn -0.0866 0.2010 0.9758
vn 0.0697 0.2028 0.9767
vn -0.1553 0.1437 0.9773
vn 0.1265 0.1659 0.9780
vn 0.1490 0.1355 0.9795
vn -0.1760 0.1006 0.9792
vn 0.1453 0.1250 0.9815
vn -0.1689 0.0892 0.9816
vn 0.2142 -0.0000 0.9768
vn -0.2255 -0.0000 0.9742
vn -0.1689 -0.0892 0.9816
vn 0.1453 -0.1250 0.9815
vn -0.1760 -0.1006 0.9792
vn 0.1490 -0.1355 0.9795
vn -0.1553 -0.1437 0.9773
vn 0.1265 -0.1659 0.9780
vn -0.0866 -0.2010 0.9758
vn 0.0696 -0.2028 0.9767
vn -0.0179 -0.2012 0.9794
vn 0.0167 -0.2005 0.9795
vn 0.0002 -0.1984 0.9801
vn -0.0179 0.2012 -0.9794
vn 0.0002 0.1984 -0.9801
vn 0.0167 0.2005 -0.9795
vn -0.0866 0.2010 -0.9758
vn 0.0697 0.2028 -0.9767
vn -0.1553 0.1437 -0.9773
vn 0.1265 0.1659 -0.9780
vn 0.1490 0.1355 -0.9795
vn -0.1760 0.1006 -0.9792
vn 0.1453 0.1250 -0.9815
vn -0.1689 0.0892 -0.9816
vn 0.2142 -0.0000 -0.9768
vn -0.2255 -0.0000 -0.9742
vn -0.1689 -0.0892 -0.9816
vn 0.1453 -0.1250 -0.9815
vn -0.1760 -0.1006 -0.9792
vn 0.1490 -0.1355 -0.9795
vn -0.1553 -0.1437 -0.9773
vn 0.1265 -0.1659 -0.9780
vn -0.0866 -0.2010 -0.9758
vn 0.0696 -0.2028 -0.9767
vn -0.0179 -0.2012 -0.9794
vn 0.0167 -0.2005 -0.9795
vn 0.0002 -0.1984 -0.9801
vn -0.1472 -0.3415 -0.9283
vn -0.2778 -0.2571 -0.9256
vn -0.3883 -0.9007 -0.1948
vn -0.7200 -0.6664 -0.1936
vn -0.6768 -0.6263 -0.3869
vn -0.3639 -0.8441 -0.3937
vn -0.3883 -0.9007 0.1948
vn -0.7200 -0.6664 0.1936
vn -0.3639 -0.8441 0.3937
vn -0.6768 -0.6263 0.3869
vn -0.2778 -0.2571 0.9256
vn -0.1472 -0.3415 0.9283
vn -0.3316 -0.1896 -0.9242
vn -0.8516 -0.4870 -0.1939
vn -0.8018 -0.4584 -0.3834
vn -0.8516 -0.4870 0.1939
vn -0.8018 -0.4585 0.3834
vn -0.3316 -0.1896 0.9242
vn -0.3383 -0.1786 -0.9240
vn -0.8672 -0.4578 -0.1960
vn -0.8170 -0.4313 -0.3828
vn -0.8672 -0.4578 0.1960
vn -0.8169 -0.4313 0.3829
vn -0.3383 -0.1786 0.9240
vn -0.3384 -0.0000 -0.9410
vn -0.8539 -0.4881 -0.1807
vn -0.8021 -0.4585 -0.3826
vn -0.8539 -0.4881 0.1807
vn -0.8021 -0.4585 0.3826
vn -0.3384 -0.0000 0.9410
vn -0.3383 0.1786 -0.9240
vn -0.8539 0.4881 -0.1807
vn -0.8672 0.4578 -0.1960
vn -0.8169 0.4313 -0.3829
vn -0.8021 0.4585 -0.3827
vn -0.8539 0.4881 0.1807
vn -0.8672 0.4578 0.1960
vn -0.8021 0.4585 0.3827
vn -0.8170 0.4313 0.3828
vn -0.3383 0.1786 0.9240
vn -0.3316 0.1896 -0.9242
vn -0.8516 0.4870 -0.1939
vn -0.8018 0.4584 -0.3834
vn -0.8516 0.4870 0.1939
vn -0.8018 0.4585 0.3834
vn -0.3316 0.1896 0.9242
vn -0.2778 0.2571 -0.9256
vn -0.7200 0.6664 -0.1936
vn -0.6768 0.6263 -0.3869
vn -0.7200 0.6664 0.1936
vn -0.6768 0.6263 0.3869
vn -0.2778 0.2571 0.9256
vn -0.1472 0.3415 -0.9283
vn -0.3883 0.9007 -0.1948
vn -0.3639 0.8441 -0.3937
vn -0.3883 0.9007 0.1948
vn -0.3639 0.8441 0.3937
vn -0.1472 0.3415 0.9283
vn -0.0339 0.3806 -0.9241
vn -0.0870 0.9771 -0.1940
vn -0.0820 0.9200 -0.3833
vn -0.0870 0.9771 0.1940
vn -0.0820 0.9200 0.3833
vn -0.0339 0.3806 0.9241
vn 0.0003 0.3826 -0.9239
vn 0.0008 0.9809 -0.1945
vn 0.0007 0.9238 -0.3828
vn 0.0008 0.9809 0.1945
vn 0.0007 0.9238 0.3828
vn 0.0003 0.3826 0.9239
vn 0.0317 0.3809 -0.9241
vn 0.0813 0.9776 -0.1941
vn 0.0766 0.9205 -0.3832
vn 0.0813 0.9776 0.1941
vn 0.0766 0.9205 0.3832
vn 0.0317 0.3809 0.9241
vn 0.1223 0.3561 -0.9264
vn 0.3186 0.9278 -0.1938
vn 0.2992 0.8713 -0.3889
vn 0.3186 0.9278 0.1938
vn 0.2992 0.8713 0.3889
vn 0.1223 0.3561 0.9264
vn 0.2304 0.3023 -0.9250
vn 0.5948 0.7802 -0.1935
vn 0.5595 0.7338 -0.3853
vn 0.5948 0.7802 0.1935
vn 0.5595 0.7338 0.3853
vn 0.2304 0.3023 0.9250
vn 0.2828 0.2571 -0.9241
vn 0.7259 0.6598 -0.1940
vn 0.6835 0.6213 -0.3831
vn 0.7259 0.6598 0.1940
vn 0.6835 0.6213 0.3831
vn 0.2828 0.2571 0.9241
vn 0.2900 0.2495 -0.9239
vn 0.7434 0.6395 -0.1958
vn 0.7004 0.6025 -0.3828
vn 0.7434 0.6395 0.1958
vn 0.7004 0.6025 0.3828
vn 0.2900 0.2495 0.9239
vn 0.2930 -0.0000 -0.9561
vn 0.7287 0.6629 -0.1718
vn 0.6834 0.6217 -0.3827
vn 0.7287 0.6629 0.1718
vn 0.6834 0.6217 0.3827
vn 0.2929 -0.0000 0.9561
vn 0.2900 -0.2495 -0.9239
vn 0.7287 -0.6629 -0.1718
vn 0.7434 -0.6395 -0.1958
vn 0.7004 -0.6025 -0.3828
vn 0.6834 -0.6217 -0.3827
vn 0.7287 -0.6629 0.1718
vn 0.7434 -0.6395 0.1958
vn 0.6834 -0.6217 0.3827
vn 0.7004 -0.6025 0.3828
vn 0.2900 -0.2495 0.9239
vn 0.2828 -0.2571 -0.9241
vn 0.7259 -0.6599 -0.1940
vn 0.6835 -0.6213 -0.3831
vn 0.7259 -0.6598 0.1941
vn 0.6835 -0.6213 0.3832
vn 0.2828 -0.2571 0.9241
vn 0.2304 -0.3022 -0.9250
vn 0.5948 -0.7802 -0.1935
vn 0.5595 -0.7338 -0.3853
vn 0.5948 -0.7802 0.1935
vn 0.5595 -0.7338 0.3853
vn 0.2304 -0.3022 0.9250
vn 0.1223 -0.3561 -0.9264
vn 0.3186 -0.9278 -0.1938
vn 0.2992 -0.8713 -0.3889
vn 0.3186 -0.9278 0.1938
vn 0.2992 -0.8713 0.3889
vn 0.1223 -0.3561 0.9264
vn 0.0317 -0.3809 -0.9241
vn 0.0813 -0.9776 -0.1941
vn 0.0766 -0.9205 -0.3832
vn 0.0813 -0.9776 0.1941
vn 0.0766 -0.9205 0.3832
vn 0.0317 -0.3809 0.9241
vn 0.0003 -0.3825 -0.9239
vn 0.0008 -0.9809 -0.1945
vn 0.0007 -0.9238 -0.3828
vn 0.0008 -0.9809 0.1945
vn 0.0007 -0.9238 0.3828
vn 0.0003 -0.3826 0.9239
vn -0.0339 -0.3806 -0.9241
vn -0.0870 -0.9771 -0.1940
vn -0.0820 -0.9200 -0.3833
vn -0.0870 -0.9771 0.1940
vn -0.0820 -0.9200 0.3833
vn -0.0339 -0.3806 0.9241
vt 0.391304 0.000000
vt 0.478261 0.000000
vt 0.434783 0.000000
vt 0.347826 0.000000
vt 0.521739 0.000000
vt 0.304348 0.000000
vt 0.565217 0.000000
vt 0.608696 0.000000
vt 0.260870 0.000000
vt 0.652174 0.000000
vt 0.217391 0.000000
vt 0.695652 0.000000
vt 0.173913 0.000000
vt 0.130435 0.000000
vt 0.739130 0.000000
vt 0.086957 0.000000
vt 0.782609 0.000000
vt 0.043478 0.000000
vt 0.826087 0.000000
vt 0.000000 0.000000
vt 0.869565 0.000000
vt 1.000000 0.000000
vt 0.913043 0.000000
vt 0.956522 0.000000
vt 0.000000 0.200000
vt 0.041667 0.200000
vt 0.041667 0.000000
vt 0.000000 0.400000
vt 0.041667 0.400000
vt 0.000000 0.600000
vt 0.041667 0.600000
vt 0.000000 0.800000
vt 0.041667 0.800000
vt 0.000000 1.000000
vt 0.041667 1.000000
vt 0.083333 0.200000
vt 0.083333 0.000000
vt 0.083333 0.400000
vt 0.083333 0.600000
vt 0.083333 0.800000
vt 0.083333 1.000000
vt 0.125000 0.200000
vt 0.125000 0.000000
vt 0.125000 0.400000
vt 0.125000 0.600000
vt 0.125000 0.800000
vt 0.125000 1.000000
vt 0.166667 0.200000
vt 0.166667 0.000000
vt 0.166667 0.400000
vt 0.166667 0.600000
vt 0.166667 0.800000
vt 0.166667 1.000000
vt 0.208333 0.200000
vt 0.208333 0.000000
vt 0.208333 0.400000
vt 0.208333 0.600000
vt 0.208333 0.800000
vt 0.208333 1.000000
vt 0.250000 0.200000
vt 0.250000 0.000000
vt 0.250000 0.400000
vt 0.250000 0.600000
vt 0.250000 0.800000
vt 0.250000 1.000000
vt 0.291667 0.200000
vt 0.291667 0.000000
vt 0.291667 0.400000
vt 0.291667 0.600000
vt 0.291667 0.800000
vt 0.291667 1.000000
vt 0.333333 0.200000
vt 0.333333 0.000000
vt 0.333333 0.400000
vt 0.333333 0.600000
vt 0.333333 0.800000
vt 0.333333 1.000000
vt 0.375000 0.200000
vt 0.375000 0.000000
vt 0.375000 0.400000
vt 0.375000 0.600000
vt 0.375000 0.800000
vt 0.375000 1.000000
vt 0.416667 0.200000
vt 0.416667 0.000000
vt 0.416667 0.400000
vt 0.416667 0.600000
vt 0.416667 0.800000
vt 0.416667 1.000000
vt 0.458333 0.200000
vt 0.458333 0.000000
vt 0.458333 0.400000
vt 0.458333 0.600000
vt 0.458333 0.800000
vt 0.458333 1.000000
vt 0.500000 0.200000
vt 0.500000 0.000000
vt 0.500000 0.400000
vt 0.500000 0.600000
vt 0.500000 0.800000
vt 0.500000 1.000000
vt 0.541667 0.200000
vt 0.541667 0.000000
vt 0.541667 0.400000
vt 0.541667 0.600000
vt 0.541667 0.800000
vt 0.541667 1.000000
vt 0.583333 0.200000
vt 0.583333 0.000000
vt 0.583333 0.400000
vt 0.583333 0.600000
vt 0.583333 0.800000
vt 0.583333 1.000000
vt 0.625000 0.200000
vt 0.625000 0.000000
vt 0.625000 0.400000
vt 0.625000 0.600000
vt 0.625000 0.800000
vt 0.625000 1.000000
vt 0.666667 0.200000
vt 0.666667 0.000000
vt 0.666667 0.400000
vt 0.666667 0.600000
vt 0.666667 0.800000
vt 0.666667 1.000000
vt 0.708333 0.200000
vt 0.708333 0.000000
vt 0.708333 0.400000
vt 0.708333 0.600000
vt 0.708333 0.800000
vt 0.708333 1.000000
vt 0.750000 0.200000
vt 0.750000 0.000000
vt 0.750000 0.400000
vt 0.750000 0.600000
vt 0.750000 0.800000
vt 0.750000 1.000000
vt 0.791667 0.200000
vt 0.791667 0.000000
vt 0.791667 0.400000
vt 0.791667 0.600000
vt 0.791667 0.800000
vt 0.791667 1.000000
vt 0.833333 0.200000
vt 0.833333 0.000000
vt 0.833333 0.400000
vt 0.833333 0.600000
vt 0.833333 0.800000
vt 0.833333 1.000000
vt 0.875000 0.200000
vt 0.875000 0.000000
vt 0.875000 0.400000
vt 0.875000 0.600000
vt 0.875000 0.800000
vt 0.875000 1.000000
vt 0.916667 0.200000
vt 0.916667 0.000000
vt 0.916667 0.400000
vt 0.916667 0.600000
vt 0.916667 0.800000
vt 0.916667 1.000000
vt 0.958333 0.200000
vt 0.958333 0.000000
vt 0.958333 0.400000
vt 0.958333 0.600000
vt 0.958333 0.800000
vt 0.958333 1.000000
vt 1.000000 0.200000
vt 1.000000 0.400000
vt 1.000000 0.600000
vt 1.000000 0.800000
vt 1.000000 1.000000
s 1
usemtl Gold_|_polished_trim
f 2459/2601/3170 2461/2602/3171 2460/2603/3172
f 2458/2604/3173 2461/2602/3171 2459/2601/3170
f 2458/2604/3173 2462/2605/3174 2461/2602/3171
f 2457/2606/3175 2462/2605/3174 2458/2604/3173
f 2457/2606/3175 2463/2607/3176 2462/2605/3174
f 2457/2606/3175 2464/2608/3177 2463/2607/3176
f 2456/2609/3178 2464/2608/3177 2457/2606/3175
f 2456/2609/3178 2465/2610/3179 2464/2608/3177
f 2455/2611/3180 2465/2610/3179 2456/2609/3178
f 2455/2611/3180 2466/2612/3181 2465/2610/3179
f 2454/2613/3182 2466/2612/3181 2455/2611/3180
f 2453/2614/3183 2466/2612/3181 2454/2613/3182
f 2453/2614/3183 2467/2615/3184 2466/2612/3181
f 2452/2616/3185 2467/2615/3184 2453/2614/3183
f 2452/2616/3185 2468/2617/3186 2467/2615/3184
f 2451/2618/3187 2468/2617/3186 2452/2616/3185
f 2451/2618/3187 2469/2619/3188 2468/2617/3186
f 2450/2620/3189 2469/2619/3188 2451/2618/3187
f 2450/2620/3189 2470/2621/3190 2469/2619/3188
f 2473/2622/3191 2470/2621/3190 2450/2620/3189
f 2473/2622/3191 2471/2623/3192 2470/2621/3190
f 2473/2622/3191 2472/2624/3193 2471/2623/3192
f 2483/2601/3194 2484/2603/3195 2485/2602/3196
f 2482/2604/3197 2483/2601/3194 2485/2602/3196
f 2482/2604/3197 2485/2602/3196 2486/2605/3198
f 2481/2606/3199 2482/2604/3197 2486/2605/3198
f 2481/2606/3199 2486/2605/3198 2487/2607/3200
f 2481/2606/3199 2487/2607/3200 2488/2608/3201
f 2480/2609/3202 2481/2606/3199 2488/2608/3201
f 2480/2609/3202 2488/2608/3201 2489/2610/3203
f 2479/2611/3204 2480/2609/3202 2489/2610/3203
f 2479/2611/3204 2489/2610/3203 2490/2612/3205
f 2478/2613/3206 2479/2611/3204 2490/2612/3205
f 2477/2614/3207 2478/2613/3206 2490/2612/3205
f 2477/2614/3207 2490/2612/3205 2491/2615/3208
f 2476/2616/3209 2477/2614/3207 2491/2615/3208
f 2476/2616/3209 2491/2615/3208 2492/2617/3210
f 2475/2618/3211 2476/2616/3209 2492/2617/3210
f 2475/2618/3211 2492/2617/3210 2493/2619/3212
f 2474/2620/3213 2475/2618/3211 2493/2619/3212
f 2474/2620/3213 2493/2619/3212 2494/2621/3214
f 2497/2622/3215 2474/2620/3213 2494/2621/3214
f 2497/2622/3215 2494/2621/3214 2495/2623/3216
f 2497/2622/3215 2495/2623/3216 2496/2624/3217
f 2498/2625/3218 2502/2626/3219 2475/2627/3211 2474/2620/3213
f 2499/2628/3220 2503/2629/3221 2502/2626/3222 2498/2625/3223
f 2500/2630/3224 2504/2631/3225 2503/2629/3221 2499/2628/3220
f 2501/2632/3226 2505/2633/3227 2504/2631/3225 2500/2630/3224
f 2450/2634/3189 2451/2635/3187 2505/2633/3228 2501/2632/3229
f 2502/2626/3219 2506/2636/3230 2476/2637/3209 2475/2627/3211
f 2503/2629/3221 2507/2638/3231 2506/2636/3232 2502/2626/3222
f 2504/2631/3225 2508/2639/3233 2507/2638/3231 2503/2629/3221
f 2505/2633/3227 2509/2640/3234 2508/2639/3233 2504/2631/3225
f 2451/2635/3187 2452/2641/3185 2509/2640/3235 2505/2633/3228
f 2506/2636/3230 2510/2642/3236 2477/2643/3207 2476/2637/3209
f 2507/2638/3231 2511/2644/3237 2510/2642/3238 2506/2636/3232
f 2508/2639/3233 2512/2645/3239 2511/2644/3237 2507/2638/3231
f 2509/2640/3234 2513/2646/3240 2512/2645/3239 2508/2639/3233
f 2452/2641/3185 2453/2647/3183 2513/2646/3241 2509/2640/3235
f 2510/2642/3236 2514/2648/3242 2478/2649/3206 2477/2643/3207
f 2511/2644/3237 2515/2650/3243 2514/2648/3244 2510/2642/3238
f 2512/2645/3239 2516/2651/3245 2515/2650/3243 2511/2644/3237
f 2513/2646/3240 2517/2652/3246 2516/2651/3245 2512/2645/3239
f 2453/2647/3183 2454/2653/3182 2517/2652/3247 2513/2646/3241
f 2514/2648/3242 2518/2654/3248 2479/2655/3204 2478/2649/3206
f 2515/2650/3249 2519/2656/3250 2518/2654/3251 2514/2648/3252
f 2516/2651/3253 2520/2657/3254 2519/2656/3250 2515/2650/3249
f 2517/2652/3255 2521/2658/3256 2520/2657/3254 2516/2651/3253
f 2454/2653/3182 2455/2659/3180 2521/2658/3257 2517/2652/3247
f 2518/2654/3248 2522/2660/3258 2480/2661/3202 2479/2655/3204
f 2519/2656/3250 2523/2662/3259 2522/2660/3260 2518/2654/3251
f 2520/2657/3254 2524/2663/3261 2523/2662/3259 2519/2656/3250
f 2521/2658/3256 2525/2664/3262 2524/2663/3261 2520/2657/3254
f 2455/2659/3180 2456/2665/3178 2525/2664/3263 2521/2658/3257
f 2522/2660/3258 2526/2666/3264 2481/2667/3199 2480/2661/3202
f 2523/2662/3259 2527/2668/3265 2526/2666/3266 2522/2660/3260
f 2524/2663/3261 2528/2669/3267 2527/2668/3265 2523/2662/3259
f 2525/2664/3262 2529/2670/3268 2528/2669/3267 2524/2663/3261
f 2456/2665/3178 2457/2671/3175 2529/2670/3269 2525/2664/3263
f 2526/2666/3264 2530/2672/3270 2482/2673/3197 2481/2667/3199
f 2527/2668/3265 2531/2674/3271 2530/2672/3272 2526/2666/3266
f 2528/2669/3267 2532/2675/3273 2531/2674/3271 2527/2668/3265
f 2529/2670/3268 2533/2676/3274 2532/2675/3273 2528/2669/3267
f 2457/2671/3175 2458/2677/3173 2533/2676/3275 2529/2670/3269
f 2530/2672/3270 2534/2678/3276 2483/2679/3194 2482/2673/3197
f 2531/2674/3271 2535/2680/3277 2534/2678/3278 2530/2672/3272
f 2532/2675/3273 2536/2681/3279 2535/2680/3277 2531/2674/3271
f 2533/2676/3274 2537/2682/3280 2536/2681/3279 2532/2675/3273
f 2458/2677/3173 2459/2683/3170 2537/2682/3281 2533/2676/3275
f 2534/2678/3276 2538/2684/3282 2484/2685/3195 2483/2679/3194
f 2535/2680/3277 2539/2686/3283 2538/2684/3284 2534/2678/3278
f 2536/2681/3279 2540/2687/3285 2539/2686/3283 2535/2680/3277
f 2537/2682/3280 2541/2688/3286 2540/2687/3285 2536/2681/3279
f 2459/2683/3170 2460/2689/3172 2541/2688/3287 2537/2682/3281
f 2538/2684/3282 2542/2690/3288 2485/2691/3196 2484/2685/3195
f 2539/2686/3283 2543/2692/3289 2542/2690/3290 2538/2684/3284
f 2540/2687/3285 2544/2693/3291 2543/2692/3289 2539/2686/3283
f 2541/2688/3286 2545/2694/3292 2544/2693/3291 2540/2687/3285
f 2460/2689/3172 2461/2695/3171 2545/2694/3293 2541/2688/3287
f 2542/2690/3288 2546/2696/3294 2486/2697/3198 2485/2691/3196
f 2543/2692/3289 2547/2698/3295 2546/2696/3296 2542/2690/3290
f 2544/2693/3291 2548/2699/3297 2547/2698/3295 2543/2692/3289
f 2545/2694/3292 2549/2700/3298 2548/2699/3297 2544/2693/3291
f 2461/2695/3171 2462/2701/3174 2549/2700/3299 2545/2694/3293
f 2546/2696/3294 2550/2702/3300 2487/2703/3200 2486/2697/3198
f 2547/2698/3295 2551/2704/3301 2550/2702/3302 2546/2696/3296
f 2548/2699/3297 2552/2705/3303 2551/2704/3301 2547/2698/3295
f 2549/2700/3298 2553/2706/3304 2552/2705/3303 2548/2699/3297
f 2462/2701/3174 2463/2707/3176 2553/2706/3305 2549/2700/3299
f 2550/2702/3300 2554/2708/3306 2488/2709/3201 2487/2703/3200
f 2551/2704/3301 2555/2710/3307 2554/2708/3308 2550/2702/3302
f 2552/2705/3303 2556/2711/3309 2555/2710/3307 2551/2704/3301
f 2553/2706/3304 2557/2712/3310 2556/2711/3309 2552/2705/3303
f 2463/2707/3176 2464/2713/3177 2557/2712/3311 2553/2706/3305
f 2554/2708/3306 2558/2714/3312 2489/2715/3203 2488/2709/3201
f 2555/2710/3307 2559/2716/3313 2558/2714/3314 2554/2708/3308
f 2556/2711/3309 2560/2717/3315 2559/2716/3313 2555/2710/3307
f 2557/2712/3310 2561/2718/3316 2560/2717/3315 2556/2711/3309
f 2464/2713/3177 2465/2719/3179 2561/2718/3317 2557/2712/3311
f 2558/2714/3312 2562/2720/3318 2490/2721/3205 2489/2715/3203
f 2559/2716/3313 2563/2722/3319 2562/2720/3320 2558/2714/3314
f 2560/2717/3315 2564/2723/3321 2563/2722/3319 2559/2716/3313
f 2561/2718/3316 2565/2724/3322 2564/2723/3321 2560/2717/3315
f 2465/2719/3179 2466/2725/3181 2565/2724/3323 2561/2718/3317
f 2562/2720/3318 2566/2726/3324 2491/2727/3208 2490/2721/3205
f 2563/2722/3325 2567/2728/3326 2566/2726/3327 2562/2720/3328
f 2564/2723/3329 2568/2729/3330 2567/2728/3326 2563/2722/3325
f 2565/2724/3331 2569/2730/3332 2568/2729/3330 2564/2723/3329
f 2466/2725/3181 2467/2731/3184 2569/2730/3333 2565/2724/3323
f 2566/2726/3324 2570/2732/3334 2492/2733/3210 2491/2727/3208
f 2567/2728/3326 2571/2734/3335 2570/2732/3336 2566/2726/3327
f 2568/2729/3330 2572/2735/3337 2571/2734/3335 2567/2728/3326
f 2569/2730/3332 2573/2736/3338 2572/2735/3337 2568/2729/3330
f 2467/2731/3184 2468/2737/3186 2573/2736/3339 2569/2730/3333
f 2570/2732/3334 2574/2738/3340 2493/2739/3212 2492/2733/3210
f 2571/2734/3335 2575/2740/3341 2574/2738/3342 2570/2732/3336
f 2572/2735/3337 2576/2741/3343 2575/2740/3341 2571/2734/3335
f 2573/2736/3338 2577/2742/3344 2576/2741/3343 2572/2735/3337
f 2468/2737/3186 2469/2743/3188 2577/2742/3345 2573/2736/3339
f 2574/2738/3340 2578/2744/3346 2494/2745/3214 2493/2739/3212
f 2575/2740/3341 2579/2746/3347 2578/2744/3348 2574/2738/3342
f 2576/2741/3343 2580/2747/3349 2579/2746/3347 2575/2740/3341
f 2577/2742/3344 2581/2748/3350 2580/2747/3349 2576/2741/3343
f 2469/2743/3188 2470/2749/3190 2581/2748/3351 2577/2742/3345
f 2578/2744/3346 2582/2750/3352 2495/2751/3216 2494/2745/3214
f 2579/2746/3347 2583/2752/3353 2582/2750/3354 2578/2744/3348
f 2580/2747/3349 2584/2753/3355 2583/2752/3353 2579/2746/3347
f 2581/2748/3350 2585/2754/3356 2584/2753/3355 2580/2747/3349
f 2470/2749/3190 2471/2755/3192 2585/2754/3357 2581/2748/3351
f 2582/2750/3352 2586/2756/3358 2496/2757/3217 2495/2751/3216
f 2583/2752/3353 2587/2758/3359 2586/2756/3360 2582/2750/3354
f 2584/2753/3355 2588/2759/3361 2587/2758/3359 2583/2752/3353
f 2585/2754/3356 2589/2760/3362 2588/2759/3361 2584/2753/3355
f 2471/2755/3192 2472/2761/3193 2589/2760/3363 2585/2754/3357
f 2586/2756/3358 2590/2762/3364 2497/2763/3215 2496/2757/3217
f 2587/2758/3359 2591/2764/3365 2590/2762/3366 2586/2756/3360
f 2588/2759/3361 2592/2765/3367 2591/2764/3365 2587/2758/3359
f 2589/2760/3362 2593/2766/3368 2592/2765/3367 2588/2759/3361
f 2472/2761/3193 2473/2767/3191 2593/2766/3369 2589/2760/3363
f 2590/2762/3364 2498/2768/3218 2474/2622/3213 2497/2763/3215
f 2591/2764/3365 2499/2769/3220 2498/2768/3223 2590/2762/3366
f 2592/2765/3367 2500/2770/3224 2499/2769/3220 2591/2764/3365
f 2593/2766/3368 2501/2771/3226 2500/2770/3224 2592/2765/3367
f 2473/2767/3191 2450/2772/3189 2501/2771/3229 2593/2766/3369
o Slot_|_left_mid_dark
v 0.296410 0.056577 -0.028162
v 0.296410 0.056577 -0.024238
v 0.296410 0.053179 -0.022277
v 0.296410 0.049782 -0.024238
v 0.296410 0.049782 -0.028162
v 0.296410 0.053179 -0.030123
v 0.167821 0.056577 -0.028162
v 0.167821 0.056577 -0.024238
v 0.167821 0.053179 -0.022277
v 0.167821 0.049782 -0.024238
v 0.167821 0.049782 -0.028162
v 0.167821 0.053179 -0.030123
v 0.212315 0.056577 -0.028162
v 0.212315 0.056577 -0.024238
v 0.212315 0.053179 -0.022277
v 0.212315 0.049782 -0.024238
v 0.212315 0.049782 -0.028162
v 0.212315 0.053179 -0.030123
v 0.251916 0.056577 -0.028162
v 0.251916 0.056577 -0.024238
v 0.251916 0.053179 -0.022277
v 0.251916 0.049782 -0.024238
v 0.251916 0.049782 -0.028162
v 0.251916 0.053179 -0.030123
vn 1.0000 -0.0000 -0.0000
vn -1.0000 -0.0000 -0.0000
vn -0.0000 0.8660 -0.5000
vn -0.0000 -0.0000 -1.0000
vn -0.0000 0.5000 -0.8660
vn -0.0000 0.8660 0.5000
vn -0.0000 0.5000 0.8660
vn -0.0000 -0.0000 1.0000
vn -0.0000 -0.8660 0.5000
vn -0.0000 -0.5000 0.8660
vn -0.0000 -0.8660 -0.5000
vn -0.0000 -0.5000 -0.8660
vn -0.0000 1.0000 -0.0000
vn -0.0000 -1.0000 -0.0000
vt 1.000000 0.000000
vt 0.600000 0.000000
vt 0.800000 0.000000
vt 0.400000 0.000000
vt 0.000000 0.000000
vt 0.200000 0.000000
vt 0.000000 1.000000
vt 0.333333 1.000000
vt 0.333333 0.833333
vt 0.000000 0.833333
vt 0.000000 0.166667
vt 0.333333 0.166667
vt 0.333333 0.000000
vt 0.000000 0.333333
vt 0.333333 0.333333
vt 0.000000 0.500000
vt 0.333333 0.500000
vt 0.000000 0.666667
vt 0.333333 0.666667
vt 0.666667 1.000000
vt 0.666667 0.833333
vt 0.666667 0.166667
vt 0.666667 0.000000
vt 0.666667 0.333333
vt 0.666667 0.500000
vt 0.666667 0.666667
vt 1.000000 1.000000
vt 1.000000 0.833333
vt 1.000000 0.166667
vt 1.000000 0.333333
vt 1.000000 0.500000
vt 1.000000 0.666667
s 1
usemtl Gold_|_dark_grille
f 2599/2773/3370 2597/2774/3370 2598/2775/3370
f 2599/2773/3370 2596/2776/3370 2597/2774/3370
f 2594/2777/3370 2596/2776/3370 2599/2773/3370
f 2594/2777/3370 2595/2778/3370 2596/2776/3370
f 2602/2776/3371 2604/2775/3371 2603/2774/3371
f 2602/2776/3371 2605/2773/3371 2604/2775/3371
f 2601/2778/3371 2605/2773/3371 2602/2776/3371
f 2601/2778/3371 2600/2777/3371 2605/2773/3371
f 2600/2779/3372 2606/2780/3372 2611/2781/3373 2605/2782/3374
f 2601/2783/3375 2607/2784/3375 2606/2785/3372 2600/2777/3372
f 2602/2786/3376 2608/2787/3377 2607/2784/3375 2601/2783/3375
f 2603/2788/3378 2609/2789/3378 2608/2787/3377 2602/2786/3379
f 2604/2790/3380 2610/2791/3380 2609/2789/3378 2603/2788/3378
f 2605/2782/3381 2611/2781/3373 2610/2791/3380 2604/2790/3380
f 2606/2780/3372 2612/2792/3372 2617/2793/3373 2611/2781/3373
f 2607/2784/3375 2613/2794/3375 2612/2795/3372 2606/2785/3372
f 2608/2787/3377 2614/2796/3377 2613/2794/3375 2607/2784/3375
f 2609/2789/3378 2615/2797/3378 2614/2796/3377 2608/2787/3377
f 2610/2791/3380 2616/2798/3380 2615/2797/3378 2609/2789/3378
f 2611/2781/3373 2617/2793/3373 2616/2798/3380 2610/2791/3380
f 2612/2792/3372 2594/2799/3372 2599/2800/3374 2617/2793/3373
f 2613/2794/3375 2595/2801/3382 2594/2773/3372 2612/2795/3372
f 2614/2796/3377 2596/2802/3377 2595/2801/3376 2613/2794/3375
f 2615/2797/3378 2597/2803/3379 2596/2802/3377 2614/2796/3377
f 2616/2798/3380 2598/2804/3380 2597/2803/3383 2615/2797/3378
f 2617/2793/3373 2599/2800/3381 2598/2804/3380 2616/2798/3380
o Vent_|_left_gold_frame
v -0.013949 0.065385 -0.023400
v -0.016122 0.067853 -0.023400
v -0.017091 0.070848 -0.023400
v -0.017579 0.074053 -0.023400
v -0.018308 0.077154 -0.023400
v -0.017547 0.080028 -0.023400
v -0.017006 0.083001 -0.023400
v -0.016026 0.085776 -0.023400
v -0.013949 0.088051 -0.023400
v 0.005544 0.095112 -0.023400
v 0.031868 0.097245 -0.023400
v 0.059475 0.094782 -0.023400
v 0.082821 0.088051 -0.023400
v 0.086048 0.085875 -0.023400
v 0.088353 0.083089 -0.023400
v 0.090290 0.080061 -0.023400
v 0.092410 0.077154 -0.023400
v 0.090316 0.074018 -0.023400
v 0.088424 0.070752 -0.023400
v 0.086128 0.067745 -0.023400
v 0.082821 0.065385 -0.023400
v 0.059235 0.058051 -0.023400
v 0.031939 0.055367 -0.023400
v 0.005890 0.057692 -0.023400
v -0.013949 0.065385 -0.026600
v -0.016122 0.067853 -0.026600
v -0.017091 0.070848 -0.026600
v -0.017579 0.074053 -0.026600
v -0.018308 0.077154 -0.026600
v -0.017547 0.080028 -0.026600
v -0.017006 0.083001 -0.026600
v -0.016026 0.085776 -0.026600
v -0.013949 0.088051 -0.026600
v 0.005544 0.095112 -0.026600
v 0.031868 0.097245 -0.026600
v 0.059475 0.094782 -0.026600
v 0.082821 0.088051 -0.026600
v 0.086048 0.085875 -0.026600
v 0.088353 0.083089 -0.026600
v 0.090290 0.080061 -0.026600
v 0.092410 0.077154 -0.026600
v 0.090316 0.074018 -0.026600
v 0.088424 0.070752 -0.026600
v 0.086128 0.067745 -0.026600
v 0.082821 0.065385 -0.026600
v 0.059235 0.058051 -0.026600
v 0.031939 0.055367 -0.026600
v 0.005890 0.057692 -0.026600
v -0.014199 0.065026 -0.026424
v -0.014302 0.064878 -0.026000
v -0.014302 0.064878 -0.024000
v -0.014199 0.065026 -0.023576
v -0.016499 0.067638 -0.026424
v -0.016655 0.067550 -0.026000
v -0.016655 0.067550 -0.024000
v -0.016499 0.067638 -0.023576
v -0.017506 0.070750 -0.026424
v -0.017677 0.070709 -0.026000
v -0.017677 0.070709 -0.024000
v -0.017506 0.070750 -0.023576
v -0.017996 0.073973 -0.026424
v -0.018169 0.073940 -0.026000
v -0.018169 0.073940 -0.024000
v -0.017996 0.073973 -0.023576
v -0.018745 0.077160 -0.026424
v -0.018926 0.077162 -0.026000
v -0.018926 0.077162 -0.024000
v -0.018745 0.077160 -0.023576
v -0.017962 0.080120 -0.026424
v -0.018133 0.080158 -0.026000
v -0.018133 0.080158 -0.024000
v -0.017962 0.080120 -0.023576
v -0.017418 0.083111 -0.026424
v -0.017588 0.083156 -0.026000
v -0.017588 0.083156 -0.024000
v -0.017418 0.083111 -0.023576
v -0.016398 0.085998 -0.026424
v -0.016551 0.086090 -0.026000
v -0.016551 0.086090 -0.024000
v -0.016398 0.085998 -0.023576
v -0.014192 0.088415 -0.026424
v -0.014292 0.088565 -0.026000
v -0.014292 0.088565 -0.024000
v -0.014192 0.088415 -0.023576
v 0.005453 0.095530 -0.026424
v 0.005416 0.095703 -0.026000
v 0.005416 0.095703 -0.024000
v 0.005453 0.095530 -0.023576
v 0.031869 0.097671 -0.026424
v 0.031870 0.097847 -0.026000
v 0.031870 0.097847 -0.024000
v 0.031869 0.097671 -0.023576
v 0.059554 0.095201 -0.026424
v 0.059586 0.095374 -0.026000
v 0.059586 0.095374 -0.024000
v 0.059554 0.095201 -0.023576
v 0.083002 0.088440 -0.026424
v 0.083078 0.088602 -0.026000
v 0.083078 0.088602 -0.024000
v 0.083002 0.088440 -0.023576
v 0.086336 0.086192 -0.026424
v 0.086455 0.086324 -0.026000
v 0.086455 0.086324 -0.024000
v 0.086336 0.086192 -0.023576
v 0.088697 0.083340 -0.026424
v 0.088839 0.083444 -0.026000
v 0.088839 0.083444 -0.024000
v 0.088697 0.083340 -0.023576
v 0.090640 0.080300 -0.026424
v 0.090785 0.080399 -0.026000
v 0.090785 0.080399 -0.024000
v 0.090640 0.080300 -0.023576
v 0.092928 0.077165 -0.026424
v 0.093142 0.077169 -0.026000
v 0.093142 0.077169 -0.024000
v 0.092928 0.077165 -0.023576
v 0.090676 0.073793 -0.026424
v 0.090826 0.073700 -0.026000
v 0.090826 0.073700 -0.024000
v 0.090676 0.073793 -0.023576
v 0.088778 0.070516 -0.026424
v 0.088924 0.070418 -0.026000
v 0.088924 0.070418 -0.024000
v 0.088778 0.070516 -0.023576
v 0.086426 0.067437 -0.026424
v 0.086550 0.067309 -0.026000
v 0.086550 0.067309 -0.024000
v 0.086426 0.067437 -0.023576
v 0.083012 0.065000 -0.026424
v 0.083091 0.064840 -0.026000
v 0.083091 0.064840 -0.024000
v 0.083012 0.065000 -0.023576
v 0.059320 0.057633 -0.026424
v 0.059355 0.057460 -0.026000
v 0.059355 0.057460 -0.024000
v 0.059320 0.057633 -0.023576
v 0.031941 0.054941 -0.026424
v 0.031941 0.054765 -0.026000
v 0.031941 0.054765 -0.024000
v 0.031941 0.054941 -0.023576
v 0.005793 0.057275 -0.026424
v 0.005753 0.057102 -0.026000
v 0.005753 0.057102 -0.024000
v 0.005793 0.057275 -0.023576
vn -0.0445 0.2045 0.9779
vn 0.0378 0.2021 0.9786
vn 0.0008 0.2045 0.9789
vn -0.1211 0.1811 0.9760
vn 0.0894 0.1915 0.9774
vn -0.1844 0.1104 0.9766
vn 0.1411 0.1557 0.9777
vn 0.1632 0.1191 0.9794
vn -0.1972 0.0524 0.9790
vn 0.1580 0.1080 0.9815
vn -0.1857 0.0414 0.9817
vn 0.2228 0.0046 0.9748
vn -0.2181 0.0030 0.9759
vn -0.1867 -0.0361 0.9817
vn 0.1623 -0.1011 0.9816
vn -0.1987 -0.0469 0.9789
vn 0.1682 -0.1123 0.9793
vn -0.1870 -0.1065 0.9766
vn 0.1466 -0.1514 0.9775
vn -0.1246 -0.1785 0.9760
vn 0.0940 -0.1895 0.9774
vn -0.0477 -0.2044 0.9777
vn 0.0409 -0.2021 0.9785
vn 0.0009 -0.2054 0.9787
vn -0.0445 0.2045 -0.9779
vn 0.0008 0.2045 -0.9789
vn 0.0378 0.2021 -0.9786
vn -0.1211 0.1811 -0.9760
vn 0.0894 0.1915 -0.9774
vn -0.1844 0.1104 -0.9766
vn 0.1411 0.1557 -0.9777
vn 0.1632 0.1191 -0.9794
vn -0.1972 0.0524 -0.9790
vn 0.1580 0.1080 -0.9815
vn -0.1857 0.0414 -0.9817
vn 0.2228 0.0046 -0.9748
vn -0.2181 0.0030 -0.9759
vn -0.1867 -0.0361 -0.9817
vn 0.1623 -0.1011 -0.9816
vn -0.1987 -0.0469 -0.9789
vn 0.1682 -0.1123 -0.9793
vn -0.1870 -0.1065 -0.9766
vn 0.1466 -0.1514 -0.9775
vn -0.1246 -0.1785 -0.9760
vn 0.0940 -0.1895 -0.9774
vn -0.0477 -0.2044 -0.9777
vn 0.0409 -0.2021 -0.9785
vn 0.0009 -0.2054 -0.9787
vn -0.2137 -0.3061 -0.9277
vn -0.3266 -0.1859 -0.9267
vn -0.5614 -0.8044 -0.1945
vn -0.8526 -0.4853 -0.1939
vn -0.8004 -0.4556 -0.3896
vn -0.5265 -0.7543 -0.3922
vn -0.5614 -0.8044 0.1945
vn -0.8526 -0.4853 0.1939
vn -0.5265 -0.7543 0.3922
vn -0.8004 -0.4556 0.3896
vn -0.3266 -0.1859 0.9267
vn -0.2137 -0.3061 0.9277
vn -0.3714 -0.0877 -0.9243
vn -0.9548 -0.2256 -0.1938
vn -0.8987 -0.2123 -0.3838
vn -0.9548 -0.2256 0.1938
vn -0.8987 -0.2123 0.3838
vn -0.3714 -0.0877 0.9243
vn -0.3755 -0.0726 -0.9240
vn -0.9628 -0.1860 -0.1962
vn -0.9070 -0.1753 -0.3829
vn -0.9628 -0.1860 0.1962
vn -0.9070 -0.1753 0.3829
vn -0.3755 -0.0726 0.9240
vn -0.3729 0.0052 -0.9279
vn -0.9808 0.0137 -0.1946
vn -0.9196 0.0128 -0.3926
vn -0.9808 0.0137 0.1946
vn -0.9196 0.0128 0.3926
vn -0.3728 0.0052 0.9279
vn -0.3733 0.0832 -0.9240
vn -0.9571 0.2133 -0.1962
vn -0.9016 0.2010 -0.3829
vn -0.9571 0.2133 0.1962
vn -0.9016 0.2010 0.3829
vn -0.3733 0.0832 0.9240
vn -0.3688 0.0980 -0.9243
vn -0.9481 0.2520 -0.1938
vn -0.8925 0.2372 -0.3837
vn -0.9481 0.2520 0.1938
vn -0.8925 0.2372 0.3837
vn -0.3688 0.0980 0.9243
vn -0.3227 0.1933 -0.9266
vn -0.8416 0.5042 -0.1939
vn -0.7902 0.4734 -0.3893
vn -0.8416 0.5042 0.1939
vn -0.7902 0.4734 0.3893
vn -0.3227 0.1933 0.9266
vn -0.2073 0.3102 -0.9278
vn -0.5451 0.8155 -0.1945
vn -0.5111 0.7647 -0.3924
vn -0.5451 0.8155 0.1945
vn -0.5111 0.7647 0.3924
vn -0.2073 0.3102 0.9278
vn -0.0807 0.3711 -0.9251
vn -0.2085 0.9587 -0.1935
vn -0.1961 0.9016 -0.3856
vn -0.2085 0.9587 0.1935
vn -0.1961 0.9016 0.3856
vn -0.0807 0.3711 0.9251
vn 0.0015 0.3815 -0.9244
vn 0.0040 0.9810 -0.1937
vn 0.0037 0.9234 -0.3839
vn 0.0040 0.9810 0.1937
vn 0.0037 0.9234 0.3839
vn 0.0015 0.3815 0.9244
vn 0.0701 0.3747 -0.9245
vn 0.1803 0.9644 -0.1936
vn 0.1697 0.9075 -0.3842
vn 0.1803 0.9644 0.1936
vn 0.1697 0.9075 0.3842
vn 0.0701 0.3747 0.9245
vn 0.1603 0.3431 -0.9255
vn 0.4153 0.8889 -0.1935
vn 0.3903 0.8355 -0.3867
vn 0.4153 0.8889 0.1935
vn 0.3903 0.8355 0.3867
vn 0.1603 0.3431 0.9255
vn 0.2548 0.2811 -0.9253
vn 0.6589 0.7269 -0.1935
vn 0.6196 0.6835 -0.3860
vn 0.6589 0.7269 0.1935
vn 0.6196 0.6835 0.3860
vn 0.2548 0.2810 0.9253
vn 0.3087 0.2251 -0.9241
vn 0.7926 0.5780 -0.1940
vn 0.7463 0.5442 -0.3833
vn 0.7926 0.5780 0.1940
vn 0.7463 0.5442 0.3833
vn 0.3087 0.2251 0.9241
vn 0.3158 0.2159 -0.9239
vn 0.8096 0.5534 -0.1959
vn 0.7627 0.5213 -0.3828
vn 0.8096 0.5534 0.1959
vn 0.7627 0.5213 0.3828
vn 0.3158 0.2159 0.9239
vn 0.3215 0.0067 -0.9469
vn 0.7950 0.5800 -0.1774
vn 0.7464 0.5445 -0.3827
vn 0.7950 0.5800 0.1774
vn 0.7464 0.5445 0.3827
vn 0.3215 0.0067 0.9469
vn 0.3247 -0.2022 -0.9239
vn 0.8185 -0.5465 -0.1774
vn 0.8324 -0.5183 -0.1959
vn 0.7842 -0.4883 -0.3828
vn 0.7684 -0.5130 -0.3827
vn 0.8185 -0.5465 0.1774
vn 0.8324 -0.5183 0.1959
vn 0.7684 -0.5130 0.3827
vn 0.7842 -0.4883 0.3828
vn 0.3247 -0.2022 0.9239
vn 0.3177 -0.2121 -0.9242
vn 0.8159 -0.5447 -0.1939
vn 0.7682 -0.5128 -0.3833
vn 0.8159 -0.5447 0.1939
vn 0.7682 -0.5128 0.3833
vn 0.3177 -0.2121 0.9242
vn 0.2636 -0.2723 -0.9254
vn 0.6824 -0.7049 -0.1935
vn 0.6416 -0.6627 -0.3863
vn 0.6824 -0.7049 0.1935
vn 0.6416 -0.6627 0.3863
vn 0.2636 -0.2723 0.9254
vn 0.1683 -0.3391 -0.9256
vn 0.4361 -0.8788 -0.1936
vn 0.4099 -0.8260 -0.3869
vn 0.4361 -0.8788 0.1936
vn 0.4099 -0.8260 0.3869
vn 0.1683 -0.3391 0.9256
vn 0.0756 -0.3734 -0.9246
vn 0.1947 -0.9616 -0.1936
vn 0.1832 -0.9048 -0.3844
vn 0.1947 -0.9616 0.1936
vn 0.1832 -0.9048 0.3844
vn 0.0756 -0.3734 0.9246
vn 0.0017 -0.3813 -0.9245
vn 0.0044 -0.9811 -0.1937
vn 0.0042 -0.9233 -0.3841
vn 0.0044 -0.9811 0.1937
vn 0.0042 -0.9233 0.3841
vn 0.0017 -0.3812 0.9245
vn -0.0863 -0.3695 -0.9252
vn -0.2232 -0.9554 -0.1935
vn -0.2098 -0.8983 -0.3859
vn -0.2232 -0.9554 0.1935
vn -0.2098 -0.8983 0.3859
vn -0.0863 -0.3695 0.9252
vt 0.391304 0.000000
vt 0.478261 0.000000
vt 0.434783 0.000000
vt 0.347826 0.000000
vt 0.521739 0.000000
vt 0.304348 0.000000
vt 0.565217 0.000000
vt 0.608696 0.000000
vt 0.260870 0.000000
vt 0.652174 0.000000
vt 0.217391 0.000000
vt 0.695652 0.000000
vt 0.173913 0.000000
vt 0.130435 0.000000
vt 0.739130 0.000000
vt 0.086957 0.000000
vt 0.782609 0.000000
vt 0.043478 0.000000
vt 0.826087 0.000000
vt 0.000000 0.000000
vt 0.869565 0.000000
vt 1.000000 0.000000
vt 0.913043 0.000000
vt 0.956522 0.000000
vt 0.000000 0.200000
vt 0.041667 0.200000
vt 0.041667 0.000000
vt 0.000000 0.400000
vt 0.041667 0.400000
vt 0.000000 0.600000
vt 0.041667 0.600000
vt 0.000000 0.800000
vt 0.041667 0.800000
vt 0.000000 1.000000
vt 0.041667 1.000000
vt 0.083333 0.200000
vt 0.083333 0.000000
vt 0.083333 0.400000
vt 0.083333 0.600000
vt 0.083333 0.800000
vt 0.083333 1.000000
vt 0.125000 0.200000
vt 0.125000 0.000000
vt 0.125000 0.400000
vt 0.125000 0.600000
vt 0.125000 0.800000
vt 0.125000 1.000000
vt 0.166667 0.200000
vt 0.166667 0.000000
vt 0.166667 0.400000
vt 0.166667 0.600000
vt 0.166667 0.800000
vt 0.166667 1.000000
vt 0.208333 0.200000
vt 0.208333 0.000000
vt 0.208333 0.400000
vt 0.208333 0.600000
vt 0.208333 0.800000
vt 0.208333 1.000000
vt 0.250000 0.200000
vt 0.250000 0.000000
vt 0.250000 0.400000
vt 0.250000 0.600000
vt 0.250000 0.800000
vt 0.250000 1.000000
vt 0.291667 0.200000
vt 0.291667 0.000000
vt 0.291667 0.400000
vt 0.291667 0.600000
vt 0.291667 0.800000
vt 0.291667 1.000000
vt 0.333333 0.200000
vt 0.333333 0.000000
vt 0.333333 0.400000
vt 0.333333 0.600000
vt 0.333333 0.800000
vt 0.333333 1.000000
vt 0.375000 0.200000
vt 0.375000 0.000000
vt 0.375000 0.400000
vt 0.375000 0.600000
vt 0.375000 0.800000
vt 0.375000 1.000000
vt 0.416667 0.200000
vt 0.416667 0.000000
vt 0.416667 0.400000
vt 0.416667 0.600000
vt 0.416667 0.800000
vt 0.416667 1.000000
vt 0.458333 0.200000
vt 0.458333 0.000000
vt 0.458333 0.400000
vt 0.458333 0.600000
vt 0.458333 0.800000
vt 0.458333 1.000000
vt 0.500000 0.200000
vt 0.500000 0.000000
vt 0.500000 0.400000
vt 0.500000 0.600000
vt 0.500000 0.800000
vt 0.500000 1.000000
vt 0.541667 0.200000
vt 0.541667 0.000000
vt 0.541667 0.400000
vt 0.541667 0.600000
vt 0.541667 0.800000
vt 0.541667 1.000000
vt 0.583333 0.200000
vt 0.583333 0.000000
vt 0.583333 0.400000
vt 0.583333 0.600000
vt 0.583333 0.800000
vt 0.583333 1.000000
vt 0.625000 0.200000
vt 0.625000 0.000000
vt 0.625000 0.400000
vt 0.625000 0.600000
vt 0.625000 0.800000
vt 0.625000 1.000000
vt 0.666667 0.200000
vt 0.666667 0.000000
vt 0.666667 0.400000
vt 0.666667 0.600000
vt 0.666667 0.800000
vt 0.666667 1.000000
vt 0.708333 0.200000
vt 0.708333 0.000000
vt 0.708333 0.400000
vt 0.708333 0.600000
vt 0.708333 0.800000
vt 0.708333 1.000000
vt 0.750000 0.200000
vt 0.750000 0.000000
vt 0.750000 0.400000
vt 0.750000 0.600000
vt 0.750000 0.800000
vt 0.750000 1.000000
vt 0.791667 0.200000
vt 0.791667 0.000000
vt 0.791667 0.400000
vt 0.791667 0.600000
vt 0.791667 0.800000
vt 0.791667 1.000000
vt 0.833333 0.200000
vt 0.833333 0.000000
vt 0.833333 0.400000
vt 0.833333 0.600000
vt 0.833333 0.800000
vt 0.833333 1.000000
vt 0.875000 0.200000
vt 0.875000 0.000000
vt 0.875000 0.400000
vt 0.875000 0.600000
vt 0.875000 0.800000
vt 0.875000 1.000000
vt 0.916667 0.200000
vt 0.916667 0.000000
vt 0.916667 0.400000
vt 0.916667 0.600000
vt 0.916667 0.800000
vt 0.916667 1.000000
vt 0.958333 0.200000
vt 0.958333 0.000000
vt 0.958333 0.400000
vt 0.958333 0.600000
vt 0.958333 0.800000
vt 0.958333 1.000000
vt 1.000000 0.200000
vt 1.000000 0.400000
vt 1.000000 0.600000
vt 1.000000 0.800000
vt 1.000000 1.000000
s 1
usemtl Gold_|_polished_trim
f 2627/2805/3384 2629/2806/3385 2628/2807/3386
f 2626/2808/3387 2629/2806/3385 2627/2805/3384
f 2626/2808/3387 2630/2809/3388 2629/2806/3385
f 2625/2810/3389 2630/2809/3388 2626/2808/3387
f 2625/2810/3389 2631/2811/3390 2630/2809/3388
f 2625/2810/3389 2632/2812/3391 2631/2811/3390
f 2624/2813/3392 2632/2812/3391 2625/2810/3389
f 2624/2813/3392 2633/2814/3393 2632/2812/3391
f 2623/2815/3394 2633/2814/3393 2624/2813/3392
f 2623/2815/3394 2634/2816/3395 2633/2814/3393
f 2622/2817/3396 2634/2816/3395 2623/2815/3394
f 2621/2818/3397 2634/2816/3395 2622/2817/3396
f 2621/2818/3397 2635/2819/3398 2634/2816/3395
f 2620/2820/3399 2635/2819/3398 2621/2818/3397
f 2620/2820/3399 2636/2821/3400 2635/2819/3398
f 2619/2822/3401 2636/2821/3400 2620/2820/3399
f 2619/2822/3401 2637/2823/3402 2636/2821/3400
f 2618/2824/3403 2637/2823/3402 2619/2822/3401
f 2618/2824/3403 2638/2825/3404 2637/2823/3402
f 2641/2826/3405 2638/2825/3404 2618/2824/3403
f 2641/2826/3405 2639/2827/3406 2638/2825/3404
f 2641/2826/3405 2640/2828/3407 2639/2827/3406
f 2651/2805/3408 2652/2807/3409 2653/2806/3410
f 2650/2808/3411 2651/2805/3408 2653/2806/3410
f 2650/2808/3411 2653/2806/3410 2654/2809/3412
f 2649/2810/3413 2650/2808/3411 2654/2809/3412
f 2649/2810/3413 2654/2809/3412 2655/2811/3414
f 2649/2810/3413 2655/2811/3414 2656/2812/3415
f 2648/2813/3416 2649/2810/3413 2656/2812/3415
f 2648/2813/3416 2656/2812/3415 2657/2814/3417
f 2647/2815/3418 2648/2813/3416 2657/2814/3417
f 2647/2815/3418 2657/2814/3417 2658/2816/3419
f 2646/2817/3420 2647/2815/3418 2658/2816/3419
f 2645/2818/3421 2646/2817/3420 2658/2816/3419
f 2645/2818/3421 2658/2816/3419 2659/2819/3422
f 2644/2820/3423 2645/2818/3421 2659/2819/3422
f 2644/2820/3423 2659/2819/3422 2660/2821/3424
f 2643/2822/3425 2644/2820/3423 2660/2821/3424
f 2643/2822/3425 2660/2821/3424 2661/2823/3426
f 2642/2824/3427 2643/2822/3425 2661/2823/3426
f 2642/2824/3427 2661/2823/3426 2662/2825/3428
f 2665/2826/3429 2642/2824/3427 2662/2825/3428
f 2665/2826/3429 2662/2825/3428 2663/2827/3430
f 2665/2826/3429 2663/2827/3430 2664/2828/3431
f 2666/2829/3432 2670/2830/3433 2643/2831/3425 2642/2824/3427
f 2667/2832/3434 2671/2833/3435 2670/2830/3436 2666/2829/3437
f 2668/2834/3438 2672/2835/3439 2671/2833/3435 2667/2832/3434
f 2669/2836/3440 2673/2837/3441 2672/2835/3439 2668/2834/3438
f 2618/2838/3403 2619/2839/3401 2673/2837/3442 2669/2836/3443
f 2670/2830/3433 2674/2840/3444 2644/2841/3423 2643/2831/3425
f 2671/2833/3435 2675/2842/3445 2674/2840/3446 2670/2830/3436
f 2672/2835/3439 2676/2843/3447 2675/2842/3445 2671/2833/3435
f 2673/2837/3441 2677/2844/3448 2676/2843/3447 2672/2835/3439
f 2619/2839/3401 2620/2845/3399 2677/2844/3449 2673/2837/3442
f 2674/2840/3444 2678/2846/3450 2645/2847/3421 2644/2841/3423
f 2675/2842/3445 2679/2848/3451 2678/2846/3452 2674/2840/3446
f 2676/2843/3447 2680/2849/3453 2679/2848/3451 2675/2842/3445
f 2677/2844/3448 2681/2850/3454 2680/2849/3453 2676/2843/3447
f 2620/2845/3399 2621/2851/3397 2681/2850/3455 2677/2844/3449
f 2678/2846/3450 2682/2852/3456 2646/2853/3420 2645/2847/3421
f 2679/2848/3451 2683/2854/3457 2682/2852/3458 2678/2846/3452
f 2680/2849/3453 2684/2855/3459 2683/2854/3457 2679/2848/3451
f 2681/2850/3454 2685/2856/3460 2684/2855/3459 2680/2849/3453
f 2621/2851/3397 2622/2857/3396 2685/2856/3461 2681/2850/3455
f 2682/2852/3456 2686/2858/3462 2647/2859/3418 2646/2853/3420
f 2683/2854/3457 2687/2860/3463 2686/2858/3464 2682/2852/3458
f 2684/2855/3459 2688/2861/3465 2687/2860/3463 2683/2854/3457
f 2685/2856/3460 2689/2862/3466 2688/2861/3465 2684/2855/3459
f 2622/2857/3396 2623/2863/3394 2689/2862/3467 2685/2856/3461
f 2686/2858/3462 2690/2864/3468 2648/2865/3416 2647/2859/3418
f 2687/2860/3463 2691/2866/3469 2690/2864/3470 2686/2858/3464
f 2688/2861/3465 2692/2867/3471 2691/2866/3469 2687/2860/3463
f 2689/2862/3466 2693/2868/3472 2692/2867/3471 2688/2861/3465
f 2623/2863/3394 2624/2869/3392 2693/2868/3473 2689/2862/3467
f 2690/2864/3468 2694/2870/3474 2649/2871/3413 2648/2865/3416
f 2691/2866/3469 2695/2872/3475 2694/2870/3476 2690/2864/3470
f 2692/2867/3471 2696/2873/3477 2695/2872/3475 2691/2866/3469
f 2693/2868/3472 2697/2874/3478 2696/2873/3477 2692/2867/3471
f 2624/2869/3392 2625/2875/3389 2697/2874/3479 2693/2868/3473
f 2694/2870/3474 2698/2876/3480 2650/2877/3411 2649/2871/3413
f 2695/2872/3475 2699/2878/3481 2698/2876/3482 2694/2870/3476
f 2696/2873/3477 2700/2879/3483 2699/2878/3481 2695/2872/3475
f 2697/2874/3478 2701/2880/3484 2700/2879/3483 2696/2873/3477
f 2625/2875/3389 2626/2881/3387 2701/2880/3485 2697/2874/3479
f 2698/2876/3480 2702/2882/3486 2651/2883/3408 2650/2877/3411
f 2699/2878/3481 2703/2884/3487 2702/2882/3488 2698/2876/3482
f 2700/2879/3483 2704/2885/3489 2703/2884/3487 2699/2878/3481
f 2701/2880/3484 2705/2886/3490 2704/2885/3489 2700/2879/3483
f 2626/2881/3387 2627/2887/3384 2705/2886/3491 2701/2880/3485
f 2702/2882/3486 2706/2888/3492 2652/2889/3409 2651/2883/3408
f 2703/2884/3487 2707/2890/3493 2706/2888/3494 2702/2882/3488
f 2704/2885/3489 2708/2891/3495 2707/2890/3493 2703/2884/3487
f 2705/2886/3490 2709/2892/3496 2708/2891/3495 2704/2885/3489
f 2627/2887/3384 2628/2893/3386 2709/2892/3497 2705/2886/3491
f 2706/2888/3492 2710/2894/3498 2653/2895/3410 2652/2889/3409
f 2707/2890/3493 2711/2896/3499 2710/2894/3500 2706/2888/3494
f 2708/2891/3495 2712/2897/3501 2711/2896/3499 2707/2890/3493
f 2709/2892/3496 2713/2898/3502 2712/2897/3501 2708/2891/3495
f 2628/2893/3386 2629/2899/3385 2713/2898/3503 2709/2892/3497
f 2710/2894/3498 2714/2900/3504 2654/2901/3412 2653/2895/3410
f 2711/2896/3499 2715/2902/3505 2714/2900/3506 2710/2894/3500
f 2712/2897/3501 2716/2903/3507 2715/2902/3505 2711/2896/3499
f 2713/2898/3502 2717/2904/3508 2716/2903/3507 2712/2897/3501
f 2629/2899/3385 2630/2905/3388 2717/2904/3509 2713/2898/3503
f 2714/2900/3504 2718/2906/3510 2655/2907/3414 2654/2901/3412
f 2715/2902/3505 2719/2908/3511 2718/2906/3512 2714/2900/3506
f 2716/2903/3507 2720/2909/3513 2719/2908/3511 2715/2902/3505
f 2717/2904/3508 2721/2910/3514 2720/2909/3513 2716/2903/3507
f 2630/2905/3388 2631/2911/3390 2721/2910/3515 2717/2904/3509
f 2718/2906/3510 2722/2912/3516 2656/2913/3415 2655/2907/3414
f 2719/2908/3511 2723/2914/3517 2722/2912/3518 2718/2906/3512
f 2720/2909/3513 2724/2915/3519 2723/2914/3517 2719/2908/3511
f 2721/2910/3514 2725/2916/3520 2724/2915/3519 2720/2909/3513
f 2631/2911/3390 2632/2917/3391 2725/2916/3521 2721/2910/3515
f 2722/2912/3516 2726/2918/3522 2657/2919/3417 2656/2913/3415
f 2723/2914/3517 2727/2920/3523 2726/2918/3524 2722/2912/3518
f 2724/2915/3519 2728/2921/3525 2727/2920/3523 2723/2914/3517
f 2725/2916/3520 2729/2922/3526 2728/2921/3525 2724/2915/3519
f 2632/2917/3391 2633/2923/3393 2729/2922/3527 2725/2916/3521
f 2726/2918/3522 2730/2924/3528 2658/2925/3419 2657/2919/3417
f 2727/2920/3523 2731/2926/3529 2730/2924/3530 2726/2918/3524
f 2728/2921/3525 2732/2927/3531 2731/2926/3529 2727/2920/3523
f 2729/2922/3526 2733/2928/3532 2732/2927/3531 2728/2921/3525
f 2633/2923/3393 2634/2929/3395 2733/2928/3533 2729/2922/3527
f 2730/2924/3528 2734/2930/3534 2659/2931/3422 2658/2925/3419
f 2731/2926/3535 2735/2932/3536 2734/2930/3537 2730/2924/3538
f 2732/2927/3539 2736/2933/3540 2735/2932/3536 2731/2926/3535
f 2733/2928/3541 2737/2934/3542 2736/2933/3540 2732/2927/3539
f 2634/2929/3395 2635/2935/3398 2737/2934/3543 2733/2928/3533
f 2734/2930/3534 2738/2936/3544 2660/2937/3424 2659/2931/3422
f 2735/2932/3536 2739/2938/3545 2738/2936/3546 2734/2930/3537
f 2736/2933/3540 2740/2939/3547 2739/2938/3545 2735/2932/3536
f 2737/2934/3542 2741/2940/3548 2740/2939/3547 2736/2933/3540
f 2635/2935/3398 2636/2941/3400 2741/2940/3549 2737/2934/3543
f 2738/2936/3544 2742/2942/3550 2661/2943/3426 2660/2937/3424
f 2739/2938/3545 2743/2944/3551 2742/2942/3552 2738/2936/3546
f 2740/2939/3547 2744/2945/3553 2743/2944/3551 2739/2938/3545
f 2741/2940/3548 2745/2946/3554 2744/2945/3553 2740/2939/3547
f 2636/2941/3400 2637/2947/3402 2745/2946/3555 2741/2940/3549
f 2742/2942/3550 2746/2948/3556 2662/2949/3428 2661/2943/3426
f 2743/2944/3551 2747/2950/3557 2746/2948/3558 2742/2942/3552
f 2744/2945/3553 2748/2951/3559 2747/2950/3557 2743/2944/3551
f 2745/2946/3554 2749/2952/3560 2748/2951/3559 2744/2945/3553
f 2637/2947/3402 2638/2953/3404 2749/2952/3561 2745/2946/3555
f 2746/2948/3556 2750/2954/3562 2663/2955/3430 2662/2949/3428
f 2747/2950/3557 2751/2956/3563 2750/2954/3564 2746/2948/3558
f 2748/2951/3559 2752/2957/3565 2751/2956/3563 2747/2950/3557
f 2749/2952/3560 2753/2958/3566 2752/2957/3565 2748/2951/3559
f 2638/2953/3404 2639/2959/3406 2753/2958/3567 2749/2952/3561
f 2750/2954/3562 2754/2960/3568 2664/2961/3431 2663/2955/3430
f 2751/2956/3563 2755/2962/3569 2754/2960/3570 2750/2954/3564
f 2752/2957/3565 2756/2963/3571 2755/2962/3569 2751/2956/3563
f 2753/2958/3566 2757/2964/3572 2756/2963/3571 2752/2957/3565
f 2639/2959/3406 2640/2965/3407 2757/2964/3573 2753/2958/3567
f 2754/2960/3568 2758/2966/3574 2665/2967/3429 2664/2961/3431
f 2755/2962/3569 2759/2968/3575 2758/2966/3576 2754/2960/3570
f 2756/2963/3571 2760/2969/3577 2759/2968/3575 2755/2962/3569
f 2757/2964/3572 2761/2970/3578 2760/2969/3577 2756/2963/3571
f 2640/2965/3407 2641/2971/3405 2761/2970/3579 2757/2964/3573
f 2758/2966/3574 2666/2972/3432 2642/2826/3427 2665/2967/3429
f 2759/2968/3575 2667/2973/3434 2666/2972/3437 2758/2966/3576
f 2760/2969/3577 2668/2974/3438 2667/2973/3434 2759/2968/3575
f 2761/2970/3578 2669/2975/3440 2668/2974/3438 2760/2969/3577
f 2641/2971/3405 2618/2976/3403 2669/2975/3443 2761/2970/3579
o Vent_|_left_grille
v -0.007846 0.069744 -0.024600
v -0.009277 0.071289 -0.024600
v -0.009965 0.073175 -0.024600
v -0.010357 0.075199 -0.024600
v -0.010897 0.077154 -0.024600
v -0.010326 0.078882 -0.024600
v -0.009881 0.080673 -0.024600
v -0.009182 0.082339 -0.024600
v -0.007846 0.083692 -0.024600
v 0.008347 0.087849 -0.024600
v 0.033691 0.089103 -0.024600
v 0.060061 0.087651 -0.024600
v 0.079333 0.083692 -0.024600
v 0.081560 0.082398 -0.024600
v 0.083250 0.080726 -0.024600
v 0.084725 0.078902 -0.024600
v 0.086308 0.077154 -0.024600
v 0.084750 0.075176 -0.024600
v 0.083316 0.073113 -0.024600
v 0.081635 0.071219 -0.024600
v 0.079333 0.069744 -0.024600
v 0.059846 0.065196 -0.024600
v 0.033780 0.063525 -0.024600
v 0.008695 0.064963 -0.024600
v -0.007846 0.069744 -0.027800
v -0.009277 0.071289 -0.027800
v -0.009965 0.073175 -0.027800
v -0.010357 0.075199 -0.027800
v -0.010897 0.077154 -0.027800
v -0.010326 0.078882 -0.027800
v -0.009881 0.080673 -0.027800
v -0.009182 0.082339 -0.027800
v -0.007846 0.083692 -0.027800
v 0.008347 0.087849 -0.027800
v 0.033691 0.089103 -0.027800
v 0.060061 0.087651 -0.027800
v 0.079333 0.083692 -0.027800
v 0.081560 0.082398 -0.027800
v 0.083250 0.080726 -0.027800
v 0.084725 0.078902 -0.027800
v 0.086308 0.077154 -0.027800
v 0.084750 0.075176 -0.027800
v 0.083316 0.073113 -0.027800
v 0.081635 0.071219 -0.027800
v 0.079333 0.069744 -0.027800
v 0.059846 0.065196 -0.027800
v 0.033780 0.063525 -0.027800
v 0.008695 0.064963 -0.027800
v -0.008077 0.069369 -0.027624
v -0.008173 0.069214 -0.027200
v -0.008173 0.069214 -0.025200
v -0.008077 0.069369 -0.024776
v -0.009646 0.071063 -0.027624
v -0.009799 0.070969 -0.027200
v -0.009799 0.070969 -0.025200
v -0.009646 0.071063 -0.024776
v -0.010375 0.073062 -0.027624
v -0.010545 0.073014 -0.027200
v -0.010545 0.073014 -0.025200
v -0.010375 0.073062 -0.024776
v -0.010771 0.075102 -0.027624
v -0.010942 0.075062 -0.027200
v -0.010942 0.075062 -0.025200
v -0.010771 0.075102 -0.024776
v -0.011341 0.077165 -0.027624
v -0.011524 0.077169 -0.027200
v -0.011524 0.077169 -0.025200
v -0.011341 0.077165 -0.024776
v -0.010734 0.079000 -0.027624
v -0.010903 0.079049 -0.027200
v -0.010903 0.079049 -0.025200
v -0.010734 0.079000 -0.024776
v -0.010285 0.080807 -0.027624
v -0.010453 0.080862 -0.027200
v -0.010453 0.080862 -0.025200
v -0.010285 0.080807 -0.024776
v -0.009542 0.082579 -0.027624
v -0.009691 0.082678 -0.027200
v -0.009691 0.082678 -0.025200
v -0.009542 0.082579 -0.024776
v -0.008066 0.084074 -0.027624
v -0.008156 0.084232 -0.027200
v -0.008156 0.084232 -0.025200
v -0.008066 0.084074 -0.024776
v 0.008283 0.088271 -0.027624
v 0.008257 0.088446 -0.027200
v 0.008257 0.088446 -0.025200
v 0.008283 0.088271 -0.024776
v 0.033692 0.089528 -0.027624
v 0.033693 0.089704 -0.027200
v 0.033693 0.089704 -0.025200
v 0.033692 0.089528 -0.024776
v 0.060116 0.088073 -0.027624
v 0.060138 0.088248 -0.027200
v 0.060138 0.088248 -0.025200
v 0.060116 0.088073 -0.024776
v 0.079487 0.084094 -0.027624
v 0.079550 0.084260 -0.027200
v 0.079550 0.084260 -0.025200
v 0.079487 0.084094 -0.024776
v 0.081820 0.082738 -0.027624
v 0.081928 0.082878 -0.027200
v 0.081928 0.082878 -0.025200
v 0.081820 0.082738 -0.024776
v 0.083565 0.081011 -0.027624
v 0.083696 0.081129 -0.027200
v 0.083696 0.081129 -0.025200
v 0.083565 0.081011 -0.024776
v 0.085048 0.079178 -0.027624
v 0.085181 0.079292 -0.027200
v 0.085181 0.079292 -0.025200
v 0.085048 0.079178 -0.024776
v 0.086863 0.077173 -0.027624
v 0.087093 0.077181 -0.027200
v 0.087093 0.077181 -0.025200
v 0.086863 0.077173 -0.024776
v 0.085091 0.074923 -0.027624
v 0.085232 0.074818 -0.027200
v 0.085232 0.074818 -0.025200
v 0.085091 0.074923 -0.024776
v 0.083650 0.072851 -0.027624
v 0.083789 0.072742 -0.027200
v 0.083789 0.072742 -0.025200
v 0.083650 0.072851 -0.024776
v 0.081913 0.070893 -0.027624
v 0.082028 0.070759 -0.027200
v 0.082028 0.070759 -0.025200
v 0.081913 0.070893 -0.024776
v 0.079501 0.069347 -0.027624
v 0.079570 0.069183 -0.027200
v 0.079570 0.069183 -0.025200
v 0.079501 0.069347 -0.024776
v 0.059909 0.064774 -0.027624
v 0.059934 0.064600 -0.027200
v 0.059934 0.064600 -0.025200
v 0.059909 0.064774 -0.024776
v 0.033781 0.063100 -0.027624
v 0.033782 0.062924 -0.027200
v 0.033782 0.062924 -0.025200
v 0.033781 0.063100 -0.024776
v 0.008623 0.064542 -0.027624
v 0.008593 0.064368 -0.027200
v 0.008593 0.064368 -0.025200
v 0.008623 0.064542 -0.024776
vn -0.0309 0.2038 0.9785
vn 0.0261 0.2017 0.9791
vn 0.0006 0.2011 0.9796
vn -0.1094 0.1905 0.9756
vn 0.0755 0.1979 0.9773
vn -0.1782 0.1188 0.9768
vn 0.1268 0.1657 0.9780
vn 0.1494 0.1351 0.9795
vn -0.1934 0.0641 0.9790
vn 0.1456 0.1246 0.9815
vn -0.1829 0.0529 0.9817
vn 0.2172 0.0075 0.9761
vn -0.2209 0.0055 0.9753
vn -0.1852 -0.0435 0.9817
vn 0.1539 -0.1139 0.9815
vn -0.1965 -0.0545 0.9790
vn 0.1586 -0.1248 0.9794
vn -0.1833 -0.1120 0.9767
vn 0.1362 -0.1593 0.9778
vn -0.1153 -0.1870 0.9756
vn 0.0827 -0.1958 0.9772
vn -0.0349 -0.2043 0.9783
vn 0.0299 -0.2021 0.9789
vn 0.0007 -0.2020 0.9794
vn -0.0309 0.2038 -0.9785
vn 0.0006 0.2011 -0.9796
vn 0.0261 0.2017 -0.9791
vn -0.1094 0.1905 -0.9756
vn 0.0755 0.1979 -0.9773
vn -0.1782 0.1188 -0.9768
vn 0.1268 0.1657 -0.9780
vn 0.1494 0.1351 -0.9795
vn -0.1934 0.0641 -0.9790
vn 0.1456 0.1246 -0.9815
vn -0.1829 0.0529 -0.9817
vn 0.2172 0.0075 -0.9761
vn -0.2209 0.0055 -0.9753
vn -0.1852 -0.0435 -0.9817
vn 0.1539 -0.1139 -0.9815
vn -0.1965 -0.0545 -0.9790
vn 0.1586 -0.1248 -0.9794
vn -0.1833 -0.1120 -0.9767
vn 0.1362 -0.1593 -0.9778
vn -0.1153 -0.1870 -0.9756
vn 0.0827 -0.1958 -0.9772
vn -0.0349 -0.2043 -0.9783
vn 0.0299 -0.2021 -0.9789
vn 0.0007 -0.2020 -0.9794
vn -0.1945 -0.3155 -0.9288
vn -0.3211 -0.1962 -0.9265
vn -0.5148 -0.8348 -0.1952
vn -0.8371 -0.5115 -0.1939
vn -0.7861 -0.4803 -0.3892
vn -0.4822 -0.7820 -0.3950
vn -0.5148 -0.8348 0.1952
vn -0.8371 -0.5115 0.1939
vn -0.4822 -0.7820 0.3950
vn -0.7861 -0.4803 0.3892
vn -0.3211 -0.1962 0.9265
vn -0.1946 -0.3155 0.9288
vn -0.3678 -0.1020 -0.9243
vn -0.9453 -0.2623 -0.1938
vn -0.8898 -0.2469 -0.3837
vn -0.9453 -0.2623 0.1938
vn -0.8898 -0.2469 0.3837
vn -0.3678 -0.1020 0.9243
vn -0.3723 -0.0874 -0.9240
vn -0.9546 -0.2240 -0.1962
vn -0.8994 -0.2110 -0.3829
vn -0.9546 -0.2240 0.1962
vn -0.8994 -0.2110 0.3829
vn -0.3723 -0.0874 0.9240
vn -0.3684 0.0092 -0.9296
vn -0.9803 0.0244 -0.1958
vn -0.9174 0.0229 -0.3972
vn -0.9803 0.0244 0.1958
vn -0.9174 0.0229 0.3972
vn -0.3684 0.0092 0.9296
vn -0.3674 0.1062 -0.9240
vn -0.9420 0.2722 -0.1961
vn -0.8875 0.2565 -0.3829
vn -0.9420 0.2722 0.1961
vn -0.8875 0.2565 0.3829
vn -0.3674 0.1062 0.9240
vn -0.3623 0.1202 -0.9243
vn -0.9312 0.3089 -0.1938
vn -0.8765 0.2907 -0.3837
vn -0.9312 0.3089 0.1938
vn -0.8765 0.2907 0.3837
vn -0.3623 0.1202 0.9243
vn -0.3134 0.2090 -0.9263
vn -0.8162 0.5443 -0.1938
vn -0.7666 0.5112 -0.3887
vn -0.8162 0.5443 0.1938
vn -0.7666 0.5112 0.3887
vn -0.3134 0.2090 0.9263
vn -0.1847 0.3214 -0.9287
vn -0.4887 0.8504 -0.1951
vn -0.4578 0.7966 -0.3949
vn -0.4887 0.8504 0.1951
vn -0.4578 0.7966 0.3949
vn -0.1847 0.3214 0.9287
vn -0.0571 0.3767 -0.9246
vn -0.1470 0.9700 -0.1936
vn -0.1383 0.9128 -0.3843
vn -0.1470 0.9700 0.1936
vn -0.1383 0.9128 0.3844
vn -0.0571 0.3767 0.9246
vn 0.0011 0.3822 -0.9241
vn 0.0027 0.9810 -0.1941
vn 0.0026 0.9237 -0.3831
vn 0.0027 0.9810 0.1941
vn 0.0026 0.9237 0.3831
vn 0.0011 0.3822 0.9241
vn 0.0490 0.3786 -0.9242
vn 0.1260 0.9729 -0.1938
vn 0.1186 0.9159 -0.3836
vn 0.1260 0.9729 0.1938
vn 0.1186 0.9159 0.3836
vn 0.0490 0.3786 0.9242
vn 0.1349 0.3535 -0.9256
vn 0.3498 0.9166 -0.1936
vn 0.3287 0.8615 -0.3870
vn 0.3498 0.9166 0.1936
vn 0.3287 0.8615 0.3870
vn 0.1349 0.3535 0.9256
vn 0.2310 0.3018 -0.9250
vn 0.5963 0.7791 -0.1935
vn 0.5609 0.7328 -0.3853
vn 0.5963 0.7791 0.1935
vn 0.5609 0.7328 0.3853
vn 0.2310 0.3018 0.9250
vn 0.2834 0.2564 -0.9241
vn 0.7275 0.6581 -0.1941
vn 0.6850 0.6196 -0.3832
vn 0.7275 0.6581 0.1941
vn 0.6850 0.6196 0.3832
vn 0.2834 0.2564 0.9241
vn 0.2906 0.2488 -0.9239
vn 0.7450 0.6376 -0.1958
vn 0.7019 0.6007 -0.3828
vn 0.7450 0.6376 0.1958
vn 0.7019 0.6007 0.3828
vn 0.2906 0.2487 0.9239
vn 0.3015 0.0104 -0.9534
vn 0.7301 0.6609 -0.1735
vn 0.6849 0.6200 -0.3827
vn 0.7301 0.6609 0.1735
vn 0.6849 0.6200 0.3827
vn 0.3015 0.0104 0.9534
vn 0.3075 -0.2276 -0.9239
vn 0.7738 -0.6092 -0.1735
vn 0.7882 -0.5835 -0.1959
vn 0.7425 -0.5497 -0.3828
vn 0.7259 -0.5715 -0.3827
vn 0.7738 -0.6092 0.1735
vn 0.7882 -0.5835 0.1959
vn 0.7259 -0.5715 0.3827
vn 0.7425 -0.5497 0.3828
vn 0.3075 -0.2276 0.9239
vn 0.3003 -0.2363 -0.9241
vn 0.7709 -0.6067 -0.1940
vn 0.7258 -0.5712 -0.3833
vn 0.7709 -0.6067 0.1940
vn 0.7258 -0.5712 0.3833
vn 0.3003 -0.2363 0.9241
vn 0.2467 -0.2885 -0.9252
vn 0.6376 -0.7457 -0.1935
vn 0.5996 -0.7012 -0.3858
vn 0.6376 -0.7457 0.1935
vn 0.5996 -0.7012 0.3858
vn 0.2467 -0.2885 0.9252
vn 0.1471 -0.3482 -0.9258
vn 0.3817 -0.9038 -0.1936
vn 0.3587 -0.8492 -0.3875
vn 0.3817 -0.9038 0.1936
vn 0.3587 -0.8492 0.3875
vn 0.1471 -0.3482 0.9258
vn 0.0558 -0.3775 -0.9243
vn 0.1434 -0.9705 -0.1937
vn 0.1349 -0.9135 -0.3838
vn 0.1434 -0.9705 0.1937
vn 0.1349 -0.9135 0.3838
vn 0.0558 -0.3775 0.9243
vn 0.0013 -0.3821 -0.9241
vn 0.0033 -0.9810 -0.1940
vn 0.0031 -0.9236 -0.3833
vn 0.0033 -0.9810 0.1940
vn 0.0031 -0.9236 0.3833
vn 0.0013 -0.3821 0.9241
vn -0.0641 -0.3752 -0.9247
vn -0.1653 -0.9671 -0.1936
vn -0.1555 -0.9098 -0.3847
vn -0.1653 -0.9671 0.1936
vn -0.1555 -0.9098 0.3847
vn -0.0641 -0.3752 0.9247
vt 0.391304 0.000000
vt 0.478261 0.000000
vt 0.434783 0.000000
vt 0.347826 0.000000
vt 0.521739 0.000000
vt 0.304348 0.000000
vt 0.565217 0.000000
vt 0.608696 0.000000
vt 0.260870 0.000000
vt 0.652174 0.000000
vt 0.217391 0.000000
vt 0.695652 0.000000
vt 0.173913 0.000000
vt 0.130435 0.000000
vt 0.739130 0.000000
vt 0.086957 0.000000
vt 0.782609 0.000000
vt 0.043478 0.000000
vt 0.826087 0.000000
vt 0.000000 0.000000
vt 0.869565 0.000000
vt 1.000000 0.000000
vt 0.913043 0.000000
vt 0.956522 0.000000
vt 0.000000 0.200000
vt 0.041667 0.200000
vt 0.041667 0.000000
vt 0.000000 0.400000
vt 0.041667 0.400000
vt 0.000000 0.600000
vt 0.041667 0.600000
vt 0.000000 0.800000
vt 0.041667 0.800000
vt 0.000000 1.000000
vt 0.041667 1.000000
vt 0.083333 0.200000
vt 0.083333 0.000000
vt 0.083333 0.400000
vt 0.083333 0.600000
vt 0.083333 0.800000
vt 0.083333 1.000000
vt 0.125000 0.200000
vt 0.125000 0.000000
vt 0.125000 0.400000
vt 0.125000 0.600000
vt 0.125000 0.800000
vt 0.125000 1.000000
vt 0.166667 0.200000
vt 0.166667 0.000000
vt 0.166667 0.400000
vt 0.166667 0.600000
vt 0.166667 0.800000
vt 0.166667 1.000000
vt 0.208333 0.200000
vt 0.208333 0.000000
vt 0.208333 0.400000
vt 0.208333 0.600000
vt 0.208333 0.800000
vt 0.208333 1.000000
vt 0.250000 0.200000
vt 0.250000 0.000000
vt 0.250000 0.400000
vt 0.250000 0.600000
vt 0.250000 0.800000
vt 0.250000 1.000000
vt 0.291667 0.200000
vt 0.291667 0.000000
vt 0.291667 0.400000
vt 0.291667 0.600000
vt 0.291667 0.800000
vt 0.291667 1.000000
vt 0.333333 0.200000
vt 0.333333 0.000000
vt 0.333333 0.400000
vt 0.333333 0.600000
vt 0.333333 0.800000
vt 0.333333 1.000000
vt 0.375000 0.200000
vt 0.375000 0.000000
vt 0.375000 0.400000
vt 0.375000 0.600000
vt 0.375000 0.800000
vt 0.375000 1.000000
vt 0.416667 0.200000
vt 0.416667 0.000000
vt 0.416667 0.400000
vt 0.416667 0.600000
vt 0.416667 0.800000
vt 0.416667 1.000000
vt 0.458333 0.200000
vt 0.458333 0.000000
vt 0.458333 0.400000
vt 0.458333 0.600000
vt 0.458333 0.800000
vt 0.458333 1.000000
vt 0.500000 0.200000
vt 0.500000 0.000000
vt 0.500000 0.400000
vt 0.500000 0.600000
vt 0.500000 0.800000
vt 0.500000 1.000000
vt 0.541667 0.200000
vt 0.541667 0.000000
vt 0.541667 0.400000
vt 0.541667 0.600000
vt 0.541667 0.800000
vt 0.541667 1.000000
vt 0.583333 0.200000
vt 0.583333 0.000000
vt 0.583333 0.400000
vt 0.583333 0.600000
vt 0.583333 0.800000
vt 0.583333 1.000000
vt 0.625000 0.200000
vt 0.625000 0.000000
vt 0.625000 0.400000
vt 0.625000 0.600000
vt 0.625000 0.800000
vt 0.625000 1.000000
vt 0.666667 0.200000
vt 0.666667 0.000000
vt 0.666667 0.400000
vt 0.666667 0.600000
vt 0.666667 0.800000
vt 0.666667 1.000000
vt 0.708333 0.200000
vt 0.708333 0.000000
vt 0.708333 0.400000
vt 0.708333 0.600000
vt 0.708333 0.800000
vt 0.708333 1.000000
vt 0.750000 0.200000
vt 0.750000 0.000000
vt 0.750000 0.400000
vt 0.750000 0.600000
vt 0.750000 0.800000
vt 0.750000 1.000000
vt 0.791667 0.200000
vt 0.791667 0.000000
vt 0.791667 0.400000
vt 0.791667 0.600000
vt 0.791667 0.800000
vt 0.791667 1.000000
vt 0.833333 0.200000
vt 0.833333 0.000000
vt 0.833333 0.400000
vt 0.833333 0.600000
vt 0.833333 0.800000
vt 0.833333 1.000000
vt 0.875000 0.200000
vt 0.875000 0.000000
vt 0.875000 0.400000
vt 0.875000 0.600000
vt 0.875000 0.800000
vt 0.875000 1.000000
vt 0.916667 0.200000
vt 0.916667 0.000000
vt 0.916667 0.400000
vt 0.916667 0.600000
vt 0.916667 0.800000
vt 0.916667 1.000000
vt 0.958333 0.200000
vt 0.958333 0.000000
vt 0.958333 0.400000
vt 0.958333 0.600000
vt 0.958333 0.800000
vt 0.958333 1.000000
vt 1.000000 0.200000
vt 1.000000 0.400000
vt 1.000000 0.600000
vt 1.000000 0.800000
vt 1.000000 1.000000
s 1
usemtl Gold_|_dark_grille
f 2771/2977/3580 2773/2978/3581 2772/2979/3582
f 2770/2980/3583 2773/2978/3581 2771/2977/3580
f 2770/2980/3583 2774/2981/3584 2773/2978/3581
f 2769/2982/3585 2774/2981/3584 2770/2980/3583
f 2769/2982/3585 2775/2983/3586 2774/2981/3584
f 2769/2982/3585 2776/2984/3587 2775/2983/3586
f 2768/2985/3588 2776/2984/3587 2769/2982/3585
f 2768/2985/3588 2777/2986/3589 2776/2984/3587
f 2767/2987/3590 2777/2986/3589 2768/2985/3588
f 2767/2987/3590 2778/2988/3591 2777/2986/3589
f 2766/2989/3592 2778/2988/3591 2767/2987/3590
f 2765/2990/3593 2778/2988/3591 2766/2989/3592
f 2765/2990/3593 2779/2991/3594 2778/2988/3591
f 2764/2992/3595 2779/2991/3594 2765/2990/3593
f 2764/2992/3595 2780/2993/3596 2779/2991/3594
f 2763/2994/3597 2780/2993/3596 2764/2992/3595
f 2763/2994/3597 2781/2995/3598 2780/2993/3596
f 2762/2996/3599 2781/2995/3598 2763/2994/3597
f 2762/2996/3599 2782/2997/3600 2781/2995/3598
f 2785/2998/3601 2782/2997/3600 2762/2996/3599
f 2785/2998/3601 2783/2999/3602 2782/2997/3600
f 2785/2998/3601 2784/3000/3603 2783/2999/3602
f 2795/2977/3604 2796/2979/3605 2797/2978/3606
f 2794/2980/3607 2795/2977/3604 2797/2978/3606
f 2794/2980/3607 2797/2978/3606 2798/2981/3608
f 2793/2982/3609 2794/2980/3607 2798/2981/3608
f 2793/2982/3609 2798/2981/3608 2799/2983/3610
f 2793/2982/3609 2799/2983/3610 2800/2984/3611
f 2792/2985/3612 2793/2982/3609 2800/2984/3611
f 2792/2985/3612 2800/2984/3611 2801/2986/3613
f 2791/2987/3614 2792/2985/3612 2801/2986/3613
f 2791/2987/3614 2801/2986/3613 2802/2988/3615
f 2790/2989/3616 2791/2987/3614 2802/2988/3615
f 2789/2990/3617 2790/2989/3616 2802/2988/3615
f 2789/2990/3617 2802/2988/3615 2803/2991/3618
f 2788/2992/3619 2789/2990/3617 2803/2991/3618
f 2788/2992/3619 2803/2991/3618 2804/2993/3620
f 2787/2994/3621 2788/2992/3619 2804/2993/3620
f 2787/2994/3621 2804/2993/3620 2805/2995/3622
f 2786/2996/3623 2787/2994/3621 2805/2995/3622
f 2786/2996/3623 2805/2995/3622 2806/2997/3624
f 2809/2998/3625 2786/2996/3623 2806/2997/3624
f 2809/2998/3625 2806/2997/3624 2807/2999/3626
f 2809/2998/3625 2807/2999/3626 2808/3000/3627
f 2810/3001/3628 2814/3002/3629 2787/3003/3621 2786/2996/3623
f 2811/3004/3630 2815/3005/3631 2814/3002/3632 2810/3001/3633
f 2812/3006/3634 2816/3007/3635 2815/3005/3631 2811/3004/3630
f 2813/3008/3636 2817/3009/3637 2816/3007/3635 2812/3006/3634
f 2762/3010/3599 2763/3011/3597 2817/3009/3638 2813/3008/3639
f 2814/3002/3629 2818/3012/3640 2788/3013/3619 2787/3003/3621
f 2815/3005/3631 2819/3014/3641 2818/3012/3642 2814/3002/3632
f 2816/3007/3635 2820/3015/3643 2819/3014/3641 2815/3005/3631
f 2817/3009/3637 2821/3016/3644 2820/3015/3643 2816/3007/3635
f 2763/3011/3597 2764/3017/3595 2821/3016/3645 2817/3009/3638
f 2818/3012/3640 2822/3018/3646 2789/3019/3617 2788/3013/3619
f 2819/3014/3641 2823/3020/3647 2822/3018/3648 2818/3012/3642
f 2820/3015/3643 2824/3021/3649 2823/3020/3647 2819/3014/3641
f 2821/3016/3644 2825/3022/3650 2824/3021/3649 2820/3015/3643
f 2764/3017/3595 2765/3023/3593 2825/3022/3651 2821/3016/3645
f 2822/3018/3646 2826/3024/3652 2790/3025/3616 2789/3019/3617
f 2823/3020/3647 2827/3026/3653 2826/3024/3654 2822/3018/3648
f 2824/3021/3649 2828/3027/3655 2827/3026/3653 2823/3020/3647
f 2825/3022/3650 2829/3028/3656 2828/3027/3655 2824/3021/3649
f 2765/3023/3593 2766/3029/3592 2829/3028/3657 2825/3022/3651
f 2826/3024/3652 2830/3030/3658 2791/3031/3614 2790/3025/3616
f 2827/3026/3653 2831/3032/3659 2830/3030/3660 2826/3024/3654
f 2828/3027/3655 2832/3033/3661 2831/3032/3659 2827/3026/3653
f 2829/3028/3656 2833/3034/3662 2832/3033/3661 2828/3027/3655
f 2766/3029/3592 2767/3035/3590 2833/3034/3663 2829/3028/3657
f 2830/3030/3658 2834/3036/3664 2792/3037/3612 2791/3031/3614
f 2831/3032/3659 2835/3038/3665 2834/3036/3666 2830/3030/3660
f 2832/3033/3661 2836/3039/3667 2835/3038/3665 2831/3032/3659
f 2833/3034/3662 2837/3040/3668 2836/3039/3667 2832/3033/3661
f 2767/3035/3590 2768/3041/3588 2837/3040/3669 2833/3034/3663
f 2834/3036/3664 2838/3042/3670 2793/3043/3609 2792/3037/3612
f 2835/3038/3665 2839/3044/3671 2838/3042/3672 2834/3036/3666
f 2836/3039/3667 2840/3045/3673 2839/3044/3671 2835/3038/3665
f 2837/3040/3668 2841/3046/3674 2840/3045/3673 2836/3039/3667
f 2768/3041/3588 2769/3047/3585 2841/3046/3675 2837/3040/3669
f 2838/3042/3670 2842/3048/3676 2794/3049/3607 2793/3043/3609
f 2839/3044/3671 2843/3050/3677 2842/3048/3678 2838/3042/3672
f 2840/3045/3673 2844/3051/3679 2843/3050/3677 2839/3044/3671
f 2841/3046/3674 2845/3052/3680 2844/3051/3679 2840/3045/3673
f 2769/3047/3585 2770/3053/3583 2845/3052/3681 2841/3046/3675
f 2842/3048/3676 2846/3054/3682 2795/3055/3604 2794/3049/3607
f 2843/3050/3677 2847/3056/3683 2846/3054/3684 2842/3048/3678
f 2844/3051/3679 2848/3057/3685 2847/3056/3683 2843/3050/3677
f 2845/3052/3680 2849/3058/3686 2848/3057/3685 2844/3051/3679
f 2770/3053/3583 2771/3059/3580 2849/3058/3687 2845/3052/3681
f 2846/3054/3682 2850/3060/3688 2796/3061/3605 2795/3055/3604
f 2847/3056/3683 2851/3062/3689 2850/3060/3690 2846/3054/3684
f 2848/3057/3685 2852/3063/3691 2851/3062/3689 2847/3056/3683
f 2849/3058/3686 2853/3064/3692 2852/3063/3691 2848/3057/3685
f 2771/3059/3580 2772/3065/3582 2853/3064/3693 2849/3058/3687
f 2850/3060/3688 2854/3066/3694 2797/3067/3606 2796/3061/3605
f 2851/3062/3689 2855/3068/3695 2854/3066/3696 2850/3060/3690
f 2852/3063/3691 2856/3069/3697 2855/3068/3695 2851/3062/3689
f 2853/3064/3692 2857/3070/3698 2856/3069/3697 2852/3063/3691
f 2772/3065/3582 2773/3071/3581 2857/3070/3699 2853/3064/3693
f 2854/3066/3694 2858/3072/3700 2798/3073/3608 2797/3067/3606
f 2855/3068/3695 2859/3074/3701 2858/3072/3702 2854/3066/3696
f 2856/3069/3697 2860/3075/3703 2859/3074/3701 2855/3068/3695
f 2857/3070/3698 2861/3076/3704 2860/3075/3703 2856/3069/3697
f 2773/3071/3581 2774/3077/3584 2861/3076/3705 2857/3070/3699
f 2858/3072/3700 2862/3078/3706 2799/3079/3610 2798/3073/3608
f 2859/3074/3701 2863/3080/3707 2862/3078/3708 2858/3072/3702
f 2860/3075/3703 2864/3081/3709 2863/3080/3707 2859/3074/3701
f 2861/3076/3704 2865/3082/3710 2864/3081/3709 2860/3075/3703
f 2774/3077/3584 2775/3083/3586 2865/3082/3711 2861/3076/3705
f 2862/3078/3706 2866/3084/3712 2800/3085/3611 2799/3079/3610
f 2863/3080/3707 2867/3086/3713 2866/3084/3714 2862/3078/3708
f 2864/3081/3709 2868/3087/3715 2867/3086/3713 2863/3080/3707
f 2865/3082/3710 2869/3088/3716 2868/3087/3715 2864/3081/3709
f 2775/3083/3586 2776/3089/3587 2869/3088/3717 2865/3082/3711
f 2866/3084/3712 2870/3090/3718 2801/3091/3613 2800/3085/3611
f 2867/3086/3713 2871/3092/3719 2870/3090/3720 2866/3084/3714
f 2868/3087/3715 2872/3093/3721 2871/3092/3719 2867/3086/3713
f 2869/3088/3716 2873/3094/3722 2872/3093/3721 2868/3087/3715
f 2776/3089/3587 2777/3095/3589 2873/3094/3723 2869/3088/3717
f 2870/3090/3718 2874/3096/3724 2802/3097/3615 2801/3091/3613
f 2871/3092/3719 2875/3098/3725 2874/3096/3726 2870/3090/3720
f 2872/3093/3721 2876/3099/3727 2875/3098/3725 2871/3092/3719
f 2873/3094/3722 2877/3100/3728 2876/3099/3727 2872/3093/3721
f 2777/3095/3589 2778/3101/3591 2877/3100/3729 2873/3094/3723
f 2874/3096/3724 2878/3102/3730 2803/3103/3618 2802/3097/3615
f 2875/3098/3731 2879/3104/3732 2878/3102/3733 2874/3096/3734
f 2876/3099/3735 2880/3105/3736 2879/3104/3732 2875/3098/3731
f 2877/3100/3737 2881/3106/3738 2880/3105/3736 2876/3099/3735
f 2778/3101/3591 2779/3107/3594 2881/3106/3739 2877/3100/3729
f 2878/3102/3730 2882/3108/3740 2804/3109/3620 2803/3103/3618
f 2879/3104/3732 2883/3110/3741 2882/3108/3742 2878/3102/3733
f 2880/3105/3736 2884/3111/3743 2883/3110/3741 2879/3104/3732
f 2881/3106/3738 2885/3112/3744 2884/3111/3743 2880/3105/3736
f 2779/3107/3594 2780/3113/3596 2885/3112/3745 2881/3106/3739
f 2882/3108/3740 2886/3114/3746 2805/3115/3622 2804/3109/3620
f 2883/3110/3741 2887/3116/3747 2886/3114/3748 2882/3108/3742
f 2884/3111/3743 2888/3117/3749 2887/3116/3747 2883/3110/3741
f 2885/3112/3744 2889/3118/3750 2888/3117/3749 2884/3111/3743
f 2780/3113/3596 2781/3119/3598 2889/3118/3751 2885/3112/3745
f 2886/3114/3746 2890/3120/3752 2806/3121/3624 2805/3115/3622
f 2887/3116/3747 2891/3122/3753 2890/3120/3754 2886/3114/3748
f 2888/3117/3749 2892/3123/3755 2891/3122/3753 2887/3116/3747
f 2889/3118/3750 2893/3124/3756 2892/3123/3755 2888/3117/3749
f 2781/3119/3598 2782/3125/3600 2893/3124/3757 2889/3118/3751
f 2890/3120/3752 2894/3126/3758 2807/3127/3626 2806/3121/3624
f 2891/3122/3753 2895/3128/3759 2894/3126/3760 2890/3120/3754
f 2892/3123/3755 2896/3129/3761 2895/3128/3759 2891/3122/3753
f 2893/3124/3756 2897/3130/3762 2896/3129/3761 2892/3123/3755
f 2782/3125/3600 2783/3131/3602 2897/3130/3763 2893/3124/3757
f 2894/3126/3758 2898/3132/3764 2808/3133/3627 2807/3127/3626
f 2895/3128/3759 2899/3134/3765 2898/3132/3766 2894/3126/3760
f 2896/3129/3761 2900/3135/3767 2899/3134/3765 2895/3128/3759
f 2897/3130/3762 2901/3136/3768 2900/3135/3767 2896/3129/3761
f 2783/3131/3602 2784/3137/3603 2901/3136/3769 2897/3130/3763
f 2898/3132/3764 2902/3138/3770 2809/3139/3625 2808/3133/3627
f 2899/3134/3765 2903/3140/3771 2902/3138/3772 2898/3132/3766
f 2900/3135/3767 2904/3141/3773 2903/3140/3771 2899/3134/3765
f 2901/3136/3768 2905/3142/3774 2904/3141/3773 2900/3135/3767
f 2784/3137/3603 2785/3143/3601 2905/3142/3775 2901/3136/3769
f 2902/3138/3770 2810/3144/3628 2786/2998/3623 2809/3139/3625
f 2903/3140/3771 2811/3145/3630 2810/3144/3633 2902/3138/3772
f 2904/3141/3773 2812/3146/3634 2811/3145/3630 2903/3140/3771
f 2905/3142/3774 2813/3147/3636 2812/3146/3634 2904/3141/3773
f 2785/3143/3601 2762/3148/3599 2813/3147/3639 2905/3142/3775
o Vent_|_left_bar_1
v 0.078462 0.082704 -0.027836
v 0.078462 0.082704 -0.026964
v 0.078462 0.081949 -0.026528
v 0.078462 0.081194 -0.026964
v 0.078462 0.081194 -0.027836
v 0.078462 0.081949 -0.028272
v 0.004359 0.082704 -0.027836
v 0.004359 0.082704 -0.026964
v 0.004359 0.081949 -0.026528
v 0.004359 0.081194 -0.026964
v 0.004359 0.081194 -0.027836
v 0.004359 0.081949 -0.028272
v 0.030000 0.082704 -0.027836
v 0.030000 0.082704 -0.026964
v 0.030000 0.081949 -0.026528
v 0.030000 0.081194 -0.026964
v 0.030000 0.081194 -0.027836
v 0.030000 0.081949 -0.028272
v 0.052821 0.082704 -0.027836
v 0.052821 0.082704 -0.026964
v 0.052821 0.081949 -0.026528
v 0.052821 0.081194 -0.026964
v 0.052821 0.081194 -0.027836
v 0.052821 0.081949 -0.028272
vn 1.0000 -0.0000 -0.0000
vn -1.0000 -0.0000 -0.0000
vn -0.0000 0.5000 -0.8660
vn -0.0000 0.8660 -0.5000
vn -0.0000 -0.0000 -1.0000
vn -0.0000 1.0000 -0.0000
vn -0.0000 -0.0000 1.0000
vn -0.0000 0.5000 0.8660
vn -0.0000 -0.5000 0.8660
vn -0.0000 -1.0000 -0.0000
vn -0.0000 -0.8660 -0.5000
vn -0.0000 -0.5000 -0.8660
vt 1.000000 0.000000
vt 0.600000 0.000000
vt 0.800000 0.000000
vt 0.400000 0.000000
vt 0.000000 0.000000
vt 0.200000 0.000000
vt 0.000000 1.000000
vt 0.333333 1.000000
vt 0.333333 0.833333
vt 0.000000 0.833333
vt 0.000000 0.166667
vt 0.333333 0.166667
vt 0.333333 0.000000
vt 0.000000 0.333333
vt 0.333333 0.333333
vt 0.000000 0.500000
vt 0.333333 0.500000
vt 0.000000 0.666667
vt 0.333333 0.666667
vt 0.666667 1.000000
vt 0.666667 0.833333
vt 0.666667 0.166667
vt 0.666667 0.000000
vt 0.666667 0.333333
vt 0.666667 0.500000
vt 0.666667 0.666667
vt 1.000000 1.000000
vt 1.000000 0.833333
vt 1.000000 0.166667
vt 1.000000 0.333333
vt 1.000000 0.500000
vt 1.000000 0.666667
s 1
usemtl Gold_|_polished_trim
f 2911/3149/3776 2909/3150/3776 2910/3151/3776
f 2911/3149/3776 2908/3152/3776 2909/3150/3776
f 2906/3153/3776 2908/3152/3776 2911/3149/3776
f 2906/3153/3776 2907/3154/3776 2908/3152/3776
f 2914/3152/3777 2916/3151/3777 2915/3150/3777
f 2914/3152/3777 2917/3149/3777 2916/3151/3777
f 2913/3154/3777 2917/3149/3777 2914/3152/3777
f 2913/3154/3777 2912/3153/3777 2917/3149/3777
f 2912/3155/3778 2918/3156/3779 2923/3157/3780 2917/3158/3780
f 2913/3159/3781 2919/3160/3781 2918/3161/3779 2912/3153/3781
f 2914/3162/3782 2920/3163/3782 2919/3160/3783 2913/3159/3783
f 2915/3164/3784 2921/3165/3784 2920/3163/3782 2914/3162/3782
f 2916/3166/3785 2922/3167/3786 2921/3165/3785 2915/3164/3785
f 2917/3158/3780 2923/3157/3780 2922/3167/3786 2916/3166/3787
f 2918/3156/3779 2924/3168/3779 2929/3169/3780 2923/3157/3780
f 2919/3160/3781 2925/3170/3781 2924/3171/3779 2918/3161/3779
f 2920/3163/3782 2926/3172/3782 2925/3170/3783 2919/3160/3783
f 2921/3165/3784 2927/3173/3784 2926/3172/3782 2920/3163/3782
f 2922/3167/3786 2928/3174/3786 2927/3173/3785 2921/3165/3785
f 2923/3157/3780 2929/3169/3780 2928/3174/3786 2922/3167/3786
f 2924/3168/3779 2906/3175/3778 2911/3176/3780 2929/3169/3780
f 2925/3170/3781 2907/3177/3781 2906/3149/3781 2924/3171/3779
f 2926/3172/3782 2908/3178/3782 2907/3177/3783 2925/3170/3783
f 2927/3173/3784 2909/3179/3784 2908/3178/3782 2926/3172/3782
f 2928/3174/3786 2910/3180/3785 2909/3179/3785 2927/3173/3785
f 2929/3169/3780 2911/3176/3780 2910/3180/3787 2928/3174/3786
o Vent_|_left_bar_2
v 0.078462 0.080088 -0.027836
v 0.078462 0.080088 -0.026964
v 0.078462 0.079333 -0.026528
v 0.078462 0.078578 -0.026964
v 0.078462 0.078578 -0.027836
v 0.078462 0.079333 -0.028272
v 0.004359 0.080088 -0.027836
v 0.004359 0.080088 -0.026964
v 0.004359 0.079333 -0.026528
v 0.004359 0.078578 -0.026964
v 0.004359 0.078578 -0.027836
v 0.004359 0.079333 -0.028272
v 0.030000 0.080088 -0.027836
v 0.030000 0.080088 -0.026964
v 0.030000 0.079333 -0.026528
v 0.030000 0.078578 -0.026964
v 0.030000 0.078578 -0.027836
v 0.030000 0.079333 -0.028272
v 0.052821 0.080088 -0.027836
v 0.052821 0.080088 -0.026964
v 0.052821 0.079333 -0.026528
v 0.052821 0.078578 -0.026964
v 0.052821 0.078578 -0.027836
v 0.052821 0.079333 -0.028272
vn 1.0000 -0.0000 -0.0000
vn -1.0000 -0.0000 -0.0000
vn -0.0000 0.5000 -0.8660
vn -0.0000 0.8660 -0.5000
vn -0.0000 -0.0000 -1.0000
vn -0.0000 1.0000 -0.0000
vn -0.0000 -0.0000 1.0000
vn -0.0000 0.5000 0.8660
vn -0.0000 -0.5000 0.8660
vn -0.0000 -1.0000 -0.0000
vn -0.0000 -0.8660 -0.5000
vn -0.0000 -0.5000 -0.8660
vt 1.000000 0.000000
vt 0.600000 0.000000
vt 0.800000 0.000000
vt 0.400000 0.000000
vt 0.000000 0.000000
vt 0.200000 0.000000
vt 0.000000 1.000000
vt 0.333333 1.000000
vt 0.333333 0.833333
vt 0.000000 0.833333
vt 0.000000 0.166667
vt 0.333333 0.166667
vt 0.333333 0.000000
vt 0.000000 0.333333
vt 0.333333 0.333333
vt 0.000000 0.500000
vt 0.333333 0.500000
vt 0.000000 0.666667
vt 0.333333 0.666667
vt 0.666667 1.000000
vt 0.666667 0.833333
vt 0.666667 0.166667
vt 0.666667 0.000000
vt 0.666667 0.333333
vt 0.666667 0.500000
vt 0.666667 0.666667
vt 1.000000 1.000000
vt 1.000000 0.833333
vt 1.000000 0.166667
vt 1.000000 0.333333
vt 1.000000 0.500000
vt 1.000000 0.666667
s 1
usemtl Gold_|_polished_trim
f 2935/3181/3788 2933/3182/3788 2934/3183/3788
f 2935/3181/3788 2932/3184/3788 2933/3182/3788
f 2930/3185/3788 2932/3184/3788 2935/3181/3788
f 2930/3185/3788 2931/3186/3788 2932/3184/3788
f 2938/3184/3789 2940/3183/3789 2939/3182/3789
f 2938/3184/3789 2941/3181/3789 2940/3183/3789
f 2937/3186/3789 2941/3181/3789 2938/3184/3789
f 2937/3186/3789 2936/3185/3789 2941/3181/3789
f 2936/3187/3790 2942/3188/3791 2947/3189/3792 2941/3190/3792
f 2937/3191/3793 2943/3192/3793 2942/3193/3791 2936/3185/3793
f 2938/3194/3794 2944/3195/3794 2943/3192/3795 2937/3191/3795
f 2939/3196/3796 2945/3197/3796 2944/3195/3794 2938/3194/3794
f 2940/3198/3797 2946/3199/3798 2945/3197/3797 2939/3196/3797
f 2941/3190/3792 2947/3189/3792 2946/3199/3798 2940/3198/3799
f 2942/3188/3791 2948/3200/3791 2953/3201/3792 2947/3189/3792
f 2943/3192/3793 2949/3202/3793 2948/3203/3791 2942/3193/3791
f 2944/3195/3794 2950/3204/3794 2949/3202/3795 2943/3192/3795
f 2945/3197/3796 2951/3205/3796 2950/3204/3794 2944/3195/3794
f 2946/3199/3798 2952/3206/3798 2951/3205/3797 2945/3197/3797
f 2947/3189/3792 2953/3201/3792 2952/3206/3798 2946/3199/3798
f 2948/3200/3791 2930/3207/3790 2935/3208/3792 2953/3201/3792
f 2949/3202/3793 2931/3209/3793 2930/3181/3793 2948/3203/3791
f 2950/3204/3794 2932/3210/3794 2931/3209/3795 2949/3202/3795
f 2951/3205/3796 2933/3211/3796 2932/3210/3794 2950/3204/3794
f 2952/3206/3798 2934/3212/3797 2933/3211/3797 2951/3205/3797
f 2953/3201/3792 2935/3208/3792 2934/3212/3799 2952/3206/3798
o Vent_|_left_bar_3
v 0.078462 0.077473 -0.027836
v 0.078462 0.077473 -0.026964
v 0.078462 0.076718 -0.026528
v 0.078462 0.075963 -0.026964
v 0.078462 0.075963 -0.027836
v 0.078462 0.076718 -0.028272
v 0.004359 0.077473 -0.027836
v 0.004359 0.077473 -0.026964
v 0.004359 0.076718 -0.026528
v 0.004359 0.075963 -0.026964
v 0.004359 0.075963 -0.027836
v 0.004359 0.076718 -0.028272
v 0.030000 0.077473 -0.027836
v 0.030000 0.077473 -0.026964
v 0.030000 0.076718 -0.026528
v 0.030000 0.075963 -0.026964
v 0.030000 0.075963 -0.027836
v 0.030000 0.076718 -0.028272
v 0.052821 0.077473 -0.027836
v 0.052821 0.077473 -0.026964
v 0.052821 0.076718 -0.026528
v 0.052821 0.075963 -0.026964
v 0.052821 0.075963 -0.027836
v 0.052821 0.076718 -0.028272
vn 1.0000 -0.0000 -0.0000
vn -1.0000 -0.0000 -0.0000
vn -0.0000 0.5000 -0.8660
vn -0.0000 0.8660 -0.5000
vn -0.0000 -0.0000 -1.0000
vn -0.0000 1.0000 -0.0000
vn -0.0000 -0.0000 1.0000
vn -0.0000 0.5000 0.8660
vn -0.0000 -0.5000 0.8660
vn -0.0000 -1.0000 -0.0000
vn -0.0000 -0.8660 -0.5000
vn -0.0000 -0.5000 -0.8660
vt 1.000000 0.000000
vt 0.600000 0.000000
vt 0.800000 0.000000
vt 0.400000 0.000000
vt 0.000000 0.000000
vt 0.200000 0.000000
vt 0.000000 1.000000
vt 0.333333 1.000000
vt 0.333333 0.833333
vt 0.000000 0.833333
vt 0.000000 0.166667
vt 0.333333 0.166667
vt 0.333333 0.000000
vt 0.000000 0.333333
vt 0.333333 0.333333
vt 0.000000 0.500000
vt 0.333333 0.500000
vt 0.000000 0.666667
vt 0.333333 0.666667
vt 0.666667 1.000000
vt 0.666667 0.833333
vt 0.666667 0.166667
vt 0.666667 0.000000
vt 0.666667 0.333333
vt 0.666667 0.500000
vt 0.666667 0.666667
vt 1.000000 1.000000
vt 1.000000 0.833333
vt 1.000000 0.166667
vt 1.000000 0.333333
vt 1.000000 0.500000
vt 1.000000 0.666667
s 1
usemtl Gold_|_polished_trim
f 2959/3213/3800 2957/3214/3800 2958/3215/3800
f 2959/3213/3800 2956/3216/3800 2957/3214/3800
f 2954/3217/3800 2956/3216/3800 2959/3213/3800
f 2954/3217/3800 2955/3218/3800 2956/3216/3800
f 2962/3216/3801 2964/3215/3801 2963/3214/3801
f 2962/3216/3801 2965/3213/3801 2964/3215/3801
f 2961/3218/3801 2965/3213/3801 2962/3216/3801
f 2961/3218/3801 2960/3217/3801 2965/3213/3801
f 2960/3219/3802 2966/3220/3803 2971/3221/3804 2965/3222/3804
f 2961/3223/3805 2967/3224/3805 2966/3225/3803 2960/3217/3805
f 2962/3226/3806 2968/3227/3806 2967/3224/3807 2961/3223/3807
f 2963/3228/3808 2969/3229/3808 2968/3227/3806 2962/3226/3806
f 2964/3230/3809 2970/3231/3810 2969/3229/3809 2963/3228/3809
f 2965/3222/3804 2971/3221/3804 2970/3231/3810 2964/3230/3811
f 2966/3220/3803 2972/3232/3803 2977/3233/3804 2971/3221/3804
f 2967/3224/3805 2973/3234/3805 2972/3235/3803 2966/3225/3803
f 2968/3227/3806 2974/3236/3806 2973/3234/3807 2967/3224/3807
f 2969/3229/3808 2975/3237/3808 2974/3236/3806 2968/3227/3806
f 2970/3231/3810 2976/3238/3810 2975/3237/3809 2969/3229/3809
f 2971/3221/3804 2977/3233/3804 2976/3238/3810 2970/3231/3810
f 2972/3232/3803 2954/3239/3802 2959/3240/3804 2977/3233/3804
f 2973/3234/3805 2955/3241/3805 2954/3213/3805 2972/3235/3803
f 2974/3236/3806 2956/3242/3806 2955/3241/3807 2973/3234/3807
f 2975/3237/3808 2957/3243/3808 2956/3242/3806 2974/3236/3806
f 2976/3238/3810 2958/3244/3809 2957/3243/3809 2975/3237/3809
f 2977/3233/3804 2959/3240/3804 2958/3244/3811 2976/3238/3810
o Vent_|_left_bar_4
v 0.078462 0.074858 -0.027836
v 0.078462 0.074858 -0.026964
v 0.078462 0.074103 -0.026528
v 0.078462 0.073348 -0.026964
v 0.078462 0.073348 -0.027836
v 0.078462 0.074103 -0.028272
v 0.004359 0.074858 -0.027836
v 0.004359 0.074858 -0.026964
v 0.004359 0.074103 -0.026528
v 0.004359 0.073348 -0.026964
v 0.004359 0.073348 -0.027836
v 0.004359 0.074103 -0.028272
v 0.030000 0.074858 -0.027836
v 0.030000 0.074858 -0.026964
v 0.030000 0.074103 -0.026528
v 0.030000 0.073348 -0.026964
v 0.030000 0.073348 -0.027836
v 0.030000 0.074103 -0.028272
v 0.052821 0.074858 -0.027836
v 0.052821 0.074858 -0.026964
v 0.052821 0.074103 -0.026528
v 0.052821 0.073348 -0.026964
v 0.052821 0.073348 -0.027836
v 0.052821 0.074103 -0.028272
vn 1.0000 -0.0000 -0.0000
vn -1.0000 -0.0000 -0.0000
vn -0.0000 0.5000 -0.8660
vn -0.0000 0.8660 -0.5000
vn -0.0000 -0.0000 -1.0000
vn -0.0000 1.0000 -0.0000
vn -0.0000 -0.0000 1.0000
vn -0.0000 0.5000 0.8660
vn -0.0000 -0.5000 0.8660
vn -0.0000 -1.0000 -0.0000
vn -0.0000 -0.8660 -0.5000
vn -0.0000 -0.5000 -0.8660
vt 1.000000 0.000000
vt 0.600000 0.000000
vt 0.800000 0.000000
vt 0.400000 0.000000
vt 0.000000 0.000000
vt 0.200000 0.000000
vt 0.000000 1.000000
vt 0.333333 1.000000
vt 0.333333 0.833333
vt 0.000000 0.833333
vt 0.000000 0.166667
vt 0.333333 0.166667
vt 0.333333 0.000000
vt 0.000000 0.333333
vt 0.333333 0.333333
vt 0.000000 0.500000
vt 0.333333 0.500000
vt 0.000000 0.666667
vt 0.333333 0.666667
vt 0.666667 1.000000
vt 0.666667 0.833333
vt 0.666667 0.166667
vt 0.666667 0.000000
vt 0.666667 0.333333
vt 0.666667 0.500000
vt 0.666667 0.666667
vt 1.000000 1.000000
vt 1.000000 0.833333
vt 1.000000 0.166667
vt 1.000000 0.333333
vt 1.000000 0.500000
vt 1.000000 0.666667
s 1
usemtl Gold_|_polished_trim
f 2983/3245/3812 2981/3246/3812 2982/3247/3812
f 2983/3245/3812 2980/3248/3812 2981/3246/3812
f 2978/3249/3812 2980/3248/3812 2983/3245/3812
f 2978/3249/3812 2979/3250/3812 2980/3248/3812
f 2986/3248/3813 2988/3247/3813 2987/3246/3813
f 2986/3248/3813 2989/3245/3813 2988/3247/3813
f 2985/3250/3813 2989/3245/3813 2986/3248/3813
f 2985/3250/3813 2984/3249/3813 2989/3245/3813
f 2984/3251/3814 2990/3252/3815 2995/3253/3816 2989/3254/3816
f 2985/3255/3817 2991/3256/3817 2990/3257/3815 2984/3249/3817
f 2986/3258/3818 2992/3259/3818 2991/3256/3819 2985/3255/3819
f 2987/3260/3820 2993/3261/3820 2992/3259/3818 2986/3258/3818
f 2988/3262/3821 2994/3263/3822 2993/3261/3821 2987/3260/3821
f 2989/3254/3816 2995/3253/3816 2994/3263/3822 2988/3262/3823
f 2990/3252/3815 2996/3264/3815 3001/3265/3816 2995/3253/3816
f 2991/3256/3817 2997/3266/3817 2996/3267/3815 2990/3257/3815
f 2992/3259/3818 2998/3268/3818 2997/3266/3819 2991/3256/3819
f 2993/3261/3820 2999/3269/3820 2998/3268/3818 2992/3259/3818
f 2994/3263/3822 3000/3270/3822 2999/3269/3821 2993/3261/3821
f 2995/3253/3816 3001/3265/3816 3000/3270/3822 2994/3263/3822
f 2996/3264/3815 2978/3271/3814 2983/3272/3816 3001/3265/3816
f 2997/3266/3817 2979/3273/3817 2978/3245/3817 2996/3267/3815
f 2998/3268/3818 2980/3274/3818 2979/3273/3819 2997/3266/3819
f 2999/3269/3820 2981/3275/3820 2980/3274/3818 2998/3268/3818
f 3000/3270/3822 2982/3276/3821 2981/3275/3821 2999/3269/3821
f 3001/3265/3816 2983/3272/3816 2982/3276/3823 3000/3270/3822
o Vent_|_left_bar_5
v 0.078462 0.072242 -0.027836
v 0.078462 0.072242 -0.026964
v 0.078462 0.071487 -0.026528
v 0.078462 0.070732 -0.026964
v 0.078462 0.070732 -0.027836
v 0.078462 0.071487 -0.028272
v 0.004359 0.072242 -0.027836
v 0.004359 0.072242 -0.026964
v 0.004359 0.071487 -0.026528
v 0.004359 0.070732 -0.026964
v 0.004359 0.070732 -0.027836
v 0.004359 0.071487 -0.028272
v 0.030000 0.072242 -0.027836
v 0.030000 0.072242 -0.026964
v 0.030000 0.071487 -0.026528
v 0.030000 0.070732 -0.026964
v 0.030000 0.070732 -0.027836
v 0.030000 0.071487 -0.028272
v 0.052821 0.072242 -0.027836
v 0.052821 0.072242 -0.026964
v 0.052821 0.071487 -0.026528
v 0.052821 0.070732 -0.026964
v 0.052821 0.070732 -0.027836
v 0.052821 0.071487 -0.028272
vn 1.0000 -0.0000 -0.0000
vn -1.0000 -0.0000 -0.0000
vn -0.0000 0.5000 -0.8660
vn -0.0000 0.8660 -0.5000
vn -0.0000 -0.0000 -1.0000
vn -0.0000 1.0000 -0.0000
vn -0.0000 -0.0000 1.0000
vn -0.0000 0.5000 0.8660
vn -0.0000 -0.5000 0.8660
vn -0.0000 -1.0000 -0.0000
vn -0.0000 -0.8660 -0.5000
vn -0.0000 -0.5000 -0.8660
vt 1.000000 0.000000
vt 0.600000 0.000000
vt 0.800000 0.000000
vt 0.400000 0.000000
vt 0.000000 0.000000
vt 0.200000 0.000000
vt 0.000000 1.000000
vt 0.333333 1.000000
vt 0.333333 0.833333
vt 0.000000 0.833333
vt 0.000000 0.166667
vt 0.333333 0.166667
vt 0.333333 0.000000
vt 0.000000 0.333333
vt 0.333333 0.333333
vt 0.000000 0.500000
vt 0.333333 0.500000
vt 0.000000 0.666667
vt 0.333333 0.666667
vt 0.666667 1.000000
vt 0.666667 0.833333
vt 0.666667 0.166667
vt 0.666667 0.000000
vt 0.666667 0.333333
vt 0.666667 0.500000
vt 0.666667 0.666667
vt 1.000000 1.000000
vt 1.000000 0.833333
vt 1.000000 0.166667
vt 1.000000 0.333333
vt 1.000000 0.500000
vt 1.000000 0.666667
s 1
usemtl Gold_|_polished_trim
f 3007/3277/3824 3005/3278/3824 3006/3279/3824
f 3007/3277/3824 3004/3280/3824 3005/3278/3824
f 3002/3281/3824 3004/3280/3824 3007/3277/3824
f 3002/3281/3824 3003/3282/3824 3004/3280/3824
f 3010/3280/3825 3012/3279/3825 3011/3278/3825
f 3010/3280/3825 3013/3277/3825 3012/3279/3825
f 3009/3282/3825 3013/3277/3825 3010/3280/3825
f 3009/3282/3825 3008/3281/3825 3013/3277/3825
f 3008/3283/3826 3014/3284/3827 3019/3285/3828 3013/3286/3828
f 3009/3287/3829 3015/3288/3829 3014/3289/3827 3008/3281/3829
f 3010/3290/3830 3016/3291/3830 3015/3288/3831 3009/3287/3831
f 3011/3292/3832 3017/3293/3832 3016/3291/3830 3010/3290/3830
f 3012/3294/3833 3018/3295/3834 3017/3293/3833 3011/3292/3833
f 3013/3286/3828 3019/3285/3828 3018/3295/3834 3012/3294/3835
f 3014/3284/3827 3020/3296/3827 3025/3297/3828 3019/3285/3828
f 3015/3288/3829 3021/3298/3829 3020/3299/3827 3014/3289/3827
f 3016/3291/3830 3022/3300/3830 3021/3298/3831 3015/3288/3831
f 3017/3293/3832 3023/3301/3832 3022/3300/3830 3016/3291/3830
f 3018/3295/3834 3024/3302/3834 3023/3301/3833 3017/3293/3833
f 3019/3285/3828 3025/3297/3828 3024/3302/3834 3018/3295/3834
f 3020/3296/3827 3002/3303/3826 3007/3304/3828 3025/3297/3828
f 3021/3298/3829 3003/3305/3829 3002/3277/3829 3020/3299/3827
f 3022/3300/3830 3004/3306/3830 3003/3305/3831 3021/3298/3831
f 3023/3301/3832 3005/3307/3832 3004/3306/3830 3022/3300/3830
f 3024/3302/3834 3006/3308/3833 3005/3307/3833 3023/3301/3833
f 3025/3297/3828 3007/3304/3828 3006/3308/3835 3024/3302/3834
o Vent_|_left_button
v 0.000213 0.078846 -0.026400
v -0.001479 0.081777 -0.026400
v -0.004410 0.083470 -0.026400
v -0.007795 0.083470 -0.026400
v -0.010726 0.081777 -0.026400
v -0.012418 0.078846 -0.026400
v -0.012418 0.075462 -0.026400
v -0.010726 0.072530 -0.026400
v -0.007795 0.070838 -0.026400
v -0.004410 0.070838 -0.026400
v -0.001479 0.072530 -0.026400
v 0.000213 0.075462 -0.026400
v 0.000213 0.078846 -0.029800
v -0.001479 0.081777 -0.029800
v -0.004410 0.083470 -0.029800
v -0.007795 0.083470 -0.029800
v -0.010726 0.081777 -0.029800
v -0.012418 0.078846 -0.029800
v -0.012418 0.075462 -0.029800
v -0.010726 0.072530 -0.029800
v -0.007795 0.070838 -0.029800
v -0.004410 0.070838 -0.029800
v -0.001479 0.072530 -0.029800
v 0.000213 0.075462 -0.029800
v -0.002313 0.078169 -0.030800
v -0.003329 0.079928 -0.030800
v -0.005087 0.080943 -0.030800
v -0.007118 0.080943 -0.030800
v -0.008877 0.079928 -0.030800
v -0.009892 0.078169 -0.030800
v -0.009892 0.076138 -0.030800
v -0.008877 0.074380 -0.030800
v -0.007118 0.073364 -0.030800
v -0.005087 0.073364 -0.030800
v -0.003329 0.074380 -0.030800
v -0.002313 0.076138 -0.030800
v -0.006103 0.077154 -0.031400
vn 0.9659 0.2588 -0.0000
vn 0.7071 0.7071 -0.0000
vn 0.2588 0.9659 -0.0000
vn -0.2588 0.9659 -0.0000
vn -0.7071 0.7071 -0.0000
vn -0.9659 0.2588 -0.0000
vn -0.9659 -0.2588 -0.0000
vn -0.7071 -0.7071 -0.0000
vn -0.2588 -0.9659 -0.0000
vn 0.2588 -0.9659 -0.0000
vn 0.7071 -0.7071 -0.0000
vn 0.9659 -0.2588 -0.0000
vn 0.3450 0.0924 -0.9341
vn 0.2628 0.0704 -0.9623
vn 0.1924 0.1924 -0.9623
vn 0.2525 0.2525 -0.9341
vn 0.0704 0.2628 -0.9623
vn 0.0924 0.3450 -0.9341
vn -0.0704 0.2628 -0.9623
vn -0.0924 0.3450 -0.9341
vn -0.1924 0.1924 -0.9623
vn -0.2525 0.2525 -0.9341
vn -0.2628 0.0704 -0.9623
vn -0.3450 0.0924 -0.9341
vn -0.2628 -0.0704 -0.9623
vn -0.3450 -0.0924 -0.9341
vn -0.1924 -0.1924 -0.9623
vn -0.2525 -0.2525 -0.9341
vn -0.0704 -0.2628 -0.9623
vn -0.0924 -0.3450 -0.9341
vn 0.0704 -0.2628 -0.9623
vn 0.0924 -0.3450 -0.9341
vn 0.1924 -0.1924 -0.9623
vn 0.2525 -0.2525 -0.9341
vn 0.2628 -0.0704 -0.9623
vn 0.3450 -0.0924 -0.9341
vn -0.0000 -0.0000 -1.0000
vn -0.0000 -0.0000 1.0000
s 1
usemtl Gold_|_polished_trim
f 3026//3836 3038//3836 3039//3837 3027//3837
f 3027//3837 3039//3837 3040//3838 3028//3838
f 3028//3838 3040//3838 3041//3839 3029//3839
f 3029//3839 3041//3839 3042//3840 3030//3840
f 3030//3840 3042//3840 3043//3841 3031//3841
f 3031//3841 3043//3841 3044//3842 3032//3842
f 3032//3842 3044//3842 3045//3843 3033//3843
f 3033//3843 3045//3843 3046//3844 3034//3844
f 3034//3844 3046//3844 3047//3845 3035//3845
f 3035//3845 3047//3845 3048//3846 3036//3846
f 3036//3846 3048//3846 3049//3847 3037//3847
f 3037//3847 3049//3847 3038//3836 3026//3836
f 3038//3848 3050//3849 3051//3850 3039//3851
f 3039//3851 3051//3850 3052//3852 3040//3853
f 3040//3853 3052//3852 3053//3854 3041//3855
f 3041//3855 3053//3854 3054//3856 3042//3857
f 3042//3857 3054//3856 3055//3858 3043//3859
f 3043//3859 3055//3858 3056//3860 3044//3861
f 3044//3861 3056//3860 3057//3862 3045//3863
f 3045//3863 3057//3862 3058//3864 3046//3865
f 3046//3865 3058//3864 3059//3866 3047//3867
f 3047//3867 3059//3866 3060//3868 3048//3869
f 3048//3869 3060//3868 3061//3870 3049//3871
f 3049//3871 3061//3870 3050//3849 3038//3848
f 3050//3849 3062//3872 3051//3850
f 3051//3850 3062//3872 3052//3852
f 3052//3852 3062//3872 3053//3854
f 3053//3854 3062//3872 3054//3856
f 3054//3856 3062//3872 3055//3858
f 3055//3858 3062//3872 3056//3860
f 3056//3860 3062//3872 3057//3862
f 3057//3862 3062//3872 3058//3864
f 3058//3864 3062//3872 3059//3866
f 3059//3866 3062//3872 3060//3868
f 3060//3868 3062//3872 3061//3870
f 3061//3870 3062//3872 3050//3849
f 3026//3873 3027//3873 3028//3873 3029//3873 3030//3873 3031//3873 3032//3873 3033//3873 3034//3873 3035//3873 3036//3873 3037//3873
o Slot_|_left_lower_vent_1
v 0.345667 0.047162 -0.026308
v 0.345667 0.047162 -0.023692
v 0.345667 0.044897 -0.022385
v 0.345667 0.042632 -0.023692
v 0.345667 0.042632 -0.026308
v 0.345667 0.044897 -0.027615
v 0.329103 0.047162 -0.026308
v 0.329103 0.047162 -0.023692
v 0.329103 0.044897 -0.022385
v 0.329103 0.042632 -0.023692
v 0.329103 0.042632 -0.026308
v 0.329103 0.044897 -0.027615
v 0.334834 0.047162 -0.026308
v 0.334834 0.047162 -0.023692
v 0.334834 0.044897 -0.022385
v 0.334834 0.042632 -0.023692
v 0.334834 0.042632 -0.026308
v 0.334834 0.044897 -0.027615
v 0.339935 0.047162 -0.026308
v 0.339935 0.047162 -0.023692
v 0.339935 0.044897 -0.022385
v 0.339935 0.042632 -0.023692
v 0.339935 0.042632 -0.026308
v 0.339935 0.044897 -0.027615
vn 1.0000 -0.0000 -0.0000
vn -1.0000 -0.0000 -0.0000
vn -0.0000 0.8660 -0.5000
vn -0.0000 0.5000 -0.8660
vn -0.0000 1.0000 -0.0000
vn -0.0000 0.8660 0.5000
vn -0.0000 0.5000 0.8660
vn -0.0000 -0.0000 1.0000
vn -0.0000 -0.8660 0.5000
vn -0.0000 -0.5000 0.8660
vn -0.0000 -1.0000 -0.0000
vn -0.0000 -0.5000 -0.8660
vt 1.000000 0.000000
vt 0.600000 0.000000
vt 0.800000 0.000000
vt 0.400000 0.000000
vt 0.000000 0.000000
vt 0.200000 0.000000
vt 0.000000 1.000000
vt 0.333333 1.000000
vt 0.333333 0.833333
vt 0.000000 0.833333
vt 0.000000 0.166667
vt 0.333333 0.166667
vt 0.333333 0.000000
vt 0.000000 0.333333
vt 0.333333 0.333333
vt 0.000000 0.500000
vt 0.333333 0.500000
vt 0.000000 0.666667
vt 0.333333 0.666667
vt 0.666667 1.000000
vt 0.666667 0.833333
vt 0.666667 0.166667
vt 0.666667 0.000000
vt 0.666667 0.333333
vt 0.666667 0.500000
vt 0.666667 0.666667
vt 1.000000 1.000000
vt 1.000000 0.833333
vt 1.000000 0.166667
vt 1.000000 0.333333
vt 1.000000 0.500000
vt 1.000000 0.666667
s 1
usemtl Gold_|_dark_grille
f 3068/3309/3874 3066/3310/3874 3067/3311/3874
f 3068/3309/3874 3065/3312/3874 3066/3310/3874
f 3063/3313/3874 3065/3312/3874 3068/3309/3874
f 3063/3313/3874 3064/3314/3874 3065/3312/3874
f 3072/3310/3875 3074/3309/3875 3073/3311/3875
f 3071/3312/3875 3074/3309/3875 3072/3310/3875
f 3070/3314/3875 3074/3309/3875 3071/3312/3875
f 3070/3314/3875 3069/3313/3875 3074/3309/3875
f 3069/3315/3876 3075/3316/3876 3080/3317/3877 3074/3318/3877
f 3070/3319/3878 3076/3320/3879 3075/3321/3876 3069/3313/3876
f 3071/3322/3880 3077/3323/3881 3076/3320/3879 3070/3319/3880
f 3072/3324/3882 3078/3325/3882 3077/3323/3881 3071/3322/3883
f 3073/3326/3884 3079/3327/3884 3078/3325/3882 3072/3324/3882
f 3074/3318/3885 3080/3317/3885 3079/3327/3885 3073/3326/3885
f 3075/3316/3876 3081/3328/3876 3086/3329/3877 3080/3317/3877
f 3076/3320/3879 3082/3330/3879 3081/3331/3876 3075/3321/3876
f 3077/3323/3881 3083/3332/3881 3082/3330/3879 3076/3320/3879
f 3078/3325/3882 3084/3333/3882 3083/3332/3881 3077/3323/3881
f 3079/3327/3884 3085/3334/3884 3084/3333/3882 3078/3325/3882
f 3080/3317/3885 3086/3329/3885 3085/3334/3885 3079/3327/3885
f 3081/3328/3876 3063/3335/3876 3068/3336/3877 3086/3329/3877
f 3082/3330/3879 3064/3337/3878 3063/3309/3876 3081/3331/3876
f 3083/3332/3881 3065/3338/3881 3064/3337/3880 3082/3330/3879
f 3084/3333/3882 3066/3339/3882 3065/3338/3881 3083/3332/3881
f 3085/3334/3884 3067/3340/3884 3066/3339/3882 3084/3333/3882
f 3086/3329/3885 3068/3336/3885 3067/3340/3885 3085/3334/3885
o Slot_|_left_lower_vent_2
v 0.372692 0.047162 -0.026308
v 0.372692 0.047162 -0.023692
v 0.372692 0.044897 -0.022385
v 0.372692 0.042632 -0.023692
v 0.372692 0.042632 -0.026308
v 0.372692 0.044897 -0.027615
v 0.356128 0.047162 -0.026308
v 0.356128 0.047162 -0.023692
v 0.356128 0.044897 -0.022385
v 0.356128 0.042632 -0.023692
v 0.356128 0.042632 -0.026308
v 0.356128 0.044897 -0.027615
v 0.361860 0.047162 -0.026308
v 0.361860 0.047162 -0.023692
v 0.361860 0.044897 -0.022385
v 0.361860 0.042632 -0.023692
v 0.361860 0.042632 -0.026308
v 0.361860 0.044897 -0.027615
v 0.366961 0.047162 -0.026308
v 0.366961 0.047162 -0.023692
v 0.366961 0.044897 -0.022385
v 0.366961 0.042632 -0.023692
v 0.366961 0.042632 -0.026308
v 0.366961 0.044897 -0.027615
vn 1.0000 -0.0000 -0.0000
vn -1.0000 -0.0000 -0.0000
vn -0.0000 0.8660 -0.5000
vn -0.0000 -0.0000 -1.0000
vn -0.0000 0.5000 -0.8660
vn -0.0000 1.0000 -0.0000
vn -0.0000 0.5000 0.8660
vn -0.0000 -0.0000 1.0000
vn -0.0000 -0.8660 0.5000
vn -0.0000 -0.5000 0.8660
vn -0.0000 -1.0000 -0.0000
vn -0.0000 -0.5000 -0.8660
vt 1.000000 0.000000
vt 0.600000 0.000000
vt 0.800000 0.000000
vt 0.400000 0.000000
vt 0.000000 0.000000
vt 0.200000 0.000000
vt 0.000000 1.000000
vt 0.333333 1.000000
vt 0.333333 0.833333
vt 0.000000 0.833333
vt 0.000000 0.166667
vt 0.333333 0.166667
vt 0.333333 0.000000
vt 0.000000 0.333333
vt 0.333333 0.333333
vt 0.000000 0.500000
vt 0.333333 0.500000
vt 0.000000 0.666667
vt 0.333333 0.666667
vt 0.666667 1.000000
vt 0.666667 0.833333
vt 0.666667 0.166667
vt 0.666667 0.000000
vt 0.666667 0.333333
vt 0.666667 0.500000
vt 0.666667 0.666667
vt 1.000000 1.000000
vt 1.000000 0.833333
vt 1.000000 0.166667
vt 1.000000 0.333333
vt 1.000000 0.500000
vt 1.000000 0.666667
s 1
usemtl Gold_|_dark_grille
f 3092/3341/3886 3090/3342/3886 3091/3343/3886
f 3092/3341/3886 3089/3344/3886 3090/3342/3886
f 3087/3345/3886 3089/3344/3886 3092/3341/3886
f 3087/3345/3886 3088/3346/3886 3089/3344/3886
f 3096/3342/3887 3098/3341/3887 3097/3343/3887
f 3095/3344/3887 3098/3341/3887 3096/3342/3887
f 3094/3346/3887 3098/3341/3887 3095/3344/3887
f 3094/3346/3887 3093/3345/3887 3098/3341/3887
f 3093/3347/3888 3099/3348/3888 3104/3349/3889 3098/3350/3890
f 3094/3351/3891 3100/3352/3891 3099/3353/3888 3093/3345/3888
f 3095/3354/3892 3101/3355/3893 3100/3352/3892 3094/3351/3892
f 3096/3356/3894 3102/3357/3894 3101/3355/3893 3095/3354/3895
f 3097/3358/3896 3103/3359/3896 3102/3357/3894 3096/3356/3894
f 3098/3350/3897 3104/3349/3889 3103/3359/3897 3097/3358/3897
f 3099/3348/3888 3105/3360/3888 3110/3361/3889 3104/3349/3889
f 3100/3352/3891 3106/3362/3891 3105/3363/3888 3099/3353/3888
f 3101/3355/3893 3107/3364/3893 3106/3362/3892 3100/3352/3892
f 3102/3357/3894 3108/3365/3894 3107/3364/3893 3101/3355/3893
f 3103/3359/3896 3109/3366/3896 3108/3365/3894 3102/3357/3894
f 3104/3349/3889 3110/3361/3889 3109/3366/3897 3103/3359/3897
f 3105/3360/3888 3087/3367/3888 3092/3368/3890 3110/3361/3889
f 3106/3362/3891 3088/3369/3891 3087/3341/3888 3105/3363/3888
f 3107/3364/3893 3089/3370/3893 3088/3369/3892 3106/3362/3892
f 3108/3365/3894 3090/3371/3894 3089/3370/3893 3107/3364/3893
f 3109/3366/3896 3091/3372/3896 3090/3371/3894 3108/3365/3894
f 3110/3361/3889 3092/3368/3897 3091/3372/3897 3109/3366/3897
o Slot_|_left_lower_vent_3
v 0.399718 0.047162 -0.026308
v 0.399718 0.047162 -0.023692
v 0.399718 0.044897 -0.022385
v 0.399718 0.042632 -0.023692
v 0.399718 0.042632 -0.026308
v 0.399718 0.044897 -0.027615
v 0.383154 0.047162 -0.026308
v 0.383154 0.047162 -0.023692
v 0.383154 0.044897 -0.022385
v 0.383154 0.042632 -0.023692
v 0.383154 0.042632 -0.026308
v 0.383154 0.044897 -0.027615
v 0.388885 0.047162 -0.026308
v 0.388885 0.047162 -0.023692
v 0.388885 0.044897 -0.022385
v 0.388885 0.042632 -0.023692
v 0.388885 0.042632 -0.026308
v 0.388885 0.044897 -0.027615
v 0.393986 0.047162 -0.026308
v 0.393986 0.047162 -0.023692
v 0.393986 0.044897 -0.022385
v 0.393986 0.042632 -0.023692
v 0.393986 0.042632 -0.026308
v 0.393986 0.044897 -0.027615
vn 1.0000 -0.0000 -0.0000
vn -1.0000 -0.0000 -0.0000
vn -0.0000 0.8660 -0.5000
vn -0.0000 0.5000 -0.8660
vn -0.0000 1.0000 -0.0000
vn -0.0000 0.8660 0.5000
vn -0.0000 -0.0000 1.0000
vn -0.0000 0.5000 0.8660
vn -0.0000 -0.8660 0.5000
vn -0.0000 -1.0000 -0.0000
vn -0.0000 -0.5000 -0.8660
vt 1.000000 0.000000
vt 0.600000 0.000000
vt 0.800000 0.000000
vt 0.400000 0.000000
vt 0.000000 0.000000
vt 0.200000 0.000000
vt 0.000000 1.000000
vt 0.333333 1.000000
vt 0.333333 0.833333
vt 0.000000 0.833333
vt 0.000000 0.166667
vt 0.333333 0.166667
vt 0.333333 0.000000
vt 0.000000 0.333333
vt 0.333333 0.333333
vt 0.000000 0.500000
vt 0.333333 0.500000
vt 0.000000 0.666667
vt 0.333333 0.666667
vt 0.666667 1.000000
vt 0.666667 0.833333
vt 0.666667 0.166667
vt 0.666667 0.000000
vt 0.666667 0.333333
vt 0.666667 0.500000
vt 0.666667 0.666667
vt 1.000000 1.000000
vt 1.000000 0.833333
vt 1.000000 0.166667
vt 1.000000 0.333333
vt 1.000000 0.500000
vt 1.000000 0.666667
s 1
usemtl Gold_|_dark_grille
f 3116/3373/3898 3114/3374/3898 3115/3375/3898
f 3116/3373/3898 3113/3376/3898 3114/3374/3898
f 3111/3377/3898 3113/3376/3898 3116/3373/3898
f 3111/3377/3898 3112/3378/3898 3113/3376/3898
f 3120/3374/3899 3122/3373/3899 3121/3375/3899
f 3119/3376/3899 3122/3373/3899 3120/3374/3899
f 3118/3378/3899 3122/3373/3899 3119/3376/3899
f 3118/3378/3899 3117/3377/3899 3122/3373/3899
f 3117/3379/3900 3123/3380/3900 3128/3381/3901 3122/3382/3901
f 3118/3383/3902 3124/3384/3903 3123/3385/3900 3117/3377/3900
f 3119/3386/3904 3125/3387/3904 3124/3384/3903 3118/3383/3905
f 3120/3388/3906 3126/3389/3906 3125/3387/3904 3119/3386/3904
f 3121/3390/3907 3127/3391/3907 3126/3389/3906 3120/3388/3906
f 3122/3382/3908 3128/3381/3908 3127/3391/3908 3121/3390/3908
f 3123/3380/3900 3129/3392/3900 3134/3393/3901 3128/3381/3901
f 3124/3384/3903 3130/3394/3903 3129/3395/3900 3123/3385/3900
f 3125/3387/3904 3131/3396/3904 3130/3394/3903 3124/3384/3903
f 3126/3389/3906 3132/3397/3906 3131/3396/3904 3125/3387/3904
f 3127/3391/3907 3133/3398/3907 3132/3397/3906 3126/3389/3906
f 3128/3381/3908 3134/3393/3908 3133/3398/3908 3127/3391/3908
f 3129/3392/3900 3111/3399/3900 3116/3400/3901 3134/3393/3901
f 3130/3394/3903 3112/3401/3902 3111/3373/3900 3129/3395/3900
f 3131/3396/3904 3113/3402/3904 3112/3401/3905 3130/3394/3903
f 3132/3397/3906 3114/3403/3906 3113/3402/3904 3131/3396/3904
f 3133/3398/3907 3115/3404/3907 3114/3403/3906 3132/3397/3906
f 3134/3393/3908 3116/3400/3908 3115/3404/3908 3133/3398/3908
o Slot_|_left_lower_vent_4
v 0.426744 0.047162 -0.026308
v 0.426744 0.047162 -0.023692
v 0.426744 0.044897 -0.022385
v 0.426744 0.042632 -0.023692
v 0.426744 0.042632 -0.026308
v 0.426744 0.044897 -0.027615
v 0.410179 0.047162 -0.026308
v 0.410179 0.047162 -0.023692
v 0.410179 0.044897 -0.022385
v 0.410179 0.042632 -0.023692
v 0.410179 0.042632 -0.026308
v 0.410179 0.044897 -0.027615
v 0.415911 0.047162 -0.026308
v 0.415911 0.047162 -0.023692
v 0.415911 0.044897 -0.022385
v 0.415911 0.042632 -0.023692
v 0.415911 0.042632 -0.026308
v 0.415911 0.044897 -0.027615
v 0.421012 0.047162 -0.026308
v 0.421012 0.047162 -0.023692
v 0.421012 0.044897 -0.022385
v 0.421012 0.042632 -0.023692
v 0.421012 0.042632 -0.026308
v 0.421012 0.044897 -0.027615
vn 1.0000 -0.0000 -0.0000
vn -1.0000 -0.0000 -0.0000
vn -0.0000 0.8660 -0.5000
vn -0.0000 0.5000 -0.8660
vn -0.0000 1.0000 -0.0000
vn -0.0000 0.8660 0.5000
vn -0.0000 -0.0000 1.0000
vn -0.0000 0.5000 0.8660
vn -0.0000 -0.8660 0.5000
vn -0.0000 -1.0000 -0.0000
vn -0.0000 -0.5000 -0.8660
vt 1.000000 0.000000
vt 0.600000 0.000000
vt 0.800000 0.000000
vt 0.400000 0.000000
vt 0.000000 0.000000
vt 0.200000 0.000000
vt 0.000000 1.000000
vt 0.333333 1.000000
vt 0.333333 0.833333
vt 0.000000 0.833333
vt 0.000000 0.166667
vt 0.333333 0.166667
vt 0.333333 0.000000
vt 0.000000 0.333333
vt 0.333333 0.333333
vt 0.000000 0.500000
vt 0.333333 0.500000
vt 0.000000 0.666667
vt 0.333333 0.666667
vt 0.666667 1.000000
vt 0.666667 0.833333
vt 0.666667 0.166667
vt 0.666667 0.000000
vt 0.666667 0.333333
vt 0.666667 0.500000
vt 0.666667 0.666667
vt 1.000000 1.000000
vt 1.000000 0.833333
vt 1.000000 0.166667
vt 1.000000 0.333333
vt 1.000000 0.500000
vt 1.000000 0.666667
s 1
usemtl Gold_|_dark_grille
f 3140/3405/3909 3138/3406/3909 3139/3407/3909
f 3140/3405/3909 3137/3408/3909 3138/3406/3909
f 3135/3409/3909 3137/3408/3909 3140/3405/3909
f 3135/3409/3909 3136/3410/3909 3137/3408/3909
f 3144/3406/3910 3146/3405/3910 3145/3407/3910
f 3143/3408/3910 3146/3405/3910 3144/3406/3910
f 3142/3410/3910 3146/3405/3910 3143/3408/3910
f 3142/3410/3910 3141/3409/3910 3146/3405/3910
f 3141/3411/3911 3147/3412/3911 3152/3413/3912 3146/3414/3912
f 3142/3415/3913 3148/3416/3914 3147/3417/3911 3141/3409/3911
f 3143/3418/3915 3149/3419/3915 3148/3416/3914 3142/3415/3916
f 3144/3420/3917 3150/3421/3917 3149/3419/3915 3143/3418/3915
f 3145/3422/3918 3151/3423/3918 3150/3421/3917 3144/3420/3917
f 3146/3414/3919 3152/3413/3919 3151/3423/3919 3145/3422/3919
f 3147/3412/3911 3153/3424/3911 3158/3425/3912 3152/3413/3912
f 3148/3416/3914 3154/3426/3914 3153/3427/3911 3147/3417/3911
f 3149/3419/3915 3155/3428/3915 3154/3426/3914 3148/3416/3914
f 3150/3421/3917 3156/3429/3917 3155/3428/3915 3149/3419/3915
f 3151/3423/3918 3157/3430/3918 3156/3429/3917 3150/3421/3917
f 3152/3413/3919 3158/3425/3919 3157/3430/3919 3151/3423/3919
f 3153/3424/3911 3135/3431/3911 3140/3432/3912 3158/3425/3912
f 3154/3426/3914 3136/3433/3913 3135/3405/3911 3153/3427/3911
f 3155/3428/3915 3137/3434/3915 3136/3433/3916 3154/3426/3914
f 3156/3429/3917 3138/3435/3917 3137/3434/3915 3155/3428/3915
f 3157/3430/3918 3139/3436/3918 3138/3435/3917 3156/3429/3917
f 3158/3425/3919 3140/3432/3919 3139/3436/3919 3157/3430/3919
o Glow_|_left_handle_strut
v 0.013973 0.159269 -0.015308
v 0.013973 0.159269 -0.012692
v 0.015692 0.157795 -0.011385
v 0.017412 0.156321 -0.012692
v 0.017412 0.156321 -0.015308
v 0.015692 0.157795 -0.016615
v -0.025774 0.109478 -0.015308
v -0.025774 0.109478 -0.012692
v -0.023974 0.108103 -0.011385
v -0.022174 0.106728 -0.012692
v -0.022174 0.106728 -0.015308
v -0.023974 0.108103 -0.016615
v -0.017565 0.120383 -0.015308
v -0.017565 0.120383 -0.012692
v -0.015755 0.119022 -0.011385
v -0.013944 0.117660 -0.012692
v -0.013944 0.117660 -0.015308
v -0.015755 0.119022 -0.016615
v -0.010243 0.130127 -0.015308
v -0.010243 0.130127 -0.012692
v -0.008447 0.128747 -0.011385
v -0.006652 0.127366 -0.012692
v -0.006652 0.127366 -0.015308
v -0.008447 0.128747 -0.016615
v -0.001761 0.140912 -0.015308
v -0.001761 0.140912 -0.012692
v -0.000000 0.139487 -0.011385
v 0.001761 0.138062 -0.012692
v 0.001761 0.138062 -0.015308
v 0.000000 0.139487 -0.016615
v 0.003615 0.147366 -0.015308
v 0.003615 0.147366 -0.012692
v 0.005339 0.145897 -0.011385
v 0.007064 0.144429 -0.012692
v 0.007064 0.144429 -0.015308
v 0.005339 0.145897 -0.016615
v 0.008509 0.152985 -0.015308
v 0.008509 0.152985 -0.012692
v 0.010217 0.151498 -0.011385
v 0.011926 0.150011 -0.012692
v 0.011926 0.150011 -0.015308
v 0.010217 0.151498 -0.016615
vn 0.6508 0.7593 -0.0000
vn -0.6070 -0.7947 -0.0000
vn -0.6915 0.5205 -0.5010
vn -0.6921 0.5205 -0.5001
vn -0.3996 0.3005 -0.8660
vn -0.3995 0.3007 -0.8660
vn -0.6915 0.5205 0.5010
vn -0.6921 0.5205 0.5001
vn -0.3995 0.3007 0.8660
vn -0.3996 0.3005 0.8660
vn 0.6923 -0.5212 0.4990
vn 0.6922 -0.5206 0.4999
vn 0.3996 -0.3005 0.8660
vn 0.3995 -0.3007 0.8660
vn 0.6923 -0.5212 -0.4990
vn 0.6922 -0.5206 -0.4999
vn 0.3995 -0.3007 -0.8660
vn 0.3996 -0.3005 -0.8660
vn -0.6873 0.5284 -0.4985
vn -0.3964 0.3047 -0.8660
vn -0.6873 0.5284 0.4985
vn -0.3964 0.3047 0.8660
vn 0.6859 -0.5273 0.5015
vn 0.3964 -0.3047 0.8660
vn 0.6859 -0.5273 -0.5015
vn 0.3964 -0.3047 -0.8660
vn -0.6740 0.5456 -0.4981
vn -0.3886 0.3146 -0.8660
vn -0.6740 0.5456 0.4981
vn -0.3886 0.3146 0.8660
vn 0.6723 -0.5442 0.5019
vn 0.3886 -0.3146 0.8660
vn 0.6723 -0.5442 -0.5019
vn 0.3886 -0.3146 -0.8660
vn -0.6599 0.5621 -0.4985
vn -0.3806 0.3242 -0.8660
vn -0.6599 0.5621 0.4985
vn -0.3806 0.3242 0.8660
vn 0.6586 -0.5610 0.5015
vn 0.3806 -0.3242 0.8660
vn 0.6586 -0.5610 -0.5015
vn 0.3806 -0.3242 -0.8660
vn -0.6533 0.5685 -0.5001
vn -0.3772 0.3282 -0.8660
vn -0.6533 0.5685 0.5001
vn -0.3772 0.3282 0.8660
vn 0.6533 -0.5685 0.4999
vn 0.3772 -0.3282 0.8660
vn 0.6533 -0.5685 -0.4999
vn 0.3772 -0.3282 -0.8660
vn -0.6531 0.5679 -0.5010
vn -0.3773 0.3281 -0.8660
vn -0.6531 0.5679 0.5010
vn -0.3773 0.3281 0.8660
vn 0.6540 -0.5686 0.4990
vn 0.3773 -0.3281 0.8660
vn 0.6540 -0.5686 -0.4990
vn 0.3773 -0.3281 -0.8660
vt 1.000000 0.000000
vt 0.600000 0.000000
vt 0.800000 0.000000
vt 0.400000 0.000000
vt 0.000000 0.000000
vt 0.200000 0.000000
vt 0.000000 1.000000
vt 0.166667 1.000000
vt 0.166667 0.833333
vt 0.000000 0.833333
vt 0.000000 0.166667
vt 0.166667 0.166667
vt 0.166667 0.000000
vt 0.000000 0.333333
vt 0.166667 0.333333
vt 0.000000 0.500000
vt 0.166667 0.500000
vt 0.000000 0.666667
vt 0.166667 0.666667
vt 0.333333 1.000000
vt 0.333333 0.833333
vt 0.333333 0.166667
vt 0.333333 0.000000
vt 0.333333 0.333333
vt 0.333333 0.500000
vt 0.333333 0.666667
vt 0.500000 1.000000
vt 0.500000 0.833333
vt 0.500000 0.166667
vt 0.500000 0.000000
vt 0.500000 0.333333
vt 0.500000 0.500000
vt 0.500000 0.666667
vt 0.666667 1.000000
vt 0.666667 0.833333
vt 0.666667 0.166667
vt 0.666667 0.000000
vt 0.666667 0.333333
vt 0.666667 0.500000
vt 0.666667 0.666667
vt 0.833333 1.000000
vt 0.833333 0.833333
vt 0.833333 0.166667
vt 0.833333 0.000000
vt 0.833333 0.333333
vt 0.833333 0.500000
vt 0.833333 0.666667
vt 1.000000 1.000000
vt 1.000000 0.833333
vt 1.000000 0.166667
vt 1.000000 0.333333
vt 1.000000 0.500000
vt 1.000000 0.666667
s 1
usemtl Glow_|_amber
f 3164/3437/3920 3162/3438/3920 3163/3439/3920
f 3164/3437/3920 3161/3440/3920 3162/3438/3920
f 3159/3441/3920 3161/3440/3920 3164/3437/3920
f 3159/3441/3920 3160/3442/3920 3161/3440/3920
f 3167/3440/3921 3169/3439/3921 3168/3438/3921
f 3167/3440/3921 3170/3437/3921 3169/3439/3921
f 3166/3442/3921 3170/3437/3921 3167/3440/3921
f 3166/3442/3921 3165/3441/3921 3170/3437/3921
f 3165/3443/3922 3171/3444/3923 3176/3445/3924 3170/3446/3925
f 3166/3447/3926 3172/3448/3927 3171/3449/3923 3165/3441/3922
f 3167/3450/3928 3173/3451/3929 3172/3448/3927 3166/3447/3926
f 3168/3452/3930 3174/3453/3931 3173/3451/3932 3167/3450/3933
f 3169/3454/3934 3175/3455/3935 3174/3453/3931 3168/3452/3930
f 3170/3446/3936 3176/3445/3937 3175/3455/3935 3169/3454/3934
f 3171/3444/3923 3177/3456/3938 3182/3457/3939 3176/3445/3924
f 3172/3448/3927 3178/3458/3940 3177/3459/3938 3171/3449/3923
f 3173/3451/3929 3179/3460/3941 3178/3458/3940 3172/3448/3927
f 3174/3453/3931 3180/3461/3942 3179/3460/3943 3173/3451/3932
f 3175/3455/3935 3181/3462/3944 3180/3461/3942 3174/3453/3931
f 3176/3445/3937 3182/3457/3945 3181/3462/3944 3175/3455/3935
f 3177/3456/3938 3183/3463/3946 3188/3464/3947 3182/3457/3939
f 3178/3458/3940 3184/3465/3948 3183/3466/3946 3177/3459/3938
f 3179/3460/3941 3185/3467/3949 3184/3465/3948 3178/3458/3940
f 3180/3461/3942 3186/3468/3950 3185/3467/3951 3179/3460/3943
f 3181/3462/3944 3187/3469/3952 3186/3468/3950 3180/3461/3942
f 3182/3457/3945 3188/3464/3953 3187/3469/3952 3181/3462/3944
f 3183/3463/3946 3189/3470/3954 3194/3471/3955 3188/3464/3947
f 3184/3465/3948 3190/3472/3956 3189/3473/3954 3183/3466/3946
f 3185/3467/3949 3191/3474/3957 3190/3472/3956 3184/3465/3948
f 3186/3468/3950 3192/3475/3958 3191/3474/3959 3185/3467/3951
f 3187/3469/3952 3193/3476/3960 3192/3475/3958 3186/3468/3950
f 3188/3464/3953 3194/3471/3961 3193/3476/3960 3187/3469/3952
f 3189/3470/3954 3195/3477/3962 3200/3478/3963 3194/3471/3955
f 3190/3472/3956 3196/3479/3964 3195/3480/3962 3189/3473/3954
f 3191/3474/3957 3197/3481/3965 3196/3479/3964 3190/3472/3956
f 3192/3475/3958 3198/3482/3966 3197/3481/3967 3191/3474/3959
f 3193/3476/3960 3199/3483/3968 3198/3482/3966 3192/3475/3958
f 3194/3471/3961 3200/3478/3969 3199/3483/3968 3193/3476/3960
f 3195/3477/3962 3159/3484/3970 3164/3485/3971 3200/3478/3963
f 3196/3479/3964 3160/3486/3972 3159/3437/3970 3195/3480/3962
f 3197/3481/3965 3161/3487/3973 3160/3486/3972 3196/3479/3964
f 3198/3482/3966 3162/3488/3974 3161/3487/3975 3197/3481/3967
f 3199/3483/3968 3163/3489/3976 3162/3488/3974 3198/3482/3966
f 3200/3478/3969 3164/3485/3977 3163/3489/3976 3199/3483/3968
o Trim_|_left_handle_edge
v 0.270244 0.116645 -0.014654
v 0.270244 0.116645 -0.013346
v 0.270256 0.115513 -0.012692
v 0.270269 0.114380 -0.013346
v 0.270269 0.114380 -0.014654
v 0.270256 0.115513 -0.015308
v 0.074962 0.114466 -0.014654
v 0.074962 0.114466 -0.013346
v 0.074974 0.113333 -0.012692
v 0.074987 0.112201 -0.013346
v 0.074987 0.112201 -0.014654
v 0.074974 0.113333 -0.015308
v 0.142533 0.115220 -0.014654
v 0.142533 0.115220 -0.013346
v 0.142545 0.114087 -0.012692
v 0.142558 0.112955 -0.013346
v 0.142558 0.112955 -0.014654
v 0.142545 0.114087 -0.015308
v 0.202673 0.115891 -0.014654
v 0.202673 0.115891 -0.013346
v 0.202685 0.114759 -0.012692
v 0.202698 0.113626 -0.013346
v 0.202698 0.113626 -0.014654
v 0.202685 0.114759 -0.015308
vn 0.9999 0.0112 -0.0000
vn -0.9999 -0.0112 -0.0000
vn -0.0097 0.8660 -0.5000
vn -0.0056 0.5000 -0.8660
vn -0.0097 0.8660 0.5000
vn -0.0056 0.5000 0.8660
vn 0.0097 -0.8660 0.5000
vn 0.0056 -0.5000 0.8660
vn 0.0097 -0.8660 -0.5000
vn 0.0056 -0.5000 -0.8660
vt 1.000000 0.000000
vt 0.600000 0.000000
vt 0.800000 0.000000
vt 0.400000 0.000000
vt 0.000000 0.000000
vt 0.200000 0.000000
vt 0.000000 1.000000
vt 0.333333 1.000000
vt 0.333333 0.833333
vt 0.000000 0.833333
vt 0.000000 0.166667
vt 0.333333 0.166667
vt 0.333333 0.000000
vt 0.000000 0.333333
vt 0.333333 0.333333
vt 0.000000 0.500000
vt 0.333333 0.500000
vt 0.000000 0.666667
vt 0.333333 0.666667
vt 0.666667 1.000000
vt 0.666667 0.833333
vt 0.666667 0.166667
vt 0.666667 0.000000
vt 0.666667 0.333333
vt 0.666667 0.500000
vt 0.666667 0.666667
vt 1.000000 1.000000
vt 1.000000 0.833333
vt 1.000000 0.166667
vt 1.000000 0.333333
vt 1.000000 0.500000
vt 1.000000 0.666667
s 1
usemtl Gold_|_polished_trim
f 3206/3490/3978 3204/3491/3978 3205/3492/3978
f 3206/3490/3978 3203/3493/3978 3204/3491/3978
f 3201/3494/3978 3203/3493/3978 3206/3490/3978
f 3201/3494/3978 3202/3495/3978 3203/3493/3978
f 3209/3493/3979 3211/3492/3979 3210/3491/3979
f 3209/3493/3979 3212/3490/3979 3211/3492/3979
f 3208/3495/3979 3212/3490/3979 3209/3493/3979
f 3208/3495/3979 3207/3494/3979 3212/3490/3979
f 3207/3496/3980 3213/3497/3980 3218/3498/3981 3212/3499/3981
f 3208/3500/3982 3214/3501/3982 3213/3502/3980 3207/3494/3980
f 3209/3503/3983 3215/3504/3983 3214/3501/3982 3208/3500/3982
f 3210/3505/3984 3216/3506/3984 3215/3504/3985 3209/3503/3985
f 3211/3507/3986 3217/3508/3986 3216/3506/3984 3210/3505/3984
f 3212/3499/3987 3218/3498/3987 3217/3508/3986 3211/3507/3986
f 3213/3497/3980 3219/3509/3980 3224/3510/3981 3218/3498/3981
f 3214/3501/3982 3220/3511/3982 3219/3512/3980 3213/3502/3980
f 3215/3504/3983 3221/3513/3983 3220/3511/3982 3214/3501/3982
f 3216/3506/3984 3222/3514/3984 3221/3513/3985 3215/3504/3985
f 3217/3508/3986 3223/3515/3986 3222/3514/3984 3216/3506/3984
f 3218/3498/3987 3224/3510/3987 3223/3515/3986 3217/3508/3986
f 3219/3509/3980 3201/3516/3980 3206/3517/3981 3224/3510/3981
f 3220/3511/3982 3202/3518/3982 3201/3490/3980 3219/3512/3980
f 3221/3513/3983 3203/3519/3983 3202/3518/3982 3220/3511/3982
f 3222/3514/3984 3204/3520/3984 3203/3519/3985 3221/3513/3985
f 3223/3515/3986 3205/3521/3986 3204/3520/3984 3222/3514/3984
f 3224/3510/3987 3206/3517/3987 3205/3521/3986 3223/3515/3986
o Glow_|_left_magazine_strip_1
v -0.121997 0.026067 -0.018308
v -0.121997 0.026067 -0.015692
v -0.119872 0.025282 -0.014385
v -0.117747 0.024497 -0.015692
v -0.117747 0.024497 -0.018308
v -0.119872 0.025282 -0.019615
v -0.150330 -0.050651 -0.018308
v -0.150330 -0.050651 -0.015692
v -0.148205 -0.051436 -0.014385
v -0.146080 -0.052221 -0.015692
v -0.146080 -0.052221 -0.018308
v -0.148205 -0.051436 -0.019615
v -0.140526 -0.024105 -0.018308
v -0.140526 -0.024105 -0.015692
v -0.138401 -0.024890 -0.014385
v -0.136277 -0.025675 -0.015692
v -0.136277 -0.025675 -0.018308
v -0.138401 -0.024890 -0.019615
v -0.131800 -0.000479 -0.018308
v -0.131800 -0.000479 -0.015692
v -0.129676 -0.001264 -0.014385
v -0.127551 -0.002048 -0.015692
v -0.127551 -0.002048 -0.018308
v -0.129676 -0.001264 -0.019615
vn 0.3464 0.9381 -0.0000
vn -0.3464 -0.9381 -0.0000
vn -0.3465 -0.9381 -0.0000
vn -0.8124 0.3000 -0.5000
vn -0.4690 0.1732 -0.8660
vn -0.8124 0.3000 0.5000
vn -0.4690 0.1732 0.8660
vn 0.8124 -0.3000 0.5000
vn 0.4690 -0.1732 0.8660
vn 0.8124 -0.3000 -0.5000
vn 0.4690 -0.1732 -0.8660
vn -0.0000 -0.0000 -1.0000
vn 0.9381 -0.3464 -0.0000
vt 1.000000 0.000000
vt 0.600000 0.000000
vt 0.800000 0.000000
vt 0.400000 0.000000
vt 0.000000 0.000000
vt 0.200000 0.000000
vt 0.000000 1.000000
vt 0.333333 1.000000
vt 0.333333 0.833333
vt 0.000000 0.833333
vt 0.000000 0.166667
vt 0.333333 0.166667
vt 0.333333 0.000000
vt 0.000000 0.333333
vt 0.333333 0.333333
vt 0.000000 0.500000
vt 0.333333 0.500000
vt 0.000000 0.666667
vt 0.333333 0.666667
vt 0.666667 1.000000
vt 0.666667 0.833333
vt 0.666667 0.166667
vt 0.666667 0.000000
vt 0.666667 0.333333
vt 0.666667 0.500000
vt 0.666667 0.666667
vt 1.000000 1.000000
vt 1.000000 0.833333
vt 1.000000 0.166667
vt 1.000000 0.333333
vt 1.000000 0.500000
vt 1.000000 0.666667
s 1
usemtl Glow_|_amber
f 3230/3522/3988 3228/3523/3988 3229/3524/3988
f 3230/3522/3988 3227/3525/3988 3228/3523/3988
f 3225/3526/3988 3227/3525/3988 3230/3522/3988
f 3225/3526/3988 3226/3527/3988 3227/3525/3988
f 3233/3525/3989 3235/3524/3989 3234/3523/3989
f 3233/3525/3989 3236/3522/3989 3235/3524/3989
f 3232/3527/3989 3236/3522/3989 3233/3525/3989
f 3232/3527/3989 3231/3526/3990 3236/3522/3989
f 3231/3528/3991 3237/3529/3991 3242/3530/3992 3236/3531/3992
f 3232/3532/3993 3238/3533/3993 3237/3534/3991 3231/3526/3991
f 3233/3535/3994 3239/3536/3994 3238/3533/3993 3232/3532/3993
f 3234/3537/3995 3240/3538/3995 3239/3536/3996 3233/3535/3996
f 3235/3539/3997 3241/3540/3997 3240/3538/3995 3234/3537/3995
f 3236/3531/3998 3242/3530/3998 3241/3540/3997 3235/3539/3997
f 3237/3529/3991 3243/3541/3991 3248/3542/3999 3242/3530/3992
f 3238/3533/3993 3244/3543/3993 3243/3544/3991 3237/3534/3991
f 3239/3536/3994 3245/3545/3994 3244/3543/3993 3238/3533/3993
f 3240/3538/3995 3246/3546/3995 3245/3545/3996 3239/3536/3996
f 3241/3540/3997 3247/3547/3997 3246/3546/3995 3240/3538/3995
f 3242/3530/3998 3248/3542/3999 3247/3547/3997 3241/3540/3997
f 3243/3541/3991 3225/3548/3991 3230/3549/3999 3248/3542/3999
f 3244/3543/3993 3226/3550/3993 3225/3522/3991 3243/3544/3991
f 3245/3545/3994 3227/3551/3994 3226/3550/3993 3244/3543/3993
f 3246/3546/3995 3228/3552/3995 3227/3551/3996 3245/3545/3996
f 3247/3547/3997 3229/3553/4000 3228/3552/3995 3246/3546/3995
f 3248/3542/3999 3230/3549/3999 3229/3553/3998 3247/3547/3997
o Glow_|_left_magazine_strip_2
v -0.098913 0.029066 -0.018308
v -0.098913 0.029066 -0.015692
v -0.096769 0.028333 -0.014385
v -0.094626 0.027601 -0.015692
v -0.094626 0.027601 -0.018308
v -0.096769 0.028333 -0.019615
v -0.128554 -0.057678 -0.018308
v -0.128554 -0.057678 -0.015692
v -0.126410 -0.058410 -0.014385
v -0.124267 -0.059143 -0.015692
v -0.124267 -0.059143 -0.018308
v -0.126410 -0.058410 -0.019615
v -0.118297 -0.027663 -0.018308
v -0.118297 -0.027663 -0.015692
v -0.116154 -0.028395 -0.014385
v -0.114011 -0.029128 -0.015692
v -0.114011 -0.029128 -0.018308
v -0.116154 -0.028395 -0.019615
v -0.109169 -0.000949 -0.018308
v -0.109169 -0.000949 -0.015692
v -0.107026 -0.001681 -0.014385
v -0.104882 -0.002414 -0.015692
v -0.104882 -0.002414 -0.018308
v -0.107026 -0.001681 -0.019615
vn 0.3234 0.9463 -0.0000
vn -0.3234 -0.9463 -0.0000
vn -0.3233 -0.9463 -0.0000
vn -0.4731 0.1617 -0.8660
vn -0.8195 0.2800 -0.5000
vn -0.9463 0.3234 -0.0000
vn -0.8195 0.2800 0.5000
vn -0.4731 0.1617 0.8660
vn 0.8195 -0.2800 0.5000
vn 0.4731 -0.1617 0.8660
vn 0.8195 -0.2800 -0.5000
vn 0.4731 -0.1617 -0.8660
vn 0.9463 -0.3234 -0.0000
vt 1.000000 0.000000
vt 0.600000 0.000000
vt 0.800000 0.000000
vt 0.400000 0.000000
vt 0.000000 0.000000
vt 0.200000 0.000000
vt 0.000000 1.000000
vt 0.333333 1.000000
vt 0.333333 0.833333
vt 0.000000 0.833333
vt 0.000000 0.166667
vt 0.333333 0.166667
vt 0.333333 0.000000
vt 0.000000 0.333333
vt 0.333333 0.333333
vt 0.000000 0.500000
vt 0.333333 0.500000
vt 0.000000 0.666667
vt 0.333333 0.666667
vt 0.666667 1.000000
vt 0.666667 0.833333
vt 0.666667 0.166667
vt 0.666667 0.000000
vt 0.666667 0.333333
vt 0.666667 0.500000
vt 0.666667 0.666667
vt 1.000000 1.000000
vt 1.000000 0.833333
vt 1.000000 0.166667
vt 1.000000 0.333333
vt 1.000000 0.500000
vt 1.000000 0.666667
s 1
usemtl Glow_|_amber
f 3254/3554/4001 3252/3555/4001 3253/3556/4001
f 3254/3554/4001 3251/3557/4001 3252/3555/4001
f 3249/3558/4001 3251/3557/4001 3254/3554/4001
f 3249/3558/4001 3250/3559/4001 3251/3557/4001
f 3257/3557/4002 3259/3556/4002 3258/3555/4002
f 3257/3557/4002 3260/3554/4002 3259/3556/4002
f 3256/3559/4003 3260/3554/4002 3257/3557/4002
f 3256/3559/4003 3255/3558/4003 3260/3554/4002
f 3255/3560/4004 3261/3561/4005 3266/3562/4004 3260/3563/4004
f 3256/3564/4006 3262/3565/4007 3261/3566/4005 3255/3558/4006
f 3257/3567/4008 3263/3568/4008 3262/3565/4007 3256/3564/4008
f 3258/3569/4009 3264/3570/4009 3263/3568/4010 3257/3567/4010
f 3259/3571/4011 3265/3572/4011 3264/3570/4009 3258/3569/4009
f 3260/3563/4012 3266/3562/4012 3265/3572/4011 3259/3571/4011
f 3261/3561/4005 3267/3573/4005 3272/3574/4004 3266/3562/4004
f 3262/3565/4007 3268/3575/4007 3267/3576/4005 3261/3566/4005
f 3263/3568/4008 3269/3577/4008 3268/3575/4007 3262/3565/4007
f 3264/3570/4009 3270/3578/4010 3269/3577/4010 3263/3568/4010
f 3265/3572/4011 3271/3579/4013 3270/3578/4013 3264/3570/4009
f 3266/3562/4012 3272/3574/4012 3271/3579/4012 3265/3572/4011
f 3267/3573/4005 3249/3580/4005 3254/3581/4004 3272/3574/4004
f 3268/3575/4007 3250/3582/4007 3249/3554/4005 3267/3576/4005
f 3269/3577/4008 3251/3583/4008 3250/3582/4007 3268/3575/4007
f 3270/3578/4010 3252/3584/4010 3251/3583/4010 3269/3577/4010
f 3271/3579/4013 3253/3585/4013 3252/3584/4013 3270/3578/4013
f 3272/3574/4012 3254/3581/4012 3253/3585/4012 3271/3579/4012
o Grip_|_left_rubber_panel
v -0.017436 -0.058410 -0.016200
v -0.020984 -0.056807 -0.016200
v -0.024256 -0.055303 -0.016200
v -0.026841 -0.053282 -0.016200
v -0.028333 -0.050128 -0.016200
v -0.027538 -0.035661 -0.016200
v -0.020447 -0.023885 -0.016200
v -0.010217 -0.012699 -0.016200
v 0.000000 0.000000 -0.016200
v 0.005675 0.008330 -0.016200
v 0.011099 0.015638 -0.016200
v 0.016422 0.022537 -0.016200
v 0.021795 0.029641 -0.016200
v 0.044462 0.029641 -0.016200
v 0.044615 0.025620 -0.016200
v 0.044870 0.021679 -0.016200
v 0.044921 0.017578 -0.016200
v 0.044462 0.013077 -0.016200
v 0.041413 0.000582 -0.016200
v 0.037383 -0.010050 -0.016200
v 0.032861 -0.020561 -0.016200
v 0.028333 -0.032692 -0.016200
v 0.025186 -0.042798 -0.016200
v 0.022509 -0.051967 -0.016200
v 0.020019 -0.060762 -0.016200
v 0.017436 -0.069744 -0.016200
v 0.008867 -0.067312 -0.016200
v 0.000398 -0.065149 -0.016200
v -0.008271 -0.062450 -0.016200
v -0.017436 -0.058410 -0.019800
v -0.020984 -0.056807 -0.019800
v -0.024256 -0.055303 -0.019800
v -0.026841 -0.053282 -0.019800
v -0.028333 -0.050128 -0.019800
v -0.027538 -0.035661 -0.019800
v -0.020447 -0.023885 -0.019800
v -0.010217 -0.012699 -0.019800
v 0.000000 -0.000000 -0.019800
v 0.005675 0.008330 -0.019800
v 0.011099 0.015638 -0.019800
v 0.016422 0.022537 -0.019800
v 0.021795 0.029641 -0.019800
v 0.044462 0.029641 -0.019800
v 0.044615 0.025620 -0.019800
v 0.044870 0.021679 -0.019800
v 0.044921 0.017578 -0.019800
v 0.044462 0.013077 -0.019800
v 0.041413 0.000582 -0.019800
v 0.037383 -0.010050 -0.019800
v 0.032861 -0.020561 -0.019800
v 0.028333 -0.032692 -0.019800
v 0.025186 -0.042798 -0.019800
v 0.022509 -0.051967 -0.019800
v 0.020019 -0.060762 -0.019800
v 0.017436 -0.069744 -0.019800
v 0.008867 -0.067312 -0.019800
v 0.000398 -0.065149 -0.019800
v -0.008271 -0.062450 -0.019800
v -0.017609 -0.058798 -0.019624
v -0.017680 -0.058958 -0.019200
v -0.017680 -0.058958 -0.016800
v -0.017609 -0.058798 -0.016376
v -0.021160 -0.057193 -0.019624
v -0.021233 -0.057353 -0.019200
v -0.021233 -0.057353 -0.016800
v -0.021160 -0.057193 -0.016376
v -0.024478 -0.055668 -0.019624
v -0.024570 -0.055819 -0.019200
v -0.024570 -0.055819 -0.016800
v -0.024478 -0.055668 -0.016376
v -0.027182 -0.053554 -0.019624
v -0.027323 -0.053667 -0.019200
v -0.027323 -0.053667 -0.016800
v -0.027182 -0.053554 -0.016376
v -0.028763 -0.050212 -0.019624
v -0.028941 -0.050247 -0.019200
v -0.028941 -0.050247 -0.016800
v -0.028763 -0.050212 -0.016376
v -0.027956 -0.035533 -0.019624
v -0.028129 -0.035479 -0.019200
v -0.028129 -0.035479 -0.016800
v -0.027956 -0.035533 -0.016376
v -0.020789 -0.023630 -0.019624
v -0.020931 -0.023525 -0.019200
v -0.020931 -0.023525 -0.016800
v -0.020789 -0.023630 -0.016376
v -0.010539 -0.012423 -0.019624
v -0.010672 -0.012308 -0.019200
v -0.010672 -0.012308 -0.016800
v -0.010539 -0.012423 -0.016376
v -0.000341 0.000253 -0.019624
v -0.000482 0.000358 -0.019200
v -0.000482 0.000358 -0.016800
v -0.000341 0.000253 -0.016376
v 0.005330 0.008576 -0.019624
v 0.005186 0.008678 -0.019200
v 0.005186 0.008678 -0.016800
v 0.005330 0.008576 -0.016376
v 0.010761 0.015894 -0.019624
v 0.010620 0.016000 -0.019200
v 0.010620 0.016000 -0.016800
v 0.010761 0.015894 -0.016376
v 0.016085 0.022795 -0.019624
v 0.015945 0.022902 -0.019200
v 0.015945 0.022902 -0.016800
v 0.016085 0.022795 -0.016376
v 0.021584 0.030065 -0.019624
v 0.021496 0.030241 -0.019200
v 0.021496 0.030241 -0.016800
v 0.021584 0.030065 -0.016376
v 0.044870 0.030065 -0.019624
v 0.045039 0.030241 -0.019200
v 0.045039 0.030241 -0.016800
v 0.044870 0.030065 -0.016376
v 0.045039 0.025642 -0.019624
v 0.045214 0.025651 -0.019200
v 0.045214 0.025651 -0.016800
v 0.045039 0.025642 -0.016376
v 0.045294 0.021695 -0.019624
v 0.045470 0.021702 -0.019200
v 0.045470 0.021702 -0.016800
v 0.045294 0.021695 -0.016376
v 0.045346 0.017559 -0.019624
v 0.045522 0.017551 -0.019200
v 0.045522 0.017551 -0.016800
v 0.045346 0.017559 -0.016376
v 0.044881 0.013005 -0.019624
v 0.045054 0.012975 -0.019200
v 0.045054 0.012975 -0.016800
v 0.044881 0.013005 -0.016376
v 0.041819 0.000456 -0.019624
v 0.041987 0.000404 -0.019200
v 0.041987 0.000404 -0.016800
v 0.041819 0.000456 -0.016376
v 0.037777 -0.010209 -0.019624
v 0.037940 -0.010275 -0.019200
v 0.037940 -0.010275 -0.016800
v 0.037777 -0.010209 -0.016376
v 0.033255 -0.020719 -0.019624
v 0.033418 -0.020785 -0.019200
v 0.033418 -0.020785 -0.016800
v 0.033255 -0.020719 -0.016376
v 0.028735 -0.032830 -0.019624
v 0.028901 -0.032887 -0.019200
v 0.028901 -0.032887 -0.016800
v 0.028735 -0.032830 -0.016376
v 0.025592 -0.042920 -0.019624
v 0.025761 -0.042971 -0.019200
v 0.025761 -0.042971 -0.016800
v 0.025592 -0.042920 -0.016376
v 0.022917 -0.052084 -0.019624
v 0.023086 -0.052133 -0.019200
v 0.023086 -0.052133 -0.016800
v 0.022917 -0.052084 -0.016376
v 0.020427 -0.060878 -0.019624
v 0.020596 -0.060926 -0.019200
v 0.020596 -0.060926 -0.016800
v 0.020427 -0.060878 -0.016376
v 0.017727 -0.070267 -0.019624
v 0.017847 -0.070484 -0.019200
v 0.017847 -0.070484 -0.016800
v 0.017727 -0.070267 -0.016376
v 0.008757 -0.067722 -0.019624
v 0.008711 -0.067892 -0.019200
v 0.008711 -0.067892 -0.016800
v 0.008757 -0.067722 -0.016376
v 0.000282 -0.065557 -0.019624
v 0.000234 -0.065726 -0.019200
v 0.000234 -0.065726 -0.016800
v 0.000282 -0.065557 -0.016376
v -0.008420 -0.062848 -0.019624
v -0.008482 -0.063012 -0.019200
v -0.008482 -0.063012 -0.016800
v -0.008420 -0.062848 -0.016376
vn -0.1546 0.1181 0.9809
vn 0.1467 0.1524 0.9774
vn -0.1006 0.2022 0.9742
vn 0.1932 0.0099 0.9811
vn 0.1980 0.0076 0.9802
vn -0.1565 0.1184 0.9806
vn 0.2014 -0.0090 0.9795
vn 0.1999 -0.0344 0.9792
vn -0.1609 0.1145 0.9803
vn 0.1930 -0.0599 0.9794
vn -0.1528 0.1133 0.9817
vn 0.1833 -0.0741 0.9803
vn -0.1451 0.1245 0.9815
vn 0.1783 -0.0716 0.9814
vn -0.1651 0.1233 0.9786
vn 0.1814 -0.0620 0.9814
vn -0.2084 0.0641 0.9760
vn 0.1858 -0.0560 0.9810
vn -0.2142 -0.0420 0.9759
vn 0.1870 -0.0538 0.9809
vn -0.1697 -0.1357 0.9761
vn 0.1878 -0.0536 0.9807
vn -0.1080 -0.1773 0.9782
vn -0.0811 -0.1779 0.9807
vn -0.0797 -0.1787 0.9807
vn -0.0707 -0.1887 0.9795
vn -0.0504 -0.1868 0.9811
vn 0.1018 -0.1833 0.9778
vn -0.0540 -0.1906 0.9802
vn -0.1546 0.1181 -0.9809
vn -0.1006 0.2022 -0.9742
vn 0.1467 0.1524 -0.9774
vn 0.1932 0.0099 -0.9811
vn 0.1980 0.0076 -0.9802
vn -0.1565 0.1184 -0.9806
vn 0.2014 -0.0090 -0.9795
vn 0.1999 -0.0344 -0.9792
vn -0.1609 0.1145 -0.9803
vn 0.1930 -0.0599 -0.9794
vn -0.1528 0.1133 -0.9817
vn 0.1833 -0.0741 -0.9803
vn -0.1451 0.1245 -0.9815
vn 0.1783 -0.0716 -0.9814
vn -0.1651 0.1233 -0.9786
vn 0.1814 -0.0620 -0.9814
vn -0.2084 0.0641 -0.9760
vn 0.1858 -0.0560 -0.9810
vn -0.2142 -0.0420 -0.9759
vn 0.1870 -0.0538 -0.9809
vn -0.1697 -0.1357 -0.9761
vn 0.1878 -0.0536 -0.9807
vn -0.1080 -0.1773 -0.9782
vn -0.0811 -0.1779 -0.9807
vn -0.0797 -0.1787 -0.9807
vn -0.0707 -0.1887 -0.9795
vn -0.0504 -0.1868 -0.9811
vn 0.1018 -0.1833 -0.9778
vn -0.0540 -0.1906 -0.9802
vn -0.1559 -0.3495 -0.9239
vn -0.1587 -0.3482 -0.9239
vn -0.3997 -0.8957 -0.1950
vn -0.4068 -0.8925 -0.1950
vn -0.3832 -0.8407 -0.3827
vn -0.3765 -0.8437 -0.3827
vn -0.3997 -0.8957 0.1950
vn -0.4068 -0.8925 0.1950
vn -0.3765 -0.8437 0.3827
vn -0.3832 -0.8407 0.3827
vn -0.1587 -0.3482 0.9239
vn -0.1559 -0.3495 0.9239
vn -0.1980 -0.3249 -0.9248
vn -0.5105 -0.8378 -0.1935
vn -0.4802 -0.7882 -0.3849
vn -0.5105 -0.8378 0.1935
vn -0.4802 -0.7882 0.3849
vn -0.1980 -0.3249 0.9248
vn -0.2919 -0.2335 -0.9275
vn -0.7660 -0.6127 -0.1944
vn -0.7185 -0.5747 -0.3917
vn -0.7660 -0.6127 0.1944
vn -0.7185 -0.5747 0.3917
vn -0.2919 -0.2335 0.9275
vn -0.3656 -0.0716 -0.9280
vn -0.9626 -0.1886 -0.1946
vn -0.9024 -0.1768 -0.3930
vn -0.9626 -0.1886 0.1946
vn -0.9024 -0.1768 0.3930
vn -0.3656 -0.0716 0.9280
vn -0.3565 0.1097 -0.9278
vn -0.9375 0.2884 -0.1946
vn -0.8791 0.2704 -0.3925
vn -0.9375 0.2884 0.1946
vn -0.8791 0.2704 0.3925
vn -0.3565 0.1097 0.9278
vn -0.3053 0.2280 -0.9245
vn -0.7861 0.5870 -0.1936
vn -0.7397 0.5524 -0.3843
vn -0.7861 0.5870 0.1936
vn -0.7397 0.5524 0.3843
vn -0.3053 0.2280 0.9245
vn -0.2903 0.2491 -0.9239
vn -0.7442 0.6386 -0.1959
vn -0.7011 0.6016 -0.3828
vn -0.7442 0.6386 0.1959
vn -0.7011 0.6016 0.3828
vn -0.2903 0.2491 0.9239
vn -0.3072 0.2277 -0.9240
vn -0.7878 0.5839 -0.1962
vn -0.7422 0.5500 -0.3829
vn -0.7878 0.5839 0.1962
vn -0.7422 0.5500 0.3829
vn -0.3072 0.2277 0.9240
vn -0.3118 0.2218 -0.9239
vn -0.7993 0.5685 -0.1946
vn -0.7528 0.5355 -0.3827
vn -0.7993 0.5685 0.1946
vn -0.7528 0.5355 0.3827
vn -0.3118 0.2218 0.9239
vn -0.3052 0.2309 -0.9239
vn -0.7821 0.5918 -0.1949
vn -0.7367 0.5575 -0.3827
vn -0.7821 0.5918 0.1949
vn -0.7367 0.5575 0.3827
vn -0.3052 0.2309 0.9239
vn -0.3041 0.2323 -0.9239
vn -0.7794 0.5954 -0.1952
vn -0.7342 0.5608 -0.3827
vn -0.7794 0.5954 0.1952
vn -0.7342 0.5608 0.3827
vn -0.3041 0.2323 0.9239
vn -0.1549 0.3113 -0.9376
vn -0.7841 0.5931 -0.1827
vn -0.7368 0.5573 -0.3827
vn -0.7841 0.5931 0.1827
vn -0.7368 0.5573 0.3827
vn -0.1549 0.3113 0.9376
vn 0.1983 0.2060 -0.9582
vn -0.0000 0.9832 -0.1827
vn -0.0000 0.9854 -0.1703
vn -0.0000 0.9239 -0.3827
vn -0.0000 0.9832 0.1827
vn -0.0000 0.9854 0.1703
vn -0.0000 0.9239 0.3827
vn 0.1983 0.2060 0.9582
vn 0.3822 0.0197 -0.9239
vn 0.9847 0.0375 -0.1703
vn 0.9794 0.0504 -0.1954
vn 0.9226 0.0475 -0.3827
vn 0.9232 0.0352 -0.3827
vn 0.9847 0.0375 0.1703
vn 0.9794 0.0504 0.1954
vn 0.9232 0.0352 0.3827
vn 0.9226 0.0475 0.3827
vn 0.3822 0.0197 0.9239
vn 0.3823 0.0148 -0.9239
vn 0.9802 0.0379 -0.1945
vn 0.9231 0.0357 -0.3828
vn 0.9802 0.0379 0.1945
vn 0.9231 0.0357 0.3828
vn 0.3823 0.0148 0.9239
vn 0.3818 -0.0171 -0.9241
vn 0.9800 -0.0438 -0.1940
vn 0.9227 -0.0413 -0.3832
vn 0.9800 -0.0438 0.1940
vn 0.9227 -0.0413 0.3832
vn 0.3818 -0.0171 0.9241
vn 0.3764 -0.0648 -0.9242
vn 0.9668 -0.1665 -0.1939
vn 0.9102 -0.1568 -0.3835
vn 0.9668 -0.1665 0.1939
vn 0.9102 -0.1568 0.3835
vn 0.3764 -0.0648 0.9242
vn 0.3649 -0.1132 -0.9241
vn 0.9370 -0.2906 -0.1940
vn 0.8822 -0.2736 -0.3833
vn 0.9370 -0.2906 0.1940
vn 0.8822 -0.2736 0.3833
vn 0.3649 -0.1132 0.9241
vn 0.3547 -0.1434 -0.9239
vn 0.9093 -0.3677 -0.1946
vn 0.8565 -0.3463 -0.3828
vn 0.9093 -0.3677 0.1946
vn 0.8565 -0.3463 0.3828
vn 0.3547 -0.1434 0.9239
vn 0.3550 -0.1425 -0.9239
vn 0.9101 -0.3653 -0.1957
vn 0.8573 -0.3442 -0.3828
vn 0.9101 -0.3653 0.1957
vn 0.8573 -0.3442 0.3828
vn 0.3550 -0.1425 0.9239
vn 0.3620 -0.1238 -0.9239
vn 0.9279 -0.3174 -0.1958
vn 0.8741 -0.2990 -0.3828
vn 0.9279 -0.3174 0.1958
vn 0.8741 -0.2990 0.3828
vn 0.3620 -0.1238 0.9239
vn 0.3664 -0.1105 -0.9239
vn 0.9389 -0.2833 -0.1953
vn 0.8845 -0.2668 -0.3827
vn 0.9389 -0.2833 0.1953
vn 0.8845 -0.2668 0.3827
vn 0.3664 -0.1105 0.9239
vn 0.3678 -0.1057 -0.9239
vn 0.9426 -0.2710 -0.1952
vn 0.8879 -0.2553 -0.3827
vn 0.9426 -0.2710 0.1952
vn 0.8879 -0.2553 0.3827
vn 0.3678 -0.1057 0.9239
vn 0.3680 -0.1050 -0.9239
vn 0.9431 -0.2691 -0.1950
vn 0.8884 -0.2535 -0.3827
vn 0.9431 -0.2691 0.1950
vn 0.8884 -0.2535 0.3827
vn 0.3680 -0.1050 0.9239
vn 0.1367 -0.2461 -0.9595
vn 0.9471 -0.2724 -0.1694
vn 0.8879 -0.2554 -0.3827
vn 0.9471 -0.2724 0.1694
vn 0.8879 -0.2554 0.3827
vn 0.1367 -0.2461 0.9595
vn -0.0996 -0.3695 -0.9239
vn -0.2690 -0.9481 -0.1694
vn -0.2552 -0.9469 -0.1954
vn -0.2404 -0.8920 -0.3827
vn -0.2522 -0.8888 -0.3827
vn -0.2690 -0.9481 0.1694
vn -0.2552 -0.9469 0.1954
vn -0.2522 -0.8888 0.3827
vn -0.2404 -0.8920 0.3827
vn -0.0996 -0.3695 0.9239
vn -0.1042 -0.3681 -0.9239
vn -0.2673 -0.9438 -0.1945
vn -0.2517 -0.8889 -0.3828
vn -0.2673 -0.9438 0.1945
vn -0.2517 -0.8889 0.3828
vn -0.1042 -0.3681 0.9239
vn -0.1341 -0.3579 -0.9241
vn -0.3442 -0.9186 -0.1940
vn -0.3241 -0.8649 -0.3832
vn -0.3442 -0.9186 0.1940
vn -0.3241 -0.8649 0.3832
vn -0.1341 -0.3579 0.9241
vt 0.392857 0.000000
vt 0.464286 0.000000
vt 0.428571 0.000000
vt 0.500000 0.000000
vt 0.535714 0.000000
vt 0.357143 0.000000
vt 0.571429 0.000000
vt 0.607143 0.000000
vt 0.321429 0.000000
vt 0.642857 0.000000
vt 0.285714 0.000000
vt 0.678571 0.000000
vt 0.250000 0.000000
vt 0.714286 0.000000
vt 0.214286 0.000000
vt 0.750000 0.000000
vt 0.178571 0.000000
vt 0.785714 0.000000
vt 0.142857 0.000000
vt 0.821429 0.000000
vt 0.107143 0.000000
vt 0.857143 0.000000
vt 0.071429 0.000000
vt 0.035714 0.000000
vt 0.000000 0.000000
vt 1.000000 0.000000
vt 0.928571 0.000000
vt 0.892857 0.000000
vt 0.964286 0.000000
vt 0.000000 0.200000
vt 0.034483 0.200000
vt 0.034483 0.000000
vt 0.000000 0.400000
vt 0.034483 0.400000
vt 0.000000 0.600000
vt 0.034483 0.600000
vt 0.000000 0.800000
vt 0.034483 0.800000
vt 0.000000 1.000000
vt 0.034483 1.000000
vt 0.068966 0.200000
vt 0.068966 0.000000
vt 0.068966 0.400000
vt 0.068966 0.600000
vt 0.068966 0.800000
vt 0.068966 1.000000
vt 0.103448 0.200000
vt 0.103448 0.000000
vt 0.103448 0.400000
vt 0.103448 0.600000
vt 0.103448 0.800000
vt 0.103448 1.000000
vt 0.137931 0.200000
vt 0.137931 0.000000
vt 0.137931 0.400000
vt 0.137931 0.600000
vt 0.137931 0.800000
vt 0.137931 1.000000
vt 0.172414 0.200000
vt 0.172414 0.000000
vt 0.172414 0.400000
vt 0.172414 0.600000
vt 0.172414 0.800000
vt 0.172414 1.000000
vt 0.206897 0.200000
vt 0.206897 0.000000
vt 0.206897 0.400000
vt 0.206897 0.600000
vt 0.206897 0.800000
vt 0.206897 1.000000
vt 0.241379 0.200000
vt 0.241379 0.000000
vt 0.241379 0.400000
vt 0.241379 0.600000
vt 0.241379 0.800000
vt 0.241379 1.000000
vt 0.275862 0.200000
vt 0.275862 0.000000
vt 0.275862 0.400000
vt 0.275862 0.600000
vt 0.275862 0.800000
vt 0.275862 1.000000
vt 0.310345 0.200000
vt 0.310345 0.000000
vt 0.310345 0.400000
vt 0.310345 0.600000
vt 0.310345 0.800000
vt 0.310345 1.000000
vt 0.344828 0.200000
vt 0.344828 0.000000
vt 0.344828 0.400000
vt 0.344828 0.600000
vt 0.344828 0.800000
vt 0.344828 1.000000
vt 0.379310 0.200000
vt 0.379310 0.000000
vt 0.379310 0.400000
vt 0.379310 0.600000
vt 0.379310 0.800000
vt 0.379310 1.000000
vt 0.413793 0.200000
vt 0.413793 0.000000
vt 0.413793 0.400000
vt 0.413793 0.600000
vt 0.413793 0.800000
vt 0.413793 1.000000
vt 0.448276 0.200000
vt 0.448276 0.000000
vt 0.448276 0.400000
vt 0.448276 0.600000
vt 0.448276 0.800000
vt 0.448276 1.000000
vt 0.482759 0.200000
vt 0.482759 0.000000
vt 0.482759 0.400000
vt 0.482759 0.600000
vt 0.482759 0.800000
vt 0.482759 1.000000
vt 0.517241 0.200000
vt 0.517241 0.000000
vt 0.517241 0.400000
vt 0.517241 0.600000
vt 0.517241 0.800000
vt 0.517241 1.000000
vt 0.551724 0.200000
vt 0.551724 0.000000
vt 0.551724 0.400000
vt 0.551724 0.600000
vt 0.551724 0.800000
vt 0.551724 1.000000
vt 0.586207 0.200000
vt 0.586207 0.000000
vt 0.586207 0.400000
vt 0.586207 0.600000
vt 0.586207 0.800000
vt 0.586207 1.000000
vt 0.620690 0.200000
vt 0.620690 0.000000
vt 0.620690 0.400000
vt 0.620690 0.600000
vt 0.620690 0.800000
vt 0.620690 1.000000
vt 0.655172 0.200000
vt 0.655172 0.000000
vt 0.655172 0.400000
vt 0.655172 0.600000
vt 0.655172 0.800000
vt 0.655172 1.000000
vt 0.689655 0.200000
vt 0.689655 0.000000
vt 0.689655 0.400000
vt 0.689655 0.600000
vt 0.689655 0.800000
vt 0.689655 1.000000
vt 0.724138 0.200000
vt 0.724138 0.000000
vt 0.724138 0.400000
vt 0.724138 0.600000
vt 0.724138 0.800000
vt 0.724138 1.000000
vt 0.758621 0.200000
vt 0.758621 0.000000
vt 0.758621 0.400000
vt 0.758621 0.600000
vt 0.758621 0.800000
vt 0.758621 1.000000
vt 0.793103 0.200000
vt 0.793103 0.000000
vt 0.793103 0.400000
vt 0.793103 0.600000
vt 0.793103 0.800000
vt 0.793103 1.000000
vt 0.827586 0.200000
vt 0.827586 0.000000
vt 0.827586 0.400000
vt 0.827586 0.600000
vt 0.827586 0.800000
vt 0.827586 1.000000
vt 0.862069 0.200000
vt 0.862069 0.000000
vt 0.862069 0.400000
vt 0.862069 0.600000
vt 0.862069 0.800000
vt 0.862069 1.000000
vt 0.896552 0.200000
vt 0.896552 0.000000
vt 0.896552 0.400000
vt 0.896552 0.600000
vt 0.896552 0.800000
vt 0.896552 1.000000
vt 0.931035 0.200000
vt 0.931035 0.000000
vt 0.931035 0.400000
vt 0.931035 0.600000
vt 0.931035 0.800000
vt 0.931035 1.000000
vt 0.965517 0.200000
vt 0.965517 0.000000
vt 0.965517 0.400000
vt 0.965517 0.600000
vt 0.965517 0.800000
vt 0.965517 1.000000
vt 1.000000 0.200000
vt 1.000000 0.400000
vt 1.000000 0.600000
vt 1.000000 0.800000
vt 1.000000 1.000000
s 1
usemtl Polymer_|_black
f 3284/3586/4014 3286/3587/4015 3285/3588/4016
f 3284/3586/4014 3287/3589/4017 3286/3587/4015
f 3284/3586/4014 3288/3590/4018 3287/3589/4017
f 3283/3591/4019 3288/3590/4018 3284/3586/4014
f 3283/3591/4019 3289/3592/4020 3288/3590/4018
f 3283/3591/4019 3290/3593/4021 3289/3592/4020
f 3282/3594/4022 3290/3593/4021 3283/3591/4019
f 3282/3594/4022 3291/3595/4023 3290/3593/4021
f 3281/3596/4024 3291/3595/4023 3282/3594/4022
f 3281/3596/4024 3292/3597/4025 3291/3595/4023
f 3280/3598/4026 3292/3597/4025 3281/3596/4024
f 3280/3598/4026 3293/3599/4027 3292/3597/4025
f 3279/3600/4028 3293/3599/4027 3280/3598/4026
f 3279/3600/4028 3294/3601/4029 3293/3599/4027
f 3278/3602/4030 3294/3601/4029 3279/3600/4028
f 3278/3602/4030 3295/3603/4031 3294/3601/4029
f 3277/3604/4032 3295/3603/4031 3278/3602/4030
f 3277/3604/4032 3296/3605/4033 3295/3603/4031
f 3276/3606/4034 3296/3605/4033 3277/3604/4032
f 3276/3606/4034 3297/3607/4035 3296/3605/4033
f 3275/3608/4036 3297/3607/4035 3276/3606/4034
f 3274/3609/4037 3297/3607/4035 3275/3608/4036
f 3273/3610/4038 3297/3607/4035 3274/3609/4037
f 3301/3611/4039 3297/3607/4035 3273/3610/4038
f 3301/3611/4039 3299/3612/4040 3297/3607/4035
f 3299/3612/4040 3298/3613/4041 3297/3607/4035
f 3300/3614/4042 3299/3612/4040 3301/3611/4039
f 3313/3586/4043 3314/3588/4044 3315/3587/4045
f 3313/3586/4043 3315/3587/4045 3316/3589/4046
f 3313/3586/4043 3316/3589/4046 3317/3590/4047
f 3312/3591/4048 3313/3586/4043 3317/3590/4047
f 3312/3591/4048 3317/3590/4047 3318/3592/4049
f 3312/3591/4048 3318/3592/4049 3319/3593/4050
f 3311/3594/4051 3312/3591/4048 3319/3593/4050
f 3311/3594/4051 3319/3593/4050 3320/3595/4052
f 3310/3596/4053 3311/3594/4051 3320/3595/4052
f 3310/3596/4053 3320/3595/4052 3321/3597/4054
f 3309/3598/4055 3310/3596/4053 3321/3597/4054
f 3309/3598/4055 3321/3597/4054 3322/3599/4056
f 3308/3600/4057 3309/3598/4055 3322/3599/4056
f 3308/3600/4057 3322/3599/4056 3323/3601/4058
f 3307/3602/4059 3308/3600/4057 3323/3601/4058
f 3307/3602/4059 3323/3601/4058 3324/3603/4060
f 3306/3604/4061 3307/3602/4059 3324/3603/4060
f 3306/3604/4061 3324/3603/4060 3325/3605/4062
f 3305/3606/4063 3306/3604/4061 3325/3605/4062
f 3305/3606/4063 3325/3605/4062 3326/3607/4064
f 3304/3608/4065 3305/3606/4063 3326/3607/4064
f 3303/3609/4066 3304/3608/4065 3326/3607/4064
f 3302/3610/4067 3303/3609/4066 3326/3607/4064
f 3330/3611/4068 3302/3610/4067 3326/3607/4064
f 3330/3611/4068 3326/3607/4064 3328/3612/4069
f 3328/3612/4069 3326/3607/4064 3327/3613/4070
f 3329/3614/4071 3330/3611/4068 3328/3612/4069
f 3331/3615/4072 3335/3616/4073 3303/3617/4066 3302/3610/4067
f 3332/3618/4074 3336/3619/4075 3335/3616/4076 3331/3615/4077
f 3333/3620/4078 3337/3621/4079 3336/3619/4075 3332/3618/4074
f 3334/3622/4080 3338/3623/4081 3337/3621/4079 3333/3620/4078
f 3273/3624/4038 3274/3625/4037 3338/3623/4082 3334/3622/4083
f 3335/3616/4073 3339/3626/4084 3304/3627/4065 3303/3617/4066
f 3336/3619/4075 3340/3628/4085 3339/3626/4086 3335/3616/4076
f 3337/3621/4079 3341/3629/4087 3340/3628/4085 3336/3619/4075
f 3338/3623/4081 3342/3630/4088 3341/3629/4087 3337/3621/4079
f 3274/3625/4037 3275/3631/4036 3342/3630/4089 3338/3623/4082
f 3339/3626/4084 3343/3632/4090 3305/3633/4063 3304/3627/4065
f 3340/3628/4085 3344/3634/4091 3343/3632/4092 3339/3626/4086
f 3341/3629/4087 3345/3635/4093 3344/3634/4091 3340/3628/4085
f 3342/3630/4088 3346/3636/4094 3345/3635/4093 3341/3629/4087
f 3275/3631/4036 3276/3637/4034 3346/3636/4095 3342/3630/4089
f 3343/3632/4090 3347/3638/4096 3306/3639/4061 3305/3633/4063
f 3344/3634/4091 3348/3640/4097 3347/3638/4098 3343/3632/4092
f 3345/3635/4093 3349/3641/4099 3348/3640/4097 3344/3634/4091
f 3346/3636/4094 3350/3642/4100 3349/3641/4099 3345/3635/4093
f 3276/3637/4034 3277/3643/4032 3350/3642/4101 3346/3636/4095
f 3347/3638/4096 3351/3644/4102 3307/3645/4059 3306/3639/4061
f 3348/3640/4097 3352/3646/4103 3351/3644/4104 3347/3638/4098
f 3349/3641/4099 3353/3647/4105 3352/3646/4103 3348/3640/4097
f 3350/3642/4100 3354/3648/4106 3353/3647/4105 3349/3641/4099
f 3277/3643/4032 3278/3649/4030 3354/3648/4107 3350/3642/4101
f 3351/3644/4102 3355/3650/4108 3308/3651/4057 3307/3645/4059
f 3352/3646/4103 3356/3652/4109 3355/3650/4110 3351/3644/4104
f 3353/3647/4105 3357/3653/4111 3356/3652/4109 3352/3646/4103
f 3354/3648/4106 3358/3654/4112 3357/3653/4111 3353/3647/4105
f 3278/3649/4030 3279/3655/4028 3358/3654/4113 3354/3648/4107
f 3355/3650/4108 3359/3656/4114 3309/3657/4055 3308/3651/4057
f 3356/3652/4109 3360/3658/4115 3359/3656/4116 3355/3650/4110
f 3357/3653/4111 3361/3659/4117 3360/3658/4115 3356/3652/4109
f 3358/3654/4112 3362/3660/4118 3361/3659/4117 3357/3653/4111
f 3279/3655/4028 3280/3661/4026 3362/3660/4119 3358/3654/4113
f 3359/3656/4114 3363/3662/4120 3310/3663/4053 3309/3657/4055
f 3360/3658/4115 3364/3664/4121 3363/3662/4122 3359/3656/4116
f 3361/3659/4117 3365/3665/4123 3364/3664/4121 3360/3658/4115
f 3362/3660/4118 3366/3666/4124 3365/3665/4123 3361/3659/4117
f 3280/3661/4026 3281/3667/4024 3366/3666/4125 3362/3660/4119
f 3363/3662/4120 3367/3668/4126 3311/3669/4051 3310/3663/4053
f 3364/3664/4121 3368/3670/4127 3367/3668/4128 3363/3662/4122
f 3365/3665/4123 3369/3671/4129 3368/3670/4127 3364/3664/4121
f 3366/3666/4124 3370/3672/4130 3369/3671/4129 3365/3665/4123
f 3281/3667/4024 3282/3673/4022 3370/3672/4131 3366/3666/4125
f 3367/3668/4126 3371/3674/4132 3312/3675/4048 3311/3669/4051
f 3368/3670/4127 3372/3676/4133 3371/3674/4134 3367/3668/4128
f 3369/3671/4129 3373/3677/4135 3372/3676/4133 3368/3670/4127
f 3370/3672/4130 3374/3678/4136 3373/3677/4135 3369/3671/4129
f 3282/3673/4022 3283/3679/4019 3374/3678/4137 3370/3672/4131
f 3371/3674/4132 3375/3680/4138 3313/3681/4043 3312/3675/4048
f 3372/3676/4133 3376/3682/4139 3375/3680/4140 3371/3674/4134
f 3373/3677/4135 3377/3683/4141 3376/3682/4139 3372/3676/4133
f 3374/3678/4136 3378/3684/4142 3377/3683/4141 3373/3677/4135
f 3283/3679/4019 3284/3685/4014 3378/3684/4143 3374/3678/4137
f 3375/3680/4138 3379/3686/4144 3314/3687/4044 3313/3681/4043
f 3376/3682/4139 3380/3688/4145 3379/3686/4146 3375/3680/4140
f 3377/3683/4141 3381/3689/4147 3380/3688/4145 3376/3682/4139
f 3378/3684/4142 3382/3690/4148 3381/3689/4147 3377/3683/4141
f 3284/3685/4014 3285/3691/4016 3382/3690/4149 3378/3684/4143
f 3379/3686/4144 3383/3692/4150 3315/3693/4045 3314/3687/4044
f 3380/3688/4151 3384/3694/4152 3383/3692/4153 3379/3686/4153
f 3381/3689/4154 3385/3695/4155 3384/3694/4152 3380/3688/4151
f 3382/3690/4156 3386/3696/4156 3385/3695/4155 3381/3689/4154
f 3285/3691/4016 3286/3697/4015 3386/3696/4157 3382/3690/4149
f 3383/3692/4150 3387/3698/4158 3316/3699/4046 3315/3693/4045
f 3384/3694/4159 3388/3700/4160 3387/3698/4161 3383/3692/4162
f 3385/3695/4163 3389/3701/4164 3388/3700/4160 3384/3694/4159
f 3386/3696/4165 3390/3702/4166 3389/3701/4164 3385/3695/4163
f 3286/3697/4015 3287/3703/4017 3390/3702/4167 3386/3696/4157
f 3387/3698/4158 3391/3704/4168 3317/3705/4047 3316/3699/4046
f 3388/3700/4160 3392/3706/4169 3391/3704/4170 3387/3698/4161
f 3389/3701/4164 3393/3707/4171 3392/3706/4169 3388/3700/4160
f 3390/3702/4166 3394/3708/4172 3393/3707/4171 3389/3701/4164
f 3287/3703/4017 3288/3709/4018 3394/3708/4173 3390/3702/4167
f 3391/3704/4168 3395/3710/4174 3318/3711/4049 3317/3705/4047
f 3392/3706/4169 3396/3712/4175 3395/3710/4176 3391/3704/4170
f 3393/3707/4171 3397/3713/4177 3396/3712/4175 3392/3706/4169
f 3394/3708/4172 3398/3714/4178 3397/3713/4177 3393/3707/4171
f 3288/3709/4018 3289/3715/4020 3398/3714/4179 3394/3708/4173
f 3395/3710/4174 3399/3716/4180 3319/3717/4050 3318/3711/4049
f 3396/3712/4175 3400/3718/4181 3399/3716/4182 3395/3710/4176
f 3397/3713/4177 3401/3719/4183 3400/3718/4181 3396/3712/4175
f 3398/3714/4178 3402/3720/4184 3401/3719/4183 3397/3713/4177
f 3289/3715/4020 3290/3721/4021 3402/3720/4185 3398/3714/4179
f 3399/3716/4180 3403/3722/4186 3320/3723/4052 3319/3717/4050
f 3400/3718/4181 3404/3724/4187 3403/3722/4188 3399/3716/4182
f 3401/3719/4183 3405/3725/4189 3404/3724/4187 3400/3718/4181
f 3402/3720/4184 3406/3726/4190 3405/3725/4189 3401/3719/4183
f 3290/3721/4021 3291/3727/4023 3406/3726/4191 3402/3720/4185
f 3403/3722/4186 3407/3728/4192 3321/3729/4054 3320/3723/4052
f 3404/3724/4187 3408/3730/4193 3407/3728/4194 3403/3722/4188
f 3405/3725/4189 3409/3731/4195 3408/3730/4193 3404/3724/4187
f 3406/3726/4190 3410/3732/4196 3409/3731/4195 3405/3725/4189
f 3291/3727/4023 3292/3733/4025 3410/3732/4197 3406/3726/4191
f 3407/3728/4192 3411/3734/4198 3322/3735/4056 3321/3729/4054
f 3408/3730/4193 3412/3736/4199 3411/3734/4200 3407/3728/4194
f 3409/3731/4195 3413/3737/4201 3412/3736/4199 3408/3730/4193
f 3410/3732/4196 3414/3738/4202 3413/3737/4201 3409/3731/4195
f 3292/3733/4025 3293/3739/4027 3414/3738/4203 3410/3732/4197
f 3411/3734/4198 3415/3740/4204 3323/3741/4058 3322/3735/4056
f 3412/3736/4199 3416/3742/4205 3415/3740/4206 3411/3734/4200
f 3413/3737/4201 3417/3743/4207 3416/3742/4205 3412/3736/4199
f 3414/3738/4202 3418/3744/4208 3417/3743/4207 3413/3737/4201
f 3293/3739/4027 3294/3745/4029 3418/3744/4209 3414/3738/4203
f 3415/3740/4204 3419/3746/4210 3324/3747/4060 3323/3741/4058
f 3416/3742/4205 3420/3748/4211 3419/3746/4212 3415/3740/4206
f 3417/3743/4207 3421/3749/4213 3420/3748/4211 3416/3742/4205
f 3418/3744/4208 3422/3750/4214 3421/3749/4213 3417/3743/4207
f 3294/3745/4029 3295/3751/4031 3422/3750/4215 3418/3744/4209
f 3419/3746/4210 3423/3752/4216 3325/3753/4062 3324/3747/4060
f 3420/3748/4211 3424/3754/4217 3423/3752/4218 3419/3746/4212
f 3421/3749/4213 3425/3755/4219 3424/3754/4217 3420/3748/4211
f 3422/3750/4214 3426/3756/4220 3425/3755/4219 3421/3749/4213
f 3295/3751/4031 3296/3757/4033 3426/3756/4221 3422/3750/4215
f 3423/3752/4216 3427/3758/4222 3326/3759/4064 3325/3753/4062
f 3424/3754/4217 3428/3760/4223 3427/3758/4224 3423/3752/4218
f 3425/3755/4219 3429/3761/4225 3428/3760/4223 3424/3754/4217
f 3426/3756/4220 3430/3762/4226 3429/3761/4225 3425/3755/4219
f 3296/3757/4033 3297/3763/4035 3430/3762/4227 3426/3756/4221
f 3427/3758/4222 3431/3764/4228 3327/3765/4070 3326/3759/4064
f 3428/3760/4223 3432/3766/4229 3431/3764/4230 3427/3758/4224
f 3429/3761/4225 3433/3767/4231 3432/3766/4229 3428/3760/4223
f 3430/3762/4226 3434/3768/4232 3433/3767/4231 3429/3761/4225
f 3297/3763/4035 3298/3769/4041 3434/3768/4233 3430/3762/4227
f 3431/3764/4228 3435/3770/4234 3328/3771/4069 3327/3765/4070
f 3432/3766/4235 3436/3772/4236 3435/3770/4237 3431/3764/4238
f 3433/3767/4239 3437/3773/4240 3436/3772/4236 3432/3766/4235
f 3434/3768/4241 3438/3774/4242 3437/3773/4240 3433/3767/4239
f 3298/3769/4041 3299/3775/4040 3438/3774/4243 3434/3768/4233
f 3435/3770/4234 3439/3776/4244 3329/3777/4071 3328/3771/4069
f 3436/3772/4236 3440/3778/4245 3439/3776/4246 3435/3770/4237
f 3437/3773/4240 3441/3779/4247 3440/3778/4245 3436/3772/4236
f 3438/3774/4242 3442/3780/4248 3441/3779/4247 3437/3773/4240
f 3299/3775/4040 3300/3781/4042 3442/3780/4249 3438/3774/4243
f 3439/3776/4244 3443/3782/4250 3330/3783/4068 3329/3777/4071
f 3440/3778/4245 3444/3784/4251 3443/3782/4252 3439/3776/4246
f 3441/3779/4247 3445/3785/4253 3444/3784/4251 3440/3778/4245
f 3442/3780/4248 3446/3786/4254 3445/3785/4253 3441/3779/4247
f 3300/3781/4042 3301/3787/4039 3446/3786/4255 3442/3780/4249
f 3443/3782/4250 3331/3788/4072 3302/3611/4067 3330/3783/4068
f 3444/3784/4251 3332/3789/4074 3331/3788/4077 3443/3782/4252
f 3445/3785/4253 3333/3790/4078 3332/3789/4074 3444/3784/4251
f 3446/3786/4254 3334/3791/4080 3333/3790/4078 3445/3785/4253
f 3301/3787/4039 3273/3792/4038 3334/3791/4083 3446/3786/4255
o Rivet_|_left_100
v -0.232968 0.088180 -0.024000
v -0.234384 0.089596 -0.024000
v -0.236385 0.089596 -0.024000
v -0.237801 0.088180 -0.024000
v -0.237801 0.086179 -0.024000
v -0.236385 0.084763 -0.024000
v -0.234384 0.084763 -0.024000
v -0.232968 0.086179 -0.024000
v -0.232968 0.088180 -0.026200
v -0.234384 0.089596 -0.026200
v -0.236385 0.089596 -0.026200
v -0.237801 0.088180 -0.026200
v -0.237801 0.086179 -0.026200
v -0.236385 0.084763 -0.026200
v -0.234384 0.084763 -0.026200
v -0.232968 0.086179 -0.026200
v -0.233935 0.087780 -0.026700
v -0.234784 0.088629 -0.026700
v -0.235985 0.088629 -0.026700
v -0.236834 0.087780 -0.026700
v -0.236834 0.086579 -0.026700
v -0.235985 0.085730 -0.026700
v -0.234784 0.085730 -0.026700
v -0.233935 0.086579 -0.026700
v -0.235385 0.087179 -0.027000
vn 0.7071 0.7071 -0.0000
vn -0.0000 1.0000 -0.0000
vn -0.7071 0.7071 -0.0000
vn -1.0000 -0.0000 -0.0000
vn -0.7071 -0.7071 -0.0000
vn -0.0000 -1.0000 -0.0000
vn 0.7071 -0.7071 -0.0000
vn 1.0000 -0.0000 -0.0000
vn 0.3984 0.1650 -0.9022
vn 0.3144 0.1302 -0.9403
vn 0.1302 0.3144 -0.9403
vn 0.1650 0.3984 -0.9022
vn -0.1302 0.3144 -0.9403
vn -0.1650 0.3984 -0.9022
vn -0.3144 0.1302 -0.9403
vn -0.3984 0.1650 -0.9022
vn -0.3144 -0.1302 -0.9403
vn -0.3984 -0.1650 -0.9022
vn -0.1302 -0.3144 -0.9403
vn -0.1650 -0.3984 -0.9022
vn 0.1302 -0.3144 -0.9403
vn 0.1650 -0.3984 -0.9022
vn 0.3144 -0.1302 -0.9403
vn 0.3984 -0.1650 -0.9022
vn -0.0000 -0.0000 -1.0000
vn -0.0000 -0.0000 1.0000
s 1
usemtl Gold_|_polished_trim
f 3447//4256 3455//4256 3456//4256 3448//4256
f 3448//4257 3456//4257 3457//4257 3449//4257
f 3449//4258 3457//4258 3458//4258 3450//4258
f 3450//4259 3458//4259 3459//4259 3451//4259
f 3451//4260 3459//4260 3460//4260 3452//4260
f 3452//4261 3460//4261 3461//4261 3453//4261
f 3453//4262 3461//4262 3462//4262 3454//4262
f 3454//4263 3462//4263 3455//4263 3447//4263
f 3455//4264 3463//4265 3464//4266 3456//4267
f 3456//4267 3464//4266 3465//4268 3457//4269
f 3457//4269 3465//4268 3466//4270 3458//4271
f 3458//4271 3466//4270 3467//4272 3459//4273
f 3459//4273 3467//4272 3468//4274 3460//4275
f 3460//4275 3468//4274 3469//4276 3461//4277
f 3461//4277 3469//4276 3470//4278 3462//4279
f 3462//4279 3470//4278 3463//4265 3455//4264
f 3463//4265 3471//4280 3464//4266
f 3464//4266 3471//4280 3465//4268
f 3465//4268 3471//4280 3466//4270
f 3466//4270 3471//4280 3467//4272
f 3467//4272 3471//4280 3468//4274
f 3468//4274 3471//4280 3469//4276
f 3469//4276 3471//4280 3470//4278
f 3470//4278 3471//4280 3463//4265
f 3447//4281 3448//4281 3449//4281 3450//4281 3451//4281 3452//4281 3453//4281 3454//4281
o Rivet_|_left_390
v -0.106558 0.101257 -0.024000
v -0.107973 0.102673 -0.024000
v -0.109975 0.102673 -0.024000
v -0.111391 0.101257 -0.024000
v -0.111391 0.099256 -0.024000
v -0.109975 0.097840 -0.024000
v -0.107973 0.097840 -0.024000
v -0.106558 0.099256 -0.024000
v -0.106558 0.101257 -0.026200
v -0.107973 0.102673 -0.026200
v -0.109975 0.102673 -0.026200
v -0.111391 0.101257 -0.026200
v -0.111391 0.099256 -0.026200
v -0.109975 0.097840 -0.026200
v -0.107973 0.097840 -0.026200
v -0.106558 0.099256 -0.026200
v -0.107525 0.100857 -0.026700
v -0.108374 0.101706 -0.026700
v -0.109575 0.101706 -0.026700
v -0.110424 0.100857 -0.026700
v -0.110424 0.099656 -0.026700
v -0.109575 0.098807 -0.026700
v -0.108374 0.098807 -0.026700
v -0.107525 0.099656 -0.026700
v -0.108974 0.100256 -0.027000
vn 0.7071 0.7071 -0.0000
vn -0.0000 1.0000 -0.0000
vn -0.7071 0.7071 -0.0000
vn -1.0000 -0.0000 -0.0000
vn -0.7071 -0.7071 -0.0000
vn -0.0000 -1.0000 -0.0000
vn 0.7071 -0.7071 -0.0000
vn 1.0000 -0.0000 -0.0000
vn 0.3984 0.1650 -0.9022
vn 0.3144 0.1302 -0.9403
vn 0.1302 0.3144 -0.9403
vn 0.1650 0.3984 -0.9022
vn -0.1302 0.3144 -0.9403
vn -0.1650 0.3984 -0.9022
vn -0.3144 0.1302 -0.9403
vn -0.3984 0.1650 -0.9022
vn -0.3144 -0.1302 -0.9403
vn -0.3984 -0.1650 -0.9022
vn -0.1302 -0.3144 -0.9403
vn -0.1650 -0.3984 -0.9022
vn 0.1302 -0.3144 -0.9403
vn 0.1650 -0.3984 -0.9022
vn 0.3144 -0.1302 -0.9403
vn 0.3984 -0.1650 -0.9022
vn -0.0000 -0.0000 -1.0000
vn -0.0000 -0.0000 1.0000
s 1
usemtl Gold_|_polished_trim
f 3472//4282 3480//4282 3481//4282 3473//4282
f 3473//4283 3481//4283 3482//4283 3474//4283
f 3474//4284 3482//4284 3483//4284 3475//4284
f 3475//4285 3483//4285 3484//4285 3476//4285
f 3476//4286 3484//4286 3485//4286 3477//4286
f 3477//4287 3485//4287 3486//4287 3478//4287
f 3478//4288 3486//4288 3487//4288 3479//4288
f 3479//4289 3487//4289 3480//4289 3472//4289
f 3480//4290 3488//4291 3489//4292 3481//4293
f 3481//4293 3489//4292 3490//4294 3482//4295
f 3482//4295 3490//4294 3491//4296 3483//4297
f 3483//4297 3491//4296 3492//4298 3484//4299
f 3484//4299 3492//4298 3493//4300 3485//4301
f 3485//4301 3493//4300 3494//4302 3486//4303
f 3486//4303 3494//4302 3495//4304 3487//4305
f 3487//4305 3495//4304 3488//4291 3480//4290
f 3488//4291 3496//4306 3489//4292
f 3489//4292 3496//4306 3490//4294
f 3490//4294 3496//4306 3491//4296
f 3491//4296 3496//4306 3492//4298
f 3492//4298 3496//4306 3493//4300
f 3493//4300 3496//4306 3494//4302
f 3494//4302 3496//4306 3495//4304
f 3495//4304 3496//4306 3488//4291
f 3472//4307 3473//4307 3474//4307 3475//4307 3476//4307 3477//4307 3478//4307 3479//4307
o Rivet_|_left_510
v -0.054250 0.062027 -0.024000
v -0.055666 0.063442 -0.024000
v -0.057668 0.063442 -0.024000
v -0.059083 0.062027 -0.024000
v -0.059083 0.060025 -0.024000
v -0.057668 0.058609 -0.024000
v -0.055666 0.058609 -0.024000
v -0.054250 0.060025 -0.024000
v -0.054250 0.062027 -0.026200
v -0.055666 0.063442 -0.026200
v -0.057668 0.063442 -0.026200
v -0.059083 0.062027 -0.026200
v -0.059083 0.060025 -0.026200
v -0.057668 0.058609 -0.026200
v -0.055666 0.058609 -0.026200
v -0.054250 0.060025 -0.026200
v -0.055217 0.061626 -0.026700
v -0.056066 0.062475 -0.026700
v -0.057267 0.062475 -0.026700
v -0.058116 0.061626 -0.026700
v -0.058116 0.060425 -0.026700
v -0.057267 0.059576 -0.026700
v -0.056066 0.059576 -0.026700
v -0.055217 0.060425 -0.026700
v -0.056667 0.061026 -0.027000
vn 0.7071 0.7071 -0.0000
vn -0.0000 1.0000 -0.0000
vn -0.7071 0.7071 -0.0000
vn -1.0000 -0.0000 -0.0000
vn -0.7071 -0.7071 -0.0000
vn -0.0000 -1.0000 -0.0000
vn 0.7071 -0.7071 -0.0000
vn 1.0000 -0.0000 -0.0000
vn 0.3984 0.1650 -0.9022
vn 0.3144 0.1302 -0.9403
vn 0.1302 0.3144 -0.9403
vn 0.1650 0.3984 -0.9022
vn -0.1302 0.3144 -0.9403
vn -0.1650 0.3984 -0.9022
vn -0.3144 0.1302 -0.9403
vn -0.3984 0.1650 -0.9022
vn -0.3144 -0.1302 -0.9403
vn -0.3984 -0.1650 -0.9022
vn -0.1302 -0.3144 -0.9403
vn -0.1650 -0.3984 -0.9022
vn 0.1302 -0.3144 -0.9403
vn 0.1650 -0.3984 -0.9022
vn 0.3144 -0.1302 -0.9403
vn 0.3984 -0.1650 -0.9022
vn -0.0000 -0.0000 -1.0000
vn -0.0000 -0.0000 1.0000
s 1
usemtl Gold_|_polished_trim
f 3497//4308 3505//4308 3506//4308 3498//4308
f 3498//4309 3506//4309 3507//4309 3499//4309
f 3499//4310 3507//4310 3508//4310 3500//4310
f 3500//4311 3508//4311 3509//4311 3501//4311
f 3501//4312 3509//4312 3510//4312 3502//4312
f 3502//4313 3510//4313 3511//4313 3503//4313
f 3503//4314 3511//4314 3512//4314 3504//4314
f 3504//4315 3512//4315 3505//4315 3497//4315
f 3505//4316 3513//4317 3514//4318 3506//4319
f 3506//4319 3514//4318 3515//4320 3507//4321
f 3507//4321 3515//4320 3516//4322 3508//4323
f 3508//4323 3516//4322 3517//4324 3509//4325
f 3509//4325 3517//4324 3518//4326 3510//4327
f 3510//4327 3518//4326 3519//4328 3511//4329
f 3511//4329 3519//4328 3520//4330 3512//4331
f 3512//4331 3520//4330 3513//4317 3505//4316
f 3513//4317 3521//4332 3514//4318
f 3514//4318 3521//4332 3515//4320
f 3515//4320 3521//4332 3516//4322
f 3516//4322 3521//4332 3517//4324
f 3517//4324 3521//4332 3518//4326
f 3518//4326 3521//4332 3519//4328
f 3519//4328 3521//4332 3520//4330
f 3520//4330 3521//4332 3513//4317
f 3497//4333 3498//4333 3499//4333 3500//4333 3501//4333 3502//4333 3503//4333 3504//4333
o Rivet_|_left_1100
v 0.202929 0.033693 -0.024000
v 0.201514 0.035109 -0.024000
v 0.199512 0.035109 -0.024000
v 0.198097 0.033693 -0.024000
v 0.198097 0.031691 -0.024000
v 0.199512 0.030276 -0.024000
v 0.201514 0.030276 -0.024000
v 0.202929 0.031691 -0.024000
v 0.202929 0.033693 -0.026200
v 0.201514 0.035109 -0.026200
v 0.199512 0.035109 -0.026200
v 0.198097 0.033693 -0.026200
v 0.198097 0.031691 -0.026200
v 0.199512 0.030276 -0.026200
v 0.201514 0.030276 -0.026200
v 0.202929 0.031691 -0.026200
v 0.201963 0.033293 -0.026700
v 0.201113 0.034142 -0.026700
v 0.199912 0.034142 -0.026700
v 0.199063 0.033293 -0.026700
v 0.199063 0.032092 -0.026700
v 0.199912 0.031243 -0.026700
v 0.201113 0.031243 -0.026700
v 0.201963 0.032092 -0.026700
v 0.200513 0.032692 -0.027000
vn 0.7071 0.7071 -0.0000
vn -0.0000 1.0000 -0.0000
vn -0.7071 0.7071 -0.0000
vn -1.0000 -0.0000 -0.0000
vn -0.7071 -0.7071 -0.0000
vn -0.0000 -1.0000 -0.0000
vn 0.7071 -0.7071 -0.0000
vn 1.0000 -0.0000 -0.0000
vn 0.3984 0.1650 -0.9022
vn 0.3144 0.1302 -0.9403
vn 0.1302 0.3144 -0.9403
vn 0.1650 0.3984 -0.9022
vn -0.1302 0.3144 -0.9403
vn -0.1650 0.3984 -0.9022
vn -0.3144 0.1302 -0.9403
vn -0.3984 0.1650 -0.9022
vn -0.3144 -0.1302 -0.9403
vn -0.3984 -0.1650 -0.9022
vn -0.1302 -0.3144 -0.9403
vn -0.1650 -0.3984 -0.9022
vn 0.1302 -0.3144 -0.9403
vn 0.1650 -0.3984 -0.9022
vn 0.3144 -0.1302 -0.9403
vn 0.3984 -0.1650 -0.9022
vn -0.0000 -0.0000 -1.0000
vn -0.0000 -0.0000 1.0000
s 1
usemtl Gold_|_polished_trim
f 3522//4334 3530//4334 3531//4334 3523//4334
f 3523//4335 3531//4335 3532//4335 3524//4335
f 3524//4336 3532//4336 3533//4336 3525//4336
f 3525//4337 3533//4337 3534//4337 3526//4337
f 3526//4338 3534//4338 3535//4338 3527//4338
f 3527//4339 3535//4339 3536//4339 3528//4339
f 3528//4340 3536//4340 3537//4340 3529//4340
f 3529//4341 3537//4341 3530//4341 3522//4341
f 3530//4342 3538//4343 3539//4344 3531//4345
f 3531//4345 3539//4344 3540//4346 3532//4347
f 3532//4347 3540//4346 3541//4348 3533//4349
f 3533//4349 3541//4348 3542//4350 3534//4351
f 3534//4351 3542//4350 3543//4352 3535//4353
f 3535//4353 3543//4352 3544//4354 3536//4355
f 3536//4355 3544//4354 3545//4356 3537//4357
f 3537//4357 3545//4356 3538//4343 3530//4342
f 3538//4343 3546//4358 3539//4344
f 3539//4344 3546//4358 3540//4346
f 3540//4346 3546//4358 3541//4348
f 3541//4348 3546//4358 3542//4350
f 3542//4350 3546//4358 3543//4352
f 3543//4352 3546//4358 3544//4354
f 3544//4354 3546//4358 3545//4356
f 3545//4356 3546//4358 3538//4343
f 3522//4359 3523//4359 3524//4359 3525//4359 3526//4359 3527//4359 3528//4359 3529//4359
o Rivet_|_left_1320
v 0.298827 0.033693 -0.024000
v 0.297411 0.035109 -0.024000
v 0.295409 0.035109 -0.024000
v 0.293994 0.033693 -0.024000
v 0.293994 0.031691 -0.024000
v 0.295409 0.030276 -0.024000
v 0.297411 0.030276 -0.024000
v 0.298827 0.031691 -0.024000
v 0.298827 0.033693 -0.026200
v 0.297411 0.035109 -0.026200
v 0.295409 0.035109 -0.026200
v 0.293994 0.033693 -0.026200
v 0.293994 0.031691 -0.026200
v 0.295409 0.030276 -0.026200
v 0.297411 0.030276 -0.026200
v 0.298827 0.031691 -0.026200
v 0.297860 0.033293 -0.026700
v 0.297011 0.034142 -0.026700
v 0.295810 0.034142 -0.026700
v 0.294960 0.033293 -0.026700
v 0.294960 0.032092 -0.026700
v 0.295810 0.031243 -0.026700
v 0.297011 0.031243 -0.026700
v 0.297860 0.032092 -0.026700
v 0.296410 0.032692 -0.027000
vn 0.7071 0.7071 -0.0000
vn -0.0000 1.0000 -0.0000
vn -0.7071 0.7071 -0.0000
vn -1.0000 -0.0000 -0.0000
vn -0.7071 -0.7071 -0.0000
vn -0.0000 -1.0000 -0.0000
vn 0.7071 -0.7071 -0.0000
vn 1.0000 -0.0000 -0.0000
vn 0.3984 0.1650 -0.9022
vn 0.3144 0.1302 -0.9403
vn 0.1302 0.3144 -0.9403
vn 0.1650 0.3984 -0.9022
vn -0.1302 0.3144 -0.9403
vn -0.1650 0.3984 -0.9022
vn -0.3144 0.1302 -0.9403
vn -0.3984 0.1650 -0.9022
vn -0.3144 -0.1302 -0.9403
vn -0.3984 -0.1650 -0.9023
vn -0.1302 -0.3144 -0.9403
vn -0.1650 -0.3984 -0.9022
vn 0.1302 -0.3144 -0.9403
vn 0.1650 -0.3984 -0.9022
vn 0.3144 -0.1302 -0.9403
vn 0.3984 -0.1650 -0.9022
vn -0.0000 -0.0000 -1.0000
vn -0.0000 -0.0000 1.0000
s 1
usemtl Gold_|_polished_trim
f 3547//4360 3555//4360 3556//4360 3548//4360
f 3548//4361 3556//4361 3557//4361 3549//4361
f 3549//4362 3557//4362 3558//4362 3550//4362
f 3550//4363 3558//4363 3559//4363 3551//4363
f 3551//4364 3559//4364 3560//4364 3552//4364
f 3552//4365 3560//4365 3561//4365 3553//4365
f 3553//4366 3561//4366 3562//4366 3554//4366
f 3554//4367 3562//4367 3555//4367 3547//4367
f 3555//4368 3563//4369 3564//4370 3556//4371
f 3556//4371 3564//4370 3565//4372 3557//4373
f 3557//4373 3565//4372 3566//4374 3558//4375
f 3558//4375 3566//4374 3567//4376 3559//4377
f 3559//4377 3567//4376 3568//4378 3560//4379
f 3560//4379 3568//4378 3569//4380 3561//4381
f 3561//4381 3569//4380 3570//4382 3562//4383
f 3562//4383 3570//4382 3563//4369 3555//4368
f 3563//4369 3571//4384 3564//4370
f 3564//4370 3571//4384 3565//4372
f 3565//4372 3571//4384 3566//4374
f 3566//4374 3571//4384 3567//4376
f 3567//4376 3571//4384 3568//4378
f 3568//4378 3571//4384 3569//4380
f 3569//4380 3571//4384 3570//4382
f 3570//4382 3571//4384 3563//4369
f 3547//4385 3548//4385 3549//4385 3550//4385 3551//4385 3552//4385 3553//4385 3554//4385
o Rivet_|_left_1600
v 0.420878 0.075103 -0.024000
v 0.419462 0.076519 -0.024000
v 0.417461 0.076519 -0.024000
v 0.416045 0.075103 -0.024000
v 0.416045 0.073102 -0.024000
v 0.417461 0.071686 -0.024000
v 0.419462 0.071686 -0.024000
v 0.420878 0.073102 -0.024000
v 0.420878 0.075103 -0.026200
v 0.419462 0.076519 -0.026200
v 0.417461 0.076519 -0.026200
v 0.416045 0.075103 -0.026200
v 0.416045 0.073102 -0.026200
v 0.417461 0.071686 -0.026200
v 0.419462 0.071686 -0.026200
v 0.420878 0.073102 -0.026200
v 0.419911 0.074703 -0.026700
v 0.419062 0.075552 -0.026700
v 0.417861 0.075552 -0.026700
v 0.417012 0.074703 -0.026700
v 0.417012 0.073502 -0.026700
v 0.417861 0.072653 -0.026700
v 0.419062 0.072653 -0.026700
v 0.419911 0.073502 -0.026700
v 0.418462 0.074103 -0.027000
vn 0.7071 0.7071 -0.0000
vn -0.0000 1.0000 -0.0000
vn -0.7071 0.7071 -0.0000
vn -1.0000 -0.0000 -0.0000
vn -0.7071 -0.7071 -0.0000
vn -0.0000 -1.0000 -0.0000
vn 0.7071 -0.7071 -0.0000
vn 1.0000 -0.0000 -0.0000
vn 0.3984 0.1650 -0.9022
vn 0.3144 0.1302 -0.9403
vn 0.1302 0.3144 -0.9403
vn 0.1650 0.3984 -0.9022
vn -0.1302 0.3144 -0.9403
vn -0.1650 0.3984 -0.9022
vn -0.3144 0.1302 -0.9403
vn -0.3984 0.1650 -0.9022
vn -0.3144 -0.1302 -0.9403
vn -0.3984 -0.1650 -0.9022
vn -0.1302 -0.3144 -0.9403
vn -0.1650 -0.3984 -0.9022
vn 0.1302 -0.3144 -0.9403
vn 0.1650 -0.3984 -0.9023
vn 0.3144 -0.1302 -0.9403
vn 0.3984 -0.1650 -0.9022
vn -0.0000 -0.0000 -1.0000
vn -0.0000 -0.0000 1.0000
s 1
usemtl Gold_|_polished_trim
f 3572//4386 3580//4386 3581//4386 3573//4386
f 3573//4387 3581//4387 3582//4387 3574//4387
f 3574//4388 3582//4388 3583//4388 3575//4388
f 3575//4389 3583//4389 3584//4389 3576//4389
f 3576//4390 3584//4390 3585//4390 3577//4390
f 3577//4391 3585//4391 3586//4391 3578//4391
f 3578//4392 3586//4392 3587//4392 3579//4392
f 3579//4393 3587//4393 3580//4393 3572//4393
f 3580//4394 3588//4395 3589//4396 3581//4397
f 3581//4397 3589//4396 3590//4398 3582//4399
f 3582//4399 3590//4398 3591//4400 3583//4401
f 3583//4401 3591//4400 3592//4402 3584//4403
f 3584//4403 3592//4402 3593//4404 3585//4405
f 3585//4405 3593//4404 3594//4406 3586//4407
f 3586//4407 3594//4406 3595//4408 3587//4409
f 3587//4409 3595//4408 3588//4395 3580//4394
f 3588//4395 3596//4410 3589//4396
f 3589//4396 3596//4410 3590//4398
f 3590//4398 3596//4410 3591//4400
f 3591//4400 3596//4410 3592//4402
f 3592//4402 3596//4410 3593//4404
f 3593//4404 3596//4410 3594//4406
f 3594//4406 3596//4410 3595//4408
f 3595//4408 3596//4410 3588//4395
f 3572//4411 3573//4411 3574//4411 3575//4411 3576//4411 3577//4411 3578//4411 3579//4411
o Glow_|_right_stock_strip
v -0.128590 0.066167 0.023038
v -0.128590 0.066167 0.026962
v -0.128590 0.062769 0.028923
v -0.128590 0.059372 0.026962
v -0.128590 0.059372 0.023038
v -0.128590 0.062769 0.021077
v -0.228846 0.066167 0.023038
v -0.228846 0.066167 0.026962
v -0.228846 0.062769 0.028923
v -0.228846 0.059372 0.026962
v -0.228846 0.059372 0.023038
v -0.228846 0.062769 0.021077
v -0.194156 0.066167 0.023038
v -0.194156 0.066167 0.026962
v -0.194156 0.062769 0.028923
v -0.194156 0.059372 0.026962
v -0.194156 0.059372 0.023038
v -0.194156 0.062769 0.021077
v -0.163280 0.066167 0.023038
v -0.163280 0.066167 0.026962
v -0.163280 0.062769 0.028923
v -0.163280 0.059372 0.026962
v -0.163280 0.059372 0.023038
v -0.163280 0.062769 0.021077
vn 1.0000 -0.0000 -0.0000
vn -1.0000 -0.0000 -0.0000
vn -0.0000 0.5000 -0.8660
vn -0.0000 -0.0000 -1.0000
vn -0.0000 1.0000 -0.0000
vn -0.0000 0.8660 0.5000
vn -0.0000 -0.0000 1.0000
vn -0.0000 0.5000 0.8660
vn -0.0000 -0.5000 0.8660
vn -0.0000 -0.8660 0.5000
vn -0.0000 -0.8660 -0.5000
vn -0.0000 -1.0000 -0.0000
vt 1.000000 0.000000
vt 0.600000 0.000000
vt 0.800000 0.000000
vt 0.400000 0.000000
vt 0.000000 0.000000
vt 0.200000 0.000000
vt 0.000000 1.000000
vt 0.333333 1.000000
vt 0.333333 0.833333
vt 0.000000 0.833333
vt 0.000000 0.166667
vt 0.333333 0.166667
vt 0.333333 0.000000
vt 0.000000 0.333333
vt 0.333333 0.333333
vt 0.000000 0.500000
vt 0.333333 0.500000
vt 0.000000 0.666667
vt 0.333333 0.666667
vt 0.666667 1.000000
vt 0.666667 0.833333
vt 0.666667 0.166667
vt 0.666667 0.000000
vt 0.666667 0.333333
vt 0.666667 0.500000
vt 0.666667 0.666667
vt 1.000000 1.000000
vt 1.000000 0.833333
vt 1.000000 0.166667
vt 1.000000 0.333333
vt 1.000000 0.500000
vt 1.000000 0.666667
s 1
usemtl Glow_|_amber
f 3602/3793/4412 3600/3794/4412 3601/3795/4412
f 3602/3793/4412 3599/3796/4412 3600/3794/4412
f 3597/3797/4412 3599/3796/4412 3602/3793/4412
f 3597/3797/4412 3598/3798/4412 3599/3796/4412
f 3605/3796/4413 3607/3795/4413 3606/3794/4413
f 3605/3796/4413 3608/3793/4413 3607/3795/4413
f 3604/3798/4413 3608/3793/4413 3605/3796/4413
f 3604/3798/4413 3603/3797/4413 3608/3793/4413
f 3603/3799/4414 3609/3800/4414 3614/3801/4415 3608/3802/4415
f 3604/3803/4416 3610/3804/4417 3609/3805/4416 3603/3797/4416
f 3605/3806/4418 3611/3807/4418 3610/3804/4417 3604/3803/4419
f 3606/3808/4420 3612/3809/4421 3611/3807/4418 3605/3806/4418
f 3607/3810/4422 3613/3811/4422 3612/3809/4421 3606/3808/4423
f 3608/3802/4415 3614/3801/4415 3613/3811/4422 3607/3810/4422
f 3609/3800/4414 3615/3812/4414 3620/3813/4415 3614/3801/4415
f 3610/3804/4417 3616/3814/4417 3615/3815/4416 3609/3805/4416
f 3611/3807/4418 3617/3816/4418 3616/3814/4417 3610/3804/4417
f 3612/3809/4421 3618/3817/4421 3617/3816/4418 3611/3807/4418
f 3613/3811/4422 3619/3818/4422 3618/3817/4421 3612/3809/4421
f 3614/3801/4415 3620/3813/4415 3619/3818/4422 3613/3811/4422
f 3615/3812/4414 3597/3819/4414 3602/3820/4415 3620/3813/4415
f 3616/3814/4417 3598/3821/4416 3597/3793/4416 3615/3815/4416
f 3617/3816/4418 3599/3822/4418 3598/3821/4419 3616/3814/4417
f 3618/3817/4421 3600/3823/4420 3599/3822/4418 3617/3816/4418
f 3619/3818/4422 3601/3824/4422 3600/3823/4423 3618/3817/4421
f 3620/3813/4415 3602/3820/4415 3601/3824/4422 3619/3818/4422
o Glow_|_right_receiver_strip
v 0.292051 0.080610 0.023256
v 0.292051 0.080610 0.026744
v 0.292051 0.077590 0.028487
v 0.292051 0.074570 0.026744
v 0.292051 0.074570 0.023256
v 0.292051 0.077590 0.021513
v 0.100256 0.080610 0.023256
v 0.100256 0.080610 0.026744
v 0.100256 0.077590 0.028487
v 0.100256 0.074570 0.026744
v 0.100256 0.074570 0.023256
v 0.100256 0.077590 0.021513
v 0.166621 0.080610 0.023256
v 0.166621 0.080610 0.026744
v 0.166621 0.077590 0.028487
v 0.166621 0.074570 0.026744
v 0.166621 0.074570 0.023256
v 0.166621 0.077590 0.021513
v 0.225687 0.080610 0.023256
v 0.225687 0.080610 0.026744
v 0.225687 0.077590 0.028487
v 0.225687 0.074570 0.026744
v 0.225687 0.074570 0.023256
v 0.225687 0.077590 0.021513
vn 1.0000 -0.0000 -0.0000
vn -1.0000 -0.0000 -0.0000
vn -0.0000 0.8660 -0.5000
vn -0.0000 -0.0000 -1.0000
vn -0.0000 1.0000 -0.0000
vn -0.0000 -0.0000 1.0000
vn -0.0000 0.5000 0.8660
vn -0.0000 -0.5000 0.8660
vn -0.0000 -1.0000 -0.0000
vn -0.0000 -0.5000 -0.8660
vn -0.0000 0.5000 -0.8660
vt 1.000000 0.000000
vt 0.600000 0.000000
vt 0.800000 0.000000
vt 0.400000 0.000000
vt 0.000000 0.000000
vt 0.200000 0.000000
vt 0.000000 1.000000
vt 0.333333 1.000000
vt 0.333333 0.833333
vt 0.000000 0.833333
vt 0.000000 0.166667
vt 0.333333 0.166667
vt 0.333333 0.000000
vt 0.000000 0.333333
vt 0.333333 0.333333
vt 0.000000 0.500000
vt 0.333333 0.500000
vt 0.000000 0.666667
vt 0.333333 0.666667
vt 0.666667 1.000000
vt 0.666667 0.833333
vt 0.666667 0.166667
vt 0.666667 0.000000
vt 0.666667 0.333333
vt 0.666667 0.500000
vt 0.666667 0.666667
vt 1.000000 1.000000
vt 1.000000 0.833333
vt 1.000000 0.166667
vt 1.000000 0.333333
vt 1.000000 0.500000
vt 1.000000 0.666667
s 1
usemtl Glow_|_amber
f 3626/3825/4424 3624/3826/4424 3625/3827/4424
f 3626/3825/4424 3623/3828/4424 3624/3826/4424
f 3621/3829/4424 3623/3828/4424 3626/3825/4424
f 3621/3829/4424 3622/3830/4424 3623/3828/4424
f 3629/3828/4425 3631/3827/4425 3630/3826/4425
f 3629/3828/4425 3632/3825/4425 3631/3827/4425
f 3628/3830/4425 3632/3825/4425 3629/3828/4425
f 3628/3830/4425 3627/3829/4425 3632/3825/4425
f 3627/3831/4426 3633/3832/4426 3638/3833/4427 3632/3834/4427
f 3628/3835/4428 3634/3836/4428 3633/3837/4426 3627/3829/4426
f 3629/3838/4429 3635/3839/4429 3634/3836/4430 3628/3835/4430
f 3630/3840/4431 3636/3841/4431 3635/3839/4429 3629/3838/4429
f 3631/3842/4432 3637/3843/4432 3636/3841/4432 3630/3840/4432
f 3632/3834/4427 3638/3833/4427 3637/3843/4433 3631/3842/4433
f 3633/3832/4426 3639/3844/4434 3644/3845/4427 3638/3833/4427
f 3634/3836/4428 3640/3846/4428 3639/3847/4428 3633/3837/4426
f 3635/3839/4429 3641/3848/4429 3640/3846/4430 3634/3836/4430
f 3636/3841/4431 3642/3849/4431 3641/3848/4429 3635/3839/4429
f 3637/3843/4432 3643/3850/4432 3642/3849/4432 3636/3841/4432
f 3638/3833/4427 3644/3845/4427 3643/3850/4433 3637/3843/4433
f 3639/3844/4434 3621/3851/4434 3626/3852/4427 3644/3845/4427
f 3640/3846/4428 3622/3853/4428 3621/3825/4428 3639/3847/4428
f 3641/3848/4429 3623/3854/4429 3622/3853/4430 3640/3846/4430
f 3642/3849/4431 3624/3855/4431 3623/3854/4429 3641/3848/4429
f 3643/3850/4432 3625/3856/4432 3624/3855/4432 3642/3849/4432
f 3644/3845/4427 3626/3852/4427 3625/3856/4433 3643/3850/4433
o Glow_|_right_forend_strip
v 0.401026 0.023130 0.023474
v 0.401026 0.023130 0.026526
v 0.401026 0.020487 0.028051
v 0.401026 0.017845 0.026526
v 0.401026 0.017845 0.023474
v 0.401026 0.020487 0.021949
v 0.287692 0.023130 0.023474
v 0.287692 0.023130 0.026526
v 0.287692 0.020487 0.028051
v 0.287692 0.017845 0.026526
v 0.287692 0.017845 0.023474
v 0.287692 0.020487 0.021949
v 0.326908 0.023130 0.023474
v 0.326908 0.023130 0.026526
v 0.326908 0.020487 0.028051
v 0.326908 0.017845 0.026526
v 0.326908 0.017845 0.023474
v 0.326908 0.020487 0.021949
v 0.361810 0.023130 0.023474
v 0.361810 0.023130 0.026526
v 0.361810 0.020487 0.028051
v 0.361810 0.017845 0.026526
v 0.361810 0.017845 0.023474
v 0.361810 0.020487 0.021949
vn 1.0000 -0.0000 -0.0000
vn -1.0000 -0.0000 -0.0000
vn -0.0000 0.8660 -0.5000
vn -0.0000 0.5000 -0.8660
vn -0.0000 0.8660 0.5000
vn -0.0000 0.5000 0.8660
vn -0.0000 -0.8660 0.5000
vn -0.0000 -0.5000 0.8660
vn -0.0000 -0.8660 -0.5000
vn -0.0000 -0.5000 -0.8660
vt 1.000000 0.000000
vt 0.600000 0.000000
vt 0.800000 0.000000
vt 0.400000 0.000000
vt 0.000000 0.000000
vt 0.200000 0.000000
vt 0.000000 1.000000
vt 0.333333 1.000000
vt 0.333333 0.833333
vt 0.000000 0.833333
vt 0.000000 0.166667
vt 0.333333 0.166667
vt 0.333333 0.000000
vt 0.000000 0.333333
vt 0.333333 0.333333
vt 0.000000 0.500000
vt 0.333333 0.500000
vt 0.000000 0.666667
vt 0.333333 0.666667
vt 0.666667 1.000000
vt 0.666667 0.833333
vt 0.666667 0.166667
vt 0.666667 0.000000
vt 0.666667 0.333333
vt 0.666667 0.500000
vt 0.666667 0.666667
vt 1.000000 1.000000
vt 1.000000 0.833333
vt 1.000000 0.166667
vt 1.000000 0.333333
vt 1.000000 0.500000
vt 1.000000 0.666667
s 1
usemtl Glow_|_amber
f 3650/3857/4435 3648/3858/4435 3649/3859/4435
f 3650/3857/4435 3647/3860/4435 3648/3858/4435
f 3645/3861/4435 3647/3860/4435 3650/3857/4435
f 3645/3861/4435 3646/3862/4435 3647/3860/4435
f 3653/3860/4436 3655/3859/4436 3654/3858/4436
f 3653/3860/4436 3656/3857/4436 3655/3859/4436
f 3652/3862/4436 3656/3857/4436 3653/3860/4436
f 3652/3862/4436 3651/3861/4436 3656/3857/4436
f 3651/3863/4437 3657/3864/4437 3662/3865/4438 3656/3866/4438
f 3652/3867/4439 3658/3868/4439 3657/3869/4437 3651/3861/4437
f 3653/3870/4440 3659/3871/4440 3658/3868/4439 3652/3867/4439
f 3654/3872/4441 3660/3873/4441 3659/3871/4442 3653/3870/4442
f 3655/3874/4443 3661/3875/4443 3660/3873/4441 3654/3872/4441
f 3656/3866/4444 3662/3865/4444 3661/3875/4443 3655/3874/4443
f 3657/3864/4437 3663/3876/4437 3668/3877/4438 3662/3865/4438
f 3658/3868/4439 3664/3878/4439 3663/3879/4437 3657/3869/4437
f 3659/3871/4440 3665/3880/4440 3664/3878/4439 3658/3868/4439
f 3660/3873/4441 3666/3881/4441 3665/3880/4442 3659/3871/4442
f 3661/3875/4443 3667/3882/4443 3666/3881/4441 3660/3873/4441
f 3662/3865/4444 3668/3877/4444 3667/3882/4443 3661/3875/4443
f 3663/3876/4437 3645/3883/4437 3650/3884/4438 3668/3877/4438
f 3664/3878/4439 3646/3885/4439 3645/3857/4437 3663/3879/4437
f 3665/3880/4440 3647/3886/4440 3646/3885/4439 3664/3878/4439
f 3666/3881/4441 3648/3887/4441 3647/3886/4442 3665/3880/4442
f 3667/3882/4443 3649/3888/4443 3648/3887/4441 3666/3881/4441
f 3668/3877/4444 3650/3884/4444 3649/3888/4443 3667/3882/4443
o Glow_|_right_front_block_strip
v 0.483846 0.083284 0.023474
v 0.483846 0.083284 0.026526
v 0.483846 0.080641 0.028051
v 0.483846 0.077999 0.026526
v 0.483846 0.077999 0.023474
v 0.483846 0.080641 0.021949
v 0.444615 0.083284 0.023474
v 0.444615 0.083284 0.026526
v 0.444615 0.080641 0.028051
v 0.444615 0.077999 0.026526
v 0.444615 0.077999 0.023474
v 0.444615 0.080641 0.021949
v 0.458190 0.083284 0.023474
v 0.458190 0.083284 0.026526
v 0.458190 0.080641 0.028051
v 0.458190 0.077999 0.026526
v 0.458190 0.077999 0.023474
v 0.458190 0.080641 0.021949
v 0.470272 0.083284 0.023474
v 0.470272 0.083284 0.026526
v 0.470272 0.080641 0.028051
v 0.470272 0.077999 0.026526
v 0.470272 0.077999 0.023474
v 0.470272 0.080641 0.021949
vn 1.0000 -0.0000 -0.0000
vn -1.0000 -0.0000 -0.0000
vn -0.0000 0.8660 -0.5000
vn -0.0000 -0.0000 -1.0000
vn -0.0000 0.5000 -0.8660
vn -0.0000 0.8660 0.5000
vn -0.0000 0.5000 0.8660
vn -0.0000 -0.0000 1.0000
vn -0.0000 -0.8660 0.5000
vn -0.0000 -0.5000 0.8660
vn -0.0000 -0.8660 -0.5000
vn -0.0000 -0.5000 -0.8660
vn -0.0000 1.0000 -0.0000
vn -0.0000 -1.0000 -0.0000
vt 1.000000 0.000000
vt 0.600000 0.000000
vt 0.800000 0.000000
vt 0.400000 0.000000
vt 0.000000 0.000000
vt 0.200000 0.000000
vt 0.000000 1.000000
vt 0.333333 1.000000
vt 0.333333 0.833333
vt 0.000000 0.833333
vt 0.000000 0.166667
vt 0.333333 0.166667
vt 0.333333 0.000000
vt 0.000000 0.333333
vt 0.333333 0.333333
vt 0.000000 0.500000
vt 0.333333 0.500000
vt 0.000000 0.666667
vt 0.333333 0.666667
vt 0.666667 1.000000
vt 0.666667 0.833333
vt 0.666667 0.166667
vt 0.666667 0.000000
vt 0.666667 0.333333
vt 0.666667 0.500000
vt 0.666667 0.666667
vt 1.000000 1.000000
vt 1.000000 0.833333
vt 1.000000 0.166667
vt 1.000000 0.333333
vt 1.000000 0.500000
vt 1.000000 0.666667
s 1
usemtl Glow_|_amber
f 3674/3889/4445 3672/3890/4445 3673/3891/4445
f 3674/3889/4445 3671/3892/4445 3672/3890/4445
f 3669/3893/4445 3671/3892/4445 3674/3889/4445
f 3669/3893/4445 3670/3894/4445 3671/3892/4445
f 3677/3892/4446 3679/3891/4446 3678/3890/4446
f 3677/3892/4446 3680/3889/4446 3679/3891/4446
f 3676/3894/4446 3680/3889/4446 3677/3892/4446
f 3676/3894/4446 3675/3893/4446 3680/3889/4446
f 3675/3895/4447 3681/3896/4447 3686/3897/4448 3680/3898/4449
f 3676/3899/4450 3682/3900/4450 3681/3901/4447 3675/3893/4447
f 3677/3902/4451 3683/3903/4452 3682/3900/4450 3676/3899/4450
f 3678/3904/4453 3684/3905/4453 3683/3903/4452 3677/3902/4454
f 3679/3906/4455 3685/3907/4455 3684/3905/4453 3678/3904/4453
f 3680/3898/4456 3686/3897/4448 3685/3907/4455 3679/3906/4455
f 3681/3896/4447 3687/3908/4449 3692/3909/4448 3686/3897/4448
f 3682/3900/4450 3688/3910/4450 3687/3911/4457 3681/3901/4447
f 3683/3903/4452 3689/3912/4452 3688/3910/4450 3682/3900/4450
f 3684/3905/4453 3690/3913/4453 3689/3912/4452 3683/3903/4452
f 3685/3907/4455 3691/3914/4458 3690/3913/4453 3684/3905/4453
f 3686/3897/4448 3692/3909/4448 3691/3914/4456 3685/3907/4455
f 3687/3908/4449 3669/3915/4449 3674/3916/4448 3692/3909/4448
f 3688/3910/4450 3670/3917/4450 3669/3889/4457 3687/3911/4457
f 3689/3912/4452 3671/3918/4451 3670/3917/4450 3688/3910/4450
f 3690/3913/4453 3672/3919/4453 3671/3918/4454 3689/3912/4452
f 3691/3914/4458 3673/3920/4458 3672/3919/4453 3690/3913/4453
f 3692/3909/4448 3674/3916/4448 3673/3920/4456 3691/3914/4456
o Slot_|_right_front_oval_frame
v 0.322564 0.074974 0.026600
v 0.320997 0.076603 0.026600
v 0.320202 0.078602 0.026600
v 0.319717 0.080748 0.026600
v 0.319077 0.082821 0.026600
v 0.319717 0.084893 0.026600
v 0.320202 0.087039 0.026600
v 0.320997 0.089038 0.026600
v 0.322564 0.090667 0.026600
v 0.337108 0.095741 0.026600
v 0.356620 0.097349 0.026600
v 0.376540 0.095615 0.026600
v 0.392308 0.090667 0.026600
v 0.394249 0.089076 0.026600
v 0.395486 0.087073 0.026600
v 0.396442 0.084906 0.026600
v 0.397538 0.082821 0.026600
v 0.396442 0.080735 0.026600
v 0.395486 0.078568 0.026600
v 0.394249 0.076565 0.026600
v 0.392308 0.074974 0.026600
v 0.376540 0.070026 0.026600
v 0.356620 0.068292 0.026600
v 0.337108 0.069900 0.026600
v 0.322564 0.074974 0.023400
v 0.320997 0.076603 0.023400
v 0.320202 0.078602 0.023400
v 0.319717 0.080748 0.023400
v 0.319077 0.082821 0.023400
v 0.319717 0.084893 0.023400
v 0.320202 0.087039 0.023400
v 0.320997 0.089038 0.023400
v 0.322564 0.090667 0.023400
v 0.337108 0.095741 0.023400
v 0.356620 0.097349 0.023400
v 0.376540 0.095615 0.023400
v 0.392308 0.090667 0.023400
v 0.394249 0.089076 0.023400
v 0.395486 0.087073 0.023400
v 0.396442 0.084906 0.023400
v 0.397538 0.082821 0.023400
v 0.396442 0.080735 0.023400
v 0.395486 0.078568 0.023400
v 0.394249 0.076565 0.023400
v 0.392308 0.074974 0.023400
v 0.376540 0.070026 0.023400
v 0.356620 0.068292 0.023400
v 0.337108 0.069900 0.023400
v 0.322329 0.074607 0.023576
v 0.322231 0.074455 0.024000
v 0.322231 0.074455 0.026000
v 0.322329 0.074607 0.026424
v 0.320633 0.076369 0.023576
v 0.320483 0.076272 0.024000
v 0.320483 0.076272 0.026000
v 0.320633 0.076369 0.026424
v 0.319796 0.078476 0.023576
v 0.319627 0.078424 0.024000
v 0.319627 0.078424 0.026000
v 0.319796 0.078476 0.026424
v 0.319307 0.080638 0.023576
v 0.319137 0.080593 0.024000
v 0.319137 0.080593 0.026000
v 0.319307 0.080638 0.026424
v 0.318633 0.082821 0.023576
v 0.318449 0.082821 0.024000
v 0.318449 0.082821 0.026000
v 0.318633 0.082821 0.026424
v 0.319307 0.085003 0.023576
v 0.319137 0.085048 0.024000
v 0.319137 0.085048 0.026000
v 0.319307 0.085003 0.026424
v 0.319796 0.087165 0.023576
v 0.319627 0.087217 0.024000
v 0.319627 0.087217 0.026000
v 0.319796 0.087165 0.026424
v 0.320633 0.089272 0.023576
v 0.320483 0.089369 0.024000
v 0.320483 0.089369 0.026000
v 0.320633 0.089272 0.026424
v 0.322329 0.091034 0.023576
v 0.322231 0.091186 0.024000
v 0.322231 0.091186 0.026000
v 0.322329 0.091034 0.026424
v 0.337019 0.096160 0.023576
v 0.336983 0.096333 0.024000
v 0.336983 0.096333 0.026000
v 0.337019 0.096160 0.026424
v 0.356621 0.097775 0.023576
v 0.356621 0.097951 0.024000
v 0.356621 0.097951 0.026000
v 0.356621 0.097775 0.026424
v 0.376623 0.096034 0.023576
v 0.376657 0.096207 0.024000
v 0.376657 0.096207 0.026000
v 0.376623 0.096034 0.026424
v 0.392513 0.091047 0.023576
v 0.392598 0.091204 0.024000
v 0.392598 0.091204 0.026000
v 0.392513 0.091047 0.026424
v 0.394573 0.089359 0.023576
v 0.394707 0.089476 0.024000
v 0.394707 0.089476 0.026000
v 0.394573 0.089359 0.026424
v 0.395863 0.087271 0.023576
v 0.396019 0.087353 0.024000
v 0.396019 0.087353 0.026000
v 0.395863 0.087271 0.026424
v 0.396824 0.085090 0.023576
v 0.396983 0.085167 0.024000
v 0.396983 0.085167 0.026000
v 0.396824 0.085090 0.026424
v 0.398018 0.082821 0.023576
v 0.398216 0.082821 0.024000
v 0.398216 0.082821 0.026000
v 0.398018 0.082821 0.026424
v 0.396824 0.080551 0.023576
v 0.396983 0.080475 0.024000
v 0.396983 0.080475 0.026000
v 0.396824 0.080551 0.026424
v 0.395863 0.078370 0.023576
v 0.396019 0.078288 0.024000
v 0.396019 0.078288 0.026000
v 0.395863 0.078370 0.026424
v 0.394573 0.076282 0.023576
v 0.394707 0.076165 0.024000
v 0.394707 0.076165 0.026000
v 0.394573 0.076282 0.026424
v 0.392513 0.074594 0.023576
v 0.392598 0.074437 0.024000
v 0.392598 0.074437 0.026000
v 0.392513 0.074594 0.026424
v 0.376623 0.069607 0.023576
v 0.376657 0.069434 0.024000
v 0.376657 0.069434 0.026000
v 0.376623 0.069607 0.026424
v 0.356621 0.067866 0.023576
v 0.356621 0.067690 0.024000
v 0.356621 0.067690 0.026000
v 0.356621 0.067866 0.026424
v 0.337019 0.069481 0.023576
v 0.336983 0.069308 0.024000
v 0.336983 0.069308 0.026000
v 0.337019 0.069481 0.026424
vn -0.0433 0.2041 0.9780
vn 0.0402 0.2030 0.9784
vn 0.0005 0.2045 0.9789
vn -0.1173 0.1830 0.9761
vn 0.1018 0.1885 0.9768
vn -0.1803 0.1161 0.9767
vn 0.1596 0.1397 0.9773
vn 0.1795 0.0945 0.9792
vn -0.1947 0.0603 0.9790
vn 0.1719 0.0830 0.9816
vn -0.1839 0.0491 0.9817
vn 0.2258 -0.0000 0.9742
vn -0.2213 -0.0000 0.9752
vn -0.1839 -0.0491 0.9817
vn 0.1719 -0.0830 0.9816
vn -0.1947 -0.0603 0.9790
vn 0.1795 -0.0945 0.9792
vn -0.1803 -0.1161 0.9767
vn 0.1596 -0.1397 0.9772
vn -0.1173 -0.1830 0.9761
vn 0.1018 -0.1885 0.9768
vn -0.0433 -0.2041 0.9780
vn 0.0402 -0.2030 0.9784
vn 0.0005 -0.2045 0.9789
vn -0.0433 0.2041 -0.9780
vn 0.0005 0.2045 -0.9789
vn 0.0402 0.2030 -0.9784
vn -0.1173 0.1830 -0.9761
vn 0.1018 0.1885 -0.9768
vn -0.1803 0.1161 -0.9767
vn 0.1596 0.1397 -0.9772
vn 0.1795 0.0945 -0.9792
vn -0.1947 0.0603 -0.9790
vn 0.1719 0.0830 -0.9816
vn -0.1839 0.0491 -0.9817
vn 0.2258 -0.0000 -0.9742
vn -0.2213 -0.0000 -0.9752
vn -0.1839 -0.0491 -0.9817
vn 0.1719 -0.0830 -0.9816
vn -0.1947 -0.0603 -0.9790
vn 0.1795 -0.0945 -0.9792
vn -0.1803 -0.1161 -0.9767
vn 0.1596 -0.1397 -0.9772
vn -0.1173 -0.1830 -0.9761
vn 0.1018 -0.1885 -0.9768
vn -0.0433 -0.2041 -0.9780
vn 0.0402 -0.2030 -0.9784
vn 0.0005 -0.2045 -0.9789
vn -0.2017 -0.3146 -0.9276
vn -0.3166 -0.2039 -0.9264
vn -0.5295 -0.8257 -0.1944
vn -0.8247 -0.5313 -0.1938
vn -0.7745 -0.4989 -0.3889
vn -0.4966 -0.7745 -0.3918
vn -0.5295 -0.8257 0.1944
vn -0.8247 -0.5313 0.1938
vn -0.4966 -0.7745 0.3918
vn -0.7745 -0.4989 0.3889
vn -0.3166 -0.2039 0.9264
vn -0.2017 -0.3146 0.9276
vn -0.3646 -0.1129 -0.9243
vn -0.9371 -0.2903 -0.1938
vn -0.8821 -0.2733 -0.3836
vn -0.9371 -0.2903 0.1938
vn -0.8821 -0.2733 0.3836
vn -0.3646 -0.1129 0.9243
vn -0.3695 -0.0987 -0.9240
vn -0.9474 -0.2530 -0.1961
vn -0.8925 -0.2384 -0.3829
vn -0.9474 -0.2530 0.1961
vn -0.8925 -0.2384 0.3829
vn -0.3695 -0.0987 0.9240
vn -0.3680 -0.0000 -0.9298
vn -0.9806 -0.0000 -0.1959
vn -0.9175 -0.0000 -0.3978
vn -0.9806 -0.0000 0.1959
vn -0.9175 -0.0000 0.3978
vn -0.3680 -0.0000 0.9298
vn -0.3695 0.0987 -0.9240
vn -0.9474 0.2530 -0.1961
vn -0.8925 0.2384 -0.3829
vn -0.9474 0.2530 0.1961
vn -0.8925 0.2384 0.3829
vn -0.3695 0.0987 0.9240
vn -0.3646 0.1129 -0.9243
vn -0.9371 0.2903 -0.1938
vn -0.8821 0.2733 -0.3837
vn -0.9371 0.2903 0.1938
vn -0.8821 0.2733 0.3837
vn -0.3646 0.1129 0.9243
vn -0.3165 0.2039 -0.9264
vn -0.8247 0.5313 -0.1938
vn -0.7745 0.4989 -0.3889
vn -0.8247 0.5313 0.1938
vn -0.7745 0.4989 0.3889
vn -0.3165 0.2039 0.9264
vn -0.2017 0.3146 -0.9276
vn -0.5295 0.8257 -0.1944
vn -0.4966 0.7745 -0.3918
vn -0.5295 0.8257 0.1944
vn -0.4966 0.7745 0.3918
vn -0.2017 0.3146 0.9276
vn -0.0788 0.3718 -0.9250
vn -0.2035 0.9598 -0.1935
vn -0.1914 0.9027 -0.3853
vn -0.2035 0.9598 0.1935
vn -0.1914 0.9027 0.3853
vn -0.0788 0.3718 0.9250
vn 0.0009 0.3815 -0.9244
vn 0.0023 0.9811 -0.1937
vn 0.0021 0.9234 -0.3838
vn 0.0023 0.9811 0.1937
vn 0.0021 0.9234 0.3838
vn 0.0009 0.3815 0.9244
vn 0.0739 0.3735 -0.9247
vn 0.1905 0.9624 -0.1936
vn 0.1793 0.9055 -0.3846
vn 0.1905 0.9624 0.1936
vn 0.1793 0.9055 0.3846
vn 0.0739 0.3735 0.9247
vn 0.1790 0.3314 -0.9263
vn 0.4663 0.8631 -0.1938
vn 0.4379 0.8106 -0.3887
vn 0.4663 0.8631 0.1938
vn 0.4379 0.8106 0.3887
vn 0.1790 0.3314 0.9263
vn 0.2846 0.2491 -0.9257
vn 0.7383 0.6461 -0.1936
vn 0.6939 0.6072 -0.3872
vn 0.7383 0.6461 0.1936
vn 0.6939 0.6071 0.3872
vn 0.2846 0.2490 0.9257
vn 0.3380 0.1778 -0.9242
vn 0.8682 0.4568 -0.1939
vn 0.8173 0.4300 -0.3835
vn 0.8682 0.4568 0.1939
vn 0.8173 0.4300 0.3835
vn 0.3380 0.1778 0.9242
vn 0.3445 0.1663 -0.9240
vn 0.8831 0.4263 -0.1960
vn 0.8320 0.4016 -0.3829
vn 0.8831 0.4263 0.1960
vn 0.8320 0.4016 0.3829
vn 0.3445 0.1663 0.9240
vn 0.3442 -0.0000 -0.9389
vn 0.8703 0.4577 -0.1819
vn 0.8177 0.4300 -0.3827
vn 0.8703 0.4577 0.1819
vn 0.8177 0.4300 0.3827
vn 0.3442 -0.0000 0.9389
vn 0.3445 -0.1663 -0.9240
vn 0.8703 -0.4577 -0.1819
vn 0.8831 -0.4263 -0.1960
vn 0.8320 -0.4016 -0.3829
vn 0.8177 -0.4300 -0.3827
vn 0.8703 -0.4577 0.1819
vn 0.8831 -0.4263 0.1960
vn 0.8177 -0.4300 0.3827
vn 0.8320 -0.4016 0.3829
vn 0.3445 -0.1663 0.9240
vn 0.3380 -0.1778 -0.9242
vn 0.8682 -0.4568 -0.1939
vn 0.8173 -0.4300 -0.3835
vn 0.8682 -0.4568 0.1939
vn 0.8173 -0.4300 0.3835
vn 0.3380 -0.1778 0.9242
vn 0.2846 -0.2491 -0.9257
vn 0.7383 -0.6461 -0.1936
vn 0.6939 -0.6071 -0.3872
vn 0.7383 -0.6461 0.1936
vn 0.6939 -0.6071 0.3872
vn 0.2846 -0.2490 0.9257
vn 0.1790 -0.3314 -0.9263
vn 0.4663 -0.8631 -0.1938
vn 0.4379 -0.8106 -0.3887
vn 0.4663 -0.8631 0.1938
vn 0.4379 -0.8106 0.3887
vn 0.1790 -0.3314 0.9263
vn 0.0739 -0.3735 -0.9247
vn 0.1905 -0.9624 -0.1936
vn 0.1793 -0.9055 -0.3846
vn 0.1905 -0.9624 0.1936
vn 0.1793 -0.9055 0.3846
vn 0.0739 -0.3735 0.9247
vn 0.0009 -0.3815 -0.9244
vn 0.0023 -0.9811 -0.1937
vn 0.0021 -0.9234 -0.3838
vn 0.0023 -0.9811 0.1937
vn 0.0021 -0.9234 0.3838
vn 0.0009 -0.3815 0.9244
vn -0.0788 -0.3718 -0.9250
vn -0.2035 -0.9598 -0.1935
vn -0.1914 -0.9027 -0.3853
vn -0.2035 -0.9598 0.1935
vn -0.1914 -0.9027 0.3853
vn -0.0788 -0.3718 0.9250
vt 0.391304 0.000000
vt 0.478261 0.000000
vt 0.434783 0.000000
vt 0.347826 0.000000
vt 0.521739 0.000000
vt 0.304348 0.000000
vt 0.565217 0.000000
vt 0.608696 0.000000
vt 0.260870 0.000000
vt 0.652174 0.000000
vt 0.217391 0.000000
vt 0.695652 0.000000
vt 0.173913 0.000000
vt 0.130435 0.000000
vt 0.739130 0.000000
vt 0.086957 0.000000
vt 0.782609 0.000000
vt 0.043478 0.000000
vt 0.826087 0.000000
vt 0.000000 0.000000
vt 0.869565 0.000000
vt 1.000000 0.000000
vt 0.913043 0.000000
vt 0.956522 0.000000
vt 0.000000 0.200000
vt 0.041667 0.200000
vt 0.041667 0.000000
vt 0.000000 0.400000
vt 0.041667 0.400000
vt 0.000000 0.600000
vt 0.041667 0.600000
vt 0.000000 0.800000
vt 0.041667 0.800000
vt 0.000000 1.000000
vt 0.041667 1.000000
vt 0.083333 0.200000
vt 0.083333 0.000000
vt 0.083333 0.400000
vt 0.083333 0.600000
vt 0.083333 0.800000
vt 0.083333 1.000000
vt 0.125000 0.200000
vt 0.125000 0.000000
vt 0.125000 0.400000
vt 0.125000 0.600000
vt 0.125000 0.800000
vt 0.125000 1.000000
vt 0.166667 0.200000
vt 0.166667 0.000000
vt 0.166667 0.400000
vt 0.166667 0.600000
vt 0.166667 0.800000
vt 0.166667 1.000000
vt 0.208333 0.200000
vt 0.208333 0.000000
vt 0.208333 0.400000
vt 0.208333 0.600000
vt 0.208333 0.800000
vt 0.208333 1.000000
vt 0.250000 0.200000
vt 0.250000 0.000000
vt 0.250000 0.400000
vt 0.250000 0.600000
vt 0.250000 0.800000
vt 0.250000 1.000000
vt 0.291667 0.200000
vt 0.291667 0.000000
vt 0.291667 0.400000
vt 0.291667 0.600000
vt 0.291667 0.800000
vt 0.291667 1.000000
vt 0.333333 0.200000
vt 0.333333 0.000000
vt 0.333333 0.400000
vt 0.333333 0.600000
vt 0.333333 0.800000
vt 0.333333 1.000000
vt 0.375000 0.200000
vt 0.375000 0.000000
vt 0.375000 0.400000
vt 0.375000 0.600000
vt 0.375000 0.800000
vt 0.375000 1.000000
vt 0.416667 0.200000
vt 0.416667 0.000000
vt 0.416667 0.400000
vt 0.416667 0.600000
vt 0.416667 0.800000
vt 0.416667 1.000000
vt 0.458333 0.200000
vt 0.458333 0.000000
vt 0.458333 0.400000
vt 0.458333 0.600000
vt 0.458333 0.800000
vt 0.458333 1.000000
vt 0.500000 0.200000
vt 0.500000 0.000000
vt 0.500000 0.400000
vt 0.500000 0.600000
vt 0.500000 0.800000
vt 0.500000 1.000000
vt 0.541667 0.200000
vt 0.541667 0.000000
vt 0.541667 0.400000
vt 0.541667 0.600000
vt 0.541667 0.800000
vt 0.541667 1.000000
vt 0.583333 0.200000
vt 0.583333 0.000000
vt 0.583333 0.400000
vt 0.583333 0.600000
vt 0.583333 0.800000
vt 0.583333 1.000000
vt 0.625000 0.200000
vt 0.625000 0.000000
vt 0.625000 0.400000
vt 0.625000 0.600000
vt 0.625000 0.800000
vt 0.625000 1.000000
vt 0.666667 0.200000
vt 0.666667 0.000000
vt 0.666667 0.400000
vt 0.666667 0.600000
vt 0.666667 0.800000
vt 0.666667 1.000000
vt 0.708333 0.200000
vt 0.708333 0.000000
vt 0.708333 0.400000
vt 0.708333 0.600000
vt 0.708333 0.800000
vt 0.708333 1.000000
vt 0.750000 0.200000
vt 0.750000 0.000000
vt 0.750000 0.400000
vt 0.750000 0.600000
vt 0.750000 0.800000
vt 0.750000 1.000000
vt 0.791667 0.200000
vt 0.791667 0.000000
vt 0.791667 0.400000
vt 0.791667 0.600000
vt 0.791667 0.800000
vt 0.791667 1.000000
vt 0.833333 0.200000
vt 0.833333 0.000000
vt 0.833333 0.400000
vt 0.833333 0.600000
vt 0.833333 0.800000
vt 0.833333 1.000000
vt 0.875000 0.200000
vt 0.875000 0.000000
vt 0.875000 0.400000
vt 0.875000 0.600000
vt 0.875000 0.800000
vt 0.875000 1.000000
vt 0.916667 0.200000
vt 0.916667 0.000000
vt 0.916667 0.400000
vt 0.916667 0.600000
vt 0.916667 0.800000
vt 0.916667 1.000000
vt 0.958333 0.200000
vt 0.958333 0.000000
vt 0.958333 0.400000
vt 0.958333 0.600000
vt 0.958333 0.800000
vt 0.958333 1.000000
vt 1.000000 0.200000
vt 1.000000 0.400000
vt 1.000000 0.600000
vt 1.000000 0.800000
vt 1.000000 1.000000
s 1
usemtl Gold_|_polished_trim
f 3702/3921/4459 3704/3922/4460 3703/3923/4461
f 3701/3924/4462 3704/3922/4460 3702/3921/4459
f 3701/3924/4462 3705/3925/4463 3704/3922/4460
f 3700/3926/4464 3705/3925/4463 3701/3924/4462
f 3700/3926/4464 3706/3927/4465 3705/3925/4463
f 3700/3926/4464 3707/3928/4466 3706/3927/4465
f 3699/3929/4467 3707/3928/4466 3700/3926/4464
f 3699/3929/4467 3708/3930/4468 3707/3928/4466
f 3698/3931/4469 3708/3930/4468 3699/3929/4467
f 3698/3931/4469 3709/3932/4470 3708/3930/4468
f 3697/3933/4471 3709/3932/4470 3698/3931/4469
f 3696/3934/4472 3709/3932/4470 3697/3933/4471
f 3696/3934/4472 3710/3935/4473 3709/3932/4470
f 3695/3936/4474 3710/3935/4473 3696/3934/4472
f 3695/3936/4474 3711/3937/4475 3710/3935/4473
f 3694/3938/4476 3711/3937/4475 3695/3936/4474
f 3694/3938/4476 3712/3939/4477 3711/3937/4475
f 3693/3940/4478 3712/3939/4477 3694/3938/4476
f 3693/3940/4478 3713/3941/4479 3712/3939/4477
f 3716/3942/4480 3713/3941/4479 3693/3940/4478
f 3716/3942/4480 3714/3943/4481 3713/3941/4479
f 3716/3942/4480 3715/3944/4482 3714/3943/4481
f 3726/3921/4483 3727/3923/4484 3728/3922/4485
f 3725/3924/4486 3726/3921/4483 3728/3922/4485
f 3725/3924/4486 3728/3922/4485 3729/3925/4487
f 3724/3926/4488 3725/3924/4486 3729/3925/4487
f 3724/3926/4488 3729/3925/4487 3730/3927/4489
f 3724/3926/4488 3730/3927/4489 3731/3928/4490
f 3723/3929/4491 3724/3926/4488 3731/3928/4490
f 3723/3929/4491 3731/3928/4490 3732/3930/4492
f 3722/3931/4493 3723/3929/4491 3732/3930/4492
f 3722/3931/4493 3732/3930/4492 3733/3932/4494
f 3721/3933/4495 3722/3931/4493 3733/3932/4494
f 3720/3934/4496 3721/3933/4495 3733/3932/4494
f 3720/3934/4496 3733/3932/4494 3734/3935/4497
f 3719/3936/4498 3720/3934/4496 3734/3935/4497
f 3719/3936/4498 3734/3935/4497 3735/3937/4499
f 3718/3938/4500 3719/3936/4498 3735/3937/4499
f 3718/3938/4500 3735/3937/4499 3736/3939/4501
f 3717/3940/4502 3718/3938/4500 3736/3939/4501
f 3717/3940/4502 3736/3939/4501 3737/3941/4503
f 3740/3942/4504 3717/3940/4502 3737/3941/4503
f 3740/3942/4504 3737/3941/4503 3738/3943/4505
f 3740/3942/4504 3738/3943/4505 3739/3944/4506
f 3741/3945/4507 3745/3946/4508 3718/3947/4500 3717/3940/4502
f 3742/3948/4509 3746/3949/4510 3745/3946/4511 3741/3945/4512
f 3743/3950/4513 3747/3951/4514 3746/3949/4510 3742/3948/4509
f 3744/3952/4515 3748/3953/4516 3747/3951/4514 3743/3950/4513
f 3693/3954/4478 3694/3955/4476 3748/3953/4517 3744/3952/4518
f 3745/3946/4508 3749/3956/4519 3719/3957/4498 3718/3947/4500
f 3746/3949/4510 3750/3958/4520 3749/3956/4521 3745/3946/4511
f 3747/3951/4514 3751/3959/4522 3750/3958/4520 3746/3949/4510
f 3748/3953/4516 3752/3960/4523 3751/3959/4522 3747/3951/4514
f 3694/3955/4476 3695/3961/4474 3752/3960/4524 3748/3953/4517
f 3749/3956/4519 3753/3962/4525 3720/3963/4496 3719/3957/4498
f 3750/3958/4520 3754/3964/4526 3753/3962/4527 3749/3956/4521
f 3751/3959/4522 3755/3965/4528 3754/3964/4526 3750/3958/4520
f 3752/3960/4523 3756/3966/4529 3755/3965/4528 3751/3959/4522
f 3695/3961/4474 3696/3967/4472 3756/3966/4530 3752/3960/4524
f 3753/3962/4525 3757/3968/4531 3721/3969/4495 3720/3963/4496
f 3754/3964/4526 3758/3970/4532 3757/3968/4533 3753/3962/4527
f 3755/3965/4528 3759/3971/4534 3758/3970/4532 3754/3964/4526
f 3756/3966/4529 3760/3972/4535 3759/3971/4534 3755/3965/4528
f 3696/3967/4472 3697/3973/4471 3760/3972/4536 3756/3966/4530
f 3757/3968/4531 3761/3974/4537 3722/3975/4493 3721/3969/4495
f 3758/3970/4532 3762/3976/4538 3761/3974/4539 3757/3968/4533
f 3759/3971/4534 3763/3977/4540 3762/3976/4538 3758/3970/4532
f 3760/3972/4535 3764/3978/4541 3763/3977/4540 3759/3971/4534
f 3697/3973/4471 3698/3979/4469 3764/3978/4542 3760/3972/4536
f 3761/3974/4537 3765/3980/4543 3723/3981/4491 3722/3975/4493
f 3762/3976/4538 3766/3982/4544 3765/3980/4545 3761/3974/4539
f 3763/3977/4540 3767/3983/4546 3766/3982/4544 3762/3976/4538
f 3764/3978/4541 3768/3984/4547 3767/3983/4546 3763/3977/4540
f 3698/3979/4469 3699/3985/4467 3768/3984/4548 3764/3978/4542
f 3765/3980/4543 3769/3986/4549 3724/3987/4488 3723/3981/4491
f 3766/3982/4544 3770/3988/4550 3769/3986/4551 3765/3980/4545
f 3767/3983/4546 3771/3989/4552 3770/3988/4550 3766/3982/4544
f 3768/3984/4547 3772/3990/4553 3771/3989/4552 3767/3983/4546
f 3699/3985/4467 3700/3991/4464 3772/3990/4554 3768/3984/4548
f 3769/3986/4549 3773/3992/4555 3725/3993/4486 3724/3987/4488
f 3770/3988/4550 3774/3994/4556 3773/3992/4557 3769/3986/4551
f 3771/3989/4552 3775/3995/4558 3774/3994/4556 3770/3988/4550
f 3772/3990/4553 3776/3996/4559 3775/3995/4558 3771/3989/4552
f 3700/3991/4464 3701/3997/4462 3776/3996/4560 3772/3990/4554
f 3773/3992/4555 3777/3998/4561 3726/3999/4483 3725/3993/4486
f 3774/3994/4556 3778/4000/4562 3777/3998/4563 3773/3992/4557
f 3775/3995/4558 3779/4001/4564 3778/4000/4562 3774/3994/4556
f 3776/3996/4559 3780/4002/4565 3779/4001/4564 3775/3995/4558
f 3701/3997/4462 3702/4003/4459 3780/4002/4566 3776/3996/4560
f 3777/3998/4561 3781/4004/4567 3727/4005/4484 3726/3999/4483
f 3778/4000/4562 3782/4006/4568 3781/4004/4569 3777/3998/4563
f 3779/4001/4564 3783/4007/4570 3782/4006/4568 3778/4000/4562
f 3780/4002/4565 3784/4008/4571 3783/4007/4570 3779/4001/4564
f 3702/4003/4459 3703/4009/4461 3784/4008/4572 3780/4002/4566
f 3781/4004/4567 3785/4010/4573 3728/4011/4485 3727/4005/4484
f 3782/4006/4568 3786/4012/4574 3785/4010/4575 3781/4004/4569
f 3783/4007/4570 3787/4013/4576 3786/4012/4574 3782/4006/4568
f 3784/4008/4571 3788/4014/4577 3787/4013/4576 3783/4007/4570
f 3703/4009/4461 3704/4015/4460 3788/4014/4578 3784/4008/4572
f 3785/4010/4573 3789/4016/4579 3729/4017/4487 3728/4011/4485
f 3786/4012/4574 3790/4018/4580 3789/4016/4581 3785/4010/4575
f 3787/4013/4576 3791/4019/4582 3790/4018/4580 3786/4012/4574
f 3788/4014/4577 3792/4020/4583 3791/4019/4582 3787/4013/4576
f 3704/4015/4460 3705/4021/4463 3792/4020/4584 3788/4014/4578
f 3789/4016/4579 3793/4022/4585 3730/4023/4489 3729/4017/4487
f 3790/4018/4580 3794/4024/4586 3793/4022/4587 3789/4016/4581
f 3791/4019/4582 3795/4025/4588 3794/4024/4586 3790/4018/4580
f 3792/4020/4583 3796/4026/4589 3795/4025/4588 3791/4019/4582
f 3705/4021/4463 3706/4027/4465 3796/4026/4590 3792/4020/4584
f 3793/4022/4585 3797/4028/4591 3731/4029/4490 3730/4023/4489
f 3794/4024/4586 3798/4030/4592 3797/4028/4593 3793/4022/4587
f 3795/4025/4588 3799/4031/4594 3798/4030/4592 3794/4024/4586
f 3796/4026/4589 3800/4032/4595 3799/4031/4594 3795/4025/4588
f 3706/4027/4465 3707/4033/4466 3800/4032/4596 3796/4026/4590
f 3797/4028/4591 3801/4034/4597 3732/4035/4492 3731/4029/4490
f 3798/4030/4592 3802/4036/4598 3801/4034/4599 3797/4028/4593
f 3799/4031/4594 3803/4037/4600 3802/4036/4598 3798/4030/4592
f 3800/4032/4595 3804/4038/4601 3803/4037/4600 3799/4031/4594
f 3707/4033/4466 3708/4039/4468 3804/4038/4602 3800/4032/4596
f 3801/4034/4597 3805/4040/4603 3733/4041/4494 3732/4035/4492
f 3802/4036/4598 3806/4042/4604 3805/4040/4605 3801/4034/4599
f 3803/4037/4600 3807/4043/4606 3806/4042/4604 3802/4036/4598
f 3804/4038/4601 3808/4044/4607 3807/4043/4606 3803/4037/4600
f 3708/4039/4468 3709/4045/4470 3808/4044/4608 3804/4038/4602
f 3805/4040/4603 3809/4046/4609 3734/4047/4497 3733/4041/4494
f 3806/4042/4610 3810/4048/4611 3809/4046/4612 3805/4040/4613
f 3807/4043/4614 3811/4049/4615 3810/4048/4611 3806/4042/4610
f 3808/4044/4616 3812/4050/4617 3811/4049/4615 3807/4043/4614
f 3709/4045/4470 3710/4051/4473 3812/4050/4618 3808/4044/4608
f 3809/4046/4609 3813/4052/4619 3735/4053/4499 3734/4047/4497
f 3810/4048/4611 3814/4054/4620 3813/4052/4621 3809/4046/4612
f 3811/4049/4615 3815/4055/4622 3814/4054/4620 3810/4048/4611
f 3812/4050/4617 3816/4056/4623 3815/4055/4622 3811/4049/4615
f 3710/4051/4473 3711/4057/4475 3816/4056/4624 3812/4050/4618
f 3813/4052/4619 3817/4058/4625 3736/4059/4501 3735/4053/4499
f 3814/4054/4620 3818/4060/4626 3817/4058/4627 3813/4052/4621
f 3815/4055/4622 3819/4061/4628 3818/4060/4626 3814/4054/4620
f 3816/4056/4623 3820/4062/4629 3819/4061/4628 3815/4055/4622
f 3711/4057/4475 3712/4063/4477 3820/4062/4630 3816/4056/4624
f 3817/4058/4625 3821/4064/4631 3737/4065/4503 3736/4059/4501
f 3818/4060/4626 3822/4066/4632 3821/4064/4633 3817/4058/4627
f 3819/4061/4628 3823/4067/4634 3822/4066/4632 3818/4060/4626
f 3820/4062/4629 3824/4068/4635 3823/4067/4634 3819/4061/4628
f 3712/4063/4477 3713/4069/4479 3824/4068/4636 3820/4062/4630
f 3821/4064/4631 3825/4070/4637 3738/4071/4505 3737/4065/4503
f 3822/4066/4632 3826/4072/4638 3825/4070/4639 3821/4064/4633
f 3823/4067/4634 3827/4073/4640 3826/4072/4638 3822/4066/4632
f 3824/4068/4635 3828/4074/4641 3827/4073/4640 3823/4067/4634
f 3713/4069/4479 3714/4075/4481 3828/4074/4642 3824/4068/4636
f 3825/4070/4637 3829/4076/4643 3739/4077/4506 3738/4071/4505
f 3826/4072/4638 3830/4078/4644 3829/4076/4645 3825/4070/4639
f 3827/4073/4640 3831/4079/4646 3830/4078/4644 3826/4072/4638
f 3828/4074/4641 3832/4080/4647 3831/4079/4646 3827/4073/4640
f 3714/4075/4481 3715/4081/4482 3832/4080/4648 3828/4074/4642
f 3829/4076/4643 3833/4082/4649 3740/4083/4504 3739/4077/4506
f 3830/4078/4644 3834/4084/4650 3833/4082/4651 3829/4076/4645
f 3831/4079/4646 3835/4085/4652 3834/4084/4650 3830/4078/4644
f 3832/4080/4647 3836/4086/4653 3835/4085/4652 3831/4079/4646
f 3715/4081/4482 3716/4087/4480 3836/4086/4654 3832/4080/4648
f 3833/4082/4649 3741/4088/4507 3717/3942/4502 3740/4083/4504
f 3834/4084/4650 3742/4089/4509 3741/4088/4512 3833/4082/4651
f 3835/4085/4652 3743/4090/4513 3742/4089/4509 3834/4084/4650
f 3836/4086/4653 3744/4091/4515 3743/4090/4513 3835/4085/4652
f 3716/4087/4480 3693/4092/4478 3744/4091/4518 3836/4086/4654
o Glow_|_right_front_oval
v 0.390128 0.086595 0.024021
v 0.390128 0.086595 0.028379
v 0.390128 0.082821 0.030559
v 0.390128 0.079046 0.028379
v 0.390128 0.079046 0.024021
v 0.390128 0.082821 0.021841
v 0.329103 0.086595 0.024021
v 0.329103 0.086595 0.028379
v 0.329103 0.082821 0.030559
v 0.329103 0.079046 0.028379
v 0.329103 0.079046 0.024021
v 0.329103 0.082821 0.021841
v 0.350219 0.086595 0.024021
v 0.350219 0.086595 0.028379
v 0.350219 0.082821 0.030559
v 0.350219 0.079046 0.028379
v 0.350219 0.079046 0.024021
v 0.350219 0.082821 0.021841
v 0.369012 0.086595 0.024021
v 0.369012 0.086595 0.028379
v 0.369012 0.082821 0.030559
v 0.369012 0.079046 0.028379
v 0.369012 0.079046 0.024021
v 0.369012 0.082821 0.021841
vn 1.0000 -0.0000 -0.0000
vn -1.0000 -0.0000 -0.0000
vn -0.0000 0.5000 -0.8660
vn -0.0000 -0.0000 -1.0000
vn -0.0000 1.0000 -0.0000
vn -0.0000 -0.0000 1.0000
vn -0.0000 0.5000 0.8660
vn -0.0000 -0.5000 0.8660
vn -0.0000 -1.0000 -0.0000
vn -0.0000 -0.5000 -0.8660
vt 1.000000 0.000000
vt 0.600000 0.000000
vt 0.800000 0.000000
vt 0.400000 0.000000
vt 0.000000 0.000000
vt 0.200000 0.000000
vt 0.000000 1.000000
vt 0.333333 1.000000
vt 0.333333 0.833333
vt 0.000000 0.833333
vt 0.000000 0.166667
vt 0.333333 0.166667
vt 0.333333 0.000000
vt 0.000000 0.333333
vt 0.333333 0.333333
vt 0.000000 0.500000
vt 0.333333 0.500000
vt 0.000000 0.666667
vt 0.333333 0.666667
vt 0.666667 1.000000
vt 0.666667 0.833333
vt 0.666667 0.166667
vt 0.666667 0.000000
vt 0.666667 0.333333
vt 0.666667 0.500000
vt 0.666667 0.666667
vt 1.000000 1.000000
vt 1.000000 0.833333
vt 1.000000 0.166667
vt 1.000000 0.333333
vt 1.000000 0.500000
vt 1.000000 0.666667
s 1
usemtl Glow_|_amber
f 3842/4093/4655 3840/4094/4655 3841/4095/4655
f 3842/4093/4655 3839/4096/4655 3840/4094/4655
f 3837/4097/4655 3839/4096/4655 3842/4093/4655
f 3837/4097/4655 3838/4098/4655 3839/4096/4655
f 3845/4096/4656 3847/4095/4656 3846/4094/4656
f 3845/4096/4656 3848/4093/4656 3847/4095/4656
f 3844/4098/4656 3848/4093/4656 3845/4096/4656
f 3844/4098/4656 3843/4097/4656 3848/4093/4656
f 3843/4099/4657 3849/4100/4657 3854/4101/4658 3848/4102/4658
f 3844/4103/4659 3850/4104/4659 3849/4105/4659 3843/4097/4659
f 3845/4106/4660 3851/4107/4660 3850/4104/4661 3844/4103/4661
f 3846/4108/4662 3852/4109/4662 3851/4107/4660 3845/4106/4660
f 3847/4110/4663 3853/4111/4663 3852/4109/4663 3846/4108/4663
f 3848/4102/4658 3854/4101/4658 3853/4111/4664 3847/4110/4664
f 3849/4100/4657 3855/4112/4657 3860/4113/4658 3854/4101/4658
f 3850/4104/4659 3856/4114/4659 3855/4115/4659 3849/4105/4659
f 3851/4107/4660 3857/4116/4660 3856/4114/4661 3850/4104/4661
f 3852/4109/4662 3858/4117/4662 3857/4116/4660 3851/4107/4660
f 3853/4111/4663 3859/4118/4663 3858/4117/4663 3852/4109/4663
f 3854/4101/4658 3860/4113/4658 3859/4118/4664 3853/4111/4664
f 3855/4112/4657 3837/4119/4657 3842/4120/4658 3860/4113/4658
f 3856/4114/4659 3838/4121/4659 3837/4093/4659 3855/4115/4659
f 3857/4116/4660 3839/4122/4660 3838/4121/4661 3856/4114/4661
f 3858/4117/4662 3840/4123/4662 3839/4122/4660 3857/4116/4660
f 3859/4118/4663 3841/4124/4663 3840/4123/4663 3858/4117/4663
f 3860/4113/4658 3842/4120/4658 3841/4124/4664 3859/4118/4664
o Slot_|_right_mid_gold_frame
v 0.163462 0.047077 0.026600
v 0.161886 0.048310 0.026600
v 0.160851 0.049868 0.026600
v 0.160031 0.051556 0.026600
v 0.159103 0.053179 0.026600
v 0.160031 0.054803 0.026600
v 0.160851 0.056491 0.026600
v 0.161886 0.058049 0.026600
v 0.163462 0.059282 0.026600
v 0.188123 0.063008 0.026600
v 0.230906 0.064195 0.026600
v 0.274293 0.062925 0.026600
v 0.300769 0.059282 0.026600
v 0.302855 0.058074 0.026600
v 0.304439 0.056513 0.026600
v 0.305823 0.054811 0.026600
v 0.307308 0.053179 0.026600
v 0.305823 0.051548 0.026600
v 0.304439 0.049846 0.026600
v 0.302855 0.048285 0.026600
v 0.300769 0.047077 0.026600
v 0.274293 0.043434 0.026600
v 0.230906 0.042164 0.026600
v 0.188123 0.043351 0.026600
v 0.163462 0.047077 0.023400
v 0.161886 0.048310 0.023400
v 0.160851 0.049868 0.023400
v 0.160031 0.051556 0.023400
v 0.159103 0.053179 0.023400
v 0.160031 0.054803 0.023400
v 0.160851 0.056491 0.023400
v 0.161886 0.058049 0.023400
v 0.163462 0.059282 0.023400
v 0.188123 0.063008 0.023400
v 0.230906 0.064195 0.023400
v 0.274293 0.062925 0.023400
v 0.300769 0.059282 0.023400
v 0.302855 0.058074 0.023400
v 0.304439 0.056513 0.023400
v 0.305823 0.054811 0.023400
v 0.307308 0.053179 0.023400
v 0.305823 0.051548 0.023400
v 0.304439 0.049846 0.023400
v 0.302855 0.048285 0.023400
v 0.300769 0.047077 0.023400
v 0.274293 0.043434 0.023400
v 0.230906 0.042164 0.023400
v 0.188123 0.043351 0.023400
v 0.163288 0.046674 0.023576
v 0.163216 0.046507 0.024000
v 0.163216 0.046507 0.026000
v 0.163288 0.046674 0.026424
v 0.161571 0.048018 0.023576
v 0.161440 0.047897 0.024000
v 0.161440 0.047897 0.026000
v 0.161571 0.048018 0.026424
v 0.160482 0.049657 0.023576
v 0.160329 0.049569 0.024000
v 0.160329 0.049569 0.026000
v 0.160482 0.049657 0.026424
v 0.159655 0.051358 0.023576
v 0.159500 0.051276 0.024000
v 0.159500 0.051276 0.026000
v 0.159655 0.051358 0.026424
v 0.158614 0.053179 0.023576
v 0.158411 0.053179 0.024000
v 0.158411 0.053179 0.026000
v 0.158614 0.053179 0.026424
v 0.159655 0.055001 0.023576
v 0.159500 0.055083 0.024000
v 0.159500 0.055083 0.026000
v 0.159655 0.055001 0.026424
v 0.160482 0.056702 0.023576
v 0.160329 0.056790 0.024000
v 0.160329 0.056790 0.026000
v 0.160482 0.056702 0.026424
v 0.161571 0.058341 0.023576
v 0.161440 0.058462 0.024000
v 0.161440 0.058462 0.026000
v 0.161571 0.058341 0.026424
v 0.163288 0.059685 0.023576
v 0.163216 0.059852 0.024000
v 0.163216 0.059852 0.026000
v 0.163288 0.059685 0.026424
v 0.188086 0.063432 0.023576
v 0.188070 0.063607 0.024000
v 0.188070 0.063607 0.026000
v 0.188086 0.063432 0.026424
v 0.230906 0.064619 0.023576
v 0.230906 0.064795 0.024000
v 0.230906 0.064795 0.026000
v 0.230906 0.064619 0.026424
v 0.274328 0.063348 0.023576
v 0.274343 0.063524 0.024000
v 0.274343 0.063524 0.026000
v 0.274328 0.063348 0.026424
v 0.300910 0.059691 0.023576
v 0.300968 0.059860 0.024000
v 0.300968 0.059860 0.026000
v 0.300910 0.059691 0.026424
v 0.303114 0.058415 0.023576
v 0.303222 0.058555 0.024000
v 0.303222 0.058555 0.026000
v 0.303114 0.058415 0.026424
v 0.304754 0.056799 0.023576
v 0.304884 0.056918 0.024000
v 0.304884 0.056918 0.026000
v 0.304754 0.056799 0.026424
v 0.306145 0.055088 0.023576
v 0.306278 0.055203 0.024000
v 0.306278 0.055203 0.026000
v 0.306145 0.055088 0.026424
v 0.307881 0.053179 0.023576
v 0.308119 0.053179 0.024000
v 0.308119 0.053179 0.026000
v 0.307881 0.053179 0.026424
v 0.306145 0.051271 0.023576
v 0.306278 0.051156 0.024000
v 0.306278 0.051156 0.026000
v 0.306145 0.051271 0.026424
v 0.304754 0.049560 0.023576
v 0.304884 0.049441 0.024000
v 0.304884 0.049441 0.026000
v 0.304754 0.049560 0.026424
v 0.303114 0.047944 0.023576
v 0.303222 0.047804 0.024000
v 0.303222 0.047804 0.026000
v 0.303114 0.047944 0.026424
v 0.300910 0.046668 0.023576
v 0.300968 0.046499 0.024000
v 0.300968 0.046499 0.026000
v 0.300910 0.046668 0.026424
v 0.274328 0.043011 0.023576
v 0.274343 0.042835 0.024000
v 0.274343 0.042835 0.026000
v 0.274328 0.043011 0.026424
v 0.230906 0.041740 0.023576
v 0.230906 0.041564 0.024000
v 0.230906 0.041564 0.026000
v 0.230906 0.041740 0.026424
v 0.188086 0.042927 0.023576
v 0.188070 0.042752 0.024000
v 0.188070 0.042752 0.026000
v 0.188086 0.042927 0.026424
vn -0.0179 0.2012 0.9794
vn 0.0167 0.2005 0.9795
vn 0.0002 0.1984 0.9801
vn -0.0866 0.2010 0.9758
vn 0.0697 0.2028 0.9767
vn -0.1553 0.1437 0.9773
vn 0.1265 0.1659 0.9780
vn 0.1490 0.1355 0.9795
vn -0.1760 0.1006 0.9792
vn 0.1453 0.1250 0.9815
vn -0.1689 0.0892 0.9816
vn 0.2142 -0.0000 0.9768
vn -0.2255 -0.0000 0.9742
vn -0.1689 -0.0892 0.9816
vn 0.1453 -0.1250 0.9815
vn -0.1760 -0.1006 0.9792
vn 0.1490 -0.1355 0.9795
vn -0.1553 -0.1437 0.9773
vn 0.1265 -0.1659 0.9780
vn -0.0866 -0.2010 0.9758
vn 0.0696 -0.2028 0.9767
vn -0.0179 -0.2012 0.9794
vn 0.0167 -0.2005 0.9795
vn 0.0002 -0.1984 0.9801
vn -0.0179 0.2012 -0.9794
vn 0.0002 0.1984 -0.9801
vn 0.0167 0.2005 -0.9795
vn -0.0866 0.2010 -0.9758
vn 0.0697 0.2028 -0.9767
vn -0.1553 0.1437 -0.9773
vn 0.1265 0.1659 -0.9780
vn 0.1490 0.1355 -0.9795
vn -0.1760 0.1006 -0.9792
vn 0.1453 0.1250 -0.9815
vn -0.1689 0.0892 -0.9816
vn 0.2142 -0.0000 -0.9768
vn -0.2255 -0.0000 -0.9742
vn -0.1689 -0.0892 -0.9816
vn 0.1453 -0.1250 -0.9815
vn -0.1760 -0.1006 -0.9792
vn 0.1490 -0.1355 -0.9795
vn -0.1553 -0.1437 -0.9773
vn 0.1265 -0.1659 -0.9780
vn -0.0866 -0.2010 -0.9758
vn 0.0696 -0.2028 -0.9767
vn -0.0179 -0.2012 -0.9794
vn 0.0167 -0.2005 -0.9795
vn 0.0002 -0.1984 -0.9801
vn -0.1472 -0.3415 -0.9283
vn -0.2778 -0.2571 -0.9256
vn -0.3883 -0.9007 -0.1948
vn -0.7200 -0.6664 -0.1936
vn -0.6768 -0.6263 -0.3869
vn -0.3639 -0.8441 -0.3937
vn -0.3883 -0.9007 0.1948
vn -0.7200 -0.6664 0.1936
vn -0.3639 -0.8441 0.3937
vn -0.6768 -0.6263 0.3869
vn -0.2778 -0.2571 0.9256
vn -0.1472 -0.3415 0.9283
vn -0.3316 -0.1896 -0.9242
vn -0.8516 -0.4870 -0.1939
vn -0.8018 -0.4585 -0.3834
vn -0.8516 -0.4870 0.1939
vn -0.8018 -0.4585 0.3834
vn -0.3316 -0.1896 0.9242
vn -0.3383 -0.1786 -0.9240
vn -0.8672 -0.4578 -0.1960
vn -0.8170 -0.4313 -0.3828
vn -0.8672 -0.4578 0.1960
vn -0.8169 -0.4313 0.3829
vn -0.3383 -0.1786 0.9240
vn -0.3384 -0.0000 -0.9410
vn -0.8539 -0.4881 -0.1807
vn -0.8021 -0.4585 -0.3826
vn -0.8539 -0.4881 0.1807
vn -0.8021 -0.4585 0.3826
vn -0.3384 -0.0000 0.9410
vn -0.3383 0.1786 -0.9240
vn -0.8539 0.4881 -0.1807
vn -0.8672 0.4578 -0.1960
vn -0.8169 0.4313 -0.3829
vn -0.8021 0.4585 -0.3827
vn -0.8539 0.4881 0.1807
vn -0.8672 0.4578 0.1960
vn -0.8021 0.4585 0.3827
vn -0.8170 0.4313 0.3828
vn -0.3383 0.1786 0.9240
vn -0.3316 0.1896 -0.9242
vn -0.8516 0.4870 -0.1939
vn -0.8018 0.4584 -0.3834
vn -0.8516 0.4870 0.1939
vn -0.8018 0.4585 0.3834
vn -0.3316 0.1896 0.9242
vn -0.2778 0.2571 -0.9256
vn -0.7200 0.6664 -0.1936
vn -0.6768 0.6263 -0.3869
vn -0.7200 0.6664 0.1936
vn -0.6768 0.6263 0.3869
vn -0.2778 0.2571 0.9256
vn -0.1472 0.3415 -0.9283
vn -0.3883 0.9007 -0.1948
vn -0.3639 0.8441 -0.3937
vn -0.3883 0.9007 0.1948
vn -0.3639 0.8441 0.3937
vn -0.1472 0.3415 0.9283
vn -0.0339 0.3806 -0.9241
vn -0.0870 0.9771 -0.1940
vn -0.0820 0.9200 -0.3833
vn -0.0870 0.9771 0.1940
vn -0.0820 0.9200 0.3833
vn -0.0339 0.3806 0.9241
vn 0.0003 0.3826 -0.9239
vn 0.0008 0.9809 -0.1945
vn 0.0007 0.9238 -0.3828
vn 0.0008 0.9809 0.1945
vn 0.0007 0.9238 0.3828
vn 0.0003 0.3826 0.9239
vn 0.0317 0.3809 -0.9241
vn 0.0813 0.9776 -0.1941
vn 0.0766 0.9205 -0.3832
vn 0.0813 0.9776 0.1941
vn 0.0766 0.9205 0.3832
vn 0.0317 0.3809 0.9241
vn 0.1223 0.3561 -0.9264
vn 0.3186 0.9278 -0.1938
vn 0.2992 0.8713 -0.3889
vn 0.3186 0.9278 0.1938
vn 0.2992 0.8713 0.3889
vn 0.1223 0.3561 0.9264
vn 0.2304 0.3023 -0.9250
vn 0.5948 0.7802 -0.1935
vn 0.5595 0.7338 -0.3853
vn 0.5948 0.7802 0.1935
vn 0.5595 0.7338 0.3853
vn 0.2304 0.3023 0.9250
vn 0.2828 0.2571 -0.9241
vn 0.7259 0.6598 -0.1940
vn 0.6835 0.6213 -0.3831
vn 0.7259 0.6598 0.1940
vn 0.6835 0.6213 0.3831
vn 0.2828 0.2571 0.9241
vn 0.2900 0.2495 -0.9239
vn 0.7434 0.6395 -0.1958
vn 0.7004 0.6025 -0.3828
vn 0.7434 0.6395 0.1958
vn 0.7004 0.6025 0.3828
vn 0.2900 0.2495 0.9239
vn 0.2930 -0.0000 -0.9561
vn 0.7287 0.6629 -0.1718
vn 0.6834 0.6217 -0.3827
vn 0.7287 0.6629 0.1717
vn 0.6834 0.6217 0.3827
vn 0.2929 -0.0000 0.9561
vn 0.2900 -0.2495 -0.9239
vn 0.7287 -0.6629 -0.1718
vn 0.7434 -0.6395 -0.1958
vn 0.7004 -0.6025 -0.3828
vn 0.6834 -0.6217 -0.3827
vn 0.7287 -0.6629 0.1718
vn 0.7434 -0.6395 0.1958
vn 0.6834 -0.6217 0.3827
vn 0.7004 -0.6025 0.3828
vn 0.2900 -0.2495 0.9239
vn 0.2828 -0.2571 -0.9241
vn 0.7259 -0.6598 -0.1940
vn 0.6835 -0.6213 -0.3831
vn 0.7259 -0.6598 0.1941
vn 0.6835 -0.6213 0.3832
vn 0.2828 -0.2571 0.9241
vn 0.2304 -0.3022 -0.9250
vn 0.5948 -0.7802 -0.1935
vn 0.5595 -0.7338 -0.3853
vn 0.5948 -0.7802 0.1935
vn 0.5595 -0.7338 0.3853
vn 0.2304 -0.3022 0.9250
vn 0.1223 -0.3561 -0.9264
vn 0.3186 -0.9278 -0.1938
vn 0.2992 -0.8713 -0.3889
vn 0.3186 -0.9278 0.1938
vn 0.2992 -0.8713 0.3889
vn 0.1223 -0.3561 0.9264
vn 0.0317 -0.3809 -0.9241
vn 0.0813 -0.9776 -0.1941
vn 0.0766 -0.9205 -0.3832
vn 0.0813 -0.9776 0.1941
vn 0.0766 -0.9205 0.3832
vn 0.0317 -0.3809 0.9241
vn 0.0003 -0.3825 -0.9239
vn 0.0008 -0.9809 -0.1945
vn 0.0007 -0.9238 -0.3828
vn 0.0008 -0.9809 0.1945
vn 0.0007 -0.9238 0.3828
vn 0.0003 -0.3826 0.9239
vn -0.0339 -0.3806 -0.9241
vn -0.0870 -0.9771 -0.1940
vn -0.0820 -0.9200 -0.3833
vn -0.0870 -0.9771 0.1940
vn -0.0820 -0.9200 0.3833
vn -0.0339 -0.3806 0.9241
vt 0.391304 0.000000
vt 0.478261 0.000000
vt 0.434783 0.000000
vt 0.347826 0.000000
vt 0.521739 0.000000
vt 0.304348 0.000000
vt 0.565217 0.000000
vt 0.608696 0.000000
vt 0.260870 0.000000
vt 0.652174 0.000000
vt 0.217391 0.000000
vt 0.695652 0.000000
vt 0.173913 0.000000
vt 0.130435 0.000000
vt 0.739130 0.000000
vt 0.086957 0.000000
vt 0.782609 0.000000
vt 0.043478 0.000000
vt 0.826087 0.000000
vt 0.000000 0.000000
vt 0.869565 0.000000
vt 1.000000 0.000000
vt 0.913043 0.000000
vt 0.956522 0.000000
vt 0.000000 0.200000
vt 0.041667 0.200000
vt 0.041667 0.000000
vt 0.000000 0.400000
vt 0.041667 0.400000
vt 0.000000 0.600000
vt 0.041667 0.600000
vt 0.000000 0.800000
vt 0.041667 0.800000
vt 0.000000 1.000000
vt 0.041667 1.000000
vt 0.083333 0.200000
vt 0.083333 0.000000
vt 0.083333 0.400000
vt 0.083333 0.600000
vt 0.083333 0.800000
vt 0.083333 1.000000
vt 0.125000 0.200000
vt 0.125000 0.000000
vt 0.125000 0.400000
vt 0.125000 0.600000
vt 0.125000 0.800000
vt 0.125000 1.000000
vt 0.166667 0.200000
vt 0.166667 0.000000
vt 0.166667 0.400000
vt 0.166667 0.600000
vt 0.166667 0.800000
vt 0.166667 1.000000
vt 0.208333 0.200000
vt 0.208333 0.000000
vt 0.208333 0.400000
vt 0.208333 0.600000
vt 0.208333 0.800000
vt 0.208333 1.000000
vt 0.250000 0.200000
vt 0.250000 0.000000
vt 0.250000 0.400000
vt 0.250000 0.600000
vt 0.250000 0.800000
vt 0.250000 1.000000
vt 0.291667 0.200000
vt 0.291667 0.000000
vt 0.291667 0.400000
vt 0.291667 0.600000
vt 0.291667 0.800000
vt 0.291667 1.000000
vt 0.333333 0.200000
vt 0.333333 0.000000
vt 0.333333 0.400000
vt 0.333333 0.600000
vt 0.333333 0.800000
vt 0.333333 1.000000
vt 0.375000 0.200000
vt 0.375000 0.000000
vt 0.375000 0.400000
vt 0.375000 0.600000
vt 0.375000 0.800000
vt 0.375000 1.000000
vt 0.416667 0.200000
vt 0.416667 0.000000
vt 0.416667 0.400000
vt 0.416667 0.600000
vt 0.416667 0.800000
vt 0.416667 1.000000
vt 0.458333 0.200000
vt 0.458333 0.000000
vt 0.458333 0.400000
vt 0.458333 0.600000
vt 0.458333 0.800000
vt 0.458333 1.000000
vt 0.500000 0.200000
vt 0.500000 0.000000
vt 0.500000 0.400000
vt 0.500000 0.600000
vt 0.500000 0.800000
vt 0.500000 1.000000
vt 0.541667 0.200000
vt 0.541667 0.000000
vt 0.541667 0.400000
vt 0.541667 0.600000
vt 0.541667 0.800000
vt 0.541667 1.000000
vt 0.583333 0.200000
vt 0.583333 0.000000
vt 0.583333 0.400000
vt 0.583333 0.600000
vt 0.583333 0.800000
vt 0.583333 1.000000
vt 0.625000 0.200000
vt 0.625000 0.000000
vt 0.625000 0.400000
vt 0.625000 0.600000
vt 0.625000 0.800000
vt 0.625000 1.000000
vt 0.666667 0.200000
vt 0.666667 0.000000
vt 0.666667 0.400000
vt 0.666667 0.600000
vt 0.666667 0.800000
vt 0.666667 1.000000
vt 0.708333 0.200000
vt 0.708333 0.000000
vt 0.708333 0.400000
vt 0.708333 0.600000
vt 0.708333 0.800000
vt 0.708333 1.000000
vt 0.750000 0.200000
vt 0.750000 0.000000
vt 0.750000 0.400000
vt 0.750000 0.600000
vt 0.750000 0.800000
vt 0.750000 1.000000
vt 0.791667 0.200000
vt 0.791667 0.000000
vt 0.791667 0.400000
vt 0.791667 0.600000
vt 0.791667 0.800000
vt 0.791667 1.000000
vt 0.833333 0.200000
vt 0.833333 0.000000
vt 0.833333 0.400000
vt 0.833333 0.600000
vt 0.833333 0.800000
vt 0.833333 1.000000
vt 0.875000 0.200000
vt 0.875000 0.000000
vt 0.875000 0.400000
vt 0.875000 0.600000
vt 0.875000 0.800000
vt 0.875000 1.000000
vt 0.916667 0.200000
vt 0.916667 0.000000
vt 0.916667 0.400000
vt 0.916667 0.600000
vt 0.916667 0.800000
vt 0.916667 1.000000
vt 0.958333 0.200000
vt 0.958333 0.000000
vt 0.958333 0.400000
vt 0.958333 0.600000
vt 0.958333 0.800000
vt 0.958333 1.000000
vt 1.000000 0.200000
vt 1.000000 0.400000
vt 1.000000 0.600000
vt 1.000000 0.800000
vt 1.000000 1.000000
s 1
usemtl Gold_|_polished_trim
f 3870/4125/4665 3872/4126/4666 3871/4127/4667
f 3869/4128/4668 3872/4126/4666 3870/4125/4665
f 3869/4128/4668 3873/4129/4669 3872/4126/4666
f 3868/4130/4670 3873/4129/4669 3869/4128/4668
f 3868/4130/4670 3874/4131/4671 3873/4129/4669
f 3868/4130/4670 3875/4132/4672 3874/4131/4671
f 3867/4133/4673 3875/4132/4672 3868/4130/4670
f 3867/4133/4673 3876/4134/4674 3875/4132/4672
f 3866/4135/4675 3876/4134/4674 3867/4133/4673
f 3866/4135/4675 3877/4136/4676 3876/4134/4674
f 3865/4137/4677 3877/4136/4676 3866/4135/4675
f 3864/4138/4678 3877/4136/4676 3865/4137/4677
f 3864/4138/4678 3878/4139/4679 3877/4136/4676
f 3863/4140/4680 3878/4139/4679 3864/4138/4678
f 3863/4140/4680 3879/4141/4681 3878/4139/4679
f 3862/4142/4682 3879/4141/4681 3863/4140/4680
f 3862/4142/4682 3880/4143/4683 3879/4141/4681
f 3861/4144/4684 3880/4143/4683 3862/4142/4682
f 3861/4144/4684 3881/4145/4685 3880/4143/4683
f 3884/4146/4686 3881/4145/4685 3861/4144/4684
f 3884/4146/4686 3882/4147/4687 3881/4145/4685
f 3884/4146/4686 3883/4148/4688 3882/4147/4687
f 3894/4125/4689 3895/4127/4690 3896/4126/4691
f 3893/4128/4692 3894/4125/4689 3896/4126/4691
f 3893/4128/4692 3896/4126/4691 3897/4129/4693
f 3892/4130/4694 3893/4128/4692 3897/4129/4693
f 3892/4130/4694 3897/4129/4693 3898/4131/4695
f 3892/4130/4694 3898/4131/4695 3899/4132/4696
f 3891/4133/4697 3892/4130/4694 3899/4132/4696
f 3891/4133/4697 3899/4132/4696 3900/4134/4698
f 3890/4135/4699 3891/4133/4697 3900/4134/4698
f 3890/4135/4699 3900/4134/4698 3901/4136/4700
f 3889/4137/4701 3890/4135/4699 3901/4136/4700
f 3888/4138/4702 3889/4137/4701 3901/4136/4700
f 3888/4138/4702 3901/4136/4700 3902/4139/4703
f 3887/4140/4704 3888/4138/4702 3902/4139/4703
f 3887/4140/4704 3902/4139/4703 3903/4141/4705
f 3886/4142/4706 3887/4140/4704 3903/4141/4705
f 3886/4142/4706 3903/4141/4705 3904/4143/4707
f 3885/4144/4708 3886/4142/4706 3904/4143/4707
f 3885/4144/4708 3904/4143/4707 3905/4145/4709
f 3908/4146/4710 3885/4144/4708 3905/4145/4709
f 3908/4146/4710 3905/4145/4709 3906/4147/4711
f 3908/4146/4710 3906/4147/4711 3907/4148/4712
f 3909/4149/4713 3913/4150/4714 3886/4151/4706 3885/4144/4708
f 3910/4152/4715 3914/4153/4716 3913/4150/4717 3909/4149/4718
f 3911/4154/4719 3915/4155/4720 3914/4153/4716 3910/4152/4715
f 3912/4156/4721 3916/4157/4722 3915/4155/4720 3911/4154/4719
f 3861/4158/4684 3862/4159/4682 3916/4157/4723 3912/4156/4724
f 3913/4150/4714 3917/4160/4725 3887/4161/4704 3886/4151/4706
f 3914/4153/4716 3918/4162/4726 3917/4160/4727 3913/4150/4717
f 3915/4155/4720 3919/4163/4728 3918/4162/4726 3914/4153/4716
f 3916/4157/4722 3920/4164/4729 3919/4163/4728 3915/4155/4720
f 3862/4159/4682 3863/4165/4680 3920/4164/4730 3916/4157/4723
f 3917/4160/4725 3921/4166/4731 3888/4167/4702 3887/4161/4704
f 3918/4162/4726 3922/4168/4732 3921/4166/4733 3917/4160/4727
f 3919/4163/4728 3923/4169/4734 3922/4168/4732 3918/4162/4726
f 3920/4164/4729 3924/4170/4735 3923/4169/4734 3919/4163/4728
f 3863/4165/4680 3864/4171/4678 3924/4170/4736 3920/4164/4730
f 3921/4166/4731 3925/4172/4737 3889/4173/4701 3888/4167/4702
f 3922/4168/4732 3926/4174/4738 3925/4172/4739 3921/4166/4733
f 3923/4169/4734 3927/4175/4740 3926/4174/4738 3922/4168/4732
f 3924/4170/4735 3928/4176/4741 3927/4175/4740 3923/4169/4734
f 3864/4171/4678 3865/4177/4677 3928/4176/4742 3924/4170/4736
f 3925/4172/4737 3929/4178/4743 3890/4179/4699 3889/4173/4701
f 3926/4174/4744 3930/4180/4745 3929/4178/4746 3925/4172/4747
f 3927/4175/4748 3931/4181/4749 3930/4180/4745 3926/4174/4744
f 3928/4176/4750 3932/4182/4751 3931/4181/4749 3927/4175/4748
f 3865/4177/4677 3866/4183/4675 3932/4182/4752 3928/4176/4742
f 3929/4178/4743 3933/4184/4753 3891/4185/4697 3890/4179/4699
f 3930/4180/4745 3934/4186/4754 3933/4184/4755 3929/4178/4746
f 3931/4181/4749 3935/4187/4756 3934/4186/4754 3930/4180/4745
f 3932/4182/4751 3936/4188/4757 3935/4187/4756 3931/4181/4749
f 3866/4183/4675 3867/4189/4673 3936/4188/4758 3932/4182/4752
f 3933/4184/4753 3937/4190/4759 3892/4191/4694 3891/4185/4697
f 3934/4186/4754 3938/4192/4760 3937/4190/4761 3933/4184/4755
f 3935/4187/4756 3939/4193/4762 3938/4192/4760 3934/4186/4754
f 3936/4188/4757 3940/4194/4763 3939/4193/4762 3935/4187/4756
f 3867/4189/4673 3868/4195/4670 3940/4194/4764 3936/4188/4758
f 3937/4190/4759 3941/4196/4765 3893/4197/4692 3892/4191/4694
f 3938/4192/4760 3942/4198/4766 3941/4196/4767 3937/4190/4761
f 3939/4193/4762 3943/4199/4768 3942/4198/4766 3938/4192/4760
f 3940/4194/4763 3944/4200/4769 3943/4199/4768 3939/4193/4762
f 3868/4195/4670 3869/4201/4668 3944/4200/4770 3940/4194/4764
f 3941/4196/4765 3945/4202/4771 3894/4203/4689 3893/4197/4692
f 3942/4198/4766 3946/4204/4772 3945/4202/4773 3941/4196/4767
f 3943/4199/4768 3947/4205/4774 3946/4204/4772 3942/4198/4766
f 3944/4200/4769 3948/4206/4775 3947/4205/4774 3943/4199/4768
f 3869/4201/4668 3870/4207/4665 3948/4206/4776 3944/4200/4770
f 3945/4202/4771 3949/4208/4777 3895/4209/4690 3894/4203/4689
f 3946/4204/4772 3950/4210/4778 3949/4208/4779 3945/4202/4773
f 3947/4205/4774 3951/4211/4780 3950/4210/4778 3946/4204/4772
f 3948/4206/4775 3952/4212/4781 3951/4211/4780 3947/4205/4774
f 3870/4207/4665 3871/4213/4667 3952/4212/4782 3948/4206/4776
f 3949/4208/4777 3953/4214/4783 3896/4215/4691 3895/4209/4690
f 3950/4210/4778 3954/4216/4784 3953/4214/4785 3949/4208/4779
f 3951/4211/4780 3955/4217/4786 3954/4216/4784 3950/4210/4778
f 3952/4212/4781 3956/4218/4787 3955/4217/4786 3951/4211/4780
f 3871/4213/4667 3872/4219/4666 3956/4218/4788 3952/4212/4782
f 3953/4214/4783 3957/4220/4789 3897/4221/4693 3896/4215/4691
f 3954/4216/4784 3958/4222/4790 3957/4220/4791 3953/4214/4785
f 3955/4217/4786 3959/4223/4792 3958/4222/4790 3954/4216/4784
f 3956/4218/4787 3960/4224/4793 3959/4223/4792 3955/4217/4786
f 3872/4219/4666 3873/4225/4669 3960/4224/4794 3956/4218/4788
f 3957/4220/4789 3961/4226/4795 3898/4227/4695 3897/4221/4693
f 3958/4222/4790 3962/4228/4796 3961/4226/4797 3957/4220/4791
f 3959/4223/4792 3963/4229/4798 3962/4228/4796 3958/4222/4790
f 3960/4224/4793 3964/4230/4799 3963/4229/4798 3959/4223/4792
f 3873/4225/4669 3874/4231/4671 3964/4230/4800 3960/4224/4794
f 3961/4226/4795 3965/4232/4801 3899/4233/4696 3898/4227/4695
f 3962/4228/4796 3966/4234/4802 3965/4232/4803 3961/4226/4797
f 3963/4229/4798 3967/4235/4804 3966/4234/4802 3962/4228/4796
f 3964/4230/4799 3968/4236/4805 3967/4235/4804 3963/4229/4798
f 3874/4231/4671 3875/4237/4672 3968/4236/4806 3964/4230/4800
f 3965/4232/4801 3969/4238/4807 3900/4239/4698 3899/4233/4696
f 3966/4234/4802 3970/4240/4808 3969/4238/4809 3965/4232/4803
f 3967/4235/4804 3971/4241/4810 3970/4240/4808 3966/4234/4802
f 3968/4236/4805 3972/4242/4811 3971/4241/4810 3967/4235/4804
f 3875/4237/4672 3876/4243/4674 3972/4242/4812 3968/4236/4806
f 3969/4238/4807 3973/4244/4813 3901/4245/4700 3900/4239/4698
f 3970/4240/4808 3974/4246/4814 3973/4244/4815 3969/4238/4809
f 3971/4241/4810 3975/4247/4816 3974/4246/4814 3970/4240/4808
f 3972/4242/4811 3976/4248/4817 3975/4247/4816 3971/4241/4810
f 3876/4243/4674 3877/4249/4676 3976/4248/4818 3972/4242/4812
f 3973/4244/4813 3977/4250/4819 3902/4251/4703 3901/4245/4700
f 3974/4246/4820 3978/4252/4821 3977/4250/4822 3973/4244/4823
f 3975/4247/4824 3979/4253/4825 3978/4252/4821 3974/4246/4820
f 3976/4248/4826 3980/4254/4827 3979/4253/4825 3975/4247/4824
f 3877/4249/4676 3878/4255/4679 3980/4254/4828 3976/4248/4818
f 3977/4250/4819 3981/4256/4829 3903/4257/4705 3902/4251/4703
f 3978/4252/4821 3982/4258/4830 3981/4256/4831 3977/4250/4822
f 3979/4253/4825 3983/4259/4832 3982/4258/4830 3978/4252/4821
f 3980/4254/4827 3984/4260/4833 3983/4259/4832 3979/4253/4825
f 3878/4255/4679 3879/4261/4681 3984/4260/4834 3980/4254/4828
f 3981/4256/4829 3985/4262/4835 3904/4263/4707 3903/4257/4705
f 3982/4258/4830 3986/4264/4836 3985/4262/4837 3981/4256/4831
f 3983/4259/4832 3987/4265/4838 3986/4264/4836 3982/4258/4830
f 3984/4260/4833 3988/4266/4839 3987/4265/4838 3983/4259/4832
f 3879/4261/4681 3880/4267/4683 3988/4266/4840 3984/4260/4834
f 3985/4262/4835 3989/4268/4841 3905/4269/4709 3904/4263/4707
f 3986/4264/4836 3990/4270/4842 3989/4268/4843 3985/4262/4837
f 3987/4265/4838 3991/4271/4844 3990/4270/4842 3986/4264/4836
f 3988/4266/4839 3992/4272/4845 3991/4271/4844 3987/4265/4838
f 3880/4267/4683 3881/4273/4685 3992/4272/4846 3988/4266/4840
f 3989/4268/4841 3993/4274/4847 3906/4275/4711 3905/4269/4709
f 3990/4270/4842 3994/4276/4848 3993/4274/4849 3989/4268/4843
f 3991/4271/4844 3995/4277/4850 3994/4276/4848 3990/4270/4842
f 3992/4272/4845 3996/4278/4851 3995/4277/4850 3991/4271/4844
f 3881/4273/4685 3882/4279/4687 3996/4278/4852 3992/4272/4846
f 3993/4274/4847 3997/4280/4853 3907/4281/4712 3906/4275/4711
f 3994/4276/4848 3998/4282/4854 3997/4280/4855 3993/4274/4849
f 3995/4277/4850 3999/4283/4856 3998/4282/4854 3994/4276/4848
f 3996/4278/4851 4000/4284/4857 3999/4283/4856 3995/4277/4850
f 3882/4279/4687 3883/4285/4688 4000/4284/4858 3996/4278/4852
f 3997/4280/4853 4001/4286/4859 3908/4287/4710 3907/4281/4712
f 3998/4282/4854 4002/4288/4860 4001/4286/4861 3997/4280/4855
f 3999/4283/4856 4003/4289/4862 4002/4288/4860 3998/4282/4854
f 4000/4284/4857 4004/4290/4863 4003/4289/4862 3999/4283/4856
f 3883/4285/4688 3884/4291/4686 4004/4290/4864 4000/4284/4858
f 4001/4286/4859 3909/4292/4713 3885/4146/4708 3908/4287/4710
f 4002/4288/4860 3910/4293/4715 3909/4292/4718 4001/4286/4861
f 4003/4289/4862 3911/4294/4719 3910/4293/4715 4002/4288/4860
f 4004/4290/4863 3912/4295/4721 3911/4294/4719 4003/4289/4862
f 3884/4291/4686 3861/4296/4684 3912/4295/4724 4004/4290/4864
o Slot_|_right_mid_dark
v 0.296410 0.056577 0.024238
v 0.296410 0.056577 0.028162
v 0.296410 0.053179 0.030123
v 0.296410 0.049782 0.028162
v 0.296410 0.049782 0.024238
v 0.296410 0.053179 0.022277
v 0.167821 0.056577 0.024238
v 0.167821 0.056577 0.028162
v 0.167821 0.053179 0.030123
v 0.167821 0.049782 0.028162
v 0.167821 0.049782 0.024238
v 0.167821 0.053179 0.022277
v 0.212315 0.056577 0.024238
v 0.212315 0.056577 0.028162
v 0.212315 0.053179 0.030123
v 0.212315 0.049782 0.028162
v 0.212315 0.049782 0.024238
v 0.212315 0.053179 0.022277
v 0.251916 0.056577 0.024238
v 0.251916 0.056577 0.028162
v 0.251916 0.053179 0.030123
v 0.251916 0.049782 0.028162
v 0.251916 0.049782 0.024238
v 0.251916 0.053179 0.022277
vn 1.0000 -0.0000 -0.0000
vn -1.0000 -0.0000 -0.0000
vn -0.0000 0.8660 -0.5000
vn -0.0000 -0.0000 -1.0000
vn -0.0000 0.5000 -0.8660
vn -0.0000 0.8660 0.5000
vn -0.0000 0.5000 0.8660
vn -0.0000 -0.0000 1.0000
vn -0.0000 -0.8660 0.5000
vn -0.0000 -0.5000 0.8660
vn -0.0000 -0.8660 -0.5000
vn -0.0000 -0.5000 -0.8660
vn -0.0000 1.0000 -0.0000
vn -0.0000 -1.0000 -0.0000
vt 1.000000 0.000000
vt 0.600000 0.000000
vt 0.800000 0.000000
vt 0.400000 0.000000
vt 0.000000 0.000000
vt 0.200000 0.000000
vt 0.000000 1.000000
vt 0.333333 1.000000
vt 0.333333 0.833333
vt 0.000000 0.833333
vt 0.000000 0.166667
vt 0.333333 0.166667
vt 0.333333 0.000000
vt 0.000000 0.333333
vt 0.333333 0.333333
vt 0.000000 0.500000
vt 0.333333 0.500000
vt 0.000000 0.666667
vt 0.333333 0.666667
vt 0.666667 1.000000
vt 0.666667 0.833333
vt 0.666667 0.166667
vt 0.666667 0.000000
vt 0.666667 0.333333
vt 0.666667 0.500000
vt 0.666667 0.666667
vt 1.000000 1.000000
vt 1.000000 0.833333
vt 1.000000 0.166667
vt 1.000000 0.333333
vt 1.000000 0.500000
vt 1.000000 0.666667
s 1
usemtl Gold_|_dark_grille
f 4010/4297/4865 4008/4298/4865 4009/4299/4865
f 4010/4297/4865 4007/4300/4865 4008/4298/4865
f 4005/4301/4865 4007/4300/4865 4010/4297/4865
f 4005/4301/4865 4006/4302/4865 4007/4300/4865
f 4013/4300/4866 4015/4299/4866 4014/4298/4866
f 4013/4300/4866 4016/4297/4866 4015/4299/4866
f 4012/4302/4866 4016/4297/4866 4013/4300/4866
f 4012/4302/4866 4011/4301/4866 4016/4297/4866
f 4011/4303/4867 4017/4304/4867 4022/4305/4868 4016/4306/4869
f 4012/4307/4870 4018/4308/4870 4017/4309/4867 4011/4301/4867
f 4013/4310/4871 4019/4311/4872 4018/4308/4870 4012/4307/4870
f 4014/4312/4873 4020/4313/4873 4019/4311/4872 4013/4310/4874
f 4015/4314/4875 4021/4315/4875 4020/4313/4873 4014/4312/4873
f 4016/4306/4876 4022/4305/4868 4021/4315/4875 4015/4314/4875
f 4017/4304/4867 4023/4316/4867 4028/4317/4868 4022/4305/4868
f 4018/4308/4870 4024/4318/4870 4023/4319/4867 4017/4309/4867
f 4019/4311/4872 4025/4320/4872 4024/4318/4870 4018/4308/4870
f 4020/4313/4873 4026/4321/4873 4025/4320/4872 4019/4311/4872
f 4021/4315/4875 4027/4322/4875 4026/4321/4873 4020/4313/4873
f 4022/4305/4868 4028/4317/4868 4027/4322/4875 4021/4315/4875
f 4023/4316/4867 4005/4323/4869 4010/4324/4868 4028/4317/4868
f 4024/4318/4870 4006/4325/4870 4005/4297/4877 4023/4319/4867
f 4025/4320/4872 4007/4326/4871 4006/4325/4870 4024/4318/4870
f 4026/4321/4873 4008/4327/4873 4007/4326/4874 4025/4320/4872
f 4027/4322/4875 4009/4328/4878 4008/4327/4873 4026/4321/4873
f 4028/4317/4868 4010/4324/4868 4009/4328/4876 4027/4322/4875
o Vent_|_right_gold_frame
v -0.013949 0.065385 0.026600
v -0.016122 0.067853 0.026600
v -0.017091 0.070848 0.026600
v -0.017579 0.074053 0.026600
v -0.018308 0.077154 0.026600
v -0.017547 0.080028 0.026600
v -0.017006 0.083001 0.026600
v -0.016026 0.085776 0.026600
v -0.013949 0.088051 0.026600
v 0.005544 0.095112 0.026600
v 0.031868 0.097245 0.026600
v 0.059475 0.094782 0.026600
v 0.082821 0.088051 0.026600
v 0.086048 0.085875 0.026600
v 0.088353 0.083089 0.026600
v 0.090290 0.080061 0.026600
v 0.092410 0.077154 0.026600
v 0.090316 0.074018 0.026600
v 0.088424 0.070752 0.026600
v 0.086128 0.067745 0.026600
v 0.082821 0.065385 0.026600
v 0.059235 0.058051 0.026600
v 0.031939 0.055367 0.026600
v 0.005890 0.057692 0.026600
v -0.013949 0.065385 0.023400
v -0.016122 0.067853 0.023400
v -0.017091 0.070848 0.023400
v -0.017579 0.074053 0.023400
v -0.018308 0.077154 0.023400
v -0.017547 0.080028 0.023400
v -0.017006 0.083001 0.023400
v -0.016026 0.085776 0.023400
v -0.013949 0.088051 0.023400
v 0.005544 0.095112 0.023400
v 0.031868 0.097245 0.023400
v 0.059475 0.094782 0.023400
v 0.082821 0.088051 0.023400
v 0.086048 0.085875 0.023400
v 0.088353 0.083089 0.023400
v 0.090290 0.080061 0.023400
v 0.092410 0.077154 0.023400
v 0.090316 0.074018 0.023400
v 0.088424 0.070752 0.023400
v 0.086128 0.067745 0.023400
v 0.082821 0.065385 0.023400
v 0.059235 0.058051 0.023400
v 0.031939 0.055367 0.023400
v 0.005890 0.057692 0.023400
v -0.014199 0.065026 0.023576
v -0.014302 0.064878 0.024000
v -0.014302 0.064878 0.026000
v -0.014199 0.065026 0.026424
v -0.016499 0.067638 0.023576
v -0.016655 0.067550 0.024000
v -0.016655 0.067550 0.026000
v -0.016499 0.067638 0.026424
v -0.017506 0.070750 0.023576
v -0.017677 0.070709 0.024000
v -0.017677 0.070709 0.026000
v -0.017506 0.070750 0.026424
v -0.017996 0.073973 0.023576
v -0.018169 0.073940 0.024000
v -0.018169 0.073940 0.026000
v -0.017996 0.073973 0.026424
v -0.018745 0.077160 0.023576
v -0.018926 0.077162 0.024000
v -0.018926 0.077162 0.026000
v -0.018745 0.077160 0.026424
v -0.017962 0.080120 0.023576
v -0.018133 0.080158 0.024000
v -0.018133 0.080158 0.026000
v -0.017962 0.080120 0.026424
v -0.017418 0.083111 0.023576
v -0.017588 0.083156 0.024000
v -0.017588 0.083156 0.026000
v -0.017418 0.083111 0.026424
v -0.016398 0.085998 0.023576
v -0.016551 0.086090 0.024000
v -0.016551 0.086090 0.026000
v -0.016398 0.085998 0.026424
v -0.014192 0.088415 0.023576
v -0.014292 0.088565 0.024000
v -0.014292 0.088565 0.026000
v -0.014192 0.088415 0.026424
v 0.005453 0.095530 0.023576
v 0.005416 0.095703 0.024000
v 0.005416 0.095703 0.026000
v 0.005453 0.095530 0.026424
v 0.031869 0.097671 0.023576
v 0.031870 0.097847 0.024000
v 0.031870 0.097847 0.026000
v 0.031869 0.097671 0.026424
v 0.059554 0.095201 0.023576
v 0.059586 0.095374 0.024000
v 0.059586 0.095374 0.026000
v 0.059554 0.095201 0.026424
v 0.083002 0.088440 0.023576
v 0.083078 0.088602 0.024000
v 0.083078 0.088602 0.026000
v 0.083002 0.088440 0.026424
v 0.086336 0.086192 0.023576
v 0.086455 0.086324 0.024000
v 0.086455 0.086324 0.026000
v 0.086336 0.086192 0.026424
v 0.088697 0.083340 0.023576
v 0.088839 0.083444 0.024000
v 0.088839 0.083444 0.026000
v 0.088697 0.083340 0.026424
v 0.090640 0.080300 0.023576
v 0.090785 0.080399 0.024000
v 0.090785 0.080399 0.026000
v 0.090640 0.080300 0.026424
v 0.092928 0.077165 0.023576
v 0.093142 0.077169 0.024000
v 0.093142 0.077169 0.026000
v 0.092928 0.077165 0.026424
v 0.090676 0.073793 0.023576
v 0.090826 0.073700 0.024000
v 0.090826 0.073700 0.026000
v 0.090676 0.073793 0.026424
v 0.088778 0.070516 0.023576
v 0.088924 0.070418 0.024000
v 0.088924 0.070418 0.026000
v 0.088778 0.070516 0.026424
v 0.086426 0.067437 0.023576
v 0.086550 0.067309 0.024000
v 0.086550 0.067309 0.026000
v 0.086426 0.067437 0.026424
v 0.083012 0.065000 0.023576
v 0.083091 0.064840 0.024000
v 0.083091 0.064840 0.026000
v 0.083012 0.065000 0.026424
v 0.059320 0.057633 0.023576
v 0.059355 0.057460 0.024000
v 0.059355 0.057460 0.026000
v 0.059320 0.057633 0.026424
v 0.031941 0.054941 0.023576
v 0.031941 0.054765 0.024000
v 0.031941 0.054765 0.026000
v 0.031941 0.054941 0.026424
v 0.005793 0.057275 0.023576
v 0.005753 0.057102 0.024000
v 0.005753 0.057102 0.026000
v 0.005793 0.057275 0.026424
vn -0.0445 0.2045 0.9779
vn 0.0378 0.2021 0.9786
vn 0.0008 0.2045 0.9789
vn -0.1211 0.1811 0.9760
vn 0.0894 0.1915 0.9774
vn -0.1844 0.1104 0.9766
vn 0.1411 0.1557 0.9777
vn 0.1632 0.1191 0.9794
vn -0.1972 0.0524 0.9790
vn 0.1580 0.1080 0.9815
vn -0.1857 0.0414 0.9817
vn 0.2228 0.0046 0.9748
vn -0.2181 0.0030 0.9759
vn -0.1867 -0.0361 0.9817
vn 0.1623 -0.1011 0.9816
vn -0.1987 -0.0469 0.9789
vn 0.1682 -0.1123 0.9793
vn -0.1870 -0.1065 0.9766
vn 0.1466 -0.1514 0.9775
vn -0.1246 -0.1785 0.9760
vn 0.0940 -0.1895 0.9774
vn -0.0477 -0.2044 0.9777
vn 0.0409 -0.2021 0.9785
vn 0.0009 -0.2054 0.9787
vn -0.0445 0.2045 -0.9779
vn 0.0008 0.2045 -0.9789
vn 0.0378 0.2021 -0.9786
vn -0.1211 0.1811 -0.9760
vn 0.0894 0.1915 -0.9774
vn -0.1844 0.1104 -0.9766
vn 0.1411 0.1557 -0.9777
vn 0.1632 0.1191 -0.9794
vn -0.1972 0.0524 -0.9790
vn 0.1580 0.1080 -0.9815
vn -0.1857 0.0414 -0.9817
vn 0.2228 0.0046 -0.9748
vn -0.2181 0.0030 -0.9759
vn -0.1867 -0.0361 -0.9817
vn 0.1623 -0.1011 -0.9816
vn -0.1987 -0.0469 -0.9789
vn 0.1682 -0.1123 -0.9793
vn -0.1870 -0.1065 -0.9766
vn 0.1466 -0.1514 -0.9775
vn -0.1246 -0.1785 -0.9760
vn 0.0940 -0.1895 -0.9774
vn -0.0477 -0.2044 -0.9777
vn 0.0409 -0.2021 -0.9785
vn 0.0009 -0.2054 -0.9787
vn -0.2137 -0.3061 -0.9277
vn -0.3266 -0.1859 -0.9267
vn -0.5614 -0.8044 -0.1945
vn -0.8526 -0.4853 -0.1939
vn -0.8004 -0.4556 -0.3896
vn -0.5265 -0.7543 -0.3922
vn -0.5614 -0.8044 0.1945
vn -0.8526 -0.4853 0.1939
vn -0.5265 -0.7543 0.3922
vn -0.8004 -0.4556 0.3896
vn -0.3266 -0.1859 0.9267
vn -0.2137 -0.3061 0.9277
vn -0.3714 -0.0877 -0.9243
vn -0.9548 -0.2256 -0.1938
vn -0.8987 -0.2123 -0.3838
vn -0.9548 -0.2256 0.1938
vn -0.8987 -0.2123 0.3838
vn -0.3714 -0.0877 0.9243
vn -0.3755 -0.0726 -0.9240
vn -0.9628 -0.1860 -0.1962
vn -0.9070 -0.1753 -0.3829
vn -0.9628 -0.1860 0.1962
vn -0.9070 -0.1753 0.3829
vn -0.3755 -0.0726 0.9240
vn -0.3729 0.0052 -0.9279
vn -0.9808 0.0137 -0.1946
vn -0.9196 0.0128 -0.3926
vn -0.9808 0.0137 0.1946
vn -0.9196 0.0128 0.3926
vn -0.3728 0.0052 0.9279
vn -0.3733 0.0832 -0.9240
vn -0.9571 0.2133 -0.1962
vn -0.9016 0.2010 -0.3829
vn -0.9571 0.2133 0.1962
vn -0.9016 0.2010 0.3829
vn -0.3733 0.0832 0.9240
vn -0.3688 0.0980 -0.9243
vn -0.9481 0.2520 -0.1938
vn -0.8925 0.2372 -0.3837
vn -0.9481 0.2520 0.1938
vn -0.8925 0.2372 0.3837
vn -0.3688 0.0980 0.9243
vn -0.3227 0.1933 -0.9266
vn -0.8416 0.5042 -0.1939
vn -0.7902 0.4734 -0.3893
vn -0.8416 0.5042 0.1939
vn -0.7902 0.4734 0.3893
vn -0.3227 0.1933 0.9266
vn -0.2073 0.3102 -0.9278
vn -0.5451 0.8155 -0.1945
vn -0.5111 0.7647 -0.3924
vn -0.5451 0.8155 0.1945
vn -0.5111 0.7647 0.3924
vn -0.2073 0.3102 0.9278
vn -0.0807 0.3711 -0.9251
vn -0.2085 0.9587 -0.1935
vn -0.1961 0.9016 -0.3856
vn -0.2085 0.9587 0.1935
vn -0.1961 0.9016 0.3856
vn -0.0807 0.3711 0.9251
vn 0.0015 0.3815 -0.9244
vn 0.0040 0.9810 -0.1937
vn 0.0037 0.9234 -0.3839
vn 0.0040 0.9810 0.1937
vn 0.0037 0.9234 0.3839
vn 0.0015 0.3815 0.9244
vn 0.0701 0.3747 -0.9245
vn 0.1803 0.9644 -0.1936
vn 0.1697 0.9075 -0.3842
vn 0.1803 0.9644 0.1936
vn 0.1697 0.9075 0.3842
vn 0.0701 0.3747 0.9245
vn 0.1603 0.3431 -0.9255
vn 0.4153 0.8889 -0.1935
vn 0.3903 0.8355 -0.3867
vn 0.4153 0.8889 0.1935
vn 0.3903 0.8355 0.3867
vn 0.1603 0.3431 0.9255
vn 0.2548 0.2811 -0.9253
vn 0.6589 0.7269 -0.1935
vn 0.6196 0.6835 -0.3860
vn 0.6589 0.7269 0.1935
vn 0.6196 0.6835 0.3860
vn 0.2548 0.2811 0.9253
vn 0.3087 0.2251 -0.9241
vn 0.7926 0.5780 -0.1940
vn 0.7463 0.5442 -0.3833
vn 0.7926 0.5780 0.1940
vn 0.7463 0.5442 0.3833
vn 0.3087 0.2251 0.9241
vn 0.3158 0.2159 -0.9239
vn 0.8096 0.5534 -0.1959
vn 0.7627 0.5213 -0.3828
vn 0.8096 0.5534 0.1959
vn 0.7627 0.5213 0.3828
vn 0.3158 0.2159 0.9239
vn 0.3215 0.0067 -0.9469
vn 0.7950 0.5800 -0.1774
vn 0.7464 0.5445 -0.3827
vn 0.7950 0.5800 0.1774
vn 0.7464 0.5445 0.3827
vn 0.3215 0.0067 0.9469
vn 0.3247 -0.2022 -0.9239
vn 0.8185 -0.5465 -0.1774
vn 0.8324 -0.5183 -0.1959
vn 0.7842 -0.4883 -0.3828
vn 0.7683 -0.5130 -0.3827
vn 0.8185 -0.5465 0.1774
vn 0.8324 -0.5183 0.1959
vn 0.7683 -0.5130 0.3827
vn 0.7842 -0.4883 0.3828
vn 0.3247 -0.2022 0.9239
vn 0.3177 -0.2121 -0.9242
vn 0.8159 -0.5447 -0.1939
vn 0.7682 -0.5128 -0.3833
vn 0.8159 -0.5447 0.1939
vn 0.7682 -0.5128 0.3833
vn 0.3177 -0.2121 0.9242
vn 0.2636 -0.2723 -0.9254
vn 0.6824 -0.7049 -0.1935
vn 0.6416 -0.6627 -0.3863
vn 0.6824 -0.7049 0.1935
vn 0.6416 -0.6627 0.3863
vn 0.2636 -0.2723 0.9254
vn 0.1683 -0.3391 -0.9256
vn 0.4361 -0.8788 -0.1936
vn 0.4099 -0.8260 -0.3869
vn 0.4361 -0.8788 0.1936
vn 0.4099 -0.8260 0.3869
vn 0.1683 -0.3391 0.9256
vn 0.0756 -0.3734 -0.9246
vn 0.1947 -0.9616 -0.1936
vn 0.1832 -0.9048 -0.3844
vn 0.1947 -0.9616 0.1936
vn 0.1832 -0.9048 0.3844
vn 0.0756 -0.3734 0.9246
vn 0.0017 -0.3813 -0.9245
vn 0.0044 -0.9811 -0.1937
vn 0.0042 -0.9233 -0.3841
vn 0.0044 -0.9811 0.1937
vn 0.0042 -0.9233 0.3841
vn 0.0017 -0.3812 0.9245
vn -0.0863 -0.3695 -0.9252
vn -0.2232 -0.9554 -0.1935
vn -0.2098 -0.8983 -0.3859
vn -0.2232 -0.9554 0.1935
vn -0.2098 -0.8983 0.3859
vn -0.0863 -0.3695 0.9252
vt 0.391304 0.000000
vt 0.478261 0.000000
vt 0.434783 0.000000
vt 0.347826 0.000000
vt 0.521739 0.000000
vt 0.304348 0.000000
vt 0.565217 0.000000
vt 0.608696 0.000000
vt 0.260870 0.000000
vt 0.652174 0.000000
vt 0.217391 0.000000
vt 0.695652 0.000000
vt 0.173913 0.000000
vt 0.130435 0.000000
vt 0.739130 0.000000
vt 0.086957 0.000000
vt 0.782609 0.000000
vt 0.043478 0.000000
vt 0.826087 0.000000
vt 0.000000 0.000000
vt 0.869565 0.000000
vt 1.000000 0.000000
vt 0.913043 0.000000
vt 0.956522 0.000000
vt 0.000000 0.200000
vt 0.041667 0.200000
vt 0.041667 0.000000
vt 0.000000 0.400000
vt 0.041667 0.400000
vt 0.000000 0.600000
vt 0.041667 0.600000
vt 0.000000 0.800000
vt 0.041667 0.800000
vt 0.000000 1.000000
vt 0.041667 1.000000
vt 0.083333 0.200000
vt 0.083333 0.000000
vt 0.083333 0.400000
vt 0.083333 0.600000
vt 0.083333 0.800000
vt 0.083333 1.000000
vt 0.125000 0.200000
vt 0.125000 0.000000
vt 0.125000 0.400000
vt 0.125000 0.600000
vt 0.125000 0.800000
vt 0.125000 1.000000
vt 0.166667 0.200000
vt 0.166667 0.000000
vt 0.166667 0.400000
vt 0.166667 0.600000
vt 0.166667 0.800000
vt 0.166667 1.000000
vt 0.208333 0.200000
vt 0.208333 0.000000
vt 0.208333 0.400000
vt 0.208333 0.600000
vt 0.208333 0.800000
vt 0.208333 1.000000
vt 0.250000 0.200000
vt 0.250000 0.000000
vt 0.250000 0.400000
vt 0.250000 0.600000
vt 0.250000 0.800000
vt 0.250000 1.000000
vt 0.291667 0.200000
vt 0.291667 0.000000
vt 0.291667 0.400000
vt 0.291667 0.600000
vt 0.291667 0.800000
vt 0.291667 1.000000
vt 0.333333 0.200000
vt 0.333333 0.000000
vt 0.333333 0.400000
vt 0.333333 0.600000
vt 0.333333 0.800000
vt 0.333333 1.000000
vt 0.375000 0.200000
vt 0.375000 0.000000
vt 0.375000 0.400000
vt 0.375000 0.600000
vt 0.375000 0.800000
vt 0.375000 1.000000
vt 0.416667 0.200000
vt 0.416667 0.000000
vt 0.416667 0.400000
vt 0.416667 0.600000
vt 0.416667 0.800000
vt 0.416667 1.000000
vt 0.458333 0.200000
vt 0.458333 0.000000
vt 0.458333 0.400000
vt 0.458333 0.600000
vt 0.458333 0.800000
vt 0.458333 1.000000
vt 0.500000 0.200000
vt 0.500000 0.000000
vt 0.500000 0.400000
vt 0.500000 0.600000
vt 0.500000 0.800000
vt 0.500000 1.000000
vt 0.541667 0.200000
vt 0.541667 0.000000
vt 0.541667 0.400000
vt 0.541667 0.600000
vt 0.541667 0.800000
vt 0.541667 1.000000
vt 0.583333 0.200000
vt 0.583333 0.000000
vt 0.583333 0.400000
vt 0.583333 0.600000
vt 0.583333 0.800000
vt 0.583333 1.000000
vt 0.625000 0.200000
vt 0.625000 0.000000
vt 0.625000 0.400000
vt 0.625000 0.600000
vt 0.625000 0.800000
vt 0.625000 1.000000
vt 0.666667 0.200000
vt 0.666667 0.000000
vt 0.666667 0.400000
vt 0.666667 0.600000
vt 0.666667 0.800000
vt 0.666667 1.000000
vt 0.708333 0.200000
vt 0.708333 0.000000
vt 0.708333 0.400000
vt 0.708333 0.600000
vt 0.708333 0.800000
vt 0.708333 1.000000
vt 0.750000 0.200000
vt 0.750000 0.000000
vt 0.750000 0.400000
vt 0.750000 0.600000
vt 0.750000 0.800000
vt 0.750000 1.000000
vt 0.791667 0.200000
vt 0.791667 0.000000
vt 0.791667 0.400000
vt 0.791667 0.600000
vt 0.791667 0.800000
vt 0.791667 1.000000
vt 0.833333 0.200000
vt 0.833333 0.000000
vt 0.833333 0.400000
vt 0.833333 0.600000
vt 0.833333 0.800000
vt 0.833333 1.000000
vt 0.875000 0.200000
vt 0.875000 0.000000
vt 0.875000 0.400000
vt 0.875000 0.600000
vt 0.875000 0.800000
vt 0.875000 1.000000
vt 0.916667 0.200000
vt 0.916667 0.000000
vt 0.916667 0.400000
vt 0.916667 0.600000
vt 0.916667 0.800000
vt 0.916667 1.000000
vt 0.958333 0.200000
vt 0.958333 0.000000
vt 0.958333 0.400000
vt 0.958333 0.600000
vt 0.958333 0.800000
vt 0.958333 1.000000
vt 1.000000 0.200000
vt 1.000000 0.400000
vt 1.000000 0.600000
vt 1.000000 0.800000
vt 1.000000 1.000000
s 1
usemtl Gold_|_polished_trim
f 4038/4329/4879 4040/4330/4880 4039/4331/4881
f 4037/4332/4882 4040/4330/4880 4038/4329/4879
f 4037/4332/4882 4041/4333/4883 4040/4330/4880
f 4036/4334/4884 4041/4333/4883 4037/4332/4882
f 4036/4334/4884 4042/4335/4885 4041/4333/4883
f 4036/4334/4884 4043/4336/4886 4042/4335/4885
f 4035/4337/4887 4043/4336/4886 4036/4334/4884
f 4035/4337/4887 4044/4338/4888 4043/4336/4886
f 4034/4339/4889 4044/4338/4888 4035/4337/4887
f 4034/4339/4889 4045/4340/4890 4044/4338/4888
f 4033/4341/4891 4045/4340/4890 4034/4339/4889
f 4032/4342/4892 4045/4340/4890 4033/4341/4891
f 4032/4342/4892 4046/4343/4893 4045/4340/4890
f 4031/4344/4894 4046/4343/4893 4032/4342/4892
f 4031/4344/4894 4047/4345/4895 4046/4343/4893
f 4030/4346/4896 4047/4345/4895 4031/4344/4894
f 4030/4346/4896 4048/4347/4897 4047/4345/4895
f 4029/4348/4898 4048/4347/4897 4030/4346/4896
f 4029/4348/4898 4049/4349/4899 4048/4347/4897
f 4052/4350/4900 4049/4349/4899 4029/4348/4898
f 4052/4350/4900 4050/4351/4901 4049/4349/4899
f 4052/4350/4900 4051/4352/4902 4050/4351/4901
f 4062/4329/4903 4063/4331/4904 4064/4330/4905
f 4061/4332/4906 4062/4329/4903 4064/4330/4905
f 4061/4332/4906 4064/4330/4905 4065/4333/4907
f 4060/4334/4908 4061/4332/4906 4065/4333/4907
f 4060/4334/4908 4065/4333/4907 4066/4335/4909
f 4060/4334/4908 4066/4335/4909 4067/4336/4910
f 4059/4337/4911 4060/4334/4908 4067/4336/4910
f 4059/4337/4911 4067/4336/4910 4068/4338/4912
f 4058/4339/4913 4059/4337/4911 4068/4338/4912
f 4058/4339/4913 4068/4338/4912 4069/4340/4914
f 4057/4341/4915 4058/4339/4913 4069/4340/4914
f 4056/4342/4916 4057/4341/4915 4069/4340/4914
f 4056/4342/4916 4069/4340/4914 4070/4343/4917
f 4055/4344/4918 4056/4342/4916 4070/4343/4917
f 4055/4344/4918 4070/4343/4917 4071/4345/4919
f 4054/4346/4920 4055/4344/4918 4071/4345/4919
f 4054/4346/4920 4071/4345/4919 4072/4347/4921
f 4053/4348/4922 4054/4346/4920 4072/4347/4921
f 4053/4348/4922 4072/4347/4921 4073/4349/4923
f 4076/4350/4924 4053/4348/4922 4073/4349/4923
f 4076/4350/4924 4073/4349/4923 4074/4351/4925
f 4076/4350/4924 4074/4351/4925 4075/4352/4926
f 4077/4353/4927 4081/4354/4928 4054/4355/4920 4053/4348/4922
f 4078/4356/4929 4082/4357/4930 4081/4354/4931 4077/4353/4932
f 4079/4358/4933 4083/4359/4934 4082/4357/4930 4078/4356/4929
f 4080/4360/4935 4084/4361/4936 4083/4359/4934 4079/4358/4933
f 4029/4362/4898 4030/4363/4896 4084/4361/4937 4080/4360/4938
f 4081/4354/4928 4085/4364/4939 4055/4365/4918 4054/4355/4920
f 4082/4357/4930 4086/4366/4940 4085/4364/4941 4081/4354/4931
f 4083/4359/4934 4087/4367/4942 4086/4366/4940 4082/4357/4930
f 4084/4361/4936 4088/4368/4943 4087/4367/4942 4083/4359/4934
f 4030/4363/4896 4031/4369/4894 4088/4368/4944 4084/4361/4937
f 4085/4364/4939 4089/4370/4945 4056/4371/4916 4055/4365/4918
f 4086/4366/4940 4090/4372/4946 4089/4370/4947 4085/4364/4941
f 4087/4367/4942 4091/4373/4948 4090/4372/4946 4086/4366/4940
f 4088/4368/4943 4092/4374/4949 4091/4373/4948 4087/4367/4942
f 4031/4369/4894 4032/4375/4892 4092/4374/4950 4088/4368/4944
f 4089/4370/4945 4093/4376/4951 4057/4377/4915 4056/4371/4916
f 4090/4372/4946 4094/4378/4952 4093/4376/4953 4089/4370/4947
f 4091/4373/4948 4095/4379/4954 4094/4378/4952 4090/4372/4946
f 4092/4374/4949 4096/4380/4955 4095/4379/4954 4091/4373/4948
f 4032/4375/4892 4033/4381/4891 4096/4380/4956 4092/4374/4950
f 4093/4376/4951 4097/4382/4957 4058/4383/4913 4057/4377/4915
f 4094/4378/4952 4098/4384/4958 4097/4382/4959 4093/4376/4953
f 4095/4379/4954 4099/4385/4960 4098/4384/4958 4094/4378/4952
f 4096/4380/4955 4100/4386/4961 4099/4385/4960 4095/4379/4954
f 4033/4381/4891 4034/4387/4889 4100/4386/4962 4096/4380/4956
f 4097/4382/4957 4101/4388/4963 4059/4389/4911 4058/4383/4913
f 4098/4384/4958 4102/4390/4964 4101/4388/4965 4097/4382/4959
f 4099/4385/4960 4103/4391/4966 4102/4390/4964 4098/4384/4958
f 4100/4386/4961 4104/4392/4967 4103/4391/4966 4099/4385/4960
f 4034/4387/4889 4035/4393/4887 4104/4392/4968 4100/4386/4962
f 4101/4388/4963 4105/4394/4969 4060/4395/4908 4059/4389/4911
f 4102/4390/4964 4106/4396/4970 4105/4394/4971 4101/4388/4965
f 4103/4391/4966 4107/4397/4972 4106/4396/4970 4102/4390/4964
f 4104/4392/4967 4108/4398/4973 4107/4397/4972 4103/4391/4966
f 4035/4393/4887 4036/4399/4884 4108/4398/4974 4104/4392/4968
f 4105/4394/4969 4109/4400/4975 4061/4401/4906 4060/4395/4908
f 4106/4396/4970 4110/4402/4976 4109/4400/4977 4105/4394/4971
f 4107/4397/4972 4111/4403/4978 4110/4402/4976 4106/4396/4970
f 4108/4398/4973 4112/4404/4979 4111/4403/4978 4107/4397/4972
f 4036/4399/4884 4037/4405/4882 4112/4404/4980 4108/4398/4974
f 4109/4400/4975 4113/4406/4981 4062/4407/4903 4061/4401/4906
f 4110/4402/4976 4114/4408/4982 4113/4406/4983 4109/4400/4977
f 4111/4403/4978 4115/4409/4984 4114/4408/4982 4110/4402/4976
f 4112/4404/4979 4116/4410/4985 4115/4409/4984 4111/4403/4978
f 4037/4405/4882 4038/4411/4879 4116/4410/4986 4112/4404/4980
f 4113/4406/4981 4117/4412/4987 4063/4413/4904 4062/4407/4903
f 4114/4408/4982 4118/4414/4988 4117/4412/4989 4113/4406/4983
f 4115/4409/4984 4119/4415/4990 4118/4414/4988 4114/4408/4982
f 4116/4410/4985 4120/4416/4991 4119/4415/4990 4115/4409/4984
f 4038/4411/4879 4039/4417/4881 4120/4416/4992 4116/4410/4986
f 4117/4412/4987 4121/4418/4993 4064/4419/4905 4063/4413/4904
f 4118/4414/4988 4122/4420/4994 4121/4418/4995 4117/4412/4989
f 4119/4415/4990 4123/4421/4996 4122/4420/4994 4118/4414/4988
f 4120/4416/4991 4124/4422/4997 4123/4421/4996 4119/4415/4990
f 4039/4417/4881 4040/4423/4880 4124/4422/4998 4120/4416/4992
f 4121/4418/4993 4125/4424/4999 4065/4425/4907 4064/4419/4905
f 4122/4420/4994 4126/4426/5000 4125/4424/5001 4121/4418/4995
f 4123/4421/4996 4127/4427/5002 4126/4426/5000 4122/4420/4994
f 4124/4422/4997 4128/4428/5003 4127/4427/5002 4123/4421/4996
f 4040/4423/4880 4041/4429/4883 4128/4428/5004 4124/4422/4998
f 4125/4424/4999 4129/4430/5005 4066/4431/4909 4065/4425/4907
f 4126/4426/5000 4130/4432/5006 4129/4430/5007 4125/4424/5001
f 4127/4427/5002 4131/4433/5008 4130/4432/5006 4126/4426/5000
f 4128/4428/5003 4132/4434/5009 4131/4433/5008 4127/4427/5002
f 4041/4429/4883 4042/4435/4885 4132/4434/5010 4128/4428/5004
f 4129/4430/5005 4133/4436/5011 4067/4437/4910 4066/4431/4909
f 4130/4432/5006 4134/4438/5012 4133/4436/5013 4129/4430/5007
f 4131/4433/5008 4135/4439/5014 4134/4438/5012 4130/4432/5006
f 4132/4434/5009 4136/4440/5015 4135/4439/5014 4131/4433/5008
f 4042/4435/4885 4043/4441/4886 4136/4440/5016 4132/4434/5010
f 4133/4436/5011 4137/4442/5017 4068/4443/4912 4067/4437/4910
f 4134/4438/5012 4138/4444/5018 4137/4442/5019 4133/4436/5013
f 4135/4439/5014 4139/4445/5020 4138/4444/5018 4134/4438/5012
f 4136/4440/5015 4140/4446/5021 4139/4445/5020 4135/4439/5014
f 4043/4441/4886 4044/4447/4888 4140/4446/5022 4136/4440/5016
f 4137/4442/5017 4141/4448/5023 4069/4449/4914 4068/4443/4912
f 4138/4444/5018 4142/4450/5024 4141/4448/5025 4137/4442/5019
f 4139/4445/5020 4143/4451/5026 4142/4450/5024 4138/4444/5018
f 4140/4446/5021 4144/4452/5027 4143/4451/5026 4139/4445/5020
f 4044/4447/4888 4045/4453/4890 4144/4452/5028 4140/4446/5022
f 4141/4448/5023 4145/4454/5029 4070/4455/4917 4069/4449/4914
f 4142/4450/5030 4146/4456/5031 4145/4454/5032 4141/4448/5033
f 4143/4451/5034 4147/4457/5035 4146/4456/5031 4142/4450/5030
f 4144/4452/5036 4148/4458/5037 4147/4457/5035 4143/4451/5034
f 4045/4453/4890 4046/4459/4893 4148/4458/5038 4144/4452/5028
f 4145/4454/5029 4149/4460/5039 4071/4461/4919 4070/4455/4917
f 4146/4456/5031 4150/4462/5040 4149/4460/5041 4145/4454/5032
f 4147/4457/5035 4151/4463/5042 4150/4462/5040 4146/4456/5031
f 4148/4458/5037 4152/4464/5043 4151/4463/5042 4147/4457/5035
f 4046/4459/4893 4047/4465/4895 4152/4464/5044 4148/4458/5038
f 4149/4460/5039 4153/4466/5045 4072/4467/4921 4071/4461/4919
f 4150/4462/5040 4154/4468/5046 4153/4466/5047 4149/4460/5041
f 4151/4463/5042 4155/4469/5048 4154/4468/5046 4150/4462/5040
f 4152/4464/5043 4156/4470/5049 4155/4469/5048 4151/4463/5042
f 4047/4465/4895 4048/4471/4897 4156/4470/5050 4152/4464/5044
f 4153/4466/5045 4157/4472/5051 4073/4473/4923 4072/4467/4921
f 4154/4468/5046 4158/4474/5052 4157/4472/5053 4153/4466/5047
f 4155/4469/5048 4159/4475/5054 4158/4474/5052 4154/4468/5046
f 4156/4470/5049 4160/4476/5055 4159/4475/5054 4155/4469/5048
f 4048/4471/4897 4049/4477/4899 4160/4476/5056 4156/4470/5050
f 4157/4472/5051 4161/4478/5057 4074/4479/4925 4073/4473/4923
f 4158/4474/5052 4162/4480/5058 4161/4478/5059 4157/4472/5053
f 4159/4475/5054 4163/4481/5060 4162/4480/5058 4158/4474/5052
f 4160/4476/5055 4164/4482/5061 4163/4481/5060 4159/4475/5054
f 4049/4477/4899 4050/4483/4901 4164/4482/5062 4160/4476/5056
f 4161/4478/5057 4165/4484/5063 4075/4485/4926 4074/4479/4925
f 4162/4480/5058 4166/4486/5064 4165/4484/5065 4161/4478/5059
f 4163/4481/5060 4167/4487/5066 4166/4486/5064 4162/4480/5058
f 4164/4482/5061 4168/4488/5067 4167/4487/5066 4163/4481/5060
f 4050/4483/4901 4051/4489/4902 4168/4488/5068 4164/4482/5062
f 4165/4484/5063 4169/4490/5069 4076/4491/4924 4075/4485/4926
f 4166/4486/5064 4170/4492/5070 4169/4490/5071 4165/4484/5065
f 4167/4487/5066 4171/4493/5072 4170/4492/5070 4166/4486/5064
f 4168/4488/5067 4172/4494/5073 4171/4493/5072 4167/4487/5066
f 4051/4489/4902 4052/4495/4900 4172/4494/5074 4168/4488/5068
f 4169/4490/5069 4077/4496/4927 4053/4350/4922 4076/4491/4924
f 4170/4492/5070 4078/4497/4929 4077/4496/4932 4169/4490/5071
f 4171/4493/5072 4079/4498/4933 4078/4497/4929 4170/4492/5070
f 4172/4494/5073 4080/4499/4935 4079/4498/4933 4171/4493/5072
f 4052/4495/4900 4029/4500/4898 4080/4499/4938 4172/4494/5074
o Vent_|_right_grille
v -0.007846 0.069744 0.027800
v -0.009277 0.071289 0.027800
v -0.009965 0.073175 0.027800
v -0.010357 0.075199 0.027800
v -0.010897 0.077154 0.027800
v -0.010326 0.078882 0.027800
v -0.009881 0.080673 0.027800
v -0.009182 0.082339 0.027800
v -0.007846 0.083692 0.027800
v 0.008347 0.087849 0.027800
v 0.033691 0.089103 0.027800
v 0.060061 0.087651 0.027800
v 0.079333 0.083692 0.027800
v 0.081560 0.082398 0.027800
v 0.083250 0.080726 0.027800
v 0.084725 0.078902 0.027800
v 0.086308 0.077154 0.027800
v 0.084750 0.075176 0.027800
v 0.083316 0.073113 0.027800
v 0.081635 0.071219 0.027800
v 0.079333 0.069744 0.027800
v 0.059846 0.065196 0.027800
v 0.033780 0.063525 0.027800
v 0.008695 0.064963 0.027800
v -0.007846 0.069744 0.024600
v -0.009277 0.071289 0.024600
v -0.009965 0.073175 0.024600
v -0.010357 0.075199 0.024600
v -0.010897 0.077154 0.024600
v -0.010326 0.078882 0.024600
v -0.009881 0.080673 0.024600
v -0.009182 0.082339 0.024600
v -0.007846 0.083692 0.024600
v 0.008347 0.087849 0.024600
v 0.033691 0.089103 0.024600
v 0.060061 0.087651 0.024600
v 0.079333 0.083692 0.024600
v 0.081560 0.082398 0.024600
v 0.083250 0.080726 0.024600
v 0.084725 0.078902 0.024600
v 0.086308 0.077154 0.024600
v 0.084750 0.075176 0.024600
v 0.083316 0.073113 0.024600
v 0.081635 0.071219 0.024600
v 0.079333 0.069744 0.024600
v 0.059846 0.065196 0.024600
v 0.033780 0.063525 0.024600
v 0.008695 0.064963 0.024600
v -0.008077 0.069369 0.024776
v -0.008173 0.069214 0.025200
v -0.008173 0.069214 0.027200
v -0.008077 0.069369 0.027624
v -0.009646 0.071063 0.024776
v -0.009799 0.070969 0.025200
v -0.009799 0.070969 0.027200
v -0.009646 0.071063 0.027624
v -0.010375 0.073062 0.024776
v -0.010545 0.073014 0.025200
v -0.010545 0.073014 0.027200
v -0.010375 0.073062 0.027624
v -0.010771 0.075102 0.024776
v -0.010942 0.075062 0.025200
v -0.010942 0.075062 0.027200
v -0.010771 0.075102 0.027624
v -0.011341 0.077165 0.024776
v -0.011524 0.077169 0.025200
v -0.011524 0.077169 0.027200
v -0.011341 0.077165 0.027624
v -0.010734 0.079000 0.024776
v -0.010903 0.079049 0.025200
v -0.010903 0.079049 0.027200
v -0.010734 0.079000 0.027624
v -0.010285 0.080807 0.024776
v -0.010453 0.080862 0.025200
v -0.010453 0.080862 0.027200
v -0.010285 0.080807 0.027624
v -0.009542 0.082579 0.024776
v -0.009691 0.082678 0.025200
v -0.009691 0.082678 0.027200
v -0.009542 0.082579 0.027624
v -0.008066 0.084074 0.024776
v -0.008156 0.084232 0.025200
v -0.008156 0.084232 0.027200
v -0.008066 0.084074 0.027624
v 0.008283 0.088271 0.024776
v 0.008257 0.088446 0.025200
v 0.008257 0.088446 0.027200
v 0.008283 0.088271 0.027624
v 0.033692 0.089528 0.024776
v 0.033693 0.089704 0.025200
v 0.033693 0.089704 0.027200
v 0.033692 0.089528 0.027624
v 0.060116 0.088073 0.024776
v 0.060138 0.088248 0.025200
v 0.060138 0.088248 0.027200
v 0.060116 0.088073 0.027624
v 0.079487 0.084094 0.024776
v 0.079550 0.084260 0.025200
v 0.079550 0.084260 0.027200
v 0.079487 0.084094 0.027624
v 0.081820 0.082738 0.024776
v 0.081928 0.082878 0.025200
v 0.081928 0.082878 0.027200
v 0.081820 0.082738 0.027624
v 0.083565 0.081011 0.024776
v 0.083696 0.081129 0.025200
v 0.083696 0.081129 0.027200
v 0.083565 0.081011 0.027624
v 0.085048 0.079178 0.024776
v 0.085181 0.079292 0.025200
v 0.085181 0.079292 0.027200
v 0.085048 0.079178 0.027624
v 0.086863 0.077173 0.024776
v 0.087093 0.077181 0.025200
v 0.087093 0.077181 0.027200
v 0.086863 0.077173 0.027624
v 0.085091 0.074923 0.024776
v 0.085232 0.074818 0.025200
v 0.085232 0.074818 0.027200
v 0.085091 0.074923 0.027624
v 0.083650 0.072851 0.024776
v 0.083789 0.072742 0.025200
v 0.083789 0.072742 0.027200
v 0.083650 0.072851 0.027624
v 0.081913 0.070893 0.024776
v 0.082028 0.070759 0.025200
v 0.082028 0.070759 0.027200
v 0.081913 0.070893 0.027624
v 0.079501 0.069347 0.024776
v 0.079570 0.069183 0.025200
v 0.079570 0.069183 0.027200
v 0.079501 0.069347 0.027624
v 0.059909 0.064774 0.024776
v 0.059934 0.064600 0.025200
v 0.059934 0.064600 0.027200
v 0.059909 0.064774 0.027624
v 0.033781 0.063100 0.024776
v 0.033782 0.062924 0.025200
v 0.033782 0.062924 0.027200
v 0.033781 0.063100 0.027624
v 0.008623 0.064542 0.024776
v 0.008593 0.064368 0.025200
v 0.008593 0.064368 0.027200
v 0.008623 0.064542 0.027624
vn -0.0309 0.2038 0.9785
vn 0.0261 0.2017 0.9791
vn 0.0006 0.2011 0.9796
vn -0.1094 0.1905 0.9756
vn 0.0755 0.1979 0.9773
vn -0.1782 0.1188 0.9768
vn 0.1268 0.1657 0.9780
vn 0.1494 0.1351 0.9795
vn -0.1934 0.0641 0.9790
vn 0.1456 0.1246 0.9815
vn -0.1829 0.0529 0.9817
vn 0.2172 0.0075 0.9761
vn -0.2209 0.0055 0.9753
vn -0.1852 -0.0435 0.9817
vn 0.1539 -0.1139 0.9815
vn -0.1965 -0.0545 0.9790
vn 0.1586 -0.1248 0.9794
vn -0.1833 -0.1120 0.9767
vn 0.1362 -0.1593 0.9778
vn -0.1153 -0.1870 0.9756
vn 0.0827 -0.1958 0.9772
vn -0.0349 -0.2043 0.9783
vn 0.0299 -0.2021 0.9789
vn 0.0007 -0.2020 0.9794
vn -0.0309 0.2038 -0.9785
vn 0.0006 0.2011 -0.9796
vn 0.0261 0.2017 -0.9791
vn -0.1094 0.1905 -0.9756
vn 0.0755 0.1979 -0.9773
vn -0.1782 0.1188 -0.9768
vn 0.1268 0.1657 -0.9780
vn 0.1494 0.1351 -0.9795
vn -0.1934 0.0641 -0.9790
vn 0.1456 0.1246 -0.9815
vn -0.1829 0.0529 -0.9817
vn 0.2172 0.0075 -0.9761
vn -0.2209 0.0055 -0.9753
vn -0.1852 -0.0435 -0.9817
vn 0.1539 -0.1139 -0.9815
vn -0.1965 -0.0545 -0.9790
vn 0.1586 -0.1248 -0.9794
vn -0.1833 -0.1120 -0.9767
vn 0.1362 -0.1593 -0.9778
vn -0.1153 -0.1870 -0.9756
vn 0.0827 -0.1958 -0.9772
vn -0.0349 -0.2043 -0.9783
vn 0.0299 -0.2021 -0.9789
vn 0.0007 -0.2020 -0.9794
vn -0.1945 -0.3155 -0.9288
vn -0.3211 -0.1962 -0.9265
vn -0.5148 -0.8348 -0.1952
vn -0.8371 -0.5115 -0.1939
vn -0.7861 -0.4803 -0.3892
vn -0.4822 -0.7820 -0.3950
vn -0.5148 -0.8348 0.1952
vn -0.8371 -0.5115 0.1939
vn -0.4822 -0.7820 0.3950
vn -0.7861 -0.4803 0.3892
vn -0.3211 -0.1962 0.9265
vn -0.1946 -0.3155 0.9288
vn -0.3678 -0.1020 -0.9243
vn -0.9453 -0.2623 -0.1938
vn -0.8898 -0.2469 -0.3837
vn -0.9453 -0.2623 0.1938
vn -0.8898 -0.2469 0.3837
vn -0.3678 -0.1020 0.9243
vn -0.3723 -0.0874 -0.9240
vn -0.9546 -0.2240 -0.1962
vn -0.8994 -0.2110 -0.3829
vn -0.9546 -0.2240 0.1962
vn -0.8994 -0.2110 0.3829
vn -0.3723 -0.0874 0.9240
vn -0.3684 0.0092 -0.9296
vn -0.9803 0.0244 -0.1958
vn -0.9174 0.0229 -0.3972
vn -0.9803 0.0244 0.1958
vn -0.9174 0.0229 0.3972
vn -0.3684 0.0092 0.9296
vn -0.3674 0.1062 -0.9240
vn -0.9420 0.2722 -0.1961
vn -0.8875 0.2565 -0.3829
vn -0.9420 0.2722 0.1961
vn -0.8875 0.2565 0.3829
vn -0.3674 0.1062 0.9240
vn -0.3623 0.1202 -0.9243
vn -0.9312 0.3089 -0.1938
vn -0.8765 0.2907 -0.3837
vn -0.9312 0.3089 0.1938
vn -0.8765 0.2907 0.3837
vn -0.3623 0.1202 0.9243
vn -0.3134 0.2090 -0.9263
vn -0.8162 0.5443 -0.1938
vn -0.7666 0.5112 -0.3887
vn -0.8162 0.5443 0.1938
vn -0.7666 0.5112 0.3887
vn -0.3134 0.2090 0.9263
vn -0.1847 0.3214 -0.9287
vn -0.4887 0.8504 -0.1951
vn -0.4578 0.7966 -0.3949
vn -0.4887 0.8504 0.1951
vn -0.4578 0.7966 0.3949
vn -0.1847 0.3214 0.9287
vn -0.0571 0.3767 -0.9246
vn -0.1470 0.9700 -0.1936
vn -0.1383 0.9128 -0.3843
vn -0.1470 0.9700 0.1936
vn -0.1383 0.9128 0.3844
vn -0.0571 0.3767 0.9246
vn 0.0011 0.3822 -0.9241
vn 0.0027 0.9810 -0.1941
vn 0.0026 0.9237 -0.3831
vn 0.0027 0.9810 0.1941
vn 0.0026 0.9237 0.3831
vn 0.0011 0.3822 0.9241
vn 0.0490 0.3786 -0.9242
vn 0.1260 0.9729 -0.1938
vn 0.1186 0.9159 -0.3836
vn 0.1260 0.9729 0.1938
vn 0.1186 0.9159 0.3836
vn 0.0490 0.3786 0.9242
vn 0.1349 0.3535 -0.9256
vn 0.3498 0.9166 -0.1936
vn 0.3287 0.8615 -0.3870
vn 0.3498 0.9166 0.1936
vn 0.3287 0.8615 0.3870
vn 0.1349 0.3535 0.9256
vn 0.2310 0.3018 -0.9250
vn 0.5963 0.7791 -0.1935
vn 0.5609 0.7328 -0.3853
vn 0.5963 0.7791 0.1935
vn 0.5609 0.7328 0.3853
vn 0.2310 0.3018 0.9250
vn 0.2834 0.2564 -0.9241
vn 0.7275 0.6581 -0.1941
vn 0.6850 0.6196 -0.3832
vn 0.7275 0.6581 0.1941
vn 0.6850 0.6196 0.3832
vn 0.2834 0.2564 0.9241
vn 0.2906 0.2488 -0.9239
vn 0.7450 0.6376 -0.1958
vn 0.7019 0.6007 -0.3828
vn 0.7450 0.6376 0.1958
vn 0.7019 0.6007 0.3828
vn 0.2906 0.2487 0.9239
vn 0.3015 0.0104 -0.9534
vn 0.7301 0.6609 -0.1735
vn 0.6849 0.6200 -0.3827
vn 0.7301 0.6609 0.1735
vn 0.6849 0.6200 0.3827
vn 0.3015 0.0104 0.9534
vn 0.3075 -0.2276 -0.9239
vn 0.7738 -0.6092 -0.1735
vn 0.7882 -0.5835 -0.1959
vn 0.7425 -0.5497 -0.3828
vn 0.7259 -0.5715 -0.3827
vn 0.7738 -0.6092 0.1735
vn 0.7882 -0.5835 0.1959
vn 0.7259 -0.5715 0.3827
vn 0.7425 -0.5497 0.3828
vn 0.3075 -0.2276 0.9239
vn 0.3003 -0.2363 -0.9241
vn 0.7709 -0.6067 -0.1940
vn 0.7258 -0.5712 -0.3833
vn 0.7709 -0.6067 0.1940
vn 0.7258 -0.5712 0.3833
vn 0.3003 -0.2363 0.9241
vn 0.2467 -0.2885 -0.9252
vn 0.6376 -0.7457 -0.1935
vn 0.5996 -0.7012 -0.3858
vn 0.6376 -0.7457 0.1935
vn 0.5996 -0.7012 0.3858
vn 0.2467 -0.2885 0.9252
vn 0.1471 -0.3482 -0.9258
vn 0.3817 -0.9038 -0.1936
vn 0.3587 -0.8492 -0.3875
vn 0.3817 -0.9038 0.1936
vn 0.3587 -0.8492 0.3875
vn 0.1471 -0.3482 0.9258
vn 0.0558 -0.3775 -0.9243
vn 0.1434 -0.9705 -0.1937
vn 0.1349 -0.9135 -0.3838
vn 0.1434 -0.9705 0.1937
vn 0.1349 -0.9135 0.3838
vn 0.0558 -0.3775 0.9243
vn 0.0013 -0.3821 -0.9241
vn 0.0033 -0.9810 -0.1940
vn 0.0031 -0.9236 -0.3833
vn 0.0033 -0.9810 0.1940
vn 0.0031 -0.9236 0.3833
vn 0.0013 -0.3821 0.9241
vn -0.0641 -0.3752 -0.9247
vn -0.1653 -0.9671 -0.1936
vn -0.1555 -0.9098 -0.3847
vn -0.1653 -0.9671 0.1936
vn -0.1555 -0.9098 0.3847
vn -0.0641 -0.3752 0.9247
vt 0.391304 0.000000
vt 0.478261 0.000000
vt 0.434783 0.000000
vt 0.347826 0.000000
vt 0.521739 0.000000
vt 0.304348 0.000000
vt 0.565217 0.000000
vt 0.608696 0.000000
vt 0.260870 0.000000
vt 0.652174 0.000000
vt 0.217391 0.000000
vt 0.695652 0.000000
vt 0.173913 0.000000
vt 0.130435 0.000000
vt 0.739130 0.000000
vt 0.086957 0.000000
vt 0.782609 0.000000
vt 0.043478 0.000000
vt 0.826087 0.000000
vt 0.000000 0.000000
vt 0.869565 0.000000
vt 1.000000 0.000000
vt 0.913043 0.000000
vt 0.956522 0.000000
vt 0.000000 0.200000
vt 0.041667 0.200000
vt 0.041667 0.000000
vt 0.000000 0.400000
vt 0.041667 0.400000
vt 0.000000 0.600000
vt 0.041667 0.600000
vt 0.000000 0.800000
vt 0.041667 0.800000
vt 0.000000 1.000000
vt 0.041667 1.000000
vt 0.083333 0.200000
vt 0.083333 0.000000
vt 0.083333 0.400000
vt 0.083333 0.600000
vt 0.083333 0.800000
vt 0.083333 1.000000
vt 0.125000 0.200000
vt 0.125000 0.000000
vt 0.125000 0.400000
vt 0.125000 0.600000
vt 0.125000 0.800000
vt 0.125000 1.000000
vt 0.166667 0.200000
vt 0.166667 0.000000
vt 0.166667 0.400000
vt 0.166667 0.600000
vt 0.166667 0.800000
vt 0.166667 1.000000
vt 0.208333 0.200000
vt 0.208333 0.000000
vt 0.208333 0.400000
vt 0.208333 0.600000
vt 0.208333 0.800000
vt 0.208333 1.000000
vt 0.250000 0.200000
vt 0.250000 0.000000
vt 0.250000 0.400000
vt 0.250000 0.600000
vt 0.250000 0.800000
vt 0.250000 1.000000
vt 0.291667 0.200000
vt 0.291667 0.000000
vt 0.291667 0.400000
vt 0.291667 0.600000
vt 0.291667 0.800000
vt 0.291667 1.000000
vt 0.333333 0.200000
vt 0.333333 0.000000
vt 0.333333 0.400000
vt 0.333333 0.600000
vt 0.333333 0.800000
vt 0.333333 1.000000
vt 0.375000 0.200000
vt 0.375000 0.000000
vt 0.375000 0.400000
vt 0.375000 0.600000
vt 0.375000 0.800000
vt 0.375000 1.000000
vt 0.416667 0.200000
vt 0.416667 0.000000
vt 0.416667 0.400000
vt 0.416667 0.600000
vt 0.416667 0.800000
vt 0.416667 1.000000
vt 0.458333 0.200000
vt 0.458333 0.000000
vt 0.458333 0.400000
vt 0.458333 0.600000
vt 0.458333 0.800000
vt 0.458333 1.000000
vt 0.500000 0.200000
vt 0.500000 0.000000
vt 0.500000 0.400000
vt 0.500000 0.600000
vt 0.500000 0.800000
vt 0.500000 1.000000
vt 0.541667 0.200000
vt 0.541667 0.000000
vt 0.541667 0.400000
vt 0.541667 0.600000
vt 0.541667 0.800000
vt 0.541667 1.000000
vt 0.583333 0.200000
vt 0.583333 0.000000
vt 0.583333 0.400000
vt 0.583333 0.600000
vt 0.583333 0.800000
vt 0.583333 1.000000
vt 0.625000 0.200000
vt 0.625000 0.000000
vt 0.625000 0.400000
vt 0.625000 0.600000
vt 0.625000 0.800000
vt 0.625000 1.000000
vt 0.666667 0.200000
vt 0.666667 0.000000
vt 0.666667 0.400000
vt 0.666667 0.600000
vt 0.666667 0.800000
vt 0.666667 1.000000
vt 0.708333 0.200000
vt 0.708333 0.000000
vt 0.708333 0.400000
vt 0.708333 0.600000
vt 0.708333 0.800000
vt 0.708333 1.000000
vt 0.750000 0.200000
vt 0.750000 0.000000
vt 0.750000 0.400000
vt 0.750000 0.600000
vt 0.750000 0.800000
vt 0.750000 1.000000
vt 0.791667 0.200000
vt 0.791667 0.000000
vt 0.791667 0.400000
vt 0.791667 0.600000
vt 0.791667 0.800000
vt 0.791667 1.000000
vt 0.833333 0.200000
vt 0.833333 0.000000
vt 0.833333 0.400000
vt 0.833333 0.600000
vt 0.833333 0.800000
vt 0.833333 1.000000
vt 0.875000 0.200000
vt 0.875000 0.000000
vt 0.875000 0.400000
vt 0.875000 0.600000
vt 0.875000 0.800000
vt 0.875000 1.000000
vt 0.916667 0.200000
vt 0.916667 0.000000
vt 0.916667 0.400000
vt 0.916667 0.600000
vt 0.916667 0.800000
vt 0.916667 1.000000
vt 0.958333 0.200000
vt 0.958333 0.000000
vt 0.958333 0.400000
vt 0.958333 0.600000
vt 0.958333 0.800000
vt 0.958333 1.000000
vt 1.000000 0.200000
vt 1.000000 0.400000
vt 1.000000 0.600000
vt 1.000000 0.800000
vt 1.000000 1.000000
s 1
usemtl Gold_|_dark_grille
f 4182/4501/5075 4184/4502/5076 4183/4503/5077
f 4181/4504/5078 4184/4502/5076 4182/4501/5075
f 4181/4504/5078 4185/4505/5079 4184/4502/5076
f 4180/4506/5080 4185/4505/5079 4181/4504/5078
f 4180/4506/5080 4186/4507/5081 4185/4505/5079
f 4180/4506/5080 4187/4508/5082 4186/4507/5081
f 4179/4509/5083 4187/4508/5082 4180/4506/5080
f 4179/4509/5083 4188/4510/5084 4187/4508/5082
f 4178/4511/5085 4188/4510/5084 4179/4509/5083
f 4178/4511/5085 4189/4512/5086 4188/4510/5084
f 4177/4513/5087 4189/4512/5086 4178/4511/5085
f 4176/4514/5088 4189/4512/5086 4177/4513/5087
f 4176/4514/5088 4190/4515/5089 4189/4512/5086
f 4175/4516/5090 4190/4515/5089 4176/4514/5088
f 4175/4516/5090 4191/4517/5091 4190/4515/5089
f 4174/4518/5092 4191/4517/5091 4175/4516/5090
f 4174/4518/5092 4192/4519/5093 4191/4517/5091
f 4173/4520/5094 4192/4519/5093 4174/4518/5092
f 4173/4520/5094 4193/4521/5095 4192/4519/5093
f 4196/4522/5096 4193/4521/5095 4173/4520/5094
f 4196/4522/5096 4194/4523/5097 4193/4521/5095
f 4196/4522/5096 4195/4524/5098 4194/4523/5097
f 4206/4501/5099 4207/4503/5100 4208/4502/5101
f 4205/4504/5102 4206/4501/5099 4208/4502/5101
f 4205/4504/5102 4208/4502/5101 4209/4505/5103
f 4204/4506/5104 4205/4504/5102 4209/4505/5103
f 4204/4506/5104 4209/4505/5103 4210/4507/5105
f 4204/4506/5104 4210/4507/5105 4211/4508/5106
f 4203/4509/5107 4204/4506/5104 4211/4508/5106
f 4203/4509/5107 4211/4508/5106 4212/4510/5108
f 4202/4511/5109 4203/4509/5107 4212/4510/5108
f 4202/4511/5109 4212/4510/5108 4213/4512/5110
f 4201/4513/5111 4202/4511/5109 4213/4512/5110
f 4200/4514/5112 4201/4513/5111 4213/4512/5110
f 4200/4514/5112 4213/4512/5110 4214/4515/5113
f 4199/4516/5114 4200/4514/5112 4214/4515/5113
f 4199/4516/5114 4214/4515/5113 4215/4517/5115
f 4198/4518/5116 4199/4516/5114 4215/4517/5115
f 4198/4518/5116 4215/4517/5115 4216/4519/5117
f 4197/4520/5118 4198/4518/5116 4216/4519/5117
f 4197/4520/5118 4216/4519/5117 4217/4521/5119
f 4220/4522/5120 4197/4520/5118 4217/4521/5119
f 4220/4522/5120 4217/4521/5119 4218/4523/5121
f 4220/4522/5120 4218/4523/5121 4219/4524/5122
f 4221/4525/5123 4225/4526/5124 4198/4527/5116 4197/4520/5118
f 4222/4528/5125 4226/4529/5126 4225/4526/5127 4221/4525/5128
f 4223/4530/5129 4227/4531/5130 4226/4529/5126 4222/4528/5125
f 4224/4532/5131 4228/4533/5132 4227/4531/5130 4223/4530/5129
f 4173/4534/5094 4174/4535/5092 4228/4533/5133 4224/4532/5134
f 4225/4526/5124 4229/4536/5135 4199/4537/5114 4198/4527/5116
f 4226/4529/5126 4230/4538/5136 4229/4536/5137 4225/4526/5127
f 4227/4531/5130 4231/4539/5138 4230/4538/5136 4226/4529/5126
f 4228/4533/5132 4232/4540/5139 4231/4539/5138 4227/4531/5130
f 4174/4535/5092 4175/4541/5090 4232/4540/5140 4228/4533/5133
f 4229/4536/5135 4233/4542/5141 4200/4543/5112 4199/4537/5114
f 4230/4538/5136 4234/4544/5142 4233/4542/5143 4229/4536/5137
f 4231/4539/5138 4235/4545/5144 4234/4544/5142 4230/4538/5136
f 4232/4540/5139 4236/4546/5145 4235/4545/5144 4231/4539/5138
f 4175/4541/5090 4176/4547/5088 4236/4546/5146 4232/4540/5140
f 4233/4542/5141 4237/4548/5147 4201/4549/5111 4200/4543/5112
f 4234/4544/5142 4238/4550/5148 4237/4548/5149 4233/4542/5143
f 4235/4545/5144 4239/4551/5150 4238/4550/5148 4234/4544/5142
f 4236/4546/5145 4240/4552/5151 4239/4551/5150 4235/4545/5144
f 4176/4547/5088 4177/4553/5087 4240/4552/5152 4236/4546/5146
f 4237/4548/5147 4241/4554/5153 4202/4555/5109 4201/4549/5111
f 4238/4550/5148 4242/4556/5154 4241/4554/5155 4237/4548/5149
f 4239/4551/5150 4243/4557/5156 4242/4556/5154 4238/4550/5148
f 4240/4552/5151 4244/4558/5157 4243/4557/5156 4239/4551/5150
f 4177/4553/5087 4178/4559/5085 4244/4558/5158 4240/4552/5152
f 4241/4554/5153 4245/4560/5159 4203/4561/5107 4202/4555/5109
f 4242/4556/5154 4246/4562/5160 4245/4560/5161 4241/4554/5155
f 4243/4557/5156 4247/4563/5162 4246/4562/5160 4242/4556/5154
f 4244/4558/5157 4248/4564/5163 4247/4563/5162 4243/4557/5156
f 4178/4559/5085 4179/4565/5083 4248/4564/5164 4244/4558/5158
f 4245/4560/5159 4249/4566/5165 4204/4567/5104 4203/4561/5107
f 4246/4562/5160 4250/4568/5166 4249/4566/5167 4245/4560/5161
f 4247/4563/5162 4251/4569/5168 4250/4568/5166 4246/4562/5160
f 4248/4564/5163 4252/4570/5169 4251/4569/5168 4247/4563/5162
f 4179/4565/5083 4180/4571/5080 4252/4570/5170 4248/4564/5164
f 4249/4566/5165 4253/4572/5171 4205/4573/5102 4204/4567/5104
f 4250/4568/5166 4254/4574/5172 4253/4572/5173 4249/4566/5167
f 4251/4569/5168 4255/4575/5174 4254/4574/5172 4250/4568/5166
f 4252/4570/5169 4256/4576/5175 4255/4575/5174 4251/4569/5168
f 4180/4571/5080 4181/4577/5078 4256/4576/5176 4252/4570/5170
f 4253/4572/5171 4257/4578/5177 4206/4579/5099 4205/4573/5102
f 4254/4574/5172 4258/4580/5178 4257/4578/5179 4253/4572/5173
f 4255/4575/5174 4259/4581/5180 4258/4580/5178 4254/4574/5172
f 4256/4576/5175 4260/4582/5181 4259/4581/5180 4255/4575/5174
f 4181/4577/5078 4182/4583/5075 4260/4582/5182 4256/4576/5176
f 4257/4578/5177 4261/4584/5183 4207/4585/5100 4206/4579/5099
f 4258/4580/5178 4262/4586/5184 4261/4584/5185 4257/4578/5179
f 4259/4581/5180 4263/4587/5186 4262/4586/5184 4258/4580/5178
f 4260/4582/5181 4264/4588/5187 4263/4587/5186 4259/4581/5180
f 4182/4583/5075 4183/4589/5077 4264/4588/5188 4260/4582/5182
f 4261/4584/5183 4265/4590/5189 4208/4591/5101 4207/4585/5100
f 4262/4586/5184 4266/4592/5190 4265/4590/5191 4261/4584/5185
f 4263/4587/5186 4267/4593/5192 4266/4592/5190 4262/4586/5184
f 4264/4588/5187 4268/4594/5193 4267/4593/5192 4263/4587/5186
f 4183/4589/5077 4184/4595/5076 4268/4594/5194 4264/4588/5188
f 4265/4590/5189 4269/4596/5195 4209/4597/5103 4208/4591/5101
f 4266/4592/5190 4270/4598/5196 4269/4596/5197 4265/4590/5191
f 4267/4593/5192 4271/4599/5198 4270/4598/5196 4266/4592/5190
f 4268/4594/5193 4272/4600/5199 4271/4599/5198 4267/4593/5192
f 4184/4595/5076 4185/4601/5079 4272/4600/5200 4268/4594/5194
f 4269/4596/5195 4273/4602/5201 4210/4603/5105 4209/4597/5103
f 4270/4598/5196 4274/4604/5202 4273/4602/5203 4269/4596/5197
f 4271/4599/5198 4275/4605/5204 4274/4604/5202 4270/4598/5196
f 4272/4600/5199 4276/4606/5205 4275/4605/5204 4271/4599/5198
f 4185/4601/5079 4186/4607/5081 4276/4606/5206 4272/4600/5200
f 4273/4602/5201 4277/4608/5207 4211/4609/5106 4210/4603/5105
f 4274/4604/5202 4278/4610/5208 4277/4608/5209 4273/4602/5203
f 4275/4605/5204 4279/4611/5210 4278/4610/5208 4274/4604/5202
f 4276/4606/5205 4280/4612/5211 4279/4611/5210 4275/4605/5204
f 4186/4607/5081 4187/4613/5082 4280/4612/5212 4276/4606/5206
f 4277/4608/5207 4281/4614/5213 4212/4615/5108 4211/4609/5106
f 4278/4610/5208 4282/4616/5214 4281/4614/5215 4277/4608/5209
f 4279/4611/5210 4283/4617/5216 4282/4616/5214 4278/4610/5208
f 4280/4612/5211 4284/4618/5217 4283/4617/5216 4279/4611/5210
f 4187/4613/5082 4188/4619/5084 4284/4618/5218 4280/4612/5212
f 4281/4614/5213 4285/4620/5219 4213/4621/5110 4212/4615/5108
f 4282/4616/5214 4286/4622/5220 4285/4620/5221 4281/4614/5215
f 4283/4617/5216 4287/4623/5222 4286/4622/5220 4282/4616/5214
f 4284/4618/5217 4288/4624/5223 4287/4623/5222 4283/4617/5216
f 4188/4619/5084 4189/4625/5086 4288/4624/5224 4284/4618/5218
f 4285/4620/5219 4289/4626/5225 4214/4627/5113 4213/4621/5110
f 4286/4622/5226 4290/4628/5227 4289/4626/5228 4285/4620/5229
f 4287/4623/5230 4291/4629/5231 4290/4628/5227 4286/4622/5226
f 4288/4624/5232 4292/4630/5233 4291/4629/5231 4287/4623/5230
f 4189/4625/5086 4190/4631/5089 4292/4630/5234 4288/4624/5224
f 4289/4626/5225 4293/4632/5235 4215/4633/5115 4214/4627/5113
f 4290/4628/5227 4294/4634/5236 4293/4632/5237 4289/4626/5228
f 4291/4629/5231 4295/4635/5238 4294/4634/5236 4290/4628/5227
f 4292/4630/5233 4296/4636/5239 4295/4635/5238 4291/4629/5231
f 4190/4631/5089 4191/4637/5091 4296/4636/5240 4292/4630/5234
f 4293/4632/5235 4297/4638/5241 4216/4639/5117 4215/4633/5115
f 4294/4634/5236 4298/4640/5242 4297/4638/5243 4293/4632/5237
f 4295/4635/5238 4299/4641/5244 4298/4640/5242 4294/4634/5236
f 4296/4636/5239 4300/4642/5245 4299/4641/5244 4295/4635/5238
f 4191/4637/5091 4192/4643/5093 4300/4642/5246 4296/4636/5240
f 4297/4638/5241 4301/4644/5247 4217/4645/5119 4216/4639/5117
f 4298/4640/5242 4302/4646/5248 4301/4644/5249 4297/4638/5243
f 4299/4641/5244 4303/4647/5250 4302/4646/5248 4298/4640/5242
f 4300/4642/5245 4304/4648/5251 4303/4647/5250 4299/4641/5244
f 4192/4643/5093 4193/4649/5095 4304/4648/5252 4300/4642/5246
f 4301/4644/5247 4305/4650/5253 4218/4651/5121 4217/4645/5119
f 4302/4646/5248 4306/4652/5254 4305/4650/5255 4301/4644/5249
f 4303/4647/5250 4307/4653/5256 4306/4652/5254 4302/4646/5248
f 4304/4648/5251 4308/4654/5257 4307/4653/5256 4303/4647/5250
f 4193/4649/5095 4194/4655/5097 4308/4654/5258 4304/4648/5252
f 4305/4650/5253 4309/4656/5259 4219/4657/5122 4218/4651/5121
f 4306/4652/5254 4310/4658/5260 4309/4656/5261 4305/4650/5255
f 4307/4653/5256 4311/4659/5262 4310/4658/5260 4306/4652/5254
f 4308/4654/5257 4312/4660/5263 4311/4659/5262 4307/4653/5256
f 4194/4655/5097 4195/4661/5098 4312/4660/5264 4308/4654/5258
f 4309/4656/5259 4313/4662/5265 4220/4663/5120 4219/4657/5122
f 4310/4658/5260 4314/4664/5266 4313/4662/5267 4309/4656/5261
f 4311/4659/5262 4315/4665/5268 4314/4664/5266 4310/4658/5260
f 4312/4660/5263 4316/4666/5269 4315/4665/5268 4311/4659/5262
f 4195/4661/5098 4196/4667/5096 4316/4666/5270 4312/4660/5264
f 4313/4662/5265 4221/4668/5123 4197/4522/5118 4220/4663/5120
f 4314/4664/5266 4222/4669/5125 4221/4668/5128 4313/4662/5267
f 4315/4665/5268 4223/4670/5129 4222/4669/5125 4314/4664/5266
f 4316/4666/5269 4224/4671/5131 4223/4670/5129 4315/4665/5268
f 4196/4667/5096 4173/4672/5094 4224/4671/5134 4316/4666/5270
o Vent_|_right_bar_1
v 0.078462 0.082704 0.026964
v 0.078462 0.082704 0.027836
v 0.078462 0.081949 0.028272
v 0.078462 0.081194 0.027836
v 0.078462 0.081194 0.026964
v 0.078462 0.081949 0.026528
v 0.004359 0.082704 0.026964
v 0.004359 0.082704 0.027836
v 0.004359 0.081949 0.028272
v 0.004359 0.081194 0.027836
v 0.004359 0.081194 0.026964
v 0.004359 0.081949 0.026528
v 0.030000 0.082704 0.026964
v 0.030000 0.082704 0.027836
v 0.030000 0.081949 0.028272
v 0.030000 0.081194 0.027836
v 0.030000 0.081194 0.026964
v 0.030000 0.081949 0.026528
v 0.052821 0.082704 0.026964
v 0.052821 0.082704 0.027836
v 0.052821 0.081949 0.028272
v 0.052821 0.081194 0.027836
v 0.052821 0.081194 0.026964
v 0.052821 0.081949 0.026528
vn 1.0000 -0.0000 -0.0000
vn -1.0000 -0.0000 -0.0000
vn -0.0000 0.5000 -0.8660
vn -0.0000 -0.0000 -1.0000
vn -0.0000 1.0000 -0.0000
vn -0.0000 0.8660 0.5000
vn -0.0000 -0.0000 1.0000
vn -0.0000 0.5000 0.8660
vn -0.0000 -0.5000 0.8660
vn -0.0000 -0.8660 0.5000
vn -0.0000 -1.0000 -0.0000
vn -0.0000 -0.5000 -0.8660
vt 1.000000 0.000000
vt 0.600000 0.000000
vt 0.800000 0.000000
vt 0.400000 0.000000
vt 0.000000 0.000000
vt 0.200000 0.000000
vt 0.000000 1.000000
vt 0.333333 1.000000
vt 0.333333 0.833333
vt 0.000000 0.833333
vt 0.000000 0.166667
vt 0.333333 0.166667
vt 0.333333 0.000000
vt 0.000000 0.333333
vt 0.333333 0.333333
vt 0.000000 0.500000
vt 0.333333 0.500000
vt 0.000000 0.666667
vt 0.333333 0.666667
vt 0.666667 1.000000
vt 0.666667 0.833333
vt 0.666667 0.166667
vt 0.666667 0.000000
vt 0.666667 0.333333
vt 0.666667 0.500000
vt 0.666667 0.666667
vt 1.000000 1.000000
vt 1.000000 0.833333
vt 1.000000 0.166667
vt 1.000000 0.333333
vt 1.000000 0.500000
vt 1.000000 0.666667
s 1
usemtl Gold_|_polished_trim
f 4322/4673/5271 4320/4674/5271 4321/4675/5271
f 4322/4673/5271 4319/4676/5271 4320/4674/5271
f 4317/4677/5271 4319/4676/5271 4322/4673/5271
f 4317/4677/5271 4318/4678/5271 4319/4676/5271
f 4325/4676/5272 4327/4675/5272 4326/4674/5272
f 4325/4676/5272 4328/4673/5272 4327/4675/5272
f 4324/4678/5272 4328/4673/5272 4325/4676/5272
f 4324/4678/5272 4323/4677/5272 4328/4673/5272
f 4323/4679/5273 4329/4680/5273 4334/4681/5274 4328/4682/5274
f 4324/4683/5275 4330/4684/5276 4329/4685/5275 4323/4677/5275
f 4325/4686/5277 4331/4687/5277 4330/4684/5276 4324/4683/5278
f 4326/4688/5279 4332/4689/5280 4331/4687/5277 4325/4686/5277
f 4327/4690/5281 4333/4691/5281 4332/4689/5280 4326/4688/5281
f 4328/4682/5274 4334/4681/5274 4333/4691/5282 4327/4690/5282
f 4329/4680/5273 4335/4692/5273 4340/4693/5274 4334/4681/5274
f 4330/4684/5276 4336/4694/5276 4335/4695/5275 4329/4685/5275
f 4331/4687/5277 4337/4696/5277 4336/4694/5276 4330/4684/5276
f 4332/4689/5280 4338/4697/5280 4337/4696/5277 4331/4687/5277
f 4333/4691/5281 4339/4698/5281 4338/4697/5280 4332/4689/5280
f 4334/4681/5274 4340/4693/5274 4339/4698/5282 4333/4691/5282
f 4335/4692/5273 4317/4699/5273 4322/4700/5274 4340/4693/5274
f 4336/4694/5276 4318/4701/5275 4317/4673/5275 4335/4695/5275
f 4337/4696/5277 4319/4702/5277 4318/4701/5278 4336/4694/5276
f 4338/4697/5280 4320/4703/5279 4319/4702/5277 4337/4696/5277
f 4339/4698/5281 4321/4704/5281 4320/4703/5281 4338/4697/5280
f 4340/4693/5274 4322/4700/5274 4321/4704/5282 4339/4698/5282
o Vent_|_right_bar_2
v 0.078462 0.080088 0.026964
v 0.078462 0.080088 0.027836
v 0.078462 0.079333 0.028272
v 0.078462 0.078578 0.027836
v 0.078462 0.078578 0.026964
v 0.078462 0.079333 0.026528
v 0.004359 0.080088 0.026964
v 0.004359 0.080088 0.027836
v 0.004359 0.079333 0.028272
v 0.004359 0.078578 0.027836
v 0.004359 0.078578 0.026964
v 0.004359 0.079333 0.026528
v 0.030000 0.080088 0.026964
v 0.030000 0.080088 0.027836
v 0.030000 0.079333 0.028272
v 0.030000 0.078578 0.027836
v 0.030000 0.078578 0.026964
v 0.030000 0.079333 0.026528
v 0.052821 0.080088 0.026964
v 0.052821 0.080088 0.027836
v 0.052821 0.079333 0.028272
v 0.052821 0.078578 0.027836
v 0.052821 0.078578 0.026964
v 0.052821 0.079333 0.026528
vn 1.0000 -0.0000 -0.0000
vn -1.0000 -0.0000 -0.0000
vn -0.0000 0.5000 -0.8660
vn -0.0000 -0.0000 -1.0000
vn -0.0000 1.0000 -0.0000
vn -0.0000 0.8660 0.5000
vn -0.0000 -0.0000 1.0000
vn -0.0000 0.5000 0.8660
vn -0.0000 -0.5000 0.8660
vn -0.0000 -0.8660 0.5000
vn -0.0000 -1.0000 -0.0000
vn -0.0000 -0.5000 -0.8660
vt 1.000000 0.000000
vt 0.600000 0.000000
vt 0.800000 0.000000
vt 0.400000 0.000000
vt 0.000000 0.000000
vt 0.200000 0.000000
vt 0.000000 1.000000
vt 0.333333 1.000000
vt 0.333333 0.833333
vt 0.000000 0.833333
vt 0.000000 0.166667
vt 0.333333 0.166667
vt 0.333333 0.000000
vt 0.000000 0.333333
vt 0.333333 0.333333
vt 0.000000 0.500000
vt 0.333333 0.500000
vt 0.000000 0.666667
vt 0.333333 0.666667
vt 0.666667 1.000000
vt 0.666667 0.833333
vt 0.666667 0.166667
vt 0.666667 0.000000
vt 0.666667 0.333333
vt 0.666667 0.500000
vt 0.666667 0.666667
vt 1.000000 1.000000
vt 1.000000 0.833333
vt 1.000000 0.166667
vt 1.000000 0.333333
vt 1.000000 0.500000
vt 1.000000 0.666667
s 1
usemtl Gold_|_polished_trim
f 4346/4705/5283 4344/4706/5283 4345/4707/5283
f 4346/4705/5283 4343/4708/5283 4344/4706/5283
f 4341/4709/5283 4343/4708/5283 4346/4705/5283
f 4341/4709/5283 4342/4710/5283 4343/4708/5283
f 4349/4708/5284 4351/4707/5284 4350/4706/5284
f 4349/4708/5284 4352/4705/5284 4351/4707/5284
f 4348/4710/5284 4352/4705/5284 4349/4708/5284
f 4348/4710/5284 4347/4709/5284 4352/4705/5284
f 4347/4711/5285 4353/4712/5285 4358/4713/5286 4352/4714/5286
f 4348/4715/5287 4354/4716/5288 4353/4717/5287 4347/4709/5287
f 4349/4718/5289 4355/4719/5289 4354/4716/5288 4348/4715/5290
f 4350/4720/5291 4356/4721/5292 4355/4719/5289 4349/4718/5289
f 4351/4722/5293 4357/4723/5293 4356/4721/5292 4350/4720/5293
f 4352/4714/5286 4358/4713/5286 4357/4723/5294 4351/4722/5294
f 4353/4712/5285 4359/4724/5285 4364/4725/5286 4358/4713/5286
f 4354/4716/5288 4360/4726/5288 4359/4727/5287 4353/4717/5287
f 4355/4719/5289 4361/4728/5289 4360/4726/5288 4354/4716/5288
f 4356/4721/5292 4362/4729/5292 4361/4728/5289 4355/4719/5289
f 4357/4723/5293 4363/4730/5293 4362/4729/5292 4356/4721/5292
f 4358/4713/5286 4364/4725/5286 4363/4730/5294 4357/4723/5294
f 4359/4724/5285 4341/4731/5285 4346/4732/5286 4364/4725/5286
f 4360/4726/5288 4342/4733/5287 4341/4705/5287 4359/4727/5287
f 4361/4728/5289 4343/4734/5289 4342/4733/5290 4360/4726/5288
f 4362/4729/5292 4344/4735/5291 4343/4734/5289 4361/4728/5289
f 4363/4730/5293 4345/4736/5293 4344/4735/5293 4362/4729/5292
f 4364/4725/5286 4346/4732/5286 4345/4736/5294 4363/4730/5294
o Vent_|_right_bar_3
v 0.078462 0.077473 0.026964
v 0.078462 0.077473 0.027836
v 0.078462 0.076718 0.028272
v 0.078462 0.075963 0.027836
v 0.078462 0.075963 0.026964
v 0.078462 0.076718 0.026528
v 0.004359 0.077473 0.026964
v 0.004359 0.077473 0.027836
v 0.004359 0.076718 0.028272
v 0.004359 0.075963 0.027836
v 0.004359 0.075963 0.026964
v 0.004359 0.076718 0.026528
v 0.030000 0.077473 0.026964
v 0.030000 0.077473 0.027836
v 0.030000 0.076718 0.028272
v 0.030000 0.075963 0.027836
v 0.030000 0.075963 0.026964
v 0.030000 0.076718 0.026528
v 0.052821 0.077473 0.026964
v 0.052821 0.077473 0.027836
v 0.052821 0.076718 0.028272
v 0.052821 0.075963 0.027836
v 0.052821 0.075963 0.026964
v 0.052821 0.076718 0.026528
vn 1.0000 -0.0000 -0.0000
vn -1.0000 -0.0000 -0.0000
vn -0.0000 0.5000 -0.8660
vn -0.0000 -0.0000 -1.0000
vn -0.0000 1.0000 -0.0000
vn -0.0000 0.8660 0.5000
vn -0.0000 -0.0000 1.0000
vn -0.0000 0.5000 0.8660
vn -0.0000 -0.5000 0.8660
vn -0.0000 -0.8660 0.5000
vn -0.0000 -1.0000 -0.0000
vn -0.0000 -0.5000 -0.8660
vt 1.000000 0.000000
vt 0.600000 0.000000
vt 0.800000 0.000000
vt 0.400000 0.000000
vt 0.000000 0.000000
vt 0.200000 0.000000
vt 0.000000 1.000000
vt 0.333333 1.000000
vt 0.333333 0.833333
vt 0.000000 0.833333
vt 0.000000 0.166667
vt 0.333333 0.166667
vt 0.333333 0.000000
vt 0.000000 0.333333
vt 0.333333 0.333333
vt 0.000000 0.500000
vt 0.333333 0.500000
vt 0.000000 0.666667
vt 0.333333 0.666667
vt 0.666667 1.000000
vt 0.666667 0.833333
vt 0.666667 0.166667
vt 0.666667 0.000000
vt 0.666667 0.333333
vt 0.666667 0.500000
vt 0.666667 0.666667
vt 1.000000 1.000000
vt 1.000000 0.833333
vt 1.000000 0.166667
vt 1.000000 0.333333
vt 1.000000 0.500000
vt 1.000000 0.666667
s 1
usemtl Gold_|_polished_trim
f 4370/4737/5295 4368/4738/5295 4369/4739/5295
f 4370/4737/5295 4367/4740/5295 4368/4738/5295
f 4365/4741/5295 4367/4740/5295 4370/4737/5295
f 4365/4741/5295 4366/4742/5295 4367/4740/5295
f 4373/4740/5296 4375/4739/5296 4374/4738/5296
f 4373/4740/5296 4376/4737/5296 4375/4739/5296
f 4372/4742/5296 4376/4737/5296 4373/4740/5296
f 4372/4742/5296 4371/4741/5296 4376/4737/5296
f 4371/4743/5297 4377/4744/5297 4382/4745/5298 4376/4746/5298
f 4372/4747/5299 4378/4748/5300 4377/4749/5299 4371/4741/5299
f 4373/4750/5301 4379/4751/5301 4378/4748/5300 4372/4747/5302
f 4374/4752/5303 4380/4753/5304 4379/4751/5301 4373/4750/5301
f 4375/4754/5305 4381/4755/5305 4380/4753/5304 4374/4752/5305
f 4376/4746/5298 4382/4745/5298 4381/4755/5306 4375/4754/5306
f 4377/4744/5297 4383/4756/5297 4388/4757/5298 4382/4745/5298
f 4378/4748/5300 4384/4758/5300 4383/4759/5299 4377/4749/5299
f 4379/4751/5301 4385/4760/5301 4384/4758/5300 4378/4748/5300
f 4380/4753/5304 4386/4761/5304 4385/4760/5301 4379/4751/5301
f 4381/4755/5305 4387/4762/5305 4386/4761/5304 4380/4753/5304
f 4382/4745/5298 4388/4757/5298 4387/4762/5306 4381/4755/5306
f 4383/4756/5297 4365/4763/5297 4370/4764/5298 4388/4757/5298
f 4384/4758/5300 4366/4765/5299 4365/4737/5299 4383/4759/5299
f 4385/4760/5301 4367/4766/5301 4366/4765/5302 4384/4758/5300
f 4386/4761/5304 4368/4767/5303 4367/4766/5301 4385/4760/5301
f 4387/4762/5305 4369/4768/5305 4368/4767/5305 4386/4761/5304
f 4388/4757/5298 4370/4764/5298 4369/4768/5306 4387/4762/5306
o Vent_|_right_bar_4
v 0.078462 0.074858 0.026964
v 0.078462 0.074858 0.027836
v 0.078462 0.074103 0.028272
v 0.078462 0.073348 0.027836
v 0.078462 0.073348 0.026964
v 0.078462 0.074103 0.026528
v 0.004359 0.074858 0.026964
v 0.004359 0.074858 0.027836
v 0.004359 0.074103 0.028272
v 0.004359 0.073348 0.027836
v 0.004359 0.073348 0.026964
v 0.004359 0.074103 0.026528
v 0.030000 0.074858 0.026964
v 0.030000 0.074858 0.027836
v 0.030000 0.074103 0.028272
v 0.030000 0.073348 0.027836
v 0.030000 0.073348 0.026964
v 0.030000 0.074103 0.026528
v 0.052821 0.074858 0.026964
v 0.052821 0.074858 0.027836
v 0.052821 0.074103 0.028272
v 0.052821 0.073348 0.027836
v 0.052821 0.073348 0.026964
v 0.052821 0.074103 0.026528
vn 1.0000 -0.0000 -0.0000
vn -1.0000 -0.0000 -0.0000
vn -0.0000 0.5000 -0.8660
vn -0.0000 -0.0000 -1.0000
vn -0.0000 1.0000 -0.0000
vn -0.0000 0.8660 0.5000
vn -0.0000 -0.0000 1.0000
vn -0.0000 0.5000 0.8660
vn -0.0000 -0.5000 0.8660
vn -0.0000 -0.8660 0.5000
vn -0.0000 -1.0000 -0.0000
vn -0.0000 -0.5000 -0.8660
vt 1.000000 0.000000
vt 0.600000 0.000000
vt 0.800000 0.000000
vt 0.400000 0.000000
vt 0.000000 0.000000
vt 0.200000 0.000000
vt 0.000000 1.000000
vt 0.333333 1.000000
vt 0.333333 0.833333
vt 0.000000 0.833333
vt 0.000000 0.166667
vt 0.333333 0.166667
vt 0.333333 0.000000
vt 0.000000 0.333333
vt 0.333333 0.333333
vt 0.000000 0.500000
vt 0.333333 0.500000
vt 0.000000 0.666667
vt 0.333333 0.666667
vt 0.666667 1.000000
vt 0.666667 0.833333
vt 0.666667 0.166667
vt 0.666667 0.000000
vt 0.666667 0.333333
vt 0.666667 0.500000
vt 0.666667 0.666667
vt 1.000000 1.000000
vt 1.000000 0.833333
vt 1.000000 0.166667
vt 1.000000 0.333333
vt 1.000000 0.500000
vt 1.000000 0.666667
s 1
usemtl Gold_|_polished_trim
f 4394/4769/5307 4392/4770/5307 4393/4771/5307
f 4394/4769/5307 4391/4772/5307 4392/4770/5307
f 4389/4773/5307 4391/4772/5307 4394/4769/5307
f 4389/4773/5307 4390/4774/5307 4391/4772/5307
f 4397/4772/5308 4399/4771/5308 4398/4770/5308
f 4397/4772/5308 4400/4769/5308 4399/4771/5308
f 4396/4774/5308 4400/4769/5308 4397/4772/5308
f 4396/4774/5308 4395/4773/5308 4400/4769/5308
f 4395/4775/5309 4401/4776/5309 4406/4777/5310 4400/4778/5310
f 4396/4779/5311 4402/4780/5312 4401/4781/5311 4395/4773/5311
f 4397/4782/5313 4403/4783/5313 4402/4780/5312 4396/4779/5314
f 4398/4784/5315 4404/4785/5316 4403/4783/5313 4397/4782/5313
f 4399/4786/5317 4405/4787/5317 4404/4785/5316 4398/4784/5317
f 4400/4778/5310 4406/4777/5310 4405/4787/5318 4399/4786/5318
f 4401/4776/5309 4407/4788/5309 4412/4789/5310 4406/4777/5310
f 4402/4780/5312 4408/4790/5312 4407/4791/5311 4401/4781/5311
f 4403/4783/5313 4409/4792/5313 4408/4790/5312 4402/4780/5312
f 4404/4785/5316 4410/4793/5316 4409/4792/5313 4403/4783/5313
f 4405/4787/5317 4411/4794/5317 4410/4793/5316 4404/4785/5316
f 4406/4777/5310 4412/4789/5310 4411/4794/5318 4405/4787/5318
f 4407/4788/5309 4389/4795/5309 4394/4796/5310 4412/4789/5310
f 4408/4790/5312 4390/4797/5311 4389/4769/5311 4407/4791/5311
f 4409/4792/5313 4391/4798/5313 4390/4797/5314 4408/4790/5312
f 4410/4793/5316 4392/4799/5315 4391/4798/5313 4409/4792/5313
f 4411/4794/5317 4393/4800/5317 4392/4799/5317 4410/4793/5316
f 4412/4789/5310 4394/4796/5310 4393/4800/5318 4411/4794/5318
o Vent_|_right_bar_5
v 0.078462 0.072242 0.026964
v 0.078462 0.072242 0.027836
v 0.078462 0.071487 0.028272
v 0.078462 0.070732 0.027836
v 0.078462 0.070732 0.026964
v 0.078462 0.071487 0.026528
v 0.004359 0.072242 0.026964
v 0.004359 0.072242 0.027836
v 0.004359 0.071487 0.028272
v 0.004359 0.070732 0.027836
v 0.004359 0.070732 0.026964
v 0.004359 0.071487 0.026528
v 0.030000 0.072242 0.026964
v 0.030000 0.072242 0.027836
v 0.030000 0.071487 0.028272
v 0.030000 0.070732 0.027836
v 0.030000 0.070732 0.026964
v 0.030000 0.071487 0.026528
v 0.052821 0.072242 0.026964
v 0.052821 0.072242 0.027836
v 0.052821 0.071487 0.028272
v 0.052821 0.070732 0.027836
v 0.052821 0.070732 0.026964
v 0.052821 0.071487 0.026528
vn 1.0000 -0.0000 -0.0000
vn -1.0000 -0.0000 -0.0000
vn -0.0000 0.5000 -0.8660
vn -0.0000 -0.0000 -1.0000
vn -0.0000 1.0000 -0.0000
vn -0.0000 0.8660 0.5000
vn -0.0000 -0.0000 1.0000
vn -0.0000 0.5000 0.8660
vn -0.0000 -0.5000 0.8660
vn -0.0000 -0.8660 0.5000
vn -0.0000 -1.0000 -0.0000
vn -0.0000 -0.5000 -0.8660
vt 1.000000 0.000000
vt 0.600000 0.000000
vt 0.800000 0.000000
vt 0.400000 0.000000
vt 0.000000 0.000000
vt 0.200000 0.000000
vt 0.000000 1.000000
vt 0.333333 1.000000
vt 0.333333 0.833333
vt 0.000000 0.833333
vt 0.000000 0.166667
vt 0.333333 0.166667
vt 0.333333 0.000000
vt 0.000000 0.333333
vt 0.333333 0.333333
vt 0.000000 0.500000
vt 0.333333 0.500000
vt 0.000000 0.666667
vt 0.333333 0.666667
vt 0.666667 1.000000
vt 0.666667 0.833333
vt 0.666667 0.166667
vt 0.666667 0.000000
vt 0.666667 0.333333
vt 0.666667 0.500000
vt 0.666667 0.666667
vt 1.000000 1.000000
vt 1.000000 0.833333
vt 1.000000 0.166667
vt 1.000000 0.333333
vt 1.000000 0.500000
vt 1.000000 0.666667
s 1
usemtl Gold_|_polished_trim
f 4418/4801/5319 4416/4802/5319 4417/4803/5319
f 4418/4801/5319 4415/4804/5319 4416/4802/5319
f 4413/4805/5319 4415/4804/5319 4418/4801/5319
f 4413/4805/5319 4414/4806/5319 4415/4804/5319
f 4421/4804/5320 4423/4803/5320 4422/4802/5320
f 4421/4804/5320 4424/4801/5320 4423/4803/5320
f 4420/4806/5320 4424/4801/5320 4421/4804/5320
f 4420/4806/5320 4419/4805/5320 4424/4801/5320
f 4419/4807/5321 4425/4808/5321 4430/4809/5322 4424/4810/5322
f 4420/4811/5323 4426/4812/5324 4425/4813/5323 4419/4805/5323
f 4421/4814/5325 4427/4815/5325 4426/4812/5324 4420/4811/5326
f 4422/4816/5327 4428/4817/5328 4427/4815/5325 4421/4814/5325
f 4423/4818/5329 4429/4819/5329 4428/4817/5328 4422/4816/5329
f 4424/4810/5322 4430/4809/5322 4429/4819/5330 4423/4818/5330
f 4425/4808/5321 4431/4820/5321 4436/4821/5322 4430/4809/5322
f 4426/4812/5324 4432/4822/5324 4431/4823/5323 4425/4813/5323
f 4427/4815/5325 4433/4824/5325 4432/4822/5324 4426/4812/5324
f 4428/4817/5328 4434/4825/5328 4433/4824/5325 4427/4815/5325
f 4429/4819/5329 4435/4826/5329 4434/4825/5328 4428/4817/5328
f 4430/4809/5322 4436/4821/5322 4435/4826/5330 4429/4819/5330
f 4431/4820/5321 4413/4827/5321 4418/4828/5322 4436/4821/5322
f 4432/4822/5324 4414/4829/5323 4413/4801/5323 4431/4823/5323
f 4433/4824/5325 4415/4830/5325 4414/4829/5326 4432/4822/5324
f 4434/4825/5328 4416/4831/5327 4415/4830/5325 4433/4824/5325
f 4435/4826/5329 4417/4832/5329 4416/4831/5329 4434/4825/5328
f 4436/4821/5322 4418/4828/5322 4417/4832/5330 4435/4826/5330
o Vent_|_right_button
v 0.000213 0.078846 0.026400
v -0.001479 0.081777 0.026400
v -0.004410 0.083470 0.026400
v -0.007795 0.083470 0.026400
v -0.010726 0.081777 0.026400
v -0.012418 0.078846 0.026400
v -0.012418 0.075462 0.026400
v -0.010726 0.072530 0.026400
v -0.007795 0.070838 0.026400
v -0.004410 0.070838 0.026400
v -0.001479 0.072530 0.026400
v 0.000213 0.075462 0.026400
v 0.000213 0.078846 0.029800
v -0.001479 0.081777 0.029800
v -0.004410 0.083470 0.029800
v -0.007795 0.083470 0.029800
v -0.010726 0.081777 0.029800
v -0.012418 0.078846 0.029800
v -0.012418 0.075462 0.029800
v -0.010726 0.072530 0.029800
v -0.007795 0.070838 0.029800
v -0.004410 0.070838 0.029800
v -0.001479 0.072530 0.029800
v 0.000213 0.075462 0.029800
v -0.002313 0.078169 0.030800
v -0.003329 0.079928 0.030800
v -0.005087 0.080943 0.030800
v -0.007118 0.080943 0.030800
v -0.008877 0.079928 0.030800
v -0.009892 0.078169 0.030800
v -0.009892 0.076138 0.030800
v -0.008877 0.074380 0.030800
v -0.007118 0.073364 0.030800
v -0.005087 0.073364 0.030800
v -0.003329 0.074380 0.030800
v -0.002313 0.076138 0.030800
v -0.006103 0.077154 0.031400
vn 0.9659 0.2588 -0.0000
vn 0.7071 0.7071 -0.0000
vn 0.2588 0.9659 -0.0000
vn -0.2588 0.9659 -0.0000
vn -0.7071 0.7071 -0.0000
vn -0.9659 0.2588 -0.0000
vn -0.9659 -0.2588 -0.0000
vn -0.7071 -0.7071 -0.0000
vn -0.2588 -0.9659 -0.0000
vn 0.2588 -0.9659 -0.0000
vn 0.7071 -0.7071 -0.0000
vn 0.9659 -0.2588 -0.0000
vn 0.3450 0.0924 0.9341
vn 0.2525 0.2525 0.9341
vn 0.1924 0.1924 0.9623
vn 0.2628 0.0704 0.9623
vn 0.0924 0.3450 0.9341
vn 0.0704 0.2628 0.9623
vn -0.0924 0.3450 0.9341
vn -0.0704 0.2628 0.9623
vn -0.2525 0.2525 0.9341
vn -0.1924 0.1924 0.9623
vn -0.3450 0.0924 0.9341
vn -0.2628 0.0704 0.9623
vn -0.3450 -0.0924 0.9341
vn -0.2628 -0.0704 0.9623
vn -0.2525 -0.2525 0.9341
vn -0.1924 -0.1924 0.9623
vn -0.0924 -0.3450 0.9341
vn -0.0704 -0.2628 0.9623
vn 0.0924 -0.3450 0.9341
vn 0.0704 -0.2628 0.9623
vn 0.2525 -0.2525 0.9341
vn 0.1924 -0.1924 0.9623
vn 0.3450 -0.0924 0.9341
vn 0.2628 -0.0704 0.9623
vn -0.0000 -0.0000 1.0000
vn -0.0000 -0.0000 -1.0000
s 1
usemtl Gold_|_polished_trim
f 4437//5331 4438//5332 4450//5332 4449//5331
f 4438//5332 4439//5333 4451//5333 4450//5332
f 4439//5333 4440//5334 4452//5334 4451//5333
f 4440//5334 4441//5335 4453//5335 4452//5334
f 4441//5335 4442//5336 4454//5336 4453//5335
f 4442//5336 4443//5337 4455//5337 4454//5336
f 4443//5337 4444//5338 4456//5338 4455//5337
f 4444//5338 4445//5339 4457//5339 4456//5338
f 4445//5339 4446//5340 4458//5340 4457//5339
f 4446//5340 4447//5341 4459//5341 4458//5340
f 4447//5341 4448//5342 4460//5342 4459//5341
f 4448//5342 4437//5331 4449//5331 4460//5342
f 4449//5343 4450//5344 4462//5345 4461//5346
f 4450//5344 4451//5347 4463//5348 4462//5345
f 4451//5347 4452//5349 4464//5350 4463//5348
f 4452//5349 4453//5351 4465//5352 4464//5350
f 4453//5351 4454//5353 4466//5354 4465//5352
f 4454//5353 4455//5355 4467//5356 4466//5354
f 4455//5355 4456//5357 4468//5358 4467//5356
f 4456//5357 4457//5359 4469//5360 4468//5358
f 4457//5359 4458//5361 4470//5362 4469//5360
f 4458//5361 4459//5363 4471//5364 4470//5362
f 4459//5363 4460//5365 4472//5366 4471//5364
f 4460//5365 4449//5343 4461//5346 4472//5366
f 4461//5346 4462//5345 4473//5367
f 4462//5345 4463//5348 4473//5367
f 4463//5348 4464//5350 4473//5367
f 4464//5350 4465//5352 4473//5367
f 4465//5352 4466//5354 4473//5367
f 4466//5354 4467//5356 4473//5367
f 4467//5356 4468//5358 4473//5367
f 4468//5358 4469//5360 4473//5367
f 4469//5360 4470//5362 4473//5367
f 4470//5362 4471//5364 4473//5367
f 4471//5364 4472//5366 4473//5367
f 4472//5366 4461//5346 4473//5367
f 4437//5368 4448//5368 4447//5368 4446//5368 4445//5368 4444//5368 4443//5368 4442//5368 4441//5368 4440//5368 4439//5368 4438//5368
o Slot_|_right_lower_vent_1
v 0.345667 0.047162 0.023692
v 0.345667 0.047162 0.026308
v 0.345667 0.044897 0.027615
v 0.345667 0.042632 0.026308
v 0.345667 0.042632 0.023692
v 0.345667 0.044897 0.022385
v 0.329103 0.047162 0.023692
v 0.329103 0.047162 0.026308
v 0.329103 0.044897 0.027615
v 0.329103 0.042632 0.026308
v 0.329103 0.042632 0.023692
v 0.329103 0.044897 0.022385
v 0.334834 0.047162 0.023692
v 0.334834 0.047162 0.026308
v 0.334834 0.044897 0.027615
v 0.334834 0.042632 0.026308
v 0.334834 0.042632 0.023692
v 0.334834 0.044897 0.022385
v 0.339935 0.047162 0.023692
v 0.339935 0.047162 0.026308
v 0.339935 0.044897 0.027615
v 0.339935 0.042632 0.026308
v 0.339935 0.042632 0.023692
v 0.339935 0.044897 0.022385
vn 1.0000 -0.0000 -0.0000
vn -1.0000 -0.0000 -0.0000
vn -0.0000 0.5000 -0.8660
vn -0.0000 0.8660 -0.5000
vn -0.0000 -0.0000 -1.0000
vn -0.0000 0.8660 0.5000
vn -0.0000 1.0000 -0.0000
vn -0.0000 0.5000 0.8660
vn -0.0000 -0.8660 0.5000
vn -0.0000 -0.5000 0.8660
vn -0.0000 -1.0000 -0.0000
vn -0.0000 -0.5000 -0.8660
vt 1.000000 0.000000
vt 0.600000 0.000000
vt 0.800000 0.000000
vt 0.400000 0.000000
vt 0.000000 0.000000
vt 0.200000 0.000000
vt 0.000000 1.000000
vt 0.333333 1.000000
vt 0.333333 0.833333
vt 0.000000 0.833333
vt 0.000000 0.166667
vt 0.333333 0.166667
vt 0.333333 0.000000
vt 0.000000 0.333333
vt 0.333333 0.333333
vt 0.000000 0.500000
vt 0.333333 0.500000
vt 0.000000 0.666667
vt 0.333333 0.666667
vt 0.666667 1.000000
vt 0.666667 0.833333
vt 0.666667 0.166667
vt 0.666667 0.000000
vt 0.666667 0.333333
vt 0.666667 0.500000
vt 0.666667 0.666667
vt 1.000000 1.000000
vt 1.000000 0.833333
vt 1.000000 0.166667
vt 1.000000 0.333333
vt 1.000000 0.500000
vt 1.000000 0.666667
s 1
usemtl Gold_|_dark_grille
f 4479/4833/5369 4477/4834/5369 4478/4835/5369
f 4479/4833/5369 4476/4836/5369 4477/4834/5369
f 4474/4837/5369 4476/4836/5369 4479/4833/5369
f 4474/4837/5369 4475/4838/5369 4476/4836/5369
f 4483/4834/5370 4485/4833/5370 4484/4835/5370
f 4482/4836/5370 4485/4833/5370 4483/4834/5370
f 4481/4838/5370 4485/4833/5370 4482/4836/5370
f 4481/4838/5370 4480/4837/5370 4485/4833/5370
f 4480/4839/5371 4486/4840/5372 4491/4841/5373 4485/4842/5373
f 4481/4843/5374 4487/4844/5374 4486/4845/5372 4480/4837/5375
f 4482/4846/5376 4488/4847/5376 4487/4844/5374 4481/4843/5374
f 4483/4848/5377 4489/4849/5377 4488/4847/5378 4482/4846/5378
f 4484/4850/5379 4490/4851/5379 4489/4849/5377 4483/4848/5377
f 4485/4842/5373 4491/4841/5373 4490/4851/5380 4484/4850/5380
f 4486/4840/5372 4492/4852/5372 4497/4853/5373 4491/4841/5373
f 4487/4844/5374 4493/4854/5374 4492/4855/5372 4486/4845/5372
f 4488/4847/5376 4494/4856/5376 4493/4854/5374 4487/4844/5374
f 4489/4849/5377 4495/4857/5377 4494/4856/5378 4488/4847/5378
f 4490/4851/5379 4496/4858/5379 4495/4857/5377 4489/4849/5377
f 4491/4841/5373 4497/4853/5373 4496/4858/5380 4490/4851/5380
f 4492/4852/5372 4474/4859/5371 4479/4860/5373 4497/4853/5373
f 4493/4854/5374 4475/4861/5374 4474/4833/5375 4492/4855/5372
f 4494/4856/5376 4476/4862/5376 4475/4861/5374 4493/4854/5374
f 4495/4857/5377 4477/4863/5377 4476/4862/5378 4494/4856/5378
f 4496/4858/5379 4478/4864/5379 4477/4863/5377 4495/4857/5377
f 4497/4853/5373 4479/4860/5373 4478/4864/5380 4496/4858/5380
o Slot_|_right_lower_vent_2
v 0.372692 0.047162 0.023692
v 0.372692 0.047162 0.026308
v 0.372692 0.044897 0.027615
v 0.372692 0.042632 0.026308
v 0.372692 0.042632 0.023692
v 0.372692 0.044897 0.022385
v 0.356128 0.047162 0.023692
v 0.356128 0.047162 0.026308
v 0.356128 0.044897 0.027615
v 0.356128 0.042632 0.026308
v 0.356128 0.042632 0.023692
v 0.356128 0.044897 0.022385
v 0.361860 0.047162 0.023692
v 0.361860 0.047162 0.026308
v 0.361860 0.044897 0.027615
v 0.361860 0.042632 0.026308
v 0.361860 0.042632 0.023692
v 0.361860 0.044897 0.022385
v 0.366961 0.047162 0.023692
v 0.366961 0.047162 0.026308
v 0.366961 0.044897 0.027615
v 0.366961 0.042632 0.026308
v 0.366961 0.042632 0.023692
v 0.366961 0.044897 0.022385
vn 1.0000 -0.0000 -0.0000
vn -1.0000 -0.0000 -0.0000
vn -0.0000 0.5000 -0.8660
vn -0.0000 -0.0000 -1.0000
vn -0.0000 0.8660 0.5000
vn -0.0000 1.0000 -0.0000
vn -0.0000 0.5000 0.8660
vn -0.0000 -0.0000 1.0000
vn -0.0000 -0.8660 0.5000
vn -0.0000 -0.5000 0.8660
vn -0.0000 -1.0000 -0.0000
vn -0.0000 -0.5000 -0.8660
vt 1.000000 0.000000
vt 0.600000 0.000000
vt 0.800000 0.000000
vt 0.400000 0.000000
vt 0.000000 0.000000
vt 0.200000 0.000000
vt 0.000000 1.000000
vt 0.333333 1.000000
vt 0.333333 0.833333
vt 0.000000 0.833333
vt 0.000000 0.166667
vt 0.333333 0.166667
vt 0.333333 0.000000
vt 0.000000 0.333333
vt 0.333333 0.333333
vt 0.000000 0.500000
vt 0.333333 0.500000
vt 0.000000 0.666667
vt 0.333333 0.666667
vt 0.666667 1.000000
vt 0.666667 0.833333
vt 0.666667 0.166667
vt 0.666667 0.000000
vt 0.666667 0.333333
vt 0.666667 0.500000
vt 0.666667 0.666667
vt 1.000000 1.000000
vt 1.000000 0.833333
vt 1.000000 0.166667
vt 1.000000 0.333333
vt 1.000000 0.500000
vt 1.000000 0.666667
s 1
usemtl Gold_|_dark_grille
f 4503/4865/5381 4501/4866/5381 4502/4867/5381
f 4503/4865/5381 4500/4868/5381 4501/4866/5381
f 4498/4869/5381 4500/4868/5381 4503/4865/5381
f 4498/4869/5381 4499/4870/5381 4500/4868/5381
f 4507/4866/5382 4509/4865/5382 4508/4867/5382
f 4506/4868/5382 4509/4865/5382 4507/4866/5382
f 4505/4870/5382 4509/4865/5382 4506/4868/5382
f 4505/4870/5382 4504/4869/5382 4509/4865/5382
f 4504/4871/5383 4510/4872/5383 4515/4873/5384 4509/4874/5384
f 4505/4875/5385 4511/4876/5385 4510/4877/5386 4504/4869/5386
f 4506/4878/5387 4512/4879/5388 4511/4876/5385 4505/4875/5385
f 4507/4880/5389 4513/4881/5389 4512/4879/5388 4506/4878/5390
f 4508/4882/5391 4514/4883/5391 4513/4881/5389 4507/4880/5389
f 4509/4874/5384 4515/4873/5384 4514/4883/5392 4508/4882/5392
f 4510/4872/5383 4516/4884/5383 4521/4885/5384 4515/4873/5384
f 4511/4876/5385 4517/4886/5385 4516/4887/5386 4510/4877/5386
f 4512/4879/5388 4518/4888/5388 4517/4886/5385 4511/4876/5385
f 4513/4881/5389 4519/4889/5389 4518/4888/5388 4512/4879/5388
f 4514/4883/5391 4520/4890/5391 4519/4889/5389 4513/4881/5389
f 4515/4873/5384 4521/4885/5384 4520/4890/5392 4514/4883/5392
f 4516/4884/5383 4498/4891/5383 4503/4892/5384 4521/4885/5384
f 4517/4886/5385 4499/4893/5385 4498/4865/5386 4516/4887/5386
f 4518/4888/5388 4500/4894/5387 4499/4893/5385 4517/4886/5385
f 4519/4889/5389 4501/4895/5389 4500/4894/5390 4518/4888/5388
f 4520/4890/5391 4502/4896/5391 4501/4895/5389 4519/4889/5389
f 4521/4885/5384 4503/4892/5384 4502/4896/5392 4520/4890/5392
o Slot_|_right_lower_vent_3
v 0.399718 0.047162 0.023692
v 0.399718 0.047162 0.026308
v 0.399718 0.044897 0.027615
v 0.399718 0.042632 0.026308
v 0.399718 0.042632 0.023692
v 0.399718 0.044897 0.022385
v 0.383154 0.047162 0.023692
v 0.383154 0.047162 0.026308
v 0.383154 0.044897 0.027615
v 0.383154 0.042632 0.026308
v 0.383154 0.042632 0.023692
v 0.383154 0.044897 0.022385
v 0.388885 0.047162 0.023692
v 0.388885 0.047162 0.026308
v 0.388885 0.044897 0.027615
v 0.388885 0.042632 0.026308
v 0.388885 0.042632 0.023692
v 0.388885 0.044897 0.022385
v 0.393986 0.047162 0.023692
v 0.393986 0.047162 0.026308
v 0.393986 0.044897 0.027615
v 0.393986 0.042632 0.026308
v 0.393986 0.042632 0.023692
v 0.393986 0.044897 0.022385
vn 1.0000 -0.0000 -0.0000
vn -1.0000 -0.0000 -0.0000
vn -0.0000 0.5000 -0.8660
vn -0.0000 0.8660 -0.5000
vn -0.0000 -0.0000 -1.0000
vn -0.0000 0.8660 0.5000
vn -0.0000 1.0000 -0.0000
vn -0.0000 0.5000 0.8660
vn -0.0000 -0.8660 0.5000
vn -0.0000 -0.5000 0.8660
vn -0.0000 -1.0000 -0.0000
vn -0.0000 -0.5000 -0.8660
vt 1.000000 0.000000
vt 0.600000 0.000000
vt 0.800000 0.000000
vt 0.400000 0.000000
vt 0.000000 0.000000
vt 0.200000 0.000000
vt 0.000000 1.000000
vt 0.333333 1.000000
vt 0.333333 0.833333
vt 0.000000 0.833333
vt 0.000000 0.166667
vt 0.333333 0.166667
vt 0.333333 0.000000
vt 0.000000 0.333333
vt 0.333333 0.333333
vt 0.000000 0.500000
vt 0.333333 0.500000
vt 0.000000 0.666667
vt 0.333333 0.666667
vt 0.666667 1.000000
vt 0.666667 0.833333
vt 0.666667 0.166667
vt 0.666667 0.000000
vt 0.666667 0.333333
vt 0.666667 0.500000
vt 0.666667 0.666667
vt 1.000000 1.000000
vt 1.000000 0.833333
vt 1.000000 0.166667
vt 1.000000 0.333333
vt 1.000000 0.500000
vt 1.000000 0.666667
s 1
usemtl Gold_|_dark_grille
f 4527/4897/5393 4525/4898/5393 4526/4899/5393
f 4527/4897/5393 4524/4900/5393 4525/4898/5393
f 4522/4901/5393 4524/4900/5393 4527/4897/5393
f 4522/4901/5393 4523/4902/5393 4524/4900/5393
f 4531/4898/5394 4533/4897/5394 4532/4899/5394
f 4530/4900/5394 4533/4897/5394 4531/4898/5394
f 4529/4902/5394 4533/4897/5394 4530/4900/5394
f 4529/4902/5394 4528/4901/5394 4533/4897/5394
f 4528/4903/5395 4534/4904/5396 4539/4905/5397 4533/4906/5397
f 4529/4907/5398 4535/4908/5398 4534/4909/5396 4528/4901/5399
f 4530/4910/5400 4536/4911/5400 4535/4908/5398 4529/4907/5398
f 4531/4912/5401 4537/4913/5401 4536/4911/5402 4530/4910/5402
f 4532/4914/5403 4538/4915/5403 4537/4913/5401 4531/4912/5401
f 4533/4906/5397 4539/4905/5397 4538/4915/5404 4532/4914/5404
f 4534/4904/5396 4540/4916/5396 4545/4917/5397 4539/4905/5397
f 4535/4908/5398 4541/4918/5398 4540/4919/5396 4534/4909/5396
f 4536/4911/5400 4542/4920/5400 4541/4918/5398 4535/4908/5398
f 4537/4913/5401 4543/4921/5401 4542/4920/5402 4536/4911/5402
f 4538/4915/5403 4544/4922/5403 4543/4921/5401 4537/4913/5401
f 4539/4905/5397 4545/4917/5397 4544/4922/5404 4538/4915/5404
f 4540/4916/5396 4522/4923/5395 4527/4924/5397 4545/4917/5397
f 4541/4918/5398 4523/4925/5398 4522/4897/5399 4540/4919/5396
f 4542/4920/5400 4524/4926/5400 4523/4925/5398 4541/4918/5398
f 4543/4921/5401 4525/4927/5401 4524/4926/5402 4542/4920/5402
f 4544/4922/5403 4526/4928/5403 4525/4927/5401 4543/4921/5401
f 4545/4917/5397 4527/4924/5397 4526/4928/5404 4544/4922/5404
o Slot_|_right_lower_vent_4
v 0.426744 0.047162 0.023692
v 0.426744 0.047162 0.026308
v 0.426744 0.044897 0.027615
v 0.426744 0.042632 0.026308
v 0.426744 0.042632 0.023692
v 0.426744 0.044897 0.022385
v 0.410179 0.047162 0.023692
v 0.410179 0.047162 0.026308
v 0.410179 0.044897 0.027615
v 0.410179 0.042632 0.026308
v 0.410179 0.042632 0.023692
v 0.410179 0.044897 0.022385
v 0.415911 0.047162 0.023692
v 0.415911 0.047162 0.026308
v 0.415911 0.044897 0.027615
v 0.415911 0.042632 0.026308
v 0.415911 0.042632 0.023692
v 0.415911 0.044897 0.022385
v 0.421012 0.047162 0.023692
v 0.421012 0.047162 0.026308
v 0.421012 0.044897 0.027615
v 0.421012 0.042632 0.026308
v 0.421012 0.042632 0.023692
v 0.421012 0.044897 0.022385
vn 1.0000 -0.0000 -0.0000
vn -1.0000 -0.0000 -0.0000
vn -0.0000 0.5000 -0.8660
vn -0.0000 0.8660 -0.5000
vn -0.0000 -0.0000 -1.0000
vn -0.0000 0.8660 0.5000
vn -0.0000 1.0000 -0.0000
vn -0.0000 0.5000 0.8660
vn -0.0000 -0.8660 0.5000
vn -0.0000 -0.5000 0.8660
vn -0.0000 -1.0000 -0.0000
vn -0.0000 -0.5000 -0.8660
vt 1.000000 0.000000
vt 0.600000 0.000000
vt 0.800000 0.000000
vt 0.400000 0.000000
vt 0.000000 0.000000
vt 0.200000 0.000000
vt 0.000000 1.000000
vt 0.333333 1.000000
vt 0.333333 0.833333
vt 0.000000 0.833333
vt 0.000000 0.166667
vt 0.333333 0.166667
vt 0.333333 0.000000
vt 0.000000 0.333333
vt 0.333333 0.333333
vt 0.000000 0.500000
vt 0.333333 0.500000
vt 0.000000 0.666667
vt 0.333333 0.666667
vt 0.666667 1.000000
vt 0.666667 0.833333
vt 0.666667 0.166667
vt 0.666667 0.000000
vt 0.666667 0.333333
vt 0.666667 0.500000
vt 0.666667 0.666667
vt 1.000000 1.000000
vt 1.000000 0.833333
vt 1.000000 0.166667
vt 1.000000 0.333333
vt 1.000000 0.500000
vt 1.000000 0.666667
s 1
usemtl Gold_|_dark_grille
f 4551/4929/5405 4549/4930/5405 4550/4931/5405
f 4551/4929/5405 4548/4932/5405 4549/4930/5405
f 4546/4933/5405 4548/4932/5405 4551/4929/5405
f 4546/4933/5405 4547/4934/5405 4548/4932/5405
f 4555/4930/5406 4557/4929/5406 4556/4931/5406
f 4554/4932/5406 4557/4929/5406 4555/4930/5406
f 4553/4934/5406 4557/4929/5406 4554/4932/5406
f 4553/4934/5406 4552/4933/5406 4557/4929/5406
f 4552/4935/5407 4558/4936/5408 4563/4937/5409 4557/4938/5409
f 4553/4939/5410 4559/4940/5410 4558/4941/5408 4552/4933/5411
f 4554/4942/5412 4560/4943/5412 4559/4940/5410 4553/4939/5410
f 4555/4944/5413 4561/4945/5413 4560/4943/5414 4554/4942/5414
f 4556/4946/5415 4562/4947/5415 4561/4945/5413 4555/4944/5413
f 4557/4938/5409 4563/4937/5409 4562/4947/5416 4556/4946/5416
f 4558/4936/5408 4564/4948/5408 4569/4949/5409 4563/4937/5409
f 4559/4940/5410 4565/4950/5410 4564/4951/5408 4558/4941/5408
f 4560/4943/5412 4566/4952/5412 4565/4950/5410 4559/4940/5410
f 4561/4945/5413 4567/4953/5413 4566/4952/5414 4560/4943/5414
f 4562/4947/5415 4568/4954/5415 4567/4953/5413 4561/4945/5413
f 4563/4937/5409 4569/4949/5409 4568/4954/5416 4562/4947/5416
f 4564/4948/5408 4546/4955/5407 4551/4956/5409 4569/4949/5409
f 4565/4950/5410 4547/4957/5410 4546/4929/5411 4564/4951/5408
f 4566/4952/5412 4548/4958/5412 4547/4957/5410 4565/4950/5410
f 4567/4953/5413 4549/4959/5413 4548/4958/5414 4566/4952/5414
f 4568/4954/5415 4550/4960/5415 4549/4959/5413 4567/4953/5413
f 4569/4949/5409 4551/4956/5409 4550/4960/5416 4568/4954/5416
o Glow_|_right_handle_strut
v 0.013973 0.159269 0.012692
v 0.013973 0.159269 0.015308
v 0.015692 0.157795 0.016615
v 0.017412 0.156321 0.015308
v 0.017412 0.156321 0.012692
v 0.015692 0.157795 0.011385
v -0.025774 0.109478 0.012692
v -0.025774 0.109478 0.015308
v -0.023974 0.108103 0.016615
v -0.022174 0.106728 0.015308
v -0.022174 0.106728 0.012692
v -0.023974 0.108103 0.011385
v -0.017565 0.120383 0.012692
v -0.017565 0.120383 0.015308
v -0.015755 0.119022 0.016615
v -0.013944 0.117660 0.015308
v -0.013944 0.117660 0.012692
v -0.015755 0.119022 0.011385
v -0.010243 0.130127 0.012692
v -0.010243 0.130127 0.015308
v -0.008447 0.128747 0.016615
v -0.006652 0.127366 0.015308
v -0.006652 0.127366 0.012692
v -0.008447 0.128747 0.011385
v -0.001761 0.140912 0.012692
v -0.001761 0.140912 0.015308
v -0.000000 0.139487 0.016615
v 0.001761 0.138062 0.015308
v 0.001761 0.138062 0.012692
v 0.000000 0.139487 0.011385
v 0.003615 0.147366 0.012692
v 0.003615 0.147366 0.015308
v 0.005339 0.145897 0.016615
v 0.007064 0.144429 0.015308
v 0.007064 0.144429 0.012692
v 0.005339 0.145897 0.011385
v 0.008509 0.152985 0.012692
v 0.008509 0.152985 0.015308
v 0.010217 0.151498 0.016615
v 0.011926 0.150011 0.015308
v 0.011926 0.150011 0.012692
v 0.010217 0.151498 0.011385
vn 0.6508 0.7593 -0.0000
vn -0.6070 -0.7947 -0.0000
vn -0.6915 0.5205 -0.5010
vn -0.6921 0.5205 -0.5001
vn -0.3996 0.3005 -0.8660
vn -0.3995 0.3007 -0.8660
vn -0.6915 0.5205 0.5010
vn -0.6921 0.5205 0.5001
vn -0.3995 0.3007 0.8660
vn -0.3996 0.3005 0.8660
vn 0.6923 -0.5212 0.4990
vn 0.6922 -0.5206 0.4999
vn 0.3996 -0.3005 0.8660
vn 0.3995 -0.3007 0.8660
vn 0.6923 -0.5212 -0.4990
vn 0.6922 -0.5206 -0.4999
vn 0.3995 -0.3007 -0.8660
vn 0.3996 -0.3005 -0.8660
vn -0.6873 0.5284 -0.4985
vn -0.3964 0.3047 -0.8660
vn -0.6873 0.5284 0.4985
vn -0.3964 0.3047 0.8660
vn 0.6859 -0.5273 0.5015
vn 0.3964 -0.3047 0.8660
vn 0.6859 -0.5273 -0.5015
vn 0.3964 -0.3047 -0.8660
vn -0.6740 0.5456 -0.4981
vn -0.3886 0.3146 -0.8660
vn -0.6740 0.5456 0.4981
vn -0.3886 0.3146 0.8660
vn 0.6723 -0.5442 0.5019
vn 0.3886 -0.3146 0.8660
vn 0.6723 -0.5442 -0.5019
vn 0.3886 -0.3146 -0.8660
vn -0.6599 0.5621 -0.4985
vn -0.3806 0.3242 -0.8660
vn -0.6599 0.5621 0.4985
vn -0.3806 0.3242 0.8660
vn 0.6586 -0.5610 0.5015
vn 0.3806 -0.3242 0.8660
vn 0.6586 -0.5610 -0.5015
vn 0.3806 -0.3242 -0.8660
vn -0.6533 0.5685 -0.5001
vn -0.3772 0.3282 -0.8660
vn -0.6533 0.5685 0.5001
vn -0.3772 0.3282 0.8660
vn 0.6533 -0.5685 0.4999
vn 0.3772 -0.3282 0.8660
vn 0.6533 -0.5685 -0.4999
vn 0.3772 -0.3282 -0.8660
vn -0.6531 0.5679 -0.5010
vn -0.3773 0.3281 -0.8660
vn -0.6531 0.5679 0.5010
vn -0.3773 0.3281 0.8660
vn 0.6540 -0.5686 0.4990
vn 0.3773 -0.3281 0.8660
vn 0.6540 -0.5686 -0.4990
vn 0.3773 -0.3281 -0.8660
vt 1.000000 0.000000
vt 0.600000 0.000000
vt 0.800000 0.000000
vt 0.400000 0.000000
vt 0.000000 0.000000
vt 0.200000 0.000000
vt 0.000000 1.000000
vt 0.166667 1.000000
vt 0.166667 0.833333
vt 0.000000 0.833333
vt 0.000000 0.166667
vt 0.166667 0.166667
vt 0.166667 0.000000
vt 0.000000 0.333333
vt 0.166667 0.333333
vt 0.000000 0.500000
vt 0.166667 0.500000
vt 0.000000 0.666667
vt 0.166667 0.666667
vt 0.333333 1.000000
vt 0.333333 0.833333
vt 0.333333 0.166667
vt 0.333333 0.000000
vt 0.333333 0.333333
vt 0.333333 0.500000
vt 0.333333 0.666667
vt 0.500000 1.000000
vt 0.500000 0.833333
vt 0.500000 0.166667
vt 0.500000 0.000000
vt 0.500000 0.333333
vt 0.500000 0.500000
vt 0.500000 0.666667
vt 0.666667 1.000000
vt 0.666667 0.833333
vt 0.666667 0.166667
vt 0.666667 0.000000
vt 0.666667 0.333333
vt 0.666667 0.500000
vt 0.666667 0.666667
vt 0.833333 1.000000
vt 0.833333 0.833333
vt 0.833333 0.166667
vt 0.833333 0.000000
vt 0.833333 0.333333
vt 0.833333 0.500000
vt 0.833333 0.666667
vt 1.000000 1.000000
vt 1.000000 0.833333
vt 1.000000 0.166667
vt 1.000000 0.333333
vt 1.000000 0.500000
vt 1.000000 0.666667
s 1
usemtl Glow_|_amber
f 4575/4961/5417 4573/4962/5417 4574/4963/5417
f 4575/4961/5417 4572/4964/5417 4573/4962/5417
f 4570/4965/5417 4572/4964/5417 4575/4961/5417
f 4570/4965/5417 4571/4966/5417 4572/4964/5417
f 4578/4964/5418 4580/4963/5418 4579/4962/5418
f 4578/4964/5418 4581/4961/5418 4580/4963/5418
f 4577/4966/5418 4581/4961/5418 4578/4964/5418
f 4577/4966/5418 4576/4965/5418 4581/4961/5418
f 4576/4967/5419 4582/4968/5420 4587/4969/5421 4581/4970/5422
f 4577/4971/5423 4583/4972/5424 4582/4973/5420 4576/4965/5419
f 4578/4974/5425 4584/4975/5426 4583/4972/5424 4577/4971/5423
f 4579/4976/5427 4585/4977/5428 4584/4975/5429 4578/4974/5430
f 4580/4978/5431 4586/4979/5432 4585/4977/5428 4579/4976/5427
f 4581/4970/5433 4587/4969/5434 4586/4979/5432 4580/4978/5431
f 4582/4968/5420 4588/4980/5435 4593/4981/5436 4587/4969/5421
f 4583/4972/5424 4589/4982/5437 4588/4983/5435 4582/4973/5420
f 4584/4975/5426 4590/4984/5438 4589/4982/5437 4583/4972/5424
f 4585/4977/5428 4591/4985/5439 4590/4984/5440 4584/4975/5429
f 4586/4979/5432 4592/4986/5441 4591/4985/5439 4585/4977/5428
f 4587/4969/5434 4593/4981/5442 4592/4986/5441 4586/4979/5432
f 4588/4980/5435 4594/4987/5443 4599/4988/5444 4593/4981/5436
f 4589/4982/5437 4595/4989/5445 4594/4990/5443 4588/4983/5435
f 4590/4984/5438 4596/4991/5446 4595/4989/5445 4589/4982/5437
f 4591/4985/5439 4597/4992/5447 4596/4991/5448 4590/4984/5440
f 4592/4986/5441 4598/4993/5449 4597/4992/5447 4591/4985/5439
f 4593/4981/5442 4599/4988/5450 4598/4993/5449 4592/4986/5441
f 4594/4987/5443 4600/4994/5451 4605/4995/5452 4599/4988/5444
f 4595/4989/5445 4601/4996/5453 4600/4997/5451 4594/4990/5443
f 4596/4991/5446 4602/4998/5454 4601/4996/5453 4595/4989/5445
f 4597/4992/5447 4603/4999/5455 4602/4998/5456 4596/4991/5448
f 4598/4993/5449 4604/5000/5457 4603/4999/5455 4597/4992/5447
f 4599/4988/5450 4605/4995/5458 4604/5000/5457 4598/4993/5449
f 4600/4994/5451 4606/5001/5459 4611/5002/5460 4605/4995/5452
f 4601/4996/5453 4607/5003/5461 4606/5004/5459 4600/4997/5451
f 4602/4998/5454 4608/5005/5462 4607/5003/5461 4601/4996/5453
f 4603/4999/5455 4609/5006/5463 4608/5005/5464 4602/4998/5456
f 4604/5000/5457 4610/5007/5465 4609/5006/5463 4603/4999/5455
f 4605/4995/5458 4611/5002/5466 4610/5007/5465 4604/5000/5457
f 4606/5001/5459 4570/5008/5467 4575/5009/5468 4611/5002/5460
f 4607/5003/5461 4571/5010/5469 4570/4961/5467 4606/5004/5459
f 4608/5005/5462 4572/5011/5470 4571/5010/5469 4607/5003/5461
f 4609/5006/5463 4573/5012/5471 4572/5011/5472 4608/5005/5464
f 4610/5007/5465 4574/5013/5473 4573/5012/5471 4609/5006/5463
f 4611/5002/5466 4575/5009/5474 4574/5013/5473 4610/5007/5465
o Trim_|_right_handle_edge
v 0.270244 0.116645 0.013346
v 0.270244 0.116645 0.014654
v 0.270256 0.115513 0.015308
v 0.270269 0.114380 0.014654
v 0.270269 0.114380 0.013346
v 0.270256 0.115513 0.012692
v 0.074962 0.114466 0.013346
v 0.074962 0.114466 0.014654
v 0.074974 0.113333 0.015308
v 0.074987 0.112201 0.014654
v 0.074987 0.112201 0.013346
v 0.074974 0.113333 0.012692
v 0.142533 0.115220 0.013346
v 0.142533 0.115220 0.014654
v 0.142545 0.114087 0.015308
v 0.142558 0.112955 0.014654
v 0.142558 0.112955 0.013346
v 0.142545 0.114087 0.012692
v 0.202673 0.115891 0.013346
v 0.202673 0.115891 0.014654
v 0.202685 0.114759 0.015308
v 0.202698 0.113626 0.014654
v 0.202698 0.113626 0.013346
v 0.202685 0.114759 0.012692
vn 0.9999 0.0112 -0.0000
vn -0.9999 -0.0112 -0.0000
vn -0.0097 0.8660 -0.5000
vn -0.0056 0.5000 -0.8660
vn -0.0097 0.8660 0.5000
vn -0.0056 0.5000 0.8660
vn 0.0097 -0.8660 0.5000
vn 0.0056 -0.5000 0.8660
vn 0.0097 -0.8660 -0.5000
vn 0.0056 -0.5000 -0.8660
vt 1.000000 0.000000
vt 0.600000 0.000000
vt 0.800000 0.000000
vt 0.400000 0.000000
vt 0.000000 0.000000
vt 0.200000 0.000000
vt 0.000000 1.000000
vt 0.333333 1.000000
vt 0.333333 0.833333
vt 0.000000 0.833333
vt 0.000000 0.166667
vt 0.333333 0.166667
vt 0.333333 0.000000
vt 0.000000 0.333333
vt 0.333333 0.333333
vt 0.000000 0.500000
vt 0.333333 0.500000
vt 0.000000 0.666667
vt 0.333333 0.666667
vt 0.666667 1.000000
vt 0.666667 0.833333
vt 0.666667 0.166667
vt 0.666667 0.000000
vt 0.666667 0.333333
vt 0.666667 0.500000
vt 0.666667 0.666667
vt 1.000000 1.000000
vt 1.000000 0.833333
vt 1.000000 0.166667
vt 1.000000 0.333333
vt 1.000000 0.500000
vt 1.000000 0.666667
s 1
usemtl Gold_|_polished_trim
f 4617/5014/5475 4615/5015/5475 4616/5016/5475
f 4617/5014/5475 4614/5017/5475 4615/5015/5475
f 4612/5018/5475 4614/5017/5475 4617/5014/5475
f 4612/5018/5475 4613/5019/5475 4614/5017/5475
f 4620/5017/5476 4622/5016/5476 4621/5015/5476
f 4620/5017/5476 4623/5014/5476 4622/5016/5476
f 4619/5019/5476 4623/5014/5476 4620/5017/5476
f 4619/5019/5476 4618/5018/5476 4623/5014/5476
f 4618/5020/5477 4624/5021/5477 4629/5022/5478 4623/5023/5478
f 4619/5024/5479 4625/5025/5479 4624/5026/5477 4618/5018/5477
f 4620/5027/5480 4626/5028/5480 4625/5025/5479 4619/5024/5479
f 4621/5029/5481 4627/5030/5481 4626/5028/5482 4620/5027/5482
f 4622/5031/5483 4628/5032/5483 4627/5030/5481 4621/5029/5481
f 4623/5023/5484 4629/5022/5484 4628/5032/5483 4622/5031/5483
f 4624/5021/5477 4630/5033/5477 4635/5034/5478 4629/5022/5478
f 4625/5025/5479 4631/5035/5479 4630/5036/5477 4624/5026/5477
f 4626/5028/5480 4632/5037/5480 4631/5035/5479 4625/5025/5479
f 4627/5030/5481 4633/5038/5481 4632/5037/5482 4626/5028/5482
f 4628/5032/5483 4634/5039/5483 4633/5038/5481 4627/5030/5481
f 4629/5022/5484 4635/5034/5484 4634/5039/5483 4628/5032/5483
f 4630/5033/5477 4612/5040/5477 4617/5041/5478 4635/5034/5478
f 4631/5035/5479 4613/5042/5479 4612/5014/5477 4630/5036/5477
f 4632/5037/5480 4614/5043/5480 4613/5042/5479 4631/5035/5479
f 4633/5038/5481 4615/5044/5481 4614/5043/5482 4632/5037/5482
f 4634/5039/5483 4616/5045/5483 4615/5044/5481 4633/5038/5481
f 4635/5034/5484 4617/5041/5484 4616/5045/5483 4634/5039/5483
o Glow_|_right_magazine_strip_1
v -0.121997 0.026067 0.015692
v -0.121997 0.026067 0.018308
v -0.119872 0.025282 0.019615
v -0.117747 0.024497 0.018308
v -0.117747 0.024497 0.015692
v -0.119872 0.025282 0.014385
v -0.150330 -0.050651 0.015692
v -0.150330 -0.050651 0.018308
v -0.148205 -0.051436 0.019615
v -0.146080 -0.052221 0.018308
v -0.146080 -0.052221 0.015692
v -0.148205 -0.051436 0.014385
v -0.140526 -0.024105 0.015692
v -0.140526 -0.024105 0.018308
v -0.138401 -0.024890 0.019615
v -0.136277 -0.025675 0.018308
v -0.136277 -0.025675 0.015692
v -0.138401 -0.024890 0.014385
v -0.131800 -0.000479 0.015692
v -0.131800 -0.000479 0.018308
v -0.129676 -0.001264 0.019615
v -0.127551 -0.002048 0.018308
v -0.127551 -0.002048 0.015692
v -0.129676 -0.001264 0.014385
vn 0.3464 0.9381 -0.0000
vn -0.3464 -0.9381 -0.0000
vn -0.3465 -0.9381 -0.0000
vn -0.8124 0.3000 -0.5000
vn -0.4690 0.1732 -0.8660
vn -0.8124 0.3000 0.5000
vn -0.4690 0.1732 0.8660
vn 0.8124 -0.3000 0.5000
vn 0.4690 -0.1732 0.8660
vn 0.8124 -0.3000 -0.5000
vn 0.4690 -0.1732 -0.8660
vn -0.0000 -0.0000 -1.0000
vn 0.9381 -0.3464 -0.0000
vt 1.000000 0.000000
vt 0.600000 0.000000
vt 0.800000 0.000000
vt 0.400000 0.000000
vt 0.000000 0.000000
vt 0.200000 0.000000
vt 0.000000 1.000000
vt 0.333333 1.000000
vt 0.333333 0.833333
vt 0.000000 0.833333
vt 0.000000 0.166667
vt 0.333333 0.166667
vt 0.333333 0.000000
vt 0.000000 0.333333
vt 0.333333 0.333333
vt 0.000000 0.500000
vt 0.333333 0.500000
vt 0.000000 0.666667
vt 0.333333 0.666667
vt 0.666667 1.000000
vt 0.666667 0.833333
vt 0.666667 0.166667
vt 0.666667 0.000000
vt 0.666667 0.333333
vt 0.666667 0.500000
vt 0.666667 0.666667
vt 1.000000 1.000000
vt 1.000000 0.833333
vt 1.000000 0.166667
vt 1.000000 0.333333
vt 1.000000 0.500000
vt 1.000000 0.666667
s 1
usemtl Glow_|_amber
f 4641/5046/5485 4639/5047/5485 4640/5048/5485
f 4641/5046/5485 4638/5049/5485 4639/5047/5485
f 4636/5050/5485 4638/5049/5485 4641/5046/5485
f 4636/5050/5485 4637/5051/5485 4638/5049/5485
f 4644/5049/5486 4646/5048/5486 4645/5047/5486
f 4644/5049/5486 4647/5046/5486 4646/5048/5486
f 4643/5051/5486 4647/5046/5486 4644/5049/5486
f 4643/5051/5486 4642/5050/5487 4647/5046/5486
f 4642/5052/5488 4648/5053/5488 4653/5054/5489 4647/5055/5489
f 4643/5056/5490 4649/5057/5490 4648/5058/5488 4642/5050/5488
f 4644/5059/5491 4650/5060/5491 4649/5057/5490 4643/5056/5490
f 4645/5061/5492 4651/5062/5492 4650/5060/5493 4644/5059/5493
f 4646/5063/5494 4652/5064/5494 4651/5062/5492 4645/5061/5492
f 4647/5055/5495 4653/5054/5495 4652/5064/5494 4646/5063/5494
f 4648/5053/5488 4654/5065/5488 4659/5066/5496 4653/5054/5489
f 4649/5057/5490 4655/5067/5490 4654/5068/5488 4648/5058/5488
f 4650/5060/5491 4656/5069/5491 4655/5067/5490 4649/5057/5490
f 4651/5062/5492 4657/5070/5492 4656/5069/5493 4650/5060/5493
f 4652/5064/5494 4658/5071/5494 4657/5070/5492 4651/5062/5492
f 4653/5054/5495 4659/5066/5496 4658/5071/5494 4652/5064/5494
f 4654/5065/5488 4636/5072/5488 4641/5073/5496 4659/5066/5496
f 4655/5067/5490 4637/5074/5490 4636/5046/5488 4654/5068/5488
f 4656/5069/5491 4638/5075/5491 4637/5074/5490 4655/5067/5490
f 4657/5070/5492 4639/5076/5492 4638/5075/5493 4656/5069/5493
f 4658/5071/5494 4640/5077/5497 4639/5076/5492 4657/5070/5492
f 4659/5066/5496 4641/5073/5496 4640/5077/5495 4658/5071/5494
o Glow_|_right_magazine_strip_2
v -0.098913 0.029066 0.015692
v -0.098913 0.029066 0.018308
v -0.096769 0.028333 0.019615
v -0.094626 0.027601 0.018308
v -0.094626 0.027601 0.015692
v -0.096769 0.028333 0.014385
v -0.128554 -0.057678 0.015692
v -0.128554 -0.057678 0.018308
v -0.126410 -0.058410 0.019615
v -0.124267 -0.059143 0.018308
v -0.124267 -0.059143 0.015692
v -0.126410 -0.058410 0.014385
v -0.118297 -0.027663 0.015692
v -0.118297 -0.027663 0.018308
v -0.116154 -0.028395 0.019615
v -0.114011 -0.029128 0.018308
v -0.114011 -0.029128 0.015692
v -0.116154 -0.028395 0.014385
v -0.109169 -0.000949 0.015692
v -0.109169 -0.000949 0.018308
v -0.107026 -0.001681 0.019615
v -0.104882 -0.002414 0.018308
v -0.104882 -0.002414 0.015692
v -0.107026 -0.001681 0.014385
vn 0.3234 0.9463 -0.0000
vn -0.3234 -0.9463 -0.0000
vn -0.3233 -0.9463 -0.0000
vn -0.4731 0.1617 -0.8660
vn -0.8195 0.2800 -0.5000
vn -0.9463 0.3234 -0.0000
vn -0.8195 0.2800 0.5000
vn -0.4731 0.1617 0.8660
vn 0.8195 -0.2800 0.5000
vn 0.4731 -0.1617 0.8660
vn 0.8195 -0.2800 -0.5000
vn 0.4731 -0.1617 -0.8660
vn 0.9463 -0.3234 -0.0000
vt 1.000000 0.000000
vt 0.600000 0.000000
vt 0.800000 0.000000
vt 0.400000 0.000000
vt 0.000000 0.000000
vt 0.200000 0.000000
vt 0.000000 1.000000
vt 0.333333 1.000000
vt 0.333333 0.833333
vt 0.000000 0.833333
vt 0.000000 0.166667
vt 0.333333 0.166667
vt 0.333333 0.000000
vt 0.000000 0.333333
vt 0.333333 0.333333
vt 0.000000 0.500000
vt 0.333333 0.500000
vt 0.000000 0.666667
vt 0.333333 0.666667
vt 0.666667 1.000000
vt 0.666667 0.833333
vt 0.666667 0.166667
vt 0.666667 0.000000
vt 0.666667 0.333333
vt 0.666667 0.500000
vt 0.666667 0.666667
vt 1.000000 1.000000
vt 1.000000 0.833333
vt 1.000000 0.166667
vt 1.000000 0.333333
vt 1.000000 0.500000
vt 1.000000 0.666667
s 1
usemtl Glow_|_amber
f 4665/5078/5498 4663/5079/5498 4664/5080/5498
f 4665/5078/5498 4662/5081/5498 4663/5079/5498
f 4660/5082/5498 4662/5081/5498 4665/5078/5498
f 4660/5082/5498 4661/5083/5498 4662/5081/5498
f 4668/5081/5499 4670/5080/5499 4669/5079/5499
f 4668/5081/5499 4671/5078/5499 4670/5080/5499
f 4667/5083/5500 4671/5078/5499 4668/5081/5499
f 4667/5083/5500 4666/5082/5500 4671/5078/5499
f 4666/5084/5501 4672/5085/5502 4677/5086/5501 4671/5087/5501
f 4667/5088/5503 4673/5089/5504 4672/5090/5502 4666/5082/5503
f 4668/5091/5505 4674/5092/5505 4673/5089/5504 4667/5088/5505
f 4669/5093/5506 4675/5094/5506 4674/5092/5507 4668/5091/5507
f 4670/5095/5508 4676/5096/5508 4675/5094/5506 4669/5093/5506
f 4671/5087/5509 4677/5086/5509 4676/5096/5508 4670/5095/5508
f 4672/5085/5502 4678/5097/5502 4683/5098/5501 4677/5086/5501
f 4673/5089/5504 4679/5099/5504 4678/5100/5502 4672/5090/5502
f 4674/5092/5505 4680/5101/5505 4679/5099/5504 4673/5089/5504
f 4675/5094/5506 4681/5102/5507 4680/5101/5507 4674/5092/5507
f 4676/5096/5508 4682/5103/5510 4681/5102/5510 4675/5094/5506
f 4677/5086/5509 4683/5098/5509 4682/5103/5509 4676/5096/5508
f 4678/5097/5502 4660/5104/5502 4665/5105/5501 4683/5098/5501
f 4679/5099/5504 4661/5106/5504 4660/5078/5502 4678/5100/5502
f 4680/5101/5505 4662/5107/5505 4661/5106/5504 4679/5099/5504
f 4681/5102/5507 4663/5108/5507 4662/5107/5507 4680/5101/5507
f 4682/5103/5510 4664/5109/5510 4663/5108/5510 4681/5102/5510
f 4683/5098/5509 4665/5105/5509 4664/5109/5509 4682/5103/5509
o Grip_|_right_rubber_panel
v -0.017436 -0.058410 0.019800
v -0.020984 -0.056807 0.019800
v -0.024256 -0.055303 0.019800
v -0.026841 -0.053282 0.019800
v -0.028333 -0.050128 0.019800
v -0.027538 -0.035661 0.019800
v -0.020447 -0.023885 0.019800
v -0.010217 -0.012699 0.019800
v 0.000000 0.000000 0.019800
v 0.005675 0.008330 0.019800
v 0.011099 0.015638 0.019800
v 0.016422 0.022537 0.019800
v 0.021795 0.029641 0.019800
v 0.044462 0.029641 0.019800
v 0.044615 0.025620 0.019800
v 0.044870 0.021679 0.019800
v 0.044921 0.017578 0.019800
v 0.044462 0.013077 0.019800
v 0.041413 0.000582 0.019800
v 0.037383 -0.010050 0.019800
v 0.032861 -0.020561 0.019800
v 0.028333 -0.032692 0.019800
v 0.025186 -0.042798 0.019800
v 0.022509 -0.051967 0.019800
v 0.020019 -0.060762 0.019800
v 0.017436 -0.069744 0.019800
v 0.008867 -0.067312 0.019800
v 0.000398 -0.065149 0.019800
v -0.008271 -0.062450 0.019800
v -0.017436 -0.058410 0.016200
v -0.020984 -0.056807 0.016200
v -0.024256 -0.055303 0.016200
v -0.026841 -0.053282 0.016200
v -0.028333 -0.050128 0.016200
v -0.027538 -0.035661 0.016200
v -0.020447 -0.023885 0.016200
v -0.010217 -0.012699 0.016200
v 0.000000 -0.000000 0.016200
v 0.005675 0.008330 0.016200
v 0.011099 0.015638 0.016200
v 0.016422 0.022537 0.016200
v 0.021795 0.029641 0.016200
v 0.044462 0.029641 0.016200
v 0.044615 0.025620 0.016200
v 0.044870 0.021679 0.016200
v 0.044921 0.017578 0.016200
v 0.044462 0.013077 0.016200
v 0.041413 0.000582 0.016200
v 0.037383 -0.010050 0.016200
v 0.032861 -0.020561 0.016200
v 0.028333 -0.032692 0.016200
v 0.025186 -0.042798 0.016200
v 0.022509 -0.051967 0.016200
v 0.020019 -0.060762 0.016200
v 0.017436 -0.069744 0.016200
v 0.008867 -0.067312 0.016200
v 0.000398 -0.065149 0.016200
v -0.008271 -0.062450 0.016200
v -0.017609 -0.058798 0.016376
v -0.017680 -0.058958 0.016800
v -0.017680 -0.058958 0.019200
v -0.017609 -0.058798 0.019624
v -0.021160 -0.057193 0.016376
v -0.021233 -0.057353 0.016800
v -0.021233 -0.057353 0.019200
v -0.021160 -0.057193 0.019624
v -0.024478 -0.055668 0.016376
v -0.024570 -0.055819 0.016800
v -0.024570 -0.055819 0.019200
v -0.024478 -0.055668 0.019624
v -0.027182 -0.053554 0.016376
v -0.027323 -0.053667 0.016800
v -0.027323 -0.053667 0.019200
v -0.027182 -0.053554 0.019624
v -0.028763 -0.050212 0.016376
v -0.028941 -0.050247 0.016800
v -0.028941 -0.050247 0.019200
v -0.028763 -0.050212 0.019624
v -0.027956 -0.035533 0.016376
v -0.028129 -0.035479 0.016800
v -0.028129 -0.035479 0.019200
v -0.027956 -0.035533 0.019624
v -0.020789 -0.023630 0.016376
v -0.020931 -0.023525 0.016800
v -0.020931 -0.023525 0.019200
v -0.020789 -0.023630 0.019624
v -0.010539 -0.012423 0.016376
v -0.010672 -0.012308 0.016800
v -0.010672 -0.012308 0.019200
v -0.010539 -0.012423 0.019624
v -0.000341 0.000253 0.016376
v -0.000482 0.000358 0.016800
v -0.000482 0.000358 0.019200
v -0.000341 0.000253 0.019624
v 0.005330 0.008576 0.016376
v 0.005186 0.008678 0.016800
v 0.005186 0.008678 0.019200
v 0.005330 0.008576 0.019624
v 0.010761 0.015894 0.016376
v 0.010620 0.016000 0.016800
v 0.010620 0.016000 0.019200
v 0.010761 0.015894 0.019624
v 0.016085 0.022795 0.016376
v 0.015945 0.022902 0.016800
v 0.015945 0.022902 0.019200
v 0.016085 0.022795 0.019624
v 0.021584 0.030065 0.016376
v 0.021496 0.030241 0.016800
v 0.021496 0.030241 0.019200
v 0.021584 0.030065 0.019624
v 0.044870 0.030065 0.016376
v 0.045039 0.030241 0.016800
v 0.045039 0.030241 0.019200
v 0.044870 0.030065 0.019624
v 0.045039 0.025642 0.016376
v 0.045214 0.025651 0.016800
v 0.045214 0.025651 0.019200
v 0.045039 0.025642 0.019624
v 0.045294 0.021695 0.016376
v 0.045470 0.021702 0.016800
v 0.045470 0.021702 0.019200
v 0.045294 0.021695 0.019624
v 0.045346 0.017559 0.016376
v 0.045522 0.017551 0.016800
v 0.045522 0.017551 0.019200
v 0.045346 0.017559 0.019624
v 0.044881 0.013005 0.016376
v 0.045054 0.012975 0.016800
v 0.045054 0.012975 0.019200
v 0.044881 0.013005 0.019624
v 0.041819 0.000456 0.016376
v 0.041987 0.000404 0.016800
v 0.041987 0.000404 0.019200
v 0.041819 0.000456 0.019624
v 0.037777 -0.010209 0.016376
v 0.037940 -0.010275 0.016800
v 0.037940 -0.010275 0.019200
v 0.037777 -0.010209 0.019624
v 0.033255 -0.020719 0.016376
v 0.033418 -0.020785 0.016800
v 0.033418 -0.020785 0.019200
v 0.033255 -0.020719 0.019624
v 0.028735 -0.032830 0.016376
v 0.028901 -0.032887 0.016800
v 0.028901 -0.032887 0.019200
v 0.028735 -0.032830 0.019624
v 0.025592 -0.042920 0.016376
v 0.025761 -0.042971 0.016800
v 0.025761 -0.042971 0.019200
v 0.025592 -0.042920 0.019624
v 0.022917 -0.052084 0.016376
v 0.023086 -0.052133 0.016800
v 0.023086 -0.052133 0.019200
v 0.022917 -0.052084 0.019624
v 0.020427 -0.060878 0.016376
v 0.020596 -0.060926 0.016800
v 0.020596 -0.060926 0.019200
v 0.020427 -0.060878 0.019624
v 0.017727 -0.070267 0.016376
v 0.017847 -0.070484 0.016800
v 0.017847 -0.070484 0.019200
v 0.017727 -0.070267 0.019624
v 0.008757 -0.067722 0.016376
v 0.008711 -0.067892 0.016800
v 0.008711 -0.067892 0.019200
v 0.008757 -0.067722 0.019624
v 0.000282 -0.065557 0.016376
v 0.000234 -0.065726 0.016800
v 0.000234 -0.065726 0.019200
v 0.000282 -0.065557 0.019624
v -0.008420 -0.062848 0.016376
v -0.008482 -0.063012 0.016800
v -0.008482 -0.063012 0.019200
v -0.008420 -0.062848 0.019624
vn -0.1546 0.1181 0.9809
vn 0.1467 0.1524 0.9774
vn -0.1006 0.2022 0.9742
vn 0.1932 0.0099 0.9811
vn 0.1980 0.0076 0.9802
vn -0.1565 0.1184 0.9806
vn 0.2014 -0.0090 0.9795
vn 0.1999 -0.0344 0.9792
vn -0.1609 0.1145 0.9803
vn 0.1930 -0.0599 0.9794
vn -0.1528 0.1133 0.9817
vn 0.1833 -0.0741 0.9803
vn -0.1451 0.1245 0.9815
vn 0.1783 -0.0716 0.9814
vn -0.1651 0.1233 0.9786
vn 0.1814 -0.0620 0.9814
vn -0.2084 0.0641 0.9760
vn 0.1858 -0.0560 0.9810
vn -0.2142 -0.0420 0.9759
vn 0.1870 -0.0538 0.9809
vn -0.1697 -0.1357 0.9761
vn 0.1878 -0.0536 0.9807
vn -0.1080 -0.1773 0.9782
vn -0.0811 -0.1779 0.9807
vn -0.0797 -0.1787 0.9807
vn -0.0707 -0.1887 0.9795
vn -0.0504 -0.1868 0.9811
vn 0.1018 -0.1833 0.9778
vn -0.0540 -0.1906 0.9802
vn -0.1546 0.1181 -0.9809
vn -0.1006 0.2022 -0.9742
vn 0.1467 0.1524 -0.9774
vn 0.1932 0.0099 -0.9811
vn 0.1980 0.0076 -0.9802
vn -0.1565 0.1184 -0.9806
vn 0.2014 -0.0090 -0.9795
vn 0.1999 -0.0344 -0.9792
vn -0.1609 0.1145 -0.9803
vn 0.1930 -0.0599 -0.9794
vn -0.1528 0.1133 -0.9817
vn 0.1833 -0.0741 -0.9803
vn -0.1451 0.1245 -0.9815
vn 0.1783 -0.0716 -0.9814
vn -0.1651 0.1233 -0.9786
vn 0.1814 -0.0620 -0.9814
vn -0.2084 0.0641 -0.9760
vn 0.1858 -0.0560 -0.9810
vn -0.2142 -0.0420 -0.9759
vn 0.1870 -0.0538 -0.9809
vn -0.1697 -0.1357 -0.9761
vn 0.1878 -0.0536 -0.9807
vn -0.1080 -0.1773 -0.9782
vn -0.0811 -0.1779 -0.9807
vn -0.0797 -0.1787 -0.9807
vn -0.0707 -0.1887 -0.9795
vn -0.0504 -0.1868 -0.9811
vn 0.1018 -0.1833 -0.9778
vn -0.0540 -0.1906 -0.9802
vn -0.1559 -0.3495 -0.9239
vn -0.1587 -0.3482 -0.9239
vn -0.3997 -0.8957 -0.1950
vn -0.4068 -0.8925 -0.1950
vn -0.3832 -0.8407 -0.3827
vn -0.3765 -0.8437 -0.3827
vn -0.3997 -0.8957 0.1950
vn -0.4068 -0.8925 0.1950
vn -0.3765 -0.8437 0.3827
vn -0.3832 -0.8407 0.3827
vn -0.1587 -0.3482 0.9239
vn -0.1559 -0.3495 0.9239
vn -0.1980 -0.3249 -0.9248
vn -0.5105 -0.8378 -0.1935
vn -0.4802 -0.7882 -0.3849
vn -0.5105 -0.8378 0.1935
vn -0.4802 -0.7882 0.3849
vn -0.1980 -0.3249 0.9248
vn -0.2919 -0.2335 -0.9275
vn -0.7660 -0.6127 -0.1944
vn -0.7185 -0.5747 -0.3917
vn -0.7660 -0.6127 0.1944
vn -0.7185 -0.5747 0.3917
vn -0.2919 -0.2335 0.9275
vn -0.3656 -0.0716 -0.9280
vn -0.9626 -0.1886 -0.1946
vn -0.9024 -0.1768 -0.3930
vn -0.9626 -0.1886 0.1946
vn -0.9024 -0.1768 0.3930
vn -0.3656 -0.0716 0.9280
vn -0.3565 0.1097 -0.9278
vn -0.9375 0.2884 -0.1946
vn -0.8791 0.2704 -0.3925
vn -0.9375 0.2884 0.1946
vn -0.8791 0.2704 0.3925
vn -0.3565 0.1097 0.9278
vn -0.3053 0.2280 -0.9245
vn -0.7861 0.5870 -0.1936
vn -0.7397 0.5524 -0.3843
vn -0.7861 0.5870 0.1936
vn -0.7397 0.5524 0.3843
vn -0.3053 0.2280 0.9245
vn -0.2903 0.2491 -0.9239
vn -0.7442 0.6386 -0.1959
vn -0.7011 0.6016 -0.3828
vn -0.7442 0.6386 0.1959
vn -0.7011 0.6016 0.3828
vn -0.2903 0.2491 0.9239
vn -0.3072 0.2277 -0.9240
vn -0.7878 0.5839 -0.1962
vn -0.7422 0.5500 -0.3829
vn -0.7878 0.5839 0.1962
vn -0.7422 0.5500 0.3829
vn -0.3072 0.2277 0.9240
vn -0.3118 0.2218 -0.9239
vn -0.7993 0.5685 -0.1946
vn -0.7528 0.5355 -0.3828
vn -0.7993 0.5685 0.1946
vn -0.7528 0.5355 0.3827
vn -0.3118 0.2218 0.9239
vn -0.3052 0.2309 -0.9239
vn -0.7821 0.5918 -0.1949
vn -0.7367 0.5575 -0.3827
vn -0.7821 0.5918 0.1949
vn -0.7367 0.5575 0.3827
vn -0.3052 0.2309 0.9239
vn -0.3041 0.2323 -0.9239
vn -0.7794 0.5954 -0.1952
vn -0.7342 0.5608 -0.3827
vn -0.7794 0.5954 0.1952
vn -0.7342 0.5608 0.3827
vn -0.3041 0.2323 0.9239
vn -0.1549 0.3113 -0.9376
vn -0.7841 0.5931 -0.1827
vn -0.7368 0.5573 -0.3827
vn -0.7841 0.5931 0.1827
vn -0.7368 0.5573 0.3827
vn -0.1549 0.3113 0.9376
vn 0.1983 0.2060 -0.9582
vn -0.0000 0.9832 -0.1827
vn -0.0000 0.9854 -0.1703
vn -0.0000 0.9239 -0.3827
vn -0.0000 0.9832 0.1827
vn -0.0000 0.9854 0.1703
vn -0.0000 0.9239 0.3827
vn 0.1983 0.2060 0.9582
vn 0.3822 0.0197 -0.9239
vn 0.9847 0.0375 -0.1703
vn 0.9794 0.0504 -0.1954
vn 0.9226 0.0475 -0.3827
vn 0.9232 0.0352 -0.3827
vn 0.9847 0.0375 0.1703
vn 0.9794 0.0504 0.1954
vn 0.9232 0.0352 0.3827
vn 0.9226 0.0475 0.3827
vn 0.3822 0.0197 0.9239
vn 0.3823 0.0148 -0.9239
vn 0.9802 0.0379 -0.1945
vn 0.9231 0.0357 -0.3828
vn 0.9802 0.0379 0.1945
vn 0.9231 0.0357 0.3828
vn 0.3823 0.0148 0.9239
vn 0.3818 -0.0171 -0.9241
vn 0.9800 -0.0438 -0.1940
vn 0.9227 -0.0413 -0.3832
vn 0.9800 -0.0438 0.1940
vn 0.9227 -0.0413 0.3832
vn 0.3818 -0.0171 0.9241
vn 0.3764 -0.0648 -0.9242
vn 0.9668 -0.1665 -0.1939
vn 0.9102 -0.1568 -0.3835
vn 0.9668 -0.1665 0.1939
vn 0.9102 -0.1568 0.3835
vn 0.3764 -0.0648 0.9242
vn 0.3649 -0.1132 -0.9241
vn 0.9370 -0.2906 -0.1940
vn 0.8822 -0.2736 -0.3833
vn 0.9370 -0.2906 0.1940
vn 0.8822 -0.2736 0.3833
vn 0.3649 -0.1132 0.9241
vn 0.3547 -0.1434 -0.9239
vn 0.9093 -0.3677 -0.1946
vn 0.8565 -0.3463 -0.3828
vn 0.9093 -0.3677 0.1946
vn 0.8565 -0.3463 0.3828
vn 0.3547 -0.1434 0.9239
vn 0.3550 -0.1425 -0.9239
vn 0.9101 -0.3653 -0.1957
vn 0.8573 -0.3442 -0.3828
vn 0.9101 -0.3653 0.1957
vn 0.8573 -0.3442 0.3828
vn 0.3550 -0.1425 0.9239
vn 0.3620 -0.1238 -0.9239
vn 0.9279 -0.3174 -0.1958
vn 0.8741 -0.2990 -0.3828
vn 0.9279 -0.3174 0.1958
vn 0.8741 -0.2990 0.3828
vn 0.3620 -0.1238 0.9239
vn 0.3664 -0.1105 -0.9239
vn 0.9389 -0.2833 -0.1953
vn 0.8845 -0.2668 -0.3827
vn 0.9389 -0.2833 0.1953
vn 0.8845 -0.2668 0.3827
vn 0.3664 -0.1105 0.9239
vn 0.3678 -0.1057 -0.9239
vn 0.9426 -0.2710 -0.1952
vn 0.8879 -0.2553 -0.3827
vn 0.9426 -0.2710 0.1952
vn 0.8879 -0.2553 0.3827
vn 0.3678 -0.1057 0.9239
vn 0.3680 -0.1050 -0.9239
vn 0.9431 -0.2691 -0.1950
vn 0.8884 -0.2535 -0.3827
vn 0.9431 -0.2691 0.1950
vn 0.8884 -0.2535 0.3827
vn 0.3680 -0.1050 0.9239
vn 0.1367 -0.2461 -0.9595
vn 0.9471 -0.2724 -0.1694
vn 0.8879 -0.2554 -0.3827
vn 0.9471 -0.2724 0.1694
vn 0.8879 -0.2554 0.3827
vn 0.1367 -0.2461 0.9595
vn -0.0996 -0.3695 -0.9239
vn -0.2690 -0.9481 -0.1694
vn -0.2552 -0.9469 -0.1954
vn -0.2404 -0.8920 -0.3827
vn -0.2522 -0.8888 -0.3827
vn -0.2690 -0.9481 0.1694
vn -0.2552 -0.9469 0.1954
vn -0.2522 -0.8888 0.3827
vn -0.2404 -0.8920 0.3827
vn -0.0996 -0.3695 0.9239
vn -0.1042 -0.3681 -0.9239
vn -0.2673 -0.9438 -0.1945
vn -0.2517 -0.8889 -0.3828
vn -0.2673 -0.9438 0.1945
vn -0.2517 -0.8889 0.3828
vn -0.1042 -0.3681 0.9239
vn -0.1341 -0.3579 -0.9241
vn -0.3442 -0.9186 -0.1940
vn -0.3241 -0.8649 -0.3832
vn -0.3442 -0.9186 0.1940
vn -0.3241 -0.8649 0.3832
vn -0.1341 -0.3579 0.9241
vt 0.392857 0.000000
vt 0.464286 0.000000
vt 0.428571 0.000000
vt 0.500000 0.000000
vt 0.535714 0.000000
vt 0.357143 0.000000
vt 0.571429 0.000000
vt 0.607143 0.000000
vt 0.321429 0.000000
vt 0.642857 0.000000
vt 0.285714 0.000000
vt 0.678571 0.000000
vt 0.250000 0.000000
vt 0.714286 0.000000
vt 0.214286 0.000000
vt 0.750000 0.000000
vt 0.178571 0.000000
vt 0.785714 0.000000
vt 0.142857 0.000000
vt 0.821429 0.000000
vt 0.107143 0.000000
vt 0.857143 0.000000
vt 0.071429 0.000000
vt 0.035714 0.000000
vt 0.000000 0.000000
vt 1.000000 0.000000
vt 0.928571 0.000000
vt 0.892857 0.000000
vt 0.964286 0.000000
vt 0.000000 0.200000
vt 0.034483 0.200000
vt 0.034483 0.000000
vt 0.000000 0.400000
vt 0.034483 0.400000
vt 0.000000 0.600000
vt 0.034483 0.600000
vt 0.000000 0.800000
vt 0.034483 0.800000
vt 0.000000 1.000000
vt 0.034483 1.000000
vt 0.068966 0.200000
vt 0.068966 0.000000
vt 0.068966 0.400000
vt 0.068966 0.600000
vt 0.068966 0.800000
vt 0.068966 1.000000
vt 0.103448 0.200000
vt 0.103448 0.000000
vt 0.103448 0.400000
vt 0.103448 0.600000
vt 0.103448 0.800000
vt 0.103448 1.000000
vt 0.137931 0.200000
vt 0.137931 0.000000
vt 0.137931 0.400000
vt 0.137931 0.600000
vt 0.137931 0.800000
vt 0.137931 1.000000
vt 0.172414 0.200000
vt 0.172414 0.000000
vt 0.172414 0.400000
vt 0.172414 0.600000
vt 0.172414 0.800000
vt 0.172414 1.000000
vt 0.206897 0.200000
vt 0.206897 0.000000
vt 0.206897 0.400000
vt 0.206897 0.600000
vt 0.206897 0.800000
vt 0.206897 1.000000
vt 0.241379 0.200000
vt 0.241379 0.000000
vt 0.241379 0.400000
vt 0.241379 0.600000
vt 0.241379 0.800000
vt 0.241379 1.000000
vt 0.275862 0.200000
vt 0.275862 0.000000
vt 0.275862 0.400000
vt 0.275862 0.600000
vt 0.275862 0.800000
vt 0.275862 1.000000
vt 0.310345 0.200000
vt 0.310345 0.000000
vt 0.310345 0.400000
vt 0.310345 0.600000
vt 0.310345 0.800000
vt 0.310345 1.000000
vt 0.344828 0.200000
vt 0.344828 0.000000
vt 0.344828 0.400000
vt 0.344828 0.600000
vt 0.344828 0.800000
vt 0.344828 1.000000
vt 0.379310 0.200000
vt 0.379310 0.000000
vt 0.379310 0.400000
vt 0.379310 0.600000
vt 0.379310 0.800000
vt 0.379310 1.000000
vt 0.413793 0.200000
vt 0.413793 0.000000
vt 0.413793 0.400000
vt 0.413793 0.600000
vt 0.413793 0.800000
vt 0.413793 1.000000
vt 0.448276 0.200000
vt 0.448276 0.000000
vt 0.448276 0.400000
vt 0.448276 0.600000
vt 0.448276 0.800000
vt 0.448276 1.000000
vt 0.482759 0.200000
vt 0.482759 0.000000
vt 0.482759 0.400000
vt 0.482759 0.600000
vt 0.482759 0.800000
vt 0.482759 1.000000
vt 0.517241 0.200000
vt 0.517241 0.000000
vt 0.517241 0.400000
vt 0.517241 0.600000
vt 0.517241 0.800000
vt 0.517241 1.000000
vt 0.551724 0.200000
vt 0.551724 0.000000
vt 0.551724 0.400000
vt 0.551724 0.600000
vt 0.551724 0.800000
vt 0.551724 1.000000
vt 0.586207 0.200000
vt 0.586207 0.000000
vt 0.586207 0.400000
vt 0.586207 0.600000
vt 0.586207 0.800000
vt 0.586207 1.000000
vt 0.620690 0.200000
vt 0.620690 0.000000
vt 0.620690 0.400000
vt 0.620690 0.600000
vt 0.620690 0.800000
vt 0.620690 1.000000
vt 0.655172 0.200000
vt 0.655172 0.000000
vt 0.655172 0.400000
vt 0.655172 0.600000
vt 0.655172 0.800000
vt 0.655172 1.000000
vt 0.689655 0.200000
vt 0.689655 0.000000
vt 0.689655 0.400000
vt 0.689655 0.600000
vt 0.689655 0.800000
vt 0.689655 1.000000
vt 0.724138 0.200000
vt 0.724138 0.000000
vt 0.724138 0.400000
vt 0.724138 0.600000
vt 0.724138 0.800000
vt 0.724138 1.000000
vt 0.758621 0.200000
vt 0.758621 0.000000
vt 0.758621 0.400000
vt 0.758621 0.600000
vt 0.758621 0.800000
vt 0.758621 1.000000
vt 0.793103 0.200000
vt 0.793103 0.000000
vt 0.793103 0.400000
vt 0.793103 0.600000
vt 0.793103 0.800000
vt 0.793103 1.000000
vt 0.827586 0.200000
vt 0.827586 0.000000
vt 0.827586 0.400000
vt 0.827586 0.600000
vt 0.827586 0.800000
vt 0.827586 1.000000
vt 0.862069 0.200000
vt 0.862069 0.000000
vt 0.862069 0.400000
vt 0.862069 0.600000
vt 0.862069 0.800000
vt 0.862069 1.000000
vt 0.896552 0.200000
vt 0.896552 0.000000
vt 0.896552 0.400000
vt 0.896552 0.600000
vt 0.896552 0.800000
vt 0.896552 1.000000
vt 0.931035 0.200000
vt 0.931035 0.000000
vt 0.931035 0.400000
vt 0.931035 0.600000
vt 0.931035 0.800000
vt 0.931035 1.000000
vt 0.965517 0.200000
vt 0.965517 0.000000
vt 0.965517 0.400000
vt 0.965517 0.600000
vt 0.965517 0.800000
vt 0.965517 1.000000
vt 1.000000 0.200000
vt 1.000000 0.400000
vt 1.000000 0.600000
vt 1.000000 0.800000
vt 1.000000 1.000000
s 1
usemtl Polymer_|_black
f 4695/5110/5511 4697/5111/5512 4696/5112/5513
f 4695/5110/5511 4698/5113/5514 4697/5111/5512
f 4695/5110/5511 4699/5114/5515 4698/5113/5514
f 4694/5115/5516 4699/5114/5515 4695/5110/5511
f 4694/5115/5516 4700/5116/5517 4699/5114/5515
f 4694/5115/5516 4701/5117/5518 4700/5116/5517
f 4693/5118/5519 4701/5117/5518 4694/5115/5516
f 4693/5118/5519 4702/5119/5520 4701/5117/5518
f 4692/5120/5521 4702/5119/5520 4693/5118/5519
f 4692/5120/5521 4703/5121/5522 4702/5119/5520
f 4691/5122/5523 4703/5121/5522 4692/5120/5521
f 4691/5122/5523 4704/5123/5524 4703/5121/5522
f 4690/5124/5525 4704/5123/5524 4691/5122/5523
f 4690/5124/5525 4705/5125/5526 4704/5123/5524
f 4689/5126/5527 4705/5125/5526 4690/5124/5525
f 4689/5126/5527 4706/5127/5528 4705/5125/5526
f 4688/5128/5529 4706/5127/5528 4689/5126/5527
f 4688/5128/5529 4707/5129/5530 4706/5127/5528
f 4687/5130/5531 4707/5129/5530 4688/5128/5529
f 4687/5130/5531 4708/5131/5532 4707/5129/5530
f 4686/5132/5533 4708/5131/5532 4687/5130/5531
f 4685/5133/5534 4708/5131/5532 4686/5132/5533
f 4684/5134/5535 4708/5131/5532 4685/5133/5534
f 4712/5135/5536 4708/5131/5532 4684/5134/5535
f 4712/5135/5536 4710/5136/5537 4708/5131/5532
f 4710/5136/5537 4709/5137/5538 4708/5131/5532
f 4711/5138/5539 4710/5136/5537 4712/5135/5536
f 4724/5110/5540 4725/5112/5541 4726/5111/5542
f 4724/5110/5540 4726/5111/5542 4727/5113/5543
f 4724/5110/5540 4727/5113/5543 4728/5114/5544
f 4723/5115/5545 4724/5110/5540 4728/5114/5544
f 4723/5115/5545 4728/5114/5544 4729/5116/5546
f 4723/5115/5545 4729/5116/5546 4730/5117/5547
f 4722/5118/5548 4723/5115/5545 4730/5117/5547
f 4722/5118/5548 4730/5117/5547 4731/5119/5549
f 4721/5120/5550 4722/5118/5548 4731/5119/5549
f 4721/5120/5550 4731/5119/5549 4732/5121/5551
f 4720/5122/5552 4721/5120/5550 4732/5121/5551
f 4720/5122/5552 4732/5121/5551 4733/5123/5553
f 4719/5124/5554 4720/5122/5552 4733/5123/5553
f 4719/5124/5554 4733/5123/5553 4734/5125/5555
f 4718/5126/5556 4719/5124/5554 4734/5125/5555
f 4718/5126/5556 4734/5125/5555 4735/5127/5557
f 4717/5128/5558 4718/5126/5556 4735/5127/5557
f 4717/5128/5558 4735/5127/5557 4736/5129/5559
f 4716/5130/5560 4717/5128/5558 4736/5129/5559
f 4716/5130/5560 4736/5129/5559 4737/5131/5561
f 4715/5132/5562 4716/5130/5560 4737/5131/5561
f 4714/5133/5563 4715/5132/5562 4737/5131/5561
f 4713/5134/5564 4714/5133/5563 4737/5131/5561
f 4741/5135/5565 4713/5134/5564 4737/5131/5561
f 4741/5135/5565 4737/5131/5561 4739/5136/5566
f 4739/5136/5566 4737/5131/5561 4738/5137/5567
f 4740/5138/5568 4741/5135/5565 4739/5136/5566
f 4742/5139/5569 4746/5140/5570 4714/5141/5563 4713/5134/5564
f 4743/5142/5571 4747/5143/5572 4746/5140/5573 4742/5139/5574
f 4744/5144/5575 4748/5145/5576 4747/5143/5572 4743/5142/5571
f 4745/5146/5577 4749/5147/5578 4748/5145/5576 4744/5144/5575
f 4684/5148/5535 4685/5149/5534 4749/5147/5579 4745/5146/5580
f 4746/5140/5570 4750/5150/5581 4715/5151/5562 4714/5141/5563
f 4747/5143/5572 4751/5152/5582 4750/5150/5583 4746/5140/5573
f 4748/5145/5576 4752/5153/5584 4751/5152/5582 4747/5143/5572
f 4749/5147/5578 4753/5154/5585 4752/5153/5584 4748/5145/5576
f 4685/5149/5534 4686/5155/5533 4753/5154/5586 4749/5147/5579
f 4750/5150/5581 4754/5156/5587 4716/5157/5560 4715/5151/5562
f 4751/5152/5582 4755/5158/5588 4754/5156/5589 4750/5150/5583
f 4752/5153/5584 4756/5159/5590 4755/5158/5588 4751/5152/5582
f 4753/5154/5585 4757/5160/5591 4756/5159/5590 4752/5153/5584
f 4686/5155/5533 4687/5161/5531 4757/5160/5592 4753/5154/5586
f 4754/5156/5587 4758/5162/5593 4717/5163/5558 4716/5157/5560
f 4755/5158/5588 4759/5164/5594 4758/5162/5595 4754/5156/5589
f 4756/5159/5590 4760/5165/5596 4759/5164/5594 4755/5158/5588
f 4757/5160/5591 4761/5166/5597 4760/5165/5596 4756/5159/5590
f 4687/5161/5531 4688/5167/5529 4761/5166/5598 4757/5160/5592
f 4758/5162/5593 4762/5168/5599 4718/5169/5556 4717/5163/5558
f 4759/5164/5594 4763/5170/5600 4762/5168/5601 4758/5162/5595
f 4760/5165/5596 4764/5171/5602 4763/5170/5600 4759/5164/5594
f 4761/5166/5597 4765/5172/5603 4764/5171/5602 4760/5165/5596
f 4688/5167/5529 4689/5173/5527 4765/5172/5604 4761/5166/5598
f 4762/5168/5599 4766/5174/5605 4719/5175/5554 4718/5169/5556
f 4763/5170/5600 4767/5176/5606 4766/5174/5607 4762/5168/5601
f 4764/5171/5602 4768/5177/5608 4767/5176/5606 4763/5170/5600
f 4765/5172/5603 4769/5178/5609 4768/5177/5608 4764/5171/5602
f 4689/5173/5527 4690/5179/5525 4769/5178/5610 4765/5172/5604
f 4766/5174/5605 4770/5180/5611 4720/5181/5552 4719/5175/5554
f 4767/5176/5606 4771/5182/5612 4770/5180/5613 4766/5174/5607
f 4768/5177/5608 4772/5183/5614 4771/5182/5612 4767/5176/5606
f 4769/5178/5609 4773/5184/5615 4772/5183/5614 4768/5177/5608
f 4690/5179/5525 4691/5185/5523 4773/5184/5616 4769/5178/5610
f 4770/5180/5611 4774/5186/5617 4721/5187/5550 4720/5181/5552
f 4771/5182/5612 4775/5188/5618 4774/5186/5619 4770/5180/5613
f 4772/5183/5614 4776/5189/5620 4775/5188/5618 4771/5182/5612
f 4773/5184/5615 4777/5190/5621 4776/5189/5620 4772/5183/5614
f 4691/5185/5523 4692/5191/5521 4777/5190/5622 4773/5184/5616
f 4774/5186/5617 4778/5192/5623 4722/5193/5548 4721/5187/5550
f 4775/5188/5618 4779/5194/5624 4778/5192/5625 4774/5186/5619
f 4776/5189/5620 4780/5195/5626 4779/5194/5624 4775/5188/5618
f 4777/5190/5621 4781/5196/5627 4780/5195/5626 4776/5189/5620
f 4692/5191/5521 4693/5197/5519 4781/5196/5628 4777/5190/5622
f 4778/5192/5623 4782/5198/5629 4723/5199/5545 4722/5193/5548
f 4779/5194/5624 4783/5200/5630 4782/5198/5631 4778/5192/5625
f 4780/5195/5626 4784/5201/5632 4783/5200/5630 4779/5194/5624
f 4781/5196/5627 4785/5202/5633 4784/5201/5632 4780/5195/5626
f 4693/5197/5519 4694/5203/5516 4785/5202/5634 4781/5196/5628
f 4782/5198/5629 4786/5204/5635 4724/5205/5540 4723/5199/5545
f 4783/5200/5630 4787/5206/5636 4786/5204/5637 4782/5198/5631
f 4784/5201/5632 4788/5207/5638 4787/5206/5636 4783/5200/5630
f 4785/5202/5633 4789/5208/5639 4788/5207/5638 4784/5201/5632
f 4694/5203/5516 4695/5209/5511 4789/5208/5640 4785/5202/5634
f 4786/5204/5635 4790/5210/5641 4725/5211/5541 4724/5205/5540
f 4787/5206/5636 4791/5212/5642 4790/5210/5643 4786/5204/5637
f 4788/5207/5638 4792/5213/5644 4791/5212/5642 4787/5206/5636
f 4789/5208/5639 4793/5214/5645 4792/5213/5644 4788/5207/5638
f 4695/5209/5511 4696/5215/5513 4793/5214/5646 4789/5208/5640
f 4790/5210/5641 4794/5216/5647 4726/5217/5542 4725/5211/5541
f 4791/5212/5648 4795/5218/5649 4794/5216/5650 4790/5210/5650
f 4792/5213/5651 4796/5219/5652 4795/5218/5649 4791/5212/5648
f 4793/5214/5653 4797/5220/5653 4796/5219/5652 4792/5213/5651
f 4696/5215/5513 4697/5221/5512 4797/5220/5654 4793/5214/5646
f 4794/5216/5647 4798/5222/5655 4727/5223/5543 4726/5217/5542
f 4795/5218/5656 4799/5224/5657 4798/5222/5658 4794/5216/5659
f 4796/5219/5660 4800/5225/5661 4799/5224/5657 4795/5218/5656
f 4797/5220/5662 4801/5226/5663 4800/5225/5661 4796/5219/5660
f 4697/5221/5512 4698/5227/5514 4801/5226/5664 4797/5220/5654
f 4798/5222/5655 4802/5228/5665 4728/5229/5544 4727/5223/5543
f 4799/5224/5657 4803/5230/5666 4802/5228/5667 4798/5222/5658
f 4800/5225/5661 4804/5231/5668 4803/5230/5666 4799/5224/5657
f 4801/5226/5663 4805/5232/5669 4804/5231/5668 4800/5225/5661
f 4698/5227/5514 4699/5233/5515 4805/5232/5670 4801/5226/5664
f 4802/5228/5665 4806/5234/5671 4729/5235/5546 4728/5229/5544
f 4803/5230/5666 4807/5236/5672 4806/5234/5673 4802/5228/5667
f 4804/5231/5668 4808/5237/5674 4807/5236/5672 4803/5230/5666
f 4805/5232/5669 4809/5238/5675 4808/5237/5674 4804/5231/5668
f 4699/5233/5515 4700/5239/5517 4809/5238/5676 4805/5232/5670
f 4806/5234/5671 4810/5240/5677 4730/5241/5547 4729/5235/5546
f 4807/5236/5672 4811/5242/5678 4810/5240/5679 4806/5234/5673
f 4808/5237/5674 4812/5243/5680 4811/5242/5678 4807/5236/5672
f 4809/5238/5675 4813/5244/5681 4812/5243/5680 4808/5237/5674
f 4700/5239/5517 4701/5245/5518 4813/5244/5682 4809/5238/5676
f 4810/5240/5677 4814/5246/5683 4731/5247/5549 4730/5241/5547
f 4811/5242/5678 4815/5248/5684 4814/5246/5685 4810/5240/5679
f 4812/5243/5680 4816/5249/5686 4815/5248/5684 4811/5242/5678
f 4813/5244/5681 4817/5250/5687 4816/5249/5686 4812/5243/5680
f 4701/5245/5518 4702/5251/5520 4817/5250/5688 4813/5244/5682
f 4814/5246/5683 4818/5252/5689 4732/5253/5551 4731/5247/5549
f 4815/5248/5684 4819/5254/5690 4818/5252/5691 4814/5246/5685
f 4816/5249/5686 4820/5255/5692 4819/5254/5690 4815/5248/5684
f 4817/5250/5687 4821/5256/5693 4820/5255/5692 4816/5249/5686
f 4702/5251/5520 4703/5257/5522 4821/5256/5694 4817/5250/5688
f 4818/5252/5689 4822/5258/5695 4733/5259/5553 4732/5253/5551
f 4819/5254/5690 4823/5260/5696 4822/5258/5697 4818/5252/5691
f 4820/5255/5692 4824/5261/5698 4823/5260/5696 4819/5254/5690
f 4821/5256/5693 4825/5262/5699 4824/5261/5698 4820/5255/5692
f 4703/5257/5522 4704/5263/5524 4825/5262/5700 4821/5256/5694
f 4822/5258/5695 4826/5264/5701 4734/5265/5555 4733/5259/5553
f 4823/5260/5696 4827/5266/5702 4826/5264/5703 4822/5258/5697
f 4824/5261/5698 4828/5267/5704 4827/5266/5702 4823/5260/5696
f 4825/5262/5699 4829/5268/5705 4828/5267/5704 4824/5261/5698
f 4704/5263/5524 4705/5269/5526 4829/5268/5706 4825/5262/5700
f 4826/5264/5701 4830/5270/5707 4735/5271/5557 4734/5265/5555
f 4827/5266/5702 4831/5272/5708 4830/5270/5709 4826/5264/5703
f 4828/5267/5704 4832/5273/5710 4831/5272/5708 4827/5266/5702
f 4829/5268/5705 4833/5274/5711 4832/5273/5710 4828/5267/5704
f 4705/5269/5526 4706/5275/5528 4833/5274/5712 4829/5268/5706
f 4830/5270/5707 4834/5276/5713 4736/5277/5559 4735/5271/5557
f 4831/5272/5708 4835/5278/5714 4834/5276/5715 4830/5270/5709
f 4832/5273/5710 4836/5279/5716 4835/5278/5714 4831/5272/5708
f 4833/5274/5711 4837/5280/5717 4836/5279/5716 4832/5273/5710
f 4706/5275/5528 4707/5281/5530 4837/5280/5718 4833/5274/5712
f 4834/5276/5713 4838/5282/5719 4737/5283/5561 4736/5277/5559
f 4835/5278/5714 4839/5284/5720 4838/5282/5721 4834/5276/5715
f 4836/5279/5716 4840/5285/5722 4839/5284/5720 4835/5278/5714
f 4837/5280/5717 4841/5286/5723 4840/5285/5722 4836/5279/5716
f 4707/5281/5530 4708/5287/5532 4841/5286/5724 4837/5280/5718
f 4838/5282/5719 4842/5288/5725 4738/5289/5567 4737/5283/5561
f 4839/5284/5720 4843/5290/5726 4842/5288/5727 4838/5282/5721
f 4840/5285/5722 4844/5291/5728 4843/5290/5726 4839/5284/5720
f 4841/5286/5723 4845/5292/5729 4844/5291/5728 4840/5285/5722
f 4708/5287/5532 4709/5293/5538 4845/5292/5730 4841/5286/5724
f 4842/5288/5725 4846/5294/5731 4739/5295/5566 4738/5289/5567
f 4843/5290/5732 4847/5296/5733 4846/5294/5734 4842/5288/5735
f 4844/5291/5736 4848/5297/5737 4847/5296/5733 4843/5290/5732
f 4845/5292/5738 4849/5298/5739 4848/5297/5737 4844/5291/5736
f 4709/5293/5538 4710/5299/5537 4849/5298/5740 4845/5292/5730
f 4846/5294/5731 4850/5300/5741 4740/5301/5568 4739/5295/5566
f 4847/5296/5733 4851/5302/5742 4850/5300/5743 4846/5294/5734
f 4848/5297/5737 4852/5303/5744 4851/5302/5742 4847/5296/5733
f 4849/5298/5739 4853/5304/5745 4852/5303/5744 4848/5297/5737
f 4710/5299/5537 4711/5305/5539 4853/5304/5746 4849/5298/5740
f 4850/5300/5741 4854/5306/5747 4741/5307/5565 4740/5301/5568
f 4851/5302/5742 4855/5308/5748 4854/5306/5749 4850/5300/5743
f 4852/5303/5744 4856/5309/5750 4855/5308/5748 4851/5302/5742
f 4853/5304/5745 4857/5310/5751 4856/5309/5750 4852/5303/5744
f 4711/5305/5539 4712/5311/5536 4857/5310/5752 4853/5304/5746
f 4854/5306/5747 4742/5312/5569 4713/5135/5564 4741/5307/5565
f 4855/5308/5748 4743/5313/5571 4742/5312/5574 4854/5306/5749
f 4856/5309/5750 4744/5314/5575 4743/5313/5571 4855/5308/5748
f 4857/5310/5751 4745/5315/5577 4744/5314/5575 4856/5309/5750
f 4712/5311/5536 4684/5316/5535 4745/5315/5580 4857/5310/5752
o Rivet_|_right_100
v -0.232968 0.088180 0.024000
v -0.234384 0.089596 0.024000
v -0.236385 0.089596 0.024000
v -0.237801 0.088180 0.024000
v -0.237801 0.086179 0.024000
v -0.236385 0.084763 0.024000
v -0.234384 0.084763 0.024000
v -0.232968 0.086179 0.024000
v -0.232968 0.088180 0.026200
v -0.234384 0.089596 0.026200
v -0.236385 0.089596 0.026200
v -0.237801 0.088180 0.026200
v -0.237801 0.086179 0.026200
v -0.236385 0.084763 0.026200
v -0.234384 0.084763 0.026200
v -0.232968 0.086179 0.026200
v -0.233935 0.087780 0.026700
v -0.234784 0.088629 0.026700
v -0.235985 0.088629 0.026700
v -0.236834 0.087780 0.026700
v -0.236834 0.086579 0.026700
v -0.235985 0.085730 0.026700
v -0.234784 0.085730 0.026700
v -0.233935 0.086579 0.026700
v -0.235385 0.087179 0.027000
vn 0.7071 0.7071 -0.0000
vn -0.0000 1.0000 -0.0000
vn -0.7071 0.7071 -0.0000
vn -1.0000 -0.0000 -0.0000
vn -0.7071 -0.7071 -0.0000
vn -0.0000 -1.0000 -0.0000
vn 0.7071 -0.7071 -0.0000
vn 1.0000 -0.0000 -0.0000
vn 0.3984 0.1650 0.9022
vn 0.1650 0.3984 0.9022
vn 0.1302 0.3144 0.9403
vn 0.3144 0.1302 0.9403
vn -0.1650 0.3984 0.9022
vn -0.1302 0.3144 0.9403
vn -0.3984 0.1650 0.9022
vn -0.3144 0.1302 0.9403
vn -0.3984 -0.1650 0.9022
vn -0.3144 -0.1302 0.9403
vn -0.1650 -0.3984 0.9022
vn -0.1302 -0.3144 0.9403
vn 0.1650 -0.3984 0.9022
vn 0.1302 -0.3144 0.9403
vn 0.3984 -0.1650 0.9022
vn 0.3144 -0.1302 0.9403
vn -0.0000 -0.0000 1.0000
vn -0.0000 -0.0000 -1.0000
s 1
usemtl Gold_|_polished_trim
f 4858//5753 4859//5753 4867//5753 4866//5753
f 4859//5754 4860//5754 4868//5754 4867//5754
f 4860//5755 4861//5755 4869//5755 4868//5755
f 4861//5756 4862//5756 4870//5756 4869//5756
f 4862//5757 4863//5757 4871//5757 4870//5757
f 4863//5758 4864//5758 4872//5758 4871//5758
f 4864//5759 4865//5759 4873//5759 4872//5759
f 4865//5760 4858//5760 4866//5760 4873//5760
f 4866//5761 4867//5762 4875//5763 4874//5764
f 4867//5762 4868//5765 4876//5766 4875//5763
f 4868//5765 4869//5767 4877//5768 4876//5766
f 4869//5767 4870//5769 4878//5770 4877//5768
f 4870//5769 4871//5771 4879//5772 4878//5770
f 4871//5771 4872//5773 4880//5774 4879//5772
f 4872//5773 4873//5775 4881//5776 4880//5774
f 4873//5775 4866//5761 4874//5764 4881//5776
f 4874//5764 4875//5763 4882//5777
f 4875//5763 4876//5766 4882//5777
f 4876//5766 4877//5768 4882//5777
f 4877//5768 4878//5770 4882//5777
f 4878//5770 4879//5772 4882//5777
f 4879//5772 4880//5774 4882//5777
f 4880//5774 4881//5776 4882//5777
f 4881//5776 4874//5764 4882//5777
f 4858//5778 4865//5778 4864//5778 4863//5778 4862//5778 4861//5778 4860//5778 4859//5778
o Rivet_|_right_390
v -0.106558 0.101257 0.024000
v -0.107973 0.102673 0.024000
v -0.109975 0.102673 0.024000
v -0.111391 0.101257 0.024000
v -0.111391 0.099256 0.024000
v -0.109975 0.097840 0.024000
v -0.107973 0.097840 0.024000
v -0.106558 0.099256 0.024000
v -0.106558 0.101257 0.026200
v -0.107973 0.102673 0.026200
v -0.109975 0.102673 0.026200
v -0.111391 0.101257 0.026200
v -0.111391 0.099256 0.026200
v -0.109975 0.097840 0.026200
v -0.107973 0.097840 0.026200
v -0.106558 0.099256 0.026200
v -0.107525 0.100857 0.026700
v -0.108374 0.101706 0.026700
v -0.109575 0.101706 0.026700
v -0.110424 0.100857 0.026700
v -0.110424 0.099656 0.026700
v -0.109575 0.098807 0.026700
v -0.108374 0.098807 0.026700
v -0.107525 0.099656 0.026700
v -0.108974 0.100256 0.027000
vn 0.7071 0.7071 -0.0000
vn -0.0000 1.0000 -0.0000
vn -0.7071 0.7071 -0.0000
vn -1.0000 -0.0000 -0.0000
vn -0.7071 -0.7071 -0.0000
vn -0.0000 -1.0000 -0.0000
vn 0.7071 -0.7071 -0.0000
vn 1.0000 -0.0000 -0.0000
vn 0.3984 0.1650 0.9022
vn 0.1650 0.3984 0.9022
vn 0.1302 0.3144 0.9403
vn 0.3144 0.1302 0.9403
vn -0.1650 0.3984 0.9022
vn -0.1302 0.3144 0.9403
vn -0.3984 0.1650 0.9022
vn -0.3144 0.1302 0.9403
vn -0.3984 -0.1650 0.9022
vn -0.3144 -0.1302 0.9403
vn -0.1650 -0.3984 0.9022
vn -0.1302 -0.3144 0.9403
vn 0.1650 -0.3984 0.9022
vn 0.1302 -0.3144 0.9403
vn 0.3984 -0.1650 0.9022
vn 0.3144 -0.1302 0.9403
vn -0.0000 -0.0000 1.0000
vn -0.0000 -0.0000 -1.0000
s 1
usemtl Gold_|_polished_trim
f 4883//5779 4884//5779 4892//5779 4891//5779
f 4884//5780 4885//5780 4893//5780 4892//5780
f 4885//5781 4886//5781 4894//5781 4893//5781
f 4886//5782 4887//5782 4895//5782 4894//5782
f 4887//5783 4888//5783 4896//5783 4895//5783
f 4888//5784 4889//5784 4897//5784 4896//5784
f 4889//5785 4890//5785 4898//5785 4897//5785
f 4890//5786 4883//5786 4891//5786 4898//5786
f 4891//5787 4892//5788 4900//5789 4899//5790
f 4892//5788 4893//5791 4901//5792 4900//5789
f 4893//5791 4894//5793 4902//5794 4901//5792
f 4894//5793 4895//5795 4903//5796 4902//5794
f 4895//5795 4896//5797 4904//5798 4903//5796
f 4896//5797 4897//5799 4905//5800 4904//5798
f 4897//5799 4898//5801 4906//5802 4905//5800
f 4898//5801 4891//5787 4899//5790 4906//5802
f 4899//5790 4900//5789 4907//5803
f 4900//5789 4901//5792 4907//5803
f 4901//5792 4902//5794 4907//5803
f 4902//5794 4903//5796 4907//5803
f 4903//5796 4904//5798 4907//5803
f 4904//5798 4905//5800 4907//5803
f 4905//5800 4906//5802 4907//5803
f 4906//5802 4899//5790 4907//5803
f 4883//5804 4890//5804 4889//5804 4888//5804 4887//5804 4886//5804 4885//5804 4884//5804
o Rivet_|_right_510
v -0.054250 0.062027 0.024000
v -0.055666 0.063442 0.024000
v -0.057668 0.063442 0.024000
v -0.059083 0.062027 0.024000
v -0.059083 0.060025 0.024000
v -0.057668 0.058609 0.024000
v -0.055666 0.058609 0.024000
v -0.054250 0.060025 0.024000
v -0.054250 0.062027 0.026200
v -0.055666 0.063442 0.026200
v -0.057668 0.063442 0.026200
v -0.059083 0.062027 0.026200
v -0.059083 0.060025 0.026200
v -0.057668 0.058609 0.026200
v -0.055666 0.058609 0.026200
v -0.054250 0.060025 0.026200
v -0.055217 0.061626 0.026700
v -0.056066 0.062475 0.026700
v -0.057267 0.062475 0.026700
v -0.058116 0.061626 0.026700
v -0.058116 0.060425 0.026700
v -0.057267 0.059576 0.026700
v -0.056066 0.059576 0.026700
v -0.055217 0.060425 0.026700
v -0.056667 0.061026 0.027000
vn 0.7071 0.7071 -0.0000
vn -0.0000 1.0000 -0.0000
vn -0.7071 0.7071 -0.0000
vn -1.0000 -0.0000 -0.0000
vn -0.7071 -0.7071 -0.0000
vn -0.0000 -1.0000 -0.0000
vn 0.7071 -0.7071 -0.0000
vn 1.0000 -0.0000 -0.0000
vn 0.3984 0.1650 0.9022
vn 0.1650 0.3984 0.9022
vn 0.1302 0.3144 0.9403
vn 0.3144 0.1302 0.9403
vn -0.1650 0.3984 0.9022
vn -0.1302 0.3144 0.9403
vn -0.3984 0.1650 0.9022
vn -0.3144 0.1302 0.9403
vn -0.3984 -0.1650 0.9022
vn -0.3144 -0.1302 0.9403
vn -0.1650 -0.3984 0.9022
vn -0.1302 -0.3144 0.9403
vn 0.1650 -0.3984 0.9022
vn 0.1302 -0.3144 0.9403
vn 0.3984 -0.1650 0.9022
vn 0.3144 -0.1302 0.9403
vn -0.0000 -0.0000 1.0000
vn -0.0000 -0.0000 -1.0000
s 1
usemtl Gold_|_polished_trim
f 4908//5805 4909//5805 4917//5805 4916//5805
f 4909//5806 4910//5806 4918//5806 4917//5806
f 4910//5807 4911//5807 4919//5807 4918//5807
f 4911//5808 4912//5808 4920//5808 4919//5808
f 4912//5809 4913//5809 4921//5809 4920//5809
f 4913//5810 4914//5810 4922//5810 4921//5810
f 4914//5811 4915//5811 4923//5811 4922//5811
f 4915//5812 4908//5812 4916//5812 4923//5812
f 4916//5813 4917//5814 4925//5815 4924//5816
f 4917//5814 4918//5817 4926//5818 4925//5815
f 4918//5817 4919//5819 4927//5820 4926//5818
f 4919//5819 4920//5821 4928//5822 4927//5820
f 4920//5821 4921//5823 4929//5824 4928//5822
f 4921//5823 4922//5825 4930//5826 4929//5824
f 4922//5825 4923//5827 4931//5828 4930//5826
f 4923//5827 4916//5813 4924//5816 4931//5828
f 4924//5816 4925//5815 4932//5829
f 4925//5815 4926//5818 4932//5829
f 4926//5818 4927//5820 4932//5829
f 4927//5820 4928//5822 4932//5829
f 4928//5822 4929//5824 4932//5829
f 4929//5824 4930//5826 4932//5829
f 4930//5826 4931//5828 4932//5829
f 4931//5828 4924//5816 4932//5829
f 4908//5830 4915//5830 4914//5830 4913//5830 4912//5830 4911//5830 4910//5830 4909//5830
o Rivet_|_right_1100
v 0.202929 0.033693 0.024000
v 0.201514 0.035109 0.024000
v 0.199512 0.035109 0.024000
v 0.198097 0.033693 0.024000
v 0.198097 0.031691 0.024000
v 0.199512 0.030276 0.024000
v 0.201514 0.030276 0.024000
v 0.202929 0.031691 0.024000
v 0.202929 0.033693 0.026200
v 0.201514 0.035109 0.026200
v 0.199512 0.035109 0.026200
v 0.198097 0.033693 0.026200
v 0.198097 0.031691 0.026200
v 0.199512 0.030276 0.026200
v 0.201514 0.030276 0.026200
v 0.202929 0.031691 0.026200
v 0.201963 0.033293 0.026700
v 0.201113 0.034142 0.026700
v 0.199912 0.034142 0.026700
v 0.199063 0.033293 0.026700
v 0.199063 0.032092 0.026700
v 0.199912 0.031243 0.026700
v 0.201113 0.031243 0.026700
v 0.201963 0.032092 0.026700
v 0.200513 0.032692 0.027000
vn 0.7071 0.7071 -0.0000
vn -0.0000 1.0000 -0.0000
vn -0.7071 0.7071 -0.0000
vn -1.0000 -0.0000 -0.0000
vn -0.7071 -0.7071 -0.0000
vn -0.0000 -1.0000 -0.0000
vn 0.7071 -0.7071 -0.0000
vn 1.0000 -0.0000 -0.0000
vn 0.3984 0.1650 0.9022
vn 0.1650 0.3984 0.9022
vn 0.1302 0.3144 0.9403
vn 0.3144 0.1302 0.9403
vn -0.1650 0.3984 0.9022
vn -0.1302 0.3144 0.9403
vn -0.3984 0.1650 0.9022
vn -0.3144 0.1302 0.9403
vn -0.3984 -0.1650 0.9022
vn -0.3144 -0.1302 0.9403
vn -0.1650 -0.3984 0.9022
vn -0.1302 -0.3144 0.9403
vn 0.1650 -0.3984 0.9022
vn 0.1302 -0.3144 0.9403
vn 0.3984 -0.1650 0.9022
vn 0.3144 -0.1302 0.9403
vn -0.0000 -0.0000 1.0000
vn -0.0000 -0.0000 -1.0000
s 1
usemtl Gold_|_polished_trim
f 4933//5831 4934//5831 4942//5831 4941//5831
f 4934//5832 4935//5832 4943//5832 4942//5832
f 4935//5833 4936//5833 4944//5833 4943//5833
f 4936//5834 4937//5834 4945//5834 4944//5834
f 4937//5835 4938//5835 4946//5835 4945//5835
f 4938//5836 4939//5836 4947//5836 4946//5836
f 4939//5837 4940//5837 4948//5837 4947//5837
f 4940//5838 4933//5838 4941//5838 4948//5838
f 4941//5839 4942//5840 4950//5841 4949//5842
f 4942//5840 4943//5843 4951//5844 4950//5841
f 4943//5843 4944//5845 4952//5846 4951//5844
f 4944//5845 4945//5847 4953//5848 4952//5846
f 4945//5847 4946//5849 4954//5850 4953//5848
f 4946//5849 4947//5851 4955//5852 4954//5850
f 4947//5851 4948//5853 4956//5854 4955//5852
f 4948//5853 4941//5839 4949//5842 4956//5854
f 4949//5842 4950//5841 4957//5855
f 4950//5841 4951//5844 4957//5855
f 4951//5844 4952//5846 4957//5855
f 4952//5846 4953//5848 4957//5855
f 4953//5848 4954//5850 4957//5855
f 4954//5850 4955//5852 4957//5855
f 4955//5852 4956//5854 4957//5855
f 4956//5854 4949//5842 4957//5855
f 4933//5856 4940//5856 4939//5856 4938//5856 4937//5856 4936//5856 4935//5856 4934//5856
o Rivet_|_right_1320
v 0.298827 0.033693 0.024000
v 0.297411 0.035109 0.024000
v 0.295409 0.035109 0.024000
v 0.293994 0.033693 0.024000
v 0.293994 0.031691 0.024000
v 0.295409 0.030276 0.024000
v 0.297411 0.030276 0.024000
v 0.298827 0.031691 0.024000
v 0.298827 0.033693 0.026200
v 0.297411 0.035109 0.026200
v 0.295409 0.035109 0.026200
v 0.293994 0.033693 0.026200
v 0.293994 0.031691 0.026200
v 0.295409 0.030276 0.026200
v 0.297411 0.030276 0.026200
v 0.298827 0.031691 0.026200
v 0.297860 0.033293 0.026700
v 0.297011 0.034142 0.026700
v 0.295810 0.034142 0.026700
v 0.294960 0.033293 0.026700
v 0.294960 0.032092 0.026700
v 0.295810 0.031243 0.026700
v 0.297011 0.031243 0.026700
v 0.297860 0.032092 0.026700
v 0.296410 0.032692 0.027000
vn 0.7071 0.7071 -0.0000
vn -0.0000 1.0000 -0.0000
vn -0.7071 0.7071 -0.0000
vn -1.0000 -0.0000 -0.0000
vn -0.7071 -0.7071 -0.0000
vn -0.0000 -1.0000 -0.0000
vn 0.7071 -0.7071 -0.0000
vn 1.0000 -0.0000 -0.0000
vn 0.3984 0.1650 0.9022
vn 0.1650 0.3984 0.9022
vn 0.1302 0.3144 0.9403
vn 0.3144 0.1302 0.9403
vn -0.1650 0.3984 0.9022
vn -0.1302 0.3144 0.9403
vn -0.3984 0.1650 0.9022
vn -0.3144 0.1302 0.9403
vn -0.3984 -0.1650 0.9023
vn -0.3144 -0.1302 0.9403
vn -0.1650 -0.3984 0.9022
vn -0.1302 -0.3144 0.9403
vn 0.1650 -0.3984 0.9022
vn 0.1302 -0.3144 0.9403
vn 0.3984 -0.1650 0.9022
vn 0.3144 -0.1302 0.9403
vn -0.0000 -0.0000 1.0000
vn -0.0000 -0.0000 -1.0000
s 1
usemtl Gold_|_polished_trim
f 4958//5857 4959//5857 4967//5857 4966//5857
f 4959//5858 4960//5858 4968//5858 4967//5858
f 4960//5859 4961//5859 4969//5859 4968//5859
f 4961//5860 4962//5860 4970//5860 4969//5860
f 4962//5861 4963//5861 4971//5861 4970//5861
f 4963//5862 4964//5862 4972//5862 4971//5862
f 4964//5863 4965//5863 4973//5863 4972//5863
f 4965//5864 4958//5864 4966//5864 4973//5864
f 4966//5865 4967//5866 4975//5867 4974//5868
f 4967//5866 4968//5869 4976//5870 4975//5867
f 4968//5869 4969//5871 4977//5872 4976//5870
f 4969//5871 4970//5873 4978//5874 4977//5872
f 4970//5873 4971//5875 4979//5876 4978//5874
f 4971//5875 4972//5877 4980//5878 4979//5876
f 4972//5877 4973//5879 4981//5880 4980//5878
f 4973//5879 4966//5865 4974//5868 4981//5880
f 4974//5868 4975//5867 4982//5881
f 4975//5867 4976//5870 4982//5881
f 4976//5870 4977//5872 4982//5881
f 4977//5872 4978//5874 4982//5881
f 4978//5874 4979//5876 4982//5881
f 4979//5876 4980//5878 4982//5881
f 4980//5878 4981//5880 4982//5881
f 4981//5880 4974//5868 4982//5881
f 4958//5882 4965//5882 4964//5882 4963//5882 4962//5882 4961//5882 4960//5882 4959//5882
o Rivet_|_right_1600
v 0.420878 0.075103 0.024000
v 0.419462 0.076519 0.024000
v 0.417461 0.076519 0.024000
v 0.416045 0.075103 0.024000
v 0.416045 0.073102 0.024000
v 0.417461 0.071686 0.024000
v 0.419462 0.071686 0.024000
v 0.420878 0.073102 0.024000
v 0.420878 0.075103 0.026200
v 0.419462 0.076519 0.026200
v 0.417461 0.076519 0.026200
v 0.416045 0.075103 0.026200
v 0.416045 0.073102 0.026200
v 0.417461 0.071686 0.026200
v 0.419462 0.071686 0.026200
v 0.420878 0.073102 0.026200
v 0.419911 0.074703 0.026700
v 0.419062 0.075552 0.026700
v 0.417861 0.075552 0.026700
v 0.417012 0.074703 0.026700
v 0.417012 0.073502 0.026700
v 0.417861 0.072653 0.026700
v 0.419062 0.072653 0.026700
v 0.419911 0.073502 0.026700
v 0.418462 0.074103 0.027000
vn 0.7071 0.7071 -0.0000
vn -0.0000 1.0000 -0.0000
vn -0.7071 0.7071 -0.0000
vn -1.0000 -0.0000 -0.0000
vn -0.7071 -0.7071 -0.0000
vn -0.0000 -1.0000 -0.0000
vn 0.7071 -0.7071 -0.0000
vn 1.0000 -0.0000 -0.0000
vn 0.3984 0.1650 0.9022
vn 0.1650 0.3984 0.9022
vn 0.1302 0.3144 0.9403
vn 0.3144 0.1302 0.9403
vn -0.1650 0.3984 0.9022
vn -0.1302 0.3144 0.9403
vn -0.3984 0.1650 0.9022
vn -0.3144 0.1302 0.9403
vn -0.3984 -0.1650 0.9022
vn -0.3144 -0.1302 0.9403
vn -0.1650 -0.3984 0.9022
vn -0.1302 -0.3144 0.9403
vn 0.1650 -0.3984 0.9023
vn 0.1302 -0.3144 0.9403
vn 0.3984 -0.1650 0.9022
vn 0.3144 -0.1302 0.9403
vn -0.0000 -0.0000 1.0000
vn -0.0000 -0.0000 -1.0000
s 1
usemtl Gold_|_polished_trim
f 4983//5883 4984//5883 4992//5883 4991//5883
f 4984//5884 4985//5884 4993//5884 4992//5884
f 4985//5885 4986//5885 4994//5885 4993//5885
f 4986//5886 4987//5886 4995//5886 4994//5886
f 4987//5887 4988//5887 4996//5887 4995//5887
f 4988//5888 4989//5888 4997//5888 4996//5888
f 4989//5889 4990//5889 4998//5889 4997//5889
f 4990//5890 4983//5890 4991//5890 4998//5890
f 4991//5891 4992//5892 5000//5893 4999//5894
f 4992//5892 4993//5895 5001//5896 5000//5893
f 4993//5895 4994//5897 5002//5898 5001//5896
f 4994//5897 4995//5899 5003//5900 5002//5898
f 4995//5899 4996//5901 5004//5902 5003//5900
f 4996//5901 4997//5903 5005//5904 5004//5902
f 4997//5903 4998//5905 5006//5906 5005//5904
f 4998//5905 4991//5891 4999//5894 5006//5906
f 4999//5894 5000//5893 5007//5907
f 5000//5893 5001//5896 5007//5907
f 5001//5896 5002//5898 5007//5907
f 5002//5898 5003//5900 5007//5907
f 5003//5900 5004//5902 5007//5907
f 5004//5902 5005//5904 5007//5907
f 5005//5904 5006//5906 5007//5907
f 5006//5906 4999//5894 5007//5907
f 4983//5908 4990//5908 4989//5908 4988//5908 4987//5908 4986//5908 4985//5908 4984//5908
