# Blender 5.2.2 LTS
# www.blender.org
mtllib raygun_pistol_v001.mtl
o Receiver_|_rear_body
v -0.025665 0.041618 0.020500
v -0.026086 0.044555 0.020500
v -0.026396 0.047213 0.020500
v -0.026210 0.049761 0.020500
v -0.025145 0.052370 0.020500
v -0.022933 0.054970 0.020500
v -0.020290 0.056582 0.020500
v -0.017256 0.057736 0.020500
v -0.013873 0.058960 0.020500
v -0.009849 0.060392 0.020500
v -0.006204 0.061333 0.020500
v -0.002491 0.062041 0.020500
v 0.001734 0.062775 0.020500
v 0.007234 0.063683 0.020500
v 0.012098 0.064313 0.020500
v 0.016982 0.064780 0.020500
v 0.022543 0.065202 0.020500
v 0.029454 0.065654 0.020500
v 0.035541 0.065922 0.020500
v 0.041631 0.066003 0.020500
v 0.048555 0.065896 0.020500
v 0.053179 0.065706 0.020500
v 0.057239 0.065410 0.020500
v 0.061293 0.065010 0.020500
v 0.065896 0.064509 0.020500
v 0.072802 0.063677 0.020500
v 0.079019 0.062806 0.020500
v 0.084961 0.061919 0.020500
v 0.091040 0.061040 0.020500
v 0.092254 0.014740 0.020500
v 0.065896 0.013873 0.020500
v 0.056663 0.013682 0.020500
v 0.047633 0.013422 0.020500
v 0.038197 0.013300 0.020500
v 0.027746 0.013526 0.020500
v 0.020777 0.013750 0.020500
v 0.014637 0.014003 0.020500
v 0.008548 0.014625 0.020500
v 0.001734 0.015954 0.020500
v -0.002618 0.017083 0.020500
v -0.006386 0.018330 0.020500
v -0.009997 0.019949 0.020500
v -0.013873 0.022197 0.020500
v -0.016543 0.023964 0.020500
v -0.018777 0.025717 0.020500
v -0.020726 0.027747 0.020500
v -0.022543 0.030347 0.020500
v -0.023956 0.033119 0.020500
v -0.024800 0.035747 0.020500
v -0.025296 0.038492 0.020500
v -0.025665 0.041618 -0.020500
v -0.026086 0.044555 -0.020500
v -0.026396 0.047213 -0.020500
v -0.026210 0.049761 -0.020500
v -0.025145 0.052370 -0.020500
v -0.022933 0.054970 -0.020500
v -0.020290 0.056582 -0.020500
v -0.017256 0.057736 -0.020500
v -0.013873 0.058960 -0.020500
v -0.009849 0.060392 -0.020500
v -0.006204 0.061333 -0.020500
v -0.002491 0.062041 -0.020500
v 0.001734 0.062775 -0.020500
v 0.007234 0.063683 -0.020500
v 0.012098 0.064313 -0.020500
v 0.016982 0.064780 -0.020500
v 0.022543 0.065202 -0.020500
v 0.029454 0.065654 -0.020500
v 0.035541 0.065922 -0.020500
v 0.041631 0.066003 -0.020500
v 0.048555 0.065896 -0.020500
v 0.053179 0.065706 -0.020500
v 0.057239 0.065410 -0.020500
v 0.061293 0.065010 -0.020500
v 0.065896 0.064509 -0.020500
v 0.072802 0.063677 -0.020500
v 0.079019 0.062806 -0.020500
v 0.084961 0.061919 -0.020500
v 0.091040 0.061040 -0.020500
v 0.092254 0.014740 -0.020500
v 0.065896 0.013873 -0.020500
v 0.056663 0.013682 -0.020500
v 0.047633 0.013422 -0.020500
v 0.038197 0.013300 -0.020500
v 0.027746 0.013526 -0.020500
v 0.020777 0.013750 -0.020500
v 0.014637 0.014003 -0.020500
v 0.008548 0.014625 -0.020500
v 0.001734 0.015954 -0.020500
v -0.002618 0.017083 -0.020500
v -0.006386 0.018330 -0.020500
v -0.009997 0.019949 -0.020500
v -0.013873 0.022197 -0.020500
v -0.016543 0.023964 -0.020500
v -0.018777 0.025717 -0.020500
v -0.020726 0.027747 -0.020500
v -0.022543 0.030347 -0.020500
v -0.023956 0.033119 -0.020500
v -0.024800 0.035747 -0.020500
v -0.025296 0.038492 -0.020500
v -0.028119 0.041298 -0.019475
v -0.029135 0.041165 -0.017000
v -0.029135 0.041165 0.017000
v -0.028119 0.041298 0.019475
v -0.028540 0.044236 -0.019475
v -0.029557 0.044104 -0.017000
v -0.029557 0.044104 0.017000
v -0.028540 0.044236 0.019475
v -0.028881 0.047159 -0.019475
v -0.029911 0.047137 -0.017000
v -0.029911 0.047137 0.017000
v -0.028881 0.047159 0.019475
v -0.028650 0.050333 -0.019475
v -0.029661 0.050570 -0.017000
v -0.029661 0.050570 0.017000
v -0.028650 0.050333 0.019475
v -0.027286 0.053672 -0.019475
v -0.028173 0.054212 -0.017000
v -0.028173 0.054212 0.017000
v -0.027286 0.053672 0.019475
v -0.024561 0.056876 -0.019475
v -0.025235 0.057665 -0.017000
v -0.025235 0.057665 0.017000
v -0.024561 0.056876 0.019475
v -0.021383 0.058814 -0.019475
v -0.021836 0.059739 -0.017000
v -0.021836 0.059739 0.017000
v -0.021383 0.058814 0.019475
v -0.018117 0.060057 -0.019475
v -0.018473 0.061018 -0.017000
v -0.018473 0.061018 0.017000
v -0.018117 0.060057 0.019475
v -0.014709 0.061289 -0.019475
v -0.015055 0.062254 -0.017000
v -0.015055 0.062254 0.017000
v -0.014709 0.061289 0.019475
v -0.010575 0.062760 -0.019475
v -0.010876 0.063742 -0.017000
v -0.010876 0.063742 0.017000
v -0.010575 0.062760 0.019475
v -0.006746 0.063749 -0.019475
v -0.006970 0.064750 -0.017000
v -0.006970 0.064750 0.017000
v -0.006746 0.063749 0.019475
v -0.002935 0.064476 -0.019475
v -0.003119 0.065484 -0.017000
v -0.003119 0.065484 0.017000
v -0.002935 0.064476 0.019475
v 0.001321 0.065215 -0.019475
v 0.001150 0.066225 -0.017000
v 0.001150 0.066225 0.017000
v 0.001321 0.065215 0.019475
v 0.006874 0.066131 -0.019475
v 0.006724 0.067146 -0.017000
v 0.006724 0.067146 0.017000
v 0.006874 0.066131 0.019475
v 0.011821 0.066772 -0.019475
v 0.011706 0.067791 -0.017000
v 0.011706 0.067791 0.017000
v 0.011821 0.066772 0.019475
v 0.016770 0.067246 -0.019475
v 0.016683 0.068268 -0.017000
v 0.016683 0.068268 0.017000
v 0.016770 0.067246 0.019475
v 0.022369 0.067671 -0.019475
v 0.022297 0.068694 -0.017000
v 0.022297 0.068694 0.017000
v 0.022369 0.067671 0.019475
v 0.029319 0.068126 -0.019475
v 0.029263 0.069149 -0.017000
v 0.029263 0.069149 0.017000
v 0.029319 0.068126 0.019475
v 0.035470 0.068396 -0.019475
v 0.035440 0.069421 -0.017000
v 0.035440 0.069421 0.017000
v 0.035470 0.068396 0.019475
v 0.041634 0.068479 -0.019475
v 0.041635 0.069504 -0.017000
v 0.041635 0.069504 0.017000
v 0.041634 0.068479 0.019475
v 0.048625 0.068370 -0.019475
v 0.048654 0.069395 -0.017000
v 0.048654 0.069395 0.017000
v 0.048625 0.068370 0.019475
v 0.053320 0.068178 -0.019475
v 0.053378 0.069201 -0.017000
v 0.053378 0.069201 0.017000
v 0.053320 0.068178 0.019475
v 0.057451 0.067876 -0.019475
v 0.057539 0.068898 -0.017000
v 0.057539 0.068898 0.017000
v 0.057451 0.067876 0.019475
v 0.061548 0.067472 -0.019475
v 0.061654 0.068492 -0.017000
v 0.061654 0.068492 0.017000
v 0.061548 0.067472 0.019475
v 0.066178 0.066967 -0.019475
v 0.066295 0.067986 -0.017000
v 0.066295 0.067986 0.017000
v 0.066178 0.066967 0.019475
v 0.073122 0.066131 -0.019475
v 0.073254 0.067148 -0.017000
v 0.073254 0.067148 0.017000
v 0.073122 0.066131 0.019475
v 0.079374 0.065255 -0.019475
v 0.079521 0.066270 -0.017000
v 0.079521 0.066270 0.017000
v 0.079374 0.065255 0.019475
v 0.085321 0.064368 -0.019475
v 0.085470 0.065382 -0.017000
v 0.085470 0.065382 0.017000
v 0.085321 0.064368 0.019475
v 0.093460 0.063191 -0.019475
v 0.094462 0.064082 -0.017000
v 0.094462 0.064082 0.017000
v 0.093460 0.063191 0.019475
v 0.094793 0.012347 -0.019475
v 0.095844 0.011356 -0.017000
v 0.095844 0.011356 0.017000
v 0.094793 0.012347 0.019475
v 0.065962 0.011399 -0.019475
v 0.065990 0.010374 -0.017000
v 0.065990 0.010374 0.017000
v 0.065962 0.011399 0.019475
v 0.056724 0.011208 -0.019475
v 0.056749 0.010183 -0.017000
v 0.056749 0.010183 0.017000
v 0.056724 0.011208 0.019475
v 0.047684 0.010947 -0.019475
v 0.047706 0.009922 -0.017000
v 0.047706 0.009922 0.017000
v 0.047684 0.010947 0.019475
v 0.038186 0.010825 -0.019475
v 0.038181 0.009800 -0.017000
v 0.038181 0.009800 0.017000
v 0.038186 0.010825 0.019475
v 0.027679 0.011052 -0.019475
v 0.027652 0.010027 -0.017000
v 0.027652 0.010027 0.017000
v 0.027679 0.011052 0.019475
v 0.020686 0.011276 -0.019475
v 0.020648 0.010252 -0.017000
v 0.020648 0.010252 0.017000
v 0.020686 0.011276 0.019475
v 0.014460 0.011534 -0.019475
v 0.014386 0.010511 -0.017000
v 0.014386 0.010511 0.017000
v 0.014460 0.011534 0.019475
v 0.008185 0.012175 -0.019475
v 0.008034 0.011160 -0.017000
v 0.008034 0.011160 0.017000
v 0.008185 0.012175 0.019475
v 0.001186 0.013539 -0.019475
v 0.000959 0.012539 -0.017000
v 0.000959 0.012539 0.017000
v 0.001186 0.013539 0.019475
v -0.003318 0.014707 -0.019475
v -0.003608 0.013724 -0.017000
v -0.003608 0.013724 0.017000
v -0.003318 0.014707 0.019475
v -0.007284 0.016020 -0.019475
v -0.007656 0.015063 -0.017000
v -0.007656 0.015063 0.017000
v -0.007284 0.016020 0.019475
v -0.011127 0.017744 -0.019475
v -0.011595 0.016830 -0.017000
v -0.011595 0.016830 0.017000
v -0.011127 0.017744 0.019475
v -0.015178 0.020092 -0.019475
v -0.015718 0.019221 -0.017000
v -0.015718 0.019221 0.017000
v -0.015178 0.020092 0.019475
v -0.017992 0.021956 -0.019475
v -0.018592 0.021124 -0.017000
v -0.018592 0.021124 0.017000
v -0.017992 0.021956 0.019475
v -0.020441 0.023877 -0.019475
v -0.021130 0.023115 -0.017000
v -0.021130 0.023115 0.017000
v -0.020441 0.023877 0.019475
v -0.022645 0.026171 -0.019475
v -0.023439 0.025519 -0.017000
v -0.023439 0.025519 0.017000
v -0.022645 0.026171 0.019475
v -0.024670 0.029070 -0.019475
v -0.025552 0.028541 -0.017000
v -0.025552 0.028541 0.017000
v -0.024670 0.029070 0.019475
v -0.026251 0.032173 -0.019475
v -0.027202 0.031781 -0.017000
v -0.027202 0.031781 0.017000
v -0.026251 0.032173 0.019475
v -0.027206 0.035146 -0.019475
v -0.028203 0.034897 -0.017000
v -0.028203 0.034897 0.017000
v -0.027206 0.035146 0.019475
v -0.027745 0.038127 -0.019475
v -0.028759 0.037976 -0.017000
v -0.028759 0.037976 0.017000
v -0.027745 0.038127 0.019475
vn -0.0056 0.1968 0.9804
vn 0.0056 0.1965 0.9805
vn 0.0002 0.1968 0.9804
vn -0.0107 0.1961 0.9805
vn 0.0112 0.1966 0.9804
vn 0.0168 0.1959 0.9805
vn -0.0138 0.1952 0.9807
vn 0.0202 0.1946 0.9807
vn -0.0168 0.1955 0.9806
vn 0.0223 0.1945 0.9807
vn -0.0221 0.1958 0.9804
vn 0.0253 0.1946 0.9806
vn -0.0287 0.1950 0.9804
vn -0.0327 0.1928 0.9807
vn 0.0280 0.1936 0.9807
vn 0.0283 0.1928 0.9808
vn -0.0351 0.1929 0.9806
vn -0.0435 0.1940 0.9800
vn 0.1625 0.1444 0.9761
vn -0.0587 0.1915 0.9797
vn 0.1527 -0.1440 0.9777
vn -0.0660 0.1839 0.9807
vn -0.0682 0.1838 0.9806
vn -0.0903 0.1843 0.9787
vn -0.1374 0.1609 0.9774
vn -0.1807 0.1099 0.9774
vn -0.2058 0.0483 0.9774
vn -0.2055 -0.0045 0.9787
vn -0.1950 -0.0254 0.9805
vn -0.1919 -0.0251 0.9811
vn -0.1965 -0.0293 0.9801
vn -0.1965 -0.0491 0.9793
vn -0.1887 -0.0778 0.9790
vn -0.1740 -0.1044 0.9792
vn -0.1575 -0.1293 0.9790
vn -0.1362 -0.1505 0.9792
vn -0.1169 -0.1620 0.9798
vn -0.1046 -0.1687 0.9801
vn -0.0917 -0.1789 0.9796
vn -0.0728 -0.1873 0.9796
vn -0.0562 -0.1908 0.9800
vn -0.0440 -0.1937 0.9801
vn -0.0294 -0.1981 0.9797
vn 0.0052 -0.1957 0.9806
vn -0.0142 -0.1981 0.9801
vn -0.0072 -0.1955 0.9807
vn 0.0048 -0.1945 0.9809
vn -0.0053 -0.1956 0.9807
vn 0.0041 -0.1960 0.9806
vn -0.0009 -0.1971 0.9804
vn -0.0056 0.1968 -0.9804
vn 0.0002 0.1968 -0.9804
vn 0.0056 0.1965 -0.9805
vn -0.0107 0.1961 -0.9805
vn 0.0112 0.1966 -0.9804
vn 0.0168 0.1959 -0.9805
vn -0.0138 0.1952 -0.9807
vn 0.0202 0.1946 -0.9807
vn -0.0168 0.1955 -0.9806
vn 0.0223 0.1945 -0.9807
vn -0.0221 0.1958 -0.9804
vn 0.0253 0.1946 -0.9806
vn -0.0287 0.1950 -0.9804
vn -0.0327 0.1928 -0.9807
vn 0.0280 0.1936 -0.9807
vn 0.0283 0.1927 -0.9808
vn -0.0351 0.1929 -0.9806
vn -0.0435 0.1940 -0.9800
vn 0.1625 0.1444 -0.9761
vn -0.0587 0.1915 -0.9797
vn 0.1527 -0.1440 -0.9777
vn -0.0660 0.1839 -0.9807
vn -0.0682 0.1838 -0.9806
vn -0.0903 0.1843 -0.9787
vn -0.1374 0.1609 -0.9774
vn -0.1807 0.1099 -0.9774
vn -0.2058 0.0483 -0.9774
vn -0.2055 -0.0045 -0.9787
vn -0.1950 -0.0254 -0.9805
vn -0.1919 -0.0251 -0.9811
vn -0.1965 -0.0293 -0.9801
vn -0.1965 -0.0491 -0.9793
vn -0.1887 -0.0778 -0.9790
vn -0.1740 -0.1044 -0.9792
vn -0.1575 -0.1293 -0.9790
vn -0.1362 -0.1505 -0.9792
vn -0.1169 -0.1620 -0.9799
vn -0.1046 -0.1687 -0.9801
vn -0.0917 -0.1789 -0.9796
vn -0.0728 -0.1873 -0.9796
vn -0.0562 -0.1908 -0.9800
vn -0.0440 -0.1937 -0.9801
vn -0.0294 -0.1981 -0.9797
vn 0.0052 -0.1957 -0.9806
vn -0.0142 -0.1981 -0.9801
vn -0.0072 -0.1955 -0.9807
vn 0.0048 -0.1945 -0.9809
vn -0.0053 -0.1956 -0.9807
vn 0.0041 -0.1960 -0.9806
vn -0.0009 -0.1971 -0.9804
vn -0.3794 -0.0496 -0.9239
vn -0.3795 -0.0493 -0.9239
vn -0.9724 -0.1271 -0.1954
vn -0.9727 -0.1265 -0.1948
vn -0.9162 -0.1191 -0.3827
vn -0.9161 -0.1198 -0.3827
vn -0.9724 -0.1271 0.1954
vn -0.9727 -0.1265 0.1948
vn -0.9161 -0.1198 0.3827
vn -0.9162 -0.1191 0.3827
vn -0.3795 -0.0493 0.9239
vn -0.3794 -0.0496 0.9239
vn -0.3811 -0.0083 -0.9245
vn -0.9808 -0.0213 -0.1936
vn -0.9231 -0.0200 -0.3841
vn -0.9808 -0.0213 0.1936
vn -0.9231 -0.0200 0.3841
vn -0.3811 -0.0083 0.9245
vn -0.3686 0.0864 -0.9256
vn -0.9552 0.2240 -0.1936
vn -0.8978 0.2105 -0.3868
vn -0.9552 0.2240 0.1936
vn -0.8978 0.2105 0.3868
vn -0.3686 0.0864 0.9256
vn -0.3235 0.1967 -0.9256
vn -0.8382 0.5098 -0.1936
vn -0.7879 0.4792 -0.3868
vn -0.8382 0.5098 0.1936
vn -0.7879 0.4792 0.3868
vn -0.3235 0.1967 0.9256
vn -0.2459 0.2878 -0.9256
vn -0.6372 0.7460 -0.1936
vn -0.5989 0.7012 -0.3868
vn -0.6372 0.7460 0.1936
vn -0.5989 0.7012 0.3868
vn -0.2459 0.2878 0.9256
vn -0.1678 0.3424 -0.9245
vn -0.4317 0.8810 -0.1937
vn -0.4063 0.8291 -0.3841
vn -0.4317 0.8810 0.1937
vn -0.4063 0.8291 0.3841
vn -0.1678 0.3424 0.9245
vn -0.1331 0.3588 -0.9239
vn -0.3411 0.9196 -0.1949
vn -0.3213 0.8662 -0.3827
vn -0.3411 0.9196 0.1949
vn -0.3213 0.8662 0.3827
vn -0.1331 0.3588 0.9239
vn -0.1292 0.3602 -0.9239
vn -0.3312 0.9232 -0.1950
vn -0.3120 0.8696 -0.3827
vn -0.3312 0.9232 0.1950
vn -0.3120 0.8696 0.3827
vn -0.1292 0.3602 0.9239
vn -0.1120 0.3656 -0.9240
vn -0.2874 0.9379 -0.1942
vn -0.2706 0.8832 -0.3830
vn -0.2874 0.9379 0.1942
vn -0.2706 0.8832 0.3830
vn -0.1120 0.3656 0.9240
vn -0.0837 0.3733 -0.9239
vn -0.2146 0.9572 -0.1944
vn -0.2021 0.9014 -0.3829
vn -0.2146 0.9572 0.1944
vn -0.2021 0.9014 0.3829
vn -0.0837 0.3733 0.9239
vn -0.0686 0.3765 -0.9239
vn -0.1758 0.9649 -0.1949
vn -0.1656 0.9089 -0.3827
vn -0.1758 0.9649 0.1949
vn -0.1656 0.9089 0.3827
vn -0.0686 0.3765 0.9239
vn -0.0639 0.3773 -0.9239
vn -0.1638 0.9670 -0.1950
vn -0.1543 0.9109 -0.3827
vn -0.1638 0.9670 0.1950
vn -0.1543 0.9109 0.3827
vn -0.0639 0.3773 0.9239
vn -0.0557 0.3786 -0.9239
vn -0.1429 0.9704 -0.1947
vn -0.1346 0.9140 -0.3827
vn -0.1429 0.9704 0.1947
vn -0.1346 0.9140 0.3827
vn -0.0557 0.3786 0.9239
vn -0.0428 0.3802 -0.9239
vn -0.1098 0.9747 -0.1947
vn -0.1034 0.9181 -0.3827
vn -0.1098 0.9747 0.1947
vn -0.1034 0.9181 0.3827
vn -0.0428 0.3802 0.9239
vn -0.0327 0.3813 -0.9239
vn -0.0839 0.9772 -0.1949
vn -0.0790 0.9205 -0.3827
vn -0.0839 0.9772 0.1949
vn -0.0790 0.9205 0.3827
vn -0.0327 0.3813 0.9239
vn -0.0270 0.3817 -0.9239
vn -0.0691 0.9784 -0.1950
vn -0.0651 0.9216 -0.3827
vn -0.0691 0.9784 0.1950
vn -0.0651 0.9216 0.3827
vn -0.0270 0.3817 0.9239
vn -0.0209 0.3821 -0.9239
vn -0.0536 0.9794 -0.1948
vn -0.0505 0.9225 -0.3827
vn -0.0536 0.9794 0.1948
vn -0.0505 0.9225 0.3827
vn -0.0209 0.3821 0.9239
vn -0.0110 0.3825 -0.9239
vn -0.0281 0.9805 -0.1947
vn -0.0265 0.9235 -0.3827
vn -0.0281 0.9805 0.1947
vn -0.0265 0.9235 0.3827
vn -0.0110 0.3825 0.9239
vn 0.0004 0.3826 -0.9239
vn 0.0011 0.9808 -0.1948
vn 0.0010 0.9239 -0.3827
vn 0.0011 0.9808 0.1948
vn 0.0010 0.9239 0.3827
vn 0.0004 0.3826 0.9239
vn 0.0108 0.3825 -0.9239
vn 0.0277 0.9805 -0.1948
vn 0.0261 0.9235 -0.3827
vn 0.0277 0.9805 0.1948
vn 0.0261 0.9235 0.3827
vn 0.0108 0.3825 0.9239
vn 0.0218 0.3820 -0.9239
vn 0.0558 0.9793 -0.1947
vn 0.0525 0.9224 -0.3827
vn 0.0558 0.9793 0.1947
vn 0.0525 0.9224 0.3827
vn 0.0218 0.3820 0.9239
vn 0.0327 0.3813 -0.9239
vn 0.0839 0.9773 -0.1948
vn 0.0790 0.9205 -0.3827
vn 0.0839 0.9773 0.1948
vn 0.0790 0.9205 0.3827
vn 0.0327 0.3813 0.9239
vn 0.0395 0.3806 -0.9239
vn 0.1013 0.9756 -0.1950
vn 0.0954 0.9189 -0.3827
vn 0.1013 0.9756 0.1950
vn 0.0954 0.9189 0.3827
vn 0.0395 0.3806 0.9239
vn 0.0436 0.3802 -0.9239
vn 0.1118 0.9744 -0.1950
vn 0.1053 0.9179 -0.3827
vn 0.1118 0.9744 0.1950
vn 0.1053 0.9179 0.3827
vn 0.0436 0.3802 0.9239
vn 0.0494 0.3795 -0.9239
vn 0.1267 0.9726 -0.1949
vn 0.1193 0.9161 -0.3827
vn 0.1267 0.9726 0.1949
vn 0.1193 0.9161 0.3827
vn 0.0494 0.3795 0.9239
vn 0.0548 0.3787 -0.9239
vn 0.1404 0.9707 -0.1950
vn 0.1323 0.9144 -0.3827
vn 0.1404 0.9707 0.1950
vn 0.1323 0.9144 0.3827
vn 0.0548 0.3787 0.9239
vn 0.0556 0.3786 -0.9239
vn 0.1425 0.9704 -0.1951
vn 0.1343 0.9141 -0.3827
vn 0.1425 0.9704 0.1951
vn 0.1343 0.9141 0.3827
vn 0.0556 0.3786 0.9239
vn 0.2256 0.2006 -0.9533
vn 0.1409 0.9747 -0.1735
vn 0.1322 0.9144 -0.3827
vn 0.1409 0.9747 0.1735
vn 0.1322 0.9144 0.3827
vn 0.2256 0.2006 0.9533
vn 0.2052 -0.1934 -0.9594
vn 0.9845 0.0258 -0.1735
vn 0.9852 0.0258 -0.1695
vn 0.9236 0.0242 -0.3827
vn 0.9845 0.0258 0.1735
vn 0.9852 0.0258 0.1695
vn 0.9236 0.0242 0.3827
vn 0.2052 -0.1934 0.9594
vn 0.0102 -0.3825 -0.9239
vn 0.0324 -0.9850 -0.1695
vn 0.0263 -0.9805 -0.1949
vn 0.0247 -0.9235 -0.3827
vn 0.0304 -0.9234 -0.3827
vn 0.0324 -0.9850 0.1695
vn 0.0263 -0.9805 0.1949
vn 0.0304 -0.9234 0.3827
vn 0.0247 -0.9235 0.3827
vn 0.0102 -0.3825 0.9239
vn 0.0095 -0.3826 -0.9239
vn 0.0243 -0.9805 -0.1952
vn 0.0229 -0.9236 -0.3827
vn 0.0243 -0.9805 0.1952
vn 0.0229 -0.9236 0.3827
vn 0.0095 -0.3826 0.9239
vn 0.0080 -0.3826 -0.9239
vn 0.0204 -0.9806 -0.1949
vn 0.0193 -0.9237 -0.3827
vn 0.0204 -0.9806 0.1949
vn 0.0193 -0.9237 0.3827
vn 0.0080 -0.3826 0.9239
vn -0.0017 -0.3826 -0.9239
vn -0.0043 -0.9809 -0.1947
vn -0.0040 -0.9239 -0.3827
vn -0.0043 -0.9809 0.1947
vn -0.0040 -0.9239 0.3827
vn -0.0017 -0.3826 0.9239
vn -0.0103 -0.3825 -0.9239
vn -0.0263 -0.9805 -0.1950
vn -0.0248 -0.9235 -0.3827
vn -0.0263 -0.9805 0.1950
vn -0.0248 -0.9235 0.3827
vn -0.0103 -0.3825 0.9239
vn -0.0140 -0.3824 -0.9239
vn -0.0360 -0.9801 -0.1950
vn -0.0339 -0.9233 -0.3827
vn -0.0360 -0.9801 0.1950
vn -0.0339 -0.9233 0.3827
vn -0.0140 -0.3824 0.9239
vn -0.0273 -0.3816 -0.9239
vn -0.0701 -0.9784 -0.1945
vn -0.0660 -0.9215 -0.3828
vn -0.0701 -0.9784 0.1945
vn -0.0660 -0.9215 0.3828
vn -0.0273 -0.3816 0.9239
vn -0.0561 -0.3782 -0.9240
vn -0.1439 -0.9704 -0.1942
vn -0.1355 -0.9138 -0.3830
vn -0.1439 -0.9704 0.1942
vn -0.1355 -0.9138 0.3830
vn -0.0561 -0.3782 0.9240
vn -0.0847 -0.3730 -0.9239
vn -0.2171 -0.9566 -0.1944
vn -0.2045 -0.9009 -0.3828
vn -0.2171 -0.9566 0.1944
vn -0.2045 -0.9009 0.3828
vn -0.0847 -0.3730 0.9239
vn -0.1082 -0.3669 -0.9240
vn -0.2774 -0.9409 -0.1944
vn -0.2612 -0.8861 -0.3829
vn -0.2774 -0.9409 0.1944
vn -0.2612 -0.8861 0.3829
vn -0.1082 -0.3669 0.9240
vn -0.1385 -0.3563 -0.9241
vn -0.3553 -0.9144 -0.1941
vn -0.3346 -0.8610 -0.3831
vn -0.3553 -0.9144 0.1941
vn -0.3346 -0.8610 0.3831
vn -0.1385 -0.3563 0.9241
vn -0.1743 -0.3402 -0.9241
vn -0.4474 -0.8730 -0.1941
vn -0.4213 -0.8220 -0.3831
vn -0.4474 -0.8730 0.1941
vn -0.4213 -0.8220 0.3831
vn -0.1743 -0.3402 0.9241
vn -0.2016 -0.3251 -0.9239
vn -0.5170 -0.8336 -0.1945
vn -0.4869 -0.7851 -0.3828
vn -0.5170 -0.8336 0.1945
vn -0.4869 -0.7851 0.3828
vn -0.2016 -0.3251 0.9239
vn -0.2238 -0.3101 -0.9240
vn -0.5740 -0.7955 -0.1943
vn -0.5405 -0.7491 -0.3829
vn -0.5740 -0.7955 0.1943
vn -0.5405 -0.7491 0.3829
vn -0.2238 -0.3101 0.9240
vn -0.2562 -0.2832 -0.9242
vn -0.6581 -0.7275 -0.1939
vn -0.6196 -0.6849 -0.3835
vn -0.6581 -0.7275 0.1939
vn -0.6196 -0.6849 0.3835
vn -0.2562 -0.2832 0.9242
vn -0.2950 -0.2423 -0.9243
vn -0.7581 -0.6226 -0.1938
vn -0.7136 -0.5861 -0.3837
vn -0.7581 -0.6226 0.1938
vn -0.7136 -0.5861 0.3837
vn -0.2950 -0.2423 0.9243
vn -0.3274 -0.1965 -0.9242
vn -0.8411 -0.5049 -0.1939
vn -0.7919 -0.4753 -0.3835
vn -0.8411 -0.5049 0.1939
vn -0.7919 -0.4753 0.3835
vn -0.3274 -0.1965 0.9242
vn -0.3528 -0.1454 -0.9243
vn -0.9070 -0.3739 -0.1938
vn -0.8538 -0.3519 -0.3837
vn -0.9070 -0.3739 0.1938
vn -0.8538 -0.3519 0.3837
vn -0.3528 -0.1454 0.9243
vn -0.3706 -0.0926 -0.9242
vn -0.9518 -0.2377 -0.1939
vn -0.8961 -0.2238 -0.3834
vn -0.9518 -0.2377 0.1939
vn -0.8961 -0.2238 0.3834
vn -0.3706 -0.0926 0.9242
vn -0.3783 -0.0565 -0.9239
vn -0.9702 -0.1448 -0.1944
vn -0.9137 -0.1363 -0.3828
vn -0.9702 -0.1448 0.1944
vn -0.9137 -0.1363 0.3828
vn -0.3783 -0.0565 0.9239
vt 0.367347 0.000000
vt 0.408163 0.000000
vt 0.387755 0.000000
vt 0.346939 0.000000
vt 0.428571 0.000000
vt 0.448980 0.000000
vt 0.326531 0.000000
vt 0.469388 0.000000
vt 0.306122 0.000000
vt 0.489796 0.000000
vt 0.285714 0.000000
vt 0.510204 0.000000
vt 0.265306 0.000000
vt 0.244898 0.000000
vt 0.530612 0.000000
vt 0.551020 0.000000
vt 0.224490 0.000000
vt 0.204082 0.000000
vt 0.571429 0.000000
vt 0.183673 0.000000
vt 0.591837 0.000000
vt 0.163265 0.000000
vt 0.142857 0.000000
vt 0.122449 0.000000
vt 0.102041 0.000000
vt 0.081633 0.000000
vt 0.061224 0.000000
vt 0.040816 0.000000
vt 0.020408 0.000000
vt 0.000000 0.000000
vt 1.000000 0.000000
vt 0.979592 0.000000
vt 0.959184 0.000000
vt 0.938776 0.000000
vt 0.918367 0.000000
vt 0.897959 0.000000
vt 0.877551 0.000000
vt 0.857143 0.000000
vt 0.836735 0.000000
vt 0.816327 0.000000
vt 0.795918 0.000000
vt 0.775510 0.000000
vt 0.755102 0.000000
vt 0.612245 0.000000
vt 0.734694 0.000000
vt 0.714286 0.000000
vt 0.632653 0.000000
vt 0.693878 0.000000
vt 0.653061 0.000000
vt 0.673469 0.000000
vt 0.000000 0.200000
vt 0.020000 0.200000
vt 0.020000 0.000000
vt 0.000000 0.400000
vt 0.020000 0.400000
vt 0.000000 0.600000
vt 0.020000 0.600000
vt 0.000000 0.800000
vt 0.020000 0.800000
vt 0.000000 1.000000
vt 0.020000 1.000000
vt 0.040000 0.200000
vt 0.040000 0.000000
vt 0.040000 0.400000
vt 0.040000 0.600000
vt 0.040000 0.800000
vt 0.040000 1.000000
vt 0.060000 0.200000
vt 0.060000 0.000000
vt 0.060000 0.400000
vt 0.060000 0.600000
vt 0.060000 0.800000
vt 0.060000 1.000000
vt 0.080000 0.200000
vt 0.080000 0.000000
vt 0.080000 0.400000
vt 0.080000 0.600000
vt 0.080000 0.800000
vt 0.080000 1.000000
vt 0.100000 0.200000
vt 0.100000 0.000000
vt 0.100000 0.400000
vt 0.100000 0.600000
vt 0.100000 0.800000
vt 0.100000 1.000000
vt 0.120000 0.200000
vt 0.120000 0.000000
vt 0.120000 0.400000
vt 0.120000 0.600000
vt 0.120000 0.800000
vt 0.120000 1.000000
vt 0.140000 0.200000
vt 0.140000 0.000000
vt 0.140000 0.400000
vt 0.140000 0.600000
vt 0.140000 0.800000
vt 0.140000 1.000000
vt 0.160000 0.200000
vt 0.160000 0.000000
vt 0.160000 0.400000
vt 0.160000 0.600000
vt 0.160000 0.800000
vt 0.160000 1.000000
vt 0.180000 0.200000
vt 0.180000 0.000000
vt 0.180000 0.400000
vt 0.180000 0.600000
vt 0.180000 0.800000
vt 0.180000 1.000000
vt 0.200000 0.200000
vt 0.200000 0.000000
vt 0.200000 0.400000
vt 0.200000 0.600000
vt 0.200000 0.800000
vt 0.200000 1.000000
vt 0.220000 0.200000
vt 0.220000 0.000000
vt 0.220000 0.400000
vt 0.220000 0.600000
vt 0.220000 0.800000
vt 0.220000 1.000000
vt 0.240000 0.200000
vt 0.240000 0.000000
vt 0.240000 0.400000
vt 0.240000 0.600000
vt 0.240000 0.800000
vt 0.240000 1.000000
vt 0.260000 0.200000
vt 0.260000 0.000000
vt 0.260000 0.400000
vt 0.260000 0.600000
vt 0.260000 0.800000
vt 0.260000 1.000000
vt 0.280000 0.200000
vt 0.280000 0.000000
vt 0.280000 0.400000
vt 0.280000 0.600000
vt 0.280000 0.800000
vt 0.280000 1.000000
vt 0.300000 0.200000
vt 0.300000 0.000000
vt 0.300000 0.400000
vt 0.300000 0.600000
vt 0.300000 0.800000
vt 0.300000 1.000000
vt 0.320000 0.200000
vt 0.320000 0.000000
vt 0.320000 0.400000
vt 0.320000 0.600000
vt 0.320000 0.800000
vt 0.320000 1.000000
vt 0.340000 0.200000
vt 0.340000 0.000000
vt 0.340000 0.400000
vt 0.340000 0.600000
vt 0.340000 0.800000
vt 0.340000 1.000000
vt 0.360000 0.200000
vt 0.360000 0.000000
vt 0.360000 0.400000
vt 0.360000 0.600000
vt 0.360000 0.800000
vt 0.360000 1.000000
vt 0.380000 0.200000
vt 0.380000 0.000000
vt 0.380000 0.400000
vt 0.380000 0.600000
vt 0.380000 0.800000
vt 0.380000 1.000000
vt 0.400000 0.200000
vt 0.400000 0.000000
vt 0.400000 0.400000
vt 0.400000 0.600000
vt 0.400000 0.800000
vt 0.400000 1.000000
vt 0.420000 0.200000
vt 0.420000 0.000000
vt 0.420000 0.400000
vt 0.420000 0.600000
vt 0.420000 0.800000
vt 0.420000 1.000000
vt 0.440000 0.200000
vt 0.440000 0.000000
vt 0.440000 0.400000
vt 0.440000 0.600000
vt 0.440000 0.800000
vt 0.440000 1.000000
vt 0.460000 0.200000
vt 0.460000 0.000000
vt 0.460000 0.400000
vt 0.460000 0.600000
vt 0.460000 0.800000
vt 0.460000 1.000000
vt 0.480000 0.200000
vt 0.480000 0.000000
vt 0.480000 0.400000
vt 0.480000 0.600000
vt 0.480000 0.800000
vt 0.480000 1.000000
vt 0.500000 0.200000
vt 0.500000 0.000000
vt 0.500000 0.400000
vt 0.500000 0.600000
vt 0.500000 0.800000
vt 0.500000 1.000000
vt 0.520000 0.200000
vt 0.520000 0.000000
vt 0.520000 0.400000
vt 0.520000 0.600000
vt 0.520000 0.800000
vt 0.520000 1.000000
vt 0.540000 0.200000
vt 0.540000 0.000000
vt 0.540000 0.400000
vt 0.540000 0.600000
vt 0.540000 0.800000
vt 0.540000 1.000000
vt 0.560000 0.200000
vt 0.560000 0.000000
vt 0.560000 0.400000
vt 0.560000 0.600000
vt 0.560000 0.800000
vt 0.560000 1.000000
vt 0.580000 0.200000
vt 0.580000 0.000000
vt 0.580000 0.400000
vt 0.580000 0.600000
vt 0.580000 0.800000
vt 0.580000 1.000000
vt 0.600000 0.200000
vt 0.600000 0.000000
vt 0.600000 0.400000
vt 0.600000 0.600000
vt 0.600000 0.800000
vt 0.600000 1.000000
vt 0.620000 0.200000
vt 0.620000 0.000000
vt 0.620000 0.400000
vt 0.620000 0.600000
vt 0.620000 0.800000
vt 0.620000 1.000000
vt 0.640000 0.200000
vt 0.640000 0.000000
vt 0.640000 0.400000
vt 0.640000 0.600000
vt 0.640000 0.800000
vt 0.640000 1.000000
vt 0.660000 0.200000
vt 0.660000 0.000000
vt 0.660000 0.400000
vt 0.660000 0.600000
vt 0.660000 0.800000
vt 0.660000 1.000000
vt 0.680000 0.200000
vt 0.680000 0.000000
vt 0.680000 0.400000
vt 0.680000 0.600000
vt 0.680000 0.800000
vt 0.680000 1.000000
vt 0.700000 0.200000
vt 0.700000 0.000000
vt 0.700000 0.400000
vt 0.700000 0.600000
vt 0.700000 0.800000
vt 0.700000 1.000000
vt 0.720000 0.200000
vt 0.720000 0.000000
vt 0.720000 0.400000
vt 0.720000 0.600000
vt 0.720000 0.800000
vt 0.720000 1.000000
vt 0.740000 0.200000
vt 0.740000 0.000000
vt 0.740000 0.400000
vt 0.740000 0.600000
vt 0.740000 0.800000
vt 0.740000 1.000000
vt 0.760000 0.200000
vt 0.760000 0.000000
vt 0.760000 0.400000
vt 0.760000 0.600000
vt 0.760000 0.800000
vt 0.760000 1.000000
vt 0.780000 0.200000
vt 0.780000 0.000000
vt 0.780000 0.400000
vt 0.780000 0.600000
vt 0.780000 0.800000
vt 0.780000 1.000000
vt 0.800000 0.200000
vt 0.800000 0.000000
vt 0.800000 0.400000
vt 0.800000 0.600000
vt 0.800000 0.800000
vt 0.800000 1.000000
vt 0.820000 0.200000
vt 0.820000 0.000000
vt 0.820000 0.400000
vt 0.820000 0.600000
vt 0.820000 0.800000
vt 0.820000 1.000000
vt 0.840000 0.200000
vt 0.840000 0.000000
vt 0.840000 0.400000
vt 0.840000 0.600000
vt 0.840000 0.800000
vt 0.840000 1.000000
vt 0.860000 0.200000
vt 0.860000 0.000000
vt 0.860000 0.400000
vt 0.860000 0.600000
vt 0.860000 0.800000
vt 0.860000 1.000000
vt 0.880000 0.200000
vt 0.880000 0.000000
vt 0.880000 0.400000
vt 0.880000 0.600000
vt 0.880000 0.800000
vt 0.880000 1.000000
vt 0.900000 0.200000
vt 0.900000 0.000000
vt 0.900000 0.400000
vt 0.900000 0.600000
vt 0.900000 0.800000
vt 0.900000 1.000000
vt 0.920000 0.200000
vt 0.920000 0.000000
vt 0.920000 0.400000
vt 0.920000 0.600000
vt 0.920000 0.800000
vt 0.920000 1.000000
vt 0.940000 0.200000
vt 0.940000 0.000000
vt 0.940000 0.400000
vt 0.940000 0.600000
vt 0.940000 0.800000
vt 0.940000 1.000000
vt 0.960000 0.200000
vt 0.960000 0.000000
vt 0.960000 0.400000
vt 0.960000 0.600000
vt 0.960000 0.800000
vt 0.960000 1.000000
vt 0.980000 0.200000
vt 0.980000 0.000000
vt 0.980000 0.400000
vt 0.980000 0.600000
vt 0.980000 0.800000
vt 0.980000 1.000000
vt 1.000000 0.200000
vt 1.000000 0.400000
vt 1.000000 0.600000
vt 1.000000 0.800000
vt 1.000000 1.000000
s 1
usemtl Chrome_|_polished_body
f 19/1/1 21/2/2 20/3/3
f 18/4/4 21/2/2 19/1/1
f 18/4/4 22/5/5 21/2/2
f 18/4/4 23/6/6 22/5/5
f 17/7/7 23/6/6 18/4/4
f 17/7/7 24/8/8 23/6/6
f 16/9/9 24/8/8 17/7/7
f 16/9/9 25/10/10 24/8/8
f 15/11/11 25/10/10 16/9/9
f 15/11/11 26/12/12 25/10/10
f 14/13/13 26/12/12 15/11/11
f 13/14/14 26/12/12 14/13/13
f 13/14/14 27/15/15 26/12/12
f 13/14/14 28/16/16 27/15/15
f 12/17/17 28/16/16 13/14/14
f 11/18/18 28/16/16 12/17/17
f 11/18/18 29/19/19 28/16/16
f 10/20/20 29/19/19 11/18/18
f 10/20/20 30/21/21 29/19/19
f 9/22/22 30/21/21 10/20/20
f 8/23/23 30/21/21 9/22/22
f 7/24/24 30/21/21 8/23/23
f 6/25/25 30/21/21 7/24/24
f 5/26/26 30/21/21 6/25/25
f 4/27/27 30/21/21 5/26/26
f 3/28/28 30/21/21 4/27/27
f 2/29/29 30/21/21 3/28/28
f 1/30/30 30/21/21 2/29/29
f 50/31/31 30/21/21 1/30/30
f 49/32/32 30/21/21 50/31/31
f 48/33/33 30/21/21 49/32/32
f 47/34/34 30/21/21 48/33/33
f 46/35/35 30/21/21 47/34/34
f 45/36/36 30/21/21 46/35/35
f 44/37/37 30/21/21 45/36/36
f 43/38/38 30/21/21 44/37/37
f 42/39/39 30/21/21 43/38/38
f 41/40/40 30/21/21 42/39/39
f 40/41/41 30/21/21 41/40/40
f 39/42/42 30/21/21 40/41/41
f 38/43/43 30/21/21 39/42/42
f 38/43/43 31/44/44 30/21/21
f 37/45/45 31/44/44 38/43/43
f 36/46/46 31/44/44 37/45/45
f 36/46/46 32/47/47 31/44/44
f 35/48/48 32/47/47 36/46/46
f 35/48/48 33/49/49 32/47/47
f 34/50/50 33/49/49 35/48/48
f 69/1/51 70/3/52 71/2/53
f 68/4/54 69/1/51 71/2/53
f 68/4/54 71/2/53 72/5/55
f 68/4/54 72/5/55 73/6/56
f 67/7/57 68/4/54 73/6/56
f 67/7/57 73/6/56 74/8/58
f 66/9/59 67/7/57 74/8/58
f 66/9/59 74/8/58 75/10/60
f 65/11/61 66/9/59 75/10/60
f 65/11/61 75/10/60 76/12/62
f 64/13/63 65/11/61 76/12/62
f 63/14/64 64/13/63 76/12/62
f 63/14/64 76/12/62 77/15/65
f 63/14/64 77/15/65 78/16/66
f 62/17/67 63/14/64 78/16/66
f 61/18/68 62/17/67 78/16/66
f 61/18/68 78/16/66 79/19/69
f 60/20/70 61/18/68 79/19/69
f 60/20/70 79/19/69 80/21/71
f 59/22/72 60/20/70 80/21/71
f 58/23/73 59/22/72 80/21/71
f 57/24/74 58/23/73 80/21/71
f 56/25/75 57/24/74 80/21/71
f 55/26/76 56/25/75 80/21/71
f 54/27/77 55/26/76 80/21/71
f 53/28/78 54/27/77 80/21/71
f 52/29/79 53/28/78 80/21/71
f 51/30/80 52/29/79 80/21/71
f 100/31/81 51/30/80 80/21/71
f 99/32/82 100/31/81 80/21/71
f 98/33/83 99/32/82 80/21/71
f 97/34/84 98/33/83 80/21/71
f 96/35/85 97/34/84 80/21/71
f 95/36/86 96/35/85 80/21/71
f 94/37/87 95/36/86 80/21/71
f 93/38/88 94/37/87 80/21/71
f 92/39/89 93/38/88 80/21/71
f 91/40/90 92/39/89 80/21/71
f 90/41/91 91/40/90 80/21/71
f 89/42/92 90/41/91 80/21/71
f 88/43/93 89/42/92 80/21/71
f 88/43/93 80/21/71 81/44/94
f 87/45/95 88/43/93 81/44/94
f 86/46/96 87/45/95 81/44/94
f 86/46/96 81/44/94 82/47/97
f 85/48/98 86/46/96 82/47/97
f 85/48/98 82/47/97 83/49/99
f 84/50/100 85/48/98 83/49/99
f 101/51/101 105/52/102 52/53/79 51/30/80
f 102/54/103 106/55/104 105/52/105 101/51/106
f 103/56/107 107/57/108 106/55/104 102/54/103
f 104/58/109 108/59/110 107/57/108 103/56/107
f 1/60/30 2/61/29 108/59/111 104/58/112
f 105/52/102 109/62/113 53/63/78 52/53/79
f 106/55/104 110/64/114 109/62/115 105/52/105
f 107/57/108 111/65/116 110/64/114 106/55/104
f 108/59/110 112/66/117 111/65/116 107/57/108
f 2/61/29 3/67/28 112/66/118 108/59/111
f 109/62/113 113/68/119 54/69/77 53/63/78
f 110/64/114 114/70/120 113/68/121 109/62/115
f 111/65/116 115/71/122 114/70/120 110/64/114
f 112/66/117 116/72/123 115/71/122 111/65/116
f 3/67/28 4/73/27 116/72/124 112/66/118
f 113/68/119 117/74/125 55/75/76 54/69/77
f 114/70/120 118/76/126 117/74/127 113/68/121
f 115/71/122 119/77/128 118/76/126 114/70/120
f 116/72/123 120/78/129 119/77/128 115/71/122
f 4/73/27 5/79/26 120/78/130 116/72/124
f 117/74/125 121/80/131 56/81/75 55/75/76
f 118/76/126 122/82/132 121/80/133 117/74/127
f 119/77/128 123/83/134 122/82/132 118/76/126
f 120/78/129 124/84/135 123/83/134 119/77/128
f 5/79/26 6/85/25 124/84/136 120/78/130
f 121/80/131 125/86/137 57/87/74 56/81/75
f 122/82/132 126/88/138 125/86/139 121/80/133
f 123/83/134 127/89/140 126/88/138 122/82/132
f 124/84/135 128/90/141 127/89/140 123/83/134
f 6/85/25 7/91/24 128/90/142 124/84/136
f 125/86/137 129/92/143 58/93/73 57/87/74
f 126/88/138 130/94/144 129/92/145 125/86/139
f 127/89/140 131/95/146 130/94/144 126/88/138
f 128/90/141 132/96/147 131/95/146 127/89/140
f 7/91/24 8/97/23 132/96/148 128/90/142
f 129/92/143 133/98/149 59/99/72 58/93/73
f 130/94/144 134/100/150 133/98/151 129/92/145
f 131/95/146 135/101/152 134/100/150 130/94/144
f 132/96/147 136/102/153 135/101/152 131/95/146
f 8/97/23 9/103/22 136/102/154 132/96/148
f 133/98/149 137/104/155 60/105/70 59/99/72
f 134/100/150 138/106/156 137/104/157 133/98/151
f 135/101/152 139/107/158 138/106/156 134/100/150
f 136/102/153 140/108/159 139/107/158 135/101/152
f 9/103/22 10/109/20 140/108/160 136/102/154
f 137/104/155 141/110/161 61/111/68 60/105/70
f 138/106/156 142/112/162 141/110/163 137/104/157
f 139/107/158 143/113/164 142/112/162 138/106/156
f 140/108/159 144/114/165 143/113/164 139/107/158
f 10/109/20 11/115/18 144/114/166 140/108/160
f 141/110/161 145/116/167 62/117/67 61/111/68
f 142/112/162 146/118/168 145/116/169 141/110/163
f 143/113/164 147/119/170 146/118/168 142/112/162
f 144/114/165 148/120/171 147/119/170 143/113/164
f 11/115/18 12/121/17 148/120/172 144/114/166
f 145/116/167 149/122/173 63/123/64 62/117/67
f 146/118/168 150/124/174 149/122/175 145/116/169
f 147/119/170 151/125/176 150/124/174 146/118/168
f 148/120/171 152/126/177 151/125/176 147/119/170
f 12/121/17 13/127/14 152/126/178 148/120/172
f 149/122/173 153/128/179 64/129/63 63/123/64
f 150/124/174 154/130/180 153/128/181 149/122/175
f 151/125/176 155/131/182 154/130/180 150/124/174
f 152/126/177 156/132/183 155/131/182 151/125/176
f 13/127/14 14/133/13 156/132/184 152/126/178
f 153/128/179 157/134/185 65/135/61 64/129/63
f 154/130/180 158/136/186 157/134/187 153/128/181
f 155/131/182 159/137/188 158/136/186 154/130/180
f 156/132/183 160/138/189 159/137/188 155/131/182
f 14/133/13 15/139/11 160/138/190 156/132/184
f 157/134/185 161/140/191 66/141/59 65/135/61
f 158/136/186 162/142/192 161/140/193 157/134/187
f 159/137/188 163/143/194 162/142/192 158/136/186
f 160/138/189 164/144/195 163/143/194 159/137/188
f 15/139/11 16/145/9 164/144/196 160/138/190
f 161/140/191 165/146/197 67/147/57 66/141/59
f 162/142/192 166/148/198 165/146/199 161/140/193
f 163/143/194 167/149/200 166/148/198 162/142/192
f 164/144/195 168/150/201 167/149/200 163/143/194
f 16/145/9 17/151/7 168/150/202 164/144/196
f 165/146/197 169/152/203 68/153/54 67/147/57
f 166/148/198 170/154/204 169/152/205 165/146/199
f 167/149/200 171/155/206 170/154/204 166/148/198
f 168/150/201 172/156/207 171/155/206 167/149/200
f 17/151/7 18/157/4 172/156/208 168/150/202
f 169/152/203 173/158/209 69/159/51 68/153/54
f 170/154/204 174/160/210 173/158/211 169/152/205
f 171/155/206 175/161/212 174/160/210 170/154/204
f 172/156/207 176/162/213 175/161/212 171/155/206
f 18/157/4 19/163/1 176/162/214 172/156/208
f 173/158/209 177/164/215 70/165/52 69/159/51
f 174/160/210 178/166/216 177/164/217 173/158/211
f 175/161/212 179/167/218 178/166/216 174/160/210
f 176/162/213 180/168/219 179/167/218 175/161/212
f 19/163/1 20/169/3 180/168/220 176/162/214
f 177/164/215 181/170/221 71/171/53 70/165/52
f 178/166/216 182/172/222 181/170/223 177/164/217
f 179/167/218 183/173/224 182/172/222 178/166/216
f 180/168/219 184/174/225 183/173/224 179/167/218
f 20/169/3 21/175/2 184/174/226 180/168/220
f 181/170/221 185/176/227 72/177/55 71/171/53
f 182/172/222 186/178/228 185/176/229 181/170/223
f 183/173/224 187/179/230 186/178/228 182/172/222
f 184/174/225 188/180/231 187/179/230 183/173/224
f 21/175/2 22/181/5 188/180/232 184/174/226
f 185/176/227 189/182/233 73/183/56 72/177/55
f 186/178/228 190/184/234 189/182/235 185/176/229
f 187/179/230 191/185/236 190/184/234 186/178/228
f 188/180/231 192/186/237 191/185/236 187/179/230
f 22/181/5 23/187/6 192/186/238 188/180/232
f 189/182/233 193/188/239 74/189/58 73/183/56
f 190/184/234 194/190/240 193/188/241 189/182/235
f 191/185/236 195/191/242 194/190/240 190/184/234
f 192/186/237 196/192/243 195/191/242 191/185/236
f 23/187/6 24/193/8 196/192/244 192/186/238
f 193/188/239 197/194/245 75/195/60 74/189/58
f 194/190/240 198/196/246 197/194/247 193/188/241
f 195/191/242 199/197/248 198/196/246 194/190/240
f 196/192/243 200/198/249 199/197/248 195/191/242
f 24/193/8 25/199/10 200/198/250 196/192/244
f 197/194/245 201/200/251 76/201/62 75/195/60
f 198/196/246 202/202/252 201/200/253 197/194/247
f 199/197/248 203/203/254 202/202/252 198/196/246
f 200/198/249 204/204/255 203/203/254 199/197/248
f 25/199/10 26/205/12 204/204/256 200/198/250
f 201/200/251 205/206/257 77/207/65 76/201/62
f 202/202/252 206/208/258 205/206/259 201/200/253
f 203/203/254 207/209/260 206/208/258 202/202/252
f 204/204/255 208/210/261 207/209/260 203/203/254
f 26/205/12 27/211/15 208/210/262 204/204/256
f 205/206/257 209/212/263 78/213/66 77/207/65
f 206/208/258 210/214/264 209/212/265 205/206/259
f 207/209/260 211/215/266 210/214/264 206/208/258
f 208/210/261 212/216/267 211/215/266 207/209/260
f 27/211/15 28/217/16 212/216/268 208/210/262
f 209/212/263 213/218/269 79/219/69 78/213/66
f 210/214/264 214/220/270 213/218/271 209/212/265
f 211/215/266 215/221/272 214/220/270 210/214/264
f 212/216/267 216/222/273 215/221/272 211/215/266
f 28/217/16 29/223/19 216/222/274 212/216/268
f 213/218/269 217/224/275 80/225/71 79/219/69
f 214/220/276 218/226/277 217/224/278 213/218/278
f 215/221/279 219/227/280 218/226/277 214/220/276
f 216/222/281 220/228/281 219/227/280 215/221/279
f 29/223/19 30/229/21 220/228/282 216/222/274
f 217/224/275 221/230/283 81/231/94 80/225/71
f 218/226/284 222/232/285 221/230/286 217/224/287
f 219/227/288 223/233/289 222/232/285 218/226/284
f 220/228/290 224/234/291 223/233/289 219/227/288
f 30/229/21 31/235/44 224/234/292 220/228/282
f 221/230/283 225/236/293 82/237/97 81/231/94
f 222/232/285 226/238/294 225/236/295 221/230/286
f 223/233/289 227/239/296 226/238/294 222/232/285
f 224/234/291 228/240/297 227/239/296 223/233/289
f 31/235/44 32/241/47 228/240/298 224/234/292
f 225/236/293 229/242/299 83/243/99 82/237/97
f 226/238/294 230/244/300 229/242/301 225/236/295
f 227/239/296 231/245/302 230/244/300 226/238/294
f 228/240/297 232/246/303 231/245/302 227/239/296
f 32/241/47 33/247/49 232/246/304 228/240/298
f 229/242/299 233/248/305 84/249/100 83/243/99
f 230/244/300 234/250/306 233/248/307 229/242/301
f 231/245/302 235/251/308 234/250/306 230/244/300
f 232/246/303 236/252/309 235/251/308 231/245/302
f 33/247/49 34/253/50 236/252/310 232/246/304
f 233/248/305 237/254/311 85/255/98 84/249/100
f 234/250/306 238/256/312 237/254/313 233/248/307
f 235/251/308 239/257/314 238/256/312 234/250/306
f 236/252/309 240/258/315 239/257/314 235/251/308
f 34/253/50 35/259/48 240/258/316 236/252/310
f 237/254/311 241/260/317 86/261/96 85/255/98
f 238/256/312 242/262/318 241/260/319 237/254/313
f 239/257/314 243/263/320 242/262/318 238/256/312
f 240/258/315 244/264/321 243/263/320 239/257/314
f 35/259/48 36/265/46 244/264/322 240/258/316
f 241/260/317 245/266/323 87/267/95 86/261/96
f 242/262/318 246/268/324 245/266/325 241/260/319
f 243/263/320 247/269/326 246/268/324 242/262/318
f 244/264/321 248/270/327 247/269/326 243/263/320
f 36/265/46 37/271/45 248/270/328 244/264/322
f 245/266/323 249/272/329 88/273/93 87/267/95
f 246/268/324 250/274/330 249/272/331 245/266/325
f 247/269/326 251/275/332 250/274/330 246/268/324
f 248/270/327 252/276/333 251/275/332 247/269/326
f 37/271/45 38/277/43 252/276/334 248/270/328
f 249/272/329 253/278/335 89/279/92 88/273/93
f 250/274/330 254/280/336 253/278/337 249/272/331
f 251/275/332 255/281/338 254/280/336 250/274/330
f 252/276/333 256/282/339 255/281/338 251/275/332
f 38/277/43 39/283/42 256/282/340 252/276/334
f 253/278/335 257/284/341 90/285/91 89/279/92
f 254/280/336 258/286/342 257/284/343 253/278/337
f 255/281/338 259/287/344 258/286/342 254/280/336
f 256/282/339 260/288/345 259/287/344 255/281/338
f 39/283/42 40/289/41 260/288/346 256/282/340
f 257/284/341 261/290/347 91/291/90 90/285/91
f 258/286/342 262/292/348 261/290/349 257/284/343
f 259/287/344 263/293/350 262/292/348 258/286/342
f 260/288/345 264/294/351 263/293/350 259/287/344
f 40/289/41 41/295/40 264/294/352 260/288/346
f 261/290/347 265/296/353 92/297/89 91/291/90
f 262/292/348 266/298/354 265/296/355 261/290/349
f 263/293/350 267/299/356 266/298/354 262/292/348
f 264/294/351 268/300/357 267/299/356 263/293/350
f 41/295/40 42/301/39 268/300/358 264/294/352
f 265/296/353 269/302/359 93/303/88 92/297/89
f 266/298/354 270/304/360 269/302/361 265/296/355
f 267/299/356 271/305/362 270/304/360 266/298/354
f 268/300/357 272/306/363 271/305/362 267/299/356
f 42/301/39 43/307/38 272/306/364 268/300/358
f 269/302/359 273/308/365 94/309/87 93/303/88
f 270/304/360 274/310/366 273/308/367 269/302/361
f 271/305/362 275/311/368 274/310/366 270/304/360
f 272/306/363 276/312/369 275/311/368 271/305/362
f 43/307/38 44/313/37 276/312/370 272/306/364
f 273/308/365 277/314/371 95/315/86 94/309/87
f 274/310/366 278/316/372 277/314/373 273/308/367
f 275/311/368 279/317/374 278/316/372 274/310/366
f 276/312/369 280/318/375 279/317/374 275/311/368
f 44/313/37 45/319/36 280/318/376 276/312/370
f 277/314/371 281/320/377 96/321/85 95/315/86
f 278/316/372 282/322/378 281/320/379 277/314/373
f 279/317/374 283/323/380 282/322/378 278/316/372
f 280/318/375 284/324/381 283/323/380 279/317/374
f 45/319/36 46/325/35 284/324/382 280/318/376
f 281/320/377 285/326/383 97/327/84 96/321/85
f 282/322/378 286/328/384 285/326/385 281/320/379
f 283/323/380 287/329/386 286/328/384 282/322/378
f 284/324/381 288/330/387 287/329/386 283/323/380
f 46/325/35 47/331/34 288/330/388 284/324/382
f 285/326/383 289/332/389 98/333/83 97/327/84
f 286/328/384 290/334/390 289/332/391 285/326/385
f 287/329/386 291/335/392 290/334/390 286/328/384
f 288/330/387 292/336/393 291/335/392 287/329/386
f 47/331/34 48/337/33 292/336/394 288/330/388
f 289/332/389 293/338/395 99/339/82 98/333/83
f 290/334/390 294/340/396 293/338/397 289/332/391
f 291/335/392 295/341/398 294/340/396 290/334/390
f 292/336/393 296/342/399 295/341/398 291/335/392
f 48/337/33 49/343/32 296/342/400 292/336/394
f 293/338/395 297/344/401 100/345/81 99/339/82
f 294/340/396 298/346/402 297/344/403 293/338/397
f 295/341/398 299/347/404 298/346/402 294/340/396
f 296/342/399 300/348/405 299/347/404 295/341/398
f 49/343/32 50/349/31 300/348/406 296/342/400
f 297/344/401 101/350/101 51/31/80 100/345/81
f 298/346/402 102/351/103 101/350/106 297/344/403
f 299/347/404 103/352/107 102/351/103 298/346/402
f 300/348/405 104/353/109 103/352/107 299/347/404
f 50/349/31 1/354/30 104/353/112 300/348/406
o Grip_|_chrome_frame
v -0.019942 0.020809 0.016000
v -0.019385 0.022503 0.016000
v -0.018784 0.024036 0.016000
v -0.017895 0.025256 0.016000
v -0.016474 0.026012 0.016000
v -0.011458 0.025809 0.016000
v -0.007328 0.023183 0.016000
v -0.003219 0.019717 0.016000
v 0.001734 0.016994 0.016000
v 0.008247 0.015317 0.016000
v 0.014267 0.014395 0.016000
v 0.020090 0.013776 0.016000
v 0.026012 0.013006 0.016000
v 0.025605 0.011533 0.016000
v 0.025217 0.010090 0.016000
v 0.024793 0.008588 0.016000
v 0.024277 0.006936 0.016000
v 0.022942 0.003228 0.016000
v 0.021642 0.000011 0.016000
v 0.020359 -0.003211 0.016000
v 0.019075 -0.006936 0.016000
v 0.017442 -0.012406 0.016000
v 0.016155 -0.017260 0.016000
v 0.015027 -0.022154 0.016000
v 0.013873 -0.027746 0.016000
v 0.012878 -0.032325 0.016000
v 0.012008 -0.036367 0.016000
v 0.011420 -0.040434 0.016000
v 0.011272 -0.045087 0.016000
v 0.011402 -0.047445 0.016000
v 0.011700 -0.049510 0.016000
v 0.012218 -0.051531 0.016000
v 0.013006 -0.053757 0.016000
v 0.013668 -0.055160 0.016000
v 0.014413 -0.056353 0.016000
v 0.015192 -0.057462 0.016000
v 0.015954 -0.058613 0.016000
v 0.010405 -0.061040 0.016000
v -0.045087 -0.059653 0.016000
v -0.049942 -0.055838 0.016000
v -0.049227 -0.053640 0.016000
v -0.048556 -0.051480 0.016000
v -0.047798 -0.049245 0.016000
v -0.046821 -0.046821 0.016000
v -0.044300 -0.041625 0.016000
v -0.041805 -0.037193 0.016000
v -0.039217 -0.032807 0.016000
v -0.036416 -0.027746 0.016000
v -0.033995 -0.023187 0.016000
v -0.031867 -0.019176 0.016000
v -0.029846 -0.015114 0.016000
v -0.027746 -0.010405 0.016000
v -0.025665 -0.005442 0.016000
v -0.023939 -0.001029 0.016000
v -0.022469 0.003465 0.016000
v -0.021156 0.008671 0.016000
v -0.020761 0.011899 0.016000
v -0.020768 0.014803 0.016000
v -0.020666 0.017675 0.016000
v -0.019942 0.020809 -0.016000
v -0.019385 0.022503 -0.016000
v -0.018784 0.024036 -0.016000
v -0.017895 0.025256 -0.016000
v -0.016474 0.026012 -0.016000
v -0.011458 0.025809 -0.016000
v -0.007328 0.023183 -0.016000
v -0.003219 0.019717 -0.016000
v 0.001734 0.016994 -0.016000
v 0.008247 0.015317 -0.016000
v 0.014267 0.014395 -0.016000
v 0.020090 0.013776 -0.016000
v 0.026012 0.013006 -0.016000
v 0.025605 0.011533 -0.016000
v 0.025217 0.010090 -0.016000
v 0.024793 0.008588 -0.016000
v 0.024277 0.006936 -0.016000
v 0.022942 0.003228 -0.016000
v 0.021642 0.000011 -0.016000
v 0.020359 -0.003211 -0.016000
v 0.019075 -0.006936 -0.016000
v 0.017442 -0.012406 -0.016000
v 0.016155 -0.017260 -0.016000
v 0.015027 -0.022154 -0.016000
v 0.013873 -0.027746 -0.016000
v 0.012878 -0.032325 -0.016000
v 0.012008 -0.036367 -0.016000
v 0.011420 -0.040434 -0.016000
v 0.011272 -0.045087 -0.016000
v 0.011402 -0.047445 -0.016000
v 0.011700 -0.049510 -0.016000
v 0.012218 -0.051531 -0.016000
v 0.013006 -0.053757 -0.016000
v 0.013668 -0.055160 -0.016000
v 0.014413 -0.056353 -0.016000
v 0.015192 -0.057462 -0.016000
v 0.015954 -0.058613 -0.016000
v 0.010405 -0.061040 -0.016000
v -0.045087 -0.059653 -0.016000
v -0.049942 -0.055838 -0.016000
v -0.049227 -0.053640 -0.016000
v -0.048556 -0.051480 -0.016000
v -0.047798 -0.049245 -0.016000
v -0.046821 -0.046821 -0.016000
v -0.044300 -0.041625 -0.016000
v -0.041805 -0.037193 -0.016000
v -0.039217 -0.032807 -0.016000
v -0.036416 -0.027746 -0.016000
v -0.033995 -0.023187 -0.016000
v -0.031867 -0.019176 -0.016000
v -0.029846 -0.015114 -0.016000
v -0.027746 -0.010405 -0.016000
v -0.025665 -0.005442 -0.016000
v -0.023939 -0.001029 -0.016000
v -0.022469 0.003465 -0.016000
v -0.021156 0.008671 -0.016000
v -0.020761 0.011899 -0.016000
v -0.020768 0.014803 -0.016000
v -0.020666 0.017675 -0.016000
v -0.022328 0.021476 -0.014975
v -0.023317 0.021752 -0.012500
v -0.023317 0.021752 0.012500
v -0.022328 0.021476 0.014975
v -0.021714 0.023342 -0.014975
v -0.022679 0.023690 -0.012500
v -0.022679 0.023690 0.012500
v -0.021714 0.023342 0.014975
v -0.020972 0.025235 -0.014975
v -0.021878 0.025732 -0.012500
v -0.021878 0.025732 0.012500
v -0.020972 0.025235 0.014975
v -0.019560 0.027173 -0.014975
v -0.020250 0.027967 -0.012500
v -0.020250 0.027967 0.012500
v -0.019560 0.027173 0.014975
v -0.017044 0.028511 -0.014975
v -0.017281 0.029547 -0.012500
v -0.017281 0.029547 0.012500
v -0.017044 0.028511 0.014975
v -0.010692 0.028255 -0.014975
v -0.010375 0.029269 -0.012500
v -0.010375 0.029269 0.012500
v -0.010692 0.028255 0.014975
v -0.005860 0.025182 -0.014975
v -0.005251 0.026010 -0.012500
v -0.005251 0.026010 0.012500
v -0.005860 0.025182 0.014975
v -0.001811 0.021767 -0.014975
v -0.001228 0.022616 -0.012500
v -0.001228 0.022616 0.012500
v -0.001811 0.021767 0.014975
v 0.002653 0.019313 -0.014975
v 0.003034 0.020274 -0.012500
v 0.003034 0.020274 0.012500
v 0.002653 0.019313 0.014975
v 0.008744 0.017744 -0.014975
v 0.008950 0.018750 -0.012500
v 0.008950 0.018750 0.012500
v 0.008744 0.017744 0.014975
v 0.014585 0.016850 -0.014975
v 0.014717 0.017867 -0.012500
v 0.014717 0.017867 0.012500
v 0.014585 0.016850 0.014975
v 0.020380 0.016234 -0.014975
v 0.020501 0.017252 -0.012500
v 0.020501 0.017252 0.012500
v 0.020380 0.016234 0.014975
v 0.029155 0.015093 -0.014975
v 0.030456 0.015957 -0.012500
v 0.030456 0.015957 0.012500
v 0.029155 0.015093 0.014975
v 0.027993 0.010883 -0.014975
v 0.028982 0.010613 -0.012500
v 0.028982 0.010613 0.012500
v 0.027993 0.010883 0.014975
v 0.027603 0.009432 -0.014975
v 0.028591 0.009160 -0.012500
v 0.028591 0.009160 0.012500
v 0.027603 0.009432 0.014975
v 0.027165 0.007882 -0.014975
v 0.028148 0.007590 -0.012500
v 0.028148 0.007590 0.012500
v 0.027165 0.007882 0.014975
v 0.026624 0.006148 -0.014975
v 0.027596 0.005822 -0.012500
v 0.027596 0.005822 0.012500
v 0.026624 0.006148 0.014975
v 0.025255 0.002345 -0.014975
v 0.026212 0.001979 -0.012500
v 0.026212 0.001979 0.012500
v 0.025255 0.002345 0.014975
v 0.023939 -0.000910 -0.014975
v 0.024890 -0.001292 -0.012500
v 0.024890 -0.001292 0.012500
v 0.023939 -0.000910 0.014975
v 0.022680 -0.004073 -0.014975
v 0.023641 -0.004430 -0.012500
v 0.023641 -0.004430 0.012500
v 0.022680 -0.004073 0.014975
v 0.021432 -0.007694 -0.014975
v 0.022408 -0.008008 -0.012500
v 0.022408 -0.008008 0.012500
v 0.021432 -0.007694 0.014975
v 0.019825 -0.013078 -0.014975
v 0.020812 -0.013356 -0.012500
v 0.020812 -0.013356 0.012500
v 0.019825 -0.013078 0.014975
v 0.018557 -0.017855 -0.014975
v 0.019552 -0.018102 -0.012500
v 0.019552 -0.018102 0.012500
v 0.018557 -0.017855 0.014975
v 0.017445 -0.022682 -0.014975
v 0.018446 -0.022901 -0.012500
v 0.018446 -0.022901 0.012500
v 0.017445 -0.022682 0.014975
v 0.016294 -0.028258 -0.014975
v 0.017297 -0.028471 -0.012500
v 0.017297 -0.028471 0.012500
v 0.016294 -0.028258 0.014975
v 0.015297 -0.032848 -0.014975
v 0.016299 -0.033065 -0.012500
v 0.016299 -0.033065 0.012500
v 0.015297 -0.032848 0.014975
v 0.014445 -0.036805 -0.014975
v 0.015455 -0.036987 -0.012500
v 0.015455 -0.036987 0.012500
v 0.014445 -0.036805 0.014975
v 0.013889 -0.040651 -0.014975
v 0.014912 -0.040741 -0.012500
v 0.014912 -0.040741 0.012500
v 0.013889 -0.040651 0.014975
v 0.013749 -0.045058 -0.014975
v 0.014775 -0.045046 -0.012500
v 0.014775 -0.045046 0.012500
v 0.013749 -0.045058 0.014975
v 0.013867 -0.047199 -0.014975
v 0.014888 -0.047098 -0.012500
v 0.014888 -0.047098 0.012500
v 0.013867 -0.047199 0.014975
v 0.014131 -0.049024 -0.014975
v 0.015137 -0.048823 -0.012500
v 0.015137 -0.048823 0.012500
v 0.014131 -0.049024 0.014975
v 0.014588 -0.050809 -0.014975
v 0.015570 -0.050511 -0.012500
v 0.015570 -0.050511 0.012500
v 0.014588 -0.050809 0.014975
v 0.015297 -0.052814 -0.014975
v 0.016246 -0.052423 -0.012500
v 0.016246 -0.052423 0.012500
v 0.015297 -0.052814 0.014975
v 0.015844 -0.053972 -0.014975
v 0.016745 -0.053480 -0.012500
v 0.016745 -0.053480 0.012500
v 0.015844 -0.053972 0.014975
v 0.016477 -0.054985 -0.014975
v 0.017332 -0.054419 -0.012500
v 0.017332 -0.054419 0.012500
v 0.016477 -0.054985 0.014975
v 0.017237 -0.056067 -0.014975
v 0.018084 -0.055490 -0.012500
v 0.018084 -0.055490 0.012500
v 0.017237 -0.056067 0.014975
v 0.019642 -0.059700 -0.014975
v 0.021170 -0.060151 -0.012500
v 0.021170 -0.060151 0.012500
v 0.019642 -0.059700 0.014975
v 0.010893 -0.063528 -0.014975
v 0.011095 -0.064559 -0.012500
v 0.011095 -0.064559 0.012500
v 0.010893 -0.063528 0.014975
v -0.045970 -0.062107 -0.014975
v -0.046336 -0.063123 -0.012500
v -0.046336 -0.063123 0.012500
v -0.045970 -0.062107 0.014975
v -0.052830 -0.056716 -0.014975
v -0.054027 -0.057080 -0.012500
v -0.054027 -0.057080 0.012500
v -0.052830 -0.056716 0.014975
v -0.051586 -0.052890 -0.014975
v -0.052563 -0.052580 -0.012500
v -0.052563 -0.052580 0.012500
v -0.051586 -0.052890 0.014975
v -0.050910 -0.050715 -0.014975
v -0.051885 -0.050398 -0.012500
v -0.051885 -0.050398 0.012500
v -0.050910 -0.050715 0.014975
v -0.050119 -0.048384 -0.014975
v -0.051081 -0.048027 -0.012500
v -0.051081 -0.048027 0.012500
v -0.050119 -0.048384 0.014975
v -0.049085 -0.045817 -0.014975
v -0.050022 -0.045401 -0.012500
v -0.050022 -0.045401 0.012500
v -0.049085 -0.045817 0.014975
v -0.046494 -0.040476 -0.014975
v -0.047403 -0.040001 -0.012500
v -0.047403 -0.040001 0.012500
v -0.046494 -0.040476 0.014975
v -0.043950 -0.035957 -0.014975
v -0.044838 -0.035445 -0.012500
v -0.044838 -0.035445 0.012500
v -0.043950 -0.035957 0.014975
v -0.041366 -0.031579 -0.014975
v -0.042256 -0.031070 -0.012500
v -0.042256 -0.031070 0.012500
v -0.041366 -0.031579 0.014975
v -0.038592 -0.026566 -0.014975
v -0.039493 -0.026077 -0.012500
v -0.039493 -0.026077 0.012500
v -0.038592 -0.026566 0.014975
v -0.036181 -0.022027 -0.014975
v -0.037087 -0.021546 -0.012500
v -0.037087 -0.021546 0.012500
v -0.036181 -0.022027 0.014975
v -0.034068 -0.018044 -0.014975
v -0.034980 -0.017576 -0.012500
v -0.034980 -0.017576 0.012500
v -0.034068 -0.018044 0.014975
v -0.032085 -0.014059 -0.014975
v -0.033012 -0.013621 -0.012500
v -0.033012 -0.013621 0.012500
v -0.032085 -0.014059 0.014975
v -0.030017 -0.009422 -0.014975
v -0.030958 -0.009015 -0.012500
v -0.030958 -0.009015 0.012500
v -0.030017 -0.009422 0.014975
v -0.027959 -0.004513 -0.014975
v -0.028909 -0.004128 -0.012500
v -0.028909 -0.004128 0.012500
v -0.027959 -0.004513 0.014975
v -0.026269 -0.000193 -0.014975
v -0.027235 0.000153 -0.012500
v -0.027235 0.000153 0.012500
v -0.026269 -0.000193 0.014975
v -0.024848 0.004153 -0.014975
v -0.025833 0.004438 -0.012500
v -0.025833 0.004438 0.012500
v -0.024848 0.004153 0.014975
v -0.023594 0.009125 -0.014975
v -0.024604 0.009313 -0.012500
v -0.024604 0.009313 0.012500
v -0.023594 0.009125 0.014975
v -0.023236 0.012047 -0.014975
v -0.024262 0.012108 -0.012500
v -0.024262 0.012108 0.012500
v -0.023236 0.012047 0.014975
v -0.023243 0.014844 -0.014975
v -0.024268 0.014861 -0.012500
v -0.024268 0.014861 0.012500
v -0.023243 0.014844 0.014975
v -0.023130 0.018000 -0.014975
v -0.024151 0.018135 -0.012500
v -0.024151 0.018135 0.012500
v -0.023130 0.018000 0.014975
vn -0.1422 0.1637 0.9762
vn 0.0655 0.2092 0.9757
vn -0.0488 0.2138 0.9757
vn 0.1200 0.1633 0.9792
vn -0.1830 0.1004 0.9780
vn -0.1866 0.0672 0.9801
vn 0.1032 0.1504 0.9832
vn -0.1930 0.0539 0.9797
vn -0.2039 0.0269 0.9786
vn 0.0659 0.1662 0.9839
vn -0.1973 0.0033 0.9803
vn 0.0379 0.1850 0.9820
vn 0.0247 0.1907 0.9813
vn -0.1870 0.0112 0.9823
vn 0.0231 0.1951 0.9805
vn 0.1674 0.1112 0.9796
vn 0.1879 -0.0512 0.9809
vn -0.1841 0.0343 0.9823
vn 0.1888 -0.0521 0.9806
vn 0.1885 -0.0560 0.9805
vn -0.1833 0.0530 0.9816
vn 0.1873 -0.0629 0.9803
vn 0.1844 -0.0704 0.9803
vn -0.1804 0.0647 0.9815
vn 0.1808 -0.0725 0.9808
vn 0.1802 -0.0669 0.9814
vn -0.1795 0.0727 0.9811
vn 0.1833 -0.0589 0.9813
vn -0.1778 0.0769 0.9811
vn 0.1860 -0.0524 0.9812
vn -0.1741 0.0821 0.9813
vn 0.1874 -0.0464 0.9812
vn -0.1721 0.0885 0.9811
vn 0.1892 -0.0413 0.9811
vn -0.1723 0.0915 0.9808
vn 0.1915 -0.0406 0.9807
vn -0.1706 0.0925 0.9810
vn -0.1679 0.0960 0.9811
vn 0.1906 -0.0412 0.9808
vn 0.1879 -0.0338 0.9816
vn -0.1701 0.0980 0.9805
vn 0.1874 -0.0165 0.9821
vn -0.1760 0.0921 0.9801
vn 0.1897 0.0022 0.9818
vn -0.1820 0.0807 0.9800
vn 0.1887 0.0188 0.9819
vn -0.1860 0.0690 0.9801
vn 0.1848 0.0369 0.9821
vn -0.1870 0.0608 0.9805
vn 0.1814 0.0552 0.9819
vn -0.1852 0.0589 0.9809
vn 0.1746 0.0719 0.9820
vn -0.2132 -0.0648 0.9748
vn 0.1648 0.0900 0.9822
vn 0.1599 0.1060 0.9814
vn -0.0753 -0.2092 0.9750
vn 0.1625 0.1108 0.9805
vn 0.1906 -0.0562 0.9801
vn 0.0416 -0.2122 0.9763
vn -0.1422 0.1637 -0.9762
vn -0.0488 0.2138 -0.9757
vn 0.0655 0.2092 -0.9757
vn 0.1200 0.1633 -0.9792
vn -0.1830 0.1004 -0.9780
vn -0.1866 0.0672 -0.9801
vn 0.1032 0.1504 -0.9832
vn -0.1930 0.0539 -0.9797
vn -0.2039 0.0269 -0.9786
vn 0.0659 0.1662 -0.9839
vn -0.1973 0.0033 -0.9803
vn 0.0379 0.1850 -0.9820
vn 0.0247 0.1907 -0.9813
vn -0.1870 0.0112 -0.9823
vn 0.0231 0.1951 -0.9805
vn 0.1674 0.1112 -0.9796
vn 0.1879 -0.0512 -0.9809
vn -0.1841 0.0343 -0.9823
vn 0.1888 -0.0521 -0.9806
vn 0.1885 -0.0560 -0.9805
vn -0.1833 0.0530 -0.9816
vn 0.1873 -0.0629 -0.9803
vn 0.1844 -0.0704 -0.9803
vn -0.1804 0.0647 -0.9815
vn 0.1808 -0.0725 -0.9808
vn 0.1802 -0.0669 -0.9814
vn -0.1795 0.0727 -0.9811
vn 0.1833 -0.0589 -0.9813
vn -0.1778 0.0769 -0.9811
vn 0.1860 -0.0524 -0.9812
vn -0.1741 0.0821 -0.9813
vn 0.1874 -0.0464 -0.9812
vn -0.1721 0.0885 -0.9811
vn 0.1892 -0.0413 -0.9811
vn -0.1723 0.0915 -0.9808
vn 0.1915 -0.0406 -0.9807
vn -0.1706 0.0925 -0.9810
vn -0.1679 0.0960 -0.9811
vn 0.1906 -0.0412 -0.9808
vn 0.1879 -0.0338 -0.9816
vn -0.1701 0.0980 -0.9805
vn 0.1874 -0.0165 -0.9821
vn -0.1760 0.0921 -0.9801
vn 0.1897 0.0022 -0.9818
vn -0.1820 0.0807 -0.9800
vn 0.1887 0.0188 -0.9819
vn -0.1860 0.0690 -0.9801
vn 0.1848 0.0369 -0.9821
vn -0.1870 0.0608 -0.9805
vn 0.1814 0.0552 -0.9819
vn -0.1852 0.0589 -0.9809
vn 0.1746 0.0719 -0.9820
vn -0.2132 -0.0648 -0.9748
vn 0.1648 0.0900 -0.9822
vn 0.1599 0.1060 -0.9814
vn -0.0753 -0.2092 -0.9750
vn 0.1625 0.1108 -0.9805
vn 0.1906 -0.0562 -0.9801
vn 0.0416 -0.2122 -0.9763
vn -0.3682 0.1029 -0.9240
vn -0.3599 0.1297 -0.9239
vn -0.9448 0.2639 -0.1942
vn -0.9228 0.3325 -0.1945
vn -0.8691 0.3132 -0.3828
vn -0.8897 0.2485 -0.3830
vn -0.9448 0.2639 0.1942
vn -0.9228 0.3325 0.1945
vn -0.8897 0.2485 0.3830
vn -0.8691 0.3132 0.3828
vn -0.3599 0.1297 0.9239
vn -0.3682 0.1029 0.9240
vn -0.3332 0.1827 -0.9250
vn -0.8602 0.4718 -0.1935
vn -0.8091 0.4437 -0.3854
vn -0.8602 0.4718 0.1935
vn -0.8091 0.4437 0.3854
vn -0.3332 0.1827 0.9250
vn -0.2454 0.2826 -0.9273
vn -0.6432 0.7407 -0.1942
vn -0.6034 0.6949 -0.3912
vn -0.6432 0.7407 0.1942
vn -0.6034 0.6949 0.3912
vn -0.2454 0.2826 0.9273
vn -0.0826 0.3619 -0.9285
vn -0.2182 0.9562 -0.1950
vn -0.2044 0.8959 -0.3944
vn -0.2182 0.9562 0.1950
vn -0.2044 0.8959 0.3944
vn -0.0826 0.3619 0.9285
vn 0.1109 0.3544 -0.9285
vn 0.2930 0.9360 -0.1950
vn 0.2745 0.8771 -0.3942
vn 0.2930 0.9360 0.1950
vn 0.2745 0.8771 0.3942
vn 0.1109 0.3544 0.9285
vn 0.2261 0.3078 -0.9242
vn 0.5808 0.7906 -0.1939
vn 0.5468 0.7443 -0.3834
vn 0.5808 0.7906 0.1939
vn 0.5468 0.7443 0.3834
vn 0.2261 0.3078 0.9242
vn 0.2157 0.3142 -0.9245
vn 0.5548 0.8080 -0.1984
vn 0.5226 0.7611 -0.3843
vn 0.5548 0.8080 0.1984
vn 0.5226 0.7611 0.3843
vn 0.2157 0.3142 0.9245
vn 0.1401 0.3534 -0.9249
vn 0.3610 0.9110 -0.1995
vn 0.3400 0.8579 -0.3853
vn 0.3610 0.9110 0.1995
vn 0.3400 0.8579 0.3853
vn 0.1401 0.3534 0.9249
vn 0.0767 0.3745 -0.9240
vn 0.1967 0.9606 -0.1965
vn 0.1853 0.9049 -0.3831
vn 0.1967 0.9606 0.1965
vn 0.1853 0.9049 0.3831
vn 0.0767 0.3745 0.9240
vn 0.0492 0.3794 -0.9239
vn 0.1261 0.9725 -0.1957
vn 0.1188 0.9162 -0.3828
vn 0.1261 0.9725 0.1957
vn 0.1188 0.9162 0.3828
vn 0.0492 0.3794 0.9239
vn 0.0449 0.3800 -0.9239
vn 0.1151 0.9741 -0.1948
vn 0.1084 0.9175 -0.3827
vn 0.1151 0.9741 0.1948
vn 0.1084 0.9175 0.3827
vn 0.0449 0.3800 0.9239
vn 0.2184 0.1450 -0.9650
vn 0.1272 0.9780 -0.1653
vn 0.1192 0.9162 -0.3827
vn 0.1272 0.9780 0.1653
vn 0.1192 0.9162 0.3827
vn 0.2184 0.1450 0.9650
vn 0.3692 -0.1006 -0.9239
vn 0.9507 -0.2623 -0.1653
vn 0.9463 -0.2578 -0.1952
vn 0.8914 -0.2428 -0.3827
vn 0.8906 -0.2457 -0.3827
vn 0.9507 -0.2623 0.1653
vn 0.9463 -0.2578 0.1952
vn 0.8906 -0.2457 0.3827
vn 0.8914 -0.2428 0.3827
vn 0.3692 -0.1006 0.9239
vn 0.3689 -0.1017 -0.9239
vn 0.9455 -0.2607 -0.1949
vn 0.8906 -0.2456 -0.3827
vn 0.9455 -0.2607 0.1949
vn 0.8906 -0.2456 0.3827
vn 0.3689 -0.1017 0.9239
vn 0.3668 -0.1090 -0.9239
vn 0.9402 -0.2794 -0.1948
vn 0.8856 -0.2632 -0.3827
vn 0.9402 -0.2794 0.1948
vn 0.8856 -0.2632 0.3827
vn 0.3668 -0.1090 0.9239
vn 0.3627 -0.1218 -0.9239
vn 0.9298 -0.3123 -0.1946
vn 0.8758 -0.2942 -0.3828
vn 0.9298 -0.3123 0.1946
vn 0.8758 -0.2942 0.3828
vn 0.3627 -0.1218 0.9239
vn 0.3574 -0.1365 -0.9239
vn 0.9163 -0.3500 -0.1947
vn 0.8630 -0.3297 -0.3827
vn 0.9163 -0.3500 0.1947
vn 0.8630 -0.3297 0.3827
vn 0.3574 -0.1365 0.9239
vn 0.3552 -0.1425 -0.9239
vn 0.9102 -0.3652 -0.1952
vn 0.8574 -0.3440 -0.3827
vn 0.9102 -0.3652 0.1952
vn 0.8574 -0.3440 0.3827
vn 0.3552 -0.1425 0.9239
vn 0.3587 -0.1331 -0.9239
vn 0.9194 -0.3412 -0.1957
vn 0.8661 -0.3215 -0.3828
vn 0.9194 -0.3412 0.1957
vn 0.8661 -0.3215 0.3828
vn 0.3587 -0.1331 0.9239
vn 0.3643 -0.1171 -0.9239
vn 0.9336 -0.3001 -0.1956
vn 0.8795 -0.2827 -0.3828
vn 0.9336 -0.3001 0.1956
vn 0.8795 -0.2827 0.3828
vn 0.3643 -0.1171 0.9239
vn 0.3683 -0.1038 -0.9239
vn 0.9439 -0.2660 -0.1955
vn 0.8892 -0.2506 -0.3827
vn 0.9439 -0.2660 0.1955
vn 0.8892 -0.2506 0.3827
vn 0.3683 -0.1038 0.9239
vn 0.3714 -0.0920 -0.9239
vn 0.9519 -0.2359 -0.1955
vn 0.8967 -0.2222 -0.3827
vn 0.9519 -0.2359 0.1955
vn 0.8967 -0.2222 0.3827
vn 0.3714 -0.0920 0.9239
vn 0.3739 -0.0816 -0.9239
vn 0.9581 -0.2093 -0.1954
vn 0.9026 -0.1971 -0.3827
vn 0.9581 -0.2093 0.1954
vn 0.9026 -0.1971 0.3827
vn 0.3739 -0.0816 0.9239
vn 0.3744 -0.0793 -0.9239
vn 0.9595 -0.2032 -0.1950
vn 0.9038 -0.1914 -0.3827
vn 0.9595 -0.2032 0.1950
vn 0.9038 -0.1914 0.3827
vn 0.3744 -0.0793 0.9239
vn 0.3740 -0.0809 -0.9239
vn 0.9586 -0.2073 -0.1951
vn 0.9030 -0.1953 -0.3827
vn 0.9586 -0.2073 0.1951
vn 0.9030 -0.1953 0.3827
vn 0.3740 -0.0809 0.9239
vn 0.3765 -0.0677 -0.9240
vn 0.9651 -0.1735 -0.1960
vn 0.9092 -0.1634 -0.3829
vn 0.9651 -0.1735 0.1960
vn 0.9092 -0.1634 0.3829
vn 0.3765 -0.0677 0.9240
vn 0.3807 -0.0335 -0.9241
vn 0.9767 -0.0859 -0.1967
vn 0.9201 -0.0809 -0.3832
vn 0.9767 -0.0859 0.1967
vn 0.9201 -0.0809 0.3832
vn 0.3807 -0.0335 0.9241
vn 0.3823 0.0045 -0.9240
vn 0.9805 0.0114 -0.1963
vn 0.9237 0.0108 -0.3830
vn 0.9805 0.0114 0.1963
vn 0.9237 0.0108 0.3830
vn 0.3823 0.0045 0.9240
vn 0.3805 0.0379 -0.9240
vn 0.9757 0.0972 -0.1963
vn 0.9192 0.0916 -0.3830
vn 0.9757 0.0972 0.1963
vn 0.9192 0.0916 0.3830
vn 0.3805 0.0379 0.9240
vn 0.3748 0.0749 -0.9241
vn 0.9615 0.1921 -0.1966
vn 0.9058 0.1809 -0.3832
vn 0.9615 0.1921 0.1966
vn 0.9058 0.1809 0.3832
vn 0.3748 0.0749 0.9241
vn 0.3658 0.1113 -0.9240
vn 0.9380 0.2855 -0.1963
vn 0.8837 0.2690 -0.3830
vn 0.9380 0.2855 0.1963
vn 0.8837 0.2690 0.3830
vn 0.3658 0.1113 0.9240
vn 0.3535 0.1455 -0.9241
vn 0.9067 0.3733 -0.1965
vn 0.8542 0.3517 -0.3831
vn 0.9067 0.3733 0.1965
vn 0.8542 0.3517 0.3831
vn 0.3535 0.1455 0.9241
vn 0.3354 0.1831 -0.9241
vn 0.8606 0.4698 -0.1968
vn 0.8107 0.4426 -0.3832
vn 0.8606 0.4698 0.1968
vn 0.8107 0.4426 0.3832
vn 0.3354 0.1831 0.9241
vn 0.3189 0.2114 -0.9239
vn 0.8174 0.5418 -0.1958
vn 0.7700 0.5104 -0.3828
vn 0.8174 0.5418 0.1958
vn 0.7700 0.5104 0.3828
vn 0.3189 0.2114 0.9239
vn 0.3161 0.2156 -0.9239
vn 0.8104 0.5526 -0.1948
vn 0.7633 0.5205 -0.3827
vn 0.8104 0.5526 0.1948
vn 0.7633 0.5205 0.3827
vn 0.3161 0.2156 0.9239
vn 0.2471 -0.0729 -0.9663
vn 0.8225 0.5445 -0.1643
vn 0.7703 0.5100 -0.3827
vn 0.8225 0.5445 0.1643
vn 0.7703 0.5100 0.3827
vn 0.2471 -0.0729 0.9663
vn 0.0722 -0.3679 -0.9271
vn 0.3954 -0.9037 -0.1643
vn 0.1888 -0.9626 -0.1941
vn 0.1772 -0.9033 -0.3906
vn 0.3703 -0.8464 -0.3827
vn 0.3954 -0.9037 0.1643
vn 0.1888 -0.9626 0.1941
vn 0.3703 -0.8464 0.3827
vn 0.1772 -0.9033 0.3906
vn 0.0722 -0.3679 0.9271
vn -0.1239 -0.3442 -0.9307
vn -0.3320 -0.9226 -0.1966
vn -0.3104 -0.8624 -0.4000
vn -0.3320 -0.9226 0.1966
vn -0.3104 -0.8624 0.4000
vn -0.1239 -0.3442 0.9307
vn -0.3077 -0.0936 -0.9469
vn -0.6080 -0.7739 -0.1774
vn -0.5708 -0.7265 -0.3827
vn -0.6080 -0.7739 0.1774
vn -0.5708 -0.7265 0.3827
vn -0.3077 -0.0935 0.9469
vn -0.3647 0.1159 -0.9239
vn -0.9359 0.3044 -0.1774
vn -0.9347 0.2972 -0.1953
vn -0.8804 0.2799 -0.3827
vn -0.8786 0.2857 -0.3827
vn -0.9359 0.3044 0.1774
vn -0.9347 0.2972 0.1953
vn -0.8786 0.2857 0.3827
vn -0.8804 0.2799 0.3827
vn -0.3647 0.1159 0.9239
vn -0.3639 0.1182 -0.9239
vn -0.9328 0.3031 -0.1948
vn -0.8786 0.2855 -0.3827
vn -0.9328 0.3031 0.1948
vn -0.8786 0.2855 0.3827
vn -0.3639 0.1182 0.9239
vn -0.3587 0.1330 -0.9239
vn -0.9197 0.3411 -0.1945
vn -0.8662 0.3212 -0.3828
vn -0.9197 0.3411 0.1945
vn -0.8662 0.3212 0.3828
vn -0.3587 0.1330 0.9239
vn -0.3497 0.1551 -0.9240
vn -0.8967 0.3976 -0.1944
vn -0.8445 0.3745 -0.3829
vn -0.8967 0.3976 0.1944
vn -0.8445 0.3745 0.3829
vn -0.3497 0.1551 0.9240
vn -0.3389 0.1774 -0.9239
vn -0.8691 0.4549 -0.1944
vn -0.8185 0.4284 -0.3828
vn -0.8691 0.4549 0.1944
vn -0.8185 0.4284 0.3828
vn -0.3389 0.1774 0.9239
vn -0.3315 0.1911 -0.9239
vn -0.8497 0.4899 -0.1949
vn -0.8004 0.4614 -0.3827
vn -0.8497 0.4899 0.1949
vn -0.8004 0.4614 0.3827
vn -0.3315 0.1911 0.9239
vn -0.3322 0.1899 -0.9239
vn -0.8514 0.4867 -0.1954
vn -0.8021 0.4585 -0.3827
vn -0.8514 0.4867 0.1954
vn -0.8021 0.4585 0.3827
vn -0.3322 0.1899 0.9239
vn -0.3364 0.1824 -0.9239
vn -0.8622 0.4674 -0.1953
vn -0.8122 0.4403 -0.3827
vn -0.8622 0.4674 0.1953
vn -0.8122 0.4403 0.3827
vn -0.3364 0.1824 0.9239
vn -0.3380 0.1794 -0.9239
vn -0.8663 0.4599 -0.1951
vn -0.8160 0.4332 -0.3827
vn -0.8663 0.4599 0.1951
vn -0.8160 0.4332 0.3827
vn -0.3380 0.1794 0.9239
vn -0.3403 0.1749 -0.9239
vn -0.8722 0.4484 -0.1954
vn -0.8217 0.4224 -0.3827
vn -0.8722 0.4484 0.1954
vn -0.8217 0.4224 0.3827
vn -0.3403 0.1749 0.9239
vn -0.3461 0.1632 -0.9239
vn -0.8870 0.4182 -0.1956
vn -0.8356 0.3940 -0.3828
vn -0.8870 0.4182 0.1956
vn -0.8356 0.3940 0.3828
vn -0.3461 0.1632 0.9239
vn -0.3512 0.1519 -0.9239
vn -0.9001 0.3893 -0.1954
vn -0.8480 0.3668 -0.3827
vn -0.9001 0.3893 0.1954
vn -0.8480 0.3668 0.3827
vn -0.3512 0.1519 0.9239
vn -0.3547 0.1437 -0.9239
vn -0.9090 0.3683 -0.1954
vn -0.8563 0.3469 -0.3827
vn -0.9090 0.3683 0.1954
vn -0.8563 0.3469 0.3827
vn -0.3547 0.1437 0.9239
vn -0.3601 0.1292 -0.9239
vn -0.9230 0.3312 -0.1958
vn -0.8696 0.3120 -0.3828
vn -0.9230 0.3312 0.1958
vn -0.8696 0.3120 0.3828
vn -0.3601 0.1292 0.9239
vn -0.3674 0.1063 -0.9240
vn -0.9420 0.2725 -0.1960
vn -0.8874 0.2567 -0.3829
vn -0.9420 0.2725 0.1960
vn -0.8874 0.2567 0.3829
vn -0.3674 0.1063 0.9240
vn -0.3756 0.0700 -0.9241
vn -0.9638 0.1797 -0.1969
vn -0.9080 0.1693 -0.3833
vn -0.9638 0.1797 0.1969
vn -0.9080 0.1693 0.3833
vn -0.3756 0.0700 0.9241
vn -0.3814 0.0228 -0.9241
vn -0.9787 0.0584 -0.1969
vn -0.9220 0.0551 -0.3833
vn -0.9787 0.0584 0.1969
vn -0.9220 0.0551 0.3833
vn -0.3814 0.0228 0.9241
vn -0.3826 0.0064 -0.9239
vn -0.9807 0.0163 -0.1947
vn -0.9237 0.0154 -0.3827
vn -0.9807 0.0163 0.1947
vn -0.9237 0.0154 0.3827
vn -0.3826 0.0064 0.9239
vn -0.3779 0.0499 -0.9245
vn -0.9726 0.1284 -0.1936
vn -0.9153 0.1208 -0.3842
vn -0.9726 0.1284 0.1936
vn -0.9153 0.1208 0.3842
vn -0.3779 0.0499 0.9245
vt 0.051724 0.000000
vt 0.086207 0.000000
vt 0.068966 0.000000
vt 0.103448 0.000000
vt 0.034483 0.000000
vt 0.017241 0.000000
vt 0.120690 0.000000
vt 0.000000 0.000000
vt 1.000000 0.000000
vt 0.137931 0.000000
vt 0.982759 0.000000
vt 0.155172 0.000000
vt 0.172414 0.000000
vt 0.965517 0.000000
vt 0.189655 0.000000
vt 0.206897 0.000000
vt 0.224138 0.000000
vt 0.948276 0.000000
vt 0.241379 0.000000
vt 0.258621 0.000000
vt 0.931035 0.000000
vt 0.275862 0.000000
vt 0.293103 0.000000
vt 0.913793 0.000000
vt 0.310345 0.000000
vt 0.327586 0.000000
vt 0.896552 0.000000
vt 0.344828 0.000000
vt 0.879310 0.000000
vt 0.362069 0.000000
vt 0.862069 0.000000
vt 0.379310 0.000000
vt 0.844828 0.000000
vt 0.396552 0.000000
vt 0.827586 0.000000
vt 0.413793 0.000000
vt 0.810345 0.000000
vt 0.793103 0.000000
vt 0.431034 0.000000
vt 0.448276 0.000000
vt 0.775862 0.000000
vt 0.465517 0.000000
vt 0.758621 0.000000
vt 0.482759 0.000000
vt 0.741379 0.000000
vt 0.500000 0.000000
vt 0.724138 0.000000
vt 0.517241 0.000000
vt 0.706897 0.000000
vt 0.534483 0.000000
vt 0.689655 0.000000
vt 0.551724 0.000000
vt 0.672414 0.000000
vt 0.568965 0.000000
vt 0.586207 0.000000
vt 0.655172 0.000000
vt 0.603448 0.000000
vt 0.620690 0.000000
vt 0.637931 0.000000
vt 0.000000 0.200000
vt 0.016949 0.200000
vt 0.016949 0.000000
vt 0.000000 0.400000
vt 0.016949 0.400000
vt 0.000000 0.600000
vt 0.016949 0.600000
vt 0.000000 0.800000
vt 0.016949 0.800000
vt 0.000000 1.000000
vt 0.016949 1.000000
vt 0.033898 0.200000
vt 0.033898 0.000000
vt 0.033898 0.400000
vt 0.033898 0.600000
vt 0.033898 0.800000
vt 0.033898 1.000000
vt 0.050847 0.200000
vt 0.050847 0.000000
vt 0.050847 0.400000
vt 0.050847 0.600000
vt 0.050847 0.800000
vt 0.050847 1.000000
vt 0.067797 0.200000
vt 0.067797 0.000000
vt 0.067797 0.400000
vt 0.067797 0.600000
vt 0.067797 0.800000
vt 0.067797 1.000000
vt 0.084746 0.200000
vt 0.084746 0.000000
vt 0.084746 0.400000
vt 0.084746 0.600000
vt 0.084746 0.800000
vt 0.084746 1.000000
vt 0.101695 0.200000
vt 0.101695 0.000000
vt 0.101695 0.400000
vt 0.101695 0.600000
vt 0.101695 0.800000
vt 0.101695 1.000000
vt 0.118644 0.200000
vt 0.118644 0.000000
vt 0.118644 0.400000
vt 0.118644 0.600000
vt 0.118644 0.800000
vt 0.118644 1.000000
vt 0.135593 0.200000
vt 0.135593 0.000000
vt 0.135593 0.400000
vt 0.135593 0.600000
vt 0.135593 0.800000
vt 0.135593 1.000000
vt 0.152542 0.200000
vt 0.152542 0.000000
vt 0.152542 0.400000
vt 0.152542 0.600000
vt 0.152542 0.800000
vt 0.152542 1.000000
vt 0.169492 0.200000
vt 0.169492 0.000000
vt 0.169492 0.400000
vt 0.169492 0.600000
vt 0.169492 0.800000
vt 0.169492 1.000000
vt 0.186441 0.200000
vt 0.186441 0.000000
vt 0.186441 0.400000
vt 0.186441 0.600000
vt 0.186441 0.800000
vt 0.186441 1.000000
vt 0.203390 0.200000
vt 0.203390 0.000000
vt 0.203390 0.400000
vt 0.203390 0.600000
vt 0.203390 0.800000
vt 0.203390 1.000000
vt 0.220339 0.200000
vt 0.220339 0.000000
vt 0.220339 0.400000
vt 0.220339 0.600000
vt 0.220339 0.800000
vt 0.220339 1.000000
vt 0.237288 0.200000
vt 0.237288 0.000000
vt 0.237288 0.400000
vt 0.237288 0.600000
vt 0.237288 0.800000
vt 0.237288 1.000000
vt 0.254237 0.200000
vt 0.254237 0.000000
vt 0.254237 0.400000
vt 0.254237 0.600000
vt 0.254237 0.800000
vt 0.254237 1.000000
vt 0.271186 0.200000
vt 0.271186 0.000000
vt 0.271186 0.400000
vt 0.271186 0.600000
vt 0.271186 0.800000
vt 0.271186 1.000000
vt 0.288136 0.200000
vt 0.288136 0.000000
vt 0.288136 0.400000
vt 0.288136 0.600000
vt 0.288136 0.800000
vt 0.288136 1.000000
vt 0.305085 0.200000
vt 0.305085 0.000000
vt 0.305085 0.400000
vt 0.305085 0.600000
vt 0.305085 0.800000
vt 0.305085 1.000000
vt 0.322034 0.200000
vt 0.322034 0.000000
vt 0.322034 0.400000
vt 0.322034 0.600000
vt 0.322034 0.800000
vt 0.322034 1.000000
vt 0.338983 0.200000
vt 0.338983 0.000000
vt 0.338983 0.400000
vt 0.338983 0.600000
vt 0.338983 0.800000
vt 0.338983 1.000000
vt 0.355932 0.200000
vt 0.355932 0.000000
vt 0.355932 0.400000
vt 0.355932 0.600000
vt 0.355932 0.800000
vt 0.355932 1.000000
vt 0.372881 0.200000
vt 0.372881 0.000000
vt 0.372881 0.400000
vt 0.372881 0.600000
vt 0.372881 0.800000
vt 0.372881 1.000000
vt 0.389830 0.200000
vt 0.389830 0.000000
vt 0.389830 0.400000
vt 0.389830 0.600000
vt 0.389830 0.800000
vt 0.389830 1.000000
vt 0.406780 0.200000
vt 0.406780 0.000000
vt 0.406780 0.400000
vt 0.406780 0.600000
vt 0.406780 0.800000
vt 0.406780 1.000000
vt 0.423729 0.200000
vt 0.423729 0.000000
vt 0.423729 0.400000
vt 0.423729 0.600000
vt 0.423729 0.800000
vt 0.423729 1.000000
vt 0.440678 0.200000
vt 0.440678 0.000000
vt 0.440678 0.400000
vt 0.440678 0.600000
vt 0.440678 0.800000
vt 0.440678 1.000000
vt 0.457627 0.200000
vt 0.457627 0.000000
vt 0.457627 0.400000
vt 0.457627 0.600000
vt 0.457627 0.800000
vt 0.457627 1.000000
vt 0.474576 0.200000
vt 0.474576 0.000000
vt 0.474576 0.400000
vt 0.474576 0.600000
vt 0.474576 0.800000
vt 0.474576 1.000000
vt 0.491525 0.200000
vt 0.491525 0.000000
vt 0.491525 0.400000
vt 0.491525 0.600000
vt 0.491525 0.800000
vt 0.491525 1.000000
vt 0.508475 0.200000
vt 0.508475 0.000000
vt 0.508475 0.400000
vt 0.508475 0.600000
vt 0.508475 0.800000
vt 0.508475 1.000000
vt 0.525424 0.200000
vt 0.525424 0.000000
vt 0.525424 0.400000
vt 0.525424 0.600000
vt 0.525424 0.800000
vt 0.525424 1.000000
vt 0.542373 0.200000
vt 0.542373 0.000000
vt 0.542373 0.400000
vt 0.542373 0.600000
vt 0.542373 0.800000
vt 0.542373 1.000000
vt 0.559322 0.200000
vt 0.559322 0.000000
vt 0.559322 0.400000
vt 0.559322 0.600000
vt 0.559322 0.800000
vt 0.559322 1.000000
vt 0.576271 0.200000
vt 0.576271 0.000000
vt 0.576271 0.400000
vt 0.576271 0.600000
vt 0.576271 0.800000
vt 0.576271 1.000000
vt 0.593220 0.200000
vt 0.593220 0.000000
vt 0.593220 0.400000
vt 0.593220 0.600000
vt 0.593220 0.800000
vt 0.593220 1.000000
vt 0.610169 0.200000
vt 0.610169 0.000000
vt 0.610169 0.400000
vt 0.610169 0.600000
vt 0.610169 0.800000
vt 0.610169 1.000000
vt 0.627119 0.200000
vt 0.627119 0.000000
vt 0.627119 0.400000
vt 0.627119 0.600000
vt 0.627119 0.800000
vt 0.627119 1.000000
vt 0.644068 0.200000
vt 0.644068 0.000000
vt 0.644068 0.400000
vt 0.644068 0.600000
vt 0.644068 0.800000
vt 0.644068 1.000000
vt 0.661017 0.200000
vt 0.661017 0.000000
vt 0.661017 0.400000
vt 0.661017 0.600000
vt 0.661017 0.800000
vt 0.661017 1.000000
vt 0.677966 0.200000
vt 0.677966 0.000000
vt 0.677966 0.400000
vt 0.677966 0.600000
vt 0.677966 0.800000
vt 0.677966 1.000000
vt 0.694915 0.200000
vt 0.694915 0.000000
vt 0.694915 0.400000
vt 0.694915 0.600000
vt 0.694915 0.800000
vt 0.694915 1.000000
vt 0.711864 0.200000
vt 0.711864 0.000000
vt 0.711864 0.400000
vt 0.711864 0.600000
vt 0.711864 0.800000
vt 0.711864 1.000000
vt 0.728814 0.200000
vt 0.728814 0.000000
vt 0.728814 0.400000
vt 0.728814 0.600000
vt 0.728814 0.800000
vt 0.728814 1.000000
vt 0.745763 0.200000
vt 0.745763 0.000000
vt 0.745763 0.400000
vt 0.745763 0.600000
vt 0.745763 0.800000
vt 0.745763 1.000000
vt 0.762712 0.200000
vt 0.762712 0.000000
vt 0.762712 0.400000
vt 0.762712 0.600000
vt 0.762712 0.800000
vt 0.762712 1.000000
vt 0.779661 0.200000
vt 0.779661 0.000000
vt 0.779661 0.400000
vt 0.779661 0.600000
vt 0.779661 0.800000
vt 0.779661 1.000000
vt 0.796610 0.200000
vt 0.796610 0.000000
vt 0.796610 0.400000
vt 0.796610 0.600000
vt 0.796610 0.800000
vt 0.796610 1.000000
vt 0.813559 0.200000
vt 0.813559 0.000000
vt 0.813559 0.400000
vt 0.813559 0.600000
vt 0.813559 0.800000
vt 0.813559 1.000000
vt 0.830508 0.200000
vt 0.830508 0.000000
vt 0.830508 0.400000
vt 0.830508 0.600000
vt 0.830508 0.800000
vt 0.830508 1.000000
vt 0.847458 0.200000
vt 0.847458 0.000000
vt 0.847458 0.400000
vt 0.847458 0.600000
vt 0.847458 0.800000
vt 0.847458 1.000000
vt 0.864407 0.200000
vt 0.864407 0.000000
vt 0.864407 0.400000
vt 0.864407 0.600000
vt 0.864407 0.800000
vt 0.864407 1.000000
vt 0.881356 0.200000
vt 0.881356 0.000000
vt 0.881356 0.400000
vt 0.881356 0.600000
vt 0.881356 0.800000
vt 0.881356 1.000000
vt 0.898305 0.200000
vt 0.898305 0.000000
vt 0.898305 0.400000
vt 0.898305 0.600000
vt 0.898305 0.800000
vt 0.898305 1.000000
vt 0.915254 0.200000
vt 0.915254 0.000000
vt 0.915254 0.400000
vt 0.915254 0.600000
vt 0.915254 0.800000
vt 0.915254 1.000000
vt 0.932203 0.200000
vt 0.932203 0.000000
vt 0.932203 0.400000
vt 0.932203 0.600000
vt 0.932203 0.800000
vt 0.932203 1.000000
vt 0.949153 0.200000
vt 0.949153 0.000000
vt 0.949153 0.400000
vt 0.949153 0.600000
vt 0.949153 0.800000
vt 0.949153 1.000000
vt 0.966102 0.200000
vt 0.966102 0.000000
vt 0.966102 0.400000
vt 0.966102 0.600000
vt 0.966102 0.800000
vt 0.966102 1.000000
vt 0.983051 0.200000
vt 0.983051 0.000000
vt 0.983051 0.400000
vt 0.983051 0.600000
vt 0.983051 0.800000
vt 0.983051 1.000000
vt 1.000000 0.200000
vt 1.000000 0.400000
vt 1.000000 0.600000
vt 1.000000 0.800000
vt 1.000000 1.000000
s 1
usemtl Chrome_|_polished_body
f 304/355/407 306/356/408 305/357/409
f 304/355/407 307/358/410 306/356/408
f 303/359/411 307/358/410 304/355/407
f 302/360/412 307/358/410 303/359/411
f 302/360/412 308/361/413 307/358/410
f 301/362/414 308/361/413 302/360/412
f 359/363/415 308/361/413 301/362/414
f 359/363/415 309/364/416 308/361/413
f 358/365/417 309/364/416 359/363/415
f 358/365/417 310/366/418 309/364/416
f 358/365/417 311/367/419 310/366/418
f 357/368/420 311/367/419 358/365/417
f 357/368/420 312/369/421 311/367/419
f 357/368/420 313/370/422 312/369/421
f 357/368/420 314/371/423 313/370/422
f 356/372/424 314/371/423 357/368/420
f 356/372/424 315/373/425 314/371/423
f 356/372/424 316/374/426 315/373/425
f 355/375/427 316/374/426 356/372/424
f 355/375/427 317/376/428 316/374/426
f 355/375/427 318/377/429 317/376/428
f 354/378/430 318/377/429 355/375/427
f 354/378/430 319/379/431 318/377/429
f 354/378/430 320/380/432 319/379/431
f 353/381/433 320/380/432 354/378/430
f 353/381/433 321/382/434 320/380/432
f 352/383/435 321/382/434 353/381/433
f 352/383/435 322/384/436 321/382/434
f 351/385/437 322/384/436 352/383/435
f 351/385/437 323/386/438 322/384/436
f 350/387/439 323/386/438 351/385/437
f 350/387/439 324/388/440 323/386/438
f 349/389/441 324/388/440 350/387/439
f 349/389/441 325/390/442 324/388/440
f 348/391/443 325/390/442 349/389/441
f 347/392/444 325/390/442 348/391/443
f 347/392/444 326/393/445 325/390/442
f 347/392/444 327/394/446 326/393/445
f 346/395/447 327/394/446 347/392/444
f 346/395/447 328/396/448 327/394/446
f 345/397/449 328/396/448 346/395/447
f 345/397/449 329/398/450 328/396/448
f 344/399/451 329/398/450 345/397/449
f 344/399/451 330/400/452 329/398/450
f 343/401/453 330/400/452 344/399/451
f 343/401/453 331/402/454 330/400/452
f 342/403/455 331/402/454 343/401/453
f 342/403/455 332/404/456 331/402/454
f 341/405/457 332/404/456 342/403/455
f 341/405/457 333/406/458 332/404/456
f 340/407/459 333/406/458 341/405/457
f 340/407/459 334/408/460 333/406/458
f 340/407/459 335/409/461 334/408/460
f 339/410/462 335/409/461 340/407/459
f 339/410/462 336/411/463 335/409/461
f 339/410/462 337/412/464 336/411/463
f 339/410/462 338/413/465 337/412/464
f 363/355/466 364/357/467 365/356/468
f 363/355/466 365/356/468 366/358/469
f 362/359/470 363/355/466 366/358/469
f 361/360/471 362/359/470 366/358/469
f 361/360/471 366/358/469 367/361/472
f 360/362/473 361/360/471 367/361/472
f 418/363/474 360/362/473 367/361/472
f 418/363/474 367/361/472 368/364/475
f 417/365/476 418/363/474 368/364/475
f 417/365/476 368/364/475 369/366/477
f 417/365/476 369/366/477 370/367/478
f 416/368/479 417/365/476 370/367/478
f 416/368/479 370/367/478 371/369/480
f 416/368/479 371/369/480 372/370/481
f 416/368/479 372/370/481 373/371/482
f 415/372/483 416/368/479 373/371/482
f 415/372/483 373/371/482 374/373/484
f 415/372/483 374/373/484 375/374/485
f 414/375/486 415/372/483 375/374/485
f 414/375/486 375/374/485 376/376/487
f 414/375/486 376/376/487 377/377/488
f 413/378/489 414/375/486 377/377/488
f 413/378/489 377/377/488 378/379/490
f 413/378/489 378/379/490 379/380/491
f 412/381/492 413/378/489 379/380/491
f 412/381/492 379/380/491 380/382/493
f 411/383/494 412/381/492 380/382/493
f 411/383/494 380/382/493 381/384/495
f 410/385/496 411/383/494 381/384/495
f 410/385/496 381/384/495 382/386/497
f 409/387/498 410/385/496 382/386/497
f 409/387/498 382/386/497 383/388/499
f 408/389/500 409/387/498 383/388/499
f 408/389/500 383/388/499 384/390/501
f 407/391/502 408/389/500 384/390/501
f 406/392/503 407/391/502 384/390/501
f 406/392/503 384/390/501 385/393/504
f 406/392/503 385/393/504 386/394/505
f 405/395/506 406/392/503 386/394/505
f 405/395/506 386/394/505 387/396/507
f 404/397/508 405/395/506 387/396/507
f 404/397/508 387/396/507 388/398/509
f 403/399/510 404/397/508 388/398/509
f 403/399/510 388/398/509 389/400/511
f 402/401/512 403/399/510 389/400/511
f 402/401/512 389/400/511 390/402/513
f 401/403/514 402/401/512 390/402/513
f 401/403/514 390/402/513 391/404/515
f 400/405/516 401/403/514 391/404/515
f 400/405/516 391/404/515 392/406/517
f 399/407/518 400/405/516 392/406/517
f 399/407/518 392/406/517 393/408/519
f 399/407/518 393/408/519 394/409/520
f 398/410/521 399/407/518 394/409/520
f 398/410/521 394/409/520 395/411/522
f 398/410/521 395/411/522 396/412/523
f 398/410/521 396/412/523 397/413/524
f 419/414/525 423/415/526 361/416/471 360/362/473
f 420/417/527 424/418/528 423/415/529 419/414/530
f 421/419/531 425/420/532 424/418/528 420/417/527
f 422/421/533 426/422/534 425/420/532 421/419/531
f 301/423/414 302/424/412 426/422/535 422/421/536
f 423/415/526 427/425/537 362/426/470 361/416/471
f 424/418/528 428/427/538 427/425/539 423/415/529
f 425/420/532 429/428/540 428/427/538 424/418/528
f 426/422/534 430/429/541 429/428/540 425/420/532
f 302/424/412 303/430/411 430/429/542 426/422/535
f 427/425/537 431/431/543 363/432/466 362/426/470
f 428/427/538 432/433/544 431/431/545 427/425/539
f 429/428/540 433/434/546 432/433/544 428/427/538
f 430/429/541 434/435/547 433/434/546 429/428/540
f 303/430/411 304/436/407 434/435/548 430/429/542
f 431/431/543 435/437/549 364/438/467 363/432/466
f 432/433/544 436/439/550 435/437/551 431/431/545
f 433/434/546 437/440/552 436/439/550 432/433/544
f 434/435/547 438/441/553 437/440/552 433/434/546
f 304/436/407 305/442/409 438/441/554 434/435/548
f 435/437/549 439/443/555 365/444/468 364/438/467
f 436/439/550 440/445/556 439/443/557 435/437/551
f 437/440/552 441/446/558 440/445/556 436/439/550
f 438/441/553 442/447/559 441/446/558 437/440/552
f 305/442/409 306/448/408 442/447/560 438/441/554
f 439/443/555 443/449/561 366/450/469 365/444/468
f 440/445/556 444/451/562 443/449/563 439/443/557
f 441/446/558 445/452/564 444/451/562 440/445/556
f 442/447/559 446/453/565 445/452/564 441/446/558
f 306/448/408 307/454/410 446/453/566 442/447/560
f 443/449/561 447/455/567 367/456/472 366/450/469
f 444/451/562 448/457/568 447/455/569 443/449/563
f 445/452/564 449/458/570 448/457/568 444/451/562
f 446/453/565 450/459/571 449/458/570 445/452/564
f 307/454/410 308/460/413 450/459/572 446/453/566
f 447/455/567 451/461/573 368/462/475 367/456/472
f 448/457/568 452/463/574 451/461/575 447/455/569
f 449/458/570 453/464/576 452/463/574 448/457/568
f 450/459/571 454/465/577 453/464/576 449/458/570
f 308/460/413 309/466/416 454/465/578 450/459/572
f 451/461/573 455/467/579 369/468/477 368/462/475
f 452/463/574 456/469/580 455/467/581 451/461/575
f 453/464/576 457/470/582 456/469/580 452/463/574
f 454/465/577 458/471/583 457/470/582 453/464/576
f 309/466/416 310/472/418 458/471/584 454/465/578
f 455/467/579 459/473/585 370/474/478 369/468/477
f 456/469/580 460/475/586 459/473/587 455/467/581
f 457/470/582 461/476/588 460/475/586 456/469/580
f 458/471/583 462/477/589 461/476/588 457/470/582
f 310/472/418 311/478/419 462/477/590 458/471/584
f 459/473/585 463/479/591 371/480/480 370/474/478
f 460/475/586 464/481/592 463/479/593 459/473/587
f 461/476/588 465/482/594 464/481/592 460/475/586
f 462/477/589 466/483/595 465/482/594 461/476/588
f 311/478/419 312/484/421 466/483/596 462/477/590
f 463/479/591 467/485/597 372/486/481 371/480/480
f 464/481/592 468/487/598 467/485/599 463/479/593
f 465/482/594 469/488/600 468/487/598 464/481/592
f 466/483/595 470/489/601 469/488/600 465/482/594
f 312/484/421 313/490/422 470/489/602 466/483/596
f 467/485/597 471/491/603 373/492/482 372/486/481
f 468/487/604 472/493/605 471/491/606 467/485/607
f 469/488/608 473/494/609 472/493/605 468/487/604
f 470/489/610 474/495/611 473/494/609 469/488/608
f 313/490/422 314/496/423 474/495/612 470/489/602
f 471/491/603 475/497/613 374/498/484 373/492/482
f 472/493/605 476/499/614 475/497/615 471/491/606
f 473/494/609 477/500/616 476/499/614 472/493/605
f 474/495/611 478/501/617 477/500/616 473/494/609
f 314/496/423 315/502/425 478/501/618 474/495/612
f 475/497/613 479/503/619 375/504/485 374/498/484
f 476/499/614 480/505/620 479/503/621 475/497/615
f 477/500/616 481/506/622 480/505/620 476/499/614
f 478/501/617 482/507/623 481/506/622 477/500/616
f 315/502/425 316/508/426 482/507/624 478/501/618
f 479/503/619 483/509/625 376/510/487 375/504/485
f 480/505/620 484/511/626 483/509/627 479/503/621
f 481/506/622 485/512/628 484/511/626 480/505/620
f 482/507/623 486/513/629 485/512/628 481/506/622
f 316/508/426 317/514/428 486/513/630 482/507/624
f 483/509/625 487/515/631 377/516/488 376/510/487
f 484/511/626 488/517/632 487/515/633 483/509/627
f 485/512/628 489/518/634 488/517/632 484/511/626
f 486/513/629 490/519/635 489/518/634 485/512/628
f 317/514/428 318/520/429 490/519/636 486/513/630
f 487/515/631 491/521/637 378/522/490 377/516/488
f 488/517/632 492/523/638 491/521/639 487/515/633
f 489/518/634 493/524/640 492/523/638 488/517/632
f 490/519/635 494/525/641 493/524/640 489/518/634
f 318/520/429 319/526/431 494/525/642 490/519/636
f 491/521/637 495/527/643 379/528/491 378/522/490
f 492/523/638 496/529/644 495/527/645 491/521/639
f 493/524/640 497/530/646 496/529/644 492/523/638
f 494/525/641 498/531/647 497/530/646 493/524/640
f 319/526/431 320/532/432 498/531/648 494/525/642
f 495/527/643 499/533/649 380/534/493 379/528/491
f 496/529/644 500/535/650 499/533/651 495/527/645
f 497/530/646 501/536/652 500/535/650 496/529/644
f 498/531/647 502/537/653 501/536/652 497/530/646
f 320/532/432 321/538/434 502/537/654 498/531/648
f 499/533/649 503/539/655 381/540/495 380/534/493
f 500/535/650 504/541/656 503/539/657 499/533/651
f 501/536/652 505/542/658 504/541/656 500/535/650
f 502/537/653 506/543/659 505/542/658 501/536/652
f 321/538/434 322/544/436 506/543/660 502/537/654
f 503/539/655 507/545/661 382/546/497 381/540/495
f 504/541/656 508/547/662 507/545/663 503/539/657
f 505/542/658 509/548/664 508/547/662 504/541/656
f 506/543/659 510/549/665 509/548/664 505/542/658
f 322/544/436 323/550/438 510/549/666 506/543/660
f 507/545/661 511/551/667 383/552/499 382/546/497
f 508/547/662 512/553/668 511/551/669 507/545/663
f 509/548/664 513/554/670 512/553/668 508/547/662
f 510/549/665 514/555/671 513/554/670 509/548/664
f 323/550/438 324/556/440 514/555/672 510/549/666
f 511/551/667 515/557/673 384/558/501 383/552/499
f 512/553/668 516/559/674 515/557/675 511/551/669
f 513/554/670 517/560/676 516/559/674 512/553/668
f 514/555/671 518/561/677 517/560/676 513/554/670
f 324/556/440 325/562/442 518/561/678 514/555/672
f 515/557/673 519/563/679 385/564/504 384/558/501
f 516/559/674 520/565/680 519/563/681 515/557/675
f 517/560/676 521/566/682 520/565/680 516/559/674
f 518/561/677 522/567/683 521/566/682 517/560/676
f 325/562/442 326/568/445 522/567/684 518/561/678
f 519/563/679 523/569/685 386/570/505 385/564/504
f 520/565/680 524/571/686 523/569/687 519/563/681
f 521/566/682 525/572/688 524/571/686 520/565/680
f 522/567/683 526/573/689 525/572/688 521/566/682
f 326/568/445 327/574/446 526/573/690 522/567/684
f 523/569/685 527/575/691 387/576/507 386/570/505
f 524/571/686 528/577/692 527/575/693 523/569/687
f 525/572/688 529/578/694 528/577/692 524/571/686
f 526/573/689 530/579/695 529/578/694 525/572/688
f 327/574/446 328/580/448 530/579/696 526/573/690
f 527/575/691 531/581/697 388/582/509 387/576/507
f 528/577/692 532/583/698 531/581/699 527/575/693
f 529/578/694 533/584/700 532/583/698 528/577/692
f 530/579/695 534/585/701 533/584/700 529/578/694
f 328/580/448 329/586/450 534/585/702 530/579/696
f 531/581/697 535/587/703 389/588/511 388/582/509
f 532/583/698 536/589/704 535/587/705 531/581/699
f 533/584/700 537/590/706 536/589/704 532/583/698
f 534/585/701 538/591/707 537/590/706 533/584/700
f 329/586/450 330/592/452 538/591/708 534/585/702
f 535/587/703 539/593/709 390/594/513 389/588/511
f 536/589/704 540/595/710 539/593/711 535/587/705
f 537/590/706 541/596/712 540/595/710 536/589/704
f 538/591/707 542/597/713 541/596/712 537/590/706
f 330/592/452 331/598/454 542/597/714 538/591/708
f 539/593/709 543/599/715 391/600/515 390/594/513
f 540/595/710 544/601/716 543/599/717 539/593/711
f 541/596/712 545/602/718 544/601/716 540/595/710
f 542/597/713 546/603/719 545/602/718 541/596/712
f 331/598/454 332/604/456 546/603/720 542/597/714
f 543/599/715 547/605/721 392/606/517 391/600/515
f 544/601/716 548/607/722 547/605/723 543/599/717
f 545/602/718 549/608/724 548/607/722 544/601/716
f 546/603/719 550/609/725 549/608/724 545/602/718
f 332/604/456 333/610/458 550/609/726 546/603/720
f 547/605/721 551/611/727 393/612/519 392/606/517
f 548/607/722 552/613/728 551/611/729 547/605/723
f 549/608/724 553/614/730 552/613/728 548/607/722
f 550/609/725 554/615/731 553/614/730 549/608/724
f 333/610/458 334/616/460 554/615/732 550/609/726
f 551/611/727 555/617/733 394/618/520 393/612/519
f 552/613/728 556/619/734 555/617/735 551/611/729
f 553/614/730 557/620/736 556/619/734 552/613/728
f 554/615/731 558/621/737 557/620/736 553/614/730
f 334/616/460 335/622/461 558/621/738 554/615/732
f 555/617/733 559/623/739 395/624/522 394/618/520
f 556/619/734 560/625/740 559/623/741 555/617/735
f 557/620/736 561/626/742 560/625/740 556/619/734
f 558/621/737 562/627/743 561/626/742 557/620/736
f 335/622/461 336/628/463 562/627/744 558/621/738
f 559/623/739 563/629/745 396/630/523 395/624/522
f 560/625/740 564/631/746 563/629/747 559/623/741
f 561/626/742 565/632/748 564/631/746 560/625/740
f 562/627/743 566/633/749 565/632/748 561/626/742
f 336/628/463 337/634/464 566/633/750 562/627/744
f 563/629/745 567/635/751 397/636/524 396/630/523
f 564/631/752 568/637/753 567/635/754 563/629/755
f 565/632/756 569/638/757 568/637/753 564/631/752
f 566/633/758 570/639/759 569/638/757 565/632/756
f 337/634/464 338/640/465 570/639/760 566/633/750
f 567/635/751 571/641/761 398/642/521 397/636/524
f 568/637/753 572/643/762 571/641/763 567/635/754
f 569/638/757 573/644/764 572/643/762 568/637/753
f 570/639/759 574/645/765 573/644/764 569/638/757
f 338/640/465 339/646/462 574/645/766 570/639/760
f 571/641/761 575/647/767 399/648/518 398/642/521
f 572/643/762 576/649/768 575/647/769 571/641/763
f 573/644/764 577/650/770 576/649/768 572/643/762
f 574/645/765 578/651/771 577/650/770 573/644/764
f 339/646/462 340/652/459 578/651/772 574/645/766
f 575/647/767 579/653/773 400/654/516 399/648/518
f 576/649/774 580/655/775 579/653/776 575/647/777
f 577/650/778 581/656/779 580/655/775 576/649/774
f 578/651/780 582/657/781 581/656/779 577/650/778
f 340/652/459 341/658/457 582/657/782 578/651/772
f 579/653/773 583/659/783 401/660/514 400/654/516
f 580/655/775 584/661/784 583/659/785 579/653/776
f 581/656/779 585/662/786 584/661/784 580/655/775
f 582/657/781 586/663/787 585/662/786 581/656/779
f 341/658/457 342/664/455 586/663/788 582/657/782
f 583/659/783 587/665/789 402/666/512 401/660/514
f 584/661/784 588/667/790 587/665/791 583/659/785
f 585/662/786 589/668/792 588/667/790 584/661/784
f 586/663/787 590/669/793 589/668/792 585/662/786
f 342/664/455 343/670/453 590/669/794 586/663/788
f 587/665/789 591/671/795 403/672/510 402/666/512
f 588/667/790 592/673/796 591/671/797 587/665/791
f 589/668/792 593/674/798 592/673/796 588/667/790
f 590/669/793 594/675/799 593/674/798 589/668/792
f 343/670/453 344/676/451 594/675/800 590/669/794
f 591/671/795 595/677/801 404/678/508 403/672/510
f 592/673/796 596/679/802 595/677/803 591/671/797
f 593/674/798 597/680/804 596/679/802 592/673/796
f 594/675/799 598/681/805 597/680/804 593/674/798
f 344/676/451 345/682/449 598/681/806 594/675/800
f 595/677/801 599/683/807 405/684/506 404/678/508
f 596/679/802 600/685/808 599/683/809 595/677/803
f 597/680/804 601/686/810 600/685/808 596/679/802
f 598/681/805 602/687/811 601/686/810 597/680/804
f 345/682/449 346/688/447 602/687/812 598/681/806
f 599/683/807 603/689/813 406/690/503 405/684/506
f 600/685/808 604/691/814 603/689/815 599/683/809
f 601/686/810 605/692/816 604/691/814 600/685/808
f 602/687/811 606/693/817 605/692/816 601/686/810
f 346/688/447 347/694/444 606/693/818 602/687/812
f 603/689/813 607/695/819 407/696/502 406/690/503
f 604/691/814 608/697/820 607/695/821 603/689/815
f 605/692/816 609/698/822 608/697/820 604/691/814
f 606/693/817 610/699/823 609/698/822 605/692/816
f 347/694/444 348/700/443 610/699/824 606/693/818
f 607/695/819 611/701/825 408/702/500 407/696/502
f 608/697/820 612/703/826 611/701/827 607/695/821
f 609/698/822 613/704/828 612/703/826 608/697/820
f 610/699/823 614/705/829 613/704/828 609/698/822
f 348/700/443 349/706/441 614/705/830 610/699/824
f 611/701/825 615/707/831 409/708/498 408/702/500
f 612/703/826 616/709/832 615/707/833 611/701/827
f 613/704/828 617/710/834 616/709/832 612/703/826
f 614/705/829 618/711/835 617/710/834 613/704/828
f 349/706/441 350/712/439 618/711/836 614/705/830
f 615/707/831 619/713/837 410/714/496 409/708/498
f 616/709/832 620/715/838 619/713/839 615/707/833
f 617/710/834 621/716/840 620/715/838 616/709/832
f 618/711/835 622/717/841 621/716/840 617/710/834
f 350/712/439 351/718/437 622/717/842 618/711/836
f 619/713/837 623/719/843 411/720/494 410/714/496
f 620/715/838 624/721/844 623/719/845 619/713/839
f 621/716/840 625/722/846 624/721/844 620/715/838
f 622/717/841 626/723/847 625/722/846 621/716/840
f 351/718/437 352/724/435 626/723/848 622/717/842
f 623/719/843 627/725/849 412/726/492 411/720/494
f 624/721/844 628/727/850 627/725/851 623/719/845
f 625/722/846 629/728/852 628/727/850 624/721/844
f 626/723/847 630/729/853 629/728/852 625/722/846
f 352/724/435 353/730/433 630/729/854 626/723/848
f 627/725/849 631/731/855 413/732/489 412/726/492
f 628/727/850 632/733/856 631/731/857 627/725/851
f 629/728/852 633/734/858 632/733/856 628/727/850
f 630/729/853 634/735/859 633/734/858 629/728/852
f 353/730/433 354/736/430 634/735/860 630/729/854
f 631/731/855 635/737/861 414/738/486 413/732/489
f 632/733/856 636/739/862 635/737/863 631/731/857
f 633/734/858 637/740/864 636/739/862 632/733/856
f 634/735/859 638/741/865 637/740/864 633/734/858
f 354/736/430 355/742/427 638/741/866 634/735/860
f 635/737/861 639/743/867 415/744/483 414/738/486
f 636/739/862 640/745/868 639/743/869 635/737/863
f 637/740/864 641/746/870 640/745/868 636/739/862
f 638/741/865 642/747/871 641/746/870 637/740/864
f 355/742/427 356/748/424 642/747/872 638/741/866
f 639/743/867 643/749/873 416/750/479 415/744/483
f 640/745/868 644/751/874 643/749/875 639/743/869
f 641/746/870 645/752/876 644/751/874 640/745/868
f 642/747/871 646/753/877 645/752/876 641/746/870
f 356/748/424 357/754/420 646/753/878 642/747/872
f 643/749/873 647/755/879 417/756/476 416/750/479
f 644/751/874 648/757/880 647/755/881 643/749/875
f 645/752/876 649/758/882 648/757/880 644/751/874
f 646/753/877 650/759/883 649/758/882 645/752/876
f 357/754/420 358/760/417 650/759/884 646/753/878
f 647/755/879 651/761/885 418/762/474 417/756/476
f 648/757/880 652/763/886 651/761/887 647/755/881
f 649/758/882 653/764/888 652/763/886 648/757/880
f 650/759/883 654/765/889 653/764/888 649/758/882
f 358/760/417 359/766/415 654/765/890 650/759/884
f 651/761/885 419/767/525 360/363/473 418/762/474
f 652/763/886 420/768/527 419/767/530 651/761/887
f 653/764/888 421/769/531 420/768/527 652/763/886
f 654/765/889 422/770/533 421/769/531 653/764/888
f 359/766/415 301/771/414 422/770/536 654/765/890
o Trigger_guard
v 0.029133 -0.002601 0.006500
v 0.027114 0.001503 0.006500
v 0.026471 0.005719 0.006500
v 0.026379 0.009981 0.006500
v 0.026012 0.014220 0.006500
v 0.066763 0.014220 0.006500
v 0.067047 0.011187 0.006500
v 0.067435 0.008213 0.006500
v 0.067616 0.005121 0.006500
v 0.067283 0.001734 0.006500
v 0.066880 -0.000313 0.006500
v 0.066369 -0.002117 0.006500
v 0.065535 -0.003729 0.006500
v 0.064162 -0.005202 0.006500
v 0.062162 -0.006407 0.006500
v 0.060118 -0.006922 0.006500
v 0.057928 -0.007098 0.006500
v 0.055491 -0.007283 0.006500
v 0.050870 -0.007845 0.006500
v 0.046766 -0.008184 0.006500
v 0.042689 -0.008073 0.006500
v 0.038150 -0.007283 0.006500
v 0.035448 -0.006603 0.006500
v 0.033082 -0.005785 0.006500
v 0.030996 -0.004545 0.006500
v 0.034444 0.000434 0.006500
v 0.035393 -0.000905 0.006500
v 0.036593 -0.002009 0.006500
v 0.038150 -0.002948 0.006500
v 0.040743 -0.003873 0.006500
v 0.043194 -0.004125 0.006500
v 0.045724 -0.004005 0.006500
v 0.048555 -0.003815 0.006500
v 0.051446 -0.003811 0.006500
v 0.054046 -0.003786 0.006500
v 0.056501 -0.003342 0.006500
v 0.058960 -0.002081 0.006500
v 0.060114 -0.001018 0.006500
v 0.060867 0.000180 0.006500
v 0.061361 0.001548 0.006500
v 0.061734 0.003121 0.006500
v 0.062005 0.005845 0.006500
v 0.061782 0.008336 0.006500
v 0.061362 0.010735 0.006500
v 0.061040 0.013179 0.006500
v 0.032948 0.013179 0.006500
v 0.032918 0.010447 0.006500
v 0.032753 0.007744 0.006500
v 0.032858 0.004984 0.006500
v 0.033642 0.002081 0.006500
v 0.029133 -0.002601 -0.006500
v 0.027114 0.001503 -0.006500
v 0.026471 0.005719 -0.006500
v 0.026379 0.009981 -0.006500
v 0.026012 0.014220 -0.006500
v 0.066763 0.014220 -0.006500
v 0.067047 0.011187 -0.006500
v 0.067435 0.008213 -0.006500
v 0.067616 0.005121 -0.006500
v 0.067283 0.001734 -0.006500
v 0.066880 -0.000313 -0.006500
v 0.066369 -0.002117 -0.006500
v 0.065535 -0.003729 -0.006500
v 0.064162 -0.005202 -0.006500
v 0.062162 -0.006407 -0.006500
v 0.060118 -0.006922 -0.006500
v 0.057928 -0.007098 -0.006500
v 0.055491 -0.007283 -0.006500
v 0.050870 -0.007845 -0.006500
v 0.046766 -0.008184 -0.006500
v 0.042689 -0.008073 -0.006500
v 0.038150 -0.007283 -0.006500
v 0.035448 -0.006603 -0.006500
v 0.033082 -0.005785 -0.006500
v 0.030996 -0.004545 -0.006500
v 0.034444 0.000434 -0.006500
v 0.035393 -0.000905 -0.006500
v 0.036593 -0.002009 -0.006500
v 0.038150 -0.002948 -0.006500
v 0.040743 -0.003873 -0.006500
v 0.043194 -0.004125 -0.006500
v 0.045724 -0.004005 -0.006500
v 0.048555 -0.003815 -0.006500
v 0.051446 -0.003811 -0.006500
v 0.054046 -0.003786 -0.006500
v 0.056501 -0.003342 -0.006500
v 0.058960 -0.002081 -0.006500
v 0.060114 -0.001018 -0.006500
v 0.060867 0.000180 -0.006500
v 0.061361 0.001548 -0.006500
v 0.061734 0.003121 -0.006500
v 0.062005 0.005845 -0.006500
v 0.061782 0.008336 -0.006500
v 0.061362 0.010735 -0.006500
v 0.061040 0.013179 -0.006500
v 0.032948 0.013179 -0.006500
v 0.032918 0.010447 -0.006500
v 0.032753 0.007744 -0.006500
v 0.032858 0.004984 -0.006500
v 0.033642 0.002081 -0.006500
v 0.028254 -0.003217 -0.006061
v 0.027889 -0.003472 -0.005000
v 0.027889 -0.003472 0.005000
v 0.028254 -0.003217 0.006061
v 0.026090 0.001181 -0.006061
v 0.025666 0.001048 -0.005000
v 0.025666 0.001048 0.005000
v 0.026090 0.001181 0.006061
v 0.025412 0.005627 -0.006061
v 0.024974 0.005589 -0.005000
v 0.024974 0.005589 0.005000
v 0.025412 0.005627 0.006061
v 0.025319 0.009923 -0.006061
v 0.024880 0.009900 -0.005000
v 0.024880 0.009900 0.005000
v 0.025319 0.009923 0.006061
v 0.024855 0.015280 -0.006061
v 0.024376 0.015720 -0.005000
v 0.024376 0.015720 0.005000
v 0.024855 0.015280 0.006061
v 0.067729 0.015280 -0.006061
v 0.068129 0.015720 -0.005000
v 0.068129 0.015720 0.005000
v 0.067729 0.015280 0.006061
v 0.068102 0.011305 -0.006061
v 0.068538 0.011354 -0.005000
v 0.068538 0.011354 0.005000
v 0.068102 0.011305 0.006061
v 0.068491 0.008312 -0.006061
v 0.068929 0.008354 -0.005000
v 0.068929 0.008354 0.005000
v 0.068491 0.008312 0.006061
v 0.068680 0.005100 -0.006061
v 0.069121 0.005091 -0.005000
v 0.069121 0.005091 0.005000
v 0.068680 0.005100 0.006061
v 0.068334 0.001579 -0.006061
v 0.068769 0.001515 -0.005000
v 0.068769 0.001515 0.005000
v 0.068334 0.001579 0.006061
v 0.067912 -0.000561 -0.006061
v 0.068340 -0.000663 -0.005000
v 0.068340 -0.000663 0.005000
v 0.067912 -0.000561 0.006061
v 0.067361 -0.002509 -0.006061
v 0.067771 -0.002672 -0.005000
v 0.067771 -0.002672 0.005000
v 0.067361 -0.002509 0.006061
v 0.066410 -0.004346 -0.006061
v 0.066773 -0.004602 -0.005000
v 0.066773 -0.004602 0.005000
v 0.066410 -0.004346 0.006061
v 0.064836 -0.006034 -0.006061
v 0.065116 -0.006379 -0.005000
v 0.065116 -0.006379 0.005000
v 0.064836 -0.006034 0.006061
v 0.062574 -0.007397 -0.006061
v 0.062745 -0.007807 -0.005000
v 0.062745 -0.007807 0.005000
v 0.062574 -0.007397 0.006061
v 0.060291 -0.007972 -0.006061
v 0.060363 -0.008407 -0.005000
v 0.060363 -0.008407 0.005000
v 0.060291 -0.007972 0.006061
v 0.058010 -0.008155 -0.006061
v 0.058044 -0.008593 -0.005000
v 0.058044 -0.008593 0.005000
v 0.058010 -0.008155 0.006061
v 0.055596 -0.008339 -0.006061
v 0.055639 -0.008776 -0.005000
v 0.055639 -0.008776 0.005000
v 0.055596 -0.008339 0.006061
v 0.050978 -0.008900 -0.006061
v 0.051023 -0.009337 -0.005000
v 0.051023 -0.009337 0.005000
v 0.050978 -0.008900 0.006061
v 0.046795 -0.009246 -0.006061
v 0.046807 -0.009685 -0.005000
v 0.046807 -0.009685 0.005000
v 0.046795 -0.009246 0.006061
v 0.042583 -0.009131 -0.006061
v 0.042539 -0.009569 -0.005000
v 0.042539 -0.009569 0.005000
v 0.042583 -0.009131 0.006061
v 0.037930 -0.008321 -0.006061
v 0.037838 -0.008751 -0.005000
v 0.037838 -0.008751 0.005000
v 0.037930 -0.008321 0.006061
v 0.035144 -0.007620 -0.006061
v 0.035019 -0.008042 -0.005000
v 0.035019 -0.008042 0.005000
v 0.035144 -0.007620 0.006061
v 0.032633 -0.006752 -0.006061
v 0.032447 -0.007152 -0.005000
v 0.032447 -0.007152 0.005000
v 0.032633 -0.006752 0.006061
v 0.030330 -0.005383 -0.006061
v 0.030055 -0.005730 -0.005000
v 0.030055 -0.005730 0.005000
v 0.030330 -0.005383 0.006061
v 0.035359 0.000977 -0.006061
v 0.035739 0.001201 -0.005000
v 0.035739 0.001201 0.005000
v 0.035359 0.000977 0.006061
v 0.036193 -0.000200 -0.006061
v 0.036525 0.000091 -0.005000
v 0.036525 0.000091 0.005000
v 0.036193 -0.000200 0.006061
v 0.037232 -0.001156 -0.006061
v 0.037497 -0.000802 -0.005000
v 0.037497 -0.000802 0.005000
v 0.037232 -0.001156 0.006061
v 0.038607 -0.001985 -0.006061
v 0.038796 -0.001586 -0.005000
v 0.038796 -0.001586 0.005000
v 0.038607 -0.001985 0.006061
v 0.040979 -0.002831 -0.006061
v 0.041076 -0.002399 -0.005000
v 0.041076 -0.002399 0.005000
v 0.040979 -0.002831 0.006061
v 0.043223 -0.003062 -0.006061
v 0.043236 -0.002621 -0.005000
v 0.043236 -0.002621 0.005000
v 0.043223 -0.003062 0.006061
v 0.045664 -0.002946 -0.006061
v 0.045639 -0.002508 -0.005000
v 0.045639 -0.002508 0.005000
v 0.045664 -0.002946 0.006061
v 0.048519 -0.002754 -0.006061
v 0.048503 -0.002315 -0.005000
v 0.048503 -0.002315 0.005000
v 0.048519 -0.002754 0.006061
v 0.051440 -0.002750 -0.006061
v 0.051438 -0.002311 -0.005000
v 0.051438 -0.002311 0.005000
v 0.051440 -0.002750 0.006061
v 0.053946 -0.002726 -0.006061
v 0.053904 -0.002287 -0.005000
v 0.053904 -0.002287 0.005000
v 0.053946 -0.002726 0.006061
v 0.056158 -0.002326 -0.006061
v 0.056015 -0.001905 -0.005000
v 0.056015 -0.001905 0.005000
v 0.056158 -0.002326 0.006061
v 0.058347 -0.001203 -0.006061
v 0.058094 -0.000839 -0.005000
v 0.058094 -0.000839 0.005000
v 0.058347 -0.001203 0.006061
v 0.059292 -0.000334 -0.006061
v 0.058951 -0.000050 -0.005000
v 0.058951 -0.000050 0.005000
v 0.059292 -0.000334 0.006061
v 0.059909 0.000647 -0.006061
v 0.059511 0.000841 -0.005000
v 0.059511 0.000841 0.005000
v 0.059909 0.000647 0.006061
v 0.060342 0.001851 -0.006061
v 0.059921 0.001977 -0.005000
v 0.059921 0.001977 0.005000
v 0.060342 0.001851 0.006061
v 0.060686 0.003297 -0.006061
v 0.060251 0.003370 -0.005000
v 0.060251 0.003370 0.005000
v 0.060686 0.003297 0.006061
v 0.060940 0.005851 -0.006061
v 0.060499 0.005853 -0.005000
v 0.060499 0.005853 0.005000
v 0.060940 0.005851 0.006061
v 0.060730 0.008197 -0.006061
v 0.060294 0.008140 -0.005000
v 0.060294 0.008140 0.005000
v 0.060730 0.008197 0.006061
v 0.060313 0.010574 -0.006061
v 0.059879 0.010507 -0.005000
v 0.059879 0.010507 0.005000
v 0.060313 0.010574 0.006061
v 0.060110 0.012119 -0.006061
v 0.059725 0.011679 -0.005000
v 0.059725 0.011679 0.005000
v 0.060110 0.012119 0.006061
v 0.033997 0.012119 -0.006061
v 0.034432 0.011679 -0.005000
v 0.034432 0.011679 0.005000
v 0.033997 0.012119 0.006061
v 0.033978 0.010409 -0.006061
v 0.034418 0.010393 -0.005000
v 0.034418 0.010393 0.005000
v 0.033978 0.010409 0.006061
v 0.033814 0.007732 -0.006061
v 0.034254 0.007727 -0.005000
v 0.034254 0.007727 0.005000
v 0.033814 0.007732 0.006061
v 0.033913 0.005145 -0.006061
v 0.034351 0.005211 -0.005000
v 0.034351 0.005211 0.005000
v 0.033913 0.005145 0.006061
v 0.034639 0.002455 -0.006061
v 0.035053 0.002610 -0.005000
v 0.035053 0.002610 0.005000
v 0.034639 0.002455 0.006061
vn -0.1908 -0.0103 0.9816
vn 0.0508 -0.0514 0.9974
vn -0.1507 0.1382 0.9789
vn 0.1442 0.1584 0.9768
vn -0.0540 -0.0616 0.9966
vn 0.1917 0.0215 0.9812
vn 0.1979 -0.0071 0.9802
vn -0.1953 -0.0300 0.9803
vn 0.1983 0.0187 0.9800
vn -0.1883 -0.0249 0.9818
vn 0.1889 -0.0022 0.9820
vn -0.2017 -0.0175 0.9793
vn -0.1831 0.0009 0.9831
vn 0.2038 -0.0040 0.9790
vn 0.1785 0.0271 0.9836
vn -0.1841 0.0309 0.9824
vn -0.2013 -0.0632 0.9775
vn 0.1985 -0.0292 0.9797
vn 0.1713 0.0642 0.9831
vn -0.1802 0.0537 0.9822
vn 0.1590 0.0942 0.9828
vn 0.1943 -0.0466 0.9798
vn -0.1629 0.0794 0.9834
vn -0.1729 -0.1210 0.9775
vn 0.1362 0.1199 0.9834
vn -0.1366 0.1137 0.9841
vn 0.1917 -0.0758 0.9785
vn 0.1093 0.1458 0.9833
vn -0.1015 0.1455 0.9841
vn 0.0781 0.1647 0.9832
vn -0.0563 0.1663 0.9845
vn 0.1713 -0.1207 0.9778
vn -0.1303 -0.1640 0.9778
vn 0.0396 0.1751 0.9838
vn -0.0173 0.1835 0.9829
vn 0.1321 -0.1630 0.9777
vn -0.0011 0.1946 0.9809
vn -0.0068 0.1988 0.9800
vn -0.0111 0.1936 0.9810
vn 0.0051 0.1856 0.9826
vn -0.0868 -0.1870 0.9785
vn 0.0809 -0.1944 0.9776
vn -0.0572 -0.1917 0.9798
vn 0.0333 -0.2017 0.9789
vn -0.0414 -0.1950 0.9799
vn 0.0152 -0.1947 0.9807
vn 0.0189 -0.1914 0.9813
vn -0.0202 -0.2022 0.9791
vn 0.0200 -0.1963 0.9803
vn 0.0056 -0.2013 0.9795
vn -0.1908 -0.0103 -0.9816
vn -0.1507 0.1382 -0.9789
vn 0.0508 -0.0514 -0.9974
vn 0.1442 0.1584 -0.9768
vn -0.0540 -0.0616 -0.9966
vn 0.1917 0.0215 -0.9812
vn 0.1979 -0.0071 -0.9802
vn -0.1953 -0.0300 -0.9803
vn 0.1983 0.0187 -0.9800
vn -0.1883 -0.0249 -0.9818
vn 0.1889 -0.0022 -0.9820
vn -0.2017 -0.0175 -0.9793
vn -0.1831 0.0009 -0.9831
vn 0.2038 -0.0040 -0.9790
vn 0.1785 0.0271 -0.9836
vn -0.1841 0.0309 -0.9824
vn -0.2013 -0.0632 -0.9775
vn 0.1985 -0.0292 -0.9797
vn 0.1713 0.0642 -0.9831
vn -0.1802 0.0537 -0.9822
vn 0.1590 0.0942 -0.9828
vn 0.1943 -0.0466 -0.9798
vn -0.1629 0.0794 -0.9834
vn -0.1729 -0.1210 -0.9775
vn 0.1362 0.1199 -0.9834
vn -0.1366 0.1137 -0.9841
vn 0.1917 -0.0758 -0.9785
vn 0.1093 0.1458 -0.9833
vn -0.1015 0.1455 -0.9841
vn 0.0781 0.1647 -0.9832
vn -0.0563 0.1663 -0.9845
vn 0.1713 -0.1207 -0.9778
vn -0.1303 -0.1640 -0.9778
vn 0.0396 0.1751 -0.9838
vn -0.0173 0.1835 -0.9829
vn 0.1321 -0.1630 -0.9777
vn -0.0011 0.1946 -0.9809
vn -0.0068 0.1988 -0.9800
vn -0.0111 0.1936 -0.9810
vn 0.0051 0.1856 -0.9826
vn -0.0868 -0.1870 -0.9785
vn 0.0809 -0.1944 -0.9776
vn -0.0572 -0.1917 -0.9798
vn 0.0333 -0.2017 -0.9789
vn -0.0414 -0.1950 -0.9799
vn 0.0152 -0.1947 -0.9807
vn 0.0189 -0.1914 -0.9813
vn -0.0202 -0.2022 -0.9791
vn 0.0200 -0.1963 -0.9803
vn 0.0056 -0.2013 -0.9795
vn -0.3104 -0.2172 -0.9255
vn -0.3615 -0.1135 -0.9255
vn -0.8037 -0.5626 -0.1935
vn -0.9360 -0.2939 -0.1935
vn -0.8799 -0.2763 -0.3865
vn -0.7556 -0.5289 -0.3866
vn -0.8037 -0.5626 0.1935
vn -0.9360 -0.2939 0.1935
vn -0.7556 -0.5289 0.3866
vn -0.8799 -0.2763 0.3865
vn -0.3615 -0.1135 0.9255
vn -0.3104 -0.2172 0.9255
vn -0.3806 -0.0330 -0.9242
vn -0.9774 -0.0847 -0.1939
vn -0.9201 -0.0798 -0.3834
vn -0.9774 -0.0847 0.1939
vn -0.9201 -0.0798 0.3834
vn -0.3806 -0.0330 0.9242
vn -0.3820 -0.0207 -0.9240
vn -0.9792 -0.0530 -0.1960
vn -0.9225 -0.0499 -0.3829
vn -0.9792 -0.0530 0.1960
vn -0.9225 -0.0499 0.3829
vn -0.3820 -0.0207 0.9240
vn -0.1987 0.1822 -0.9630
vn -0.9823 -0.0852 -0.1669
vn -0.9204 -0.0798 -0.3827
vn -0.9823 -0.0852 0.1669
vn -0.9204 -0.0798 0.3827
vn -0.1987 0.1822 0.9630
vn 0.1972 0.2165 -0.9562
vn -0.0000 0.9860 -0.1669
vn -0.0000 0.9851 -0.1717
vn -0.0000 0.9239 -0.3827
vn -0.0000 0.9860 0.1669
vn -0.0000 0.9851 0.1717
vn -0.0000 0.9239 0.3827
vn 0.1972 0.2165 0.9562
vn 0.3803 0.0426 -0.9239
vn 0.9808 0.0920 -0.1717
vn 0.9746 0.1091 -0.1955
vn 0.9181 0.1028 -0.3827
vn 0.9198 0.0863 -0.3827
vn 0.9808 0.0920 0.1717
vn 0.9746 0.1091 0.1955
vn 0.9198 0.0863 0.3827
vn 0.9181 0.1028 0.3827
vn 0.3803 0.0426 0.9239
vn 0.3808 0.0359 -0.9240
vn 0.9766 0.0921 -0.1944
vn 0.9197 0.0868 -0.3829
vn 0.9766 0.0921 0.1944
vn 0.9197 0.0868 0.3829
vn 0.3808 0.0359 0.9240
vn 0.3816 -0.0075 -0.9243
vn 0.9809 -0.0193 -0.1938
vn 0.9233 -0.0182 -0.3837
vn 0.9809 -0.0193 0.1938
vn 0.9233 -0.0182 0.3837
vn 0.3816 -0.0075 0.9243
vn 0.3782 -0.0557 -0.9240
vn 0.9705 -0.1430 -0.1942
vn 0.9139 -0.1347 -0.3831
vn 0.9705 -0.1430 0.1942
vn 0.9139 -0.1346 0.3831
vn 0.3782 -0.0557 0.9240
vn 0.3719 -0.0891 -0.9240
vn 0.9539 -0.2286 -0.1943
vn 0.8983 -0.2153 -0.3830
vn 0.9539 -0.2286 0.1943
vn 0.8983 -0.2153 0.3830
vn 0.3719 -0.0891 0.9240
vn 0.3543 -0.1401 -0.9246
vn 0.9123 -0.3608 -0.1936
vn 0.8585 -0.3395 -0.3844
vn 0.9123 -0.3608 0.1936
vn 0.8585 -0.3395 0.3844
vn 0.3543 -0.1401 0.9246
vn 0.3103 -0.2187 -0.9251
vn 0.8020 -0.5652 -0.1935
vn 0.7541 -0.5315 -0.3857
vn 0.8020 -0.5652 0.1935
vn 0.7541 -0.5315 0.3857
vn 0.3103 -0.2187 0.9251
vn 0.2390 -0.2948 -0.9252
vn 0.6178 -0.7621 -0.1935
vn 0.5810 -0.7166 -0.3859
vn 0.6178 -0.7621 0.1935
vn 0.5810 -0.7166 0.3859
vn 0.2390 -0.2948 0.9252
vn 0.1457 -0.3500 -0.9253
vn 0.3771 -0.9057 -0.1935
vn 0.3545 -0.8515 -0.3863
vn 0.3771 -0.9057 0.1935
vn 0.3545 -0.8515 0.3863
vn 0.1457 -0.3500 0.9253
vn 0.0621 -0.3765 -0.9243
vn 0.1597 -0.9680 -0.1937
vn 0.1503 -0.9111 -0.3838
vn 0.1597 -0.9680 0.1937
vn 0.1503 -0.9111 0.3838
vn 0.0621 -0.3765 0.9243
vn 0.0298 -0.3815 -0.9239
vn 0.0764 -0.9778 -0.1950
vn 0.0720 -0.9211 -0.3827
vn 0.0764 -0.9778 0.1950
vn 0.0720 -0.9211 0.3827
vn 0.0298 -0.3815 0.9239
vn 0.0376 -0.3807 -0.9239
vn 0.0964 -0.9759 -0.1957
vn 0.0908 -0.9194 -0.3828
vn 0.0964 -0.9759 0.1957
vn 0.0908 -0.9194 0.3828
vn 0.0376 -0.3807 0.9239
vn 0.0388 -0.3806 -0.9239
vn 0.0995 -0.9758 -0.1947
vn 0.0938 -0.9191 -0.3827
vn 0.0995 -0.9758 0.1947
vn 0.0938 -0.9191 0.3827
vn 0.0388 -0.3806 0.9239
vn 0.0105 -0.3820 -0.9241
vn 0.0271 -0.9806 -0.1941
vn 0.0255 -0.9233 -0.3832
vn 0.0271 -0.9806 0.1941
vn 0.0255 -0.9233 0.3832
vn 0.0105 -0.3820 0.9241
vn -0.0380 -0.3799 -0.9242
vn -0.0977 -0.9762 -0.1938
vn -0.0919 -0.9189 -0.3835
vn -0.0977 -0.9762 0.1938
vn -0.0919 -0.9189 0.3835
vn -0.0380 -0.3799 0.9242
vn -0.0795 -0.3741 -0.9240
vn -0.2039 -0.9595 -0.1943
vn -0.1920 -0.9036 -0.3829
vn -0.2039 -0.9595 0.1943
vn -0.1920 -0.9036 0.3829
vn -0.0795 -0.3741 0.9240
vn -0.1093 -0.3664 -0.9240
vn -0.2803 -0.9400 -0.1942
vn -0.2640 -0.8852 -0.3830
vn -0.2803 -0.9400 0.1942
vn -0.2640 -0.8852 0.3830
vn -0.1093 -0.3664 0.9240
vn -0.1604 -0.3456 -0.9246
vn -0.4131 -0.8899 -0.1936
vn -0.3887 -0.8373 -0.3844
vn -0.4131 -0.8899 0.1936
vn -0.3887 -0.8373 0.3844
vn -0.1604 -0.3456 0.9246
vn -0.2362 -0.2973 -0.9251
vn -0.6103 -0.7682 -0.1935
vn -0.5739 -0.7224 -0.3857
vn -0.6103 -0.7682 0.1935
vn -0.5739 -0.7224 0.3857
vn -0.2362 -0.2973 0.9251
vn 0.3283 0.1945 -0.9243
vn 0.2859 0.2517 -0.9246
vn 0.8434 0.4996 -0.1976
vn 0.7356 0.6476 -0.1986
vn 0.6929 0.6100 -0.3845
vn 0.7945 0.4706 -0.3838
vn 0.8434 0.4996 0.1976
vn 0.7356 0.6476 0.1986
vn 0.7945 0.4706 0.3838
vn 0.6929 0.6100 0.3845
vn 0.2859 0.2517 0.9246
vn 0.3283 0.1945 0.9243
vn 0.2285 0.3049 -0.9246
vn 0.5877 0.7844 -0.1984
vn 0.5536 0.7388 -0.3843
vn 0.5877 0.7844 0.1984
vn 0.5536 0.7388 0.3843
vn 0.2285 0.3049 0.9246
vn 0.1632 0.3443 -0.9246
vn 0.4198 0.8857 -0.1984
vn 0.3954 0.8342 -0.3843
vn 0.4198 0.8857 0.1984
vn 0.3954 0.8342 0.3843
vn 0.1632 0.3443 0.9246
vn 0.0839 0.3709 -0.9249
vn 0.2163 0.9558 -0.1993
vn 0.2037 0.9001 -0.3850
vn 0.2163 0.9558 0.1993
vn 0.2037 0.9001 0.3850
vn 0.0839 0.3709 0.9249
vn 0.0106 0.3816 -0.9243
vn 0.0271 0.9800 -0.1974
vn 0.0255 0.9231 -0.3836
vn 0.0271 0.9800 0.1974
vn 0.0255 0.9231 0.3836
vn 0.0106 0.3816 0.9243
vn -0.0219 0.3820 -0.9239
vn -0.0560 0.9791 -0.1953
vn -0.0528 0.9224 -0.3827
vn -0.0560 0.9791 0.1953
vn -0.0528 0.9224 0.3827
vn -0.0219 0.3820 0.9239
vn -0.0131 0.3823 -0.9240
vn -0.0336 0.9803 -0.1944
vn -0.0317 0.9233 -0.3829
vn -0.0336 0.9803 0.1944
vn -0.0317 0.9233 0.3829
vn -0.0131 0.3823 0.9240
vn -0.0021 0.3827 -0.9239
vn -0.0054 0.9808 -0.1952
vn -0.0051 0.9239 -0.3827
vn -0.0054 0.9808 0.1952
vn -0.0051 0.9239 0.3827
vn -0.0021 0.3827 0.9239
vn -0.0359 0.3798 -0.9244
vn -0.0922 0.9759 -0.1978
vn -0.0869 0.9193 -0.3839
vn -0.0922 0.9759 0.1978
vn -0.0869 0.9193 0.3839
vn -0.0359 0.3798 0.9244
vn -0.1216 0.3591 -0.9253
vn -0.3141 0.9279 -0.2006
vn -0.2958 0.8737 -0.3863
vn -0.3141 0.9279 0.2006
vn -0.2958 0.8737 0.3863
vn -0.1216 0.3591 0.9253
vn -0.2172 0.3114 -0.9251
vn -0.5605 0.8036 -0.2000
vn -0.5278 0.7567 -0.3857
vn -0.5605 0.8036 0.2000
vn -0.5278 0.7567 0.3857
vn -0.2172 0.3114 0.9251
vn -0.2919 0.2430 -0.9251
vn -0.7531 0.6268 -0.1999
vn -0.7092 0.5902 -0.3856
vn -0.7531 0.6268 0.1999
vn -0.7092 0.5902 0.3856
vn -0.2919 0.2430 0.9251
vn -0.3423 0.1669 -0.9247
vn -0.8809 0.4296 -0.1987
vn -0.8297 0.4046 -0.3846
vn -0.8809 0.4296 0.1987
vn -0.8297 0.4046 0.3846
vn -0.3423 0.1669 0.9247
vn -0.3663 0.1091 -0.9241
vn -0.9397 0.2799 -0.1967
vn -0.8852 0.2637 -0.3832
vn -0.9397 0.2799 0.1967
vn -0.8852 0.2637 0.3832
vn -0.3663 0.1091 0.9241
vn -0.3767 0.0632 -0.9242
vn -0.9669 0.1622 -0.1971
vn -0.9109 0.1528 -0.3834
vn -0.9669 0.1622 0.1971
vn -0.9109 0.1528 0.3834
vn -0.3767 0.0632 0.9242
vn -0.3812 0.0019 -0.9245
vn -0.9802 0.0049 -0.1982
vn -0.9233 0.0046 -0.3841
vn -0.9802 0.0049 0.1982
vn -0.9233 0.0046 0.3841
vn -0.3812 0.0019 0.9245
vn -0.3791 -0.0501 -0.9240
vn -0.9721 -0.1284 -0.1963
vn -0.9158 -0.1210 -0.3830
vn -0.9721 -0.1284 0.1963
vn -0.9158 -0.1210 0.3830
vn -0.3791 -0.0501 0.9240
vn -0.3782 -0.0580 -0.9239
vn -0.9695 -0.1487 -0.1946
vn -0.9132 -0.1400 -0.3828
vn -0.9695 -0.1487 0.1946
vn -0.9132 -0.1400 0.3828
vn -0.3782 -0.0580 0.9239
vn -0.1961 -0.2235 -0.9548
vn -0.9686 -0.1274 -0.2133
vn -0.9160 -0.1205 -0.3827
vn -0.9686 -0.1274 0.2133
vn -0.9160 -0.1205 0.3827
vn -0.1961 -0.2235 0.9548
vn 0.1987 -0.2008 -0.9593
vn -0.0000 -0.9770 -0.2133
vn -0.0000 -0.9766 -0.2152
vn -0.0000 -0.9239 -0.3827
vn -0.0000 -0.9770 0.2133
vn -0.0000 -0.9766 0.2152
vn -0.0000 -0.9239 0.3827
vn 0.1987 -0.2008 0.9593
vn 0.3823 -0.0138 -0.9239
vn 0.9765 -0.0107 -0.2152
vn 0.9803 -0.0354 -0.1946
vn 0.9232 -0.0333 -0.3828
vn 0.9238 -0.0101 -0.3827
vn 0.9765 -0.0107 0.2152
vn 0.9803 -0.0354 0.1946
vn 0.9238 -0.0101 0.3827
vn 0.9232 -0.0333 0.3828
vn 0.3823 -0.0138 0.9239
vn 0.3823 -0.0044 -0.9240
vn 0.9804 -0.0112 -0.1965
vn 0.9237 -0.0106 -0.3831
vn 0.9804 -0.0112 0.1965
vn 0.9237 -0.0106 0.3831
vn 0.3823 -0.0044 0.9240
vn 0.3763 0.0572 -0.9247
vn 0.9689 0.1473 -0.1990
vn 0.9125 0.1388 -0.3848
vn 0.9689 0.1473 0.1990
vn 0.9125 0.1388 0.3848
vn 0.3763 0.0572 0.9247
vn 0.3570 0.1337 -0.9245
vn 0.9179 0.3439 -0.1982
vn 0.8646 0.3239 -0.3842
vn 0.9179 0.3439 0.1982
vn 0.8646 0.3239 0.3842
vn 0.3570 0.1337 0.9245
vt 0.061224 0.000000
vt 0.918367 0.000000
vt 0.081633 0.000000
vt 0.102041 0.000000
vt 0.897959 0.000000
vt 0.122449 0.000000
vt 0.938776 0.000000
vt 0.877551 0.000000
vt 0.142857 0.000000
vt 0.857143 0.000000
vt 0.959184 0.000000
vt 0.040816 0.000000
vt 0.836735 0.000000
vt 0.163265 0.000000
vt 0.979592 0.000000
vt 0.816327 0.000000
vt 0.020408 0.000000
vt 0.183673 0.000000
vt 1.000000 0.000000
vt 0.795918 0.000000
vt 0.510204 0.000000
vt 0.204082 0.000000
vt 0.775510 0.000000
vt 0.000000 0.000000
vt 0.530612 0.000000
vt 0.755102 0.000000
vt 0.224490 0.000000
vt 0.551020 0.000000
vt 0.734694 0.000000
vt 0.571429 0.000000
vt 0.714286 0.000000
vt 0.244898 0.000000
vt 0.489796 0.000000
vt 0.591837 0.000000
vt 0.693878 0.000000
vt 0.265306 0.000000
vt 0.673469 0.000000
vt 0.653061 0.000000
vt 0.632653 0.000000
vt 0.612245 0.000000
vt 0.469388 0.000000
vt 0.285714 0.000000
vt 0.448980 0.000000
vt 0.306122 0.000000
vt 0.428571 0.000000
vt 0.326531 0.000000
vt 0.346939 0.000000
vt 0.408163 0.000000
vt 0.367347 0.000000
vt 0.387755 0.000000
vt 0.000000 0.200000
vt 0.040000 0.200000
vt 0.040000 0.000000
vt 0.000000 0.400000
vt 0.040000 0.400000
vt 0.000000 0.600000
vt 0.040000 0.600000
vt 0.000000 0.800000
vt 0.040000 0.800000
vt 0.000000 1.000000
vt 0.040000 1.000000
vt 0.080000 0.200000
vt 0.080000 0.000000
vt 0.080000 0.400000
vt 0.080000 0.600000
vt 0.080000 0.800000
vt 0.080000 1.000000
vt 0.120000 0.200000
vt 0.120000 0.000000
vt 0.120000 0.400000
vt 0.120000 0.600000
vt 0.120000 0.800000
vt 0.120000 1.000000
vt 0.160000 0.200000
vt 0.160000 0.000000
vt 0.160000 0.400000
vt 0.160000 0.600000
vt 0.160000 0.800000
vt 0.160000 1.000000
vt 0.200000 0.200000
vt 0.200000 0.000000
vt 0.200000 0.400000
vt 0.200000 0.600000
vt 0.200000 0.800000
vt 0.200000 1.000000
vt 0.240000 0.200000
vt 0.240000 0.000000
vt 0.240000 0.400000
vt 0.240000 0.600000
vt 0.240000 0.800000
vt 0.240000 1.000000
vt 0.280000 0.200000
vt 0.280000 0.000000
vt 0.280000 0.400000
vt 0.280000 0.600000
vt 0.280000 0.800000
vt 0.280000 1.000000
vt 0.320000 0.200000
vt 0.320000 0.000000
vt 0.320000 0.400000
vt 0.320000 0.600000
vt 0.320000 0.800000
vt 0.320000 1.000000
vt 0.360000 0.200000
vt 0.360000 0.000000
vt 0.360000 0.400000
vt 0.360000 0.600000
vt 0.360000 0.800000
vt 0.360000 1.000000
vt 0.400000 0.200000
vt 0.400000 0.000000
vt 0.400000 0.400000
vt 0.400000 0.600000
vt 0.400000 0.800000
vt 0.400000 1.000000
vt 0.440000 0.200000
vt 0.440000 0.000000
vt 0.440000 0.400000
vt 0.440000 0.600000
vt 0.440000 0.800000
vt 0.440000 1.000000
vt 0.480000 0.200000
vt 0.480000 0.000000
vt 0.480000 0.400000
vt 0.480000 0.600000
vt 0.480000 0.800000
vt 0.480000 1.000000
vt 0.520000 0.200000
vt 0.520000 0.000000
vt 0.520000 0.400000
vt 0.520000 0.600000
vt 0.520000 0.800000
vt 0.520000 1.000000
vt 0.560000 0.200000
vt 0.560000 0.000000
vt 0.560000 0.400000
vt 0.560000 0.600000
vt 0.560000 0.800000
vt 0.560000 1.000000
vt 0.600000 0.200000
vt 0.600000 0.000000
vt 0.600000 0.400000
vt 0.600000 0.600000
vt 0.600000 0.800000
vt 0.600000 1.000000
vt 0.640000 0.200000
vt 0.640000 0.000000
vt 0.640000 0.400000
vt 0.640000 0.600000
vt 0.640000 0.800000
vt 0.640000 1.000000
vt 0.680000 0.200000
vt 0.680000 0.000000
vt 0.680000 0.400000
vt 0.680000 0.600000
vt 0.680000 0.800000
vt 0.680000 1.000000
vt 0.720000 0.200000
vt 0.720000 0.000000
vt 0.720000 0.400000
vt 0.720000 0.600000
vt 0.720000 0.800000
vt 0.720000 1.000000
vt 0.760000 0.200000
vt 0.760000 0.000000
vt 0.760000 0.400000
vt 0.760000 0.600000
vt 0.760000 0.800000
vt 0.760000 1.000000
vt 0.800000 0.200000
vt 0.800000 0.000000
vt 0.800000 0.400000
vt 0.800000 0.600000
vt 0.800000 0.800000
vt 0.800000 1.000000
vt 0.840000 0.200000
vt 0.840000 0.000000
vt 0.840000 0.400000
vt 0.840000 0.600000
vt 0.840000 0.800000
vt 0.840000 1.000000
vt 0.880000 0.200000
vt 0.880000 0.000000
vt 0.880000 0.400000
vt 0.880000 0.600000
vt 0.880000 0.800000
vt 0.880000 1.000000
vt 0.920000 0.200000
vt 0.920000 0.000000
vt 0.920000 0.400000
vt 0.920000 0.600000
vt 0.920000 0.800000
vt 0.920000 1.000000
vt 0.960000 0.200000
vt 0.960000 0.000000
vt 0.960000 0.400000
vt 0.960000 0.600000
vt 0.960000 0.800000
vt 0.960000 1.000000
vt 1.000000 0.200000
vt 1.000000 0.400000
vt 1.000000 0.600000
vt 1.000000 0.800000
vt 1.000000 1.000000
s 1
usemtl Chrome_|_polished_body
f 658/772/891 700/773/892 659/774/893
f 700/773/892 660/775/894 659/774/893
f 700/773/892 699/776/895 660/775/894
f 699/776/895 661/777/896 660/775/894
f 658/772/891 701/778/897 700/773/892
f 698/779/898 661/777/896 699/776/895
f 698/779/898 662/780/899 661/777/896
f 697/781/900 662/780/899 698/779/898
f 658/772/891 702/782/901 701/778/897
f 657/783/902 702/782/901 658/772/891
f 696/784/903 662/780/899 697/781/900
f 696/784/903 663/785/904 662/780/899
f 657/783/902 703/786/905 702/782/901
f 695/787/906 663/785/904 696/784/903
f 656/788/907 703/786/905 657/783/902
f 695/787/906 664/789/908 663/785/904
f 656/788/907 704/790/909 703/786/905
f 694/791/910 664/789/908 695/787/906
f 656/788/907 680/792/911 704/790/909
f 694/791/910 665/793/912 664/789/908
f 693/794/913 665/793/912 694/791/910
f 655/795/914 680/792/911 656/788/907
f 655/795/914 681/796/915 680/792/911
f 692/797/916 665/793/912 693/794/913
f 692/797/916 666/798/917 665/793/912
f 655/795/914 682/799/918 681/796/915
f 691/800/919 666/798/917 692/797/916
f 655/795/914 683/801/920 682/799/918
f 690/802/921 666/798/917 691/800/919
f 690/802/921 667/803/922 666/798/917
f 679/804/923 683/801/920 655/795/914
f 679/804/923 684/805/924 683/801/920
f 689/806/925 667/803/922 690/802/921
f 689/806/925 668/807/926 667/803/922
f 688/808/927 668/807/926 689/806/925
f 687/809/928 668/807/926 688/808/927
f 686/810/929 668/807/926 687/809/928
f 679/804/923 685/811/930 684/805/924
f 685/811/930 668/807/926 686/810/929
f 679/804/923 668/807/926 685/811/930
f 678/812/931 668/807/926 679/804/923
f 678/812/931 669/813/932 668/807/926
f 677/814/933 669/813/932 678/812/931
f 677/814/933 670/815/934 669/813/932
f 676/816/935 670/815/934 677/814/933
f 676/816/935 671/817/936 670/815/934
f 676/816/935 672/818/937 671/817/936
f 675/819/938 672/818/937 676/816/935
f 675/819/938 673/820/939 672/818/937
f 675/819/938 674/821/940 673/820/939
f 708/772/941 709/774/942 750/773/943
f 750/773/943 709/774/942 710/775/944
f 750/773/943 710/775/944 749/776/945
f 749/776/945 710/775/944 711/777/946
f 708/772/941 750/773/943 751/778/947
f 748/779/948 749/776/945 711/777/946
f 748/779/948 711/777/946 712/780/949
f 747/781/950 748/779/948 712/780/949
f 708/772/941 751/778/947 752/782/951
f 707/783/952 708/772/941 752/782/951
f 746/784/953 747/781/950 712/780/949
f 746/784/953 712/780/949 713/785/954
f 707/783/952 752/782/951 753/786/955
f 745/787/956 746/784/953 713/785/954
f 706/788/957 707/783/952 753/786/955
f 745/787/956 713/785/954 714/789/958
f 706/788/957 753/786/955 754/790/959
f 744/791/960 745/787/956 714/789/958
f 706/788/957 754/790/959 730/792/961
f 744/791/960 714/789/958 715/793/962
f 743/794/963 744/791/960 715/793/962
f 705/795/964 706/788/957 730/792/961
f 705/795/964 730/792/961 731/796/965
f 742/797/966 743/794/963 715/793/962
f 742/797/966 715/793/962 716/798/967
f 705/795/964 731/796/965 732/799/968
f 741/800/969 742/797/966 716/798/967
f 705/795/964 732/799/968 733/801/970
f 740/802/971 741/800/969 716/798/967
f 740/802/971 716/798/967 717/803/972
f 729/804/973 705/795/964 733/801/970
f 729/804/973 733/801/970 734/805/974
f 739/806/975 740/802/971 717/803/972
f 739/806/975 717/803/972 718/807/976
f 738/808/977 739/806/975 718/807/976
f 737/809/978 738/808/977 718/807/976
f 736/810/979 737/809/978 718/807/976
f 729/804/973 734/805/974 735/811/980
f 735/811/980 736/810/979 718/807/976
f 729/804/973 735/811/980 718/807/976
f 728/812/981 729/804/973 718/807/976
f 728/812/981 718/807/976 719/813/982
f 727/814/983 728/812/981 719/813/982
f 727/814/983 719/813/982 720/815/984
f 726/816/985 727/814/983 720/815/984
f 726/816/985 720/815/984 721/817/986
f 726/816/985 721/817/986 722/818/987
f 725/819/988 726/816/985 722/818/987
f 725/819/988 722/818/987 723/820/989
f 725/819/988 723/820/989 724/821/990
f 755/822/991 759/823/992 706/824/957 705/795/964
f 756/825/993 760/826/994 759/823/995 755/822/996
f 757/827/997 761/828/998 760/826/994 756/825/993
f 758/829/999 762/830/1000 761/828/998 757/827/997
f 655/831/914 656/832/907 762/830/1001 758/829/1002
f 759/823/992 763/833/1003 707/834/952 706/824/957
f 760/826/994 764/835/1004 763/833/1005 759/823/995
f 761/828/998 765/836/1006 764/835/1004 760/826/994
f 762/830/1000 766/837/1007 765/836/1006 761/828/998
f 656/832/907 657/838/902 766/837/1008 762/830/1001
f 763/833/1003 767/839/1009 708/840/941 707/834/952
f 764/835/1004 768/841/1010 767/839/1011 763/833/1005
f 765/836/1006 769/842/1012 768/841/1010 764/835/1004
f 766/837/1007 770/843/1013 769/842/1012 765/836/1006
f 657/838/902 658/844/891 770/843/1014 766/837/1008
f 767/839/1009 771/845/1015 709/846/942 708/840/941
f 768/841/1010 772/847/1016 771/845/1017 767/839/1011
f 769/842/1012 773/848/1018 772/847/1016 768/841/1010
f 770/843/1013 774/849/1019 773/848/1018 769/842/1012
f 658/844/891 659/850/893 774/849/1020 770/843/1014
f 771/845/1015 775/851/1021 710/852/944 709/846/942
f 772/847/1022 776/853/1023 775/851/1024 771/845/1024
f 773/848/1025 777/854/1026 776/853/1023 772/847/1022
f 774/849/1027 778/855/1027 777/854/1026 773/848/1025
f 659/850/893 660/856/894 778/855/1028 774/849/1020
f 775/851/1021 779/857/1029 711/858/946 710/852/944
f 776/853/1030 780/859/1031 779/857/1032 775/851/1033
f 777/854/1034 781/860/1035 780/859/1031 776/853/1030
f 778/855/1036 782/861/1037 781/860/1035 777/854/1034
f 660/856/894 661/862/896 782/861/1038 778/855/1028
f 779/857/1029 783/863/1039 712/864/949 711/858/946
f 780/859/1031 784/865/1040 783/863/1041 779/857/1032
f 781/860/1035 785/866/1042 784/865/1040 780/859/1031
f 782/861/1037 786/867/1043 785/866/1042 781/860/1035
f 661/862/896 662/868/899 786/867/1044 782/861/1038
f 783/863/1039 787/869/1045 713/870/954 712/864/949
f 784/865/1040 788/871/1046 787/869/1047 783/863/1041
f 785/866/1042 789/872/1048 788/871/1046 784/865/1040
f 786/867/1043 790/873/1049 789/872/1048 785/866/1042
f 662/868/899 663/874/904 790/873/1050 786/867/1044
f 787/869/1045 791/875/1051 714/876/958 713/870/954
f 788/871/1046 792/877/1052 791/875/1053 787/869/1047
f 789/872/1048 793/878/1054 792/877/1052 788/871/1046
f 790/873/1049 794/879/1055 793/878/1054 789/872/1048
f 663/874/904 664/880/908 794/879/1056 790/873/1050
f 791/875/1051 795/881/1057 715/882/962 714/876/958
f 792/877/1052 796/883/1058 795/881/1059 791/875/1053
f 793/878/1054 797/884/1060 796/883/1058 792/877/1052
f 794/879/1055 798/885/1061 797/884/1060 793/878/1054
f 664/880/908 665/886/912 798/885/1062 794/879/1056
f 795/881/1057 799/887/1063 716/888/967 715/882/962
f 796/883/1058 800/889/1064 799/887/1065 795/881/1059
f 797/884/1060 801/890/1066 800/889/1064 796/883/1058
f 798/885/1061 802/891/1067 801/890/1066 797/884/1060
f 665/886/912 666/892/917 802/891/1068 798/885/1062
f 799/887/1063 803/893/1069 717/894/972 716/888/967
f 800/889/1064 804/895/1070 803/893/1071 799/887/1065
f 801/890/1066 805/896/1072 804/895/1070 800/889/1064
f 802/891/1067 806/897/1073 805/896/1072 801/890/1066
f 666/892/917 667/898/922 806/897/1074 802/891/1068
f 803/893/1069 807/899/1075 718/900/976 717/894/972
f 804/895/1070 808/901/1076 807/899/1077 803/893/1071
f 805/896/1072 809/902/1078 808/901/1076 804/895/1070
f 806/897/1073 810/903/1079 809/902/1078 805/896/1072
f 667/898/922 668/904/926 810/903/1080 806/897/1074
f 807/899/1075 811/905/1081 719/906/982 718/900/976
f 808/901/1076 812/907/1082 811/905/1083 807/899/1077
f 809/902/1078 813/908/1084 812/907/1082 808/901/1076
f 810/903/1079 814/909/1085 813/908/1084 809/902/1078
f 668/904/926 669/910/932 814/909/1086 810/903/1080
f 811/905/1081 815/911/1087 720/912/984 719/906/982
f 812/907/1082 816/913/1088 815/911/1089 811/905/1083
f 813/908/1084 817/914/1090 816/913/1088 812/907/1082
f 814/909/1085 818/915/1091 817/914/1090 813/908/1084
f 669/910/932 670/916/934 818/915/1092 814/909/1086
f 815/911/1087 819/917/1093 721/918/986 720/912/984
f 816/913/1088 820/919/1094 819/917/1095 815/911/1089
f 817/914/1090 821/920/1096 820/919/1094 816/913/1088
f 818/915/1091 822/921/1097 821/920/1096 817/914/1090
f 670/916/934 671/922/936 822/921/1098 818/915/1092
f 819/917/1093 823/923/1099 722/924/987 721/918/986
f 820/919/1094 824/925/1100 823/923/1101 819/917/1095
f 821/920/1096 825/926/1102 824/925/1100 820/919/1094
f 822/921/1097 826/927/1103 825/926/1102 821/920/1096
f 671/922/936 672/928/937 826/927/1104 822/921/1098
f 823/923/1099 827/929/1105 723/930/989 722/924/987
f 824/925/1100 828/931/1106 827/929/1107 823/923/1101
f 825/926/1102 829/932/1108 828/931/1106 824/925/1100
f 826/927/1103 830/933/1109 829/932/1108 825/926/1102
f 672/928/937 673/934/939 830/933/1110 826/927/1104
f 827/929/1105 831/935/1111 724/936/990 723/930/989
f 828/931/1106 832/937/1112 831/935/1113 827/929/1107
f 829/932/1108 833/938/1114 832/937/1112 828/931/1106
f 830/933/1109 834/939/1115 833/938/1114 829/932/1108
f 673/934/939 674/940/940 834/939/1116 830/933/1110
f 831/935/1111 835/941/1117 725/942/988 724/936/990
f 832/937/1112 836/943/1118 835/941/1119 831/935/1113
f 833/938/1114 837/944/1120 836/943/1118 832/937/1112
f 834/939/1115 838/945/1121 837/944/1120 833/938/1114
f 674/940/940 675/946/938 838/945/1122 834/939/1116
f 835/941/1117 839/947/1123 726/948/985 725/942/988
f 836/943/1118 840/949/1124 839/947/1125 835/941/1119
f 837/944/1120 841/950/1126 840/949/1124 836/943/1118
f 838/945/1121 842/951/1127 841/950/1126 837/944/1120
f 675/946/938 676/952/935 842/951/1128 838/945/1122
f 839/947/1123 843/953/1129 727/954/983 726/948/985
f 840/949/1124 844/955/1130 843/953/1131 839/947/1125
f 841/950/1126 845/956/1132 844/955/1130 840/949/1124
f 842/951/1127 846/957/1133 845/956/1132 841/950/1126
f 676/952/935 677/958/933 846/957/1134 842/951/1128
f 843/953/1129 847/959/1135 728/960/981 727/954/983
f 844/955/1130 848/961/1136 847/959/1137 843/953/1131
f 845/956/1132 849/962/1138 848/961/1136 844/955/1130
f 846/957/1133 850/963/1139 849/962/1138 845/956/1132
f 677/958/933 678/964/931 850/963/1140 846/957/1134
f 847/959/1135 851/965/1141 729/966/973 728/960/981
f 848/961/1136 852/967/1142 851/965/1143 847/959/1137
f 849/962/1138 853/968/1144 852/967/1142 848/961/1136
f 850/963/1139 854/969/1145 853/968/1144 849/962/1138
f 678/964/931 679/970/923 854/969/1146 850/963/1140
f 851/965/1141 755/971/991 705/790/964 729/966/973
f 852/967/1142 756/972/993 755/971/996 851/965/1143
f 853/968/1144 757/973/997 756/972/993 852/967/1142
f 854/969/1145 758/974/999 757/973/997 853/968/1144
f 679/970/923 655/975/914 758/974/1002 854/969/1146
f 855/822/1147 859/823/1148 731/824/965 730/795/961
f 856/825/1149 860/826/1150 859/823/1151 855/822/1152
f 857/827/1153 861/828/1154 860/826/1150 856/825/1149
f 858/829/1155 862/830/1156 861/828/1154 857/827/1153
f 680/831/911 681/832/915 862/830/1157 858/829/1158
f 859/823/1148 863/833/1159 732/834/968 731/824/965
f 860/826/1150 864/835/1160 863/833/1161 859/823/1151
f 861/828/1154 865/836/1162 864/835/1160 860/826/1150
f 862/830/1156 866/837/1163 865/836/1162 861/828/1154
f 681/832/915 682/838/918 866/837/1164 862/830/1157
f 863/833/1159 867/839/1165 733/840/970 732/834/968
f 864/835/1160 868/841/1166 867/839/1167 863/833/1161
f 865/836/1162 869/842/1168 868/841/1166 864/835/1160
f 866/837/1163 870/843/1169 869/842/1168 865/836/1162
f 682/838/918 683/844/920 870/843/1170 866/837/1164
f 867/839/1165 871/845/1171 734/846/974 733/840/970
f 868/841/1166 872/847/1172 871/845/1173 867/839/1167
f 869/842/1168 873/848/1174 872/847/1172 868/841/1166
f 870/843/1169 874/849/1175 873/848/1174 869/842/1168
f 683/844/920 684/850/924 874/849/1176 870/843/1170
f 871/845/1171 875/851/1177 735/852/980 734/846/974
f 872/847/1172 876/853/1178 875/851/1179 871/845/1173
f 873/848/1174 877/854/1180 876/853/1178 872/847/1172
f 874/849/1175 878/855/1181 877/854/1180 873/848/1174
f 684/850/924 685/856/930 878/855/1182 874/849/1176
f 875/851/1177 879/857/1183 736/858/979 735/852/980
f 876/853/1178 880/859/1184 879/857/1185 875/851/1179
f 877/854/1180 881/860/1186 880/859/1184 876/853/1178
f 878/855/1181 882/861/1187 881/860/1186 877/854/1180
f 685/856/930 686/862/929 882/861/1188 878/855/1182
f 879/857/1183 883/863/1189 737/864/978 736/858/979
f 880/859/1184 884/865/1190 883/863/1191 879/857/1185
f 881/860/1186 885/866/1192 884/865/1190 880/859/1184
f 882/861/1187 886/867/1193 885/866/1192 881/860/1186
f 686/862/929 687/868/928 886/867/1194 882/861/1188
f 883/863/1189 887/869/1195 738/870/977 737/864/978
f 884/865/1190 888/871/1196 887/869/1197 883/863/1191
f 885/866/1192 889/872/1198 888/871/1196 884/865/1190
f 886/867/1193 890/873/1199 889/872/1198 885/866/1192
f 687/868/928 688/874/927 890/873/1200 886/867/1194
f 887/869/1195 891/875/1201 739/876/975 738/870/977
f 888/871/1196 892/877/1202 891/875/1203 887/869/1197
f 889/872/1198 893/878/1204 892/877/1202 888/871/1196
f 890/873/1199 894/879/1205 893/878/1204 889/872/1198
f 688/874/927 689/880/925 894/879/1206 890/873/1200
f 891/875/1201 895/881/1207 740/882/971 739/876/975
f 892/877/1202 896/883/1208 895/881/1209 891/875/1203
f 893/878/1204 897/884/1210 896/883/1208 892/877/1202
f 894/879/1205 898/885/1211 897/884/1210 893/878/1204
f 689/880/925 690/886/921 898/885/1212 894/879/1206
f 895/881/1207 899/887/1213 741/888/969 740/882/971
f 896/883/1208 900/889/1214 899/887/1215 895/881/1209
f 897/884/1210 901/890/1216 900/889/1214 896/883/1208
f 898/885/1211 902/891/1217 901/890/1216 897/884/1210
f 690/886/921 691/892/919 902/891/1218 898/885/1212
f 899/887/1213 903/893/1219 742/894/966 741/888/969
f 900/889/1214 904/895/1220 903/893/1221 899/887/1215
f 901/890/1216 905/896/1222 904/895/1220 900/889/1214
f 902/891/1217 906/897/1223 905/896/1222 901/890/1216
f 691/892/919 692/898/916 906/897/1224 902/891/1218
f 903/893/1219 907/899/1225 743/900/963 742/894/966
f 904/895/1220 908/901/1226 907/899/1227 903/893/1221
f 905/896/1222 909/902/1228 908/901/1226 904/895/1220
f 906/897/1223 910/903/1229 909/902/1228 905/896/1222
f 692/898/916 693/904/913 910/903/1230 906/897/1224
f 907/899/1225 911/905/1231 744/906/960 743/900/963
f 908/901/1226 912/907/1232 911/905/1233 907/899/1227
f 909/902/1228 913/908/1234 912/907/1232 908/901/1226
f 910/903/1229 914/909/1235 913/908/1234 909/902/1228
f 693/904/913 694/910/910 914/909/1236 910/903/1230
f 911/905/1231 915/911/1237 745/912/956 744/906/960
f 912/907/1232 916/913/1238 915/911/1239 911/905/1233
f 913/908/1234 917/914/1240 916/913/1238 912/907/1232
f 914/909/1235 918/915/1241 917/914/1240 913/908/1234
f 694/910/910 695/916/906 918/915/1242 914/909/1236
f 915/911/1237 919/917/1243 746/918/953 745/912/956
f 916/913/1238 920/919/1244 919/917/1245 915/911/1239
f 917/914/1240 921/920/1246 920/919/1244 916/913/1238
f 918/915/1241 922/921/1247 921/920/1246 917/914/1240
f 695/916/906 696/922/903 922/921/1248 918/915/1242
f 919/917/1243 923/923/1249 747/924/950 746/918/953
f 920/919/1244 924/925/1250 923/923/1251 919/917/1245
f 921/920/1246 925/926/1252 924/925/1250 920/919/1244
f 922/921/1247 926/927/1253 925/926/1252 921/920/1246
f 696/922/903 697/928/900 926/927/1254 922/921/1248
f 923/923/1249 927/929/1255 748/930/948 747/924/950
f 924/925/1250 928/931/1256 927/929/1257 923/923/1251
f 925/926/1252 929/932/1258 928/931/1256 924/925/1250
f 926/927/1253 930/933/1259 929/932/1258 925/926/1252
f 697/928/900 698/934/898 930/933/1260 926/927/1254
f 927/929/1255 931/935/1261 749/936/945 748/930/948
f 928/931/1256 932/937/1262 931/935/1263 927/929/1257
f 929/932/1258 933/938/1264 932/937/1262 928/931/1256
f 930/933/1259 934/939/1265 933/938/1264 929/932/1258
f 698/934/898 699/940/895 934/939/1266 930/933/1260
f 931/935/1261 935/941/1267 750/942/943 749/936/945
f 932/937/1268 936/943/1269 935/941/1270 931/935/1270
f 933/938/1271 937/944/1272 936/943/1269 932/937/1268
f 934/939/1273 938/945/1273 937/944/1272 933/938/1271
f 699/940/895 700/946/892 938/945/1274 934/939/1266
f 935/941/1267 939/947/1275 751/948/947 750/942/943
f 936/943/1276 940/949/1277 939/947/1278 935/941/1279
f 937/944/1280 941/950/1281 940/949/1277 936/943/1276
f 938/945/1282 942/951/1283 941/950/1281 937/944/1280
f 700/946/892 701/952/897 942/951/1284 938/945/1274
f 939/947/1275 943/953/1285 752/954/951 751/948/947
f 940/949/1277 944/955/1286 943/953/1287 939/947/1278
f 941/950/1281 945/956/1288 944/955/1286 940/949/1277
f 942/951/1283 946/957/1289 945/956/1288 941/950/1281
f 701/952/897 702/958/901 946/957/1290 942/951/1284
f 943/953/1285 947/959/1291 753/960/955 752/954/951
f 944/955/1286 948/961/1292 947/959/1293 943/953/1287
f 945/956/1288 949/962/1294 948/961/1292 944/955/1286
f 946/957/1289 950/963/1295 949/962/1294 945/956/1288
f 702/958/901 703/964/905 950/963/1296 946/957/1290
f 947/959/1291 951/965/1297 754/966/959 753/960/955
f 948/961/1292 952/967/1298 951/965/1299 947/959/1293
f 949/962/1294 953/968/1300 952/967/1298 948/961/1292
f 950/963/1295 954/969/1301 953/968/1300 949/962/1294
f 703/964/905 704/970/909 954/969/1302 950/963/1296
f 951/965/1297 855/971/1147 730/790/961 754/966/959
f 952/967/1298 856/972/1149 855/971/1152 951/965/1299
f 953/968/1300 857/973/1153 856/972/1149 952/967/1298
f 954/969/1301 858/974/1155 857/973/1153 953/968/1300
f 704/970/909 680/975/911 858/974/1158 954/969/1302
o Trigger_|_violet_crescent
v 0.039538 0.008671 0.004000
v 0.039625 0.010118 0.004000
v 0.039952 0.011402 0.004000
v 0.040376 0.012621 0.004000
v 0.040751 0.013873 0.004000
v 0.042113 0.012909 0.004000
v 0.043514 0.012026 0.004000
v 0.044835 0.010982 0.004000
v 0.045954 0.009538 0.004000
v 0.046665 0.007603 0.004000
v 0.046813 0.005742 0.004000
v 0.046835 0.003827 0.004000
v 0.047168 0.001734 0.004000
v 0.047604 0.000113 0.004000
v 0.048034 -0.001316 0.004000
v 0.048638 -0.002650 0.004000
v 0.049595 -0.003988 0.004000
v 0.050412 -0.004719 0.004000
v 0.051285 -0.005216 0.004000
v 0.052180 -0.005619 0.004000
v 0.053064 -0.006069 0.004000
v 0.051603 -0.006112 0.004000
v 0.050151 -0.006241 0.004000
v 0.048682 -0.006197 0.004000
v 0.047168 -0.005723 0.004000
v 0.045621 -0.004699 0.004000
v 0.044502 -0.003467 0.004000
v 0.043589 -0.002019 0.004000
v 0.042659 -0.000347 0.004000
v 0.041424 0.001906 0.004000
v 0.040482 0.003982 0.004000
v 0.039849 0.006148 0.004000
v 0.039538 0.008671 -0.004000
v 0.039625 0.010118 -0.004000
v 0.039952 0.011402 -0.004000
v 0.040376 0.012621 -0.004000
v 0.040751 0.013873 -0.004000
v 0.042113 0.012909 -0.004000
v 0.043514 0.012026 -0.004000
v 0.044835 0.010982 -0.004000
v 0.045954 0.009538 -0.004000
v 0.046665 0.007603 -0.004000
v 0.046813 0.005742 -0.004000
v 0.046835 0.003827 -0.004000
v 0.047168 0.001734 -0.004000
v 0.047604 0.000113 -0.004000
v 0.048034 -0.001316 -0.004000
v 0.048638 -0.002650 -0.004000
v 0.049595 -0.003988 -0.004000
v 0.050412 -0.004719 -0.004000
v 0.051285 -0.005216 -0.004000
v 0.052180 -0.005619 -0.004000
v 0.053064 -0.006069 -0.004000
v 0.051603 -0.006112 -0.004000
v 0.050151 -0.006241 -0.004000
v 0.048682 -0.006197 -0.004000
v 0.047168 -0.005723 -0.004000
v 0.045621 -0.004699 -0.004000
v 0.044502 -0.003467 -0.004000
v 0.043589 -0.002019 -0.004000
v 0.042659 -0.000347 -0.004000
v 0.041424 0.001906 -0.004000
v 0.040482 0.003982 -0.004000
v 0.039849 0.006148 -0.004000
v 0.038828 0.008648 -0.003707
v 0.038534 0.008639 -0.003000
v 0.038534 0.008639 0.003000
v 0.038828 0.008648 0.003707
v 0.038923 0.010228 -0.003707
v 0.038632 0.010273 -0.003000
v 0.038632 0.010273 0.003000
v 0.038923 0.010228 0.003707
v 0.039274 0.011606 -0.003707
v 0.038994 0.011691 -0.003000
v 0.038994 0.011691 0.003000
v 0.039274 0.011606 0.003707
v 0.039703 0.012839 -0.003707
v 0.039424 0.012929 -0.003000
v 0.039424 0.012929 0.003000
v 0.039703 0.012839 0.003707
v 0.040357 0.015018 -0.003707
v 0.040194 0.015493 -0.003000
v 0.040194 0.015493 0.003000
v 0.040357 0.015018 0.003707
v 0.042506 0.013497 -0.003707
v 0.042669 0.013741 -0.003000
v 0.042669 0.013741 0.003000
v 0.042506 0.013497 0.003707
v 0.043923 0.012604 -0.003707
v 0.044093 0.012844 -0.003000
v 0.044093 0.012844 0.003000
v 0.043923 0.012604 0.003707
v 0.045341 0.011484 -0.003707
v 0.045551 0.011691 -0.003000
v 0.045551 0.011691 0.003000
v 0.045341 0.011484 0.003707
v 0.046580 0.009884 -0.003707
v 0.046839 0.010028 -0.003000
v 0.046839 0.010028 0.003000
v 0.046580 0.009884 0.003707
v 0.047363 0.007756 -0.003707
v 0.047651 0.007820 -0.003000
v 0.047651 0.007820 0.003000
v 0.047363 0.007756 0.003707
v 0.047520 0.005774 -0.003707
v 0.047813 0.005787 -0.003000
v 0.047813 0.005787 0.003000
v 0.047520 0.005774 0.003707
v 0.047541 0.003887 -0.003707
v 0.047834 0.003912 -0.003000
v 0.047834 0.003912 0.003000
v 0.047541 0.003887 0.003707
v 0.047860 0.001882 -0.003707
v 0.048147 0.001943 -0.003000
v 0.048147 0.001943 0.003000
v 0.047860 0.001882 0.003707
v 0.048284 0.000307 -0.003707
v 0.048566 0.000387 -0.003000
v 0.048566 0.000387 0.003000
v 0.048284 0.000307 0.003707
v 0.048697 -0.001067 -0.003707
v 0.048972 -0.000964 -0.003000
v 0.048972 -0.000964 0.003000
v 0.048697 -0.001067 0.003707
v 0.049253 -0.002295 -0.003707
v 0.049508 -0.002148 -0.003000
v 0.049508 -0.002148 0.003000
v 0.049253 -0.002295 0.003707
v 0.050125 -0.003513 -0.003707
v 0.050344 -0.003317 -0.003000
v 0.050344 -0.003317 0.003000
v 0.050125 -0.003513 0.003707
v 0.050827 -0.004141 -0.003707
v 0.050999 -0.003902 -0.003000
v 0.050999 -0.003902 0.003000
v 0.050827 -0.004141 0.003707
v 0.051605 -0.004585 -0.003707
v 0.051738 -0.004323 -0.003000
v 0.051738 -0.004323 0.003000
v 0.051605 -0.004585 0.003707
v 0.052486 -0.004981 -0.003707
v 0.052612 -0.004717 -0.003000
v 0.052612 -0.004717 0.003000
v 0.052486 -0.004981 0.003707
v 0.055851 -0.006695 -0.003707
v 0.057005 -0.006955 -0.003000
v 0.057005 -0.006955 0.003000
v 0.055851 -0.006695 0.003707
v 0.051645 -0.006818 -0.003707
v 0.051662 -0.007111 -0.003000
v 0.051662 -0.007111 0.003000
v 0.051645 -0.006818 0.003707
v 0.050172 -0.006949 -0.003707
v 0.050181 -0.007242 -0.003000
v 0.050181 -0.007242 0.003000
v 0.050172 -0.006949 0.003707
v 0.048563 -0.006901 -0.003707
v 0.048514 -0.007193 -0.003000
v 0.048514 -0.007193 0.003000
v 0.048563 -0.006901 0.003707
v 0.046861 -0.006367 -0.003707
v 0.046734 -0.006634 -0.003000
v 0.046734 -0.006634 0.003000
v 0.046861 -0.006367 0.003707
v 0.045157 -0.005240 -0.003707
v 0.044964 -0.005464 -0.003000
v 0.044964 -0.005464 0.003000
v 0.045157 -0.005240 0.003707
v 0.043937 -0.003897 -0.003707
v 0.043703 -0.004074 -0.003000
v 0.043703 -0.004074 0.003000
v 0.043937 -0.003897 0.003707
v 0.042981 -0.002380 -0.003707
v 0.042728 -0.002529 -0.003000
v 0.042728 -0.002529 0.003000
v 0.042981 -0.002380 0.003707
v 0.042040 -0.000689 -0.003707
v 0.041784 -0.000830 -0.003000
v 0.041784 -0.000830 0.003000
v 0.042040 -0.000689 0.003707
v 0.040791 0.001590 -0.003707
v 0.040529 0.001459 -0.003000
v 0.040529 0.001459 0.003000
v 0.040791 0.001590 0.003707
v 0.039817 0.003736 -0.003707
v 0.039542 0.003634 -0.003000
v 0.039542 0.003634 0.003000
v 0.039817 0.003736 0.003707
v 0.039154 0.006004 -0.003707
v 0.038866 0.005945 -0.003000
v 0.038866 0.005945 0.003000
v 0.039154 0.006004 0.003707
vn -0.1831 0.0593 0.9813
vn 0.1066 0.1595 0.9814
vn -0.0608 0.1765 0.9824
vn 0.1162 0.1643 0.9796
vn -0.1915 0.0576 0.9798
vn 0.1479 0.1465 0.9781
vn -0.2031 0.0317 0.9786
vn 0.1846 0.1022 0.9775
vn -0.2051 -0.0064 0.9787
vn 0.2047 0.0449 0.9778
vn -0.1999 -0.0413 0.9789
vn 0.1988 0.0090 0.9800
vn -0.1904 -0.0706 0.9792
vn 0.1852 0.0157 0.9826
vn -0.1784 -0.0892 0.9799
vn 0.1844 0.0394 0.9821
vn -0.1711 -0.0945 0.9807
vn 0.1859 0.0530 0.9811
vn 0.1749 0.0656 0.9824
vn -0.1706 -0.1011 0.9801
vn 0.1581 0.0912 0.9832
vn -0.1630 -0.1239 0.9788
vn 0.1347 0.1208 0.9835
vn -0.1357 -0.1582 0.9780
vn 0.1060 0.1473 0.9834
vn -0.0902 -0.1895 0.9777
vn 0.0858 0.1687 0.9819
vn 0.0856 0.1784 0.9802
vn 0.1494 0.2932 0.9443
vn -0.0348 -0.2067 0.9778
vn -0.0000 1.0000 -0.0000
vn 0.0059 -0.2017 0.9794
vn 0.0221 -0.3752 0.9267
vn -0.1831 0.0593 -0.9813
vn -0.0608 0.1765 -0.9824
vn 0.1066 0.1595 -0.9814
vn 0.1162 0.1643 -0.9796
vn -0.1915 0.0576 -0.9798
vn 0.1479 0.1465 -0.9781
vn -0.2031 0.0317 -0.9786
vn 0.1846 0.1022 -0.9775
vn -0.2051 -0.0064 -0.9787
vn 0.2047 0.0449 -0.9778
vn -0.1999 -0.0413 -0.9789
vn 0.1988 0.0090 -0.9800
vn -0.1904 -0.0706 -0.9792
vn 0.1852 0.0157 -0.9826
vn -0.1784 -0.0892 -0.9799
vn 0.1844 0.0393 -0.9821
vn -0.1711 -0.0945 -0.9807
vn 0.1859 0.0530 -0.9811
vn 0.1749 0.0656 -0.9824
vn -0.1706 -0.1011 -0.9801
vn 0.1581 0.0912 -0.9832
vn -0.1630 -0.1239 -0.9788
vn 0.1347 0.1208 -0.9835
vn -0.1357 -0.1582 -0.9780
vn 0.1060 0.1473 -0.9834
vn -0.0902 -0.1895 -0.9777
vn 0.0858 0.1687 -0.9819
vn 0.0856 0.1784 -0.9802
vn 0.1494 0.2932 -0.9443
vn -0.0348 -0.2067 -0.9778
vn -0.0000 -1.0000 -0.0000
vn 0.0221 -0.3752 -0.9267
vn 0.0059 -0.2017 -0.9794
vn -0.3811 -0.0119 -0.9244
vn -0.3767 0.0588 -0.9245
vn -0.9806 -0.0307 -0.1937
vn -0.9693 0.1513 -0.1936
vn -0.9122 0.1424 -0.3842
vn -0.9229 -0.0289 -0.3840
vn -0.9806 -0.0307 0.1937
vn -0.9693 0.1513 0.1936
vn -0.9229 -0.0289 0.3840
vn -0.9122 0.1424 0.3842
vn -0.3767 0.0588 0.9245
vn -0.3811 -0.0119 0.9244
vn -0.3662 0.1101 -0.9240
vn -0.9394 0.2825 -0.1942
vn -0.8846 0.2660 -0.3830
vn -0.9394 0.2825 0.1942
vn -0.8846 0.2660 0.3830
vn -0.3662 0.1101 0.9240
vn -0.3640 0.1178 -0.9239
vn -0.9330 0.3020 -0.1956
vn -0.8789 0.2845 -0.3828
vn -0.9330 0.3020 0.1956
vn -0.8789 0.2845 0.3828
vn -0.3640 0.1178 0.9239
vn -0.3665 0.1100 -0.9239
vn -0.9456 0.2838 -0.1590
vn -0.8849 0.2656 -0.3827
vn -0.9456 0.2838 0.1590
vn -0.8849 0.2656 0.3827
vn -0.3665 0.1100 0.9239
vn 0.2211 0.3124 -0.9239
vn 0.2126 0.3181 -0.9239
vn 0.5704 0.8058 -0.1590
vn 0.5449 0.8153 -0.1958
vn 0.5133 0.7681 -0.3828
vn 0.5338 0.7541 -0.3827
vn 0.5704 0.8058 0.1590
vn 0.5449 0.8153 0.1958
vn 0.5338 0.7541 0.3827
vn 0.5133 0.7681 0.3828
vn 0.2126 0.3181 0.9239
vn 0.2211 0.3124 0.9239
vn 0.2207 0.3121 -0.9241
vn 0.5664 0.8009 -0.1941
vn 0.5333 0.7542 -0.3831
vn 0.5664 0.8009 0.1941
vn 0.5333 0.7542 0.3831
vn 0.2207 0.3121 0.9241
vn 0.2702 0.2676 -0.9249
vn 0.6972 0.6903 -0.1935
vn 0.6558 0.6493 -0.3851
vn 0.6972 0.6903 0.1935
vn 0.6558 0.6493 0.3851
vn 0.2702 0.2676 0.9249
vn 0.3314 0.1835 -0.9255
vn 0.8583 0.4752 -0.1935
vn 0.8068 0.4468 -0.3865
vn 0.8583 0.4752 0.1935
vn 0.8068 0.4468 0.3865
vn 0.3314 0.1835 0.9255
vn 0.3708 0.0813 -0.9251
vn 0.9583 0.2102 -0.1935
vn 0.9012 0.1977 -0.3858
vn 0.9583 0.2102 0.1935
vn 0.9012 0.1977 0.3858
vn 0.3708 0.0813 0.9251
vn 0.3821 0.0173 -0.9240
vn 0.9799 0.0444 -0.1944
vn 0.9229 0.0418 -0.3829
vn 0.9799 0.0444 0.1944
vn 0.9229 0.0418 0.3829
vn 0.3821 0.0173 0.9240
vn 0.3804 0.0322 -0.9242
vn 0.9768 0.0827 -0.1973
vn 0.9202 0.0779 -0.3836
vn 0.9768 0.0827 0.1973
vn 0.9202 0.0779 0.3836
vn 0.3804 0.0322 0.9242
vn 0.3738 0.0798 -0.9241
vn 0.9589 0.2046 -0.1966
vn 0.9034 0.1928 -0.3831
vn 0.9589 0.2046 0.1966
vn 0.9034 0.1928 0.3831
vn 0.3738 0.0798 0.9241
vn 0.3680 0.1049 -0.9239
vn 0.9432 0.2688 -0.1955
vn 0.8885 0.2532 -0.3827
vn 0.9432 0.2688 0.1955
vn 0.8885 0.2532 0.3827
vn 0.3680 0.1049 0.9239
vn 0.3577 0.1341 -0.9242
vn 0.9180 0.3442 -0.1971
vn 0.8648 0.3243 -0.3834
vn 0.9180 0.3442 0.1971
vn 0.8648 0.3243 0.3834
vn 0.3577 0.1341 0.9242
vn 0.3302 0.1904 -0.9245
vn 0.8491 0.4896 -0.1983
vn 0.7998 0.4611 -0.3843
vn 0.8491 0.4896 0.1983
vn 0.7998 0.4611 0.3843
vn 0.3302 0.1904 0.9245
vn 0.2834 0.2542 -0.9247
vn 0.7296 0.6543 -0.1988
vn 0.6872 0.6163 -0.3847
vn 0.7296 0.6543 0.1988
vn 0.6872 0.6163 0.3847
vn 0.2834 0.2542 0.9247
vn 0.2224 0.3092 -0.9246
vn 0.5724 0.7956 -0.1987
vn 0.5391 0.7493 -0.3845
vn 0.5724 0.7956 0.1987
vn 0.5391 0.7493 0.3845
vn 0.2224 0.3092 0.9246
vn 0.1733 0.3408 -0.9240
vn 0.4446 0.8739 -0.1964
vn 0.4188 0.8233 -0.3830
vn 0.4446 0.8739 0.1964
vn 0.4188 0.8233 0.3830
vn 0.1733 0.3408 0.9240
vn 0.1655 0.3449 -0.9239
vn 0.4243 0.8844 -0.1946
vn 0.3996 0.8329 -0.3828
vn 0.4243 0.8844 0.1946
vn 0.3996 0.8329 0.3828
vn 0.1655 0.3449 0.9239
vn 0.1737 0.3410 -0.9239
vn 0.4513 0.8861 -0.1059
vn 0.4193 0.8232 -0.3827
vn 0.4513 0.8861 0.1059
vn 0.4193 0.8232 0.3827
vn 0.1737 0.3410 0.9239
vn 0.0112 -0.3825 -0.9239
vn 0.0225 -0.3819 -0.9239
vn 0.0290 -0.9939 -0.1059
vn 0.0577 -0.9789 -0.1959
vn 0.0544 -0.9222 -0.3828
vn 0.0270 -0.9235 -0.3827
vn 0.0290 -0.9939 0.1059
vn 0.0577 -0.9789 0.1959
vn 0.0270 -0.9235 0.3827
vn 0.0544 -0.9222 0.3828
vn 0.0112 -0.3825 0.9239
vn 0.0225 -0.3819 0.9239
vn 0.0113 -0.3819 -0.9241
vn 0.0289 -0.9806 -0.1940
vn 0.0272 -0.9232 -0.3833
vn 0.0289 -0.9806 0.1940
vn 0.0272 -0.9232 0.3833
vn 0.0113 -0.3819 0.9241
vn -0.0630 -0.3743 -0.9251
vn -0.1629 -0.9675 -0.1935
vn -0.1532 -0.9098 -0.3858
vn -0.1629 -0.9675 0.1935
vn -0.1532 -0.9098 0.3858
vn -0.0630 -0.3743 0.9251
vn -0.1631 -0.3426 -0.9252
vn -0.4217 -0.8858 -0.1935
vn -0.3965 -0.8330 -0.3859
vn -0.4217 -0.8858 0.1935
vn -0.3965 -0.8330 0.3859
vn -0.1631 -0.3426 0.9252
vn -0.2475 -0.2885 -0.9249
vn -0.6388 -0.7446 -0.1935
vn -0.6009 -0.7004 -0.3852
vn -0.6388 -0.7446 0.1935
vn -0.6009 -0.7004 0.3852
vn -0.2475 -0.2885 0.9249
vn -0.3037 -0.2308 -0.9244
vn -0.7810 -0.5937 -0.1937
vn -0.7351 -0.5588 -0.3839
vn -0.7810 -0.5937 0.1937
vn -0.7351 -0.5588 0.3839
vn -0.3037 -0.2308 0.9244
vn -0.3291 -0.1951 -0.9239
vn -0.8438 -0.5002 -0.1945
vn -0.7947 -0.4711 -0.3828
vn -0.8438 -0.5002 0.1945
vn -0.7947 -0.4711 0.3828
vn -0.3291 -0.1951 0.9239
vn -0.3350 -0.1850 -0.9239
vn -0.8586 -0.4741 -0.1950
vn -0.8088 -0.4466 -0.3827
vn -0.8586 -0.4741 0.1950
vn -0.8088 -0.4466 0.3827
vn -0.3350 -0.1850 0.9239
vn -0.3421 -0.1710 -0.9240
vn -0.8774 -0.4387 -0.1943
vn -0.8262 -0.4131 -0.3829
vn -0.8774 -0.4387 0.1943
vn -0.8263 -0.4131 0.3829
vn -0.3421 -0.1710 0.9240
vn -0.3580 -0.1328 -0.9242
vn -0.9198 -0.3412 -0.1939
vn -0.8659 -0.3212 -0.3835
vn -0.9198 -0.3412 0.1939
vn -0.8659 -0.3212 0.3835
vn -0.3580 -0.1328 0.9242
vn -0.3737 -0.0772 -0.9243
vn -0.9608 -0.1984 -0.1938
vn -0.9044 -0.1867 -0.3838
vn -0.9608 -0.1984 0.1938
vn -0.9044 -0.1867 0.3838
vn -0.3737 -0.0772 0.9243
vt 0.096774 0.000000
vt 0.161290 0.000000
vt 0.129032 0.000000
vt 0.193548 0.000000
vt 0.064516 0.000000
vt 0.225806 0.000000
vt 0.032258 0.000000
vt 0.258065 0.000000
vt 0.000000 0.000000
vt 0.290323 0.000000
vt 1.000000 0.000000
vt 0.322581 0.000000
vt 0.967742 0.000000
vt 0.354839 0.000000
vt 0.935484 0.000000
vt 0.387097 0.000000
vt 0.903226 0.000000
vt 0.419355 0.000000
vt 0.451613 0.000000
vt 0.870968 0.000000
vt 0.483871 0.000000
vt 0.838710 0.000000
vt 0.516129 0.000000
vt 0.806452 0.000000
vt 0.548387 0.000000
vt 0.774194 0.000000
vt 0.580645 0.000000
vt 0.612903 0.000000
vt 0.645161 0.000000
vt 0.741935 0.000000
vt 0.677419 0.000000
vt 0.709677 0.000000
vt 0.000000 0.200000
vt 0.031250 0.200000
vt 0.031250 0.000000
vt 0.000000 0.400000
vt 0.031250 0.400000
vt 0.000000 0.600000
vt 0.031250 0.600000
vt 0.000000 0.800000
vt 0.031250 0.800000
vt 0.000000 1.000000
vt 0.031250 1.000000
vt 0.062500 0.200000
vt 0.062500 0.000000
vt 0.062500 0.400000
vt 0.062500 0.600000
vt 0.062500 0.800000
vt 0.062500 1.000000
vt 0.093750 0.200000
vt 0.093750 0.000000
vt 0.093750 0.400000
vt 0.093750 0.600000
vt 0.093750 0.800000
vt 0.093750 1.000000
vt 0.125000 0.200000
vt 0.125000 0.000000
vt 0.125000 0.400000
vt 0.125000 0.600000
vt 0.125000 0.800000
vt 0.125000 1.000000
vt 0.156250 0.200000
vt 0.156250 0.000000
vt 0.156250 0.400000
vt 0.156250 0.600000
vt 0.156250 0.800000
vt 0.156250 1.000000
vt 0.187500 0.200000
vt 0.187500 0.000000
vt 0.187500 0.400000
vt 0.187500 0.600000
vt 0.187500 0.800000
vt 0.187500 1.000000
vt 0.218750 0.200000
vt 0.218750 0.000000
vt 0.218750 0.400000
vt 0.218750 0.600000
vt 0.218750 0.800000
vt 0.218750 1.000000
vt 0.250000 0.200000
vt 0.250000 0.000000
vt 0.250000 0.400000
vt 0.250000 0.600000
vt 0.250000 0.800000
vt 0.250000 1.000000
vt 0.281250 0.200000
vt 0.281250 0.000000
vt 0.281250 0.400000
vt 0.281250 0.600000
vt 0.281250 0.800000
vt 0.281250 1.000000
vt 0.312500 0.200000
vt 0.312500 0.000000
vt 0.312500 0.400000
vt 0.312500 0.600000
vt 0.312500 0.800000
vt 0.312500 1.000000
vt 0.343750 0.200000
vt 0.343750 0.000000
vt 0.343750 0.400000
vt 0.343750 0.600000
vt 0.343750 0.800000
vt 0.343750 1.000000
vt 0.375000 0.200000
vt 0.375000 0.000000
vt 0.375000 0.400000
vt 0.375000 0.600000
vt 0.375000 0.800000
vt 0.375000 1.000000
vt 0.406250 0.200000
vt 0.406250 0.000000
vt 0.406250 0.400000
vt 0.406250 0.600000
vt 0.406250 0.800000
vt 0.406250 1.000000
vt 0.437500 0.200000
vt 0.437500 0.000000
vt 0.437500 0.400000
vt 0.437500 0.600000
vt 0.437500 0.800000
vt 0.437500 1.000000
vt 0.468750 0.200000
vt 0.468750 0.000000
vt 0.468750 0.400000
vt 0.468750 0.600000
vt 0.468750 0.800000
vt 0.468750 1.000000
vt 0.500000 0.200000
vt 0.500000 0.000000
vt 0.500000 0.400000
vt 0.500000 0.600000
vt 0.500000 0.800000
vt 0.500000 1.000000
vt 0.531250 0.200000
vt 0.531250 0.000000
vt 0.531250 0.400000
vt 0.531250 0.600000
vt 0.531250 0.800000
vt 0.531250 1.000000
vt 0.562500 0.200000
vt 0.562500 0.000000
vt 0.562500 0.400000
vt 0.562500 0.600000
vt 0.562500 0.800000
vt 0.562500 1.000000
vt 0.593750 0.200000
vt 0.593750 0.000000
vt 0.593750 0.400000
vt 0.593750 0.600000
vt 0.593750 0.800000
vt 0.593750 1.000000
vt 0.625000 0.200000
vt 0.625000 0.000000
vt 0.625000 0.400000
vt 0.625000 0.600000
vt 0.625000 0.800000
vt 0.625000 1.000000
vt 0.656250 0.200000
vt 0.656250 0.000000
vt 0.656250 0.400000
vt 0.656250 0.600000
vt 0.656250 0.800000
vt 0.656250 1.000000
vt 0.687500 0.200000
vt 0.687500 0.000000
vt 0.687500 0.400000
vt 0.687500 0.600000
vt 0.687500 0.800000
vt 0.687500 1.000000
vt 0.718750 0.200000
vt 0.718750 0.000000
vt 0.718750 0.400000
vt 0.718750 0.600000
vt 0.718750 0.800000
vt 0.718750 1.000000
vt 0.750000 0.200000
vt 0.750000 0.000000
vt 0.750000 0.400000
vt 0.750000 0.600000
vt 0.750000 0.800000
vt 0.750000 1.000000
vt 0.781250 0.200000
vt 0.781250 0.000000
vt 0.781250 0.400000
vt 0.781250 0.600000
vt 0.781250 0.800000
vt 0.781250 1.000000
vt 0.812500 0.200000
vt 0.812500 0.000000
vt 0.812500 0.400000
vt 0.812500 0.600000
vt 0.812500 0.800000
vt 0.812500 1.000000
vt 0.843750 0.200000
vt 0.843750 0.000000
vt 0.843750 0.400000
vt 0.843750 0.600000
vt 0.843750 0.800000
vt 0.843750 1.000000
vt 0.875000 0.200000
vt 0.875000 0.000000
vt 0.875000 0.400000
vt 0.875000 0.600000
vt 0.875000 0.800000
vt 0.875000 1.000000
vt 0.906250 0.200000
vt 0.906250 0.000000
vt 0.906250 0.400000
vt 0.906250 0.600000
vt 0.906250 0.800000
vt 0.906250 1.000000
vt 0.937500 0.200000
vt 0.937500 0.000000
vt 0.937500 0.400000
vt 0.937500 0.600000
vt 0.937500 0.800000
vt 0.937500 1.000000
vt 0.968750 0.200000
vt 0.968750 0.000000
vt 0.968750 0.400000
vt 0.968750 0.600000
vt 0.968750 0.800000
vt 0.968750 1.000000
vt 1.000000 0.200000
vt 1.000000 0.400000
vt 1.000000 0.600000
vt 1.000000 0.800000
vt 1.000000 1.000000
s 1
usemtl Glow_|_violet_neon
f 958/976/1303 960/977/1304 959/978/1305
f 958/976/1303 961/979/1306 960/977/1304
f 957/980/1307 961/979/1306 958/976/1303
f 957/980/1307 962/981/1308 961/979/1306
f 956/982/1309 962/981/1308 957/980/1307
f 956/982/1309 963/983/1310 962/981/1308
f 955/984/1311 963/983/1310 956/982/1309
f 955/984/1311 964/985/1312 963/983/1310
f 986/986/1313 964/985/1312 955/984/1311
f 986/986/1313 965/987/1314 964/985/1312
f 985/988/1315 965/987/1314 986/986/1313
f 985/988/1315 966/989/1316 965/987/1314
f 984/990/1317 966/989/1316 985/988/1315
f 984/990/1317 967/991/1318 966/989/1316
f 983/992/1319 967/991/1318 984/990/1317
f 983/992/1319 968/993/1320 967/991/1318
f 983/992/1319 969/994/1321 968/993/1320
f 982/995/1322 969/994/1321 983/992/1319
f 982/995/1322 970/996/1323 969/994/1321
f 981/997/1324 970/996/1323 982/995/1322
f 981/997/1324 971/998/1325 970/996/1323
f 980/999/1326 971/998/1325 981/997/1324
f 980/999/1326 972/1000/1327 971/998/1325
f 979/1001/1328 972/1000/1327 980/999/1326
f 979/1001/1328 973/1002/1329 972/1000/1327
f 979/1001/1328 974/1003/1330 973/1002/1329
f 979/1001/1328 975/1004/1331 974/1003/1330
f 978/1005/1332 975/1004/1331 979/1001/1328
f 978/1005/1333 976/1006/1333 975/1004/1333
f 978/1005/1332 977/1007/1334 976/1006/1335
f 990/976/1336 991/978/1337 992/977/1338
f 990/976/1336 992/977/1338 993/979/1339
f 989/980/1340 990/976/1336 993/979/1339
f 989/980/1340 993/979/1339 994/981/1341
f 988/982/1342 989/980/1340 994/981/1341
f 988/982/1342 994/981/1341 995/983/1343
f 987/984/1344 988/982/1342 995/983/1343
f 987/984/1344 995/983/1343 996/985/1345
f 1018/986/1346 987/984/1344 996/985/1345
f 1018/986/1346 996/985/1345 997/987/1347
f 1017/988/1348 1018/986/1346 997/987/1347
f 1017/988/1348 997/987/1347 998/989/1349
f 1016/990/1350 1017/988/1348 998/989/1349
f 1016/990/1350 998/989/1349 999/991/1351
f 1015/992/1352 1016/990/1350 999/991/1351
f 1015/992/1352 999/991/1351 1000/993/1353
f 1015/992/1352 1000/993/1353 1001/994/1354
f 1014/995/1355 1015/992/1352 1001/994/1354
f 1014/995/1355 1001/994/1354 1002/996/1356
f 1013/997/1357 1014/995/1355 1002/996/1356
f 1013/997/1357 1002/996/1356 1003/998/1358
f 1012/999/1359 1013/997/1357 1003/998/1358
f 1012/999/1359 1003/998/1358 1004/1000/1360
f 1011/1001/1361 1012/999/1359 1004/1000/1360
f 1011/1001/1361 1004/1000/1360 1005/1002/1362
f 1011/1001/1361 1005/1002/1362 1006/1003/1363
f 1011/1001/1361 1006/1003/1363 1007/1004/1364
f 1010/1005/1365 1011/1001/1361 1007/1004/1364
f 1010/1005/1366 1007/1004/1366 1008/1006/1366
f 1010/1005/1365 1008/1006/1367 1009/1007/1368
f 1019/1008/1369 1023/1009/1370 988/1010/1342 987/984/1344
f 1020/1011/1371 1024/1012/1372 1023/1009/1373 1019/1008/1374
f 1021/1013/1375 1025/1014/1376 1024/1012/1372 1020/1011/1371
f 1022/1015/1377 1026/1016/1378 1025/1014/1376 1021/1013/1375
f 955/1017/1311 956/1018/1309 1026/1016/1379 1022/1015/1380
f 1023/1009/1370 1027/1019/1381 989/1020/1340 988/1010/1342
f 1024/1012/1372 1028/1021/1382 1027/1019/1383 1023/1009/1373
f 1025/1014/1376 1029/1022/1384 1028/1021/1382 1024/1012/1372
f 1026/1016/1378 1030/1023/1385 1029/1022/1384 1025/1014/1376
f 956/1018/1309 957/1024/1307 1030/1023/1386 1026/1016/1379
f 1027/1019/1381 1031/1025/1387 990/1026/1336 989/1020/1340
f 1028/1021/1382 1032/1027/1388 1031/1025/1389 1027/1019/1383
f 1029/1022/1384 1033/1028/1390 1032/1027/1388 1028/1021/1382
f 1030/1023/1385 1034/1029/1391 1033/1028/1390 1029/1022/1384
f 957/1024/1307 958/1030/1303 1034/1029/1392 1030/1023/1386
f 1031/1025/1387 1035/1031/1393 991/1032/1337 990/1026/1336
f 1032/1027/1388 1036/1033/1394 1035/1031/1395 1031/1025/1389
f 1033/1028/1390 1037/1034/1396 1036/1033/1394 1032/1027/1388
f 1034/1029/1391 1038/1035/1397 1037/1034/1396 1033/1028/1390
f 958/1030/1303 959/1036/1305 1038/1035/1398 1034/1029/1392
f 1035/1031/1399 1039/1037/1400 992/1038/1338 991/1032/1337
f 1036/1033/1401 1040/1039/1402 1039/1037/1403 1035/1031/1404
f 1037/1034/1405 1041/1040/1406 1040/1039/1402 1036/1033/1401
f 1038/1035/1407 1042/1041/1408 1041/1040/1406 1037/1034/1405
f 959/1036/1305 960/1042/1304 1042/1041/1409 1038/1035/1410
f 1039/1037/1400 1043/1043/1411 993/1044/1339 992/1038/1338
f 1040/1039/1402 1044/1045/1412 1043/1043/1413 1039/1037/1403
f 1041/1040/1406 1045/1046/1414 1044/1045/1412 1040/1039/1402
f 1042/1041/1408 1046/1047/1415 1045/1046/1414 1041/1040/1406
f 960/1042/1304 961/1048/1306 1046/1047/1416 1042/1041/1409
f 1043/1043/1411 1047/1049/1417 994/1050/1341 993/1044/1339
f 1044/1045/1412 1048/1051/1418 1047/1049/1419 1043/1043/1413
f 1045/1046/1414 1049/1052/1420 1048/1051/1418 1044/1045/1412
f 1046/1047/1415 1050/1053/1421 1049/1052/1420 1045/1046/1414
f 961/1048/1306 962/1054/1308 1050/1053/1422 1046/1047/1416
f 1047/1049/1417 1051/1055/1423 995/1056/1343 994/1050/1341
f 1048/1051/1418 1052/1057/1424 1051/1055/1425 1047/1049/1419
f 1049/1052/1420 1053/1058/1426 1052/1057/1424 1048/1051/1418
f 1050/1053/1421 1054/1059/1427 1053/1058/1426 1049/1052/1420
f 962/1054/1308 963/1060/1310 1054/1059/1428 1050/1053/1422
f 1051/1055/1423 1055/1061/1429 996/1062/1345 995/1056/1343
f 1052/1057/1424 1056/1063/1430 1055/1061/1431 1051/1055/1425
f 1053/1058/1426 1057/1064/1432 1056/1063/1430 1052/1057/1424
f 1054/1059/1427 1058/1065/1433 1057/1064/1432 1053/1058/1426
f 963/1060/1310 964/1066/1312 1058/1065/1434 1054/1059/1428
f 1055/1061/1429 1059/1067/1435 997/1068/1347 996/1062/1345
f 1056/1063/1430 1060/1069/1436 1059/1067/1437 1055/1061/1431
f 1057/1064/1432 1061/1070/1438 1060/1069/1436 1056/1063/1430
f 1058/1065/1433 1062/1071/1439 1061/1070/1438 1057/1064/1432
f 964/1066/1312 965/1072/1314 1062/1071/1440 1058/1065/1434
f 1059/1067/1435 1063/1073/1441 998/1074/1349 997/1068/1347
f 1060/1069/1436 1064/1075/1442 1063/1073/1443 1059/1067/1437
f 1061/1070/1438 1065/1076/1444 1064/1075/1442 1060/1069/1436
f 1062/1071/1439 1066/1077/1445 1065/1076/1444 1061/1070/1438
f 965/1072/1314 966/1078/1316 1066/1077/1446 1062/1071/1440
f 1063/1073/1441 1067/1079/1447 999/1080/1351 998/1074/1349
f 1064/1075/1442 1068/1081/1448 1067/1079/1449 1063/1073/1443
f 1065/1076/1444 1069/1082/1450 1068/1081/1448 1064/1075/1442
f 1066/1077/1445 1070/1083/1451 1069/1082/1450 1065/1076/1444
f 966/1078/1316 967/1084/1318 1070/1083/1452 1066/1077/1446
f 1067/1079/1447 1071/1085/1453 1000/1086/1353 999/1080/1351
f 1068/1081/1448 1072/1087/1454 1071/1085/1455 1067/1079/1449
f 1069/1082/1450 1073/1088/1456 1072/1087/1454 1068/1081/1448
f 1070/1083/1451 1074/1089/1457 1073/1088/1456 1069/1082/1450
f 967/1084/1318 968/1090/1320 1074/1089/1458 1070/1083/1452
f 1071/1085/1453 1075/1091/1459 1001/1092/1354 1000/1086/1353
f 1072/1087/1454 1076/1093/1460 1075/1091/1461 1071/1085/1455
f 1073/1088/1456 1077/1094/1462 1076/1093/1460 1072/1087/1454
f 1074/1089/1457 1078/1095/1463 1077/1094/1462 1073/1088/1456
f 968/1090/1320 969/1096/1321 1078/1095/1464 1074/1089/1458
f 1075/1091/1459 1079/1097/1465 1002/1098/1356 1001/1092/1354
f 1076/1093/1460 1080/1099/1466 1079/1097/1467 1075/1091/1461
f 1077/1094/1462 1081/1100/1468 1080/1099/1466 1076/1093/1460
f 1078/1095/1463 1082/1101/1469 1081/1100/1468 1077/1094/1462
f 969/1096/1321 970/1102/1323 1082/1101/1470 1078/1095/1464
f 1079/1097/1465 1083/1103/1471 1003/1104/1358 1002/1098/1356
f 1080/1099/1466 1084/1105/1472 1083/1103/1473 1079/1097/1467
f 1081/1100/1468 1085/1106/1474 1084/1105/1472 1080/1099/1466
f 1082/1101/1469 1086/1107/1475 1085/1106/1474 1081/1100/1468
f 970/1102/1323 971/1108/1325 1086/1107/1476 1082/1101/1470
f 1083/1103/1471 1087/1109/1477 1004/1110/1360 1003/1104/1358
f 1084/1105/1472 1088/1111/1478 1087/1109/1479 1083/1103/1473
f 1085/1106/1474 1089/1112/1480 1088/1111/1478 1084/1105/1472
f 1086/1107/1475 1090/1113/1481 1089/1112/1480 1085/1106/1474
f 971/1108/1325 972/1114/1327 1090/1113/1482 1086/1107/1476
f 1087/1109/1477 1091/1115/1483 1005/1116/1362 1004/1110/1360
f 1088/1111/1478 1092/1117/1484 1091/1115/1485 1087/1109/1479
f 1089/1112/1480 1093/1118/1486 1092/1117/1484 1088/1111/1478
f 1090/1113/1481 1094/1119/1487 1093/1118/1486 1089/1112/1480
f 972/1114/1327 973/1120/1329 1094/1119/1488 1090/1113/1482
f 1091/1115/1483 1095/1121/1489 1006/1122/1363 1005/1116/1362
f 1092/1117/1484 1096/1123/1490 1095/1121/1491 1091/1115/1485
f 1093/1118/1486 1097/1124/1492 1096/1123/1490 1092/1117/1484
f 1094/1119/1487 1098/1125/1493 1097/1124/1492 1093/1118/1486
f 973/1120/1329 974/1126/1330 1098/1125/1494 1094/1119/1488
f 1095/1121/1489 1099/1127/1495 1007/1128/1364 1006/1122/1363
f 1096/1123/1490 1100/1129/1496 1099/1127/1497 1095/1121/1491
f 1097/1124/1492 1101/1130/1498 1100/1129/1496 1096/1123/1490
f 1098/1125/1493 1102/1131/1499 1101/1130/1498 1097/1124/1492
f 974/1126/1330 975/1132/1331 1102/1131/1500 1098/1125/1494
f 1099/1127/1501 1103/1133/1502 1008/1134/1367 1007/1128/1501
f 1100/1129/1503 1104/1135/1504 1103/1133/1505 1099/1127/1506
f 1101/1130/1507 1105/1136/1508 1104/1135/1504 1100/1129/1503
f 1102/1131/1509 1106/1137/1510 1105/1136/1508 1101/1130/1507
f 975/1132/1511 976/1138/1335 1106/1137/1512 1102/1131/1511
f 1103/1133/1502 1107/1139/1513 1009/1140/1368 1008/1134/1367
f 1104/1135/1504 1108/1141/1514 1107/1139/1515 1103/1133/1505
f 1105/1136/1508 1109/1142/1516 1108/1141/1514 1104/1135/1504
f 1106/1137/1510 1110/1143/1517 1109/1142/1516 1105/1136/1508
f 976/1138/1335 977/1144/1334 1110/1143/1518 1106/1137/1512
f 1107/1139/1513 1111/1145/1519 1010/1146/1365 1009/1140/1368
f 1108/1141/1514 1112/1147/1520 1111/1145/1521 1107/1139/1515
f 1109/1142/1516 1113/1148/1522 1112/1147/1520 1108/1141/1514
f 1110/1143/1517 1114/1149/1523 1113/1148/1522 1109/1142/1516
f 977/1144/1334 978/1150/1332 1114/1149/1524 1110/1143/1518
f 1111/1145/1519 1115/1151/1525 1011/1152/1361 1010/1146/1365
f 1112/1147/1520 1116/1153/1526 1115/1151/1527 1111/1145/1521
f 1113/1148/1522 1117/1154/1528 1116/1153/1526 1112/1147/1520
f 1114/1149/1523 1118/1155/1529 1117/1154/1528 1113/1148/1522
f 978/1150/1332 979/1156/1328 1118/1155/1530 1114/1149/1524
f 1115/1151/1525 1119/1157/1531 1012/1158/1359 1011/1152/1361
f 1116/1153/1526 1120/1159/1532 1119/1157/1533 1115/1151/1527
f 1117/1154/1528 1121/1160/1534 1120/1159/1532 1116/1153/1526
f 1118/1155/1529 1122/1161/1535 1121/1160/1534 1117/1154/1528
f 979/1156/1328 980/1162/1326 1122/1161/1536 1118/1155/1530
f 1119/1157/1531 1123/1163/1537 1013/1164/1357 1012/1158/1359
f 1120/1159/1532 1124/1165/1538 1123/1163/1539 1119/1157/1533
f 1121/1160/1534 1125/1166/1540 1124/1165/1538 1120/1159/1532
f 1122/1161/1535 1126/1167/1541 1125/1166/1540 1121/1160/1534
f 980/1162/1326 981/1168/1324 1126/1167/1542 1122/1161/1536
f 1123/1163/1537 1127/1169/1543 1014/1170/1355 1013/1164/1357
f 1124/1165/1538 1128/1171/1544 1127/1169/1545 1123/1163/1539
f 1125/1166/1540 1129/1172/1546 1128/1171/1544 1124/1165/1538
f 1126/1167/1541 1130/1173/1547 1129/1172/1546 1125/1166/1540
f 981/1168/1324 982/1174/1322 1130/1173/1548 1126/1167/1542
f 1127/1169/1543 1131/1175/1549 1015/1176/1352 1014/1170/1355
f 1128/1171/1544 1132/1177/1550 1131/1175/1551 1127/1169/1545
f 1129/1172/1546 1133/1178/1552 1132/1177/1550 1128/1171/1544
f 1130/1173/1547 1134/1179/1553 1133/1178/1552 1129/1172/1546
f 982/1174/1322 983/1180/1319 1134/1179/1554 1130/1173/1548
f 1131/1175/1549 1135/1181/1555 1016/1182/1350 1015/1176/1352
f 1132/1177/1550 1136/1183/1556 1135/1181/1557 1131/1175/1551
f 1133/1178/1552 1137/1184/1558 1136/1183/1556 1132/1177/1550
f 1134/1179/1553 1138/1185/1559 1137/1184/1558 1133/1178/1552
f 983/1180/1319 984/1186/1317 1138/1185/1560 1134/1179/1554
f 1135/1181/1555 1139/1187/1561 1017/1188/1348 1016/1182/1350
f 1136/1183/1556 1140/1189/1562 1139/1187/1563 1135/1181/1557
f 1137/1184/1558 1141/1190/1564 1140/1189/1562 1136/1183/1556
f 1138/1185/1559 1142/1191/1565 1141/1190/1564 1137/1184/1558
f 984/1186/1317 985/1192/1315 1142/1191/1566 1138/1185/1560
f 1139/1187/1561 1143/1193/1567 1018/1194/1346 1017/1188/1348
f 1140/1189/1562 1144/1195/1568 1143/1193/1569 1139/1187/1563
f 1141/1190/1564 1145/1196/1570 1144/1195/1568 1140/1189/1562
f 1142/1191/1565 1146/1197/1571 1145/1196/1570 1141/1190/1564
f 985/1192/1315 986/1198/1313 1146/1197/1572 1142/1191/1566
f 1143/1193/1567 1019/1199/1369 987/986/1344 1018/1194/1346
f 1144/1195/1568 1020/1200/1371 1019/1199/1374 1143/1193/1569
f 1145/1196/1570 1021/1201/1375 1020/1200/1371 1144/1195/1568
f 1146/1197/1571 1022/1202/1377 1021/1201/1375 1145/1196/1570
f 986/1198/1313 955/1203/1311 1022/1202/1380 1146/1197/1572
o Barrel_|_chrome_tube,_collar_and_emitter
v 0.091040 0.040701 -0.021581
v 0.091040 0.047203 -0.019468
v 0.091040 0.052733 -0.015450
v 0.091040 0.056751 -0.009920
v 0.091040 0.058864 -0.003418
v 0.091040 0.058864 0.003418
v 0.091040 0.056751 0.009920
v 0.091040 0.052733 0.015450
v 0.091040 0.047203 0.019468
v 0.091040 0.040701 0.021581
v 0.091040 0.033865 0.021581
v 0.091040 0.027364 0.019468
v 0.091040 0.021833 0.015450
v 0.091040 0.017815 0.009920
v 0.091040 0.015703 0.003418
v 0.091040 0.015703 -0.003418
v 0.091040 0.017815 -0.009920
v 0.091040 0.021833 -0.015450
v 0.091040 0.027364 -0.019468
v 0.091040 0.033865 -0.021581
v 0.204624 0.040647 -0.021238
v 0.204624 0.047045 -0.019159
v 0.204624 0.052488 -0.015205
v 0.204624 0.056442 -0.009762
v 0.204624 0.058521 -0.003364
v 0.204624 0.058521 0.003364
v 0.204624 0.056442 0.009762
v 0.204624 0.052488 0.015205
v 0.204624 0.047045 0.019159
v 0.204624 0.040647 0.021238
v 0.204624 0.033919 0.021238
v 0.204624 0.027521 0.019159
v 0.204624 0.022078 0.015205
v 0.204624 0.018124 0.009762
v 0.204624 0.016045 0.003364
v 0.204624 0.016045 -0.003364
v 0.204624 0.018124 -0.009762
v 0.204624 0.022078 -0.015205
v 0.204624 0.027521 -0.019159
v 0.204624 0.033919 -0.021238
v 0.205145 0.041000 -0.023465
v 0.205145 0.048069 -0.021168
v 0.205145 0.054082 -0.016799
v 0.205145 0.058451 -0.010786
v 0.205145 0.060748 -0.003716
v 0.205145 0.060748 0.003716
v 0.205145 0.058451 0.010786
v 0.205145 0.054082 0.016799
v 0.205145 0.048069 0.021168
v 0.205145 0.041000 0.023465
v 0.205145 0.033567 0.023465
v 0.205145 0.026498 0.021168
v 0.205145 0.020484 0.016799
v 0.205145 0.016115 0.010786
v 0.205145 0.013819 0.003716
v 0.205145 0.013819 -0.003716
v 0.205145 0.016115 -0.010786
v 0.205145 0.020484 -0.016799
v 0.205145 0.026498 -0.021168
v 0.205145 0.033567 -0.023465
v 0.212428 0.041000 -0.023465
v 0.212428 0.048069 -0.021168
v 0.212428 0.054082 -0.016799
v 0.212428 0.058451 -0.010786
v 0.212428 0.060748 -0.003716
v 0.212428 0.060748 0.003716
v 0.212428 0.058451 0.010786
v 0.212428 0.054082 0.016799
v 0.212428 0.048069 0.021168
v 0.212428 0.041000 0.023465
v 0.212428 0.033567 0.023465
v 0.212428 0.026498 0.021168
v 0.212428 0.020484 0.016799
v 0.212428 0.016115 0.010786
v 0.212428 0.013819 0.003716
v 0.212428 0.013819 -0.003716
v 0.212428 0.016115 -0.010786
v 0.212428 0.020484 -0.016799
v 0.212428 0.026498 -0.021168
v 0.212428 0.033567 -0.023465
v 0.212948 0.040647 -0.021238
v 0.212948 0.047045 -0.019159
v 0.212948 0.052488 -0.015205
v 0.212948 0.056442 -0.009762
v 0.212948 0.058521 -0.003364
v 0.212948 0.058521 0.003364
v 0.212948 0.056442 0.009762
v 0.212948 0.052488 0.015205
v 0.212948 0.047045 0.019159
v 0.212948 0.040647 0.021238
v 0.212948 0.033919 0.021238
v 0.212948 0.027521 0.019159
v 0.212948 0.022078 0.015205
v 0.212948 0.018124 0.009762
v 0.212948 0.016045 0.003364
v 0.212948 0.016045 -0.003364
v 0.212948 0.018124 -0.009762
v 0.212948 0.022078 -0.015205
v 0.212948 0.027521 -0.019159
v 0.212948 0.033919 -0.021238
v 0.228555 0.040322 -0.019183
v 0.228555 0.046101 -0.017305
v 0.228555 0.051017 -0.013733
v 0.228555 0.054588 -0.008817
v 0.228555 0.056466 -0.003038
v 0.228555 0.056466 0.003038
v 0.228555 0.054588 0.008817
v 0.228555 0.051017 0.013733
v 0.228555 0.046101 0.017305
v 0.228555 0.040322 0.019183
v 0.228555 0.034245 0.019183
v 0.228555 0.028466 0.017305
v 0.228555 0.023550 0.013733
v 0.228555 0.019978 0.008817
v 0.228555 0.018100 0.003038
v 0.228555 0.018100 -0.003038
v 0.228555 0.019978 -0.008817
v 0.228555 0.023550 -0.013733
v 0.228555 0.028466 -0.017305
v 0.228555 0.034245 -0.019183
v 0.228902 0.040104 -0.017813
v 0.228902 0.045471 -0.016069
v 0.228902 0.050036 -0.012752
v 0.228902 0.053352 -0.008188
v 0.228902 0.055096 -0.002821
v 0.228902 0.055096 0.002821
v 0.228902 0.053352 0.008188
v 0.228902 0.050036 0.012752
v 0.228902 0.045471 0.016069
v 0.228902 0.040104 0.017813
v 0.228902 0.034462 0.017813
v 0.228902 0.029096 0.016069
v 0.228902 0.024531 0.012752
v 0.228902 0.021214 0.008188
v 0.228902 0.019471 0.002821
v 0.228902 0.019471 -0.002821
v 0.228902 0.021214 -0.008188
v 0.228902 0.024531 -0.012752
v 0.228902 0.029096 -0.016069
v 0.228902 0.034462 -0.017813
v 0.229075 0.040267 -0.018840
v 0.229075 0.045943 -0.016996
v 0.229075 0.050771 -0.013488
v 0.229075 0.054279 -0.008660
v 0.229075 0.056124 -0.002984
v 0.229075 0.056124 0.002984
v 0.229075 0.054279 0.008660
v 0.229075 0.050771 0.013488
v 0.229075 0.045943 0.016996
v 0.229075 0.040267 0.018840
v 0.229075 0.034299 0.018840
v 0.229075 0.028623 0.016996
v 0.229075 0.023795 0.013488
v 0.229075 0.020287 0.008660
v 0.229075 0.018443 0.002984
v 0.229075 0.018443 -0.002984
v 0.229075 0.020287 -0.008660
v 0.229075 0.023795 -0.013488
v 0.229075 0.028623 -0.016996
v 0.229075 0.034299 -0.018840
v 0.233757 0.040267 -0.018840
v 0.233757 0.045943 -0.016996
v 0.233757 0.050771 -0.013488
v 0.233757 0.054279 -0.008660
v 0.233757 0.056124 -0.002984
v 0.233757 0.056124 0.002984
v 0.233757 0.054279 0.008660
v 0.233757 0.050771 0.013488
v 0.233757 0.045943 0.016996
v 0.233757 0.040267 0.018840
v 0.233757 0.034299 0.018840
v 0.233757 0.028623 0.016996
v 0.233757 0.023795 0.013488
v 0.233757 0.020287 0.008660
v 0.233757 0.018443 0.002984
v 0.233757 0.018443 -0.002984
v 0.233757 0.020287 -0.008660
v 0.233757 0.023795 -0.013488
v 0.233757 0.028623 -0.016996
v 0.233757 0.034299 -0.018840
v 0.233931 0.039887 -0.016442
v 0.233931 0.044841 -0.014833
v 0.233931 0.049055 -0.011771
v 0.233931 0.052116 -0.007558
v 0.233931 0.053726 -0.002604
v 0.233931 0.053726 0.002604
v 0.233931 0.052116 0.007558
v 0.233931 0.049055 0.011771
v 0.233931 0.044841 0.014833
v 0.233931 0.039887 0.016442
v 0.233931 0.034679 0.016442
v 0.233931 0.029725 0.014833
v 0.233931 0.025512 0.011771
v 0.233931 0.022450 0.007558
v 0.233931 0.020841 0.002604
v 0.233931 0.020841 -0.002604
v 0.233931 0.022450 -0.007558
v 0.233931 0.025512 -0.011771
v 0.233931 0.029725 -0.014833
v 0.233931 0.034679 -0.016442
v 0.239306 0.039806 -0.015929
v 0.239306 0.044605 -0.014369
v 0.239306 0.048687 -0.011404
v 0.239306 0.051653 -0.007322
v 0.239306 0.053212 -0.002523
v 0.239306 0.053212 0.002523
v 0.239306 0.051653 0.007322
v 0.239306 0.048687 0.011404
v 0.239306 0.044605 0.014369
v 0.239306 0.039806 0.015929
v 0.239306 0.034760 0.015929
v 0.239306 0.029962 0.014369
v 0.239306 0.025880 0.011404
v 0.239306 0.022914 0.007322
v 0.239306 0.021355 0.002523
v 0.239306 0.021355 -0.002523
v 0.239306 0.022914 -0.007322
v 0.239306 0.025880 -0.011404
v 0.239306 0.029962 -0.014369
v 0.239306 0.034760 -0.015929
v 0.244509 0.039589 -0.014558
v 0.244509 0.043975 -0.013133
v 0.244509 0.047706 -0.010423
v 0.244509 0.050417 -0.006692
v 0.244509 0.051842 -0.002306
v 0.244509 0.051842 0.002306
v 0.244509 0.050417 0.006692
v 0.244509 0.047706 0.010423
v 0.244509 0.043975 0.013133
v 0.244509 0.039589 0.014558
v 0.244509 0.034977 0.014558
v 0.244509 0.030591 0.013133
v 0.244509 0.026861 0.010423
v 0.244509 0.024150 0.006692
v 0.244509 0.022725 0.002306
v 0.244509 0.022725 -0.002306
v 0.244509 0.024150 -0.006692
v 0.244509 0.026861 -0.010423
v 0.244509 0.030591 -0.013133
v 0.244509 0.034977 -0.014558
v 0.247630 0.039236 -0.012332
v 0.247630 0.042952 -0.011125
v 0.247630 0.046112 -0.008829
v 0.247630 0.048408 -0.005668
v 0.247630 0.049615 -0.001953
v 0.247630 0.049615 0.001953
v 0.247630 0.048408 0.005668
v 0.247630 0.046112 0.008829
v 0.247630 0.042952 0.011125
v 0.247630 0.039236 0.012332
v 0.247630 0.035330 0.012332
v 0.247630 0.031615 0.011125
v 0.247630 0.028455 0.008829
v 0.247630 0.026159 0.005668
v 0.247630 0.024951 0.001953
v 0.247630 0.024951 -0.001953
v 0.247630 0.026159 -0.005668
v 0.247630 0.028455 -0.008829
v 0.247630 0.031615 -0.011125
v 0.247630 0.035330 -0.012332
v 0.248497 0.038911 -0.010277
v 0.248497 0.042007 -0.009271
v 0.248497 0.044640 -0.007357
v 0.248497 0.046554 -0.004724
v 0.248497 0.047560 -0.001628
v 0.248497 0.047560 0.001628
v 0.248497 0.046554 0.004724
v 0.248497 0.044640 0.007357
v 0.248497 0.042007 0.009271
v 0.248497 0.038911 0.010277
v 0.248497 0.035656 0.010277
v 0.248497 0.032560 0.009271
v 0.248497 0.029926 0.007357
v 0.248497 0.028013 0.004724
v 0.248497 0.027007 0.001628
v 0.248497 0.027007 -0.001628
v 0.248497 0.028013 -0.004724
v 0.248497 0.029926 -0.007357
v 0.248497 0.032560 -0.009271
v 0.248497 0.035656 -0.010277
v 0.249017 0.037283 0.000000
vn 0.0031 0.1564 -0.9877
vn 0.0031 0.4540 -0.8910
vn 0.0031 0.7071 -0.7071
vn 0.0031 0.8910 -0.4540
vn 0.0031 0.9877 -0.1564
vn 0.0031 0.9877 0.1564
vn 0.0031 0.8910 0.4540
vn 0.0031 0.7071 0.7071
vn 0.0031 0.4540 0.8910
vn 0.0031 0.1564 0.9877
vn 0.0031 -0.1564 0.9877
vn 0.0031 -0.4540 0.8910
vn 0.0031 -0.7071 0.7071
vn 0.0031 -0.8910 0.4540
vn 0.0031 -0.9877 0.1564
vn 0.0031 -0.9877 -0.1564
vn 0.0031 -0.8910 -0.4540
vn 0.0031 -0.7071 -0.7071
vn 0.0031 -0.4540 -0.8910
vn 0.0031 -0.1564 -0.9877
vn -0.9744 0.0352 -0.2221
vn -0.9744 0.1021 -0.2003
vn -0.9744 0.1590 -0.1590
vn -0.9744 0.2004 -0.1021
vn -0.9744 0.2221 -0.0352
vn -0.9744 0.2221 0.0352
vn -0.9744 0.2004 0.1021
vn -0.9744 0.1590 0.1590
vn -0.9744 0.1021 0.2003
vn -0.9744 0.0352 0.2221
vn -0.9744 -0.0352 0.2221
vn -0.9744 -0.1021 0.2003
vn -0.9744 -0.1590 0.1590
vn -0.9744 -0.2004 0.1021
vn -0.9744 -0.2221 0.0352
vn -0.9744 -0.2221 -0.0352
vn -0.9744 -0.2004 -0.1021
vn -0.9744 -0.1590 -0.1590
vn -0.9744 -0.1021 -0.2003
vn -0.9744 -0.0352 -0.2221
vn -0.0000 0.1564 -0.9877
vn -0.0000 0.4540 -0.8910
vn -0.0000 0.7071 -0.7071
vn -0.0000 0.8910 -0.4540
vn -0.0000 0.9877 -0.1564
vn -0.0000 0.9877 0.1564
vn -0.0000 0.8910 0.4540
vn -0.0000 0.7071 0.7071
vn -0.0000 0.4540 0.8910
vn -0.0000 0.1564 0.9877
vn -0.0000 -0.1564 0.9877
vn -0.0000 -0.4540 0.8910
vn -0.0000 -0.7071 0.7071
vn -0.0000 -0.8910 0.4540
vn -0.0000 -0.9877 0.1564
vn -0.0000 -0.9877 -0.1564
vn -0.0000 -0.8910 -0.4540
vn -0.0000 -0.7071 -0.7071
vn -0.0000 -0.4540 -0.8910
vn -0.0000 -0.1564 -0.9877
vn 0.9744 0.0352 -0.2221
vn 0.9744 0.1021 -0.2003
vn 0.9744 0.1590 -0.1590
vn 0.9744 0.2004 -0.1021
vn 0.9744 0.2221 -0.0352
vn 0.9744 0.2221 0.0352
vn 0.9744 0.2004 0.1021
vn 0.9744 0.1590 0.1590
vn 0.9744 0.1021 0.2003
vn 0.9744 0.0352 0.2221
vn 0.9744 -0.0352 0.2221
vn 0.9744 -0.1021 0.2003
vn 0.9744 -0.1590 0.1590
vn 0.9744 -0.2004 0.1021
vn 0.9744 -0.2221 0.0352
vn 0.9744 -0.2221 -0.0352
vn 0.9744 -0.2004 -0.1021
vn 0.9744 -0.1590 -0.1590
vn 0.9744 -0.1021 -0.2003
vn 0.9744 -0.0352 -0.2221
vn 0.1322 0.1551 -0.9790
vn 0.1322 0.4500 -0.8832
vn 0.1322 0.7009 -0.7009
vn 0.1322 0.8832 -0.4500
vn 0.1322 0.9790 -0.1551
vn 0.1322 0.9790 0.1551
vn 0.1322 0.8832 0.4500
vn 0.1322 0.7009 0.7009
vn 0.1322 0.4500 0.8832
vn 0.1322 0.1551 0.9790
vn 0.1322 -0.1551 0.9790
vn 0.1322 -0.4500 0.8832
vn 0.1322 -0.7009 0.7009
vn 0.1322 -0.8832 0.4500
vn 0.1322 -0.9790 0.1551
vn 0.1322 -0.9790 -0.1551
vn 0.1322 -0.8832 -0.4500
vn 0.1322 -0.7009 -0.7009
vn 0.1322 -0.4500 -0.8832
vn 0.1322 -0.1551 -0.9790
vn 0.9701 0.0379 -0.2395
vn 0.9701 0.1101 -0.2161
vn 0.9701 0.1715 -0.1715
vn 0.9701 0.2161 -0.1101
vn 0.9701 0.2395 -0.0379
vn 0.9701 0.2395 0.0379
vn 0.9701 0.2161 0.1101
vn 0.9701 0.1715 0.1715
vn 0.9701 0.1101 0.2161
vn 0.9701 0.0379 0.2395
vn 0.9701 -0.0379 0.2395
vn 0.9701 -0.1101 0.2161
vn 0.9701 -0.1715 0.1715
vn 0.9701 -0.2161 0.1101
vn 0.9701 -0.2395 0.0379
vn 0.9701 -0.2395 -0.0379
vn 0.9701 -0.2161 -0.1101
vn 0.9701 -0.1715 -0.1715
vn 0.9701 -0.1101 -0.2161
vn 0.9701 -0.0379 -0.2395
vn -0.9864 0.0257 -0.1624
vn -0.9864 0.0746 -0.1465
vn -0.9864 0.1163 -0.1163
vn -0.9864 0.1465 -0.0746
vn -0.9864 0.1624 -0.0257
vn -0.9864 0.1624 0.0257
vn -0.9864 0.1465 0.0746
vn -0.9864 0.1163 0.1163
vn -0.9864 0.0746 0.1465
vn -0.9864 0.0257 0.1624
vn -0.9864 -0.0257 0.1624
vn -0.9864 -0.0746 0.1465
vn -0.9864 -0.1163 0.1163
vn -0.9864 -0.1465 0.0746
vn -0.9864 -0.1624 0.0257
vn -0.9864 -0.1624 -0.0257
vn -0.9864 -0.1465 -0.0746
vn -0.9864 -0.1163 -0.1163
vn -0.9864 -0.0746 -0.1465
vn -0.9864 -0.0257 -0.1624
vn 0.9975 0.0111 -0.0704
vn 0.9975 0.0323 -0.0635
vn 0.9975 0.0504 -0.0504
vn 0.9975 0.0635 -0.0323
vn 0.9975 0.0704 -0.0111
vn 0.9975 0.0704 0.0111
vn 0.9975 0.0635 0.0323
vn 0.9975 0.0504 0.0504
vn 0.9975 0.0323 0.0635
vn 0.9975 0.0111 0.0704
vn 0.9975 -0.0111 0.0704
vn 0.9975 -0.0323 0.0635
vn 0.9975 -0.0504 0.0504
vn 0.9975 -0.0635 0.0323
vn 0.9975 -0.0704 0.0111
vn 0.9975 -0.0704 -0.0111
vn 0.9975 -0.0635 -0.0323
vn 0.9975 -0.0504 -0.0504
vn 0.9975 -0.0323 -0.0635
vn 0.9975 -0.0111 -0.0704
vn 0.0963 0.1557 -0.9831
vn 0.0963 0.4519 -0.8869
vn 0.1762 0.4469 -0.8771
vn 0.1762 0.1540 -0.9722
vn 0.0963 0.7038 -0.7038
vn 0.1762 0.6960 -0.6960
vn 0.0963 0.8869 -0.4519
vn 0.1762 0.8771 -0.4469
vn 0.0963 0.9831 -0.1557
vn 0.1762 0.9722 -0.1540
vn 0.0963 0.9831 0.1557
vn 0.1762 0.9722 0.1540
vn 0.0963 0.8869 0.4519
vn 0.1762 0.8771 0.4469
vn 0.0963 0.7038 0.7038
vn 0.1762 0.6960 0.6960
vn 0.0963 0.4519 0.8869
vn 0.1762 0.4469 0.8771
vn 0.0963 0.1557 0.9831
vn 0.1762 0.1540 0.9722
vn 0.0963 -0.1557 0.9831
vn 0.1762 -0.1540 0.9722
vn 0.0963 -0.4519 0.8869
vn 0.1762 -0.4469 0.8771
vn 0.0963 -0.7038 0.7038
vn 0.1762 -0.6960 0.6960
vn 0.0963 -0.8869 0.4519
vn 0.1762 -0.8771 0.4469
vn 0.0963 -0.9831 0.1557
vn 0.1762 -0.9722 0.1540
vn 0.0963 -0.9831 -0.1557
vn 0.1762 -0.9722 -0.1540
vn 0.0963 -0.8869 -0.4519
vn 0.1762 -0.8771 -0.4469
vn 0.0963 -0.7038 -0.7038
vn 0.1762 -0.6960 -0.6960
vn 0.0963 -0.4519 -0.8869
vn 0.1762 -0.4469 -0.8771
vn 0.0963 -0.1557 -0.9831
vn 0.1762 -0.1540 -0.9722
vn 0.4218 0.4116 -0.8078
vn 0.4218 0.1418 -0.8955
vn 0.4218 0.6411 -0.6411
vn 0.4218 0.8078 -0.4116
vn 0.4218 0.8955 -0.1418
vn 0.4218 0.8955 0.1418
vn 0.4218 0.8078 0.4116
vn 0.4218 0.6411 0.6411
vn 0.4218 0.4116 0.8078
vn 0.4218 0.1418 0.8955
vn 0.4218 -0.1418 0.8955
vn 0.4218 -0.4116 0.8078
vn 0.4218 -0.6411 0.6411
vn 0.4218 -0.8078 0.4116
vn 0.4218 -0.8955 0.1418
vn 0.4218 -0.8955 -0.1418
vn 0.4218 -0.8078 -0.4116
vn 0.4218 -0.6411 -0.6411
vn 0.4218 -0.4116 -0.8078
vn 0.4218 -0.1418 -0.8955
vn 0.7707 0.2893 -0.5677
vn 0.7707 0.0997 -0.6293
vn 0.7707 0.4505 -0.4505
vn 0.7707 0.5677 -0.2893
vn 0.7707 0.6293 -0.0997
vn 0.7707 0.6293 0.0997
vn 0.7707 0.5677 0.2893
vn 0.7707 0.4505 0.4505
vn 0.7707 0.2893 0.5677
vn 0.7707 0.0997 0.6293
vn 0.7707 -0.0997 0.6293
vn 0.7707 -0.2893 0.5677
vn 0.7707 -0.4505 0.4505
vn 0.7707 -0.5677 0.2893
vn 0.7707 -0.6293 0.0997
vn 0.7707 -0.6293 -0.0997
vn 0.7707 -0.5677 -0.2893
vn 0.7707 -0.4505 -0.4505
vn 0.7707 -0.2893 -0.5677
vn 0.7707 -0.0997 -0.6293
vn 0.9716 0.1075 -0.2109
vn 0.9716 0.0370 -0.2338
vn 0.9716 0.1674 -0.1674
vn 0.9716 0.2109 -0.1075
vn 0.9716 0.2338 -0.0370
vn 0.9716 0.2338 0.0370
vn 0.9716 0.2109 0.1075
vn 0.9716 0.1674 0.1674
vn 0.9716 0.1075 0.2109
vn 0.9716 0.0370 0.2338
vn 0.9716 -0.0370 0.2338
vn 0.9716 -0.1075 0.2109
vn 0.9716 -0.1674 0.1674
vn 0.9716 -0.2109 0.1075
vn 0.9716 -0.2338 0.0370
vn 0.9716 -0.2338 -0.0370
vn 0.9716 -0.2109 -0.1075
vn 0.9716 -0.1674 -0.1674
vn 0.9716 -0.1075 -0.2109
vn 0.9716 -0.0370 -0.2338
vn 1.0000 -0.0000 -0.0000
vn -1.0000 -0.0000 -0.0000
s 1
usemtl Chrome_|_polished_body
f 1147//1573 1148//1574 1168//1574 1167//1573
f 1148//1574 1149//1575 1169//1575 1168//1574
f 1149//1575 1150//1576 1170//1576 1169//1575
f 1150//1576 1151//1577 1171//1577 1170//1576
f 1151//1577 1152//1578 1172//1578 1171//1577
f 1152//1578 1153//1579 1173//1579 1172//1578
f 1153//1579 1154//1580 1174//1580 1173//1579
f 1154//1580 1155//1581 1175//1581 1174//1580
f 1155//1581 1156//1582 1176//1582 1175//1581
f 1156//1582 1157//1583 1177//1583 1176//1582
f 1157//1583 1158//1584 1178//1584 1177//1583
f 1158//1584 1159//1585 1179//1585 1178//1584
f 1159//1585 1160//1586 1180//1586 1179//1585
f 1160//1586 1161//1587 1181//1587 1180//1586
f 1161//1587 1162//1588 1182//1588 1181//1587
f 1162//1588 1163//1589 1183//1589 1182//1588
f 1163//1589 1164//1590 1184//1590 1183//1589
f 1164//1590 1165//1591 1185//1591 1184//1590
f 1165//1591 1166//1592 1186//1592 1185//1591
f 1166//1592 1147//1573 1167//1573 1186//1592
f 1167//1593 1168//1594 1188//1594 1187//1593
f 1168//1594 1169//1595 1189//1595 1188//1594
f 1169//1595 1170//1596 1190//1596 1189//1595
f 1170//1596 1171//1597 1191//1597 1190//1596
f 1171//1597 1172//1598 1192//1598 1191//1597
f 1172//1598 1173//1599 1193//1599 1192//1598
f 1173//1599 1174//1600 1194//1600 1193//1599
f 1174//1600 1175//1601 1195//1601 1194//1600
f 1175//1601 1176//1602 1196//1602 1195//1601
f 1176//1602 1177//1603 1197//1603 1196//1602
f 1177//1603 1178//1604 1198//1604 1197//1603
f 1178//1604 1179//1605 1199//1605 1198//1604
f 1179//1605 1180//1606 1200//1606 1199//1605
f 1180//1606 1181//1607 1201//1607 1200//1606
f 1181//1607 1182//1608 1202//1608 1201//1607
f 1182//1608 1183//1609 1203//1609 1202//1608
f 1183//1609 1184//1610 1204//1610 1203//1609
f 1184//1610 1185//1611 1205//1611 1204//1610
f 1185//1611 1186//1612 1206//1612 1205//1611
f 1186//1612 1167//1593 1187//1593 1206//1612
f 1207//1633 1208//1634 1228//1634 1227//1633
f 1208//1634 1209//1635 1229//1635 1228//1634
f 1209//1635 1210//1636 1230//1636 1229//1635
f 1210//1636 1211//1637 1231//1637 1230//1636
f 1211//1637 1212//1638 1232//1638 1231//1637
f 1212//1638 1213//1639 1233//1639 1232//1638
f 1213//1639 1214//1640 1234//1640 1233//1639
f 1214//1640 1215//1641 1235//1641 1234//1640
f 1215//1641 1216//1642 1236//1642 1235//1641
f 1216//1642 1217//1643 1237//1643 1236//1642
f 1217//1643 1218//1644 1238//1644 1237//1643
f 1218//1644 1219//1645 1239//1645 1238//1644
f 1219//1645 1220//1646 1240//1646 1239//1645
f 1220//1646 1221//1647 1241//1647 1240//1646
f 1221//1647 1222//1648 1242//1648 1241//1647
f 1222//1648 1223//1649 1243//1649 1242//1648
f 1223//1649 1224//1650 1244//1650 1243//1649
f 1224//1650 1225//1651 1245//1651 1244//1650
f 1225//1651 1226//1652 1246//1652 1245//1651
f 1226//1652 1207//1633 1227//1633 1246//1652
f 1227//1653 1228//1654 1248//1654 1247//1653
f 1228//1654 1229//1655 1249//1655 1248//1654
f 1229//1655 1230//1656 1250//1656 1249//1655
f 1230//1656 1231//1657 1251//1657 1250//1656
f 1231//1657 1232//1658 1252//1658 1251//1657
f 1232//1658 1233//1659 1253//1659 1252//1658
f 1233//1659 1234//1660 1254//1660 1253//1659
f 1234//1660 1235//1661 1255//1661 1254//1660
f 1235//1661 1236//1662 1256//1662 1255//1661
f 1236//1662 1237//1663 1257//1663 1256//1662
f 1237//1663 1238//1664 1258//1664 1257//1663
f 1238//1664 1239//1665 1259//1665 1258//1664
f 1239//1665 1240//1666 1260//1666 1259//1665
f 1240//1666 1241//1667 1261//1667 1260//1666
f 1241//1667 1242//1668 1262//1668 1261//1667
f 1242//1668 1243//1669 1263//1669 1262//1668
f 1243//1669 1244//1670 1264//1670 1263//1669
f 1244//1670 1245//1671 1265//1671 1264//1670
f 1245//1671 1246//1672 1266//1672 1265//1671
f 1246//1672 1227//1653 1247//1653 1266//1672
f 1247//1673 1248//1674 1268//1674 1267//1673
f 1248//1674 1249//1675 1269//1675 1268//1674
f 1249//1675 1250//1676 1270//1676 1269//1675
f 1250//1676 1251//1677 1271//1677 1270//1676
f 1251//1677 1252//1678 1272//1678 1271//1677
f 1252//1678 1253//1679 1273//1679 1272//1678
f 1253//1679 1254//1680 1274//1680 1273//1679
f 1254//1680 1255//1681 1275//1681 1274//1680
f 1255//1681 1256//1682 1276//1682 1275//1681
f 1256//1682 1257//1683 1277//1683 1276//1682
f 1257//1683 1258//1684 1278//1684 1277//1683
f 1258//1684 1259//1685 1279//1685 1278//1684
f 1259//1685 1260//1686 1280//1686 1279//1685
f 1260//1686 1261//1687 1281//1687 1280//1686
f 1261//1687 1262//1688 1282//1688 1281//1687
f 1262//1688 1263//1689 1283//1689 1282//1688
f 1263//1689 1264//1690 1284//1690 1283//1689
f 1264//1690 1265//1691 1285//1691 1284//1690
f 1265//1691 1266//1692 1286//1692 1285//1691
f 1266//1692 1247//1673 1267//1673 1286//1692
f 1327//1733 1328//1734 1348//1735 1347//1736
f 1328//1734 1329//1737 1349//1738 1348//1735
f 1329//1737 1330//1739 1350//1740 1349//1738
f 1330//1739 1331//1741 1351//1742 1350//1740
f 1331//1741 1332//1743 1352//1744 1351//1742
f 1332//1743 1333//1745 1353//1746 1352//1744
f 1333//1745 1334//1747 1354//1748 1353//1746
f 1334//1747 1335//1749 1355//1750 1354//1748
f 1335//1749 1336//1751 1356//1752 1355//1750
f 1336//1751 1337//1753 1357//1754 1356//1752
f 1337//1753 1338//1755 1358//1756 1357//1754
f 1338//1755 1339//1757 1359//1758 1358//1756
f 1339//1757 1340//1759 1360//1760 1359//1758
f 1340//1759 1341//1761 1361//1762 1360//1760
f 1341//1761 1342//1763 1362//1764 1361//1762
f 1342//1763 1343//1765 1363//1766 1362//1764
f 1343//1765 1344//1767 1364//1768 1363//1766
f 1344//1767 1345//1769 1365//1770 1364//1768
f 1345//1769 1346//1771 1366//1772 1365//1770
f 1346//1771 1327//1733 1347//1736 1366//1772
f 1347//1736 1348//1735 1368//1773 1367//1774
f 1348//1735 1349//1738 1369//1775 1368//1773
f 1349//1738 1350//1740 1370//1776 1369//1775
f 1350//1740 1351//1742 1371//1777 1370//1776
f 1351//1742 1352//1744 1372//1778 1371//1777
f 1352//1744 1353//1746 1373//1779 1372//1778
f 1353//1746 1354//1748 1374//1780 1373//1779
f 1354//1748 1355//1750 1375//1781 1374//1780
f 1355//1750 1356//1752 1376//1782 1375//1781
f 1356//1752 1357//1754 1377//1783 1376//1782
f 1357//1754 1358//1756 1378//1784 1377//1783
f 1358//1756 1359//1758 1379//1785 1378//1784
f 1359//1758 1360//1760 1380//1786 1379//1785
f 1360//1760 1361//1762 1381//1787 1380//1786
f 1361//1762 1362//1764 1382//1788 1381//1787
f 1362//1764 1363//1766 1383//1789 1382//1788
f 1363//1766 1364//1768 1384//1790 1383//1789
f 1364//1768 1365//1770 1385//1791 1384//1790
f 1365//1770 1366//1772 1386//1792 1385//1791
f 1366//1772 1347//1736 1367//1774 1386//1792
f 1367//1774 1368//1773 1388//1793 1387//1794
f 1368//1773 1369//1775 1389//1795 1388//1793
f 1369//1775 1370//1776 1390//1796 1389//1795
f 1370//1776 1371//1777 1391//1797 1390//1796
f 1371//1777 1372//1778 1392//1798 1391//1797
f 1372//1778 1373//1779 1393//1799 1392//1798
f 1373//1779 1374//1780 1394//1800 1393//1799
f 1374//1780 1375//1781 1395//1801 1394//1800
f 1375//1781 1376//1782 1396//1802 1395//1801
f 1376//1782 1377//1783 1397//1803 1396//1802
f 1377//1783 1378//1784 1398//1804 1397//1803
f 1378//1784 1379//1785 1399//1805 1398//1804
f 1379//1785 1380//1786 1400//1806 1399//1805
f 1380//1786 1381//1787 1401//1807 1400//1806
f 1381//1787 1382//1788 1402//1808 1401//1807
f 1382//1788 1383//1789 1403//1809 1402//1808
f 1383//1789 1384//1790 1404//1810 1403//1809
f 1384//1790 1385//1791 1405//1811 1404//1810
f 1385//1791 1386//1792 1406//1812 1405//1811
f 1386//1792 1367//1774 1387//1794 1406//1812
f 1147//1834 1166//1834 1165//1834 1164//1834 1163//1834 1162//1834 1161//1834 1160//1834 1159//1834 1158//1834 1157//1834 1156//1834 1155//1834 1154//1834 1153//1834 1152//1834 1151//1834 1150//1834 1149//1834 1148//1834
usemtl Glow_|_violet_neon
f 1267//1693 1268//1694 1288//1694 1287//1693
f 1268//1694 1269//1695 1289//1695 1288//1694
f 1269//1695 1270//1696 1290//1696 1289//1695
f 1270//1696 1271//1697 1291//1697 1290//1696
f 1271//1697 1272//1698 1292//1698 1291//1697
f 1272//1698 1273//1699 1293//1699 1292//1698
f 1273//1699 1274//1700 1294//1700 1293//1699
f 1274//1700 1275//1701 1295//1701 1294//1700
f 1275//1701 1276//1702 1296//1702 1295//1701
f 1276//1702 1277//1703 1297//1703 1296//1702
f 1277//1703 1278//1704 1298//1704 1297//1703
f 1278//1704 1279//1705 1299//1705 1298//1704
f 1279//1705 1280//1706 1300//1706 1299//1705
f 1280//1706 1281//1707 1301//1707 1300//1706
f 1281//1707 1282//1708 1302//1708 1301//1707
f 1282//1708 1283//1709 1303//1709 1302//1708
f 1283//1709 1284//1710 1304//1710 1303//1709
f 1284//1710 1285//1711 1305//1711 1304//1710
f 1285//1711 1286//1712 1306//1712 1305//1711
f 1286//1712 1267//1693 1287//1693 1306//1712
f 1287//1613 1288//1614 1308//1614 1307//1613
f 1288//1614 1289//1615 1309//1615 1308//1614
f 1289//1615 1290//1616 1310//1616 1309//1615
f 1290//1616 1291//1617 1311//1617 1310//1616
f 1291//1617 1292//1618 1312//1618 1311//1617
f 1292//1618 1293//1619 1313//1619 1312//1618
f 1293//1619 1294//1620 1314//1620 1313//1619
f 1294//1620 1295//1621 1315//1621 1314//1620
f 1295//1621 1296//1622 1316//1622 1315//1621
f 1296//1622 1297//1623 1317//1623 1316//1622
f 1297//1623 1298//1624 1318//1624 1317//1623
f 1298//1624 1299//1625 1319//1625 1318//1624
f 1299//1625 1300//1626 1320//1626 1319//1625
f 1300//1626 1301//1627 1321//1627 1320//1626
f 1301//1627 1302//1628 1322//1628 1321//1627
f 1302//1628 1303//1629 1323//1629 1322//1628
f 1303//1629 1304//1630 1324//1630 1323//1629
f 1304//1630 1305//1631 1325//1631 1324//1630
f 1305//1631 1306//1632 1326//1632 1325//1631
f 1306//1632 1287//1613 1307//1613 1326//1632
f 1307//1713 1308//1714 1328//1714 1327//1713
f 1308//1714 1309//1715 1329//1715 1328//1714
f 1309//1715 1310//1716 1330//1716 1329//1715
f 1310//1716 1311//1717 1331//1717 1330//1716
f 1311//1717 1312//1718 1332//1718 1331//1717
f 1312//1718 1313//1719 1333//1719 1332//1718
f 1313//1719 1314//1720 1334//1720 1333//1719
f 1314//1720 1315//1721 1335//1721 1334//1720
f 1315//1721 1316//1722 1336//1722 1335//1721
f 1316//1722 1317//1723 1337//1723 1336//1722
f 1317//1723 1318//1724 1338//1724 1337//1723
f 1318//1724 1319//1725 1339//1725 1338//1724
f 1319//1725 1320//1726 1340//1726 1339//1725
f 1320//1726 1321//1727 1341//1727 1340//1726
f 1321//1727 1322//1728 1342//1728 1341//1727
f 1322//1728 1323//1729 1343//1729 1342//1728
f 1323//1729 1324//1730 1344//1730 1343//1729
f 1324//1730 1325//1731 1345//1731 1344//1730
f 1325//1731 1326//1732 1346//1732 1345//1731
f 1326//1732 1307//1713 1327//1713 1346//1732
f 1387//1794 1388//1793 1408//1813 1407//1814
f 1388//1793 1389//1795 1409//1815 1408//1813
f 1389//1795 1390//1796 1410//1816 1409//1815
f 1390//1796 1391//1797 1411//1817 1410//1816
f 1391//1797 1392//1798 1412//1818 1411//1817
f 1392//1798 1393//1799 1413//1819 1412//1818
f 1393//1799 1394//1800 1414//1820 1413//1819
f 1394//1800 1395//1801 1415//1821 1414//1820
f 1395//1801 1396//1802 1416//1822 1415//1821
f 1396//1802 1397//1803 1417//1823 1416//1822
f 1397//1803 1398//1804 1418//1824 1417//1823
f 1398//1804 1399//1805 1419//1825 1418//1824
f 1399//1805 1400//1806 1420//1826 1419//1825
f 1400//1806 1401//1807 1421//1827 1420//1826
f 1401//1807 1402//1808 1422//1828 1421//1827
f 1402//1808 1403//1809 1423//1829 1422//1828
f 1403//1809 1404//1810 1424//1830 1423//1829
f 1404//1810 1405//1811 1425//1831 1424//1830
f 1405//1811 1406//1812 1426//1832 1425//1831
f 1406//1812 1387//1794 1407//1814 1426//1832
f 1407//1814 1408//1813 1427//1833
f 1408//1813 1409//1815 1427//1833
f 1409//1815 1410//1816 1427//1833
f 1410//1816 1411//1817 1427//1833
f 1411//1817 1412//1818 1427//1833
f 1412//1818 1413//1819 1427//1833
f 1413//1819 1414//1820 1427//1833
f 1414//1820 1415//1821 1427//1833
f 1415//1821 1416//1822 1427//1833
f 1416//1822 1417//1823 1427//1833
f 1417//1823 1418//1824 1427//1833
f 1418//1824 1419//1825 1427//1833
f 1419//1825 1420//1826 1427//1833
f 1420//1826 1421//1827 1427//1833
f 1421//1827 1422//1828 1427//1833
f 1422//1828 1423//1829 1427//1833
f 1423//1829 1424//1830 1427//1833
f 1424//1830 1425//1831 1427//1833
f 1425//1831 1426//1832 1427//1833
f 1426//1832 1407//1814 1427//1833
usemtl Chrome_|_violet_anodized
f 1187//1613 1188//1614 1208//1614 1207//1613
f 1188//1614 1189//1615 1209//1615 1208//1614
f 1189//1615 1190//1616 1210//1616 1209//1615
f 1190//1616 1191//1617 1211//1617 1210//1616
f 1191//1617 1192//1618 1212//1618 1211//1617
f 1192//1618 1193//1619 1213//1619 1212//1618
f 1193//1619 1194//1620 1214//1620 1213//1619
f 1194//1620 1195//1621 1215//1621 1214//1620
f 1195//1621 1196//1622 1216//1622 1215//1621
f 1196//1622 1197//1623 1217//1623 1216//1622
f 1197//1623 1198//1624 1218//1624 1217//1623
f 1198//1624 1199//1625 1219//1625 1218//1624
f 1199//1625 1200//1626 1220//1626 1219//1625
f 1200//1626 1201//1627 1221//1627 1220//1626
f 1201//1627 1202//1628 1222//1628 1221//1627
f 1202//1628 1203//1629 1223//1629 1222//1628
f 1203//1629 1204//1630 1224//1630 1223//1629
f 1204//1630 1205//1631 1225//1631 1224//1630
f 1205//1631 1206//1632 1226//1632 1225//1631
f 1206//1632 1187//1613 1207//1613 1226//1632
o Barrel_|_receiver_seam_ring
v 0.089827 0.040539 -0.020553
v 0.089827 0.046730 -0.018541
v 0.089827 0.051998 -0.014714
v 0.089827 0.055824 -0.009447
v 0.089827 0.057836 -0.003255
v 0.089827 0.057836 0.003255
v 0.089827 0.055824 0.009447
v 0.089827 0.051998 0.014714
v 0.089827 0.046730 0.018541
v 0.089827 0.040539 0.020553
v 0.089827 0.034028 0.020553
v 0.089827 0.027836 0.018541
v 0.089827 0.022569 0.014714
v 0.089827 0.018742 0.009447
v 0.089827 0.016730 0.003255
v 0.089827 0.016730 -0.003255
v 0.089827 0.018742 -0.009447
v 0.089827 0.022569 -0.014714
v 0.089827 0.027836 -0.018541
v 0.089827 0.034028 -0.020553
v 0.090173 0.040837 -0.022437
v 0.090173 0.047596 -0.020241
v 0.090173 0.053346 -0.016063
v 0.090173 0.057524 -0.010313
v 0.090173 0.059720 -0.003554
v 0.090173 0.059720 0.003554
v 0.090173 0.057524 0.010313
v 0.090173 0.053346 0.016063
v 0.090173 0.047596 0.020241
v 0.090173 0.040837 0.022437
v 0.090173 0.033730 0.022437
v 0.090173 0.026970 0.020241
v 0.090173 0.021220 0.016063
v 0.090173 0.017042 0.010313
v 0.090173 0.014846 0.003554
v 0.090173 0.014846 -0.003554
v 0.090173 0.017042 -0.010313
v 0.090173 0.021220 -0.016063
v 0.090173 0.026970 -0.020241
v 0.090173 0.033730 -0.022437
v 0.093295 0.040837 -0.022437
v 0.093295 0.047596 -0.020241
v 0.093295 0.053346 -0.016063
v 0.093295 0.057524 -0.010313
v 0.093295 0.059720 -0.003554
v 0.093295 0.059720 0.003554
v 0.093295 0.057524 0.010313
v 0.093295 0.053346 0.016063
v 0.093295 0.047596 0.020241
v 0.093295 0.040837 0.022437
v 0.093295 0.033730 0.022437
v 0.093295 0.026970 0.020241
v 0.093295 0.021220 0.016063
v 0.093295 0.017042 0.010313
v 0.093295 0.014846 0.003554
v 0.093295 0.014846 -0.003554
v 0.093295 0.017042 -0.010313
v 0.093295 0.021220 -0.016063
v 0.093295 0.026970 -0.020241
v 0.093295 0.033730 -0.022437
v 0.093642 0.040539 -0.020553
v 0.093642 0.046730 -0.018541
v 0.093642 0.051998 -0.014714
v 0.093642 0.055824 -0.009447
v 0.093642 0.057836 -0.003255
v 0.093642 0.057836 0.003255
v 0.093642 0.055824 0.009447
v 0.093642 0.051998 0.014714
v 0.093642 0.046730 0.018541
v 0.093642 0.040539 0.020553
v 0.093642 0.034028 0.020553
v 0.093642 0.027836 0.018541
v 0.093642 0.022569 0.014714
v 0.093642 0.018742 0.009447
v 0.093642 0.016730 0.003255
v 0.093642 0.016730 -0.003255
v 0.093642 0.018742 -0.009447
v 0.093642 0.022569 -0.014714
v 0.093642 0.027836 -0.018541
v 0.093642 0.034028 -0.020553
vn -0.9951 0.0154 -0.0975
vn -0.9951 0.0448 -0.0879
vn -0.9839 0.0812 -0.1594
vn -0.9839 0.0280 -0.1767
vn -0.9951 0.0698 -0.0698
vn -0.9839 0.1265 -0.1265
vn -0.9951 0.0879 -0.0448
vn -0.9839 0.1594 -0.0812
vn -0.9951 0.0975 -0.0154
vn -0.9839 0.1767 -0.0280
vn -0.9951 0.0975 0.0154
vn -0.9839 0.1767 0.0280
vn -0.9951 0.0879 0.0448
vn -0.9839 0.1594 0.0812
vn -0.9951 0.0698 0.0698
vn -0.9839 0.1265 0.1265
vn -0.9951 0.0448 0.0879
vn -0.9839 0.0812 0.1594
vn -0.9951 0.0154 0.0975
vn -0.9839 0.0280 0.1767
vn -0.9951 -0.0154 0.0975
vn -0.9839 -0.0280 0.1767
vn -0.9951 -0.0448 0.0879
vn -0.9839 -0.0812 0.1594
vn -0.9951 -0.0698 0.0698
vn -0.9839 -0.1265 0.1265
vn -0.9951 -0.0879 0.0448
vn -0.9839 -0.1594 0.0812
vn -0.9951 -0.0975 0.0154
vn -0.9839 -0.1767 0.0280
vn -0.9951 -0.0975 -0.0154
vn -0.9839 -0.1767 -0.0280
vn -0.9951 -0.0879 -0.0448
vn -0.9839 -0.1594 -0.0812
vn -0.9951 -0.0698 -0.0698
vn -0.9839 -0.1265 -0.1265
vn -0.9951 -0.0448 -0.0879
vn -0.9839 -0.0812 -0.1594
vn -0.9951 -0.0154 -0.0975
vn -0.9839 -0.0280 -0.1767
vn -0.0000 0.1564 -0.9877
vn -0.0000 0.4540 -0.8910
vn -0.0000 0.7071 -0.7071
vn -0.0000 0.8910 -0.4540
vn -0.0000 0.9877 -0.1564
vn -0.0000 0.9877 0.1564
vn -0.0000 0.8910 0.4540
vn -0.0000 0.7071 0.7071
vn -0.0000 0.4540 0.8910
vn -0.0000 0.1564 0.9877
vn -0.0000 -0.1564 0.9877
vn -0.0000 -0.4540 0.8910
vn -0.0000 -0.7071 0.7071
vn -0.0000 -0.8910 0.4540
vn -0.0000 -0.9877 0.1564
vn -0.0000 -0.9877 -0.1564
vn -0.0000 -0.8910 -0.4540
vn -0.0000 -0.7071 -0.7071
vn -0.0000 -0.4540 -0.8910
vn -0.0000 -0.1564 -0.9877
vn 0.9839 0.0280 -0.1767
vn 0.9839 0.0812 -0.1594
vn 0.9951 0.0448 -0.0879
vn 0.9951 0.0154 -0.0975
vn 0.9839 0.1265 -0.1265
vn 0.9951 0.0698 -0.0698
vn 0.9839 0.1594 -0.0812
vn 0.9951 0.0879 -0.0448
vn 0.9839 0.1767 -0.0280
vn 0.9951 0.0975 -0.0154
vn 0.9839 0.1767 0.0280
vn 0.9951 0.0975 0.0154
vn 0.9839 0.1594 0.0812
vn 0.9951 0.0879 0.0448
vn 0.9839 0.1265 0.1265
vn 0.9951 0.0698 0.0698
vn 0.9839 0.0812 0.1594
vn 0.9951 0.0448 0.0879
vn 0.9839 0.0280 0.1767
vn 0.9951 0.0154 0.0975
vn 0.9839 -0.0280 0.1767
vn 0.9951 -0.0154 0.0975
vn 0.9839 -0.0812 0.1594
vn 0.9951 -0.0448 0.0879
vn 0.9839 -0.1265 0.1265
vn 0.9951 -0.0698 0.0698
vn 0.9839 -0.1594 0.0812
vn 0.9951 -0.0879 0.0448
vn 0.9839 -0.1767 0.0280
vn 0.9951 -0.0975 0.0154
vn 0.9839 -0.1767 -0.0280
vn 0.9951 -0.0975 -0.0154
vn 0.9839 -0.1594 -0.0812
vn 0.9951 -0.0879 -0.0448
vn 0.9839 -0.1265 -0.1265
vn 0.9951 -0.0698 -0.0698
vn 0.9839 -0.0812 -0.1594
vn 0.9951 -0.0448 -0.0879
vn 0.9839 -0.0280 -0.1767
vn 0.9951 -0.0154 -0.0975
s 1
usemtl Chrome_|_smoked_seams
f 1428//1835 1429//1836 1449//1837 1448//1838
f 1429//1836 1430//1839 1450//1840 1449//1837
f 1430//1839 1431//1841 1451//1842 1450//1840
f 1431//1841 1432//1843 1452//1844 1451//1842
f 1432//1843 1433//1845 1453//1846 1452//1844
f 1433//1845 1434//1847 1454//1848 1453//1846
f 1434//1847 1435//1849 1455//1850 1454//1848
f 1435//1849 1436//1851 1456//1852 1455//1850
f 1436//1851 1437//1853 1457//1854 1456//1852
f 1437//1853 1438//1855 1458//1856 1457//1854
f 1438//1855 1439//1857 1459//1858 1458//1856
f 1439//1857 1440//1859 1460//1860 1459//1858
f 1440//1859 1441//1861 1461//1862 1460//1860
f 1441//1861 1442//1863 1462//1864 1461//1862
f 1442//1863 1443//1865 1463//1866 1462//1864
f 1443//1865 1444//1867 1464//1868 1463//1866
f 1444//1867 1445//1869 1465//1870 1464//1868
f 1445//1869 1446//1871 1466//1872 1465//1870
f 1446//1871 1447//1873 1467//1874 1466//1872
f 1447//1873 1428//1835 1448//1838 1467//1874
f 1448//1875 1449//1876 1469//1876 1468//1875
f 1449//1876 1450//1877 1470//1877 1469//1876
f 1450//1877 1451//1878 1471//1878 1470//1877
f 1451//1878 1452//1879 1472//1879 1471//1878
f 1452//1879 1453//1880 1473//1880 1472//1879
f 1453//1880 1454//1881 1474//1881 1473//1880
f 1454//1881 1455//1882 1475//1882 1474//1881
f 1455//1882 1456//1883 1476//1883 1475//1882
f 1456//1883 1457//1884 1477//1884 1476//1883
f 1457//1884 1458//1885 1478//1885 1477//1884
f 1458//1885 1459//1886 1479//1886 1478//1885
f 1459//1886 1460//1887 1480//1887 1479//1886
f 1460//1887 1461//1888 1481//1888 1480//1887
f 1461//1888 1462//1889 1482//1889 1481//1888
f 1462//1889 1463//1890 1483//1890 1482//1889
f 1463//1890 1464//1891 1484//1891 1483//1890
f 1464//1891 1465//1892 1485//1892 1484//1891
f 1465//1892 1466//1893 1486//1893 1485//1892
f 1466//1893 1467//1894 1487//1894 1486//1893
f 1467//1894 1448//1875 1468//1875 1487//1894
f 1468//1895 1469//1896 1489//1897 1488//1898
f 1469//1896 1470//1899 1490//1900 1489//1897
f 1470//1899 1471//1901 1491//1902 1490//1900
f 1471//1901 1472//1903 1492//1904 1491//1902
f 1472//1903 1473//1905 1493//1906 1492//1904
f 1473//1905 1474//1907 1494//1908 1493//1906
f 1474//1907 1475//1909 1495//1910 1494//1908
f 1475//1909 1476//1911 1496//1912 1495//1910
f 1476//1911 1477//1913 1497//1914 1496//1912
f 1477//1913 1478//1915 1498//1916 1497//1914
f 1478//1915 1479//1917 1499//1918 1498//1916
f 1479//1917 1480//1919 1500//1920 1499//1918
f 1480//1919 1481//1921 1501//1922 1500//1920
f 1481//1921 1482//1923 1502//1924 1501//1922
f 1482//1923 1483//1925 1503//1926 1502//1924
f 1483//1925 1484//1927 1504//1928 1503//1926
f 1484//1927 1485//1929 1505//1930 1504//1928
f 1485//1929 1486//1931 1506//1932 1505//1930
f 1486//1931 1487//1933 1507//1934 1506//1932
f 1487//1933 1468//1895 1488//1898 1507//1934
f 1428//1835 1447//1873 1446//1871 1445//1869 1444//1867 1443//1865 1442//1863 1441//1861 1440//1859 1439//1857 1438//1855 1437//1853 1436//1851 1435//1849 1434//1847 1433//1845 1432//1843 1431//1841 1430//1839 1429//1836
f 1488//1898 1489//1897 1490//1900 1491//1902 1492//1904 1493//1906 1494//1908 1495//1910 1496//1912 1497//1914 1498//1916 1499//1918 1500//1920 1501//1922 1502//1924 1503//1926 1504//1928 1505//1930 1506//1932 1507//1934
o Rear_spike
v -0.052023 0.041618 0.000000
v -0.038150 0.042606 -0.003685
v -0.038150 0.044316 -0.002698
v -0.038150 0.045304 -0.000987
v -0.038150 0.045304 0.000987
v -0.038150 0.044316 0.002698
v -0.038150 0.042606 0.003685
v -0.038150 0.040631 0.003685
v -0.038150 0.038921 0.002698
v -0.038150 0.037933 0.000987
v -0.038150 0.037933 -0.000987
v -0.038150 0.038921 -0.002698
v -0.038150 0.040631 -0.003685
v -0.029480 0.043593 -0.007370
v -0.029480 0.047014 -0.005395
v -0.029480 0.048989 -0.001975
v -0.029480 0.048989 0.001975
v -0.029480 0.047014 0.005395
v -0.029480 0.043593 0.007370
v -0.029480 0.039644 0.007370
v -0.029480 0.036223 0.005395
v -0.029480 0.034248 0.001975
v -0.029480 0.034248 -0.001975
v -0.029480 0.036223 -0.005395
v -0.029480 0.039644 -0.007370
v -0.028092 0.043952 -0.008710
v -0.028092 0.047995 -0.006376
v -0.028092 0.050329 -0.002334
v -0.028092 0.050329 0.002334
v -0.028092 0.047995 0.006376
v -0.028092 0.043952 0.008710
v -0.028092 0.039285 0.008710
v -0.028092 0.035242 0.006376
v -0.028092 0.032908 0.002334
v -0.028092 0.032908 -0.002334
v -0.028092 0.035242 -0.006376
v -0.028092 0.039285 -0.008710
v -0.021676 0.043952 -0.008710
v -0.021676 0.047995 -0.006376
v -0.021676 0.050329 -0.002334
v -0.021676 0.050329 0.002334
v -0.021676 0.047995 0.006376
v -0.021676 0.043952 0.008710
v -0.021676 0.039285 0.008710
v -0.021676 0.035242 0.006376
v -0.021676 0.032908 0.002334
v -0.021676 0.032908 -0.002334
v -0.021676 0.035242 -0.006376
v -0.021676 0.039285 -0.008710
vn -1.0000 -0.0000 -0.0000
vn -0.3387 0.6653 -0.6653
vn -0.3387 0.2435 -0.9088
vn -0.3387 0.9088 -0.2435
vn -0.3387 0.9088 0.2435
vn -0.3387 0.6653 0.6653
vn -0.3387 0.2435 0.9088
vn -0.3387 -0.2435 0.9088
vn -0.3387 -0.6653 0.6653
vn -0.3387 -0.9088 0.2435
vn -0.3387 -0.9088 -0.2435
vn -0.3387 -0.6653 -0.6653
vn -0.3387 -0.2435 -0.9088
vn -0.5793 0.5764 -0.5764
vn -0.5793 0.2110 -0.7874
vn -0.5793 0.7874 -0.2110
vn -0.5793 0.7874 0.2110
vn -0.5793 0.5764 0.5764
vn -0.5793 0.2110 0.7874
vn -0.5793 -0.2110 0.7874
vn -0.5793 -0.5764 0.5764
vn -0.5793 -0.7874 0.2110
vn -0.5793 -0.7874 -0.2110
vn -0.5793 -0.5764 -0.5764
vn -0.5793 -0.2110 -0.7874
vn -0.7071 0.5000 -0.5000
vn -0.7071 0.1830 -0.6830
vn -0.7071 0.6830 -0.1830
vn -0.7071 0.6830 0.1830
vn -0.7071 0.5000 0.5000
vn -0.7071 0.1830 0.6830
vn -0.7071 -0.1830 0.6830
vn -0.7071 -0.5000 0.5000
vn -0.7071 -0.6830 0.1830
vn -0.7071 -0.6830 -0.1830
vn -0.7071 -0.5000 -0.5000
vn -0.7071 -0.1830 -0.6830
vn -0.0000 0.2588 -0.9659
vn -0.0000 0.7071 -0.7071
vn -0.0000 0.9659 -0.2588
vn -0.0000 0.9659 0.2588
vn -0.0000 0.7071 0.7071
vn -0.0000 0.2588 0.9659
vn -0.0000 -0.2588 0.9659
vn -0.0000 -0.7071 0.7071
vn -0.0000 -0.9659 0.2588
vn -0.0000 -0.9659 -0.2588
vn -0.0000 -0.7071 -0.7071
vn -0.0000 -0.2588 -0.9659
vn 1.0000 -0.0000 -0.0000
s 1
usemtl Chrome_|_polished_body
f 1521//1949 1522//1948 1534//1960 1533//1961
f 1522//1948 1523//1950 1535//1962 1534//1960
f 1523//1950 1524//1951 1536//1963 1535//1962
f 1524//1951 1525//1952 1537//1964 1536//1963
f 1525//1952 1526//1953 1538//1965 1537//1964
f 1526//1953 1527//1954 1539//1966 1538//1965
f 1527//1954 1528//1955 1540//1967 1539//1966
f 1528//1955 1529//1956 1541//1968 1540//1967
f 1529//1956 1530//1957 1542//1969 1541//1968
f 1530//1957 1531//1958 1543//1970 1542//1969
f 1531//1958 1532//1959 1544//1971 1543//1970
f 1532//1959 1521//1949 1533//1961 1544//1971
f 1533//1972 1534//1973 1546//1973 1545//1972
f 1534//1973 1535//1974 1547//1974 1546//1973
f 1535//1974 1536//1975 1548//1975 1547//1974
f 1536//1975 1537//1976 1549//1976 1548//1975
f 1537//1976 1538//1977 1550//1977 1549//1976
f 1538//1977 1539//1978 1551//1978 1550//1977
f 1539//1978 1540//1979 1552//1979 1551//1978
f 1540//1979 1541//1980 1553//1980 1552//1979
f 1541//1980 1542//1981 1554//1981 1553//1980
f 1542//1981 1543//1982 1555//1982 1554//1981
f 1543//1982 1544//1983 1556//1983 1555//1982
f 1544//1983 1533//1972 1545//1972 1556//1983
f 1545//1984 1546//1984 1547//1984 1548//1984 1549//1984 1550//1984 1551//1984 1552//1984 1553//1984 1554//1984 1555//1984 1556//1984
usemtl Chrome_|_violet_anodized
f 1508//1935 1510//1936 1509//1937
f 1508//1935 1511//1938 1510//1936
f 1508//1935 1512//1939 1511//1938
f 1508//1935 1513//1940 1512//1939
f 1508//1935 1514//1941 1513//1940
f 1508//1935 1515//1942 1514//1941
f 1508//1935 1516//1943 1515//1942
f 1508//1935 1517//1944 1516//1943
f 1508//1935 1518//1945 1517//1944
f 1508//1935 1519//1946 1518//1945
f 1508//1935 1520//1947 1519//1946
f 1508//1935 1509//1937 1520//1947
f 1509//1937 1510//1936 1522//1948 1521//1949
f 1510//1936 1511//1938 1523//1950 1522//1948
f 1511//1938 1512//1939 1524//1951 1523//1950
f 1512//1939 1513//1940 1525//1952 1524//1951
f 1513//1940 1514//1941 1526//1953 1525//1952
f 1514//1941 1515//1942 1527//1954 1526//1953
f 1515//1942 1516//1943 1528//1955 1527//1954
f 1516//1943 1517//1944 1529//1956 1528//1955
f 1517//1944 1518//1945 1530//1957 1529//1956
f 1518//1945 1519//1946 1531//1958 1530//1957
f 1519//1946 1520//1947 1532//1959 1531//1958
f 1520//1947 1509//1937 1521//1949 1532//1959
o Fin_|_rear_swept
v -0.035029 0.069711 0.005000
v -0.036159 0.071734 0.005000
v -0.037141 0.073581 0.005000
v -0.038065 0.075357 0.005000
v -0.039017 0.077168 0.005000
v -0.034643 0.075582 0.005000
v -0.030387 0.073952 0.005000
v -0.025895 0.072411 0.005000
v -0.020809 0.071098 0.005000
v -0.014880 0.070028 0.005000
v -0.009608 0.069433 0.005000
v -0.004300 0.069150 0.005000
v 0.001734 0.069017 0.005000
v 0.007274 0.069154 0.005000
v 0.012138 0.069585 0.005000
v 0.017003 0.070036 0.005000
v 0.022543 0.070231 0.005000
v 0.026113 0.070127 0.005000
v 0.029329 0.069898 0.005000
v 0.032404 0.069619 0.005000
v 0.035549 0.069364 0.005000
v 0.033259 0.068467 0.005000
v 0.031031 0.067551 0.005000
v 0.028678 0.066674 0.005000
v 0.026012 0.065896 0.005000
v 0.021911 0.065072 0.005000
v 0.018252 0.064624 0.005000
v 0.014572 0.064292 0.005000
v 0.010405 0.063815 0.005000
v 0.005290 0.063257 0.005000
v 0.000767 0.062875 0.005000
v -0.003706 0.062269 0.005000
v -0.008671 0.061040 0.005000
v -0.011817 0.059915 0.005000
v -0.014486 0.058668 0.005000
v -0.017066 0.057219 0.005000
v -0.019942 0.055491 0.005000
v -0.021171 0.054697 0.005000
v -0.022238 0.053918 0.005000
v -0.023242 0.053146 0.005000
v -0.024277 0.052370 0.005000
v -0.025538 0.054383 0.005000
v -0.026771 0.056351 0.005000
v -0.028059 0.058409 0.005000
v -0.029480 0.060694 0.005000
v -0.030976 0.063081 0.005000
v -0.032299 0.065176 0.005000
v -0.033600 0.067284 0.005000
v -0.035029 0.069711 -0.005000
v -0.036159 0.071734 -0.005000
v -0.037141 0.073581 -0.005000
v -0.038065 0.075357 -0.005000
v -0.039017 0.077168 -0.005000
v -0.034643 0.075582 -0.005000
v -0.030387 0.073952 -0.005000
v -0.025895 0.072411 -0.005000
v -0.020809 0.071098 -0.005000
v -0.014880 0.070028 -0.005000
v -0.009608 0.069433 -0.005000
v -0.004300 0.069150 -0.005000
v 0.001734 0.069017 -0.005000
v 0.007274 0.069154 -0.005000
v 0.012138 0.069585 -0.005000
v 0.017003 0.070036 -0.005000
v 0.022543 0.070231 -0.005000
v 0.026113 0.070127 -0.005000
v 0.029329 0.069898 -0.005000
v 0.032404 0.069619 -0.005000
v 0.035549 0.069364 -0.005000
v 0.033259 0.068467 -0.005000
v 0.031031 0.067551 -0.005000
v 0.028678 0.066674 -0.005000
v 0.026012 0.065896 -0.005000
v 0.021911 0.065072 -0.005000
v 0.018252 0.064624 -0.005000
v 0.014572 0.064292 -0.005000
v 0.010405 0.063815 -0.005000
v 0.005290 0.063257 -0.005000
v 0.000767 0.062875 -0.005000
v -0.003706 0.062269 -0.005000
v -0.008671 0.061040 -0.005000
v -0.011817 0.059915 -0.005000
v -0.014486 0.058668 -0.005000
v -0.017066 0.057219 -0.005000
v -0.019942 0.055491 -0.005000
v -0.021171 0.054697 -0.005000
v -0.022238 0.053918 -0.005000
v -0.023242 0.053146 -0.005000
v -0.024277 0.052370 -0.005000
v -0.025538 0.054383 -0.005000
v -0.026771 0.056351 -0.005000
v -0.028059 0.058409 -0.005000
v -0.029480 0.060694 -0.005000
v -0.030976 0.063081 -0.005000
v -0.032299 0.065176 -0.005000
v -0.033600 0.067284 -0.005000
v -0.035949 0.069183 -0.004561
v -0.036330 0.068965 -0.003500
v -0.036330 0.068965 0.003500
v -0.035949 0.069183 0.004561
v -0.037090 0.071227 -0.004561
v -0.037476 0.071016 -0.003500
v -0.037476 0.071016 0.003500
v -0.037090 0.071227 0.004561
v -0.038080 0.073087 -0.004561
v -0.038469 0.072882 -0.003500
v -0.038469 0.072882 0.003500
v -0.038080 0.073087 0.004561
v -0.039004 0.074865 -0.004561
v -0.039394 0.074661 -0.003500
v -0.039394 0.074661 0.003500
v -0.039004 0.074865 0.004561
v -0.041232 0.079098 -0.004561
v -0.042149 0.079898 -0.003500
v -0.042149 0.079898 0.003500
v -0.041232 0.079098 0.004561
v -0.034273 0.076576 -0.004561
v -0.034119 0.076988 -0.003500
v -0.034119 0.076988 0.003500
v -0.034273 0.076576 0.004561
v -0.030025 0.074949 -0.004561
v -0.029876 0.075362 -0.003500
v -0.029876 0.075362 0.003500
v -0.030025 0.074949 0.004561
v -0.025589 0.073428 -0.004561
v -0.025463 0.073849 -0.003500
v -0.025463 0.073849 0.003500
v -0.025589 0.073428 0.004561
v -0.020582 0.072135 -0.004561
v -0.020488 0.072565 -0.003500
v -0.020488 0.072565 0.003500
v -0.020582 0.072135 0.004561
v -0.014726 0.071078 -0.004561
v -0.014663 0.071513 -0.003500
v -0.014663 0.071513 0.003500
v -0.014726 0.071078 0.004561
v -0.009520 0.070490 -0.004561
v -0.009484 0.070928 -0.003500
v -0.009484 0.070928 0.003500
v -0.009520 0.070490 0.004561
v -0.004260 0.070210 -0.004561
v -0.004244 0.070649 -0.003500
v -0.004244 0.070649 0.003500
v -0.004260 0.070210 0.004561
v 0.001733 0.070078 -0.004561
v 0.001732 0.070518 -0.003500
v 0.001732 0.070518 0.003500
v 0.001733 0.070078 0.004561
v 0.007214 0.070213 -0.004561
v 0.007189 0.070652 -0.003500
v 0.007189 0.070652 0.003500
v 0.007214 0.070213 0.004561
v 0.012042 0.070642 -0.004561
v 0.012003 0.071079 -0.003500
v 0.012003 0.071079 0.003500
v 0.012042 0.070642 0.004561
v 0.016935 0.071095 -0.004561
v 0.016907 0.071534 -0.003500
v 0.016907 0.071534 0.003500
v 0.016935 0.071095 0.004561
v 0.022540 0.071292 -0.004561
v 0.022539 0.071732 -0.003500
v 0.022539 0.071732 0.003500
v 0.022540 0.071292 0.004561
v 0.026166 0.071187 -0.004561
v 0.026188 0.071626 -0.003500
v 0.026188 0.071626 0.003500
v 0.026166 0.071187 0.004561
v 0.029415 0.070955 -0.004561
v 0.029450 0.071393 -0.003500
v 0.029450 0.071393 0.003500
v 0.029415 0.070955 0.004561
v 0.032494 0.070675 -0.004561
v 0.032532 0.071113 -0.003500
v 0.032532 0.071113 0.003500
v 0.032494 0.070675 0.004561
v 0.040212 0.070051 -0.004561
v 0.042144 0.070336 -0.003500
v 0.042144 0.070336 0.003500
v 0.040212 0.070051 0.004561
v 0.033654 0.067483 -0.004561
v 0.033818 0.067075 -0.003500
v 0.033818 0.067075 0.003500
v 0.033654 0.067483 0.004561
v 0.031418 0.066563 -0.004561
v 0.031579 0.066154 -0.003500
v 0.031579 0.066154 0.003500
v 0.031418 0.066563 0.004561
v 0.029012 0.065666 -0.004561
v 0.029151 0.065249 -0.003500
v 0.029151 0.065249 0.003500
v 0.029012 0.065666 0.004561
v 0.026265 0.064865 -0.004561
v 0.026370 0.064438 -0.003500
v 0.026370 0.064438 0.003500
v 0.026265 0.064865 0.004561
v 0.022080 0.064024 -0.004561
v 0.022150 0.063590 -0.003500
v 0.022150 0.063590 0.003500
v 0.022080 0.064024 0.004561
v 0.018365 0.063569 -0.004561
v 0.018411 0.063133 -0.003500
v 0.018411 0.063133 0.003500
v 0.018365 0.063569 0.004561
v 0.014680 0.063237 -0.004561
v 0.014725 0.062800 -0.003500
v 0.014725 0.062800 0.003500
v 0.014680 0.063237 0.004561
v 0.010522 0.062761 -0.004561
v 0.010571 0.062324 -0.003500
v 0.010571 0.062324 0.003500
v 0.010522 0.062761 0.004561
v 0.005393 0.062201 -0.004561
v 0.005435 0.061764 -0.003500
v 0.005435 0.061764 0.003500
v 0.005393 0.062201 0.004561
v 0.000883 0.061820 -0.004561
v 0.000931 0.061383 -0.003500
v 0.000931 0.061383 0.003500
v 0.000883 0.061820 0.004561
v -0.003507 0.061226 -0.004561
v -0.003424 0.060793 -0.003500
v -0.003424 0.060793 0.003500
v -0.003507 0.061226 0.004561
v -0.008364 0.060024 -0.004561
v -0.008237 0.059603 -0.003500
v -0.008237 0.059603 0.003500
v -0.008364 0.060024 0.004561
v -0.011413 0.058933 -0.004561
v -0.011245 0.058526 -0.003500
v -0.011245 0.058526 0.003500
v -0.011413 0.058933 0.004561
v -0.014001 0.057723 -0.004561
v -0.013800 0.057332 -0.003500
v -0.013800 0.057332 0.003500
v -0.014001 0.057723 0.004561
v -0.016533 0.056302 -0.004561
v -0.016312 0.055922 -0.003500
v -0.016312 0.055922 0.003500
v -0.016533 0.056302 0.004561
v -0.019381 0.054591 -0.004561
v -0.019149 0.054218 -0.003500
v -0.019149 0.054218 0.003500
v -0.019381 0.054591 0.004561
v -0.020570 0.053822 -0.004561
v -0.020321 0.053460 -0.003500
v -0.020321 0.053460 0.003500
v -0.020570 0.053822 0.004561
v -0.021602 0.053069 -0.004561
v -0.021339 0.052718 -0.003500
v -0.021339 0.052718 0.003500
v -0.021602 0.053069 0.004561
v -0.022600 0.052301 -0.004561
v -0.022335 0.051951 -0.003500
v -0.022335 0.051951 0.003500
v -0.022600 0.052301 0.004561
v -0.024565 0.050830 -0.004561
v -0.024683 0.050192 -0.003500
v -0.024683 0.050192 0.003500
v -0.024565 0.050830 0.004561
v -0.026437 0.053820 -0.004561
v -0.026809 0.053587 -0.003500
v -0.026809 0.053587 0.003500
v -0.026437 0.053820 0.004561
v -0.027670 0.055788 -0.004561
v -0.028043 0.055555 -0.003500
v -0.028043 0.055555 0.003500
v -0.027670 0.055788 0.004561
v -0.028959 0.057848 -0.004561
v -0.029331 0.057615 -0.003500
v -0.029331 0.057615 0.003500
v -0.028959 0.057848 0.004561
v -0.030379 0.060132 -0.004561
v -0.030752 0.059899 -0.003500
v -0.030752 0.059899 0.003500
v -0.030379 0.060132 0.004561
v -0.031874 0.062516 -0.004561
v -0.032246 0.062282 -0.003500
v -0.032246 0.062282 0.003500
v -0.031874 0.062516 0.004561
v -0.033199 0.064614 -0.004561
v -0.033572 0.064381 -0.003500
v -0.033572 0.064381 0.003500
v -0.033199 0.064614 0.004561
v -0.034508 0.066736 -0.004561
v -0.034884 0.066509 -0.003500
v -0.034884 0.066509 0.003500
v -0.034508 0.066736 0.004561
vn -0.1726 -0.0903 0.9808
vn 0.0685 0.1838 0.9806
vn -0.0976 0.0851 0.9916
vn 0.0658 0.1814 0.9812
vn -0.1732 -0.0911 0.9807
vn 0.0547 0.1823 0.9817
vn -0.1723 -0.0940 0.9805
vn 0.0408 0.1861 0.9817
vn -0.1704 -0.0977 0.9805
vn 0.0277 0.1890 0.9816
vn -0.0127 0.1980 0.9801
vn 0.0099 0.1973 0.9803
vn -0.0006 0.1988 0.9800
vn 0.0159 0.1956 0.9806
vn -0.0176 0.1941 0.9808
vn 0.0158 0.1908 0.9815
vn 0.0166 0.1938 0.9809
vn -0.1681 -0.1013 0.9805
vn 0.0847 0.0125 0.9963
vn -0.0108 0.1909 0.9816
vn 0.0073 0.1931 0.9812
vn 0.0723 -0.1801 0.9810
vn -0.0003 0.1923 0.9813
vn 0.0719 -0.1835 0.9804
vn 0.0628 -0.1892 0.9799
vn -0.1660 -0.1036 0.9807
vn 0.0477 -0.1942 0.9798
vn 0.0318 -0.1970 0.9799
vn -0.1650 -0.1038 0.9808
vn 0.0208 -0.1959 0.9804
vn 0.0197 -0.1926 0.9811
vn 0.0217 -0.1942 0.9807
vn 0.0189 -0.1956 0.9805
vn 0.0210 -0.1909 0.9814
vn -0.1653 -0.1032 0.9808
vn 0.0353 -0.1850 0.9821
vn 0.0546 -0.1808 0.9820
vn 0.0720 -0.1751 0.9819
vn -0.1656 -0.1033 0.9808
vn 0.0870 -0.1695 0.9817
vn 0.0971 -0.1672 0.9811
vn -0.1654 -0.1036 0.9808
vn 0.1022 -0.1639 0.9812
vn -0.1653 -0.1036 0.9808
vn 0.1085 -0.1580 0.9815
vn 0.1161 -0.1549 0.9811
vn -0.0375 -0.2012 0.9788
vn 0.1185 -0.1560 0.9806
vn -0.1726 -0.0903 -0.9808
vn -0.0976 0.0851 -0.9916
vn 0.0685 0.1838 -0.9806
vn 0.0658 0.1814 -0.9812
vn -0.1732 -0.0911 -0.9807
vn 0.0547 0.1823 -0.9817
vn -0.1723 -0.0940 -0.9805
vn 0.0408 0.1861 -0.9817
vn -0.1704 -0.0977 -0.9805
vn 0.0277 0.1890 -0.9816
vn -0.0127 0.1980 -0.9801
vn -0.0006 0.1988 -0.9800
vn 0.0099 0.1973 -0.9803
vn 0.0159 0.1956 -0.9806
vn -0.0176 0.1941 -0.9808
vn 0.0158 0.1908 -0.9815
vn 0.0166 0.1938 -0.9809
vn -0.1681 -0.1013 -0.9805
vn 0.0847 0.0125 -0.9963
vn -0.0108 0.1909 -0.9816
vn 0.0073 0.1931 -0.9812
vn 0.0723 -0.1801 -0.9810
vn -0.0003 0.1923 -0.9813
vn 0.0719 -0.1835 -0.9804
vn 0.0628 -0.1892 -0.9799
vn -0.1660 -0.1036 -0.9807
vn 0.0477 -0.1942 -0.9798
vn 0.0318 -0.1970 -0.9799
vn -0.1650 -0.1038 -0.9808
vn 0.0208 -0.1959 -0.9804
vn 0.0197 -0.1926 -0.9811
vn 0.0217 -0.1942 -0.9807
vn 0.0189 -0.1956 -0.9805
vn 0.0210 -0.1909 -0.9814
vn -0.1653 -0.1032 -0.9808
vn 0.0353 -0.1850 -0.9821
vn 0.0546 -0.1808 -0.9820
vn 0.0720 -0.1751 -0.9819
vn -0.1656 -0.1033 -0.9808
vn 0.0870 -0.1695 -0.9817
vn 0.0971 -0.1672 -0.9811
vn -0.1654 -0.1036 -0.9808
vn 0.1022 -0.1639 -0.9812
vn -0.1653 -0.1036 -0.9808
vn 0.1085 -0.1580 -0.9815
vn 0.1161 -0.1549 -0.9811
vn -0.0375 -0.2012 -0.9788
vn 0.1185 -0.1560 -0.9806
vn -0.3319 -0.1904 -0.9239
vn -0.3360 -0.1832 -0.9239
vn -0.8508 -0.4880 -0.1948
vn -0.8612 -0.4695 -0.1949
vn -0.8112 -0.4422 -0.3827
vn -0.8014 -0.4597 -0.3827
vn -0.8508 -0.4880 0.1948
vn -0.8612 -0.4695 0.1949
vn -0.8014 -0.4597 0.3827
vn -0.8112 -0.4422 0.3827
vn -0.3360 -0.1832 0.9239
vn -0.3319 -0.1904 0.9239
vn -0.3387 -0.1781 -0.9239
vn -0.8681 -0.4566 -0.1950
vn -0.8177 -0.4301 -0.3827
vn -0.8681 -0.4566 0.1950
vn -0.8177 -0.4301 0.3827
vn -0.3387 -0.1781 0.9239
vn -0.3391 -0.1774 -0.9239
vn -0.8691 -0.4545 -0.1951
vn -0.8187 -0.4282 -0.3827
vn -0.8691 -0.4545 0.1951
vn -0.8187 -0.4282 0.3827
vn -0.3391 -0.1774 0.9239
vn -0.3387 -0.1782 -0.9239
vn -0.8774 -0.4616 -0.1304
vn -0.8176 -0.4302 -0.3827
vn -0.8774 -0.4616 0.1304
vn -0.8176 -0.4302 0.3827
vn -0.3387 -0.1782 0.9239
vn 0.1304 0.3598 -0.9239
vn 0.1337 0.3586 -0.9239
vn 0.3378 0.9321 -0.1304
vn 0.3426 0.9190 -0.1949
vn 0.3227 0.8657 -0.3827
vn 0.3148 0.8686 -0.3827
vn 0.3378 0.9321 0.1304
vn 0.3426 0.9190 0.1949
vn 0.3148 0.8686 0.3827
vn 0.3227 0.8657 0.3827
vn 0.1337 0.3586 0.9239
vn 0.1304 0.3598 0.9239
vn 0.1305 0.3597 -0.9239
vn 0.3345 0.9219 -0.1955
vn 0.3151 0.8685 -0.3827
vn 0.3345 0.9219 0.1955
vn 0.3151 0.8685 0.3827
vn 0.1305 0.3597 0.9239
vn 0.1099 0.3663 -0.9240
vn 0.2818 0.9392 -0.1961
vn 0.2655 0.8848 -0.3829
vn 0.2818 0.9392 0.1961
vn 0.2655 0.8848 0.3829
vn 0.1099 0.3663 0.9240
vn 0.0818 0.3736 -0.9240
vn 0.2098 0.9579 -0.1961
vn 0.1977 0.9024 -0.3829
vn 0.2098 0.9579 0.1961
vn 0.1977 0.9024 0.3829
vn 0.0818 0.3736 0.9240
vn 0.0555 0.3785 -0.9240
vn 0.1422 0.9702 -0.1960
vn 0.1339 0.9140 -0.3829
vn 0.1422 0.9702 0.1960
vn 0.1339 0.9140 0.3829
vn 0.0555 0.3785 0.9240
vn 0.0316 0.3812 -0.9239
vn 0.0811 0.9773 -0.1959
vn 0.0764 0.9207 -0.3828
vn 0.0811 0.9773 0.1959
vn 0.0764 0.9207 0.3828
vn 0.0316 0.3812 0.9239
vn 0.0144 0.3824 -0.9239
vn 0.0369 0.9800 -0.1955
vn 0.0347 0.9232 -0.3827
vn 0.0369 0.9800 0.1955
vn 0.0347 0.9232 0.3827
vn 0.0144 0.3824 0.9239
vn -0.0005 0.3826 -0.9239
vn -0.0013 0.9807 -0.1957
vn -0.0012 0.9238 -0.3828
vn -0.0013 0.9807 0.1957
vn -0.0012 0.9238 0.3828
vn -0.0005 0.3826 0.9239
vn -0.0216 0.3819 -0.9239
vn -0.0554 0.9790 -0.1959
vn -0.0522 0.9223 -0.3829
vn -0.0554 0.9790 0.1959
vn -0.0522 0.9223 0.3828
vn -0.0216 0.3819 0.9239
vn -0.0346 0.3811 -0.9239
vn -0.0886 0.9768 -0.1951
vn -0.0835 0.9201 -0.3827
vn -0.0886 0.9768 0.1951
vn -0.0835 0.9201 0.3827
vn -0.0346 0.3811 0.9239
vn -0.0244 0.3818 -0.9239
vn -0.0625 0.9789 -0.1945
vn -0.0589 0.9219 -0.3828
vn -0.0625 0.9789 0.1945
vn -0.0589 0.9219 0.3828
vn -0.0244 0.3818 0.9239
vn -0.0012 0.3825 -0.9239
vn -0.0030 0.9809 -0.1944
vn -0.0028 0.9238 -0.3829
vn -0.0030 0.9809 0.1944
vn -0.0028 0.9238 0.3829
vn -0.0012 0.3825 0.9239
vn 0.0192 0.3821 -0.9239
vn 0.0491 0.9796 -0.1946
vn 0.0463 0.9227 -0.3828
vn 0.0491 0.9796 0.1946
vn 0.0463 0.9227 0.3828
vn 0.0192 0.3821 0.9239
vn 0.0309 0.3814 -0.9239
vn 0.0793 0.9776 -0.1949
vn 0.0747 0.9208 -0.3827
vn 0.0793 0.9776 0.1949
vn 0.0747 0.9208 0.3827
vn 0.0309 0.3814 0.9239
vn 0.0328 0.3813 -0.9239
vn 0.0839 0.9772 -0.1952
vn 0.0791 0.9205 -0.3827
vn 0.0839 0.9772 0.1952
vn 0.0791 0.9205 0.3827
vn 0.0328 0.3813 0.9239
vn 0.0802 0.9918 -0.0998
vn 0.0745 0.9209 -0.3827
vn 0.0802 0.9918 0.0998
vn 0.0745 0.9209 0.3827
vn 0.1395 -0.3563 -0.9239
vn 0.1426 -0.3551 -0.9239
vn 0.3628 -0.9265 -0.0998
vn 0.3654 -0.9101 -0.1953
vn 0.3442 -0.8574 -0.3827
vn 0.3369 -0.8603 -0.3827
vn 0.3628 -0.9265 0.0998
vn 0.3654 -0.9101 0.1953
vn 0.3369 -0.8603 0.3827
vn 0.3442 -0.8574 0.3827
vn 0.1426 -0.3551 0.9239
vn 0.1395 -0.3563 0.9239
vn 0.1396 -0.3562 -0.9239
vn 0.3580 -0.9132 -0.1947
vn 0.3372 -0.8601 -0.3827
vn 0.3580 -0.9132 0.1947
vn 0.3372 -0.8601 0.3827
vn 0.1396 -0.3562 0.9239
vn 0.1204 -0.3630 -0.9240
vn 0.3088 -0.9311 -0.1943
vn 0.2908 -0.8768 -0.3829
vn 0.3088 -0.9311 0.1943
vn 0.2908 -0.8768 0.3829
vn 0.1204 -0.3630 0.9240
vn 0.0913 -0.3713 -0.9240
vn 0.2342 -0.9526 -0.1942
vn 0.2205 -0.8971 -0.3830
vn 0.2342 -0.9526 0.1942
vn 0.2205 -0.8971 0.3830
vn 0.0913 -0.3713 0.9240
vn 0.0609 -0.3776 -0.9240
vn 0.1563 -0.9684 -0.1943
vn 0.1472 -0.9120 -0.3829
vn 0.1563 -0.9684 0.1943
vn 0.1472 -0.9120 0.3829
vn 0.0609 -0.3776 0.9240
vn 0.0404 -0.3805 -0.9239
vn 0.1037 -0.9754 -0.1947
vn 0.0977 -0.9187 -0.3827
vn 0.1037 -0.9754 0.1947
vn 0.0977 -0.9187 0.3827
vn 0.0404 -0.3805 0.9239
vn 0.0390 -0.3807 -0.9239
vn 0.0999 -0.9756 -0.1954
vn 0.0941 -0.9191 -0.3827
vn 0.0999 -0.9756 0.1954
vn 0.0941 -0.9191 0.3827
vn 0.0390 -0.3807 0.9239
vn 0.0425 -0.3803 -0.9239
vn 0.1090 -0.9747 -0.1950
vn 0.1027 -0.9182 -0.3827
vn 0.1090 -0.9747 0.1950
vn 0.1027 -0.9182 0.3827
vn 0.0425 -0.3803 0.9239
vn 0.0369 -0.3809 -0.9239
vn 0.0945 -0.9763 -0.1948
vn 0.0890 -0.9196 -0.3827
vn 0.0945 -0.9763 0.1948
vn 0.0890 -0.9196 0.3827
vn 0.0369 -0.3809 0.9239
vn 0.0418 -0.3803 -0.9239
vn 0.1071 -0.9748 -0.1957
vn 0.1009 -0.9183 -0.3828
vn 0.1071 -0.9748 0.1957
vn 0.1009 -0.9183 0.3828
vn 0.0418 -0.3803 0.9239
vn 0.0717 -0.3754 -0.9241
vn 0.1838 -0.9631 -0.1966
vn 0.1732 -0.9073 -0.3832
vn 0.1838 -0.9631 0.1966
vn 0.1732 -0.9073 0.3832
vn 0.0717 -0.3754 0.9241
vn 0.1104 -0.3660 -0.9241
vn 0.2832 -0.9387 -0.1965
vn 0.2668 -0.8843 -0.3831
vn 0.2832 -0.9387 0.1965
vn 0.2668 -0.8843 0.3831
vn 0.1104 -0.3660 0.9241
vn 0.1455 -0.3536 -0.9240
vn 0.3731 -0.9068 -0.1964
vn 0.3515 -0.8542 -0.3830
vn 0.3731 -0.9068 0.1964
vn 0.3515 -0.8542 0.3830
vn 0.1455 -0.3536 0.9240
vn 0.1747 -0.3402 -0.9240
vn 0.4479 -0.8723 -0.1961
vn 0.4220 -0.8218 -0.3829
vn 0.4479 -0.8723 0.1961
vn 0.4220 -0.8218 0.3829
vn 0.1747 -0.3402 0.9240
vn 0.1922 -0.3309 -0.9239
vn 0.4926 -0.8480 -0.1955
vn 0.4641 -0.7989 -0.3827
vn 0.4926 -0.8480 0.1955
vn 0.4641 -0.7989 0.3827
vn 0.1922 -0.3309 0.9239
vn 0.2024 -0.3247 -0.9239
vn 0.5188 -0.8322 -0.1955
vn 0.4887 -0.7840 -0.3827
vn 0.5188 -0.8322 0.1955
vn 0.4887 -0.7840 0.3827
vn 0.2024 -0.3247 0.9239
vn 0.2167 -0.3153 -0.9239
vn 0.5554 -0.8082 -0.1958
vn 0.5232 -0.7614 -0.3828
vn 0.5554 -0.8082 0.1958
vn 0.5232 -0.7614 0.3828
vn 0.2167 -0.3153 0.9239
vn 0.2295 -0.3062 -0.9239
vn 0.5882 -0.7848 -0.1954
vn 0.5541 -0.7393 -0.3827
vn 0.5882 -0.7848 0.1954
vn 0.5541 -0.7393 0.3827
vn 0.2295 -0.3062 0.9239
vn 0.2314 -0.3048 -0.9239
vn 0.5932 -0.7811 -0.1949
vn 0.5588 -0.7358 -0.3827
vn 0.5932 -0.7811 0.1949
vn 0.5588 -0.7358 0.3827
vn 0.2314 -0.3048 0.9239
vn -0.0495 -0.2654 -0.9629
vn 0.5911 -0.7891 -0.1670
vn 0.5539 -0.7394 -0.3827
vn 0.5911 -0.7891 0.1670
vn 0.5539 -0.7394 0.3827
vn -0.0495 -0.2654 0.9629
vn -0.3243 -0.2032 -0.9239
vn -0.8357 -0.5232 -0.1670
vn -0.8311 -0.5207 -0.1951
vn -0.7829 -0.4905 -0.3827
vn -0.7831 -0.4903 -0.3827
vn -0.8357 -0.5232 0.1670
vn -0.8311 -0.5207 0.1951
vn -0.7831 -0.4903 0.3827
vn -0.7829 -0.4905 0.3827
vn -0.3243 -0.2032 0.9239
vn -0.3244 -0.2031 -0.9239
vn -0.8313 -0.5205 -0.1951
vn -0.8313 -0.5205 0.1951
vn -0.3244 -0.2031 0.9239
vn -0.3247 -0.2025 -0.9239
vn -0.8322 -0.5191 -0.1951
vn -0.7839 -0.4889 -0.3827
vn -0.8322 -0.5191 0.1951
vn -0.7839 -0.4889 0.3827
vn -0.3247 -0.2025 0.9239
vn -0.3246 -0.2027 -0.9239
vn -0.8319 -0.5195 -0.1951
vn -0.7836 -0.4894 -0.3827
vn -0.8319 -0.5195 0.1951
vn -0.7836 -0.4894 0.3827
vn -0.3246 -0.2027 0.9239
vn -0.3239 -0.2038 -0.9239
vn -0.8301 -0.5223 -0.1951
vn -0.7820 -0.4920 -0.3827
vn -0.8301 -0.5223 0.1951
vn -0.7820 -0.4920 0.3827
vn -0.3239 -0.2038 0.9239
vn -0.3246 -0.2026 -0.9239
vn -0.8321 -0.5193 -0.1950
vn -0.7838 -0.4891 -0.3827
vn -0.8321 -0.5193 0.1950
vn -0.7838 -0.4891 0.3827
vn -0.3246 -0.2026 0.9239
vn -0.3277 -0.1975 -0.9239
vn -0.8400 -0.5063 -0.1949
vn -0.7913 -0.4769 -0.3827
vn -0.8400 -0.5063 0.1949
vn -0.7913 -0.4769 0.3827
vn -0.3277 -0.1975 0.9239
vt 0.063830 0.000000
vt 0.106383 0.000000
vt 0.085106 0.000000
vt 0.127660 0.000000
vt 0.042553 0.000000
vt 0.148936 0.000000
vt 0.021277 0.000000
vt 0.170213 0.000000
vt 0.000000 0.000000
vt 0.191489 0.000000
vt 0.319149 0.000000
vt 0.361702 0.000000
vt 0.340426 0.000000
vt 0.382979 0.000000
vt 0.297872 0.000000
vt 0.212766 0.000000
vt 0.404255 0.000000
vt 1.000000 0.000000
vt 0.425532 0.000000
vt 0.276596 0.000000
vt 0.234043 0.000000
vt 0.446809 0.000000
vt 0.255319 0.000000
vt 0.468085 0.000000
vt 0.489362 0.000000
vt 0.978723 0.000000
vt 0.510638 0.000000
vt 0.531915 0.000000
vt 0.957447 0.000000
vt 0.553191 0.000000
vt 0.574468 0.000000
vt 0.595745 0.000000
vt 0.617021 0.000000
vt 0.638298 0.000000
vt 0.936170 0.000000
vt 0.659574 0.000000
vt 0.680851 0.000000
vt 0.702128 0.000000
vt 0.914894 0.000000
vt 0.723404 0.000000
vt 0.744681 0.000000
vt 0.893617 0.000000
vt 0.765957 0.000000
vt 0.872340 0.000000
vt 0.787234 0.000000
vt 0.808511 0.000000
vt 0.851064 0.000000
vt 0.829787 0.000000
vt 0.000000 0.200000
vt 0.020833 0.200000
vt 0.020833 0.000000
vt 0.000000 0.400000
vt 0.020833 0.400000
vt 0.000000 0.600000
vt 0.020833 0.600000
vt 0.000000 0.800000
vt 0.020833 0.800000
vt 0.000000 1.000000
vt 0.020833 1.000000
vt 0.041667 0.200000
vt 0.041667 0.000000
vt 0.041667 0.400000
vt 0.041667 0.600000
vt 0.041667 0.800000
vt 0.041667 1.000000
vt 0.062500 0.200000
vt 0.062500 0.000000
vt 0.062500 0.400000
vt 0.062500 0.600000
vt 0.062500 0.800000
vt 0.062500 1.000000
vt 0.083333 0.200000
vt 0.083333 0.000000
vt 0.083333 0.400000
vt 0.083333 0.600000
vt 0.083333 0.800000
vt 0.083333 1.000000
vt 0.104167 0.200000
vt 0.104167 0.000000
vt 0.104167 0.400000
vt 0.104167 0.600000
vt 0.104167 0.800000
vt 0.104167 1.000000
vt 0.125000 0.200000
vt 0.125000 0.000000
vt 0.125000 0.400000
vt 0.125000 0.600000
vt 0.125000 0.800000
vt 0.125000 1.000000
vt 0.145833 0.200000
vt 0.145833 0.000000
vt 0.145833 0.400000
vt 0.145833 0.600000
vt 0.145833 0.800000
vt 0.145833 1.000000
vt 0.166667 0.200000
vt 0.166667 0.000000
vt 0.166667 0.400000
vt 0.166667 0.600000
vt 0.166667 0.800000
vt 0.166667 1.000000
vt 0.187500 0.200000
vt 0.187500 0.000000
vt 0.187500 0.400000
vt 0.187500 0.600000
vt 0.187500 0.800000
vt 0.187500 1.000000
vt 0.208333 0.200000
vt 0.208333 0.000000
vt 0.208333 0.400000
vt 0.208333 0.600000
vt 0.208333 0.800000
vt 0.208333 1.000000
vt 0.229167 0.200000
vt 0.229167 0.000000
vt 0.229167 0.400000
vt 0.229167 0.600000
vt 0.229167 0.800000
vt 0.229167 1.000000
vt 0.250000 0.200000
vt 0.250000 0.000000
vt 0.250000 0.400000
vt 0.250000 0.600000
vt 0.250000 0.800000
vt 0.250000 1.000000
vt 0.270833 0.200000
vt 0.270833 0.000000
vt 0.270833 0.400000
vt 0.270833 0.600000
vt 0.270833 0.800000
vt 0.270833 1.000000
vt 0.291667 0.200000
vt 0.291667 0.000000
vt 0.291667 0.400000
vt 0.291667 0.600000
vt 0.291667 0.800000
vt 0.291667 1.000000
vt 0.312500 0.200000
vt 0.312500 0.000000
vt 0.312500 0.400000
vt 0.312500 0.600000
vt 0.312500 0.800000
vt 0.312500 1.000000
vt 0.333333 0.200000
vt 0.333333 0.000000
vt 0.333333 0.400000
vt 0.333333 0.600000
vt 0.333333 0.800000
vt 0.333333 1.000000
vt 0.354167 0.200000
vt 0.354167 0.000000
vt 0.354167 0.400000
vt 0.354167 0.600000
vt 0.354167 0.800000
vt 0.354167 1.000000
vt 0.375000 0.200000
vt 0.375000 0.000000
vt 0.375000 0.400000
vt 0.375000 0.600000
vt 0.375000 0.800000
vt 0.375000 1.000000
vt 0.395833 0.200000
vt 0.395833 0.000000
vt 0.395833 0.400000
vt 0.395833 0.600000
vt 0.395833 0.800000
vt 0.395833 1.000000
vt 0.416667 0.200000
vt 0.416667 0.000000
vt 0.416667 0.400000
vt 0.416667 0.600000
vt 0.416667 0.800000
vt 0.416667 1.000000
vt 0.437500 0.200000
vt 0.437500 0.000000
vt 0.437500 0.400000
vt 0.437500 0.600000
vt 0.437500 0.800000
vt 0.437500 1.000000
vt 0.458333 0.200000
vt 0.458333 0.000000
vt 0.458333 0.400000
vt 0.458333 0.600000
vt 0.458333 0.800000
vt 0.458333 1.000000
vt 0.479167 0.200000
vt 0.479167 0.000000
vt 0.479167 0.400000
vt 0.479167 0.600000
vt 0.479167 0.800000
vt 0.479167 1.000000
vt 0.500000 0.200000
vt 0.500000 0.000000
vt 0.500000 0.400000
vt 0.500000 0.600000
vt 0.500000 0.800000
vt 0.500000 1.000000
vt 0.520833 0.200000
vt 0.520833 0.000000
vt 0.520833 0.400000
vt 0.520833 0.600000
vt 0.520833 0.800000
vt 0.520833 1.000000
vt 0.541667 0.200000
vt 0.541667 0.000000
vt 0.541667 0.400000
vt 0.541667 0.600000
vt 0.541667 0.800000
vt 0.541667 1.000000
vt 0.562500 0.200000
vt 0.562500 0.000000
vt 0.562500 0.400000
vt 0.562500 0.600000
vt 0.562500 0.800000
vt 0.562500 1.000000
vt 0.583333 0.200000
vt 0.583333 0.000000
vt 0.583333 0.400000
vt 0.583333 0.600000
vt 0.583333 0.800000
vt 0.583333 1.000000
vt 0.604167 0.200000
vt 0.604167 0.000000
vt 0.604167 0.400000
vt 0.604167 0.600000
vt 0.604167 0.800000
vt 0.604167 1.000000
vt 0.625000 0.200000
vt 0.625000 0.000000
vt 0.625000 0.400000
vt 0.625000 0.600000
vt 0.625000 0.800000
vt 0.625000 1.000000
vt 0.645833 0.200000
vt 0.645833 0.000000
vt 0.645833 0.400000
vt 0.645833 0.600000
vt 0.645833 0.800000
vt 0.645833 1.000000
vt 0.666667 0.200000
vt 0.666667 0.000000
vt 0.666667 0.400000
vt 0.666667 0.600000
vt 0.666667 0.800000
vt 0.666667 1.000000
vt 0.687500 0.200000
vt 0.687500 0.000000
vt 0.687500 0.400000
vt 0.687500 0.600000
vt 0.687500 0.800000
vt 0.687500 1.000000
vt 0.708333 0.200000
vt 0.708333 0.000000
vt 0.708333 0.400000
vt 0.708333 0.600000
vt 0.708333 0.800000
vt 0.708333 1.000000
vt 0.729167 0.200000
vt 0.729167 0.000000
vt 0.729167 0.400000
vt 0.729167 0.600000
vt 0.729167 0.800000
vt 0.729167 1.000000
vt 0.750000 0.200000
vt 0.750000 0.000000
vt 0.750000 0.400000
vt 0.750000 0.600000
vt 0.750000 0.800000
vt 0.750000 1.000000
vt 0.770833 0.200000
vt 0.770833 0.000000
vt 0.770833 0.400000
vt 0.770833 0.600000
vt 0.770833 0.800000
vt 0.770833 1.000000
vt 0.791667 0.200000
vt 0.791667 0.000000
vt 0.791667 0.400000
vt 0.791667 0.600000
vt 0.791667 0.800000
vt 0.791667 1.000000
vt 0.812500 0.200000
vt 0.812500 0.000000
vt 0.812500 0.400000
vt 0.812500 0.600000
vt 0.812500 0.800000
vt 0.812500 1.000000
vt 0.833333 0.200000
vt 0.833333 0.000000
vt 0.833333 0.400000
vt 0.833333 0.600000
vt 0.833333 0.800000
vt 0.833333 1.000000
vt 0.854167 0.200000
vt 0.854167 0.000000
vt 0.854167 0.400000
vt 0.854167 0.600000
vt 0.854167 0.800000
vt 0.854167 1.000000
vt 0.875000 0.200000
vt 0.875000 0.000000
vt 0.875000 0.400000
vt 0.875000 0.600000
vt 0.875000 0.800000
vt 0.875000 1.000000
vt 0.895833 0.200000
vt 0.895833 0.000000
vt 0.895833 0.400000
vt 0.895833 0.600000
vt 0.895833 0.800000
vt 0.895833 1.000000
vt 0.916667 0.200000
vt 0.916667 0.000000
vt 0.916667 0.400000
vt 0.916667 0.600000
vt 0.916667 0.800000
vt 0.916667 1.000000
vt 0.937500 0.200000
vt 0.937500 0.000000
vt 0.937500 0.400000
vt 0.937500 0.600000
vt 0.937500 0.800000
vt 0.937500 1.000000
vt 0.958333 0.200000
vt 0.958333 0.000000
vt 0.958333 0.400000
vt 0.958333 0.600000
vt 0.958333 0.800000
vt 0.958333 1.000000
vt 0.979167 0.200000
vt 0.979167 0.000000
vt 0.979167 0.400000
vt 0.979167 0.600000
vt 0.979167 0.800000
vt 0.979167 1.000000
vt 1.000000 0.200000
vt 1.000000 0.400000
vt 1.000000 0.600000
vt 1.000000 0.800000
vt 1.000000 1.000000
s 1
usemtl Chrome_|_violet_anodized
f 1560/1204/1985 1562/1205/1986 1561/1206/1987
f 1560/1204/1985 1563/1207/1988 1562/1205/1986
f 1559/1208/1989 1563/1207/1988 1560/1204/1985
f 1559/1208/1989 1564/1209/1990 1563/1207/1988
f 1558/1210/1991 1564/1209/1990 1559/1208/1989
f 1558/1210/1991 1565/1211/1992 1564/1209/1990
f 1557/1212/1993 1565/1211/1992 1558/1210/1991
f 1557/1212/1993 1566/1213/1994 1565/1211/1992
f 1572/1214/1995 1574/1215/1996 1573/1216/1997
f 1572/1214/1995 1575/1217/1998 1574/1215/1996
f 1571/1218/1999 1575/1217/1998 1572/1214/1995
f 1557/1212/1993 1567/1219/2000 1566/1213/1994
f 1571/1218/1999 1576/1220/2001 1575/1217/1998
f 1604/1221/2002 1567/1219/2000 1557/1212/1993
f 1571/1218/1999 1577/1222/2003 1576/1220/2001
f 1570/1223/2004 1577/1222/2003 1571/1218/1999
f 1604/1221/2002 1568/1224/2005 1567/1219/2000
f 1570/1223/2004 1578/1225/2006 1577/1222/2003
f 1569/1226/2007 1578/1225/2006 1570/1223/2004
f 1604/1221/2002 1569/1226/2007 1568/1224/2005
f 1604/1221/2002 1578/1225/2006 1569/1226/2007
f 1604/1221/2002 1579/1227/2008 1578/1225/2006
f 1604/1221/2002 1580/1228/2009 1579/1227/2008
f 1603/1229/2010 1580/1228/2009 1604/1221/2002
f 1603/1229/2010 1581/1230/2011 1580/1228/2009
f 1603/1229/2010 1582/1231/2012 1581/1230/2011
f 1602/1232/2013 1582/1231/2012 1603/1229/2010
f 1602/1232/2013 1583/1233/2014 1582/1231/2012
f 1602/1232/2013 1584/1234/2015 1583/1233/2014
f 1602/1232/2013 1585/1235/2016 1584/1234/2015
f 1602/1232/2013 1586/1236/2017 1585/1235/2016
f 1602/1232/2013 1587/1237/2018 1586/1236/2017
f 1601/1238/2019 1587/1237/2018 1602/1232/2013
f 1601/1238/2019 1588/1239/2020 1587/1237/2018
f 1601/1238/2019 1589/1240/2021 1588/1239/2020
f 1601/1238/2019 1590/1241/2022 1589/1240/2021
f 1600/1242/2023 1590/1241/2022 1601/1238/2019
f 1600/1242/2023 1591/1243/2024 1590/1241/2022
f 1600/1242/2023 1592/1244/2025 1591/1243/2024
f 1599/1245/2026 1592/1244/2025 1600/1242/2023
f 1599/1245/2026 1593/1246/2027 1592/1244/2025
f 1598/1247/2028 1593/1246/2027 1599/1245/2026
f 1598/1247/2028 1594/1248/2029 1593/1246/2027
f 1598/1247/2028 1595/1249/2030 1594/1248/2029
f 1597/1250/2031 1595/1249/2030 1598/1247/2028
f 1597/1250/2031 1596/1251/2032 1595/1249/2030
f 1608/1204/2033 1609/1206/2034 1610/1205/2035
f 1608/1204/2033 1610/1205/2035 1611/1207/2036
f 1607/1208/2037 1608/1204/2033 1611/1207/2036
f 1607/1208/2037 1611/1207/2036 1612/1209/2038
f 1606/1210/2039 1607/1208/2037 1612/1209/2038
f 1606/1210/2039 1612/1209/2038 1613/1211/2040
f 1605/1212/2041 1606/1210/2039 1613/1211/2040
f 1605/1212/2041 1613/1211/2040 1614/1213/2042
f 1620/1214/2043 1621/1216/2044 1622/1215/2045
f 1620/1214/2043 1622/1215/2045 1623/1217/2046
f 1619/1218/2047 1620/1214/2043 1623/1217/2046
f 1605/1212/2041 1614/1213/2042 1615/1219/2048
f 1619/1218/2047 1623/1217/2046 1624/1220/2049
f 1652/1221/2050 1605/1212/2041 1615/1219/2048
f 1619/1218/2047 1624/1220/2049 1625/1222/2051
f 1618/1223/2052 1619/1218/2047 1625/1222/2051
f 1652/1221/2050 1615/1219/2048 1616/1224/2053
f 1618/1223/2052 1625/1222/2051 1626/1225/2054
f 1617/1226/2055 1618/1223/2052 1626/1225/2054
f 1652/1221/2050 1616/1224/2053 1617/1226/2055
f 1652/1221/2050 1617/1226/2055 1626/1225/2054
f 1652/1221/2050 1626/1225/2054 1627/1227/2056
f 1652/1221/2050 1627/1227/2056 1628/1228/2057
f 1651/1229/2058 1652/1221/2050 1628/1228/2057
f 1651/1229/2058 1628/1228/2057 1629/1230/2059
f 1651/1229/2058 1629/1230/2059 1630/1231/2060
f 1650/1232/2061 1651/1229/2058 1630/1231/2060
f 1650/1232/2061 1630/1231/2060 1631/1233/2062
f 1650/1232/2061 1631/1233/2062 1632/1234/2063
f 1650/1232/2061 1632/1234/2063 1633/1235/2064
f 1650/1232/2061 1633/1235/2064 1634/1236/2065
f 1650/1232/2061 1634/1236/2065 1635/1237/2066
f 1649/1238/2067 1650/1232/2061 1635/1237/2066
f 1649/1238/2067 1635/1237/2066 1636/1239/2068
f 1649/1238/2067 1636/1239/2068 1637/1240/2069
f 1649/1238/2067 1637/1240/2069 1638/1241/2070
f 1648/1242/2071 1649/1238/2067 1638/1241/2070
f 1648/1242/2071 1638/1241/2070 1639/1243/2072
f 1648/1242/2071 1639/1243/2072 1640/1244/2073
f 1647/1245/2074 1648/1242/2071 1640/1244/2073
f 1647/1245/2074 1640/1244/2073 1641/1246/2075
f 1646/1247/2076 1647/1245/2074 1641/1246/2075
f 1646/1247/2076 1641/1246/2075 1642/1248/2077
f 1646/1247/2076 1642/1248/2077 1643/1249/2078
f 1645/1250/2079 1646/1247/2076 1643/1249/2078
f 1645/1250/2079 1643/1249/2078 1644/1251/2080
f 1653/1252/2081 1657/1253/2082 1606/1254/2039 1605/1212/2041
f 1654/1255/2083 1658/1256/2084 1657/1253/2085 1653/1252/2086
f 1655/1257/2087 1659/1258/2088 1658/1256/2084 1654/1255/2083
f 1656/1259/2089 1660/1260/2090 1659/1258/2088 1655/1257/2087
f 1557/1261/1993 1558/1262/1991 1660/1260/2091 1656/1259/2092
f 1657/1253/2082 1661/1263/2093 1607/1264/2037 1606/1254/2039
f 1658/1256/2084 1662/1265/2094 1661/1263/2095 1657/1253/2085
f 1659/1258/2088 1663/1266/2096 1662/1265/2094 1658/1256/2084
f 1660/1260/2090 1664/1267/2097 1663/1266/2096 1659/1258/2088
f 1558/1262/1991 1559/1268/1989 1664/1267/2098 1660/1260/2091
f 1661/1263/2093 1665/1269/2099 1608/1270/2033 1607/1264/2037
f 1662/1265/2094 1666/1271/2100 1665/1269/2101 1661/1263/2095
f 1663/1266/2096 1667/1272/2102 1666/1271/2100 1662/1265/2094
f 1664/1267/2097 1668/1273/2103 1667/1272/2102 1663/1266/2096
f 1559/1268/1989 1560/1274/1985 1668/1273/2104 1664/1267/2098
f 1665/1269/2099 1669/1275/2105 1609/1276/2034 1608/1270/2033
f 1666/1271/2100 1670/1277/2106 1669/1275/2107 1665/1269/2101
f 1667/1272/2102 1671/1278/2108 1670/1277/2106 1666/1271/2100
f 1668/1273/2103 1672/1279/2109 1671/1278/2108 1667/1272/2102
f 1560/1274/1985 1561/1280/1987 1672/1279/2110 1668/1273/2104
f 1669/1275/2111 1673/1281/2112 1610/1282/2035 1609/1276/2034
f 1670/1277/2113 1674/1283/2114 1673/1281/2115 1669/1275/2116
f 1671/1278/2117 1675/1284/2118 1674/1283/2114 1670/1277/2113
f 1672/1279/2119 1676/1285/2120 1675/1284/2118 1671/1278/2117
f 1561/1280/1987 1562/1286/1986 1676/1285/2121 1672/1279/2122
f 1673/1281/2112 1677/1287/2123 1611/1288/2036 1610/1282/2035
f 1674/1283/2114 1678/1289/2124 1677/1287/2125 1673/1281/2115
f 1675/1284/2118 1679/1290/2126 1678/1289/2124 1674/1283/2114
f 1676/1285/2120 1680/1291/2127 1679/1290/2126 1675/1284/2118
f 1562/1286/1986 1563/1292/1988 1680/1291/2128 1676/1285/2121
f 1677/1287/2123 1681/1293/2129 1612/1294/2038 1611/1288/2036
f 1678/1289/2124 1682/1295/2130 1681/1293/2131 1677/1287/2125
f 1679/1290/2126 1683/1296/2132 1682/1295/2130 1678/1289/2124
f 1680/1291/2127 1684/1297/2133 1683/1296/2132 1679/1290/2126
f 1563/1292/1988 1564/1298/1990 1684/1297/2134 1680/1291/2128
f 1681/1293/2129 1685/1299/2135 1613/1300/2040 1612/1294/2038
f 1682/1295/2130 1686/1301/2136 1685/1299/2137 1681/1293/2131
f 1683/1296/2132 1687/1302/2138 1686/1301/2136 1682/1295/2130
f 1684/1297/2133 1688/1303/2139 1687/1302/2138 1683/1296/2132
f 1564/1298/1990 1565/1304/1992 1688/1303/2140 1684/1297/2134
f 1685/1299/2135 1689/1305/2141 1614/1306/2042 1613/1300/2040
f 1686/1301/2136 1690/1307/2142 1689/1305/2143 1685/1299/2137
f 1687/1302/2138 1691/1308/2144 1690/1307/2142 1686/1301/2136
f 1688/1303/2139 1692/1309/2145 1691/1308/2144 1687/1302/2138
f 1565/1304/1992 1566/1310/1994 1692/1309/2146 1688/1303/2140
f 1689/1305/2141 1693/1311/2147 1615/1312/2048 1614/1306/2042
f 1690/1307/2142 1694/1313/2148 1693/1311/2149 1689/1305/2143
f 1691/1308/2144 1695/1314/2150 1694/1313/2148 1690/1307/2142
f 1692/1309/2145 1696/1315/2151 1695/1314/2150 1691/1308/2144
f 1566/1310/1994 1567/1316/2000 1696/1315/2152 1692/1309/2146
f 1693/1311/2147 1697/1317/2153 1616/1318/2053 1615/1312/2048
f 1694/1313/2148 1698/1319/2154 1697/1317/2155 1693/1311/2149
f 1695/1314/2150 1699/1320/2156 1698/1319/2154 1694/1313/2148
f 1696/1315/2151 1700/1321/2157 1699/1320/2156 1695/1314/2150
f 1567/1316/2000 1568/1322/2005 1700/1321/2158 1696/1315/2152
f 1697/1317/2153 1701/1323/2159 1617/1324/2055 1616/1318/2053
f 1698/1319/2154 1702/1325/2160 1701/1323/2161 1697/1317/2155
f 1699/1320/2156 1703/1326/2162 1702/1325/2160 1698/1319/2154
f 1700/1321/2157 1704/1327/2163 1703/1326/2162 1699/1320/2156
f 1568/1322/2005 1569/1328/2007 1704/1327/2164 1700/1321/2158
f 1701/1323/2159 1705/1329/2165 1618/1330/2052 1617/1324/2055
f 1702/1325/2160 1706/1331/2166 1705/1329/2167 1701/1323/2161
f 1703/1326/2162 1707/1332/2168 1706/1331/2166 1702/1325/2160
f 1704/1327/2163 1708/1333/2169 1707/1332/2168 1703/1326/2162
f 1569/1328/2007 1570/1334/2004 1708/1333/2170 1704/1327/2164
f 1705/1329/2165 1709/1335/2171 1619/1336/2047 1618/1330/2052
f 1706/1331/2166 1710/1337/2172 1709/1335/2173 1705/1329/2167
f 1707/1332/2168 1711/1338/2174 1710/1337/2172 1706/1331/2166
f 1708/1333/2169 1712/1339/2175 1711/1338/2174 1707/1332/2168
f 1570/1334/2004 1571/1340/1999 1712/1339/2176 1708/1333/2170
f 1709/1335/2171 1713/1341/2177 1620/1342/2043 1619/1336/2047
f 1710/1337/2172 1714/1343/2178 1713/1341/2179 1709/1335/2173
f 1711/1338/2174 1715/1344/2180 1714/1343/2178 1710/1337/2172
f 1712/1339/2175 1716/1345/2181 1715/1344/2180 1711/1338/2174
f 1571/1340/1999 1572/1346/1995 1716/1345/2182 1712/1339/2176
f 1713/1341/2177 1717/1347/2183 1621/1348/2044 1620/1342/2043
f 1714/1343/2178 1718/1349/2184 1717/1347/2185 1713/1341/2179
f 1715/1344/2180 1719/1350/2186 1718/1349/2184 1714/1343/2178
f 1716/1345/2181 1720/1351/2187 1719/1350/2186 1715/1344/2180
f 1572/1346/1995 1573/1352/1997 1720/1351/2188 1716/1345/2182
f 1717/1347/2183 1721/1353/2189 1622/1354/2045 1621/1348/2044
f 1718/1349/2184 1722/1355/2190 1721/1353/2191 1717/1347/2185
f 1719/1350/2186 1723/1356/2192 1722/1355/2190 1718/1349/2184
f 1720/1351/2187 1724/1357/2193 1723/1356/2192 1719/1350/2186
f 1573/1352/1997 1574/1358/1996 1724/1357/2194 1720/1351/2188
f 1721/1353/2189 1725/1359/2195 1623/1360/2046 1622/1354/2045
f 1722/1355/2190 1726/1361/2196 1725/1359/2197 1721/1353/2191
f 1723/1356/2192 1727/1362/2198 1726/1361/2196 1722/1355/2190
f 1724/1357/2193 1728/1363/2199 1727/1362/2198 1723/1356/2192
f 1574/1358/1996 1575/1364/1998 1728/1363/2200 1724/1357/2194
f 1725/1359/2195 1729/1365/2201 1624/1366/2049 1623/1360/2046
f 1726/1361/2196 1730/1367/2202 1729/1365/2203 1725/1359/2197
f 1727/1362/2198 1731/1368/2204 1730/1367/2202 1726/1361/2196
f 1728/1363/2199 1732/1369/2205 1731/1368/2204 1727/1362/2198
f 1575/1364/1998 1576/1370/2001 1732/1369/2206 1728/1363/2200
f 1729/1365/2201 1733/1371/2195 1625/1372/2051 1624/1366/2049
f 1730/1367/2202 1734/1373/2207 1733/1371/2208 1729/1365/2203
f 1731/1368/2204 1735/1374/2209 1734/1373/2207 1730/1367/2202
f 1732/1369/2205 1736/1375/2210 1735/1374/2209 1731/1368/2204
f 1576/1370/2001 1577/1376/2003 1736/1375/2200 1732/1369/2206
f 1733/1371/2211 1737/1377/2212 1626/1378/2054 1625/1372/2051
f 1734/1373/2213 1738/1379/2214 1737/1377/2215 1733/1371/2216
f 1735/1374/2217 1739/1380/2218 1738/1379/2214 1734/1373/2213
f 1736/1375/2219 1740/1381/2220 1739/1380/2218 1735/1374/2217
f 1577/1376/2003 1578/1382/2006 1740/1381/2221 1736/1375/2222
f 1737/1377/2212 1741/1383/2223 1627/1384/2056 1626/1378/2054
f 1738/1379/2214 1742/1385/2224 1741/1383/2225 1737/1377/2215
f 1739/1380/2218 1743/1386/2226 1742/1385/2224 1738/1379/2214
f 1740/1381/2220 1744/1387/2227 1743/1386/2226 1739/1380/2218
f 1578/1382/2006 1579/1388/2008 1744/1387/2228 1740/1381/2221
f 1741/1383/2223 1745/1389/2229 1628/1390/2057 1627/1384/2056
f 1742/1385/2224 1746/1391/2230 1745/1389/2231 1741/1383/2225
f 1743/1386/2226 1747/1392/2232 1746/1391/2230 1742/1385/2224
f 1744/1387/2227 1748/1393/2233 1747/1392/2232 1743/1386/2226
f 1579/1388/2008 1580/1394/2009 1748/1393/2234 1744/1387/2228
f 1745/1389/2229 1749/1395/2235 1629/1396/2059 1628/1390/2057
f 1746/1391/2230 1750/1397/2236 1749/1395/2237 1745/1389/2231
f 1747/1392/2232 1751/1398/2238 1750/1397/2236 1746/1391/2230
f 1748/1393/2233 1752/1399/2239 1751/1398/2238 1747/1392/2232
f 1580/1394/2009 1581/1400/2011 1752/1399/2240 1748/1393/2234
f 1749/1395/2235 1753/1401/2241 1630/1402/2060 1629/1396/2059
f 1750/1397/2236 1754/1403/2242 1753/1401/2243 1749/1395/2237
f 1751/1398/2238 1755/1404/2244 1754/1403/2242 1750/1397/2236
f 1752/1399/2239 1756/1405/2245 1755/1404/2244 1751/1398/2238
f 1581/1400/2011 1582/1406/2012 1756/1405/2246 1752/1399/2240
f 1753/1401/2241 1757/1407/2247 1631/1408/2062 1630/1402/2060
f 1754/1403/2242 1758/1409/2248 1757/1407/2249 1753/1401/2243
f 1755/1404/2244 1759/1410/2250 1758/1409/2248 1754/1403/2242
f 1756/1405/2245 1760/1411/2251 1759/1410/2250 1755/1404/2244
f 1582/1406/2012 1583/1412/2014 1760/1411/2252 1756/1405/2246
f 1757/1407/2247 1761/1413/2253 1632/1414/2063 1631/1408/2062
f 1758/1409/2248 1762/1415/2254 1761/1413/2255 1757/1407/2249
f 1759/1410/2250 1763/1416/2256 1762/1415/2254 1758/1409/2248
f 1760/1411/2251 1764/1417/2257 1763/1416/2256 1759/1410/2250
f 1583/1412/2014 1584/1418/2015 1764/1417/2258 1760/1411/2252
f 1761/1413/2253 1765/1419/2259 1633/1420/2064 1632/1414/2063
f 1762/1415/2254 1766/1421/2260 1765/1419/2261 1761/1413/2255
f 1763/1416/2256 1767/1422/2262 1766/1421/2260 1762/1415/2254
f 1764/1417/2257 1768/1423/2263 1767/1422/2262 1763/1416/2256
f 1584/1418/2015 1585/1424/2016 1768/1423/2264 1764/1417/2258
f 1765/1419/2259 1769/1425/2265 1634/1426/2065 1633/1420/2064
f 1766/1421/2260 1770/1427/2266 1769/1425/2267 1765/1419/2261
f 1767/1422/2262 1771/1428/2268 1770/1427/2266 1766/1421/2260
f 1768/1423/2263 1772/1429/2269 1771/1428/2268 1767/1422/2262
f 1585/1424/2016 1586/1430/2017 1772/1429/2270 1768/1423/2264
f 1769/1425/2265 1773/1431/2271 1635/1432/2066 1634/1426/2065
f 1770/1427/2266 1774/1433/2272 1773/1431/2273 1769/1425/2267
f 1771/1428/2268 1775/1434/2274 1774/1433/2272 1770/1427/2266
f 1772/1429/2269 1776/1435/2275 1775/1434/2274 1771/1428/2268
f 1586/1430/2017 1587/1436/2018 1776/1435/2276 1772/1429/2270
f 1773/1431/2271 1777/1437/2277 1636/1438/2068 1635/1432/2066
f 1774/1433/2272 1778/1439/2278 1777/1437/2279 1773/1431/2273
f 1775/1434/2274 1779/1440/2280 1778/1439/2278 1774/1433/2272
f 1776/1435/2275 1780/1441/2281 1779/1440/2280 1775/1434/2274
f 1587/1436/2018 1588/1442/2020 1780/1441/2282 1776/1435/2276
f 1777/1437/2277 1781/1443/2283 1637/1444/2069 1636/1438/2068
f 1778/1439/2278 1782/1445/2284 1781/1443/2285 1777/1437/2279
f 1779/1440/2280 1783/1446/2286 1782/1445/2284 1778/1439/2278
f 1780/1441/2281 1784/1447/2287 1783/1446/2286 1779/1440/2280
f 1588/1442/2020 1589/1448/2021 1784/1447/2288 1780/1441/2282
f 1781/1443/2283 1785/1449/2289 1638/1450/2070 1637/1444/2069
f 1782/1445/2284 1786/1451/2290 1785/1449/2291 1781/1443/2285
f 1783/1446/2286 1787/1452/2292 1786/1451/2290 1782/1445/2284
f 1784/1447/2287 1788/1453/2293 1787/1452/2292 1783/1446/2286
f 1589/1448/2021 1590/1454/2022 1788/1453/2294 1784/1447/2288
f 1785/1449/2289 1789/1455/2295 1639/1456/2072 1638/1450/2070
f 1786/1451/2290 1790/1457/2296 1789/1455/2297 1785/1449/2291
f 1787/1452/2292 1791/1458/2298 1790/1457/2296 1786/1451/2290
f 1788/1453/2293 1792/1459/2299 1791/1458/2298 1787/1452/2292
f 1590/1454/2022 1591/1460/2024 1792/1459/2300 1788/1453/2294
f 1789/1455/2295 1793/1461/2301 1640/1462/2073 1639/1456/2072
f 1790/1457/2296 1794/1463/2302 1793/1461/2303 1789/1455/2297
f 1791/1458/2298 1795/1464/2304 1794/1463/2302 1790/1457/2296
f 1792/1459/2299 1796/1465/2305 1795/1464/2304 1791/1458/2298
f 1591/1460/2024 1592/1466/2025 1796/1465/2306 1792/1459/2300
f 1793/1461/2301 1797/1467/2307 1641/1468/2075 1640/1462/2073
f 1794/1463/2302 1798/1469/2308 1797/1467/2309 1793/1461/2303
f 1795/1464/2304 1799/1470/2310 1798/1469/2308 1794/1463/2302
f 1796/1465/2305 1800/1471/2311 1799/1470/2310 1795/1464/2304
f 1592/1466/2025 1593/1472/2027 1800/1471/2312 1796/1465/2306
f 1797/1467/2307 1801/1473/2313 1642/1474/2077 1641/1468/2075
f 1798/1469/2308 1802/1475/2314 1801/1473/2315 1797/1467/2309
f 1799/1470/2310 1803/1476/2316 1802/1475/2314 1798/1469/2308
f 1800/1471/2311 1804/1477/2317 1803/1476/2316 1799/1470/2310
f 1593/1472/2027 1594/1478/2029 1804/1477/2318 1800/1471/2312
f 1801/1473/2313 1805/1479/2319 1643/1480/2078 1642/1474/2077
f 1802/1475/2314 1806/1481/2320 1805/1479/2321 1801/1473/2315
f 1803/1476/2316 1807/1482/2322 1806/1481/2320 1802/1475/2314
f 1804/1477/2317 1808/1483/2323 1807/1482/2322 1803/1476/2316
f 1594/1478/2029 1595/1484/2030 1808/1483/2324 1804/1477/2318
f 1805/1479/2319 1809/1485/2325 1644/1486/2080 1643/1480/2078
f 1806/1481/2320 1810/1487/2326 1809/1485/2327 1805/1479/2321
f 1807/1482/2322 1811/1488/2328 1810/1487/2326 1806/1481/2320
f 1808/1483/2323 1812/1489/2329 1811/1488/2328 1807/1482/2322
f 1595/1484/2030 1596/1490/2032 1812/1489/2330 1808/1483/2324
f 1809/1485/2325 1813/1491/2331 1645/1492/2079 1644/1486/2080
f 1810/1487/2326 1814/1493/2332 1813/1491/2333 1809/1485/2327
f 1811/1488/2328 1815/1494/2334 1814/1493/2332 1810/1487/2326
f 1812/1489/2329 1816/1495/2335 1815/1494/2334 1811/1488/2328
f 1596/1490/2032 1597/1496/2031 1816/1495/2336 1812/1489/2330
f 1813/1491/2331 1817/1497/2337 1646/1498/2076 1645/1492/2079
f 1814/1493/2338 1818/1499/2339 1817/1497/2340 1813/1491/2341
f 1815/1494/2342 1819/1500/2343 1818/1499/2339 1814/1493/2338
f 1816/1495/2344 1820/1501/2345 1819/1500/2343 1815/1494/2342
f 1597/1496/2031 1598/1502/2028 1820/1501/2346 1816/1495/2336
f 1817/1497/2337 1821/1503/2347 1647/1504/2074 1646/1498/2076
f 1818/1499/2339 1822/1505/2348 1821/1503/2341 1817/1497/2340
f 1819/1500/2343 1823/1506/2349 1822/1505/2348 1818/1499/2339
f 1820/1501/2345 1824/1507/2344 1823/1506/2349 1819/1500/2343
f 1598/1502/2028 1599/1508/2026 1824/1507/2350 1820/1501/2346
f 1821/1503/2347 1825/1509/2351 1648/1510/2071 1647/1504/2074
f 1822/1505/2348 1826/1511/2352 1825/1509/2353 1821/1503/2341
f 1823/1506/2349 1827/1512/2354 1826/1511/2352 1822/1505/2348
f 1824/1507/2344 1828/1513/2355 1827/1512/2354 1823/1506/2349
f 1599/1508/2026 1600/1514/2023 1828/1513/2356 1824/1507/2350
f 1825/1509/2351 1829/1515/2357 1649/1516/2067 1648/1510/2071
f 1826/1511/2352 1830/1517/2358 1829/1515/2359 1825/1509/2353
f 1827/1512/2354 1831/1518/2360 1830/1517/2358 1826/1511/2352
f 1828/1513/2355 1832/1519/2361 1831/1518/2360 1827/1512/2354
f 1600/1514/2023 1601/1520/2019 1832/1519/2362 1828/1513/2356
f 1829/1515/2357 1833/1521/2363 1650/1522/2061 1649/1516/2067
f 1830/1517/2358 1834/1523/2364 1833/1521/2365 1829/1515/2359
f 1831/1518/2360 1835/1524/2366 1834/1523/2364 1830/1517/2358
f 1832/1519/2361 1836/1525/2367 1835/1524/2366 1831/1518/2360
f 1601/1520/2019 1602/1526/2013 1836/1525/2368 1832/1519/2362
f 1833/1521/2363 1837/1527/2369 1651/1528/2058 1650/1522/2061
f 1834/1523/2364 1838/1529/2370 1837/1527/2371 1833/1521/2365
f 1835/1524/2366 1839/1530/2372 1838/1529/2370 1834/1523/2364
f 1836/1525/2367 1840/1531/2373 1839/1530/2372 1835/1524/2366
f 1602/1526/2013 1603/1532/2010 1840/1531/2374 1836/1525/2368
f 1837/1527/2369 1841/1533/2375 1652/1534/2050 1651/1528/2058
f 1838/1529/2370 1842/1535/2376 1841/1533/2377 1837/1527/2371
f 1839/1530/2372 1843/1536/2378 1842/1535/2376 1838/1529/2370
f 1840/1531/2373 1844/1537/2379 1843/1536/2378 1839/1530/2372
f 1603/1532/2010 1604/1538/2002 1844/1537/2380 1840/1531/2374
f 1841/1533/2375 1653/1539/2081 1605/1221/2041 1652/1534/2050
f 1842/1535/2376 1654/1540/2083 1653/1539/2086 1841/1533/2377
f 1843/1536/2378 1655/1541/2087 1654/1540/2083 1842/1535/2376
f 1844/1537/2379 1656/1542/2089 1655/1541/2087 1843/1536/2378
f 1604/1538/2002 1557/1543/1993 1656/1542/2092 1844/1537/2380
o Fin_|_front_top
v 0.195954 0.059827 0.004500
v 0.193990 0.061546 0.004500
v 0.192522 0.063427 0.004500
v 0.191253 0.065371 0.004500
v 0.189884 0.067283 0.004500
v 0.192606 0.066585 0.004500
v 0.195263 0.065883 0.004500
v 0.198049 0.065188 0.004500
v 0.201156 0.064509 0.004500
v 0.205293 0.063775 0.004500
v 0.208953 0.063259 0.004500
v 0.212616 0.062761 0.004500
v 0.216763 0.062081 0.004500
v 0.220340 0.061380 0.004500
v 0.223555 0.060688 0.004500
v 0.226626 0.059998 0.004500
v 0.229769 0.059306 0.004500
v 0.227891 0.058751 0.004500
v 0.226062 0.058171 0.004500
v 0.224136 0.057639 0.004500
v 0.221965 0.057225 0.004500
v 0.217368 0.056626 0.004500
v 0.213290 0.056308 0.004500
v 0.209214 0.056362 0.004500
v 0.204624 0.056879 0.004500
v 0.202192 0.057283 0.004500
v 0.200065 0.057793 0.004500
v 0.198050 0.058582 0.004500
v 0.195954 0.059827 -0.004500
v 0.193990 0.061546 -0.004500
v 0.192522 0.063427 -0.004500
v 0.191253 0.065371 -0.004500
v 0.189884 0.067283 -0.004500
v 0.192606 0.066585 -0.004500
v 0.195263 0.065883 -0.004500
v 0.198049 0.065188 -0.004500
v 0.201156 0.064509 -0.004500
v 0.205293 0.063775 -0.004500
v 0.208953 0.063259 -0.004500
v 0.212616 0.062761 -0.004500
v 0.216763 0.062081 -0.004500
v 0.220340 0.061380 -0.004500
v 0.223555 0.060688 -0.004500
v 0.226626 0.059998 -0.004500
v 0.229769 0.059306 -0.004500
v 0.227891 0.058751 -0.004500
v 0.226062 0.058171 -0.004500
v 0.224136 0.057639 -0.004500
v 0.221965 0.057225 -0.004500
v 0.217368 0.056626 -0.004500
v 0.213290 0.056308 -0.004500
v 0.209214 0.056362 -0.004500
v 0.204624 0.056879 -0.004500
v 0.202192 0.057283 -0.004500
v 0.200065 0.057793 -0.004500
v 0.198050 0.058582 -0.004500
v 0.195328 0.058964 -0.004061
v 0.195069 0.058607 -0.003000
v 0.195069 0.058607 0.003000
v 0.195328 0.058964 0.004061
v 0.193216 0.060814 -0.004061
v 0.192895 0.060511 -0.003000
v 0.192895 0.060511 0.003000
v 0.193216 0.060814 0.004061
v 0.191658 0.062809 -0.004061
v 0.191301 0.062553 -0.003000
v 0.191301 0.062553 0.003000
v 0.191658 0.062809 0.004061
v 0.190377 0.064772 -0.004061
v 0.190014 0.064524 -0.003000
v 0.190014 0.064524 0.003000
v 0.190377 0.064772 0.004061
v 0.187327 0.069035 -0.004061
v 0.186267 0.069760 -0.003000
v 0.186267 0.069760 0.003000
v 0.187327 0.069035 0.004061
v 0.192873 0.067611 -0.004061
v 0.192984 0.068036 -0.003000
v 0.192984 0.068036 0.003000
v 0.192873 0.067611 0.004061
v 0.195527 0.066911 -0.004061
v 0.195636 0.067336 -0.003000
v 0.195636 0.067336 0.003000
v 0.195527 0.066911 0.004061
v 0.198290 0.066221 -0.004061
v 0.198390 0.066649 -0.003000
v 0.198390 0.066649 0.003000
v 0.198290 0.066221 0.004061
v 0.201362 0.065549 -0.004061
v 0.201447 0.065980 -0.003000
v 0.201447 0.065980 0.003000
v 0.201362 0.065549 0.004061
v 0.205459 0.064823 -0.004061
v 0.205528 0.065257 -0.003000
v 0.205528 0.065257 0.003000
v 0.205459 0.064823 0.004061
v 0.209098 0.064310 -0.004061
v 0.209158 0.064745 -0.003000
v 0.209158 0.064745 0.003000
v 0.209098 0.064310 0.004061
v 0.212774 0.063810 -0.004061
v 0.212839 0.064245 -0.003000
v 0.212839 0.064245 0.003000
v 0.212774 0.063810 0.004061
v 0.216951 0.063125 -0.004061
v 0.217029 0.063557 -0.003000
v 0.217029 0.063557 0.003000
v 0.216951 0.063125 0.004061
v 0.220553 0.062419 -0.004061
v 0.220642 0.062850 -0.003000
v 0.220642 0.062850 0.003000
v 0.220553 0.062419 0.004061
v 0.223783 0.061723 -0.004061
v 0.223877 0.062153 -0.003000
v 0.223877 0.062153 0.003000
v 0.223783 0.061723 0.004061
v 0.226856 0.061033 -0.004061
v 0.226951 0.061462 -0.003000
v 0.226951 0.061462 0.003000
v 0.226856 0.061033 0.004061
v 0.234017 0.059458 -0.004061
v 0.235777 0.059521 -0.003000
v 0.235777 0.059521 0.003000
v 0.234017 0.059458 0.004061
v 0.228202 0.057736 -0.004061
v 0.228331 0.057316 -0.003000
v 0.228331 0.057316 0.003000
v 0.228202 0.057736 0.004061
v 0.226364 0.057154 -0.004061
v 0.226489 0.056733 -0.003000
v 0.226489 0.056733 0.003000
v 0.226364 0.057154 0.004061
v 0.224377 0.056605 -0.004061
v 0.224477 0.056177 -0.003000
v 0.224477 0.056177 0.003000
v 0.224377 0.056605 0.004061
v 0.222133 0.056178 -0.004061
v 0.222203 0.055744 -0.003000
v 0.222203 0.055744 0.003000
v 0.222133 0.056178 0.004061
v 0.217478 0.055571 -0.004061
v 0.217524 0.055133 -0.003000
v 0.217524 0.055133 0.003000
v 0.217478 0.055571 0.004061
v 0.213324 0.055247 -0.004061
v 0.213338 0.054807 -0.003000
v 0.213338 0.054807 0.003000
v 0.213324 0.055247 0.004061
v 0.209147 0.055302 -0.004061
v 0.209120 0.054863 -0.003000
v 0.209120 0.054863 0.003000
v 0.209147 0.055302 0.004061
v 0.204478 0.055828 -0.004061
v 0.204417 0.055392 -0.003000
v 0.204417 0.055392 0.003000
v 0.204478 0.055828 0.004061
v 0.201981 0.056243 -0.004061
v 0.201894 0.055812 -0.003000
v 0.201894 0.055812 0.003000
v 0.201981 0.056243 0.004061
v 0.199746 0.056778 -0.004061
v 0.199614 0.056358 -0.003000
v 0.199614 0.056358 0.003000
v 0.199746 0.056778 0.004061
v 0.197583 0.057626 -0.004061
v 0.197389 0.057230 -0.003000
v 0.197389 0.057230 0.003000
v 0.197583 0.057626 0.004061
vn -0.1589 -0.1086 0.9813
vn 0.0493 0.1892 0.9807
vn -0.1021 0.0699 0.9923
vn 0.0483 0.1882 0.9809
vn 0.0441 0.1882 0.9811
vn -0.1627 -0.1163 0.9798
vn 0.0374 0.1890 0.9813
vn 0.0303 0.1905 0.9812
vn 0.0267 0.1930 0.9808
vn -0.1493 -0.1412 0.9787
vn 0.0292 0.1945 0.9805
vn 0.0349 0.1938 0.9804
vn 0.0395 0.1922 0.9806
vn -0.1205 -0.1661 0.9787
vn 0.0420 0.1910 0.9807
vn 0.0423 0.1902 0.9808
vn 0.0939 0.0033 0.9956
vn -0.0896 -0.1834 0.9789
vn 0.0568 -0.1854 0.9810
vn 0.0561 -0.1892 0.9803
vn -0.0608 -0.1936 0.9792
vn 0.0453 -0.1946 0.9798
vn -0.0396 -0.1952 0.9800
vn 0.0314 -0.1960 0.9801
vn -0.0274 -0.1963 0.9802
vn 0.0205 -0.1971 0.9802
vn -0.0126 -0.2004 0.9796
vn 0.0065 -0.2002 0.9797
vn -0.1589 -0.1086 -0.9813
vn -0.1021 0.0699 -0.9923
vn 0.0493 0.1892 -0.9807
vn 0.0483 0.1882 -0.9809
vn 0.0441 0.1882 -0.9811
vn -0.1627 -0.1163 -0.9798
vn 0.0374 0.1890 -0.9813
vn 0.0303 0.1905 -0.9812
vn 0.0267 0.1930 -0.9808
vn -0.1493 -0.1412 -0.9787
vn 0.0292 0.1945 -0.9805
vn 0.0349 0.1938 -0.9804
vn 0.0395 0.1922 -0.9806
vn -0.1205 -0.1661 -0.9787
vn 0.0420 0.1910 -0.9807
vn 0.0423 0.1902 -0.9808
vn 0.0939 0.0033 -0.9956
vn -0.0896 -0.1834 -0.9789
vn 0.0568 -0.1854 -0.9810
vn 0.0561 -0.1892 -0.9803
vn -0.0608 -0.1936 -0.9792
vn 0.0453 -0.1946 -0.9798
vn -0.0396 -0.1952 -0.9800
vn 0.0314 -0.1960 -0.9801
vn -0.0274 -0.1963 -0.9802
vn 0.0205 -0.1971 -0.9802
vn -0.0126 -0.2004 -0.9796
vn 0.0065 -0.2002 -0.9797
vn -0.2239 -0.3087 -0.9244
vn -0.2771 -0.2619 -0.9245
vn -0.5760 -0.7942 -0.1937
vn -0.7130 -0.6739 -0.1936
vn -0.6710 -0.6342 -0.3841
vn -0.5421 -0.7474 -0.3841
vn -0.5760 -0.7942 0.1937
vn -0.7130 -0.6739 0.1936
vn -0.5421 -0.7474 0.3840
vn -0.6710 -0.6342 0.3841
vn -0.2771 -0.2619 0.9245
vn -0.2239 -0.3087 0.9244
vn -0.3111 -0.2224 -0.9240
vn -0.7981 -0.5704 -0.1942
vn -0.7515 -0.5372 -0.3830
vn -0.7981 -0.5704 0.1943
vn -0.7515 -0.5372 0.3830
vn -0.3111 -0.2224 0.9240
vn -0.3158 -0.2159 -0.9239
vn -0.8095 -0.5535 -0.1956
vn -0.7626 -0.5214 -0.3828
vn -0.8095 -0.5535 0.1956
vn -0.7626 -0.5214 0.3828
vn -0.3158 -0.2159 0.9239
vn -0.3112 -0.2227 -0.9239
vn -0.8066 -0.5772 -0.1270
vn -0.7513 -0.5377 -0.3827
vn -0.8066 -0.5772 0.1270
vn -0.7513 -0.5377 0.3827
vn -0.3112 -0.2227 0.9239
vn 0.0951 0.3707 -0.9239
vn 0.0964 0.3703 -0.9239
vn 0.2466 0.9608 -0.1270
vn 0.2471 0.9492 -0.1950
vn 0.2328 0.8941 -0.3827
vn 0.2297 0.8949 -0.3827
vn 0.2466 0.9608 0.1270
vn 0.2471 0.9492 0.1950
vn 0.2297 0.8949 0.3827
vn 0.2328 0.8941 0.3827
vn 0.0964 0.3703 0.9239
vn 0.0951 0.3707 0.9239
vn 0.0952 0.3707 -0.9239
vn 0.2439 0.9499 -0.1953
vn 0.2298 0.8948 -0.3827
vn 0.2439 0.9499 0.1953
vn 0.2298 0.8948 0.3827
vn 0.0952 0.3707 0.9239
vn 0.0872 0.3726 -0.9239
vn 0.2235 0.9549 -0.1955
vn 0.2105 0.8996 -0.3827
vn 0.2235 0.9549 0.1955
vn 0.2105 0.8996 0.3827
vn 0.0872 0.3726 0.9239
vn 0.0743 0.3753 -0.9239
vn 0.1904 0.9620 -0.1956
vn 0.1793 0.9063 -0.3827
vn 0.1904 0.9620 0.1956
vn 0.1793 0.9063 0.3827
vn 0.0743 0.3753 0.9239
vn 0.0601 0.3779 -0.9239
vn 0.1541 0.9685 -0.1955
vn 0.1451 0.9124 -0.3827
vn 0.1541 0.9685 0.1955
vn 0.1451 0.9124 0.3827
vn 0.0601 0.3779 0.9239
vn 0.0525 0.3791 -0.9239
vn 0.1345 0.9715 -0.1951
vn 0.1267 0.9152 -0.3827
vn 0.1345 0.9715 0.1951
vn 0.1267 0.9152 0.3827
vn 0.0525 0.3791 0.9239
vn 0.0568 0.3784 -0.9239
vn 0.1455 0.9700 -0.1948
vn 0.1370 0.9136 -0.3827
vn 0.1455 0.9700 0.1948
vn 0.1370 0.9136 0.3827
vn 0.0568 0.3784 0.9239
vn 0.0678 0.3766 -0.9239
vn 0.1737 0.9654 -0.1947
vn 0.1636 0.9093 -0.3827
vn 0.1737 0.9654 0.1947
vn 0.1636 0.9093 0.3827
vn 0.0678 0.3766 0.9239
vn 0.0771 0.3748 -0.9239
vn 0.1976 0.9607 -0.1949
vn 0.1861 0.9049 -0.3827
vn 0.1976 0.9607 0.1949
vn 0.1861 0.9049 0.3827
vn 0.0771 0.3748 0.9239
vn 0.0822 0.3737 -0.9239
vn 0.2108 0.9579 -0.1950
vn 0.1986 0.9023 -0.3827
vn 0.2108 0.9579 0.1950
vn 0.1986 0.9023 0.3827
vn 0.0822 0.3737 0.9239
vn 0.0830 0.3736 -0.9239
vn 0.2128 0.9574 -0.1951
vn 0.2005 0.9019 -0.3827
vn 0.2128 0.9574 0.1951
vn 0.2005 0.9019 0.3827
vn 0.0830 0.3736 0.9239
vn 0.2136 0.9711 -0.1064
vn 0.1985 0.9023 -0.3827
vn 0.2136 0.9711 0.1064
vn 0.1985 0.9023 0.3827
vn 0.1086 -0.3669 -0.9239
vn 0.1121 -0.3659 -0.9239
vn 0.2822 -0.9534 -0.1064
vn 0.2873 -0.9377 -0.1953
vn 0.2707 -0.8833 -0.3827
vn 0.2622 -0.8859 -0.3827
vn 0.2822 -0.9534 0.1064
vn 0.2873 -0.9377 0.1953
vn 0.2622 -0.8859 0.3827
vn 0.2707 -0.8833 0.3827
vn 0.1121 -0.3659 0.9239
vn 0.1086 -0.3669 0.9239
vn 0.1087 -0.3668 -0.9239
vn 0.2788 -0.9404 -0.1947
vn 0.2626 -0.8858 -0.3827
vn 0.2788 -0.9404 0.1947
vn 0.2626 -0.8858 0.3827
vn 0.1087 -0.3668 0.9239
vn 0.0868 -0.3724 -0.9240
vn 0.2226 -0.9554 -0.1943
vn 0.2096 -0.8997 -0.3830
vn 0.2226 -0.9554 0.1943
vn 0.2096 -0.8997 0.3830
vn 0.0868 -0.3724 0.9240
vn 0.0606 -0.3777 -0.9239
vn 0.1553 -0.9685 -0.1945
vn 0.1463 -0.9122 -0.3828
vn 0.1553 -0.9685 0.1945
vn 0.1463 -0.9122 0.3828
vn 0.0606 -0.3777 0.9239
vn 0.0396 -0.3805 -0.9239
vn 0.1016 -0.9756 -0.1945
vn 0.0957 -0.9189 -0.3828
vn 0.1016 -0.9756 0.1945
vn 0.0957 -0.9189 0.3828
vn 0.0396 -0.3805 0.9239
vn 0.0123 -0.3821 -0.9240
vn 0.0317 -0.9805 -0.1942
vn 0.0298 -0.9233 -0.3830
vn 0.0317 -0.9805 0.1942
vn 0.0298 -0.9233 0.3830
vn 0.0123 -0.3821 0.9240
vn -0.0240 -0.3815 -0.9240
vn -0.0615 -0.9790 -0.1941
vn -0.0579 -0.9219 -0.3831
vn -0.0615 -0.9790 0.1941
vn -0.0579 -0.9219 0.3831
vn -0.0240 -0.3815 0.9240
vn -0.0528 -0.3789 -0.9239
vn -0.1354 -0.9715 -0.1945
vn -0.1275 -0.9150 -0.3828
vn -0.1354 -0.9715 0.1945
vn -0.1275 -0.9150 0.3828
vn -0.0528 -0.3789 0.9239
vn -0.0760 -0.3749 -0.9240
vn -0.1948 -0.9614 -0.1944
vn -0.1835 -0.9054 -0.3829
vn -0.1948 -0.9614 0.1944
vn -0.1835 -0.9054 0.3829
vn -0.0760 -0.3749 0.9240
vn -0.1144 -0.3644 -0.9242
vn -0.2938 -0.9360 -0.1939
vn -0.2766 -0.8812 -0.3835
vn -0.2938 -0.9360 0.1939
vn -0.2766 -0.8812 0.3835
vn -0.1144 -0.3644 0.9242
vn -0.1676 -0.3428 -0.9243
vn -0.4308 -0.8814 -0.1938
vn -0.4055 -0.8296 -0.3838
vn -0.4308 -0.8814 0.1938
vn -0.4055 -0.8296 0.3838
vn -0.1676 -0.3428 0.9243
vt 0.111111 0.000000
vt 0.185185 0.000000
vt 0.148148 0.000000
vt 0.222222 0.000000
vt 0.259259 0.000000
vt 0.074074 0.000000
vt 0.296296 0.000000
vt 0.333333 0.000000
vt 0.370370 0.000000
vt 0.037037 0.000000
vt 0.407407 0.000000
vt 0.444444 0.000000
vt 0.481481 0.000000
vt 0.000000 0.000000
vt 0.518519 0.000000
vt 0.555556 0.000000
vt 0.592593 0.000000
vt 1.000000 0.000000
vt 0.629630 0.000000
vt 0.666667 0.000000
vt 0.962963 0.000000
vt 0.703704 0.000000
vt 0.925926 0.000000
vt 0.740741 0.000000
vt 0.888889 0.000000
vt 0.777778 0.000000
vt 0.851852 0.000000
vt 0.814815 0.000000
vt 0.000000 0.200000
vt 0.035714 0.200000
vt 0.035714 0.000000
vt 0.000000 0.400000
vt 0.035714 0.400000
vt 0.000000 0.600000
vt 0.035714 0.600000
vt 0.000000 0.800000
vt 0.035714 0.800000
vt 0.000000 1.000000
vt 0.035714 1.000000
vt 0.071429 0.200000
vt 0.071429 0.000000
vt 0.071429 0.400000
vt 0.071429 0.600000
vt 0.071429 0.800000
vt 0.071429 1.000000
vt 0.107143 0.200000
vt 0.107143 0.000000
vt 0.107143 0.400000
vt 0.107143 0.600000
vt 0.107143 0.800000
vt 0.107143 1.000000
vt 0.142857 0.200000
vt 0.142857 0.000000
vt 0.142857 0.400000
vt 0.142857 0.600000
vt 0.142857 0.800000
vt 0.142857 1.000000
vt 0.178571 0.200000
vt 0.178571 0.000000
vt 0.178571 0.400000
vt 0.178571 0.600000
vt 0.178571 0.800000
vt 0.178571 1.000000
vt 0.214286 0.200000
vt 0.214286 0.000000
vt 0.214286 0.400000
vt 0.214286 0.600000
vt 0.214286 0.800000
vt 0.214286 1.000000
vt 0.250000 0.200000
vt 0.250000 0.000000
vt 0.250000 0.400000
vt 0.250000 0.600000
vt 0.250000 0.800000
vt 0.250000 1.000000
vt 0.285714 0.200000
vt 0.285714 0.000000
vt 0.285714 0.400000
vt 0.285714 0.600000
vt 0.285714 0.800000
vt 0.285714 1.000000
vt 0.321429 0.200000
vt 0.321429 0.000000
vt 0.321429 0.400000
vt 0.321429 0.600000
vt 0.321429 0.800000
vt 0.321429 1.000000
vt 0.357143 0.200000
vt 0.357143 0.000000
vt 0.357143 0.400000
vt 0.357143 0.600000
vt 0.357143 0.800000
vt 0.357143 1.000000
vt 0.392857 0.200000
vt 0.392857 0.000000
vt 0.392857 0.400000
vt 0.392857 0.600000
vt 0.392857 0.800000
vt 0.392857 1.000000
vt 0.428571 0.200000
vt 0.428571 0.000000
vt 0.428571 0.400000
vt 0.428571 0.600000
vt 0.428571 0.800000
vt 0.428571 1.000000
vt 0.464286 0.200000
vt 0.464286 0.000000
vt 0.464286 0.400000
vt 0.464286 0.600000
vt 0.464286 0.800000
vt 0.464286 1.000000
vt 0.500000 0.200000
vt 0.500000 0.000000
vt 0.500000 0.400000
vt 0.500000 0.600000
vt 0.500000 0.800000
vt 0.500000 1.000000
vt 0.535714 0.200000
vt 0.535714 0.000000
vt 0.535714 0.400000
vt 0.535714 0.600000
vt 0.535714 0.800000
vt 0.535714 1.000000
vt 0.571429 0.200000
vt 0.571429 0.000000
vt 0.571429 0.400000
vt 0.571429 0.600000
vt 0.571429 0.800000
vt 0.571429 1.000000
vt 0.607143 0.200000
vt 0.607143 0.000000
vt 0.607143 0.400000
vt 0.607143 0.600000
vt 0.607143 0.800000
vt 0.607143 1.000000
vt 0.642857 0.200000
vt 0.642857 0.000000
vt 0.642857 0.400000
vt 0.642857 0.600000
vt 0.642857 0.800000
vt 0.642857 1.000000
vt 0.678571 0.200000
vt 0.678571 0.000000
vt 0.678571 0.400000
vt 0.678571 0.600000
vt 0.678571 0.800000
vt 0.678571 1.000000
vt 0.714286 0.200000
vt 0.714286 0.000000
vt 0.714286 0.400000
vt 0.714286 0.600000
vt 0.714286 0.800000
vt 0.714286 1.000000
vt 0.750000 0.200000
vt 0.750000 0.000000
vt 0.750000 0.400000
vt 0.750000 0.600000
vt 0.750000 0.800000
vt 0.750000 1.000000
vt 0.785714 0.200000
vt 0.785714 0.000000
vt 0.785714 0.400000
vt 0.785714 0.600000
vt 0.785714 0.800000
vt 0.785714 1.000000
vt 0.821429 0.200000
vt 0.821429 0.000000
vt 0.821429 0.400000
vt 0.821429 0.600000
vt 0.821429 0.800000
vt 0.821429 1.000000
vt 0.857143 0.200000
vt 0.857143 0.000000
vt 0.857143 0.400000
vt 0.857143 0.600000
vt 0.857143 0.800000
vt 0.857143 1.000000
vt 0.892857 0.200000
vt 0.892857 0.000000
vt 0.892857 0.400000
vt 0.892857 0.600000
vt 0.892857 0.800000
vt 0.892857 1.000000
vt 0.928571 0.200000
vt 0.928571 0.000000
vt 0.928571 0.400000
vt 0.928571 0.600000
vt 0.928571 0.800000
vt 0.928571 1.000000
vt 0.964286 0.200000
vt 0.964286 0.000000
vt 0.964286 0.400000
vt 0.964286 0.600000
vt 0.964286 0.800000
vt 0.964286 1.000000
vt 1.000000 0.200000
vt 1.000000 0.400000
vt 1.000000 0.600000
vt 1.000000 0.800000
vt 1.000000 1.000000
s 1
usemtl Chrome_|_violet_anodized
f 1848/1544/2381 1850/1545/2382 1849/1546/2383
f 1848/1544/2381 1851/1547/2384 1850/1545/2382
f 1848/1544/2381 1852/1548/2385 1851/1547/2384
f 1847/1549/2386 1852/1548/2385 1848/1544/2381
f 1847/1549/2386 1853/1550/2387 1852/1548/2385
f 1847/1549/2386 1854/1551/2388 1853/1550/2387
f 1847/1549/2386 1855/1552/2389 1854/1551/2388
f 1846/1553/2390 1855/1552/2389 1847/1549/2386
f 1846/1553/2390 1856/1554/2391 1855/1552/2389
f 1846/1553/2390 1857/1555/2392 1856/1554/2391
f 1846/1553/2390 1858/1556/2393 1857/1555/2392
f 1845/1557/2394 1858/1556/2393 1846/1553/2390
f 1845/1557/2394 1859/1558/2395 1858/1556/2393
f 1845/1557/2394 1860/1559/2396 1859/1558/2395
f 1845/1557/2394 1861/1560/2397 1860/1559/2396
f 1872/1561/2398 1861/1560/2397 1845/1557/2394
f 1872/1561/2398 1862/1562/2399 1861/1560/2397
f 1872/1561/2398 1863/1563/2400 1862/1562/2399
f 1871/1564/2401 1863/1563/2400 1872/1561/2398
f 1871/1564/2401 1864/1565/2402 1863/1563/2400
f 1870/1566/2403 1864/1565/2402 1871/1564/2401
f 1870/1566/2403 1865/1567/2404 1864/1565/2402
f 1869/1568/2405 1865/1567/2404 1870/1566/2403
f 1869/1568/2405 1866/1569/2406 1865/1567/2404
f 1868/1570/2407 1866/1569/2406 1869/1568/2405
f 1868/1570/2407 1867/1571/2408 1866/1569/2406
f 1876/1544/2409 1877/1546/2410 1878/1545/2411
f 1876/1544/2409 1878/1545/2411 1879/1547/2412
f 1876/1544/2409 1879/1547/2412 1880/1548/2413
f 1875/1549/2414 1876/1544/2409 1880/1548/2413
f 1875/1549/2414 1880/1548/2413 1881/1550/2415
f 1875/1549/2414 1881/1550/2415 1882/1551/2416
f 1875/1549/2414 1882/1551/2416 1883/1552/2417
f 1874/1553/2418 1875/1549/2414 1883/1552/2417
f 1874/1553/2418 1883/1552/2417 1884/1554/2419
f 1874/1553/2418 1884/1554/2419 1885/1555/2420
f 1874/1553/2418 1885/1555/2420 1886/1556/2421
f 1873/1557/2422 1874/1553/2418 1886/1556/2421
f 1873/1557/2422 1886/1556/2421 1887/1558/2423
f 1873/1557/2422 1887/1558/2423 1888/1559/2424
f 1873/1557/2422 1888/1559/2424 1889/1560/2425
f 1900/1561/2426 1873/1557/2422 1889/1560/2425
f 1900/1561/2426 1889/1560/2425 1890/1562/2427
f 1900/1561/2426 1890/1562/2427 1891/1563/2428
f 1899/1564/2429 1900/1561/2426 1891/1563/2428
f 1899/1564/2429 1891/1563/2428 1892/1565/2430
f 1898/1566/2431 1899/1564/2429 1892/1565/2430
f 1898/1566/2431 1892/1565/2430 1893/1567/2432
f 1897/1568/2433 1898/1566/2431 1893/1567/2432
f 1897/1568/2433 1893/1567/2432 1894/1569/2434
f 1896/1570/2435 1897/1568/2433 1894/1569/2434
f 1896/1570/2435 1894/1569/2434 1895/1571/2436
f 1901/1572/2437 1905/1573/2438 1874/1574/2418 1873/1557/2422
f 1902/1575/2439 1906/1576/2440 1905/1573/2441 1901/1572/2442
f 1903/1577/2443 1907/1578/2444 1906/1576/2440 1902/1575/2439
f 1904/1579/2445 1908/1580/2446 1907/1578/2444 1903/1577/2443
f 1845/1581/2394 1846/1582/2390 1908/1580/2447 1904/1579/2448
f 1905/1573/2438 1909/1583/2449 1875/1584/2414 1874/1574/2418
f 1906/1576/2440 1910/1585/2450 1909/1583/2451 1905/1573/2441
f 1907/1578/2444 1911/1586/2452 1910/1585/2450 1906/1576/2440
f 1908/1580/2446 1912/1587/2453 1911/1586/2452 1907/1578/2444
f 1846/1582/2390 1847/1588/2386 1912/1587/2454 1908/1580/2447
f 1909/1583/2449 1913/1589/2455 1876/1590/2409 1875/1584/2414
f 1910/1585/2450 1914/1591/2456 1913/1589/2457 1909/1583/2451
f 1911/1586/2452 1915/1592/2458 1914/1591/2456 1910/1585/2450
f 1912/1587/2453 1916/1593/2459 1915/1592/2458 1911/1586/2452
f 1847/1588/2386 1848/1594/2381 1916/1593/2460 1912/1587/2454
f 1913/1589/2455 1917/1595/2461 1877/1596/2410 1876/1590/2409
f 1914/1591/2456 1918/1597/2462 1917/1595/2463 1913/1589/2457
f 1915/1592/2458 1919/1598/2464 1918/1597/2462 1914/1591/2456
f 1916/1593/2459 1920/1599/2465 1919/1598/2464 1915/1592/2458
f 1848/1594/2381 1849/1600/2383 1920/1599/2466 1916/1593/2460
f 1917/1595/2467 1921/1601/2468 1878/1602/2411 1877/1596/2410
f 1918/1597/2469 1922/1603/2470 1921/1601/2471 1917/1595/2472
f 1919/1598/2473 1923/1604/2474 1922/1603/2470 1918/1597/2469
f 1920/1599/2475 1924/1605/2476 1923/1604/2474 1919/1598/2473
f 1849/1600/2383 1850/1606/2382 1924/1605/2477 1920/1599/2478
f 1921/1601/2468 1925/1607/2479 1879/1608/2412 1878/1602/2411
f 1922/1603/2470 1926/1609/2480 1925/1607/2481 1921/1601/2471
f 1923/1604/2474 1927/1610/2482 1926/1609/2480 1922/1603/2470
f 1924/1605/2476 1928/1611/2483 1927/1610/2482 1923/1604/2474
f 1850/1606/2382 1851/1612/2384 1928/1611/2484 1924/1605/2477
f 1925/1607/2479 1929/1613/2485 1880/1614/2413 1879/1608/2412
f 1926/1609/2480 1930/1615/2486 1929/1613/2487 1925/1607/2481
f 1927/1610/2482 1931/1616/2488 1930/1615/2486 1926/1609/2480
f 1928/1611/2483 1932/1617/2489 1931/1616/2488 1927/1610/2482
f 1851/1612/2384 1852/1618/2385 1932/1617/2490 1928/1611/2484
f 1929/1613/2485 1933/1619/2491 1881/1620/2415 1880/1614/2413
f 1930/1615/2486 1934/1621/2492 1933/1619/2493 1929/1613/2487
f 1931/1616/2488 1935/1622/2494 1934/1621/2492 1930/1615/2486
f 1932/1617/2489 1936/1623/2495 1935/1622/2494 1931/1616/2488
f 1852/1618/2385 1853/1624/2387 1936/1623/2496 1932/1617/2490
f 1933/1619/2491 1937/1625/2497 1882/1626/2416 1881/1620/2415
f 1934/1621/2492 1938/1627/2498 1937/1625/2499 1933/1619/2493
f 1935/1622/2494 1939/1628/2500 1938/1627/2498 1934/1621/2492
f 1936/1623/2495 1940/1629/2501 1939/1628/2500 1935/1622/2494
f 1853/1624/2387 1854/1630/2388 1940/1629/2502 1936/1623/2496
f 1937/1625/2497 1941/1631/2503 1883/1632/2417 1882/1626/2416
f 1938/1627/2498 1942/1633/2504 1941/1631/2505 1937/1625/2499
f 1939/1628/2500 1943/1634/2506 1942/1633/2504 1938/1627/2498
f 1940/1629/2501 1944/1635/2507 1943/1634/2506 1939/1628/2500
f 1854/1630/2388 1855/1636/2389 1944/1635/2508 1940/1629/2502
f 1941/1631/2503 1945/1637/2509 1884/1638/2419 1883/1632/2417
f 1942/1633/2504 1946/1639/2510 1945/1637/2511 1941/1631/2505
f 1943/1634/2506 1947/1640/2512 1946/1639/2510 1942/1633/2504
f 1944/1635/2507 1948/1641/2513 1947/1640/2512 1943/1634/2506
f 1855/1636/2389 1856/1642/2391 1948/1641/2514 1944/1635/2508
f 1945/1637/2509 1949/1643/2515 1885/1644/2420 1884/1638/2419
f 1946/1639/2510 1950/1645/2516 1949/1643/2517 1945/1637/2511
f 1947/1640/2512 1951/1646/2518 1950/1645/2516 1946/1639/2510
f 1948/1641/2513 1952/1647/2519 1951/1646/2518 1947/1640/2512
f 1856/1642/2391 1857/1648/2392 1952/1647/2520 1948/1641/2514
f 1949/1643/2515 1953/1649/2521 1886/1650/2421 1885/1644/2420
f 1950/1645/2516 1954/1651/2522 1953/1649/2523 1949/1643/2517
f 1951/1646/2518 1955/1652/2524 1954/1651/2522 1950/1645/2516
f 1952/1647/2519 1956/1653/2525 1955/1652/2524 1951/1646/2518
f 1857/1648/2392 1858/1654/2393 1956/1653/2526 1952/1647/2520
f 1953/1649/2521 1957/1655/2527 1887/1656/2423 1886/1650/2421
f 1954/1651/2522 1958/1657/2528 1957/1655/2529 1953/1649/2523
f 1955/1652/2524 1959/1658/2530 1958/1657/2528 1954/1651/2522
f 1956/1653/2525 1960/1659/2531 1959/1658/2530 1955/1652/2524
f 1858/1654/2393 1859/1660/2395 1960/1659/2532 1956/1653/2526
f 1957/1655/2527 1961/1661/2533 1888/1662/2424 1887/1656/2423
f 1958/1657/2528 1962/1663/2534 1961/1661/2535 1957/1655/2529
f 1959/1658/2530 1963/1664/2536 1962/1663/2534 1958/1657/2528
f 1960/1659/2531 1964/1665/2537 1963/1664/2536 1959/1658/2530
f 1859/1660/2395 1860/1666/2396 1964/1665/2538 1960/1659/2532
f 1961/1661/2533 1965/1667/2527 1889/1668/2425 1888/1662/2424
f 1962/1663/2534 1966/1669/2539 1965/1667/2540 1961/1661/2535
f 1963/1664/2536 1967/1670/2541 1966/1669/2539 1962/1663/2534
f 1964/1665/2537 1968/1671/2542 1967/1670/2541 1963/1664/2536
f 1860/1666/2396 1861/1672/2397 1968/1671/2532 1964/1665/2538
f 1965/1667/2543 1969/1673/2544 1890/1674/2427 1889/1668/2425
f 1966/1669/2545 1970/1675/2546 1969/1673/2547 1965/1667/2548
f 1967/1670/2549 1971/1676/2550 1970/1675/2546 1966/1669/2545
f 1968/1671/2551 1972/1677/2552 1971/1676/2550 1967/1670/2549
f 1861/1672/2397 1862/1678/2399 1972/1677/2553 1968/1671/2554
f 1969/1673/2544 1973/1679/2555 1891/1680/2428 1890/1674/2427
f 1970/1675/2546 1974/1681/2556 1973/1679/2557 1969/1673/2547
f 1971/1676/2550 1975/1682/2558 1974/1681/2556 1970/1675/2546
f 1972/1677/2552 1976/1683/2559 1975/1682/2558 1971/1676/2550
f 1862/1678/2399 1863/1684/2400 1976/1683/2560 1972/1677/2553
f 1973/1679/2555 1977/1685/2561 1892/1686/2430 1891/1680/2428
f 1974/1681/2556 1978/1687/2562 1977/1685/2563 1973/1679/2557
f 1975/1682/2558 1979/1688/2564 1978/1687/2562 1974/1681/2556
f 1976/1683/2559 1980/1689/2565 1979/1688/2564 1975/1682/2558
f 1863/1684/2400 1864/1690/2402 1980/1689/2566 1976/1683/2560
f 1977/1685/2561 1981/1691/2567 1893/1692/2432 1892/1686/2430
f 1978/1687/2562 1982/1693/2568 1981/1691/2569 1977/1685/2563
f 1979/1688/2564 1983/1694/2570 1982/1693/2568 1978/1687/2562
f 1980/1689/2565 1984/1695/2571 1983/1694/2570 1979/1688/2564
f 1864/1690/2402 1865/1696/2404 1984/1695/2572 1980/1689/2566
f 1981/1691/2567 1985/1697/2573 1894/1698/2434 1893/1692/2432
f 1982/1693/2568 1986/1699/2574 1985/1697/2575 1981/1691/2569
f 1983/1694/2570 1987/1700/2576 1986/1699/2574 1982/1693/2568
f 1984/1695/2571 1988/1701/2577 1987/1700/2576 1983/1694/2570
f 1865/1696/2404 1866/1702/2406 1988/1701/2578 1984/1695/2572
f 1985/1697/2573 1989/1703/2579 1895/1704/2436 1894/1698/2434
f 1986/1699/2574 1990/1705/2580 1989/1703/2581 1985/1697/2575
f 1987/1700/2576 1991/1706/2582 1990/1705/2580 1986/1699/2574
f 1988/1701/2577 1992/1707/2583 1991/1706/2582 1987/1700/2576
f 1866/1702/2406 1867/1708/2408 1992/1707/2584 1988/1701/2578
f 1989/1703/2579 1993/1709/2585 1896/1710/2435 1895/1704/2436
f 1990/1705/2580 1994/1711/2586 1993/1709/2587 1989/1703/2581
f 1991/1706/2582 1995/1712/2588 1994/1711/2586 1990/1705/2580
f 1992/1707/2583 1996/1713/2589 1995/1712/2588 1991/1706/2582
f 1867/1708/2408 1868/1714/2407 1996/1713/2590 1992/1707/2584
f 1993/1709/2585 1997/1715/2591 1897/1716/2433 1896/1710/2435
f 1994/1711/2586 1998/1717/2592 1997/1715/2593 1993/1709/2587
f 1995/1712/2588 1999/1718/2594 1998/1717/2592 1994/1711/2586
f 1996/1713/2589 2000/1719/2595 1999/1718/2594 1995/1712/2588
f 1868/1714/2407 1869/1720/2405 2000/1719/2596 1996/1713/2590
f 1997/1715/2591 2001/1721/2597 1898/1722/2431 1897/1716/2433
f 1998/1717/2592 2002/1723/2598 2001/1721/2599 1997/1715/2593
f 1999/1718/2594 2003/1724/2600 2002/1723/2598 1998/1717/2592
f 2000/1719/2595 2004/1725/2601 2003/1724/2600 1999/1718/2594
f 1869/1720/2405 1870/1726/2403 2004/1725/2602 2000/1719/2596
f 2001/1721/2597 2005/1727/2603 1899/1728/2429 1898/1722/2431
f 2002/1723/2598 2006/1729/2604 2005/1727/2605 2001/1721/2599
f 2003/1724/2600 2007/1730/2606 2006/1729/2604 2002/1723/2598
f 2004/1725/2601 2008/1731/2607 2007/1730/2606 2003/1724/2600
f 1870/1726/2403 1871/1732/2401 2008/1731/2608 2004/1725/2602
f 2005/1727/2603 2009/1733/2609 1900/1734/2426 1899/1728/2429
f 2006/1729/2604 2010/1735/2610 2009/1733/2611 2005/1727/2605
f 2007/1730/2606 2011/1736/2612 2010/1735/2610 2006/1729/2604
f 2008/1731/2607 2012/1737/2613 2011/1736/2612 2007/1730/2606
f 1871/1732/2401 1872/1738/2398 2012/1737/2614 2008/1731/2608
f 2009/1733/2609 1901/1739/2437 1873/1561/2422 1900/1734/2426
f 2010/1735/2610 1902/1740/2439 1901/1739/2442 2009/1733/2611
f 2011/1736/2612 1903/1741/2443 1902/1740/2439 2010/1735/2610
f 2012/1737/2613 1904/1742/2445 1903/1741/2443 2011/1736/2612
f 1872/1738/2398 1845/1743/2394 1904/1742/2448 2012/1737/2614
o Fin_|_front_bottom
v 0.204624 0.013006 0.004500
v 0.202606 0.013905 0.004500
v 0.200645 0.014885 0.004500
v 0.199373 0.016096 0.004500
v 0.199422 0.017688 0.004500
v 0.201567 0.019265 0.004500
v 0.204528 0.018453 0.004500
v 0.207970 0.016651 0.004500
v 0.211561 0.015260 0.004500
v 0.216220 0.014315 0.004500
v 0.220423 0.013457 0.004500
v 0.224443 0.012633 0.004500
v 0.228555 0.011792 0.004500
v 0.226126 0.011367 0.004500
v 0.223755 0.010889 0.004500
v 0.221269 0.010516 0.004500
v 0.218497 0.010405 0.004500
v 0.214700 0.010524 0.004500
v 0.211347 0.010839 0.004500
v 0.208101 0.011588 0.004500
v 0.204624 0.013006 -0.004500
v 0.202606 0.013905 -0.004500
v 0.200645 0.014885 -0.004500
v 0.199373 0.016096 -0.004500
v 0.199422 0.017688 -0.004500
v 0.201567 0.019265 -0.004500
v 0.204528 0.018453 -0.004500
v 0.207970 0.016651 -0.004500
v 0.211561 0.015260 -0.004500
v 0.216220 0.014315 -0.004500
v 0.220423 0.013457 -0.004500
v 0.224443 0.012633 -0.004500
v 0.228555 0.011792 -0.004500
v 0.226126 0.011367 -0.004500
v 0.223755 0.010889 -0.004500
v 0.221269 0.010516 -0.004500
v 0.218497 0.010405 -0.004500
v 0.214700 0.010524 -0.004500
v 0.211347 0.010839 -0.004500
v 0.208101 0.011588 -0.004500
v 0.204208 0.012030 -0.004061
v 0.204036 0.011626 -0.003000
v 0.204036 0.011626 0.003000
v 0.204208 0.012030 0.004061
v 0.202153 0.012945 -0.004061
v 0.201965 0.012548 -0.003000
v 0.201965 0.012548 0.003000
v 0.202153 0.012945 0.004061
v 0.200028 0.014007 -0.004061
v 0.199773 0.013644 -0.003000
v 0.199773 0.013644 0.003000
v 0.200028 0.014007 0.004061
v 0.198299 0.015655 -0.004061
v 0.197854 0.015472 -0.003000
v 0.197854 0.015472 0.003000
v 0.198299 0.015655 0.004061
v 0.198378 0.018236 -0.004061
v 0.197945 0.018464 -0.003000
v 0.197945 0.018464 0.003000
v 0.198378 0.018236 0.004061
v 0.201352 0.020424 -0.004061
v 0.201263 0.020904 -0.003000
v 0.201263 0.020904 0.003000
v 0.201352 0.020424 0.004061
v 0.204919 0.019445 -0.004061
v 0.205080 0.019857 -0.003000
v 0.205080 0.019857 0.003000
v 0.204919 0.019445 0.004061
v 0.208409 0.017618 -0.004061
v 0.208591 0.018019 -0.003000
v 0.208591 0.018019 0.003000
v 0.208409 0.017618 0.004061
v 0.211860 0.016282 -0.004061
v 0.211984 0.016705 -0.003000
v 0.211984 0.016705 0.003000
v 0.211860 0.016282 0.004061
v 0.216431 0.015354 -0.004061
v 0.216519 0.015785 -0.003000
v 0.216519 0.015785 0.003000
v 0.216431 0.015354 0.004061
v 0.220635 0.014496 -0.004061
v 0.220723 0.014926 -0.003000
v 0.220723 0.014926 0.003000
v 0.220635 0.014496 0.004061
v 0.224656 0.013672 -0.004061
v 0.224744 0.014102 -0.003000
v 0.224744 0.014102 0.003000
v 0.224656 0.013672 0.004061
v 0.234243 0.011711 -0.004061
v 0.236599 0.011678 -0.003000
v 0.236599 0.011678 0.003000
v 0.234243 0.011711 0.004061
v 0.226322 0.010324 -0.004061
v 0.226404 0.009892 -0.003000
v 0.226404 0.009892 0.003000
v 0.226322 0.010324 0.004061
v 0.223938 0.009844 -0.004061
v 0.224014 0.009411 -0.003000
v 0.224014 0.009411 0.003000
v 0.223938 0.009844 0.004061
v 0.221369 0.009459 -0.004061
v 0.221411 0.009020 -0.003000
v 0.221411 0.009020 0.003000
v 0.221369 0.009459 0.004061
v 0.218502 0.009343 -0.004061
v 0.218504 0.008904 -0.003000
v 0.218504 0.008904 0.003000
v 0.218502 0.009343 0.004061
v 0.214634 0.009465 -0.004061
v 0.214606 0.009026 -0.003000
v 0.214606 0.009026 0.003000
v 0.214634 0.009465 0.004061
v 0.211178 0.009790 -0.004061
v 0.211107 0.009355 -0.003000
v 0.211107 0.009355 0.003000
v 0.211178 0.009790 0.004061
v 0.207780 0.010574 -0.004061
v 0.207647 0.010153 -0.003000
v 0.207647 0.010153 0.003000
v 0.207780 0.010574 0.004061
vn -0.1999 0.1050 0.9742
vn 0.0757 0.1924 0.9784
vn -0.0411 0.2220 0.9742
vn 0.0777 0.1713 0.9822
vn -0.2085 -0.0856 0.9743
vn 0.0518 0.1769 0.9829
vn -0.1211 -0.1724 0.9776
vn 0.0389 0.1912 0.9808
vn -0.0844 -0.1788 0.9803
vn 0.0391 0.1912 0.9808
vn -0.0773 -0.1812 0.9804
vn 0.0391 0.1911 0.9808
vn -0.0617 -0.1945 0.9790
vn 0.0721 -0.0010 0.9974
vn 0.0358 -0.1902 0.9811
vn -0.0323 -0.2000 0.9793
vn 0.0342 -0.1950 0.9802
vn 0.0190 -0.2004 0.9795
vn -0.0124 -0.1983 0.9801
vn 0.0009 -0.1992 0.9800
vn -0.1999 0.1050 -0.9742
vn -0.0411 0.2220 -0.9742
vn 0.0757 0.1924 -0.9784
vn 0.0777 0.1713 -0.9822
vn -0.2085 -0.0856 -0.9743
vn 0.0518 0.1769 -0.9829
vn -0.1211 -0.1724 -0.9776
vn 0.0389 0.1912 -0.9808
vn -0.0844 -0.1788 -0.9803
vn 0.0391 0.1912 -0.9808
vn -0.0773 -0.1812 -0.9804
vn 0.0391 0.1911 -0.9808
vn -0.0617 -0.1945 -0.9790
vn 0.0721 -0.0010 -0.9974
vn 0.0358 -0.1902 -0.9811
vn -0.0323 -0.2000 -0.9793
vn 0.0342 -0.1950 -0.9802
vn 0.0190 -0.2004 -0.9795
vn -0.0124 -0.1983 -0.9801
vn 0.0009 -0.1992 -0.9800
vn -0.1501 -0.3520 -0.9239
vn -0.1634 -0.3459 -0.9239
vn -0.3847 -0.9022 -0.1947
vn -0.4189 -0.8869 -0.1946
vn -0.3946 -0.8353 -0.3828
vn -0.3624 -0.8498 -0.3827
vn -0.3847 -0.9022 0.1947
vn -0.4189 -0.8869 0.1946
vn -0.3624 -0.8498 0.3827
vn -0.3946 -0.8353 0.3828
vn -0.1634 -0.3459 0.9239
vn -0.1501 -0.3520 0.9239
vn -0.2179 -0.3102 -0.9254
vn -0.5639 -0.8028 -0.1935
vn -0.5302 -0.7548 -0.3863
vn -0.5639 -0.8028 0.1935
vn -0.5302 -0.7548 0.3863
vn -0.2179 -0.3102 0.9254
vn -0.3272 -0.1344 -0.9353
vn -0.6779 -0.7117 -0.1840
vn -0.6372 -0.6690 -0.3827
vn -0.6779 -0.7117 0.1840
vn -0.6372 -0.6690 0.3827
vn -0.3272 -0.1344 0.9353
vn -0.3090 0.1623 -0.9371
vn -0.9825 0.0300 -0.1840
vn -0.9827 0.0300 -0.1829
vn -0.9235 0.0282 -0.3827
vn -0.9825 0.0300 0.1840
vn -0.9827 0.0300 0.1829
vn -0.9235 0.0282 0.3827
vn -0.3090 0.1623 0.9371
vn -0.0636 0.3435 -0.9370
vn -0.5825 0.7920 -0.1829
vn -0.5825 0.7920 -0.1830
vn -0.5474 0.7443 -0.3827
vn -0.5825 0.7920 0.1829
vn -0.5825 0.7920 0.1830
vn -0.5474 0.7443 0.3827
vn -0.0636 0.3435 0.9370
vn 0.1395 0.3543 -0.9247
vn 0.2602 0.9480 -0.1830
vn 0.3594 0.9129 -0.1936
vn 0.3382 0.8589 -0.3846
vn 0.2445 0.8909 -0.3827
vn 0.2602 0.9480 0.1830
vn 0.3594 0.9129 0.1936
vn 0.2445 0.8909 0.3827
vn 0.3382 0.8589 0.3846
vn 0.1395 0.3543 0.9247
vn 0.1579 0.3480 -0.9241
vn 0.4050 0.8929 -0.1967
vn 0.3816 0.8412 -0.3832
vn 0.4050 0.8929 0.1967
vn 0.3816 0.8412 0.3832
vn 0.1579 0.3480 0.9241
vn 0.1072 0.3661 -0.9244
vn 0.2754 0.9408 -0.1978
vn 0.2595 0.8862 -0.3839
vn 0.2754 0.9408 0.1978
vn 0.2595 0.8862 0.3839
vn 0.1072 0.3661 0.9244
vn 0.0763 0.3750 -0.9239
vn 0.1956 0.9611 -0.1951
vn 0.1843 0.9053 -0.3827
vn 0.1956 0.9611 0.1951
vn 0.1843 0.9053 0.3827
vn 0.0763 0.3750 0.9239
vn 0.0767 0.3749 -0.9239
vn 0.1966 0.9609 -0.1951
vn 0.1851 0.9051 -0.3827
vn 0.1966 0.9609 0.1951
vn 0.1851 0.9051 0.3827
vn 0.0767 0.3749 0.9239
vn 0.1967 0.9609 -0.1951
vn 0.1853 0.9051 -0.3827
vn 0.1967 0.9609 0.1951
vn 0.1853 0.9051 0.3827
vn 0.1996 0.9759 -0.0879
vn 0.1996 0.9759 0.0879
vn 0.0660 -0.3769 -0.9239
vn 0.0708 -0.3761 -0.9239
vn 0.1718 -0.9812 -0.0879
vn 0.1814 -0.9638 -0.1954
vn 0.1709 -0.9079 -0.3827
vn 0.1594 -0.9100 -0.3827
vn 0.1718 -0.9812 0.0879
vn 0.1814 -0.9638 0.1954
vn 0.1594 -0.9100 0.3827
vn 0.1709 -0.9079 0.3827
vn 0.0708 -0.3761 0.9239
vn 0.0660 -0.3769 0.9239
vn 0.0662 -0.3768 -0.9239
vn 0.1697 -0.9661 -0.1946
vn 0.1598 -0.9099 -0.3828
vn 0.1697 -0.9661 0.1946
vn 0.1598 -0.9099 0.3828
vn 0.0662 -0.3768 0.9239
vn 0.0361 -0.3805 -0.9241
vn 0.0926 -0.9766 -0.1941
vn 0.0872 -0.9196 -0.3832
vn 0.0926 -0.9766 0.1941
vn 0.0872 -0.9196 0.3832
vn 0.0361 -0.3805 0.9241
vn 0.0017 -0.3825 -0.9240
vn 0.0043 -0.9809 -0.1944
vn 0.0041 -0.9238 -0.3829
vn 0.0043 -0.9809 0.1944
vn 0.0041 -0.9238 0.3829
vn 0.0017 -0.3825 0.9240
vn -0.0239 -0.3818 -0.9239
vn -0.0614 -0.9790 -0.1944
vn -0.0578 -0.9220 -0.3828
vn -0.0614 -0.9790 0.1944
vn -0.0578 -0.9220 0.3828
vn -0.0239 -0.3818 0.9239
vn -0.0609 -0.3771 -0.9242
vn -0.1565 -0.9685 -0.1939
vn -0.1474 -0.9117 -0.3834
vn -0.1565 -0.9685 0.1939
vn -0.1474 -0.9117 0.3834
vn -0.0609 -0.3771 0.9242
vn -0.1153 -0.3638 -0.9243
vn -0.2964 -0.9352 -0.1938
vn -0.2790 -0.8803 -0.3837
vn -0.2964 -0.9352 0.1938
vn -0.2790 -0.8803 0.3837
vn -0.1153 -0.3638 0.9243
vt 0.210526 0.000000
vt 0.315789 0.000000
vt 0.263158 0.000000
vt 0.368421 0.000000
vt 0.157895 0.000000
vt 0.421053 0.000000
vt 0.105263 0.000000
vt 0.473684 0.000000
vt 0.052632 0.000000
vt 0.526316 0.000000
vt 0.000000 0.000000
vt 0.578947 0.000000
vt 1.000000 0.000000
vt 0.631579 0.000000
vt 0.684211 0.000000
vt 0.947368 0.000000
vt 0.736842 0.000000
vt 0.789474 0.000000
vt 0.894737 0.000000
vt 0.842105 0.000000
vt 0.000000 0.200000
vt 0.050000 0.200000
vt 0.050000 0.000000
vt 0.000000 0.400000
vt 0.050000 0.400000
vt 0.000000 0.600000
vt 0.050000 0.600000
vt 0.000000 0.800000
vt 0.050000 0.800000
vt 0.000000 1.000000
vt 0.050000 1.000000
vt 0.100000 0.200000
vt 0.100000 0.000000
vt 0.100000 0.400000
vt 0.100000 0.600000
vt 0.100000 0.800000
vt 0.100000 1.000000
vt 0.150000 0.200000
vt 0.150000 0.000000
vt 0.150000 0.400000
vt 0.150000 0.600000
vt 0.150000 0.800000
vt 0.150000 1.000000
vt 0.200000 0.200000
vt 0.200000 0.000000
vt 0.200000 0.400000
vt 0.200000 0.600000
vt 0.200000 0.800000
vt 0.200000 1.000000
vt 0.250000 0.200000
vt 0.250000 0.000000
vt 0.250000 0.400000
vt 0.250000 0.600000
vt 0.250000 0.800000
vt 0.250000 1.000000
vt 0.300000 0.200000
vt 0.300000 0.000000
vt 0.300000 0.400000
vt 0.300000 0.600000
vt 0.300000 0.800000
vt 0.300000 1.000000
vt 0.350000 0.200000
vt 0.350000 0.000000
vt 0.350000 0.400000
vt 0.350000 0.600000
vt 0.350000 0.800000
vt 0.350000 1.000000
vt 0.400000 0.200000
vt 0.400000 0.000000
vt 0.400000 0.400000
vt 0.400000 0.600000
vt 0.400000 0.800000
vt 0.400000 1.000000
vt 0.450000 0.200000
vt 0.450000 0.000000
vt 0.450000 0.400000
vt 0.450000 0.600000
vt 0.450000 0.800000
vt 0.450000 1.000000
vt 0.500000 0.200000
vt 0.500000 0.000000
vt 0.500000 0.400000
vt 0.500000 0.600000
vt 0.500000 0.800000
vt 0.500000 1.000000
vt 0.550000 0.200000
vt 0.550000 0.000000
vt 0.550000 0.400000
vt 0.550000 0.600000
vt 0.550000 0.800000
vt 0.550000 1.000000
vt 0.600000 0.200000
vt 0.600000 0.000000
vt 0.600000 0.400000
vt 0.600000 0.600000
vt 0.600000 0.800000
vt 0.600000 1.000000
vt 0.650000 0.200000
vt 0.650000 0.000000
vt 0.650000 0.400000
vt 0.650000 0.600000
vt 0.650000 0.800000
vt 0.650000 1.000000
vt 0.700000 0.200000
vt 0.700000 0.000000
vt 0.700000 0.400000
vt 0.700000 0.600000
vt 0.700000 0.800000
vt 0.700000 1.000000
vt 0.750000 0.200000
vt 0.750000 0.000000
vt 0.750000 0.400000
vt 0.750000 0.600000
vt 0.750000 0.800000
vt 0.750000 1.000000
vt 0.800000 0.200000
vt 0.800000 0.000000
vt 0.800000 0.400000
vt 0.800000 0.600000
vt 0.800000 0.800000
vt 0.800000 1.000000
vt 0.850000 0.200000
vt 0.850000 0.000000
vt 0.850000 0.400000
vt 0.850000 0.600000
vt 0.850000 0.800000
vt 0.850000 1.000000
vt 0.900000 0.200000
vt 0.900000 0.000000
vt 0.900000 0.400000
vt 0.900000 0.600000
vt 0.900000 0.800000
vt 0.900000 1.000000
vt 0.950000 0.200000
vt 0.950000 0.000000
vt 0.950000 0.400000
vt 0.950000 0.600000
vt 0.950000 0.800000
vt 0.950000 1.000000
vt 1.000000 0.200000
vt 1.000000 0.400000
vt 1.000000 0.600000
vt 1.000000 0.800000
vt 1.000000 1.000000
s 1
usemtl Chrome_|_violet_anodized
f 2017/1744/2615 2019/1745/2616 2018/1746/2617
f 2017/1744/2615 2020/1747/2618 2019/1745/2616
f 2016/1748/2619 2020/1747/2618 2017/1744/2615
f 2016/1748/2619 2021/1749/2620 2020/1747/2618
f 2015/1750/2621 2021/1749/2620 2016/1748/2619
f 2015/1750/2621 2022/1751/2622 2021/1749/2620
f 2014/1752/2623 2022/1751/2622 2015/1750/2621
f 2014/1752/2623 2023/1753/2624 2022/1751/2622
f 2013/1754/2625 2023/1753/2624 2014/1752/2623
f 2013/1754/2625 2024/1755/2626 2023/1753/2624
f 2032/1756/2627 2024/1755/2626 2013/1754/2625
f 2032/1756/2627 2025/1757/2628 2024/1755/2626
f 2032/1756/2627 2026/1758/2629 2025/1757/2628
f 2031/1759/2630 2026/1758/2629 2032/1756/2627
f 2031/1759/2630 2027/1760/2631 2026/1758/2629
f 2031/1759/2630 2028/1761/2632 2027/1760/2631
f 2030/1762/2633 2028/1761/2632 2031/1759/2630
f 2029/1763/2634 2028/1761/2632 2030/1762/2633
f 2037/1744/2635 2038/1746/2636 2039/1745/2637
f 2037/1744/2635 2039/1745/2637 2040/1747/2638
f 2036/1748/2639 2037/1744/2635 2040/1747/2638
f 2036/1748/2639 2040/1747/2638 2041/1749/2640
f 2035/1750/2641 2036/1748/2639 2041/1749/2640
f 2035/1750/2641 2041/1749/2640 2042/1751/2642
f 2034/1752/2643 2035/1750/2641 2042/1751/2642
f 2034/1752/2643 2042/1751/2642 2043/1753/2644
f 2033/1754/2645 2034/1752/2643 2043/1753/2644
f 2033/1754/2645 2043/1753/2644 2044/1755/2646
f 2052/1756/2647 2033/1754/2645 2044/1755/2646
f 2052/1756/2647 2044/1755/2646 2045/1757/2648
f 2052/1756/2647 2045/1757/2648 2046/1758/2649
f 2051/1759/2650 2052/1756/2647 2046/1758/2649
f 2051/1759/2650 2046/1758/2649 2047/1760/2651
f 2051/1759/2650 2047/1760/2651 2048/1761/2652
f 2050/1762/2653 2051/1759/2650 2048/1761/2652
f 2049/1763/2654 2050/1762/2653 2048/1761/2652
f 2053/1764/2655 2057/1765/2656 2034/1766/2643 2033/1754/2645
f 2054/1767/2657 2058/1768/2658 2057/1765/2659 2053/1764/2660
f 2055/1769/2661 2059/1770/2662 2058/1768/2658 2054/1767/2657
f 2056/1771/2663 2060/1772/2664 2059/1770/2662 2055/1769/2661
f 2013/1773/2625 2014/1774/2623 2060/1772/2665 2056/1771/2666
f 2057/1765/2656 2061/1775/2667 2035/1776/2641 2034/1766/2643
f 2058/1768/2658 2062/1777/2668 2061/1775/2669 2057/1765/2659
f 2059/1770/2662 2063/1778/2670 2062/1777/2668 2058/1768/2658
f 2060/1772/2664 2064/1779/2671 2063/1778/2670 2059/1770/2662
f 2014/1774/2623 2015/1780/2621 2064/1779/2672 2060/1772/2665
f 2061/1775/2667 2065/1781/2673 2036/1782/2639 2035/1776/2641
f 2062/1777/2668 2066/1783/2674 2065/1781/2675 2061/1775/2669
f 2063/1778/2670 2067/1784/2676 2066/1783/2674 2062/1777/2668
f 2064/1779/2671 2068/1785/2677 2067/1784/2676 2063/1778/2670
f 2015/1780/2621 2016/1786/2619 2068/1785/2678 2064/1779/2672
f 2065/1781/2673 2069/1787/2679 2037/1788/2635 2036/1782/2639
f 2066/1783/2680 2070/1789/2681 2069/1787/2682 2065/1781/2682
f 2067/1784/2683 2071/1790/2684 2070/1789/2681 2066/1783/2680
f 2068/1785/2685 2072/1791/2685 2071/1790/2684 2067/1784/2683
f 2016/1786/2619 2017/1792/2615 2072/1791/2686 2068/1785/2678
f 2069/1787/2679 2073/1793/2687 2038/1794/2636 2037/1788/2635
f 2070/1789/2688 2074/1795/2689 2073/1793/2690 2069/1787/2690
f 2071/1790/2691 2075/1796/2692 2074/1795/2689 2070/1789/2688
f 2072/1791/2693 2076/1797/2693 2075/1796/2692 2071/1790/2691
f 2017/1792/2615 2018/1798/2617 2076/1797/2694 2072/1791/2686
f 2073/1793/2687 2077/1799/2695 2039/1800/2637 2038/1794/2636
f 2074/1795/2696 2078/1801/2697 2077/1799/2698 2073/1793/2699
f 2075/1796/2700 2079/1802/2701 2078/1801/2697 2074/1795/2696
f 2076/1797/2702 2080/1803/2703 2079/1802/2701 2075/1796/2700
f 2018/1798/2617 2019/1804/2616 2080/1803/2704 2076/1797/2694
f 2077/1799/2695 2081/1805/2705 2040/1806/2638 2039/1800/2637
f 2078/1801/2697 2082/1807/2706 2081/1805/2707 2077/1799/2698
f 2079/1802/2701 2083/1808/2708 2082/1807/2706 2078/1801/2697
f 2080/1803/2703 2084/1809/2709 2083/1808/2708 2079/1802/2701
f 2019/1804/2616 2020/1810/2618 2084/1809/2710 2080/1803/2704
f 2081/1805/2705 2085/1811/2711 2041/1812/2640 2040/1806/2638
f 2082/1807/2706 2086/1813/2712 2085/1811/2713 2081/1805/2707
f 2083/1808/2708 2087/1814/2714 2086/1813/2712 2082/1807/2706
f 2084/1809/2709 2088/1815/2715 2087/1814/2714 2083/1808/2708
f 2020/1810/2618 2021/1816/2620 2088/1815/2716 2084/1809/2710
f 2085/1811/2711 2089/1817/2717 2042/1818/2642 2041/1812/2640
f 2086/1813/2712 2090/1819/2718 2089/1817/2719 2085/1811/2713
f 2087/1814/2714 2091/1820/2720 2090/1819/2718 2086/1813/2712
f 2088/1815/2715 2092/1821/2721 2091/1820/2720 2087/1814/2714
f 2021/1816/2620 2022/1822/2622 2092/1821/2722 2088/1815/2716
f 2089/1817/2717 2093/1823/2723 2043/1824/2644 2042/1818/2642
f 2090/1819/2718 2094/1825/2724 2093/1823/2725 2089/1817/2719
f 2091/1820/2720 2095/1826/2726 2094/1825/2724 2090/1819/2718
f 2092/1821/2721 2096/1827/2727 2095/1826/2726 2091/1820/2720
f 2022/1822/2622 2023/1828/2624 2096/1827/2728 2092/1821/2722
f 2093/1823/2723 2097/1829/2723 2044/1830/2646 2043/1824/2644
f 2094/1825/2724 2098/1831/2729 2097/1829/2730 2093/1823/2725
f 2095/1826/2726 2099/1832/2731 2098/1831/2729 2094/1825/2724
f 2096/1827/2727 2100/1833/2732 2099/1832/2731 2095/1826/2726
f 2023/1828/2624 2024/1834/2626 2100/1833/2728 2096/1827/2728
f 2097/1829/2723 2101/1835/2723 2045/1836/2648 2044/1830/2646
f 2098/1831/2729 2102/1837/2733 2101/1835/2725 2097/1829/2730
f 2099/1832/2731 2103/1838/2734 2102/1837/2733 2098/1831/2729
f 2100/1833/2732 2104/1839/2727 2103/1838/2734 2099/1832/2731
f 2024/1834/2626 2025/1840/2628 2104/1839/2728 2100/1833/2728
f 2101/1835/2735 2105/1841/2736 2046/1842/2649 2045/1836/2648
f 2102/1837/2737 2106/1843/2738 2105/1841/2739 2101/1835/2740
f 2103/1838/2741 2107/1844/2742 2106/1843/2738 2102/1837/2737
f 2104/1839/2743 2108/1845/2744 2107/1844/2742 2103/1838/2741
f 2025/1840/2628 2026/1846/2629 2108/1845/2745 2104/1839/2746
f 2105/1841/2736 2109/1847/2747 2047/1848/2651 2046/1842/2649
f 2106/1843/2738 2110/1849/2748 2109/1847/2749 2105/1841/2739
f 2107/1844/2742 2111/1850/2750 2110/1849/2748 2106/1843/2738
f 2108/1845/2744 2112/1851/2751 2111/1850/2750 2107/1844/2742
f 2026/1846/2629 2027/1852/2631 2112/1851/2752 2108/1845/2745
f 2109/1847/2747 2113/1853/2753 2048/1854/2652 2047/1848/2651
f 2110/1849/2748 2114/1855/2754 2113/1853/2755 2109/1847/2749
f 2111/1850/2750 2115/1856/2756 2114/1855/2754 2110/1849/2748
f 2112/1851/2751 2116/1857/2757 2115/1856/2756 2111/1850/2750
f 2027/1852/2631 2028/1858/2632 2116/1857/2758 2112/1851/2752
f 2113/1853/2753 2117/1859/2759 2049/1860/2654 2048/1854/2652
f 2114/1855/2754 2118/1861/2760 2117/1859/2761 2113/1853/2755
f 2115/1856/2756 2119/1862/2762 2118/1861/2760 2114/1855/2754
f 2116/1857/2757 2120/1863/2763 2119/1862/2762 2115/1856/2756
f 2028/1858/2632 2029/1864/2634 2120/1863/2764 2116/1857/2758
f 2117/1859/2759 2121/1865/2765 2050/1866/2653 2049/1860/2654
f 2118/1861/2760 2122/1867/2766 2121/1865/2767 2117/1859/2761
f 2119/1862/2762 2123/1868/2768 2122/1867/2766 2118/1861/2760
f 2120/1863/2763 2124/1869/2769 2123/1868/2768 2119/1862/2762
f 2029/1864/2634 2030/1870/2633 2124/1869/2770 2120/1863/2764
f 2121/1865/2765 2125/1871/2771 2051/1872/2650 2050/1866/2653
f 2122/1867/2766 2126/1873/2772 2125/1871/2773 2121/1865/2767
f 2123/1868/2768 2127/1874/2774 2126/1873/2772 2122/1867/2766
f 2124/1869/2769 2128/1875/2775 2127/1874/2774 2123/1868/2768
f 2030/1870/2633 2031/1876/2630 2128/1875/2776 2124/1869/2770
f 2125/1871/2771 2129/1877/2777 2052/1878/2647 2051/1872/2650
f 2126/1873/2772 2130/1879/2778 2129/1877/2779 2125/1871/2773
f 2127/1874/2774 2131/1880/2780 2130/1879/2778 2126/1873/2772
f 2128/1875/2775 2132/1881/2781 2131/1880/2780 2127/1874/2774
f 2031/1876/2630 2032/1882/2627 2132/1881/2782 2128/1875/2776
f 2129/1877/2777 2053/1883/2655 2033/1756/2645 2052/1878/2647
f 2130/1879/2778 2054/1884/2657 2053/1883/2660 2129/1877/2779
f 2131/1880/2780 2055/1885/2661 2054/1884/2657 2130/1879/2778
f 2132/1881/2781 2056/1886/2663 2055/1885/2661 2131/1880/2780
f 2032/1882/2627 2013/1887/2625 2056/1886/2666 2132/1881/2782
o Top_rail
v 0.118786 0.059827 0.007000
v 0.066763 0.060347 0.007000
v 0.066763 0.063815 0.007000
v 0.079769 0.066243 0.007000
v 0.117919 0.066243 0.007000
v 0.119653 0.064162 0.007000
v 0.118786 0.059827 -0.007000
v 0.066763 0.060347 -0.007000
v 0.066763 0.063815 -0.007000
v 0.079769 0.066243 -0.007000
v 0.117919 0.066243 -0.007000
v 0.119653 0.064162 -0.007000
v 0.119365 0.059114 -0.006707
v 0.119604 0.058818 -0.006000
v 0.119604 0.058818 0.006000
v 0.119365 0.059114 0.006707
v 0.066056 0.059647 -0.006707
v 0.065763 0.059357 -0.006000
v 0.065763 0.059357 0.006000
v 0.066056 0.059647 0.006707
v 0.066056 0.064402 -0.006707
v 0.065763 0.064646 -0.006000
v 0.065763 0.064646 0.006000
v 0.066056 0.064402 0.006707
v 0.079703 0.066950 -0.006707
v 0.079676 0.067243 -0.006000
v 0.079676 0.067243 0.006000
v 0.079703 0.066950 0.006707
v 0.118250 0.066950 -0.006707
v 0.118387 0.067243 -0.006000
v 0.118387 0.067243 0.006000
v 0.118250 0.066950 0.006707
v 0.120413 0.064355 -0.006707
v 0.120728 0.064435 -0.006000
v 0.120728 0.064435 0.006000
v 0.120413 0.064355 0.006707
vn -0.1676 0.1393 0.9760
vn 0.0957 0.2043 0.9742
vn -0.0189 0.2044 0.9787
vn 0.2188 0.0556 0.9742
vn 0.1374 -0.1693 0.9759
vn -0.1493 -0.1478 0.9777
vn -0.1677 0.1393 -0.9760
vn -0.0189 0.2044 -0.9787
vn 0.0957 0.2043 -0.9742
vn 0.2188 0.0556 -0.9742
vn 0.1374 -0.1693 -0.9759
vn -0.1493 -0.1478 -0.9777
vn 0.1915 -0.2360 -0.9527
vn -0.2007 -0.1987 -0.9593
vn -0.0098 -0.9847 -0.1739
vn -0.0099 -0.9855 -0.1696
vn -0.0092 -0.9238 -0.3827
vn -0.0098 -0.9847 0.1739
vn -0.0099 -0.9855 0.1696
vn -0.0092 -0.9238 0.3827
vn -0.2007 -0.1987 0.9593
vn 0.1915 -0.2360 0.9527
vn -0.2335 0.1940 -0.9528
vn -0.9855 -0.0000 -0.1696
vn -0.9848 -0.0000 -0.1739
vn -0.9239 -0.0000 -0.3827
vn -0.9855 -0.0000 0.1696
vn -0.9848 -0.0000 0.1739
vn -0.9239 -0.0000 0.3827
vn -0.2335 0.1940 0.9528
vn -0.0351 0.3797 -0.9245
vn -0.1807 0.9680 -0.1739
vn -0.0904 0.9769 -0.1937
vn -0.0851 0.9194 -0.3841
vn -0.1695 0.9082 -0.3827
vn -0.1807 0.9680 0.1739
vn -0.0904 0.9769 0.1937
vn -0.1695 0.9082 0.3827
vn -0.0851 0.9194 0.3841
vn -0.0351 0.3797 0.9245
vn 0.1490 0.3181 -0.9363
vn -0.0000 0.9830 -0.1834
vn -0.0000 0.9239 -0.3827
vn -0.0000 0.9830 0.1834
vn -0.0000 0.9239 0.3827
vn 0.1490 0.3181 0.9363
vn 0.3393 0.0862 -0.9367
vn 0.7552 0.6293 -0.1834
vn 0.7552 0.6294 -0.1832
vn 0.7097 0.5915 -0.3827
vn 0.7552 0.6293 0.1834
vn 0.7552 0.6294 0.1832
vn 0.7097 0.5915 0.3827
vn 0.3393 0.0862 0.9367
vn 0.9640 -0.1928 -0.1832
vn 0.9656 -0.1931 -0.1739
vn 0.9059 -0.1812 -0.3827
vn 0.9640 -0.1928 0.1832
vn 0.9656 -0.1931 0.1739
vn 0.9059 -0.1812 0.3827
vt 0.400000 0.000000
vt 0.800000 0.000000
vt 0.600000 0.000000
vt 1.000000 0.000000
vt 0.000000 0.000000
vt 0.200000 0.000000
vt 0.000000 0.200000
vt 0.166667 0.200000
vt 0.166667 0.000000
vt 0.000000 0.400000
vt 0.166667 0.400000
vt 0.000000 0.600000
vt 0.166667 0.600000
vt 0.000000 0.800000
vt 0.166667 0.800000
vt 0.000000 1.000000
vt 0.166667 1.000000
vt 0.333333 0.200000
vt 0.333333 0.000000
vt 0.333333 0.400000
vt 0.333333 0.600000
vt 0.333333 0.800000
vt 0.333333 1.000000
vt 0.500000 0.200000
vt 0.500000 0.000000
vt 0.500000 0.400000
vt 0.500000 0.600000
vt 0.500000 0.800000
vt 0.500000 1.000000
vt 0.666667 0.200000
vt 0.666667 0.000000
vt 0.666667 0.400000
vt 0.666667 0.600000
vt 0.666667 0.800000
vt 0.666667 1.000000
vt 0.833333 0.200000
vt 0.833333 0.000000
vt 0.833333 0.400000
vt 0.833333 0.600000
vt 0.833333 0.800000
vt 0.833333 1.000000
vt 1.000000 0.200000
vt 1.000000 0.400000
vt 1.000000 0.600000
vt 1.000000 0.800000
vt 1.000000 1.000000
s 1
usemtl Chrome_|_polished_body
f 2135/1888/2783 2137/1889/2784 2136/1890/2785
f 2135/1888/2783 2138/1891/2786 2137/1889/2784
f 2135/1888/2783 2133/1892/2787 2138/1891/2786
f 2134/1893/2788 2133/1892/2787 2135/1888/2783
f 2141/1888/2789 2142/1890/2790 2143/1889/2791
f 2141/1888/2789 2143/1889/2791 2144/1891/2792
f 2141/1888/2789 2144/1891/2792 2139/1892/2793
f 2140/1893/2794 2141/1888/2789 2139/1892/2793
f 2145/1894/2795 2149/1895/2796 2140/1896/2794 2139/1892/2793
f 2146/1897/2797 2150/1898/2798 2149/1895/2799 2145/1894/2799
f 2147/1899/2800 2151/1900/2801 2150/1898/2798 2146/1897/2797
f 2148/1901/2802 2152/1902/2802 2151/1900/2801 2147/1899/2800
f 2133/1903/2787 2134/1904/2788 2152/1902/2803 2148/1901/2804
f 2149/1895/2796 2153/1905/2805 2141/1906/2789 2140/1896/2794
f 2150/1898/2806 2154/1907/2807 2153/1905/2808 2149/1895/2808
f 2151/1900/2809 2155/1908/2810 2154/1907/2807 2150/1898/2806
f 2152/1902/2811 2156/1909/2811 2155/1908/2810 2151/1900/2809
f 2134/1904/2788 2135/1910/2783 2156/1909/2812 2152/1902/2803
f 2153/1905/2805 2157/1911/2813 2142/1912/2790 2141/1906/2789
f 2154/1907/2814 2158/1913/2815 2157/1911/2816 2153/1905/2817
f 2155/1908/2818 2159/1914/2819 2158/1913/2815 2154/1907/2814
f 2156/1909/2820 2160/1915/2821 2159/1914/2819 2155/1908/2818
f 2135/1910/2783 2136/1916/2785 2160/1915/2822 2156/1909/2812
f 2157/1911/2813 2161/1917/2823 2143/1918/2791 2142/1912/2790
f 2158/1913/2815 2162/1919/2824 2161/1917/2825 2157/1911/2816
f 2159/1914/2819 2163/1920/2826 2162/1919/2824 2158/1913/2815
f 2160/1915/2821 2164/1921/2827 2163/1920/2826 2159/1914/2819
f 2136/1916/2785 2137/1922/2784 2164/1921/2828 2160/1915/2822
f 2161/1917/2823 2165/1923/2829 2144/1924/2792 2143/1918/2791
f 2162/1919/2830 2166/1925/2831 2165/1923/2832 2161/1917/2832
f 2163/1920/2833 2167/1926/2834 2166/1925/2831 2162/1919/2830
f 2164/1921/2835 2168/1927/2835 2167/1926/2834 2163/1920/2833
f 2137/1922/2784 2138/1928/2786 2168/1927/2836 2164/1921/2828
f 2165/1923/2829 2145/1929/2795 2139/1891/2793 2144/1924/2792
f 2166/1925/2837 2146/1930/2838 2145/1929/2839 2165/1923/2839
f 2167/1926/2840 2147/1931/2841 2146/1930/2838 2166/1925/2837
f 2168/1927/2842 2148/1932/2842 2147/1931/2841 2167/1926/2840
f 2138/1928/2786 2133/1933/2787 2148/1932/2804 2168/1927/2836
o Top_rail_|_rear_sight
v 0.079075 0.065896 0.003300
v 0.068671 0.064855 0.003300
v 0.070751 0.071098 0.003300
v 0.074566 0.071098 0.003300
v 0.079075 0.065896 -0.003300
v 0.068671 0.064855 -0.003300
v 0.070751 0.071098 -0.003300
v 0.074566 0.071098 -0.003300
v 0.080217 0.065442 -0.003066
v 0.080691 0.065254 -0.002500
v 0.080691 0.065254 0.002500
v 0.080217 0.065442 0.003066
v 0.067858 0.064206 -0.003066
v 0.067521 0.063937 -0.002500
v 0.067521 0.063937 0.002500
v 0.067858 0.064206 0.003066
v 0.070344 0.071664 -0.003066
v 0.070175 0.071898 -0.002500
v 0.070175 0.071898 0.002500
v 0.070344 0.071664 0.003066
v 0.074825 0.071664 -0.003066
v 0.074932 0.071898 -0.002500
v 0.074932 0.071898 0.002500
v 0.074825 0.071664 0.003066
vn -0.1389 -0.1110 0.9841
vn 0.0937 0.2051 0.9742
vn -0.1299 0.1802 0.9750
vn 0.1462 -0.0581 0.9876
vn -0.1389 -0.1110 -0.9841
vn -0.1299 0.1802 -0.9750
vn 0.0937 0.2051 -0.9742
vn 0.1462 -0.0581 -0.9876
vn 0.0381 -0.3808 -0.9239
vn 0.0984 -0.9845 -0.1454
vn 0.0983 -0.9830 -0.1550
vn 0.0919 -0.9193 -0.3827
vn 0.0984 -0.9845 0.1454
vn 0.0983 -0.9830 0.1550
vn 0.0919 -0.9193 0.3827
vn 0.0381 -0.3808 0.9239
vn -0.3630 0.1210 -0.9239
vn -0.1862 0.2584 -0.9479
vn -0.9372 0.3124 -0.1550
vn -0.9337 0.3112 -0.1768
vn -0.8765 0.2922 -0.3827
vn -0.9372 0.3124 0.1550
vn -0.9337 0.3112 0.1768
vn -0.8765 0.2922 0.3827
vn -0.1862 0.2584 0.9479
vn -0.3630 0.1210 0.9239
vn 0.1465 0.3207 -0.9358
vn -0.0000 0.9843 -0.1768
vn -0.0000 0.9830 -0.1837
vn -0.0000 0.9239 -0.3827
vn -0.0000 0.9843 0.1768
vn -0.0000 0.9830 0.1837
vn -0.0000 0.9239 0.3827
vn 0.1465 0.3207 0.9358
vn 0.2892 0.2506 -0.9239
vn 0.7428 0.6438 -0.1837
vn 0.7477 0.6480 -0.1454
vn 0.6982 0.6051 -0.3827
vn 0.7428 0.6438 0.1837
vn 0.7477 0.6480 0.1454
vn 0.6982 0.6051 0.3827
vn 0.2892 0.2506 0.9239
vt 0.333333 0.000000
vt 1.000000 0.000000
vt 0.666667 0.000000
vt 0.000000 0.000000
vt 0.000000 0.200000
vt 0.250000 0.200000
vt 0.250000 0.000000
vt 0.000000 0.400000
vt 0.250000 0.400000
vt 0.000000 0.600000
vt 0.250000 0.600000
vt 0.000000 0.800000
vt 0.250000 0.800000
vt 0.000000 1.000000
vt 0.250000 1.000000
vt 0.500000 0.200000
vt 0.500000 0.000000
vt 0.500000 0.400000
vt 0.500000 0.600000
vt 0.500000 0.800000
vt 0.500000 1.000000
vt 0.750000 0.200000
vt 0.750000 0.000000
vt 0.750000 0.400000
vt 0.750000 0.600000
vt 0.750000 0.800000
vt 0.750000 1.000000
vt 1.000000 0.200000
vt 1.000000 0.400000
vt 1.000000 0.600000
vt 1.000000 0.800000
vt 1.000000 1.000000
s 1
usemtl Chrome_|_polished_body
f 2170/1934/2843 2172/1935/2844 2171/1936/2845
f 2170/1934/2843 2169/1937/2846 2172/1935/2844
f 2174/1934/2847 2175/1936/2848 2176/1935/2849
f 2174/1934/2847 2176/1935/2849 2173/1937/2850
f 2177/1938/2851 2181/1939/2851 2174/1940/2847 2173/1937/2850
f 2178/1941/2852 2182/1942/2853 2181/1939/2854 2177/1938/2854
f 2179/1943/2855 2183/1944/2856 2182/1942/2853 2178/1941/2852
f 2180/1945/2857 2184/1946/2857 2183/1944/2856 2179/1943/2855
f 2169/1947/2846 2170/1948/2843 2184/1946/2858 2180/1945/2858
f 2181/1939/2859 2185/1949/2860 2175/1950/2848 2174/1940/2847
f 2182/1942/2861 2186/1951/2862 2185/1949/2863 2181/1939/2863
f 2183/1944/2864 2187/1952/2865 2186/1951/2862 2182/1942/2861
f 2184/1946/2866 2188/1953/2866 2187/1952/2865 2183/1944/2864
f 2170/1948/2843 2171/1954/2845 2188/1953/2867 2184/1946/2868
f 2185/1949/2860 2189/1955/2869 2176/1956/2849 2175/1950/2848
f 2186/1951/2870 2190/1957/2871 2189/1955/2872 2185/1949/2872
f 2187/1952/2873 2191/1958/2874 2190/1957/2871 2186/1951/2870
f 2188/1953/2875 2192/1959/2875 2191/1958/2874 2187/1952/2873
f 2171/1954/2845 2172/1960/2844 2192/1959/2876 2188/1953/2867
f 2189/1955/2869 2177/1961/2877 2173/1935/2850 2176/1956/2849
f 2190/1957/2878 2178/1962/2879 2177/1961/2880 2189/1955/2880
f 2191/1958/2881 2179/1963/2882 2178/1962/2879 2190/1957/2878
f 2192/1959/2883 2180/1964/2883 2179/1963/2882 2191/1958/2881
f 2172/1960/2844 2169/1965/2846 2180/1964/2884 2192/1959/2876
o Receiver_|_left_violet_swoosh
v 0.001734 0.037803 -0.019300
v -0.004314 0.038857 -0.019300
v -0.009663 0.040377 -0.019300
v -0.014733 0.042085 -0.019300
v -0.019942 0.043699 -0.019300
v -0.014704 0.044380 -0.019300
v -0.009586 0.045110 -0.019300
v -0.004227 0.045741 -0.019300
v 0.001734 0.046127 -0.019300
v 0.014196 0.046208 -0.019300
v 0.025152 0.045709 -0.019300
v 0.036104 0.044899 -0.019300
v 0.048555 0.044046 -0.019300
v 0.058065 0.043454 -0.019300
v 0.066642 0.042845 -0.019300
v 0.074846 0.042230 -0.019300
v 0.083237 0.041618 -0.019300
v 0.074845 0.041194 -0.019300
v 0.066639 0.040774 -0.019300
v 0.058061 0.040344 -0.019300
v 0.048555 0.039884 -0.019300
v 0.036086 0.038911 -0.019300
v 0.025110 0.037763 -0.019300
v 0.014152 0.037155 -0.019300
v 0.001734 0.037803 -0.021700
v -0.004314 0.038857 -0.021700
v -0.009663 0.040377 -0.021700
v -0.014733 0.042085 -0.021700
v -0.019942 0.043699 -0.021700
v -0.014704 0.044380 -0.021700
v -0.009586 0.045110 -0.021700
v -0.004227 0.045741 -0.021700
v 0.001734 0.046127 -0.021700
v 0.014196 0.046208 -0.021700
v 0.025152 0.045709 -0.021700
v 0.036104 0.044899 -0.021700
v 0.048555 0.044046 -0.021700
v 0.058065 0.043454 -0.021700
v 0.066642 0.042845 -0.021700
v 0.074846 0.042230 -0.021700
v 0.083237 0.041618 -0.021700
v 0.074845 0.041194 -0.021700
v 0.066639 0.040774 -0.021700
v 0.058061 0.040344 -0.021700
v 0.048555 0.039884 -0.021700
v 0.036086 0.038911 -0.021700
v 0.025110 0.037763 -0.021700
v 0.014152 0.037155 -0.021700
v 0.001702 0.037522 -0.021583
v 0.001689 0.037405 -0.021300
v 0.001689 0.037405 -0.019700
v 0.001702 0.037522 -0.019417
v -0.004377 0.038581 -0.021583
v -0.004403 0.038466 -0.021300
v -0.004403 0.038466 -0.019700
v -0.004377 0.038581 -0.019417
v -0.009747 0.040107 -0.021583
v -0.009782 0.039995 -0.021300
v -0.009782 0.039995 -0.019700
v -0.009747 0.040107 -0.019417
v -0.014820 0.041816 -0.021583
v -0.014856 0.041705 -0.021300
v -0.014856 0.041705 -0.019700
v -0.014820 0.041816 -0.019417
v -0.021264 0.043813 -0.021583
v -0.021812 0.043860 -0.021300
v -0.021812 0.043860 -0.019700
v -0.021264 0.043813 -0.019417
v -0.014742 0.044660 -0.021583
v -0.014758 0.044776 -0.021300
v -0.014758 0.044776 -0.019700
v -0.014742 0.044660 -0.019417
v -0.009623 0.045390 -0.021583
v -0.009638 0.045506 -0.021300
v -0.009638 0.045506 -0.019700
v -0.009623 0.045390 -0.019417
v -0.004253 0.046023 -0.021583
v -0.004264 0.046140 -0.021300
v -0.004264 0.046140 -0.019700
v -0.004253 0.046023 -0.019417
v 0.001724 0.046410 -0.021583
v 0.001720 0.046527 -0.021300
v 0.001720 0.046527 -0.019700
v 0.001724 0.046410 -0.019417
v 0.014201 0.046491 -0.021583
v 0.014204 0.046608 -0.021300
v 0.014204 0.046608 -0.019700
v 0.014201 0.046491 -0.019417
v 0.025169 0.045991 -0.021583
v 0.025176 0.046108 -0.021300
v 0.025176 0.046108 -0.019700
v 0.025169 0.045991 -0.019417
v 0.036124 0.045181 -0.021583
v 0.036133 0.045298 -0.021300
v 0.036133 0.045298 -0.019700
v 0.036124 0.045181 -0.019417
v 0.048573 0.044328 -0.021583
v 0.048581 0.044445 -0.021300
v 0.048581 0.044445 -0.019700
v 0.048573 0.044328 -0.019417
v 0.058084 0.043736 -0.021583
v 0.058092 0.043853 -0.021300
v 0.058092 0.043853 -0.019700
v 0.058084 0.043736 -0.019417
v 0.066663 0.043127 -0.021583
v 0.066672 0.043244 -0.021300
v 0.066672 0.043244 -0.019700
v 0.066663 0.043127 -0.019417
v 0.074867 0.042512 -0.021583
v 0.074876 0.042629 -0.021300
v 0.074876 0.042629 -0.019700
v 0.074867 0.042512 -0.019417
v 0.087825 0.041568 -0.021583
v 0.089726 0.041547 -0.021300
v 0.089726 0.041547 -0.019700
v 0.087825 0.041568 -0.019417
v 0.074859 0.040911 -0.021583
v 0.074865 0.040794 -0.021300
v 0.074865 0.040794 -0.019700
v 0.074859 0.040911 -0.019417
v 0.066653 0.040492 -0.021583
v 0.066659 0.040375 -0.021300
v 0.066659 0.040375 -0.019700
v 0.066653 0.040492 -0.019417
v 0.058075 0.040061 -0.021583
v 0.058081 0.039944 -0.021300
v 0.058081 0.039944 -0.019700
v 0.058075 0.040061 -0.019417
v 0.048573 0.039602 -0.021583
v 0.048580 0.039485 -0.021300
v 0.048580 0.039485 -0.019700
v 0.048573 0.039602 -0.019417
v 0.036112 0.038629 -0.021583
v 0.036122 0.038513 -0.021300
v 0.036122 0.038513 -0.019700
v 0.036112 0.038629 -0.019417
v 0.025133 0.037481 -0.021583
v 0.025142 0.037364 -0.021300
v 0.025142 0.037364 -0.019700
v 0.025133 0.037481 -0.019417
v 0.014152 0.036872 -0.021583
v 0.014152 0.036755 -0.021300
v 0.014152 0.036755 -0.019700
v 0.014152 0.036872 -0.019417
vn -0.0071 0.1984 0.9801
vn 0.0117 0.1964 0.9805
vn 0.0039 0.1981 0.9802
vn -0.0180 0.1973 0.9802
vn -0.0254 0.1949 0.9805
vn 0.0138 0.1943 0.9809
vn -0.0262 0.1926 0.9809
vn 0.0127 0.1943 0.9809
vn -0.0812 0.0070 0.9967
vn 0.0130 0.1952 0.9807
vn -0.0596 -0.1842 0.9811
vn 0.0142 0.1948 0.9807
vn 0.0144 0.1944 0.9808
vn 0.0250 -0.0003 0.9997
vn -0.0587 -0.1890 0.9802
vn 0.0099 -0.1948 0.9808
vn 0.0099 -0.1949 0.9808
vn 0.0096 -0.1950 0.9808
vn -0.0448 -0.1960 0.9796
vn 0.0122 -0.1929 0.9811
vn 0.0176 -0.1927 0.9811
vn 0.0158 -0.1973 0.9802
vn -0.0226 -0.2007 0.9794
vn 0.0003 -0.2012 0.9795
vn -0.0071 0.1984 -0.9801
vn 0.0039 0.1981 -0.9802
vn 0.0117 0.1964 -0.9805
vn -0.0180 0.1973 -0.9802
vn -0.0254 0.1949 -0.9805
vn 0.0138 0.1943 -0.9809
vn -0.0262 0.1926 -0.9809
vn 0.0127 0.1943 -0.9809
vn -0.0812 0.0070 -0.9967
vn 0.0130 0.1952 -0.9807
vn -0.0596 -0.1842 -0.9811
vn 0.0142 0.1948 -0.9807
vn 0.0144 0.1944 -0.9808
vn 0.0250 -0.0003 -0.9997
vn -0.0587 -0.1890 -0.9802
vn 0.0099 -0.1948 -0.9808
vn 0.0099 -0.1949 -0.9808
vn 0.0096 -0.1950 -0.9808
vn -0.0448 -0.1960 -0.9796
vn 0.0122 -0.1929 -0.9811
vn 0.0176 -0.1927 -0.9811
vn 0.0158 -0.1973 -0.9802
vn -0.0226 -0.2007 -0.9794
vn 0.0003 -0.2012 -0.9795
vn -0.0428 -0.3797 -0.9241
vn -0.0852 -0.3726 -0.9241
vn -0.1099 -0.9748 -0.1940
vn -0.2186 -0.9563 -0.1941
vn -0.2058 -0.9005 -0.3831
vn -0.1035 -0.9178 -0.3833
vn -0.1099 -0.9748 0.1940
vn -0.2186 -0.9563 0.1941
vn -0.1035 -0.9178 0.3833
vn -0.2058 -0.9005 0.3831
vn -0.0852 -0.3726 0.9241
vn -0.0428 -0.3797 0.9241
vn -0.1134 -0.3654 -0.9239
vn -0.2908 -0.9368 -0.1946
vn -0.2739 -0.8823 -0.3828
vn -0.2908 -0.9368 0.1946
vn -0.2739 -0.8823 0.3828
vn -0.1134 -0.3654 0.9239
vn -0.1177 -0.3641 -0.9239
vn -0.3017 -0.9332 -0.1954
vn -0.2842 -0.8791 -0.3827
vn -0.3017 -0.9332 0.1954
vn -0.2842 -0.8791 0.3827
vn -0.1177 -0.3641 0.9239
vn -0.1133 -0.3655 -0.9239
vn -0.2946 -0.9508 -0.0963
vn -0.2735 -0.8825 -0.3827
vn -0.2946 -0.9508 0.0963
vn -0.2735 -0.8825 0.3827
vn -0.1133 -0.3655 0.9239
vn -0.0493 0.3795 -0.9239
vn -0.0517 0.3792 -0.9239
vn -0.1282 0.9871 -0.0963
vn -0.1324 0.9718 -0.1952
vn -0.1247 0.9154 -0.3827
vn -0.1190 0.9162 -0.3827
vn -0.1282 0.9871 0.0963
vn -0.1324 0.9718 0.1952
vn -0.1190 0.9162 0.3827
vn -0.1247 0.9154 0.3827
vn -0.0517 0.3792 0.9239
vn -0.0493 0.3795 0.9239
vn -0.0494 0.3795 -0.9239
vn -0.1266 0.9726 -0.1948
vn -0.1193 0.9161 -0.3827
vn -0.1266 0.9726 0.1948
vn -0.1193 0.9161 0.3827
vn -0.0494 0.3795 0.9239
vn -0.0348 0.3810 -0.9239
vn -0.0891 0.9768 -0.1945
vn -0.0839 0.9200 -0.3828
vn -0.0891 0.9768 0.1945
vn -0.0839 0.9200 0.3828
vn -0.0348 0.3810 0.9239
vn -0.0136 0.3823 -0.9239
vn -0.0349 0.9803 -0.1945
vn -0.0329 0.9232 -0.3828
vn -0.0349 0.9803 0.1945
vn -0.0329 0.9232 0.3828
vn -0.0136 0.3823 0.9239
vn 0.0075 0.3825 -0.9239
vn 0.0191 0.9807 -0.1945
vn 0.0180 0.9237 -0.3828
vn 0.0191 0.9807 0.1945
vn 0.0180 0.9237 0.3828
vn 0.0075 0.3825 0.9239
vn 0.0228 0.3820 -0.9239
vn 0.0585 0.9791 -0.1948
vn 0.0551 0.9222 -0.3827
vn 0.0585 0.9791 0.1948
vn 0.0551 0.9222 0.3827
vn 0.0228 0.3820 0.9239
vn 0.0272 0.3817 -0.9239
vn 0.0697 0.9783 -0.1952
vn 0.0656 0.9215 -0.3827
vn 0.0697 0.9783 0.1952
vn 0.0656 0.9215 0.3827
vn 0.0272 0.3817 0.9239
vn 0.0250 0.3819 -0.9239
vn 0.0640 0.9787 -0.1952
vn 0.0603 0.9219 -0.3827
vn 0.0640 0.9787 0.1952
vn 0.0603 0.9219 0.3827
vn 0.0250 0.3819 0.9239
vn 0.0254 0.3818 -0.9239
vn 0.0652 0.9786 -0.1950
vn 0.0614 0.9218 -0.3827
vn 0.0652 0.9786 0.1950
vn 0.0614 0.9218 0.3827
vn 0.0254 0.3818 0.9239
vn 0.0278 0.3817 -0.9239
vn 0.0714 0.9782 -0.1950
vn 0.0672 0.9214 -0.3827
vn 0.0714 0.9782 0.1950
vn 0.0672 0.9214 0.3827
vn 0.0278 0.3817 0.9239
vn 0.0282 0.3816 -0.9239
vn 0.0723 0.9781 -0.1951
vn 0.0681 0.9214 -0.3827
vn 0.0723 0.9781 0.1951
vn 0.0681 0.9214 0.3827
vn 0.0282 0.3816 0.9239
vn 0.0727 0.9967 -0.0356
vn 0.0727 0.9967 0.0356
vn 0.0194 -0.3822 -0.9239
vn 0.0505 -0.9981 -0.0356
vn 0.0498 -0.9795 -0.1951
vn 0.0469 -0.9227 -0.3827
vn 0.0467 -0.9227 -0.3827
vn 0.0505 -0.9981 0.0356
vn 0.0498 -0.9795 0.1951
vn 0.0467 -0.9227 0.3827
vn 0.0469 -0.9227 0.3827
vn 0.0194 -0.3822 0.9239
vn 0.0496 -0.9795 -0.1951
vn 0.0496 -0.9795 0.1951
vn 0.0188 -0.3822 -0.9239
vn 0.0483 -0.9796 -0.1951
vn 0.0455 -0.9228 -0.3827
vn 0.0483 -0.9796 0.1951
vn 0.0455 -0.9228 0.3827
vn 0.0188 -0.3822 0.9239
vn 0.0241 -0.3819 -0.9239
vn 0.0618 -0.9788 -0.1955
vn 0.0583 -0.9220 -0.3827
vn 0.0618 -0.9788 0.1955
vn 0.0583 -0.9220 0.3827
vn 0.0241 -0.3819 0.9239
vn 0.0348 -0.3811 -0.9239
vn 0.0892 -0.9767 -0.1954
vn 0.0840 -0.9200 -0.3827
vn 0.0892 -0.9767 0.1954
vn 0.0840 -0.9200 0.3827
vn 0.0348 -0.3811 0.9239
vn 0.0305 -0.3814 -0.9239
vn 0.0782 -0.9778 -0.1946
vn 0.0737 -0.9209 -0.3828
vn 0.0782 -0.9778 0.1946
vn 0.0737 -0.9209 0.3828
vn 0.0305 -0.3814 0.9239
vn 0.0006 -0.3822 -0.9241
vn 0.0016 -0.9810 -0.1941
vn 0.0015 -0.9237 -0.3831
vn 0.0016 -0.9810 0.1941
vn 0.0015 -0.9237 0.3831
vn 0.0006 -0.3822 0.9241
vt 0.347826 0.000000
vt 0.434783 0.000000
vt 0.391304 0.000000
vt 0.304348 0.000000
vt 0.260870 0.000000
vt 0.478261 0.000000
vt 0.217391 0.000000
vt 0.521739 0.000000
vt 0.173913 0.000000
vt 0.565217 0.000000
vt 0.130435 0.000000
vt 0.608696 0.000000
vt 0.652174 0.000000
vt 0.695652 0.000000
vt 0.086957 0.000000
vt 0.739130 0.000000
vt 0.782609 0.000000
vt 0.826087 0.000000
vt 0.043478 0.000000
vt 0.869565 0.000000
vt 0.913043 0.000000
vt 0.956522 0.000000
vt 0.000000 0.000000
vt 1.000000 0.000000
vt 0.000000 0.200000
vt 0.041667 0.200000
vt 0.041667 0.000000
vt 0.000000 0.400000
vt 0.041667 0.400000
vt 0.000000 0.600000
vt 0.041667 0.600000
vt 0.000000 0.800000
vt 0.041667 0.800000
vt 0.000000 1.000000
vt 0.041667 1.000000
vt 0.083333 0.200000
vt 0.083333 0.000000
vt 0.083333 0.400000
vt 0.083333 0.600000
vt 0.083333 0.800000
vt 0.083333 1.000000
vt 0.125000 0.200000
vt 0.125000 0.000000
vt 0.125000 0.400000
vt 0.125000 0.600000
vt 0.125000 0.800000
vt 0.125000 1.000000
vt 0.166667 0.200000
vt 0.166667 0.000000
vt 0.166667 0.400000
vt 0.166667 0.600000
vt 0.166667 0.800000
vt 0.166667 1.000000
vt 0.208333 0.200000
vt 0.208333 0.000000
vt 0.208333 0.400000
vt 0.208333 0.600000
vt 0.208333 0.800000
vt 0.208333 1.000000
vt 0.250000 0.200000
vt 0.250000 0.000000
vt 0.250000 0.400000
vt 0.250000 0.600000
vt 0.250000 0.800000
vt 0.250000 1.000000
vt 0.291667 0.200000
vt 0.291667 0.000000
vt 0.291667 0.400000
vt 0.291667 0.600000
vt 0.291667 0.800000
vt 0.291667 1.000000
vt 0.333333 0.200000
vt 0.333333 0.000000
vt 0.333333 0.400000
vt 0.333333 0.600000
vt 0.333333 0.800000
vt 0.333333 1.000000
vt 0.375000 0.200000
vt 0.375000 0.000000
vt 0.375000 0.400000
vt 0.375000 0.600000
vt 0.375000 0.800000
vt 0.375000 1.000000
vt 0.416667 0.200000
vt 0.416667 0.000000
vt 0.416667 0.400000
vt 0.416667 0.600000
vt 0.416667 0.800000
vt 0.416667 1.000000
vt 0.458333 0.200000
vt 0.458333 0.000000
vt 0.458333 0.400000
vt 0.458333 0.600000
vt 0.458333 0.800000
vt 0.458333 1.000000
vt 0.500000 0.200000
vt 0.500000 0.000000
vt 0.500000 0.400000
vt 0.500000 0.600000
vt 0.500000 0.800000
vt 0.500000 1.000000
vt 0.541667 0.200000
vt 0.541667 0.000000
vt 0.541667 0.400000
vt 0.541667 0.600000
vt 0.541667 0.800000
vt 0.541667 1.000000
vt 0.583333 0.200000
vt 0.583333 0.000000
vt 0.583333 0.400000
vt 0.583333 0.600000
vt 0.583333 0.800000
vt 0.583333 1.000000
vt 0.625000 0.200000
vt 0.625000 0.000000
vt 0.625000 0.400000
vt 0.625000 0.600000
vt 0.625000 0.800000
vt 0.625000 1.000000
vt 0.666667 0.200000
vt 0.666667 0.000000
vt 0.666667 0.400000
vt 0.666667 0.600000
vt 0.666667 0.800000
vt 0.666667 1.000000
vt 0.708333 0.200000
vt 0.708333 0.000000
vt 0.708333 0.400000
vt 0.708333 0.600000
vt 0.708333 0.800000
vt 0.708333 1.000000
vt 0.750000 0.200000
vt 0.750000 0.000000
vt 0.750000 0.400000
vt 0.750000 0.600000
vt 0.750000 0.800000
vt 0.750000 1.000000
vt 0.791667 0.200000
vt 0.791667 0.000000
vt 0.791667 0.400000
vt 0.791667 0.600000
vt 0.791667 0.800000
vt 0.791667 1.000000
vt 0.833333 0.200000
vt 0.833333 0.000000
vt 0.833333 0.400000
vt 0.833333 0.600000
vt 0.833333 0.800000
vt 0.833333 1.000000
vt 0.875000 0.200000
vt 0.875000 0.000000
vt 0.875000 0.400000
vt 0.875000 0.600000
vt 0.875000 0.800000
vt 0.875000 1.000000
vt 0.916667 0.200000
vt 0.916667 0.000000
vt 0.916667 0.400000
vt 0.916667 0.600000
vt 0.916667 0.800000
vt 0.916667 1.000000
vt 0.958333 0.200000
vt 0.958333 0.000000
vt 0.958333 0.400000
vt 0.958333 0.600000
vt 0.958333 0.800000
vt 0.958333 1.000000
vt 1.000000 0.200000
vt 1.000000 0.400000
vt 1.000000 0.600000
vt 1.000000 0.800000
vt 1.000000 1.000000
s 1
usemtl Chrome_|_violet_anodized
f 2201/1966/2885 2203/1967/2886 2202/1968/2887
f 2200/1969/2888 2203/1967/2886 2201/1966/2885
f 2199/1970/2889 2203/1967/2886 2200/1969/2888
f 2199/1970/2889 2204/1971/2890 2203/1967/2886
f 2198/1972/2891 2204/1971/2890 2199/1970/2889
f 2198/1972/2891 2205/1973/2892 2204/1971/2890
f 2197/1974/2893 2205/1973/2892 2198/1972/2891
f 2197/1974/2893 2206/1975/2894 2205/1973/2892
f 2196/1976/2895 2206/1975/2894 2197/1974/2893
f 2196/1976/2895 2207/1977/2896 2206/1975/2894
f 2196/1976/2895 2208/1978/2897 2207/1977/2896
f 2196/1976/2895 2209/1979/2898 2208/1978/2897
f 2195/1980/2899 2209/1979/2898 2196/1976/2895
f 2195/1980/2899 2210/1981/2900 2209/1979/2898
f 2195/1980/2899 2211/1982/2901 2210/1981/2900
f 2195/1980/2899 2212/1983/2902 2211/1982/2901
f 2194/1984/2903 2212/1983/2902 2195/1980/2899
f 2194/1984/2903 2213/1985/2904 2212/1983/2902
f 2194/1984/2903 2214/1986/2905 2213/1985/2904
f 2194/1984/2903 2215/1987/2906 2214/1986/2905
f 2193/1988/2907 2215/1987/2906 2194/1984/2903
f 2216/1989/2908 2215/1987/2906 2193/1988/2907
f 2225/1966/2909 2226/1968/2910 2227/1967/2911
f 2224/1969/2912 2225/1966/2909 2227/1967/2911
f 2223/1970/2913 2224/1969/2912 2227/1967/2911
f 2223/1970/2913 2227/1967/2911 2228/1971/2914
f 2222/1972/2915 2223/1970/2913 2228/1971/2914
f 2222/1972/2915 2228/1971/2914 2229/1973/2916
f 2221/1974/2917 2222/1972/2915 2229/1973/2916
f 2221/1974/2917 2229/1973/2916 2230/1975/2918
f 2220/1976/2919 2221/1974/2917 2230/1975/2918
f 2220/1976/2919 2230/1975/2918 2231/1977/2920
f 2220/1976/2919 2231/1977/2920 2232/1978/2921
f 2220/1976/2919 2232/1978/2921 2233/1979/2922
f 2219/1980/2923 2220/1976/2919 2233/1979/2922
f 2219/1980/2923 2233/1979/2922 2234/1981/2924
f 2219/1980/2923 2234/1981/2924 2235/1982/2925
f 2219/1980/2923 2235/1982/2925 2236/1983/2926
f 2218/1984/2927 2219/1980/2923 2236/1983/2926
f 2218/1984/2927 2236/1983/2926 2237/1985/2928
f 2218/1984/2927 2237/1985/2928 2238/1986/2929
f 2218/1984/2927 2238/1986/2929 2239/1987/2930
f 2217/1988/2931 2218/1984/2927 2239/1987/2930
f 2240/1989/2932 2217/1988/2931 2239/1987/2930
f 2241/1990/2933 2245/1991/2934 2218/1992/2927 2217/1988/2931
f 2242/1993/2935 2246/1994/2936 2245/1991/2937 2241/1990/2938
f 2243/1995/2939 2247/1996/2940 2246/1994/2936 2242/1993/2935
f 2244/1997/2941 2248/1998/2942 2247/1996/2940 2243/1995/2939
f 2193/1999/2907 2194/2000/2903 2248/1998/2943 2244/1997/2944
f 2245/1991/2934 2249/2001/2945 2219/2002/2923 2218/1992/2927
f 2246/1994/2936 2250/2003/2946 2249/2001/2947 2245/1991/2937
f 2247/1996/2940 2251/2004/2948 2250/2003/2946 2246/1994/2936
f 2248/1998/2942 2252/2005/2949 2251/2004/2948 2247/1996/2940
f 2194/2000/2903 2195/2006/2899 2252/2005/2950 2248/1998/2943
f 2249/2001/2945 2253/2007/2951 2220/2008/2919 2219/2002/2923
f 2250/2003/2946 2254/2009/2952 2253/2007/2953 2249/2001/2947
f 2251/2004/2948 2255/2010/2954 2254/2009/2952 2250/2003/2946
f 2252/2005/2949 2256/2011/2955 2255/2010/2954 2251/2004/2948
f 2195/2006/2899 2196/2012/2895 2256/2011/2956 2252/2005/2950
f 2253/2007/2951 2257/2013/2957 2221/2014/2917 2220/2008/2919
f 2254/2009/2952 2258/2015/2958 2257/2013/2959 2253/2007/2953
f 2255/2010/2954 2259/2016/2960 2258/2015/2958 2254/2009/2952
f 2256/2011/2955 2260/2017/2961 2259/2016/2960 2255/2010/2954
f 2196/2012/2895 2197/2018/2893 2260/2017/2962 2256/2011/2956
f 2257/2013/2963 2261/2019/2964 2222/2020/2915 2221/2014/2917
f 2258/2015/2965 2262/2021/2966 2261/2019/2967 2257/2013/2968
f 2259/2016/2969 2263/2022/2970 2262/2021/2966 2258/2015/2965
f 2260/2017/2971 2264/2023/2972 2263/2022/2970 2259/2016/2969
f 2197/2018/2893 2198/2024/2891 2264/2023/2973 2260/2017/2974
f 2261/2019/2964 2265/2025/2975 2223/2026/2913 2222/2020/2915
f 2262/2021/2966 2266/2027/2976 2265/2025/2977 2261/2019/2967
f 2263/2022/2970 2267/2028/2978 2266/2027/2976 2262/2021/2966
f 2264/2023/2972 2268/2029/2979 2267/2028/2978 2263/2022/2970
f 2198/2024/2891 2199/2030/2889 2268/2029/2980 2264/2023/2973
f 2265/2025/2975 2269/2031/2981 2224/2032/2912 2223/2026/2913
f 2266/2027/2976 2270/2033/2982 2269/2031/2983 2265/2025/2977
f 2267/2028/2978 2271/2034/2984 2270/2033/2982 2266/2027/2976
f 2268/2029/2979 2272/2035/2985 2271/2034/2984 2267/2028/2978
f 2199/2030/2889 2200/2036/2888 2272/2035/2986 2268/2029/2980
f 2269/2031/2981 2273/2037/2987 2225/2038/2909 2224/2032/2912
f 2270/2033/2982 2274/2039/2988 2273/2037/2989 2269/2031/2983
f 2271/2034/2984 2275/2040/2990 2274/2039/2988 2270/2033/2982
f 2272/2035/2985 2276/2041/2991 2275/2040/2990 2271/2034/2984
f 2200/2036/2888 2201/2042/2885 2276/2041/2992 2272/2035/2986
f 2273/2037/2987 2277/2043/2993 2226/2044/2910 2225/2038/2909
f 2274/2039/2988 2278/2045/2994 2277/2043/2995 2273/2037/2989
f 2275/2040/2990 2279/2046/2996 2278/2045/2994 2274/2039/2988
f 2276/2041/2991 2280/2047/2997 2279/2046/2996 2275/2040/2990
f 2201/2042/2885 2202/2048/2887 2280/2047/2998 2276/2041/2992
f 2277/2043/2993 2281/2049/2999 2227/2050/2911 2226/2044/2910
f 2278/2045/2994 2282/2051/3000 2281/2049/3001 2277/2043/2995
f 2279/2046/2996 2283/2052/3002 2282/2051/3000 2278/2045/2994
f 2280/2047/2997 2284/2053/3003 2283/2052/3002 2279/2046/2996
f 2202/2048/2887 2203/2054/2886 2284/2053/3004 2280/2047/2998
f 2281/2049/2999 2285/2055/3005 2228/2056/2914 2227/2050/2911
f 2282/2051/3000 2286/2057/3006 2285/2055/3007 2281/2049/3001
f 2283/2052/3002 2287/2058/3008 2286/2057/3006 2282/2051/3000
f 2284/2053/3003 2288/2059/3009 2287/2058/3008 2283/2052/3002
f 2203/2054/2886 2204/2060/2890 2288/2059/3010 2284/2053/3004
f 2285/2055/3005 2289/2061/3011 2229/2062/2916 2228/2056/2914
f 2286/2057/3006 2290/2063/3012 2289/2061/3013 2285/2055/3007
f 2287/2058/3008 2291/2064/3014 2290/2063/3012 2286/2057/3006
f 2288/2059/3009 2292/2065/3015 2291/2064/3014 2287/2058/3008
f 2204/2060/2890 2205/2066/2892 2292/2065/3016 2288/2059/3010
f 2289/2061/3011 2293/2067/3017 2230/2068/2918 2229/2062/2916
f 2290/2063/3012 2294/2069/3018 2293/2067/3019 2289/2061/3013
f 2291/2064/3014 2295/2070/3020 2294/2069/3018 2290/2063/3012
f 2292/2065/3015 2296/2071/3021 2295/2070/3020 2291/2064/3014
f 2205/2066/2892 2206/2072/2894 2296/2071/3022 2292/2065/3016
f 2293/2067/3017 2297/2073/3023 2231/2074/2920 2230/2068/2918
f 2294/2069/3018 2298/2075/3024 2297/2073/3025 2293/2067/3019
f 2295/2070/3020 2299/2076/3026 2298/2075/3024 2294/2069/3018
f 2296/2071/3021 2300/2077/3027 2299/2076/3026 2295/2070/3020
f 2206/2072/2894 2207/2078/2896 2300/2077/3028 2296/2071/3022
f 2297/2073/3023 2301/2079/3029 2232/2080/2921 2231/2074/2920
f 2298/2075/3024 2302/2081/3030 2301/2079/3031 2297/2073/3025
f 2299/2076/3026 2303/2082/3032 2302/2081/3030 2298/2075/3024
f 2300/2077/3027 2304/2083/3033 2303/2082/3032 2299/2076/3026
f 2207/2078/2896 2208/2084/2897 2304/2083/3034 2300/2077/3028
f 2301/2079/3029 2305/2085/3023 2233/2086/2922 2232/2080/2921
f 2302/2081/3030 2306/2087/3035 2305/2085/3025 2301/2079/3031
f 2303/2082/3032 2307/2088/3036 2306/2087/3035 2302/2081/3030
f 2304/2083/3033 2308/2089/3027 2307/2088/3036 2303/2082/3032
f 2208/2084/2897 2209/2090/2898 2308/2089/3028 2304/2083/3034
f 2305/2085/3037 2309/2091/3037 2234/2092/2924 2233/2086/2922
f 2306/2087/3038 2310/2093/3039 2309/2091/3040 2305/2085/3041
f 2307/2088/3042 2311/2094/3043 2310/2093/3039 2306/2087/3038
f 2308/2089/3044 2312/2095/3045 2311/2094/3043 2307/2088/3042
f 2209/2090/2898 2210/2096/2900 2312/2095/3046 2308/2089/3046
f 2309/2091/3037 2313/2097/3037 2235/2098/2925 2234/2092/2924
f 2310/2093/3039 2314/2099/3047 2313/2097/3041 2309/2091/3040
f 2311/2094/3043 2315/2100/3048 2314/2099/3047 2310/2093/3039
f 2312/2095/3045 2316/2101/3044 2315/2100/3048 2311/2094/3043
f 2210/2096/2900 2211/2102/2901 2316/2101/3046 2312/2095/3046
f 2313/2097/3037 2317/2103/3049 2236/2104/2926 2235/2098/2925
f 2314/2099/3047 2318/2105/3050 2317/2103/3051 2313/2097/3041
f 2315/2100/3048 2319/2106/3052 2318/2105/3050 2314/2099/3047
f 2316/2101/3044 2320/2107/3053 2319/2106/3052 2315/2100/3048
f 2211/2102/2901 2212/2108/2902 2320/2107/3054 2316/2101/3046
f 2317/2103/3049 2321/2109/3055 2237/2110/2928 2236/2104/2926
f 2318/2105/3050 2322/2111/3056 2321/2109/3057 2317/2103/3051
f 2319/2106/3052 2323/2112/3058 2322/2111/3056 2318/2105/3050
f 2320/2107/3053 2324/2113/3059 2323/2112/3058 2319/2106/3052
f 2212/2108/2902 2213/2114/2904 2324/2113/3060 2320/2107/3054
f 2321/2109/3055 2325/2115/3061 2238/2116/2929 2237/2110/2928
f 2322/2111/3056 2326/2117/3062 2325/2115/3063 2321/2109/3057
f 2323/2112/3058 2327/2118/3064 2326/2117/3062 2322/2111/3056
f 2324/2113/3059 2328/2119/3065 2327/2118/3064 2323/2112/3058
f 2213/2114/2904 2214/2120/2905 2328/2119/3066 2324/2113/3060
f 2325/2115/3061 2329/2121/3067 2239/2122/2930 2238/2116/2929
f 2326/2117/3062 2330/2123/3068 2329/2121/3069 2325/2115/3063
f 2327/2118/3064 2331/2124/3070 2330/2123/3068 2326/2117/3062
f 2328/2119/3065 2332/2125/3071 2331/2124/3070 2327/2118/3064
f 2214/2120/2905 2215/2126/2906 2332/2125/3072 2328/2119/3066
f 2329/2121/3067 2333/2127/3073 2240/2128/2932 2239/2122/2930
f 2330/2123/3068 2334/2129/3074 2333/2127/3075 2329/2121/3069
f 2331/2124/3070 2335/2130/3076 2334/2129/3074 2330/2123/3068
f 2332/2125/3071 2336/2131/3077 2335/2130/3076 2331/2124/3070
f 2215/2126/2906 2216/2132/2908 2336/2131/3078 2332/2125/3072
f 2333/2127/3073 2241/2133/2933 2217/1989/2931 2240/2128/2932
f 2334/2129/3074 2242/2134/2935 2241/2133/2938 2333/2127/3075
f 2335/2130/3076 2243/2135/2939 2242/2134/2935 2334/2129/3074
f 2336/2131/3077 2244/2136/2941 2243/2135/2939 2335/2130/3076
f 2216/2132/2908 2193/2137/2907 2244/2136/2944 2336/2131/3078
o Receiver_|_left_eye_ring
v 0.019290 0.043300 -0.018500
v 0.018250 0.046500 -0.018500
v 0.016273 0.049221 -0.018500
v 0.013552 0.051198 -0.018500
v 0.010352 0.052238 -0.018500
v 0.006989 0.052238 -0.018500
v 0.003789 0.051198 -0.018500
v 0.001068 0.049221 -0.018500
v -0.000909 0.046500 -0.018500
v -0.001949 0.043300 -0.018500
v -0.001949 0.039937 -0.018500
v -0.000909 0.036737 -0.018500
v 0.001068 0.034016 -0.018500
v 0.003789 0.032039 -0.018500
v 0.006989 0.030999 -0.018500
v 0.010352 0.030999 -0.018500
v 0.013552 0.032039 -0.018500
v 0.016273 0.034016 -0.018500
v 0.018250 0.036737 -0.018500
v 0.019290 0.039937 -0.018500
v 0.019290 0.043300 -0.022300
v 0.018250 0.046500 -0.022300
v 0.016273 0.049221 -0.022300
v 0.013552 0.051198 -0.022300
v 0.010352 0.052238 -0.022300
v 0.006989 0.052238 -0.022300
v 0.003789 0.051198 -0.022300
v 0.001068 0.049221 -0.022300
v -0.000909 0.046500 -0.022300
v -0.001949 0.043300 -0.022300
v -0.001949 0.039937 -0.022300
v -0.000909 0.036737 -0.022300
v 0.001068 0.034016 -0.022300
v 0.003789 0.032039 -0.022300
v 0.006989 0.030999 -0.022300
v 0.010352 0.030999 -0.022300
v 0.013552 0.032039 -0.022300
v 0.016273 0.034016 -0.022300
v 0.018250 0.036737 -0.022300
v 0.019290 0.039937 -0.022300
v 0.017234 0.042975 -0.023100
v 0.016396 0.045555 -0.023100
v 0.014802 0.047749 -0.023100
v 0.012607 0.049344 -0.023100
v 0.010027 0.050182 -0.023100
v 0.007314 0.050182 -0.023100
v 0.004734 0.049344 -0.023100
v 0.002540 0.047749 -0.023100
v 0.000945 0.045555 -0.023100
v 0.000107 0.042975 -0.023100
v 0.000107 0.040262 -0.023100
v 0.000945 0.037682 -0.023100
v 0.002540 0.035488 -0.023100
v 0.004734 0.033893 -0.023100
v 0.007314 0.033055 -0.023100
v 0.010027 0.033055 -0.023100
v 0.012607 0.033893 -0.023100
v 0.014802 0.035488 -0.023100
v 0.016396 0.037682 -0.023100
v 0.017234 0.040262 -0.023100
v 0.015179 0.042649 -0.022100
v 0.014542 0.044610 -0.022100
v 0.013330 0.046278 -0.022100
v 0.011662 0.047490 -0.022100
v 0.009701 0.048127 -0.022100
v 0.007640 0.048127 -0.022100
v 0.005679 0.047490 -0.022100
v 0.004011 0.046278 -0.022100
v 0.002799 0.044610 -0.022100
v 0.002162 0.042649 -0.022100
v 0.002162 0.040588 -0.022100
v 0.002799 0.038627 -0.022100
v 0.004011 0.036959 -0.022100
v 0.005679 0.035747 -0.022100
v 0.007640 0.035110 -0.022100
v 0.009701 0.035110 -0.022100
v 0.011662 0.035747 -0.022100
v 0.013330 0.036959 -0.022100
v 0.014542 0.038627 -0.022100
v 0.015179 0.040588 -0.022100
v 0.013809 0.042432 -0.024500
v 0.013306 0.043980 -0.024500
v 0.012349 0.045297 -0.024500
v 0.011032 0.046254 -0.024500
v 0.009484 0.046757 -0.024500
v 0.007857 0.046757 -0.024500
v 0.006309 0.046254 -0.024500
v 0.004992 0.045297 -0.024500
v 0.004035 0.043980 -0.024500
v 0.003532 0.042432 -0.024500
v 0.003532 0.040805 -0.024500
v 0.004035 0.039257 -0.024500
v 0.004992 0.037940 -0.024500
v 0.006309 0.036983 -0.024500
v 0.007857 0.036480 -0.024500
v 0.009484 0.036480 -0.024500
v 0.011032 0.036983 -0.024500
v 0.012349 0.037940 -0.024500
v 0.013306 0.039257 -0.024500
v 0.013809 0.040805 -0.024500
v 0.011411 0.042053 -0.025700
v 0.011143 0.042878 -0.025700
v 0.010632 0.043580 -0.025700
v 0.009930 0.044091 -0.025700
v 0.009105 0.044359 -0.025700
v 0.008236 0.044359 -0.025700
v 0.007411 0.044091 -0.025700
v 0.006709 0.043580 -0.025700
v 0.006198 0.042878 -0.025700
v 0.005930 0.042053 -0.025700
v 0.005930 0.041184 -0.025700
v 0.006198 0.040359 -0.025700
v 0.006709 0.039657 -0.025700
v 0.007411 0.039146 -0.025700
v 0.008236 0.038878 -0.025700
v 0.009105 0.038878 -0.025700
v 0.009930 0.039146 -0.025700
v 0.010632 0.039657 -0.025700
v 0.011143 0.040359 -0.025700
v 0.011411 0.041184 -0.025700
v 0.008671 0.041618 -0.026100
vn 0.9877 0.1564 -0.0000
vn 0.8910 0.4540 -0.0000
vn 0.7071 0.7071 -0.0000
vn 0.4540 0.8910 -0.0000
vn 0.1564 0.9877 -0.0000
vn -0.1564 0.9877 -0.0000
vn -0.4540 0.8910 -0.0000
vn -0.7071 0.7071 -0.0000
vn -0.8910 0.4540 -0.0000
vn -0.9877 0.1564 -0.0000
vn -0.9877 -0.1564 -0.0000
vn -0.8910 -0.4540 -0.0000
vn -0.7071 -0.7071 -0.0000
vn -0.4540 -0.8910 -0.0000
vn -0.1564 -0.9877 -0.0000
vn 0.1564 -0.9877 -0.0000
vn 0.4540 -0.8910 -0.0000
vn 0.7071 -0.7071 -0.0000
vn 0.8910 -0.4540 -0.0000
vn 0.9877 -0.1564 -0.0000
vn 0.3544 0.0561 -0.9334
vn 0.3197 0.1629 -0.9334
vn 0.2537 0.2537 -0.9334
vn 0.1629 0.3197 -0.9334
vn 0.0561 0.3544 -0.9334
vn -0.0561 0.3544 -0.9334
vn -0.1629 0.3197 -0.9334
vn -0.2537 0.2537 -0.9334
vn -0.3197 0.1629 -0.9334
vn -0.3544 0.0561 -0.9334
vn -0.3544 -0.0561 -0.9334
vn -0.3197 -0.1629 -0.9334
vn -0.2537 -0.2537 -0.9334
vn -0.1629 -0.3197 -0.9334
vn -0.0561 -0.3544 -0.9334
vn 0.0561 -0.3544 -0.9334
vn 0.1629 -0.3197 -0.9334
vn 0.2537 -0.2537 -0.9334
vn 0.3197 -0.1629 -0.9334
vn 0.3544 -0.0561 -0.9334
vn -0.4278 -0.0678 -0.9013
vn -0.3859 -0.1966 -0.9013
vn -0.3063 -0.3063 -0.9013
vn -0.1966 -0.3859 -0.9013
vn -0.0678 -0.4278 -0.9013
vn 0.0678 -0.4278 -0.9013
vn 0.1966 -0.3859 -0.9013
vn 0.3063 -0.3063 -0.9013
vn 0.3859 -0.1966 -0.9013
vn 0.4278 -0.0678 -0.9013
vn 0.4278 0.0678 -0.9013
vn 0.3859 0.1966 -0.9013
vn 0.3063 0.3063 -0.9013
vn 0.1966 0.3859 -0.9013
vn 0.0678 0.4278 -0.9013
vn -0.0678 0.4278 -0.9013
vn -0.1966 0.3859 -0.9013
vn -0.3063 0.3063 -0.9013
vn -0.3859 0.1966 -0.9013
vn -0.4278 0.0678 -0.9013
vn 0.8551 0.1354 -0.5004
vn 0.6899 0.1093 -0.7156
vn 0.6224 0.3171 -0.7156
vn 0.7714 0.3931 -0.5004
vn 0.4939 0.4939 -0.7156
vn 0.6122 0.6122 -0.5004
vn 0.3171 0.6224 -0.7156
vn 0.3931 0.7714 -0.5004
vn 0.1093 0.6899 -0.7156
vn 0.1354 0.8551 -0.5004
vn -0.1093 0.6899 -0.7156
vn -0.1354 0.8551 -0.5004
vn -0.3171 0.6224 -0.7156
vn -0.3931 0.7714 -0.5004
vn -0.4939 0.4939 -0.7156
vn -0.6122 0.6122 -0.5004
vn -0.6224 0.3171 -0.7156
vn -0.7714 0.3931 -0.5004
vn -0.6899 0.1093 -0.7156
vn -0.8551 0.1354 -0.5004
vn -0.6899 -0.1093 -0.7156
vn -0.8551 -0.1354 -0.5004
vn -0.6224 -0.3171 -0.7156
vn -0.7714 -0.3931 -0.5004
vn -0.4939 -0.4939 -0.7156
vn -0.6122 -0.6122 -0.5004
vn -0.3171 -0.6224 -0.7156
vn -0.3931 -0.7714 -0.5004
vn -0.1093 -0.6899 -0.7156
vn -0.1354 -0.8551 -0.5004
vn 0.1093 -0.6899 -0.7156
vn 0.1354 -0.8551 -0.5004
vn 0.3171 -0.6224 -0.7156
vn 0.3931 -0.7714 -0.5004
vn 0.4939 -0.4939 -0.7156
vn 0.6122 -0.6122 -0.5004
vn 0.6224 -0.3171 -0.7156
vn 0.7714 -0.3931 -0.5004
vn 0.6899 -0.1093 -0.7156
vn 0.8551 -0.1354 -0.5004
vn 0.3070 0.0486 -0.9505
vn 0.2769 0.1411 -0.9505
vn 0.2198 0.2198 -0.9505
vn 0.1411 0.2769 -0.9505
vn 0.0486 0.3070 -0.9505
vn -0.0486 0.3070 -0.9505
vn -0.1411 0.2769 -0.9505
vn -0.2198 0.2198 -0.9505
vn -0.2769 0.1411 -0.9505
vn -0.3070 0.0486 -0.9505
vn -0.3070 -0.0486 -0.9505
vn -0.2769 -0.1411 -0.9505
vn -0.2198 -0.2198 -0.9505
vn -0.1411 -0.2769 -0.9505
vn -0.0486 -0.3070 -0.9505
vn 0.0486 -0.3070 -0.9505
vn 0.1411 -0.2769 -0.9505
vn 0.2198 -0.2198 -0.9505
vn 0.2769 -0.1411 -0.9505
vn 0.3070 -0.0486 -0.9505
vn -0.0000 -0.0000 -1.0000
vn -0.0000 -0.0000 1.0000
s 1
usemtl Chrome_|_polished_body
f 2337//3079 2357//3079 2358//3080 2338//3080
f 2338//3080 2358//3080 2359//3081 2339//3081
f 2339//3081 2359//3081 2360//3082 2340//3082
f 2340//3082 2360//3082 2361//3083 2341//3083
f 2341//3083 2361//3083 2362//3084 2342//3084
f 2342//3084 2362//3084 2363//3085 2343//3085
f 2343//3085 2363//3085 2364//3086 2344//3086
f 2344//3086 2364//3086 2365//3087 2345//3087
f 2345//3087 2365//3087 2366//3088 2346//3088
f 2346//3088 2366//3088 2367//3089 2347//3089
f 2347//3089 2367//3089 2368//3090 2348//3090
f 2348//3090 2368//3090 2369//3091 2349//3091
f 2349//3091 2369//3091 2370//3092 2350//3092
f 2350//3092 2370//3092 2371//3093 2351//3093
f 2351//3093 2371//3093 2372//3094 2352//3094
f 2352//3094 2372//3094 2373//3095 2353//3095
f 2353//3095 2373//3095 2374//3096 2354//3096
f 2354//3096 2374//3096 2375//3097 2355//3097
f 2355//3097 2375//3097 2376//3098 2356//3098
f 2356//3098 2376//3098 2357//3079 2337//3079
f 2357//3099 2377//3099 2378//3100 2358//3100
f 2358//3100 2378//3100 2379//3101 2359//3101
f 2359//3101 2379//3101 2380//3102 2360//3102
f 2360//3102 2380//3102 2381//3103 2361//3103
f 2361//3103 2381//3103 2382//3104 2362//3104
f 2362//3104 2382//3104 2383//3105 2363//3105
f 2363//3105 2383//3105 2384//3106 2364//3106
f 2364//3106 2384//3106 2385//3107 2365//3107
f 2365//3107 2385//3107 2386//3108 2366//3108
f 2366//3108 2386//3108 2387//3109 2367//3109
f 2367//3109 2387//3109 2388//3110 2368//3110
f 2368//3110 2388//3110 2389//3111 2369//3111
f 2369//3111 2389//3111 2390//3112 2370//3112
f 2370//3112 2390//3112 2391//3113 2371//3113
f 2371//3113 2391//3113 2392//3114 2372//3114
f 2372//3114 2392//3114 2393//3115 2373//3115
f 2373//3115 2393//3115 2394//3116 2374//3116
f 2374//3116 2394//3116 2395//3117 2375//3117
f 2375//3117 2395//3117 2396//3118 2376//3118
f 2376//3118 2396//3118 2377//3099 2357//3099
f 2337//3200 2338//3200 2339//3200 2340//3200 2341//3200 2342//3200 2343//3200 2344//3200 2345//3200 2346//3200 2347//3200 2348//3200 2349//3200 2350//3200 2351//3200 2352//3200 2353//3200 2354//3200 2355//3200 2356//3200
usemtl Glow_|_violet_neon
f 2397//3139 2417//3140 2418//3141 2398//3142
f 2398//3142 2418//3141 2419//3143 2399//3144
f 2399//3144 2419//3143 2420//3145 2400//3146
f 2400//3146 2420//3145 2421//3147 2401//3148
f 2401//3148 2421//3147 2422//3149 2402//3150
f 2402//3150 2422//3149 2423//3151 2403//3152
f 2403//3152 2423//3151 2424//3153 2404//3154
f 2404//3154 2424//3153 2425//3155 2405//3156
f 2405//3156 2425//3155 2426//3157 2406//3158
f 2406//3158 2426//3157 2427//3159 2407//3160
f 2407//3160 2427//3159 2428//3161 2408//3162
f 2408//3162 2428//3161 2429//3163 2409//3164
f 2409//3164 2429//3163 2430//3165 2410//3166
f 2410//3166 2430//3165 2431//3167 2411//3168
f 2411//3168 2431//3167 2432//3169 2412//3170
f 2412//3170 2432//3169 2433//3171 2413//3172
f 2413//3172 2433//3171 2434//3173 2414//3174
f 2414//3174 2434//3173 2435//3175 2415//3176
f 2415//3176 2435//3175 2436//3177 2416//3178
f 2416//3178 2436//3177 2417//3140 2397//3139
f 2417//3140 2437//3179 2438//3180 2418//3141
f 2418//3141 2438//3180 2439//3181 2419//3143
f 2419//3143 2439//3181 2440//3182 2420//3145
f 2420//3145 2440//3182 2441//3183 2421//3147
f 2421//3147 2441//3183 2442//3184 2422//3149
f 2422//3149 2442//3184 2443//3185 2423//3151
f 2423//3151 2443//3185 2444//3186 2424//3153
f 2424//3153 2444//3186 2445//3187 2425//3155
f 2425//3155 2445//3187 2446//3188 2426//3157
f 2426//3157 2446//3188 2447//3189 2427//3159
f 2427//3159 2447//3189 2448//3190 2428//3161
f 2428//3161 2448//3190 2449//3191 2429//3163
f 2429//3163 2449//3191 2450//3192 2430//3165
f 2430//3165 2450//3192 2451//3193 2431//3167
f 2431//3167 2451//3193 2452//3194 2432//3169
f 2432//3169 2452//3194 2453//3195 2433//3171
f 2433//3171 2453//3195 2454//3196 2434//3173
f 2434//3173 2454//3196 2455//3197 2435//3175
f 2435//3175 2455//3197 2456//3198 2436//3177
f 2436//3177 2456//3198 2437//3179 2417//3140
f 2437//3179 2457//3199 2438//3180
f 2438//3180 2457//3199 2439//3181
f 2439//3181 2457//3199 2440//3182
f 2440//3182 2457//3199 2441//3183
f 2441//3183 2457//3199 2442//3184
f 2442//3184 2457//3199 2443//3185
f 2443//3185 2457//3199 2444//3186
f 2444//3186 2457//3199 2445//3187
f 2445//3187 2457//3199 2446//3188
f 2446//3188 2457//3199 2447//3189
f 2447//3189 2457//3199 2448//3190
f 2448//3190 2457//3199 2449//3191
f 2449//3191 2457//3199 2450//3192
f 2450//3192 2457//3199 2451//3193
f 2451//3193 2457//3199 2452//3194
f 2452//3194 2457//3199 2453//3195
f 2453//3195 2457//3199 2454//3196
f 2454//3196 2457//3199 2455//3197
f 2455//3197 2457//3199 2456//3198
f 2456//3198 2457//3199 2437//3179
usemtl Chrome_|_smoked_seams
f 2377//3119 2397//3119 2398//3120 2378//3120
f 2378//3120 2398//3120 2399//3121 2379//3121
f 2379//3121 2399//3121 2400//3122 2380//3122
f 2380//3122 2400//3122 2401//3123 2381//3123
f 2381//3123 2401//3123 2402//3124 2382//3124
f 2382//3124 2402//3124 2403//3125 2383//3125
f 2383//3125 2403//3125 2404//3126 2384//3126
f 2384//3126 2404//3126 2405//3127 2385//3127
f 2385//3127 2405//3127 2406//3128 2386//3128
f 2386//3128 2406//3128 2407//3129 2387//3129
f 2387//3129 2407//3129 2408//3130 2388//3130
f 2388//3130 2408//3130 2409//3131 2389//3131
f 2389//3131 2409//3131 2410//3132 2390//3132
f 2390//3132 2410//3132 2411//3133 2391//3133
f 2391//3133 2411//3133 2412//3134 2392//3134
f 2392//3134 2412//3134 2413//3135 2393//3135
f 2393//3135 2413//3135 2414//3136 2394//3136
f 2394//3136 2414//3136 2415//3137 2395//3137
f 2395//3137 2415//3137 2416//3138 2396//3138
f 2396//3138 2416//3138 2397//3119 2377//3119
o Receiver_|_left_upper_vent_glow
v 0.080636 0.037571 -0.021367
v 0.080636 0.037571 -0.019633
v 0.080636 0.036069 -0.018766
v 0.080636 0.034568 -0.019633
v 0.080636 0.034568 -0.021367
v 0.080636 0.036069 -0.022234
v 0.045954 0.037571 -0.021367
v 0.045954 0.037571 -0.019633
v 0.045954 0.036069 -0.018766
v 0.045954 0.034568 -0.019633
v 0.045954 0.034568 -0.021367
v 0.045954 0.036069 -0.022234
v 0.057954 0.037571 -0.021367
v 0.057954 0.037571 -0.019633
v 0.057954 0.036069 -0.018766
v 0.057954 0.034568 -0.019633
v 0.057954 0.034568 -0.021367
v 0.057954 0.036069 -0.022234
v 0.068635 0.037571 -0.021367
v 0.068635 0.037571 -0.019633
v 0.068635 0.036069 -0.018766
v 0.068635 0.034568 -0.019633
v 0.068635 0.034568 -0.021367
v 0.068635 0.036069 -0.022234
vn 1.0000 -0.0000 -0.0000
vn -1.0000 -0.0000 -0.0000
vn -0.0000 0.5000 -0.8660
vn -0.0000 -0.0000 -1.0000
vn -0.0000 1.0000 -0.0000
vn -0.0000 -0.0000 1.0000
vn -0.0000 0.5000 0.8660
vn -0.0000 -0.8660 0.5000
vn -0.0000 -0.8660 -0.5000
vt 1.000000 0.000000
vt 0.600000 0.000000
vt 0.800000 0.000000
vt 0.400000 0.000000
vt 0.000000 0.000000
vt 0.200000 0.000000
vt 0.000000 1.000000
vt 0.333333 1.000000
vt 0.333333 0.833333
vt 0.000000 0.833333
vt 0.000000 0.166667
vt 0.333333 0.166667
vt 0.333333 0.000000
vt 0.000000 0.333333
vt 0.333333 0.333333
vt 0.000000 0.500000
vt 0.333333 0.500000
vt 0.000000 0.666667
vt 0.333333 0.666667
vt 0.666667 1.000000
vt 0.666667 0.833333
vt 0.666667 0.166667
vt 0.666667 0.000000
vt 0.666667 0.333333
vt 0.666667 0.500000
vt 0.666667 0.666667
vt 1.000000 1.000000
vt 1.000000 0.833333
vt 1.000000 0.166667
vt 1.000000 0.333333
vt 1.000000 0.500000
vt 1.000000 0.666667
s 1
usemtl Glow_|_violet_neon
f 2463/2138/3201 2461/2139/3201 2462/2140/3201
f 2463/2138/3201 2460/2141/3201 2461/2139/3201
f 2458/2142/3201 2460/2141/3201 2463/2138/3201
f 2458/2142/3201 2459/2143/3201 2460/2141/3201
f 2466/2141/3202 2468/2140/3202 2467/2139/3202
f 2466/2141/3202 2469/2138/3202 2468/2140/3202
f 2465/2143/3202 2469/2138/3202 2466/2141/3202
f 2465/2143/3202 2464/2142/3202 2469/2138/3202
f 2464/2144/3203 2470/2145/3203 2475/2146/3204 2469/2147/3204
f 2465/2148/3205 2471/2149/3205 2470/2150/3205 2464/2142/3205
f 2466/2151/3206 2472/2152/3206 2471/2149/3207 2465/2148/3207
f 2467/2153/3208 2473/2154/3208 2472/2152/3206 2466/2151/3206
f 2468/2155/3209 2474/2156/3209 2473/2154/3208 2467/2153/3208
f 2469/2147/3204 2475/2146/3204 2474/2156/3209 2468/2155/3209
f 2470/2145/3203 2476/2157/3203 2481/2158/3204 2475/2146/3204
f 2471/2149/3205 2477/2159/3205 2476/2160/3205 2470/2150/3205
f 2472/2152/3206 2478/2161/3206 2477/2159/3207 2471/2149/3207
f 2473/2154/3208 2479/2162/3208 2478/2161/3206 2472/2152/3206
f 2474/2156/3209 2480/2163/3209 2479/2162/3208 2473/2154/3208
f 2475/2146/3204 2481/2158/3204 2480/2163/3209 2474/2156/3209
f 2476/2157/3203 2458/2164/3203 2463/2165/3204 2481/2158/3204
f 2477/2159/3205 2459/2166/3205 2458/2138/3205 2476/2160/3205
f 2478/2161/3206 2460/2167/3206 2459/2166/3207 2477/2159/3207
f 2479/2162/3208 2461/2168/3208 2460/2167/3206 2478/2161/3206
f 2480/2163/3209 2462/2169/3209 2461/2168/3208 2479/2162/3208
f 2481/2158/3204 2463/2165/3204 2462/2169/3209 2480/2163/3209
o Receiver_|_left_middle_vent_glow
v 0.079769 0.033409 -0.021367
v 0.079769 0.033409 -0.019633
v 0.079769 0.031908 -0.018766
v 0.079769 0.030406 -0.019633
v 0.079769 0.030406 -0.021367
v 0.079769 0.031908 -0.022234
v 0.043699 0.033409 -0.021367
v 0.043699 0.033409 -0.019633
v 0.043699 0.031908 -0.018766
v 0.043699 0.030406 -0.019633
v 0.043699 0.030406 -0.021367
v 0.043699 0.031908 -0.022234
v 0.056180 0.033409 -0.021367
v 0.056180 0.033409 -0.019633
v 0.056180 0.031908 -0.018766
v 0.056180 0.030406 -0.019633
v 0.056180 0.030406 -0.021367
v 0.056180 0.031908 -0.022234
v 0.067288 0.033409 -0.021367
v 0.067288 0.033409 -0.019633
v 0.067288 0.031908 -0.018766
v 0.067288 0.030406 -0.019633
v 0.067288 0.030406 -0.021367
v 0.067288 0.031908 -0.022234
vn 1.0000 -0.0000 -0.0000
vn -1.0000 -0.0000 -0.0000
vn -0.0000 0.5000 -0.8660
vn -0.0000 -0.0000 -1.0000
vn -0.0000 1.0000 -0.0000
vn -0.0000 -0.0000 1.0000
vn -0.0000 0.5000 0.8660
vn -0.0000 -0.8660 0.5000
vn -0.0000 -0.8660 -0.5000
vn -0.0000 -0.5000 0.8660
vn -0.0000 -1.0000 -0.0000
vt 1.000000 0.000000
vt 0.600000 0.000000
vt 0.800000 0.000000
vt 0.400000 0.000000
vt 0.000000 0.000000
vt 0.200000 0.000000
vt 0.000000 1.000000
vt 0.333333 1.000000
vt 0.333333 0.833333
vt 0.000000 0.833333
vt 0.000000 0.166667
vt 0.333333 0.166667
vt 0.333333 0.000000
vt 0.000000 0.333333
vt 0.333333 0.333333
vt 0.000000 0.500000
vt 0.333333 0.500000
vt 0.000000 0.666667
vt 0.333333 0.666667
vt 0.666667 1.000000
vt 0.666667 0.833333
vt 0.666667 0.166667
vt 0.666667 0.000000
vt 0.666667 0.333333
vt 0.666667 0.500000
vt 0.666667 0.666667
vt 1.000000 1.000000
vt 1.000000 0.833333
vt 1.000000 0.166667
vt 1.000000 0.333333
vt 1.000000 0.500000
vt 1.000000 0.666667
s 1
usemtl Glow_|_violet_neon
f 2487/2170/3210 2485/2171/3210 2486/2172/3210
f 2487/2170/3210 2484/2173/3210 2485/2171/3210
f 2482/2174/3210 2484/2173/3210 2487/2170/3210
f 2482/2174/3210 2483/2175/3210 2484/2173/3210
f 2490/2173/3211 2492/2172/3211 2491/2171/3211
f 2490/2173/3211 2493/2170/3211 2492/2172/3211
f 2489/2175/3211 2493/2170/3211 2490/2173/3211
f 2489/2175/3211 2488/2174/3211 2493/2170/3211
f 2488/2176/3212 2494/2177/3212 2499/2178/3213 2493/2179/3213
f 2489/2180/3214 2495/2181/3214 2494/2182/3214 2488/2174/3214
f 2490/2183/3215 2496/2184/3215 2495/2181/3216 2489/2180/3216
f 2491/2185/3217 2497/2186/3217 2496/2184/3215 2490/2183/3215
f 2492/2187/3218 2498/2188/3218 2497/2186/3217 2491/2185/3217
f 2493/2179/3213 2499/2178/3213 2498/2188/3218 2492/2187/3218
f 2494/2177/3212 2500/2189/3212 2505/2190/3213 2499/2178/3213
f 2495/2181/3214 2501/2191/3214 2500/2192/3214 2494/2182/3214
f 2496/2184/3215 2502/2193/3215 2501/2191/3216 2495/2181/3216
f 2497/2186/3217 2503/2194/3217 2502/2193/3215 2496/2184/3215
f 2498/2188/3218 2504/2195/3218 2503/2194/3217 2497/2186/3217
f 2499/2178/3213 2505/2190/3213 2504/2195/3218 2498/2188/3218
f 2500/2189/3212 2482/2196/3212 2487/2197/3213 2505/2190/3213
f 2501/2191/3214 2483/2198/3214 2482/2170/3214 2500/2192/3214
f 2502/2193/3215 2484/2199/3215 2483/2198/3216 2501/2191/3216
f 2503/2194/3217 2485/2200/3219 2484/2199/3215 2502/2193/3215
f 2504/2195/3218 2486/2201/3218 2485/2200/3220 2503/2194/3217
f 2505/2190/3213 2487/2197/3213 2486/2201/3218 2504/2195/3218
o Receiver_|_left_lower_vent_glow
v 0.080636 0.029247 -0.021367
v 0.080636 0.029247 -0.019633
v 0.080636 0.027746 -0.018766
v 0.080636 0.026244 -0.019633
v 0.080636 0.026244 -0.021367
v 0.080636 0.027746 -0.022234
v 0.046821 0.029247 -0.021367
v 0.046821 0.029247 -0.019633
v 0.046821 0.027746 -0.018766
v 0.046821 0.026244 -0.019633
v 0.046821 0.026244 -0.021367
v 0.046821 0.027746 -0.022234
v 0.058521 0.029247 -0.021367
v 0.058521 0.029247 -0.019633
v 0.058521 0.027746 -0.018766
v 0.058521 0.026244 -0.019633
v 0.058521 0.026244 -0.021367
v 0.058521 0.027746 -0.022234
v 0.068935 0.029247 -0.021367
v 0.068935 0.029247 -0.019633
v 0.068935 0.027746 -0.018766
v 0.068935 0.026244 -0.019633
v 0.068935 0.026244 -0.021367
v 0.068935 0.027746 -0.022234
vn 1.0000 -0.0000 -0.0000
vn -1.0000 -0.0000 -0.0000
vn -0.0000 0.8660 -0.5000
vn -0.0000 -0.0000 -1.0000
vn -0.0000 0.8660 0.5000
vn -0.0000 0.5000 0.8660
vn -0.0000 -0.0000 1.0000
vn -0.0000 -0.8660 0.5000
vn -0.0000 -0.5000 0.8660
vn -0.0000 -0.8660 -0.5000
vn -0.0000 0.5000 -0.8660
vn -0.0000 -0.5000 -0.8660
vt 1.000000 0.000000
vt 0.600000 0.000000
vt 0.800000 0.000000
vt 0.400000 0.000000
vt 0.000000 0.000000
vt 0.200000 0.000000
vt 0.000000 1.000000
vt 0.333333 1.000000
vt 0.333333 0.833333
vt 0.000000 0.833333
vt 0.000000 0.166667
vt 0.333333 0.166667
vt 0.333333 0.000000
vt 0.000000 0.333333
vt 0.333333 0.333333
vt 0.000000 0.500000
vt 0.333333 0.500000
vt 0.000000 0.666667
vt 0.333333 0.666667
vt 0.666667 1.000000
vt 0.666667 0.833333
vt 0.666667 0.166667
vt 0.666667 0.000000
vt 0.666667 0.333333
vt 0.666667 0.500000
vt 0.666667 0.666667
vt 1.000000 1.000000
vt 1.000000 0.833333
vt 1.000000 0.166667
vt 1.000000 0.333333
vt 1.000000 0.500000
vt 1.000000 0.666667
s 1
usemtl Glow_|_violet_neon
f 2511/2202/3221 2509/2203/3221 2510/2204/3221
f 2511/2202/3221 2508/2205/3221 2509/2203/3221
f 2506/2206/3221 2508/2205/3221 2511/2202/3221
f 2506/2206/3221 2507/2207/3221 2508/2205/3221
f 2514/2205/3222 2516/2204/3222 2515/2203/3222
f 2514/2205/3222 2517/2202/3222 2516/2204/3222
f 2513/2207/3222 2517/2202/3222 2514/2205/3222
f 2513/2207/3222 2512/2206/3222 2517/2202/3222
f 2512/2208/3223 2518/2209/3223 2523/2210/3224 2517/2211/3224
f 2513/2212/3225 2519/2213/3225 2518/2214/3223 2512/2206/3223
f 2514/2215/3226 2520/2216/3227 2519/2213/3225 2513/2212/3225
f 2515/2217/3228 2521/2218/3228 2520/2216/3227 2514/2215/3229
f 2516/2219/3230 2522/2220/3230 2521/2218/3228 2515/2217/3228
f 2517/2211/3224 2523/2210/3224 2522/2220/3230 2516/2219/3230
f 2518/2209/3223 2524/2221/3223 2529/2222/3224 2523/2210/3224
f 2519/2213/3225 2525/2223/3225 2524/2224/3223 2518/2214/3223
f 2520/2216/3227 2526/2225/3227 2525/2223/3225 2519/2213/3225
f 2521/2218/3228 2527/2226/3228 2526/2225/3227 2520/2216/3227
f 2522/2220/3230 2528/2227/3230 2527/2226/3228 2521/2218/3228
f 2523/2210/3224 2529/2222/3224 2528/2227/3230 2522/2220/3230
f 2524/2221/3223 2506/2228/3223 2511/2229/3231 2529/2222/3224
f 2525/2223/3225 2507/2230/3225 2506/2202/3223 2524/2224/3223
f 2526/2225/3227 2508/2231/3226 2507/2230/3225 2525/2223/3225
f 2527/2226/3228 2509/2232/3228 2508/2231/3229 2526/2225/3227
f 2528/2227/3230 2510/2233/3230 2509/2232/3228 2527/2226/3228
f 2529/2222/3224 2511/2229/3232 2510/2233/3230 2528/2227/3230
o Grip_|_left_ribbed_panel
v -0.015260 -0.003815 -0.014200
v -0.014959 -0.003202 -0.014200
v -0.014700 -0.002646 -0.014200
v -0.014374 -0.002154 -0.014200
v -0.013873 -0.001734 -0.014200
v -0.010124 -0.000433 -0.014200
v -0.005482 0.000000 -0.014200
v -0.000484 0.000087 -0.014200
v 0.004335 0.000347 -0.014200
v 0.004889 -0.000766 -0.014200
v 0.005493 -0.001840 -0.014200
v 0.005995 -0.002991 -0.014200
v 0.006243 -0.004335 -0.014200
v 0.005612 -0.011802 -0.014200
v 0.003407 -0.019527 -0.014200
v 0.000193 -0.027676 -0.014200
v -0.003468 -0.036416 -0.014200
v -0.004654 -0.039050 -0.014200
v -0.005871 -0.041358 -0.014200
v -0.007100 -0.043537 -0.014200
v -0.008324 -0.045780 -0.014200
v -0.031214 -0.046474 -0.014200
v -0.030857 -0.044026 -0.014200
v -0.030551 -0.041622 -0.014200
v -0.030143 -0.039129 -0.014200
v -0.029480 -0.036416 -0.014200
v -0.027400 -0.030254 -0.014200
v -0.025156 -0.024981 -0.014200
v -0.022690 -0.019790 -0.014200
v -0.019942 -0.013873 -0.014200
v -0.018767 -0.011162 -0.014200
v -0.017737 -0.008776 -0.014200
v -0.016639 -0.006423 -0.014200
v -0.015260 -0.003815 -0.017800
v -0.014959 -0.003202 -0.017800
v -0.014700 -0.002646 -0.017800
v -0.014374 -0.002154 -0.017800
v -0.013873 -0.001734 -0.017800
v -0.010124 -0.000433 -0.017800
v -0.005482 0.000000 -0.017800
v -0.000484 0.000087 -0.017800
v 0.004335 0.000347 -0.017800
v 0.004889 -0.000766 -0.017800
v 0.005493 -0.001840 -0.017800
v 0.005995 -0.002991 -0.017800
v 0.006243 -0.004335 -0.017800
v 0.005612 -0.011802 -0.017800
v 0.003407 -0.019527 -0.017800
v 0.000193 -0.027676 -0.017800
v -0.003468 -0.036416 -0.017800
v -0.004654 -0.039050 -0.017800
v -0.005871 -0.041358 -0.017800
v -0.007100 -0.043537 -0.017800
v -0.008324 -0.045780 -0.017800
v -0.031214 -0.046474 -0.017800
v -0.030857 -0.044026 -0.017800
v -0.030551 -0.041622 -0.017800
v -0.030143 -0.039129 -0.017800
v -0.029480 -0.036416 -0.017800
v -0.027400 -0.030254 -0.017800
v -0.025156 -0.024981 -0.017800
v -0.022690 -0.019790 -0.017800
v -0.019942 -0.013873 -0.017800
v -0.018767 -0.011162 -0.017800
v -0.017737 -0.008776 -0.017800
v -0.016639 -0.006423 -0.017800
v -0.015638 -0.003622 -0.017624
v -0.015795 -0.003542 -0.017200
v -0.015795 -0.003542 -0.014800
v -0.015638 -0.003622 -0.014376
v -0.015341 -0.003019 -0.017624
v -0.015500 -0.002943 -0.017200
v -0.015500 -0.002943 -0.014800
v -0.015341 -0.003019 -0.014376
v -0.015071 -0.002438 -0.017624
v -0.015225 -0.002352 -0.017200
v -0.015225 -0.002352 -0.014800
v -0.015071 -0.002438 -0.014376
v -0.014694 -0.001869 -0.017624
v -0.014826 -0.001750 -0.017200
v -0.014826 -0.001750 -0.014800
v -0.014694 -0.001869 -0.014376
v -0.014086 -0.001359 -0.017624
v -0.014174 -0.001203 -0.017200
v -0.014174 -0.001203 -0.014800
v -0.014086 -0.001359 -0.014376
v -0.010214 -0.000015 -0.017624
v -0.010252 0.000158 -0.017200
v -0.010252 0.000158 -0.014800
v -0.010214 -0.000015 -0.014376
v -0.005506 0.000424 -0.017624
v -0.005516 0.000600 -0.017200
v -0.005516 0.000600 -0.014800
v -0.005506 0.000424 -0.014376
v -0.000499 0.000511 -0.017624
v -0.000506 0.000687 -0.017200
v -0.000506 0.000687 -0.014800
v -0.000499 0.000511 -0.014376
v 0.004591 0.000785 -0.017624
v 0.004697 0.000967 -0.017200
v 0.004697 0.000967 -0.014800
v 0.004591 0.000785 -0.014376
v 0.005264 -0.000567 -0.017624
v 0.005419 -0.000485 -0.017200
v 0.005419 -0.000485 -0.014800
v 0.005264 -0.000567 -0.014376
v 0.005873 -0.001651 -0.017624
v 0.006031 -0.001572 -0.017200
v 0.006031 -0.001572 -0.014800
v 0.005873 -0.001651 -0.014376
v 0.006404 -0.002866 -0.017624
v 0.006573 -0.002815 -0.017200
v 0.006573 -0.002815 -0.014800
v 0.006404 -0.002866 -0.014376
v 0.006670 -0.004314 -0.017624
v 0.006847 -0.004306 -0.017200
v 0.006847 -0.004306 -0.014800
v 0.006670 -0.004314 -0.014376
v 0.006031 -0.011879 -0.017624
v 0.006205 -0.011911 -0.017200
v 0.006205 -0.011911 -0.014800
v 0.006031 -0.011879 -0.014376
v 0.003810 -0.019663 -0.017624
v 0.003976 -0.019720 -0.017200
v 0.003976 -0.019720 -0.014800
v 0.003810 -0.019663 -0.014376
v 0.000586 -0.027836 -0.017624
v 0.000749 -0.027902 -0.017200
v 0.000749 -0.027902 -0.014800
v 0.000586 -0.027836 -0.014376
v -0.003079 -0.036585 -0.017624
v -0.002918 -0.036655 -0.017200
v -0.002918 -0.036655 -0.014800
v -0.003079 -0.036585 -0.014376
v -0.004272 -0.039236 -0.017624
v -0.004114 -0.039313 -0.017200
v -0.004114 -0.039313 -0.014800
v -0.004272 -0.039236 -0.014376
v -0.005498 -0.041562 -0.017624
v -0.005344 -0.041646 -0.017200
v -0.005344 -0.041646 -0.014800
v -0.005498 -0.041562 -0.014376
v -0.006729 -0.043743 -0.017624
v -0.006576 -0.043828 -0.017200
v -0.006576 -0.043828 -0.014800
v -0.006729 -0.043743 -0.014376
v -0.008068 -0.046197 -0.017624
v -0.007962 -0.046370 -0.017200
v -0.007962 -0.046370 -0.014800
v -0.008068 -0.046197 -0.014376
v -0.031707 -0.046913 -0.017624
v -0.031911 -0.047095 -0.017200
v -0.031911 -0.047095 -0.014800
v -0.031707 -0.046913 -0.014376
v -0.031277 -0.043968 -0.017624
v -0.031451 -0.043945 -0.017200
v -0.031451 -0.043945 -0.014800
v -0.031277 -0.043968 -0.014376
v -0.030971 -0.041561 -0.017624
v -0.031145 -0.041535 -0.017200
v -0.031145 -0.041535 -0.014800
v -0.030971 -0.041561 -0.014376
v -0.030559 -0.039044 -0.017624
v -0.030731 -0.039009 -0.017200
v -0.030731 -0.039009 -0.014800
v -0.030559 -0.039044 -0.014376
v -0.029888 -0.036298 -0.017624
v -0.030056 -0.036249 -0.017200
v -0.030056 -0.036249 -0.014800
v -0.029888 -0.036298 -0.014376
v -0.027796 -0.030102 -0.017624
v -0.027961 -0.030040 -0.017200
v -0.027961 -0.030040 -0.014800
v -0.027796 -0.030102 -0.014376
v -0.025543 -0.024807 -0.017624
v -0.025704 -0.024735 -0.017200
v -0.025704 -0.024735 -0.014800
v -0.025543 -0.024807 -0.014376
v -0.023074 -0.019610 -0.017624
v -0.023233 -0.019535 -0.017200
v -0.023233 -0.019535 -0.014800
v -0.023074 -0.019610 -0.014376
v -0.020329 -0.013699 -0.017624
v -0.020490 -0.013627 -0.017200
v -0.020490 -0.013627 -0.014800
v -0.020329 -0.013699 -0.014376
v -0.019157 -0.010994 -0.017624
v -0.019318 -0.010924 -0.017200
v -0.019318 -0.010924 -0.014800
v -0.019157 -0.010994 -0.014376
v -0.018124 -0.008602 -0.017624
v -0.018285 -0.008530 -0.017200
v -0.018285 -0.008530 -0.014800
v -0.018124 -0.008602 -0.014376
v -0.017019 -0.006234 -0.017624
v -0.017177 -0.006156 -0.017200
v -0.017177 -0.006156 -0.014800
v -0.017019 -0.006234 -0.014376
vn -0.0069 0.1928 0.9812
vn 0.1697 0.0898 0.9814
vn 0.1128 0.1935 0.9746
vn -0.0110 0.1992 0.9799
vn -0.0441 0.2033 0.9781
vn -0.1053 0.1857 0.9770
vn 0.1798 0.0895 0.9796
vn -0.1568 0.1400 0.9777
vn 0.1984 0.0607 0.9782
vn -0.1775 0.0994 0.9791
vn -0.1748 0.0837 0.9810
vn 0.2090 0.0102 0.9779
vn -0.1722 0.0879 0.9811
vn -0.1773 0.0882 0.9802
vn 0.2024 -0.0371 0.9786
vn -0.1796 0.0806 0.9804
vn -0.1790 0.0774 0.9808
vn -0.1766 0.0793 0.9811
vn 0.1901 -0.0644 0.9797
vn -0.1761 0.0827 0.9809
vn 0.1819 -0.0740 0.9805
vn -0.1801 0.0811 0.9803
vn -0.1865 0.0710 0.9799
vn 0.1804 -0.0783 0.9805
vn -0.1921 0.0558 0.9798
vn -0.1956 0.0398 0.9799
vn 0.1786 -0.0872 0.9801
vn 0.1727 -0.0943 0.9804
vn -0.1951 0.0284 0.9804
vn 0.1698 -0.0942 0.9810
vn -0.1922 0.0262 0.9810
vn 0.1181 -0.1921 0.9742
vn -0.1482 -0.1321 0.9801
vn -0.0069 0.1928 -0.9812
vn 0.1128 0.1935 -0.9746
vn 0.1697 0.0898 -0.9814
vn -0.0110 0.1992 -0.9799
vn -0.0441 0.2033 -0.9781
vn -0.1053 0.1857 -0.9770
vn 0.1798 0.0895 -0.9796
vn -0.1568 0.1400 -0.9777
vn 0.1984 0.0607 -0.9782
vn -0.1775 0.0994 -0.9791
vn -0.1748 0.0837 -0.9810
vn 0.2090 0.0102 -0.9779
vn -0.1722 0.0879 -0.9811
vn -0.1773 0.0882 -0.9802
vn 0.2024 -0.0371 -0.9786
vn -0.1796 0.0806 -0.9804
vn -0.1790 0.0774 -0.9808
vn -0.1766 0.0793 -0.9811
vn 0.1901 -0.0644 -0.9797
vn -0.1761 0.0827 -0.9809
vn 0.1819 -0.0740 -0.9805
vn -0.1801 0.0811 -0.9803
vn -0.1865 0.0710 -0.9799
vn 0.1804 -0.0783 -0.9805
vn -0.1921 0.0558 -0.9798
vn -0.1956 0.0398 -0.9799
vn 0.1786 -0.0872 -0.9801
vn 0.1727 -0.0943 -0.9804
vn -0.1951 0.0284 -0.9804
vn 0.1698 -0.0942 -0.9810
vn -0.1922 0.0262 -0.9810
vn 0.1181 -0.1921 -0.9742
vn -0.1482 -0.1321 -0.9801
vn -0.3408 0.1739 -0.9239
vn -0.3451 0.1653 -0.9239
vn -0.8736 0.4457 -0.1955
vn -0.8846 0.4236 -0.1953
vn -0.8333 0.3990 -0.3827
vn -0.8229 0.4199 -0.3827
vn -0.8736 0.4457 0.1955
vn -0.8846 0.4236 0.1953
vn -0.8229 0.4199 0.3827
vn -0.8333 0.3990 0.3827
vn -0.3451 0.1653 0.9239
vn -0.3408 0.1739 0.9239
vn -0.3331 0.1865 -0.9243
vn -0.8560 0.4793 -0.1938
vn -0.8058 0.4512 -0.3836
vn -0.8560 0.4793 0.1938
vn -0.8058 0.4512 0.3836
vn -0.3331 0.1865 0.9243
vn -0.2829 0.2526 -0.9253
vn -0.7318 0.6535 -0.1935
vn -0.6880 0.6144 -0.3861
vn -0.7318 0.6535 0.1935
vn -0.6880 0.6144 0.3861
vn -0.2829 0.2526 0.9253
vn -0.1861 0.3282 -0.9261
vn -0.4840 0.8534 -0.1937
vn -0.4547 0.8016 -0.3881
vn -0.4840 0.8534 0.1937
vn -0.4547 0.8016 0.3881
vn -0.1861 0.3282 0.9261
vn -0.0806 0.3717 -0.9249
vn -0.2080 0.9588 -0.1935
vn -0.1956 0.9019 -0.3851
vn -0.2080 0.9588 0.1935
vn -0.1956 0.9019 0.3851
vn -0.0806 0.3717 0.9249
vn -0.0211 0.3819 -0.9240
vn -0.0541 0.9794 -0.1943
vn -0.0510 0.9224 -0.3829
vn -0.0541 0.9794 0.1943
vn -0.0510 0.9224 0.3829
vn -0.0211 0.3819 0.9240
vn -0.0136 0.3824 -0.9239
vn -0.0349 0.9801 -0.1956
vn -0.0329 0.9233 -0.3827
vn -0.0349 0.9801 0.1956
vn -0.0329 0.9233 0.3827
vn -0.0136 0.3824 0.9239
vn 0.1647 0.2826 -0.9450
vn -0.0530 0.9825 -0.1785
vn -0.0498 0.9225 -0.3827
vn -0.0530 0.9825 0.1785
vn -0.0498 0.9225 0.3827
vn 0.1647 0.2826 0.9450
vn 0.3381 0.1790 -0.9239
vn 0.8810 0.4382 -0.1785
vn 0.8666 0.4589 -0.1958
vn 0.8164 0.4323 -0.3828
vn 0.8272 0.4114 -0.3827
vn 0.8810 0.4382 0.1785
vn 0.8666 0.4589 0.1958
vn 0.8272 0.4114 0.3827
vn 0.8164 0.4323 0.3828
vn 0.3381 0.1790 0.9239
vn 0.3422 0.1704 -0.9241
vn 0.8781 0.4373 -0.1941
vn 0.8269 0.4117 -0.3831
vn 0.8781 0.4373 0.1941
vn 0.8269 0.4117 0.3831
vn 0.3422 0.1704 0.9241
vn 0.3639 0.1113 -0.9248
vn 0.9382 0.2869 -0.1935
vn 0.8826 0.2699 -0.3848
vn 0.9382 0.2869 0.1935
vn 0.8826 0.2699 0.3848
vn 0.3639 0.1113 0.9248
vn 0.3793 0.0185 -0.9251
vn 0.9799 0.0479 -0.1935
vn 0.9216 0.0451 -0.3856
vn 0.9799 0.0479 0.1935
vn 0.9216 0.0451 0.3856
vn 0.3793 0.0185 0.9251
vn 0.3749 -0.0687 -0.9245
vn 0.9650 -0.1767 -0.1936
vn 0.9081 -0.1663 -0.3842
vn 0.9650 -0.1767 0.1936
vn 0.9081 -0.1663 0.3842
vn 0.3749 -0.0687 0.9245
vn 0.3621 -0.1227 -0.9240
vn 0.9290 -0.3150 -0.1941
vn 0.8748 -0.2966 -0.3831
vn 0.9290 -0.3150 0.1941
vn 0.8748 -0.2966 0.3831
vn 0.3621 -0.1227 0.9240
vn 0.3545 -0.1441 -0.9239
vn 0.9086 -0.3694 -0.1949
vn 0.8558 -0.3480 -0.3827
vn 0.9086 -0.3694 0.1949
vn 0.8558 -0.3480 0.3827
vn 0.3545 -0.1441 0.9239
vn 0.3510 -0.1525 -0.9239
vn 0.8996 -0.3908 -0.1948
vn 0.8474 -0.3681 -0.3827
vn 0.8996 -0.3908 0.1948
vn 0.8474 -0.3681 0.3827
vn 0.3510 -0.1525 0.9239
vn 0.3438 -0.1678 -0.9239
vn 0.8815 -0.4302 -0.1944
vn 0.8302 -0.4052 -0.3828
vn 0.8815 -0.4302 0.1944
vn 0.8302 -0.4052 0.3828
vn 0.3438 -0.1678 0.9239
vn 0.3359 -0.1833 -0.9239
vn 0.8610 -0.4698 -0.1948
vn 0.8110 -0.4425 -0.3827
vn 0.8610 -0.4698 0.1948
vn 0.8110 -0.4425 0.3827
vn 0.3359 -0.1833 0.9239
vn 0.3346 -0.1857 -0.9239
vn 0.8576 -0.4758 -0.1953
vn 0.8079 -0.4482 -0.3827
vn 0.8576 -0.4758 0.1953
vn 0.8079 -0.4482 0.3827
vn 0.3346 -0.1857 0.9239
vn 0.1770 -0.2881 -0.9411
vn 0.8635 -0.4709 -0.1807
vn 0.8111 -0.4423 -0.3827
vn 0.8635 -0.4709 0.1807
vn 0.8111 -0.4423 0.3827
vn 0.1770 -0.2881 0.9411
vn -0.1920 -0.1712 -0.9664
vn 0.0298 -0.9831 -0.1807
vn 0.0299 -0.9860 -0.1642
vn 0.0280 -0.9235 -0.3827
vn 0.0298 -0.9831 0.1807
vn 0.0299 -0.9860 0.1642
vn 0.0280 -0.9235 0.3827
vn -0.1920 -0.1712 0.9664
vn -0.3792 0.0518 -0.9239
vn -0.9761 0.1423 -0.1642
vn -0.9717 0.1327 -0.1953
vn -0.9154 0.1250 -0.3827
vn -0.9142 0.1333 -0.3827
vn -0.9761 0.1423 0.1642
vn -0.9717 0.1327 0.1953
vn -0.9142 0.1333 0.3827
vn -0.9154 0.1250 0.3827
vn -0.3792 0.0518 0.9239
vn -0.3786 0.0551 -0.9239
vn -0.9707 0.1412 -0.1947
vn -0.9142 0.1330 -0.3827
vn -0.9707 0.1412 0.1947
vn -0.9142 0.1330 0.3827
vn -0.3786 0.0551 0.9239
vn -0.3747 0.0763 -0.9240
vn -0.9612 0.1958 -0.1943
vn -0.9052 0.1844 -0.3829
vn -0.9612 0.1958 0.1943
vn -0.9052 0.1844 0.3829
vn -0.3747 0.0763 0.9240
vn -0.3672 0.1066 -0.9240
vn -0.9420 0.2736 -0.1942
vn -0.8871 0.2576 -0.3830
vn -0.9420 0.2736 0.1942
vn -0.8871 0.2576 0.3830
vn -0.3672 0.1066 0.9240
vn -0.3574 0.1361 -0.9240
vn -0.9167 0.3491 -0.1943
vn -0.8633 0.3288 -0.3829
vn -0.9167 0.3491 0.1943
vn -0.8633 0.3288 0.3829
vn -0.3574 0.1361 0.9240
vn -0.3489 0.1570 -0.9239
vn -0.8945 0.4025 -0.1946
vn -0.8425 0.3791 -0.3828
vn -0.8945 0.4025 0.1946
vn -0.8425 0.3791 0.3828
vn -0.3489 0.1570 0.9239
vn -0.3464 0.1627 -0.9239
vn -0.8877 0.4170 -0.1952
vn -0.8362 0.3928 -0.3827
vn -0.8877 0.4170 0.1952
vn -0.8362 0.3928 0.3827
vn -0.3464 0.1627 0.9239
vn -0.3491 0.1567 -0.9239
vn -0.8947 0.4016 -0.1954
vn -0.8429 0.3783 -0.3827
vn -0.8947 0.4016 0.1954
vn -0.8429 0.3783 0.3827
vn -0.3491 0.1567 0.9239
vn -0.3512 0.1519 -0.9239
vn -0.9002 0.3893 -0.1951
vn -0.8480 0.3667 -0.3827
vn -0.9002 0.3893 0.1951
vn -0.8480 0.3667 0.3827
vn -0.3512 0.1519 0.9239
vn -0.8948 0.4017 -0.1948
vn -0.8428 0.3784 -0.3827
vn -0.8948 0.4017 0.1948
vn -0.8428 0.3784 0.3827
vn -0.3425 0.1704 -0.9239
vn -0.8782 0.4368 -0.1946
vn -0.8272 0.4114 -0.3828
vn -0.8782 0.4368 0.1946
vn -0.8272 0.4114 0.3828
vn -0.3425 0.1704 0.9239
vt 0.218750 0.000000
vt 0.281250 0.000000
vt 0.250000 0.000000
vt 0.187500 0.000000
vt 0.156250 0.000000
vt 0.125000 0.000000
vt 0.312500 0.000000
vt 0.093750 0.000000
vt 0.343750 0.000000
vt 0.062500 0.000000
vt 0.031250 0.000000
vt 0.375000 0.000000
vt 0.000000 0.000000
vt 1.000000 0.000000
vt 0.406250 0.000000
vt 0.968750 0.000000
vt 0.937500 0.000000
vt 0.906250 0.000000
vt 0.437500 0.000000
vt 0.875000 0.000000
vt 0.468750 0.000000
vt 0.843750 0.000000
vt 0.812500 0.000000
vt 0.500000 0.000000
vt 0.781250 0.000000
vt 0.750000 0.000000
vt 0.531250 0.000000
vt 0.562500 0.000000
vt 0.718750 0.000000
vt 0.593750 0.000000
vt 0.687500 0.000000
vt 0.625000 0.000000
vt 0.656250 0.000000
vt 0.000000 0.200000
vt 0.030303 0.200000
vt 0.030303 0.000000
vt 0.000000 0.400000
vt 0.030303 0.400000
vt 0.000000 0.600000
vt 0.030303 0.600000
vt 0.000000 0.800000
vt 0.030303 0.800000
vt 0.000000 1.000000
vt 0.030303 1.000000
vt 0.060606 0.200000
vt 0.060606 0.000000
vt 0.060606 0.400000
vt 0.060606 0.600000
vt 0.060606 0.800000
vt 0.060606 1.000000
vt 0.090909 0.200000
vt 0.090909 0.000000
vt 0.090909 0.400000
vt 0.090909 0.600000
vt 0.090909 0.800000
vt 0.090909 1.000000
vt 0.121212 0.200000
vt 0.121212 0.000000
vt 0.121212 0.400000
vt 0.121212 0.600000
vt 0.121212 0.800000
vt 0.121212 1.000000
vt 0.151515 0.200000
vt 0.151515 0.000000
vt 0.151515 0.400000
vt 0.151515 0.600000
vt 0.151515 0.800000
vt 0.151515 1.000000
vt 0.181818 0.200000
vt 0.181818 0.000000
vt 0.181818 0.400000
vt 0.181818 0.600000
vt 0.181818 0.800000
vt 0.181818 1.000000
vt 0.212121 0.200000
vt 0.212121 0.000000
vt 0.212121 0.400000
vt 0.212121 0.600000
vt 0.212121 0.800000
vt 0.212121 1.000000
vt 0.242424 0.200000
vt 0.242424 0.000000
vt 0.242424 0.400000
vt 0.242424 0.600000
vt 0.242424 0.800000
vt 0.242424 1.000000
vt 0.272727 0.200000
vt 0.272727 0.000000
vt 0.272727 0.400000
vt 0.272727 0.600000
vt 0.272727 0.800000
vt 0.272727 1.000000
vt 0.303030 0.200000
vt 0.303030 0.000000
vt 0.303030 0.400000
vt 0.303030 0.600000
vt 0.303030 0.800000
vt 0.303030 1.000000
vt 0.333333 0.200000
vt 0.333333 0.000000
vt 0.333333 0.400000
vt 0.333333 0.600000
vt 0.333333 0.800000
vt 0.333333 1.000000
vt 0.363636 0.200000
vt 0.363636 0.000000
vt 0.363636 0.400000
vt 0.363636 0.600000
vt 0.363636 0.800000
vt 0.363636 1.000000
vt 0.393939 0.200000
vt 0.393939 0.000000
vt 0.393939 0.400000
vt 0.393939 0.600000
vt 0.393939 0.800000
vt 0.393939 1.000000
vt 0.424242 0.200000
vt 0.424242 0.000000
vt 0.424242 0.400000
vt 0.424242 0.600000
vt 0.424242 0.800000
vt 0.424242 1.000000
vt 0.454545 0.200000
vt 0.454545 0.000000
vt 0.454545 0.400000
vt 0.454545 0.600000
vt 0.454545 0.800000
vt 0.454545 1.000000
vt 0.484848 0.200000
vt 0.484848 0.000000
vt 0.484848 0.400000
vt 0.484848 0.600000
vt 0.484848 0.800000
vt 0.484848 1.000000
vt 0.515152 0.200000
vt 0.515152 0.000000
vt 0.515152 0.400000
vt 0.515152 0.600000
vt 0.515152 0.800000
vt 0.515152 1.000000
vt 0.545455 0.200000
vt 0.545455 0.000000
vt 0.545455 0.400000
vt 0.545455 0.600000
vt 0.545455 0.800000
vt 0.545455 1.000000
vt 0.575758 0.200000
vt 0.575758 0.000000
vt 0.575758 0.400000
vt 0.575758 0.600000
vt 0.575758 0.800000
vt 0.575758 1.000000
vt 0.606061 0.200000
vt 0.606061 0.000000
vt 0.606061 0.400000
vt 0.606061 0.600000
vt 0.606061 0.800000
vt 0.606061 1.000000
vt 0.636364 0.200000
vt 0.636364 0.000000
vt 0.636364 0.400000
vt 0.636364 0.600000
vt 0.636364 0.800000
vt 0.636364 1.000000
vt 0.666667 0.200000
vt 0.666667 0.000000
vt 0.666667 0.400000
vt 0.666667 0.600000
vt 0.666667 0.800000
vt 0.666667 1.000000
vt 0.696970 0.200000
vt 0.696970 0.000000
vt 0.696970 0.400000
vt 0.696970 0.600000
vt 0.696970 0.800000
vt 0.696970 1.000000
vt 0.727273 0.200000
vt 0.727273 0.000000
vt 0.727273 0.400000
vt 0.727273 0.600000
vt 0.727273 0.800000
vt 0.727273 1.000000
vt 0.757576 0.200000
vt 0.757576 0.000000
vt 0.757576 0.400000
vt 0.757576 0.600000
vt 0.757576 0.800000
vt 0.757576 1.000000
vt 0.787879 0.200000
vt 0.787879 0.000000
vt 0.787879 0.400000
vt 0.787879 0.600000
vt 0.787879 0.800000
vt 0.787879 1.000000
vt 0.818182 0.200000
vt 0.818182 0.000000
vt 0.818182 0.400000
vt 0.818182 0.600000
vt 0.818182 0.800000
vt 0.818182 1.000000
vt 0.848485 0.200000
vt 0.848485 0.000000
vt 0.848485 0.400000
vt 0.848485 0.600000
vt 0.848485 0.800000
vt 0.848485 1.000000
vt 0.878788 0.200000
vt 0.878788 0.000000
vt 0.878788 0.400000
vt 0.878788 0.600000
vt 0.878788 0.800000
vt 0.878788 1.000000
vt 0.909091 0.200000
vt 0.909091 0.000000
vt 0.909091 0.400000
vt 0.909091 0.600000
vt 0.909091 0.800000
vt 0.909091 1.000000
vt 0.939394 0.200000
vt 0.939394 0.000000
vt 0.939394 0.400000
vt 0.939394 0.600000
vt 0.939394 0.800000
vt 0.939394 1.000000
vt 0.969697 0.200000
vt 0.969697 0.000000
vt 0.969697 0.400000
vt 0.969697 0.600000
vt 0.969697 0.800000
vt 0.969697 1.000000
vt 1.000000 0.200000
vt 1.000000 0.400000
vt 1.000000 0.600000
vt 1.000000 0.800000
vt 1.000000 1.000000
s 1
usemtl Grip_|_black_ribbed_rubber
f 2537/2234/3233 2539/2235/3234 2538/2236/3235
f 2536/2237/3236 2539/2235/3234 2537/2234/3233
f 2535/2238/3237 2539/2235/3234 2536/2237/3236
f 2534/2239/3238 2539/2235/3234 2535/2238/3237
f 2534/2239/3238 2540/2240/3239 2539/2235/3234
f 2533/2241/3240 2540/2240/3239 2534/2239/3238
f 2533/2241/3240 2541/2242/3241 2540/2240/3239
f 2532/2243/3242 2541/2242/3241 2533/2241/3240
f 2531/2244/3243 2541/2242/3241 2532/2243/3242
f 2531/2244/3243 2542/2245/3244 2541/2242/3241
f 2530/2246/3245 2542/2245/3244 2531/2244/3243
f 2562/2247/3246 2542/2245/3244 2530/2246/3245
f 2562/2247/3246 2543/2248/3247 2542/2245/3244
f 2561/2249/3248 2543/2248/3247 2562/2247/3246
f 2560/2250/3249 2543/2248/3247 2561/2249/3248
f 2559/2251/3250 2543/2248/3247 2560/2250/3249
f 2559/2251/3250 2544/2252/3251 2543/2248/3247
f 2558/2253/3252 2544/2252/3251 2559/2251/3250
f 2558/2253/3252 2545/2254/3253 2544/2252/3251
f 2557/2255/3254 2545/2254/3253 2558/2253/3252
f 2556/2256/3255 2545/2254/3253 2557/2255/3254
f 2556/2256/3255 2546/2257/3256 2545/2254/3253
f 2555/2258/3257 2546/2257/3256 2556/2256/3255
f 2554/2259/3258 2546/2257/3256 2555/2258/3257
f 2554/2259/3258 2547/2260/3259 2546/2257/3256
f 2554/2259/3258 2548/2261/3260 2547/2260/3259
f 2553/2262/3261 2548/2261/3260 2554/2259/3258
f 2553/2262/3261 2549/2263/3262 2548/2261/3260
f 2552/2264/3263 2549/2263/3262 2553/2262/3261
f 2552/2264/3263 2550/2265/3264 2549/2263/3262
f 2551/2266/3265 2550/2265/3264 2552/2264/3263
f 2570/2234/3266 2571/2236/3267 2572/2235/3268
f 2569/2237/3269 2570/2234/3266 2572/2235/3268
f 2568/2238/3270 2569/2237/3269 2572/2235/3268
f 2567/2239/3271 2568/2238/3270 2572/2235/3268
f 2567/2239/3271 2572/2235/3268 2573/2240/3272
f 2566/2241/3273 2567/2239/3271 2573/2240/3272
f 2566/2241/3273 2573/2240/3272 2574/2242/3274
f 2565/2243/3275 2566/2241/3273 2574/2242/3274
f 2564/2244/3276 2565/2243/3275 2574/2242/3274
f 2564/2244/3276 2574/2242/3274 2575/2245/3277
f 2563/2246/3278 2564/2244/3276 2575/2245/3277
f 2595/2247/3279 2563/2246/3278 2575/2245/3277
f 2595/2247/3279 2575/2245/3277 2576/2248/3280
f 2594/2249/3281 2595/2247/3279 2576/2248/3280
f 2593/2250/3282 2594/2249/3281 2576/2248/3280
f 2592/2251/3283 2593/2250/3282 2576/2248/3280
f 2592/2251/3283 2576/2248/3280 2577/2252/3284
f 2591/2253/3285 2592/2251/3283 2577/2252/3284
f 2591/2253/3285 2577/2252/3284 2578/2254/3286
f 2590/2255/3287 2591/2253/3285 2578/2254/3286
f 2589/2256/3288 2590/2255/3287 2578/2254/3286
f 2589/2256/3288 2578/2254/3286 2579/2257/3289
f 2588/2258/3290 2589/2256/3288 2579/2257/3289
f 2587/2259/3291 2588/2258/3290 2579/2257/3289
f 2587/2259/3291 2579/2257/3289 2580/2260/3292
f 2587/2259/3291 2580/2260/3292 2581/2261/3293
f 2586/2262/3294 2587/2259/3291 2581/2261/3293
f 2586/2262/3294 2581/2261/3293 2582/2263/3295
f 2585/2264/3296 2586/2262/3294 2582/2263/3295
f 2585/2264/3296 2582/2263/3295 2583/2265/3297
f 2584/2266/3298 2585/2264/3296 2583/2265/3297
f 2596/2267/3299 2600/2268/3300 2564/2269/3276 2563/2246/3278
f 2597/2270/3301 2601/2271/3302 2600/2268/3303 2596/2267/3304
f 2598/2272/3305 2602/2273/3306 2601/2271/3302 2597/2270/3301
f 2599/2274/3307 2603/2275/3308 2602/2273/3306 2598/2272/3305
f 2530/2276/3245 2531/2277/3243 2603/2275/3309 2599/2274/3310
f 2600/2268/3300 2604/2278/3311 2565/2279/3275 2564/2269/3276
f 2601/2271/3302 2605/2280/3312 2604/2278/3313 2600/2268/3303
f 2602/2273/3306 2606/2281/3314 2605/2280/3312 2601/2271/3302
f 2603/2275/3308 2607/2282/3315 2606/2281/3314 2602/2273/3306
f 2531/2277/3243 2532/2283/3242 2607/2282/3316 2603/2275/3309
f 2604/2278/3311 2608/2284/3317 2566/2285/3273 2565/2279/3275
f 2605/2280/3312 2609/2286/3318 2608/2284/3319 2604/2278/3313
f 2606/2281/3314 2610/2287/3320 2609/2286/3318 2605/2280/3312
f 2607/2282/3315 2611/2288/3321 2610/2287/3320 2606/2281/3314
f 2532/2283/3242 2533/2289/3240 2611/2288/3322 2607/2282/3316
f 2608/2284/3317 2612/2290/3323 2567/2291/3271 2566/2285/3273
f 2609/2286/3318 2613/2292/3324 2612/2290/3325 2608/2284/3319
f 2610/2287/3320 2614/2293/3326 2613/2292/3324 2609/2286/3318
f 2611/2288/3321 2615/2294/3327 2614/2293/3326 2610/2287/3320
f 2533/2289/3240 2534/2295/3238 2615/2294/3328 2611/2288/3322
f 2612/2290/3323 2616/2296/3329 2568/2297/3270 2567/2291/3271
f 2613/2292/3324 2617/2298/3330 2616/2296/3331 2612/2290/3325
f 2614/2293/3326 2618/2299/3332 2617/2298/3330 2613/2292/3324
f 2615/2294/3327 2619/2300/3333 2618/2299/3332 2614/2293/3326
f 2534/2295/3238 2535/2301/3237 2619/2300/3334 2615/2294/3328
f 2616/2296/3329 2620/2302/3335 2569/2303/3269 2568/2297/3270
f 2617/2298/3330 2621/2304/3336 2620/2302/3337 2616/2296/3331
f 2618/2299/3332 2622/2305/3338 2621/2304/3336 2617/2298/3330
f 2619/2300/3333 2623/2306/3339 2622/2305/3338 2618/2299/3332
f 2535/2301/3237 2536/2307/3236 2623/2306/3340 2619/2300/3334
f 2620/2302/3335 2624/2308/3341 2570/2309/3266 2569/2303/3269
f 2621/2304/3336 2625/2310/3342 2624/2308/3343 2620/2302/3337
f 2622/2305/3338 2626/2311/3344 2625/2310/3342 2621/2304/3336
f 2623/2306/3339 2627/2312/3345 2626/2311/3344 2622/2305/3338
f 2536/2307/3236 2537/2313/3233 2627/2312/3346 2623/2306/3340
f 2624/2308/3341 2628/2314/3347 2571/2315/3267 2570/2309/3266
f 2625/2310/3342 2629/2316/3348 2628/2314/3349 2624/2308/3343
f 2626/2311/3344 2630/2317/3350 2629/2316/3348 2625/2310/3342
f 2627/2312/3345 2631/2318/3351 2630/2317/3350 2626/2311/3344
f 2537/2313/3233 2538/2319/3235 2631/2318/3352 2627/2312/3346
f 2628/2314/3347 2632/2320/3353 2572/2321/3268 2571/2315/3267
f 2629/2316/3354 2633/2322/3355 2632/2320/3356 2628/2314/3357
f 2630/2317/3358 2634/2323/3359 2633/2322/3355 2629/2316/3354
f 2631/2318/3360 2635/2324/3361 2634/2323/3359 2630/2317/3358
f 2538/2319/3235 2539/2325/3234 2635/2324/3362 2631/2318/3352
f 2632/2320/3353 2636/2326/3363 2573/2327/3272 2572/2321/3268
f 2633/2322/3355 2637/2328/3364 2636/2326/3365 2632/2320/3356
f 2634/2323/3359 2638/2329/3366 2637/2328/3364 2633/2322/3355
f 2635/2324/3361 2639/2330/3367 2638/2329/3366 2634/2323/3359
f 2539/2325/3234 2540/2331/3239 2639/2330/3368 2635/2324/3362
f 2636/2326/3363 2640/2332/3369 2574/2333/3274 2573/2327/3272
f 2637/2328/3364 2641/2334/3370 2640/2332/3371 2636/2326/3365
f 2638/2329/3366 2642/2335/3372 2641/2334/3370 2637/2328/3364
f 2639/2330/3367 2643/2336/3373 2642/2335/3372 2638/2329/3366
f 2540/2331/3239 2541/2337/3241 2643/2336/3374 2639/2330/3368
f 2640/2332/3369 2644/2338/3375 2575/2339/3277 2574/2333/3274
f 2641/2334/3370 2645/2340/3376 2644/2338/3377 2640/2332/3371
f 2642/2335/3372 2646/2341/3378 2645/2340/3376 2641/2334/3370
f 2643/2336/3373 2647/2342/3379 2646/2341/3378 2642/2335/3372
f 2541/2337/3241 2542/2343/3244 2647/2342/3380 2643/2336/3374
f 2644/2338/3375 2648/2344/3381 2576/2345/3280 2575/2339/3277
f 2645/2340/3376 2649/2346/3382 2648/2344/3383 2644/2338/3377
f 2646/2341/3378 2650/2347/3384 2649/2346/3382 2645/2340/3376
f 2647/2342/3379 2651/2348/3385 2650/2347/3384 2646/2341/3378
f 2542/2343/3244 2543/2349/3247 2651/2348/3386 2647/2342/3380
f 2648/2344/3381 2652/2350/3387 2577/2351/3284 2576/2345/3280
f 2649/2346/3382 2653/2352/3388 2652/2350/3389 2648/2344/3383
f 2650/2347/3384 2654/2353/3390 2653/2352/3388 2649/2346/3382
f 2651/2348/3385 2655/2354/3391 2654/2353/3390 2650/2347/3384
f 2543/2349/3247 2544/2355/3251 2655/2354/3392 2651/2348/3386
f 2652/2350/3387 2656/2356/3393 2578/2357/3286 2577/2351/3284
f 2653/2352/3388 2657/2358/3394 2656/2356/3395 2652/2350/3389
f 2654/2353/3390 2658/2359/3396 2657/2358/3394 2653/2352/3388
f 2655/2354/3391 2659/2360/3397 2658/2359/3396 2654/2353/3390
f 2544/2355/3251 2545/2361/3253 2659/2360/3398 2655/2354/3392
f 2656/2356/3393 2660/2362/3399 2579/2363/3289 2578/2357/3286
f 2657/2358/3394 2661/2364/3400 2660/2362/3401 2656/2356/3395
f 2658/2359/3396 2662/2365/3402 2661/2364/3400 2657/2358/3394
f 2659/2360/3397 2663/2366/3403 2662/2365/3402 2658/2359/3396
f 2545/2361/3253 2546/2367/3256 2663/2366/3404 2659/2360/3398
f 2660/2362/3399 2664/2368/3405 2580/2369/3292 2579/2363/3289
f 2661/2364/3400 2665/2370/3406 2664/2368/3407 2660/2362/3401
f 2662/2365/3402 2666/2371/3408 2665/2370/3406 2661/2364/3400
f 2663/2366/3403 2667/2372/3409 2666/2371/3408 2662/2365/3402
f 2546/2367/3256 2547/2373/3259 2667/2372/3410 2663/2366/3404
f 2664/2368/3405 2668/2374/3411 2581/2375/3293 2580/2369/3292
f 2665/2370/3406 2669/2376/3412 2668/2374/3413 2664/2368/3407
f 2666/2371/3408 2670/2377/3414 2669/2376/3412 2665/2370/3406
f 2667/2372/3409 2671/2378/3415 2670/2377/3414 2666/2371/3408
f 2547/2373/3259 2548/2379/3260 2671/2378/3416 2667/2372/3410
f 2668/2374/3411 2672/2380/3417 2582/2381/3295 2581/2375/3293
f 2669/2376/3412 2673/2382/3418 2672/2380/3419 2668/2374/3413
f 2670/2377/3414 2674/2383/3420 2673/2382/3418 2669/2376/3412
f 2671/2378/3415 2675/2384/3421 2674/2383/3420 2670/2377/3414
f 2548/2379/3260 2549/2385/3262 2675/2384/3422 2671/2378/3416
f 2672/2380/3417 2676/2386/3423 2583/2387/3297 2582/2381/3295
f 2673/2382/3418 2677/2388/3424 2676/2386/3425 2672/2380/3419
f 2674/2383/3420 2678/2389/3426 2677/2388/3424 2673/2382/3418
f 2675/2384/3421 2679/2390/3427 2678/2389/3426 2674/2383/3420
f 2549/2385/3262 2550/2391/3264 2679/2390/3428 2675/2384/3422
f 2676/2386/3423 2680/2392/3429 2584/2393/3298 2583/2387/3297
f 2677/2388/3430 2681/2394/3431 2680/2392/3432 2676/2386/3432
f 2678/2389/3433 2682/2395/3434 2681/2394/3431 2677/2388/3430
f 2679/2390/3435 2683/2396/3435 2682/2395/3434 2678/2389/3433
f 2550/2391/3264 2551/2397/3265 2683/2396/3436 2679/2390/3428
f 2680/2392/3429 2684/2398/3437 2585/2399/3296 2584/2393/3298
f 2681/2394/3438 2685/2400/3439 2684/2398/3440 2680/2392/3441
f 2682/2395/3442 2686/2401/3443 2685/2400/3439 2681/2394/3438
f 2683/2396/3444 2687/2402/3445 2686/2401/3443 2682/2395/3442
f 2551/2397/3265 2552/2403/3263 2687/2402/3446 2683/2396/3436
f 2684/2398/3437 2688/2404/3447 2586/2405/3294 2585/2399/3296
f 2685/2400/3439 2689/2406/3448 2688/2404/3449 2684/2398/3440
f 2686/2401/3443 2690/2407/3450 2689/2406/3448 2685/2400/3439
f 2687/2402/3445 2691/2408/3451 2690/2407/3450 2686/2401/3443
f 2552/2403/3263 2553/2409/3261 2691/2408/3452 2687/2402/3446
f 2688/2404/3447 2692/2410/3453 2587/2411/3291 2586/2405/3294
f 2689/2406/3448 2693/2412/3454 2692/2410/3455 2688/2404/3449
f 2690/2407/3450 2694/2413/3456 2693/2412/3454 2689/2406/3448
f 2691/2408/3451 2695/2414/3457 2694/2413/3456 2690/2407/3450
f 2553/2409/3261 2554/2415/3258 2695/2414/3458 2691/2408/3452
f 2692/2410/3453 2696/2416/3459 2588/2417/3290 2587/2411/3291
f 2693/2412/3454 2697/2418/3460 2696/2416/3461 2692/2410/3455
f 2694/2413/3456 2698/2419/3462 2697/2418/3460 2693/2412/3454
f 2695/2414/3457 2699/2420/3463 2698/2419/3462 2694/2413/3456
f 2554/2415/3258 2555/2421/3257 2699/2420/3464 2695/2414/3458
f 2696/2416/3459 2700/2422/3465 2589/2423/3288 2588/2417/3290
f 2697/2418/3460 2701/2424/3466 2700/2422/3467 2696/2416/3461
f 2698/2419/3462 2702/2425/3468 2701/2424/3466 2697/2418/3460
f 2699/2420/3463 2703/2426/3469 2702/2425/3468 2698/2419/3462
f 2555/2421/3257 2556/2427/3255 2703/2426/3470 2699/2420/3464
f 2700/2422/3465 2704/2428/3471 2590/2429/3287 2589/2423/3288
f 2701/2424/3466 2705/2430/3472 2704/2428/3473 2700/2422/3467
f 2702/2425/3468 2706/2431/3474 2705/2430/3472 2701/2424/3466
f 2703/2426/3469 2707/2432/3475 2706/2431/3474 2702/2425/3468
f 2556/2427/3255 2557/2433/3254 2707/2432/3476 2703/2426/3470
f 2704/2428/3471 2708/2434/3477 2591/2435/3285 2590/2429/3287
f 2705/2430/3472 2709/2436/3478 2708/2434/3479 2704/2428/3473
f 2706/2431/3474 2710/2437/3480 2709/2436/3478 2705/2430/3472
f 2707/2432/3475 2711/2438/3481 2710/2437/3480 2706/2431/3474
f 2557/2433/3254 2558/2439/3252 2711/2438/3482 2707/2432/3476
f 2708/2434/3477 2712/2440/3483 2592/2441/3283 2591/2435/3285
f 2709/2436/3478 2713/2442/3484 2712/2440/3485 2708/2434/3479
f 2710/2437/3480 2714/2443/3486 2713/2442/3484 2709/2436/3478
f 2711/2438/3481 2715/2444/3487 2714/2443/3486 2710/2437/3480
f 2558/2439/3252 2559/2445/3250 2715/2444/3488 2711/2438/3482
f 2712/2440/3483 2716/2446/3489 2593/2447/3282 2592/2441/3283
f 2713/2442/3484 2717/2448/3490 2716/2446/3491 2712/2440/3485
f 2714/2443/3486 2718/2449/3492 2717/2448/3490 2713/2442/3484
f 2715/2444/3487 2719/2450/3493 2718/2449/3492 2714/2443/3486
f 2559/2445/3250 2560/2451/3249 2719/2450/3494 2715/2444/3488
f 2716/2446/3489 2720/2452/3483 2594/2453/3281 2593/2447/3282
f 2717/2448/3490 2721/2454/3495 2720/2452/3496 2716/2446/3491
f 2718/2449/3492 2722/2455/3497 2721/2454/3495 2717/2448/3490
f 2719/2450/3493 2723/2456/3498 2722/2455/3497 2718/2449/3492
f 2560/2451/3249 2561/2457/3248 2723/2456/3488 2719/2450/3494
f 2720/2452/3483 2724/2458/3499 2595/2459/3279 2594/2453/3281
f 2721/2454/3495 2725/2460/3500 2724/2458/3501 2720/2452/3496
f 2722/2455/3497 2726/2461/3502 2725/2460/3500 2721/2454/3495
f 2723/2456/3498 2727/2462/3503 2726/2461/3502 2722/2455/3497
f 2561/2457/3248 2562/2463/3246 2727/2462/3504 2723/2456/3488
f 2724/2458/3499 2596/2464/3299 2563/2247/3278 2595/2459/3279
f 2725/2460/3500 2597/2465/3301 2596/2464/3304 2724/2458/3501
f 2726/2461/3502 2598/2466/3305 2597/2465/3301 2725/2460/3500
f 2727/2462/3503 2599/2467/3307 2598/2466/3305 2726/2461/3502
f 2562/2463/3246 2530/2468/3245 2599/2467/3310 2727/2462/3504
o Grip_|_left_rib_01
v 0.003769 -0.002349 -0.017647
v 0.003769 -0.002349 -0.016953
v 0.003815 -0.002948 -0.016606
v 0.003861 -0.003547 -0.016953
v 0.003861 -0.003547 -0.017647
v 0.003815 -0.002948 -0.017994
v -0.014266 -0.003736 -0.017647
v -0.014266 -0.003736 -0.016953
v -0.014220 -0.004335 -0.016606
v -0.014174 -0.004934 -0.016953
v -0.014174 -0.004934 -0.017647
v -0.014220 -0.004335 -0.017994
v -0.008025 -0.003256 -0.017647
v -0.008025 -0.003256 -0.016953
v -0.007979 -0.003855 -0.016606
v -0.007933 -0.004454 -0.016953
v -0.007933 -0.004454 -0.017647
v -0.007979 -0.003855 -0.017994
v -0.002471 -0.002829 -0.017647
v -0.002471 -0.002829 -0.016953
v -0.002425 -0.003428 -0.016606
v -0.002379 -0.004027 -0.016953
v -0.002379 -0.004027 -0.017647
v -0.002425 -0.003428 -0.017994
vn 0.9971 0.0767 -0.0000
vn -0.9971 -0.0767 -0.0000
vn -0.0383 0.4985 -0.8660
vn -0.0000 -0.0000 -1.0000
vn -0.0767 0.9971 -0.0000
vn -0.0000 -0.0000 1.0000
vn -0.0383 0.4985 0.8660
vn 0.0664 -0.8635 0.5000
vn 0.0664 -0.8635 -0.5000
vn 0.0383 -0.4985 0.8660
vn 0.0767 -0.9971 -0.0000
vn 0.0383 -0.4985 -0.8660
vt 1.000000 0.000000
vt 0.600000 0.000000
vt 0.800000 0.000000
vt 0.400000 0.000000
vt 0.000000 0.000000
vt 0.200000 0.000000
vt 0.000000 1.000000
vt 0.333333 1.000000
vt 0.333333 0.833333
vt 0.000000 0.833333
vt 0.000000 0.166667
vt 0.333333 0.166667
vt 0.333333 0.000000
vt 0.000000 0.333333
vt 0.333333 0.333333
vt 0.000000 0.500000
vt 0.333333 0.500000
vt 0.000000 0.666667
vt 0.333333 0.666667
vt 0.666667 1.000000
vt 0.666667 0.833333
vt 0.666667 0.166667
vt 0.666667 0.000000
vt 0.666667 0.333333
vt 0.666667 0.500000
vt 0.666667 0.666667
vt 1.000000 1.000000
vt 1.000000 0.833333
vt 1.000000 0.166667
vt 1.000000 0.333333
vt 1.000000 0.500000
vt 1.000000 0.666667
s 1
usemtl Chrome_|_smoked_seams
f 2733/2469/3505 2731/2470/3505 2732/2471/3505
f 2733/2469/3505 2730/2472/3505 2731/2470/3505
f 2728/2473/3505 2730/2472/3505 2733/2469/3505
f 2728/2473/3505 2729/2474/3505 2730/2472/3505
f 2736/2472/3506 2738/2471/3506 2737/2470/3506
f 2736/2472/3506 2739/2469/3506 2738/2471/3506
f 2735/2474/3506 2739/2469/3506 2736/2472/3506
f 2735/2474/3506 2734/2473/3506 2739/2469/3506
f 2734/2475/3507 2740/2476/3507 2745/2477/3508 2739/2478/3508
f 2735/2479/3509 2741/2480/3509 2740/2481/3509 2734/2473/3509
f 2736/2482/3510 2742/2483/3510 2741/2480/3511 2735/2479/3511
f 2737/2484/3512 2743/2485/3512 2742/2483/3510 2736/2482/3510
f 2738/2486/3513 2744/2487/3513 2743/2485/3512 2737/2484/3512
f 2739/2478/3508 2745/2477/3508 2744/2487/3513 2738/2486/3513
f 2740/2476/3507 2746/2488/3507 2751/2489/3508 2745/2477/3508
f 2741/2480/3509 2747/2490/3509 2746/2491/3509 2740/2481/3509
f 2742/2483/3510 2748/2492/3510 2747/2490/3511 2741/2480/3511
f 2743/2485/3512 2749/2493/3514 2748/2492/3510 2742/2483/3510
f 2744/2487/3513 2750/2494/3515 2749/2493/3515 2743/2485/3512
f 2745/2477/3508 2751/2489/3508 2750/2494/3516 2744/2487/3513
f 2746/2488/3507 2728/2495/3507 2733/2496/3508 2751/2489/3508
f 2747/2490/3509 2729/2497/3509 2728/2469/3509 2746/2491/3509
f 2748/2492/3510 2730/2498/3510 2729/2497/3511 2747/2490/3511
f 2749/2493/3514 2731/2499/3514 2730/2498/3510 2748/2492/3510
f 2750/2494/3515 2732/2500/3515 2731/2499/3515 2749/2493/3515
f 2751/2489/3508 2733/2496/3508 2732/2500/3516 2750/2494/3516
o Grip_|_left_rib_02
v 0.002972 -0.005673 -0.017647
v 0.002972 -0.005673 -0.016953
v 0.003017 -0.006272 -0.016606
v 0.003062 -0.006871 -0.016953
v 0.003062 -0.006871 -0.017647
v 0.003017 -0.006272 -0.017994
v -0.015494 -0.007060 -0.017647
v -0.015494 -0.007060 -0.016953
v -0.015449 -0.007659 -0.016606
v -0.015404 -0.008258 -0.016953
v -0.015404 -0.008258 -0.017647
v -0.015449 -0.007659 -0.017994
v -0.009105 -0.006580 -0.017647
v -0.009105 -0.006580 -0.016953
v -0.009060 -0.007179 -0.016606
v -0.009015 -0.007778 -0.016953
v -0.009015 -0.007778 -0.017647
v -0.009060 -0.007179 -0.017994
v -0.003417 -0.006153 -0.017647
v -0.003417 -0.006153 -0.016953
v -0.003372 -0.006752 -0.016606
v -0.003327 -0.007351 -0.016953
v -0.003327 -0.007351 -0.017647
v -0.003372 -0.006752 -0.017994
vn 0.9972 0.0749 -0.0000
vn -0.9972 -0.0749 -0.0000
vn -0.0649 0.8636 -0.5000
vn -0.0375 0.4986 -0.8660
vn -0.0749 0.9972 -0.0000
vn -0.0000 -0.0000 1.0000
vn -0.0375 0.4986 0.8660
vn 0.0375 -0.4986 0.8660
vn 0.0649 -0.8636 -0.5000
vn 0.0749 -0.9972 -0.0000
vn 0.0375 -0.4986 -0.8660
vn -0.0000 -0.0000 -1.0000
vn -0.0649 0.8636 0.5000
vn 0.0649 -0.8636 0.5000
vt 1.000000 0.000000
vt 0.600000 0.000000
vt 0.800000 0.000000
vt 0.400000 0.000000
vt 0.000000 0.000000
vt 0.200000 0.000000
vt 0.000000 1.000000
vt 0.333333 1.000000
vt 0.333333 0.833333
vt 0.000000 0.833333
vt 0.000000 0.166667
vt 0.333333 0.166667
vt 0.333333 0.000000
vt 0.000000 0.333333
vt 0.333333 0.333333
vt 0.000000 0.500000
vt 0.333333 0.500000
vt 0.000000 0.666667
vt 0.333333 0.666667
vt 0.666667 1.000000
vt 0.666667 0.833333
vt 0.666667 0.166667
vt 0.666667 0.000000
vt 0.666667 0.333333
vt 0.666667 0.500000
vt 0.666667 0.666667
vt 1.000000 1.000000
vt 1.000000 0.833333
vt 1.000000 0.166667
vt 1.000000 0.333333
vt 1.000000 0.500000
vt 1.000000 0.666667
s 1
usemtl Chrome_|_smoked_seams
f 2757/2501/3517 2755/2502/3517 2756/2503/3517
f 2757/2501/3517 2754/2504/3517 2755/2502/3517
f 2752/2505/3517 2754/2504/3517 2757/2501/3517
f 2752/2505/3517 2753/2506/3517 2754/2504/3517
f 2760/2504/3518 2762/2503/3518 2761/2502/3518
f 2760/2504/3518 2763/2501/3518 2762/2503/3518
f 2759/2506/3518 2763/2501/3518 2760/2504/3518
f 2759/2506/3518 2758/2505/3518 2763/2501/3518
f 2758/2507/3519 2764/2508/3519 2769/2509/3520 2763/2510/3520
f 2759/2511/3521 2765/2512/3521 2764/2513/3519 2758/2505/3519
f 2760/2514/3522 2766/2515/3522 2765/2512/3523 2759/2511/3523
f 2761/2516/3524 2767/2517/3524 2766/2515/3522 2760/2514/3522
f 2762/2518/3525 2768/2519/3525 2767/2517/3526 2761/2516/3526
f 2763/2510/3527 2769/2509/3527 2768/2519/3525 2762/2518/3525
f 2764/2508/3519 2770/2520/3519 2775/2521/3528 2769/2509/3520
f 2765/2512/3521 2771/2522/3529 2770/2523/3519 2764/2513/3519
f 2766/2515/3522 2772/2524/3522 2771/2522/3529 2765/2512/3523
f 2767/2517/3524 2773/2525/3530 2772/2524/3522 2766/2515/3522
f 2768/2519/3525 2774/2526/3525 2773/2525/3530 2767/2517/3526
f 2769/2509/3527 2775/2521/3528 2774/2526/3525 2768/2519/3525
f 2770/2520/3519 2752/2527/3520 2757/2528/3528 2775/2521/3528
f 2771/2522/3529 2753/2529/3529 2752/2501/3521 2770/2523/3519
f 2772/2524/3522 2754/2530/3523 2753/2529/3529 2771/2522/3529
f 2773/2525/3530 2755/2531/3530 2754/2530/3524 2772/2524/3522
f 2774/2526/3525 2756/2532/3526 2755/2531/3530 2773/2525/3530
f 2775/2521/3528 2757/2528/3528 2756/2532/3527 2774/2526/3525
o Grip_|_left_rib_03
v 0.002176 -0.008996 -0.017647
v 0.002176 -0.008996 -0.016953
v 0.002220 -0.009595 -0.016606
v 0.002264 -0.010194 -0.016953
v 0.002264 -0.010194 -0.017647
v 0.002220 -0.009595 -0.017994
v -0.016723 -0.010384 -0.017647
v -0.016723 -0.010384 -0.016953
v -0.016679 -0.010983 -0.016606
v -0.016635 -0.011582 -0.016953
v -0.016635 -0.011582 -0.017647
v -0.016679 -0.010983 -0.017994
v -0.010184 -0.009904 -0.017647
v -0.010184 -0.009904 -0.016953
v -0.010140 -0.010503 -0.016606
v -0.010096 -0.011102 -0.016953
v -0.010096 -0.011102 -0.017647
v -0.010140 -0.010503 -0.017994
v -0.004364 -0.009476 -0.017647
v -0.004364 -0.009476 -0.016953
v -0.004320 -0.010075 -0.016606
v -0.004276 -0.010674 -0.016953
v -0.004276 -0.010674 -0.017647
v -0.004320 -0.010075 -0.017994
vn 0.9973 0.0732 -0.0000
vn -0.9973 -0.0732 -0.0000
vn -0.0366 0.4987 -0.8660
vn -0.0000 -0.0000 -1.0000
vn -0.0634 0.8637 0.5000
vn -0.0732 0.9973 -0.0000
vn -0.0366 0.4987 0.8660
vn -0.0000 -0.0000 1.0000
vn 0.0634 -0.8637 0.5000
vn 0.0366 -0.4987 0.8660
vn 0.0732 -0.9973 -0.0000
vn 0.0366 -0.4987 -0.8660
vt 1.000000 0.000000
vt 0.600000 0.000000
vt 0.800000 0.000000
vt 0.400000 0.000000
vt 0.000000 0.000000
vt 0.200000 0.000000
vt 0.000000 1.000000
vt 0.333333 1.000000
vt 0.333333 0.833333
vt 0.000000 0.833333
vt 0.000000 0.166667
vt 0.333333 0.166667
vt 0.333333 0.000000
vt 0.000000 0.333333
vt 0.333333 0.333333
vt 0.000000 0.500000
vt 0.333333 0.500000
vt 0.000000 0.666667
vt 0.333333 0.666667
vt 0.666667 1.000000
vt 0.666667 0.833333
vt 0.666667 0.166667
vt 0.666667 0.000000
vt 0.666667 0.333333
vt 0.666667 0.500000
vt 0.666667 0.666667
vt 1.000000 1.000000
vt 1.000000 0.833333
vt 1.000000 0.166667
vt 1.000000 0.333333
vt 1.000000 0.500000
vt 1.000000 0.666667
s 1
usemtl Chrome_|_smoked_seams
f 2781/2533/3531 2779/2534/3531 2780/2535/3531
f 2781/2533/3531 2778/2536/3531 2779/2534/3531
f 2776/2537/3531 2778/2536/3531 2781/2533/3531
f 2776/2537/3531 2777/2538/3531 2778/2536/3531
f 2784/2536/3532 2786/2535/3532 2785/2534/3532
f 2784/2536/3532 2787/2533/3532 2786/2535/3532
f 2783/2538/3532 2787/2533/3532 2784/2536/3532
f 2783/2538/3532 2782/2537/3532 2787/2533/3532
f 2782/2539/3533 2788/2540/3533 2793/2541/3534 2787/2542/3534
f 2783/2543/3535 2789/2544/3535 2788/2545/3536 2782/2537/3536
f 2784/2546/3537 2790/2547/3538 2789/2544/3535 2783/2543/3535
f 2785/2548/3539 2791/2549/3539 2790/2547/3538 2784/2546/3540
f 2786/2550/3541 2792/2551/3541 2791/2549/3539 2785/2548/3539
f 2787/2542/3534 2793/2541/3534 2792/2551/3542 2786/2550/3542
f 2788/2540/3533 2794/2552/3533 2799/2553/3534 2793/2541/3534
f 2789/2544/3535 2795/2554/3535 2794/2555/3536 2788/2545/3536
f 2790/2547/3538 2796/2556/3538 2795/2554/3535 2789/2544/3535
f 2791/2549/3539 2797/2557/3539 2796/2556/3538 2790/2547/3538
f 2792/2551/3541 2798/2558/3541 2797/2557/3539 2791/2549/3539
f 2793/2541/3534 2799/2553/3534 2798/2558/3542 2792/2551/3542
f 2794/2552/3533 2776/2559/3533 2781/2560/3534 2799/2553/3534
f 2795/2554/3535 2777/2561/3536 2776/2533/3536 2794/2555/3536
f 2796/2556/3538 2778/2562/3537 2777/2561/3537 2795/2554/3535
f 2797/2557/3539 2779/2563/3539 2778/2562/3540 2796/2556/3538
f 2798/2558/3541 2780/2564/3541 2779/2563/3539 2797/2557/3539
f 2799/2553/3534 2781/2560/3534 2780/2564/3542 2798/2558/3542
o Grip_|_left_rib_04
v 0.001379 -0.012320 -0.017647
v 0.001379 -0.012320 -0.016953
v 0.001422 -0.012919 -0.016606
v 0.001465 -0.013518 -0.016953
v 0.001465 -0.013518 -0.017647
v 0.001422 -0.012919 -0.017994
v -0.017952 -0.013707 -0.017647
v -0.017952 -0.013707 -0.016953
v -0.017909 -0.014306 -0.016606
v -0.017866 -0.014906 -0.016953
v -0.017866 -0.014906 -0.017647
v -0.017909 -0.014306 -0.017994
v -0.011263 -0.013227 -0.017647
v -0.011263 -0.013227 -0.016953
v -0.011220 -0.013826 -0.016606
v -0.011177 -0.014426 -0.016953
v -0.011177 -0.014426 -0.017647
v -0.011220 -0.013826 -0.017994
v -0.005310 -0.012800 -0.017647
v -0.005310 -0.012800 -0.016953
v -0.005267 -0.013399 -0.016606
v -0.005224 -0.013998 -0.016953
v -0.005224 -0.013998 -0.017647
v -0.005267 -0.013399 -0.017994
vn 0.9974 0.0716 -0.0000
vn -0.9974 -0.0716 -0.0000
vn -0.0620 0.8638 -0.5000
vn -0.0358 0.4987 -0.8660
vn -0.0716 0.9974 -0.0000
vn -0.0000 -0.0000 1.0000
vn -0.0358 0.4987 0.8660
vn 0.0358 -0.4987 0.8660
vn 0.0620 -0.8638 -0.5000
vn 0.0716 -0.9974 -0.0000
vn 0.0358 -0.4987 -0.8660
vn -0.0000 -0.0000 -1.0000
vn -0.0620 0.8638 0.5000
vt 1.000000 0.000000
vt 0.600000 0.000000
vt 0.800000 0.000000
vt 0.400000 0.000000
vt 0.000000 0.000000
vt 0.200000 0.000000
vt 0.000000 1.000000
vt 0.333333 1.000000
vt 0.333333 0.833333
vt 0.000000 0.833333
vt 0.000000 0.166667
vt 0.333333 0.166667
vt 0.333333 0.000000
vt 0.000000 0.333333
vt 0.333333 0.333333
vt 0.000000 0.500000
vt 0.333333 0.500000
vt 0.000000 0.666667
vt 0.333333 0.666667
vt 0.666667 1.000000
vt 0.666667 0.833333
vt 0.666667 0.166667
vt 0.666667 0.000000
vt 0.666667 0.333333
vt 0.666667 0.500000
vt 0.666667 0.666667
vt 1.000000 1.000000
vt 1.000000 0.833333
vt 1.000000 0.166667
vt 1.000000 0.333333
vt 1.000000 0.500000
vt 1.000000 0.666667
s 1
usemtl Chrome_|_smoked_seams
f 2805/2565/3543 2803/2566/3543 2804/2567/3543
f 2805/2565/3543 2802/2568/3543 2803/2566/3543
f 2800/2569/3543 2802/2568/3543 2805/2565/3543
f 2800/2569/3543 2801/2570/3543 2802/2568/3543
f 2808/2568/3544 2810/2567/3544 2809/2566/3544
f 2808/2568/3544 2811/2565/3544 2810/2567/3544
f 2807/2570/3544 2811/2565/3544 2808/2568/3544
f 2807/2570/3544 2806/2569/3544 2811/2565/3544
f 2806/2571/3545 2812/2572/3545 2817/2573/3546 2811/2574/3546
f 2807/2575/3547 2813/2576/3547 2812/2577/3545 2806/2569/3545
f 2808/2578/3548 2814/2579/3548 2813/2576/3549 2807/2575/3549
f 2809/2580/3550 2815/2581/3550 2814/2579/3548 2808/2578/3548
f 2810/2582/3551 2816/2583/3551 2815/2581/3552 2809/2580/3552
f 2811/2574/3553 2817/2573/3553 2816/2583/3551 2810/2582/3551
f 2812/2572/3545 2818/2584/3545 2823/2585/3554 2817/2573/3546
f 2813/2576/3547 2819/2586/3555 2818/2587/3545 2812/2577/3545
f 2814/2579/3548 2820/2588/3548 2819/2586/3555 2813/2576/3549
f 2815/2581/3550 2821/2589/3550 2820/2588/3548 2814/2579/3548
f 2816/2583/3551 2822/2590/3551 2821/2589/3552 2815/2581/3552
f 2817/2573/3553 2823/2585/3554 2822/2590/3551 2816/2583/3551
f 2818/2584/3545 2800/2591/3546 2805/2592/3554 2823/2585/3554
f 2819/2586/3555 2801/2593/3555 2800/2565/3547 2818/2587/3545
f 2820/2588/3548 2802/2594/3548 2801/2593/3555 2819/2586/3555
f 2821/2589/3550 2803/2595/3550 2802/2594/3548 2820/2588/3548
f 2822/2590/3551 2804/2596/3551 2803/2595/3552 2821/2589/3552
f 2823/2585/3554 2805/2592/3554 2804/2596/3551 2822/2590/3551
o Grip_|_left_rib_05
v 0.000582 -0.015644 -0.017647
v 0.000582 -0.015644 -0.016953
v 0.000624 -0.016243 -0.016606
v 0.000666 -0.016842 -0.016953
v 0.000666 -0.016842 -0.017647
v 0.000624 -0.016243 -0.017994
v -0.019181 -0.017031 -0.017647
v -0.019181 -0.017031 -0.016953
v -0.019139 -0.017630 -0.016606
v -0.019097 -0.018229 -0.016953
v -0.019097 -0.018229 -0.017647
v -0.019139 -0.017630 -0.017994
v -0.012342 -0.016551 -0.017647
v -0.012342 -0.016551 -0.016953
v -0.012300 -0.017150 -0.016606
v -0.012258 -0.017749 -0.016953
v -0.012258 -0.017749 -0.017647
v -0.012300 -0.017150 -0.017994
v -0.006256 -0.016124 -0.017647
v -0.006256 -0.016124 -0.016953
v -0.006214 -0.016723 -0.016606
v -0.006172 -0.017322 -0.016953
v -0.006172 -0.017322 -0.017647
v -0.006214 -0.016723 -0.017994
vn 0.9975 0.0700 -0.0000
vn -0.9975 -0.0700 -0.0000
vn -0.0606 0.8639 -0.5000
vn -0.0350 0.4988 -0.8660
vn -0.0700 0.9975 -0.0000
vn -0.0606 0.8639 0.5000
vn -0.0000 -0.0000 1.0000
vn -0.0350 0.4988 0.8660
vn 0.0350 -0.4988 0.8660
vn 0.0606 -0.8639 0.5000
vn 0.0606 -0.8639 -0.5000
vn 0.0700 -0.9975 -0.0000
vn 0.0350 -0.4988 -0.8660
vt 1.000000 0.000000
vt 0.600000 0.000000
vt 0.800000 0.000000
vt 0.400000 0.000000
vt 0.000000 0.000000
vt 0.200000 0.000000
vt 0.000000 1.000000
vt 0.333333 1.000000
vt 0.333333 0.833333
vt 0.000000 0.833333
vt 0.000000 0.166667
vt 0.333333 0.166667
vt 0.333333 0.000000
vt 0.000000 0.333333
vt 0.333333 0.333333
vt 0.000000 0.500000
vt 0.333333 0.500000
vt 0.000000 0.666667
vt 0.333333 0.666667
vt 0.666667 1.000000
vt 0.666667 0.833333
vt 0.666667 0.166667
vt 0.666667 0.000000
vt 0.666667 0.333333
vt 0.666667 0.500000
vt 0.666667 0.666667
vt 1.000000 1.000000
vt 1.000000 0.833333
vt 1.000000 0.166667
vt 1.000000 0.333333
vt 1.000000 0.500000
vt 1.000000 0.666667
s 1
usemtl Chrome_|_smoked_seams
f 2829/2597/3556 2827/2598/3556 2828/2599/3556
f 2829/2597/3556 2826/2600/3556 2827/2598/3556
f 2824/2601/3556 2826/2600/3556 2829/2597/3556
f 2824/2601/3556 2825/2602/3556 2826/2600/3556
f 2832/2600/3557 2834/2599/3557 2833/2598/3557
f 2832/2600/3557 2835/2597/3557 2834/2599/3557
f 2831/2602/3557 2835/2597/3557 2832/2600/3557
f 2831/2602/3557 2830/2601/3557 2835/2597/3557
f 2830/2603/3558 2836/2604/3558 2841/2605/3559 2835/2606/3559
f 2831/2607/3560 2837/2608/3561 2836/2609/3558 2830/2601/3558
f 2832/2610/3562 2838/2611/3562 2837/2608/3561 2831/2607/3563
f 2833/2612/3564 2839/2613/3565 2838/2611/3562 2832/2610/3562
f 2834/2614/3566 2840/2615/3566 2839/2613/3565 2833/2612/3567
f 2835/2606/3568 2841/2605/3568 2840/2615/3566 2834/2614/3566
f 2836/2604/3558 2842/2616/3558 2847/2617/3559 2841/2605/3559
f 2837/2608/3561 2843/2618/3561 2842/2619/3558 2836/2609/3558
f 2838/2611/3562 2844/2620/3562 2843/2618/3561 2837/2608/3561
f 2839/2613/3565 2845/2621/3565 2844/2620/3562 2838/2611/3562
f 2840/2615/3566 2846/2622/3566 2845/2621/3565 2839/2613/3565
f 2841/2605/3568 2847/2617/3568 2846/2622/3566 2840/2615/3566
f 2842/2616/3558 2824/2623/3558 2829/2624/3559 2847/2617/3559
f 2843/2618/3561 2825/2625/3560 2824/2597/3558 2842/2619/3558
f 2844/2620/3562 2826/2626/3562 2825/2625/3563 2843/2618/3561
f 2845/2621/3565 2827/2627/3564 2826/2626/3562 2844/2620/3562
f 2846/2622/3566 2828/2628/3567 2827/2627/3567 2845/2621/3565
f 2847/2617/3568 2829/2624/3568 2828/2628/3568 2846/2622/3566
o Grip_|_left_rib_06
v -0.000215 -0.018967 -0.017647
v -0.000215 -0.018967 -0.016953
v -0.000173 -0.019566 -0.016606
v -0.000132 -0.020166 -0.016953
v -0.000132 -0.020166 -0.017647
v -0.000173 -0.019566 -0.017994
v -0.020410 -0.020354 -0.017647
v -0.020410 -0.020354 -0.016953
v -0.020368 -0.020954 -0.016606
v -0.020327 -0.021553 -0.016953
v -0.020327 -0.021553 -0.017647
v -0.020368 -0.020954 -0.017994
v -0.013422 -0.019874 -0.017647
v -0.013422 -0.019874 -0.016953
v -0.013381 -0.020474 -0.016606
v -0.013339 -0.021073 -0.016953
v -0.013339 -0.021073 -0.017647
v -0.013381 -0.020474 -0.017994
v -0.007202 -0.019447 -0.017647
v -0.007202 -0.019447 -0.016953
v -0.007161 -0.020046 -0.016606
v -0.007120 -0.020646 -0.016953
v -0.007120 -0.020646 -0.017647
v -0.007161 -0.020046 -0.017994
vn 0.9976 0.0685 -0.0000
vn -0.9976 -0.0685 -0.0000
vn -0.0343 0.4988 -0.8660
vn -0.0594 0.8640 -0.5000
vn -0.0000 -0.0000 -1.0000
vn -0.0594 0.8640 0.5000
vn -0.0685 0.9976 -0.0000
vn -0.0343 0.4988 0.8660
vn -0.0000 -0.0000 1.0000
vn 0.0594 -0.8640 0.5000
vn 0.0343 -0.4988 0.8660
vn 0.0685 -0.9976 -0.0000
vn 0.0594 -0.8640 -0.5000
vn 0.0343 -0.4988 -0.8660
vt 1.000000 0.000000
vt 0.600000 0.000000
vt 0.800000 0.000000
vt 0.400000 0.000000
vt 0.000000 0.000000
vt 0.200000 0.000000
vt 0.000000 1.000000
vt 0.333333 1.000000
vt 0.333333 0.833333
vt 0.000000 0.833333
vt 0.000000 0.166667
vt 0.333333 0.166667
vt 0.333333 0.000000
vt 0.000000 0.333333
vt 0.333333 0.333333
vt 0.000000 0.500000
vt 0.333333 0.500000
vt 0.000000 0.666667
vt 0.333333 0.666667
vt 0.666667 1.000000
vt 0.666667 0.833333
vt 0.666667 0.166667
vt 0.666667 0.000000
vt 0.666667 0.333333
vt 0.666667 0.500000
vt 0.666667 0.666667
vt 1.000000 1.000000
vt 1.000000 0.833333
vt 1.000000 0.166667
vt 1.000000 0.333333
vt 1.000000 0.500000
vt 1.000000 0.666667
s 1
usemtl Chrome_|_smoked_seams
f 2853/2629/3569 2851/2630/3569 2852/2631/3569
f 2853/2629/3569 2850/2632/3569 2851/2630/3569
f 2848/2633/3569 2850/2632/3569 2853/2629/3569
f 2848/2633/3569 2849/2634/3569 2850/2632/3569
f 2856/2632/3570 2858/2631/3570 2857/2630/3570
f 2856/2632/3570 2859/2629/3570 2858/2631/3570
f 2855/2634/3570 2859/2629/3570 2856/2632/3570
f 2855/2634/3570 2854/2633/3570 2859/2629/3570
f 2854/2635/3571 2860/2636/3572 2865/2637/3573 2859/2638/3573
f 2855/2639/3574 2861/2640/3574 2860/2641/3572 2854/2633/3575
f 2856/2642/3576 2862/2643/3577 2861/2640/3574 2855/2639/3574
f 2857/2644/3578 2863/2645/3578 2862/2643/3577 2856/2642/3579
f 2858/2646/3580 2864/2647/3581 2863/2645/3578 2857/2644/3578
f 2859/2638/3573 2865/2637/3573 2864/2647/3581 2858/2646/3582
f 2860/2636/3572 2866/2648/3572 2871/2649/3573 2865/2637/3573
f 2861/2640/3574 2867/2650/3574 2866/2651/3572 2860/2641/3572
f 2862/2643/3577 2868/2652/3577 2867/2650/3574 2861/2640/3574
f 2863/2645/3578 2869/2653/3578 2868/2652/3577 2862/2643/3577
f 2864/2647/3581 2870/2654/3581 2869/2653/3578 2863/2645/3578
f 2865/2637/3573 2871/2649/3573 2870/2654/3581 2864/2647/3581
f 2866/2648/3572 2848/2655/3571 2853/2656/3573 2871/2649/3573
f 2867/2650/3574 2849/2657/3574 2848/2629/3575 2866/2651/3572
f 2868/2652/3577 2850/2658/3576 2849/2657/3574 2867/2650/3574
f 2869/2653/3578 2851/2659/3578 2850/2658/3579 2868/2652/3577
f 2870/2654/3581 2852/2660/3580 2851/2659/3578 2869/2653/3578
f 2871/2649/3573 2853/2656/3573 2852/2660/3582 2870/2654/3581
o Grip_|_left_rib_07
v -0.001011 -0.022291 -0.017647
v -0.001011 -0.022291 -0.016953
v -0.000971 -0.022890 -0.016606
v -0.000931 -0.023490 -0.016953
v -0.000931 -0.023490 -0.017647
v -0.000971 -0.022890 -0.017994
v -0.021639 -0.023678 -0.017647
v -0.021639 -0.023678 -0.016953
v -0.021598 -0.024277 -0.016606
v -0.021558 -0.024877 -0.016953
v -0.021558 -0.024877 -0.017647
v -0.021598 -0.024277 -0.017994
v -0.014501 -0.023198 -0.017647
v -0.014501 -0.023198 -0.016953
v -0.014461 -0.023797 -0.016606
v -0.014421 -0.024397 -0.016953
v -0.014421 -0.024397 -0.017647
v -0.014461 -0.023797 -0.017994
v -0.008149 -0.022771 -0.017647
v -0.008149 -0.022771 -0.016953
v -0.008108 -0.023370 -0.016606
v -0.008068 -0.023970 -0.016953
v -0.008068 -0.023970 -0.017647
v -0.008108 -0.023370 -0.017994
vn 0.9977 0.0671 -0.0000
vn -0.9977 -0.0671 -0.0000
vn -0.0336 0.4989 -0.8660
vn -0.0000 -0.0000 -1.0000
vn -0.0581 0.8641 0.5000
vn -0.0671 0.9977 -0.0000
vn -0.0336 0.4989 0.8660
vn 0.0581 -0.8641 0.5000
vn 0.0336 -0.4989 0.8660
vn 0.0581 -0.8641 -0.5000
vn -0.0000 -0.0000 1.0000
vt 1.000000 0.000000
vt 0.600000 0.000000
vt 0.800000 0.000000
vt 0.400000 0.000000
vt 0.000000 0.000000
vt 0.200000 0.000000
vt 0.000000 1.000000
vt 0.333333 1.000000
vt 0.333333 0.833333
vt 0.000000 0.833333
vt 0.000000 0.166667
vt 0.333333 0.166667
vt 0.333333 0.000000
vt 0.000000 0.333333
vt 0.333333 0.333333
vt 0.000000 0.500000
vt 0.333333 0.500000
vt 0.000000 0.666667
vt 0.333333 0.666667
vt 0.666667 1.000000
vt 0.666667 0.833333
vt 0.666667 0.166667
vt 0.666667 0.000000
vt 0.666667 0.333333
vt 0.666667 0.500000
vt 0.666667 0.666667
vt 1.000000 1.000000
vt 1.000000 0.833333
vt 1.000000 0.166667
vt 1.000000 0.333333
vt 1.000000 0.500000
vt 1.000000 0.666667
s 1
usemtl Chrome_|_smoked_seams
f 2877/2661/3583 2875/2662/3583 2876/2663/3583
f 2877/2661/3583 2874/2664/3583 2875/2662/3583
f 2872/2665/3583 2874/2664/3583 2877/2661/3583
f 2872/2665/3583 2873/2666/3583 2874/2664/3583
f 2880/2664/3584 2882/2663/3584 2881/2662/3584
f 2880/2664/3584 2883/2661/3584 2882/2663/3584
f 2879/2666/3584 2883/2661/3584 2880/2664/3584
f 2879/2666/3584 2878/2665/3584 2883/2661/3584
f 2878/2667/3585 2884/2668/3585 2889/2669/3586 2883/2670/3586
f 2879/2671/3587 2885/2672/3587 2884/2673/3588 2878/2665/3588
f 2880/2674/3589 2886/2675/3589 2885/2672/3587 2879/2671/3587
f 2881/2676/3590 2887/2677/3590 2886/2675/3591 2880/2674/3591
f 2882/2678/3592 2888/2679/3592 2887/2677/3590 2881/2676/3590
f 2883/2670/3586 2889/2669/3586 2888/2679/3592 2882/2678/3592
f 2884/2668/3585 2890/2680/3585 2895/2681/3586 2889/2669/3586
f 2885/2672/3587 2891/2682/3587 2890/2683/3588 2884/2673/3588
f 2886/2675/3589 2892/2684/3593 2891/2682/3587 2885/2672/3587
f 2887/2677/3590 2893/2685/3590 2892/2684/3593 2886/2675/3591
f 2888/2679/3592 2894/2686/3592 2893/2685/3590 2887/2677/3590
f 2889/2669/3586 2895/2681/3586 2894/2686/3592 2888/2679/3592
f 2890/2680/3585 2872/2687/3585 2877/2688/3586 2895/2681/3586
f 2891/2682/3587 2873/2689/3587 2872/2661/3588 2890/2683/3588
f 2892/2684/3593 2874/2690/3593 2873/2689/3587 2891/2682/3587
f 2893/2685/3590 2875/2691/3590 2874/2690/3593 2892/2684/3593
f 2894/2686/3592 2876/2692/3592 2875/2691/3590 2893/2685/3590
f 2895/2681/3586 2877/2688/3586 2876/2692/3592 2894/2686/3592
o Grip_|_left_rib_08
v -0.001808 -0.025614 -0.017647
v -0.001808 -0.025614 -0.016953
v -0.001769 -0.026214 -0.016606
v -0.001729 -0.026813 -0.016953
v -0.001729 -0.026813 -0.017647
v -0.001769 -0.026214 -0.017994
v -0.022868 -0.027002 -0.017647
v -0.022868 -0.027002 -0.016953
v -0.022828 -0.027601 -0.016606
v -0.022789 -0.028201 -0.016953
v -0.022789 -0.028201 -0.017647
v -0.022828 -0.027601 -0.017994
v -0.015581 -0.026522 -0.017647
v -0.015581 -0.026522 -0.016953
v -0.015541 -0.027121 -0.016606
v -0.015502 -0.027721 -0.016953
v -0.015502 -0.027721 -0.017647
v -0.015541 -0.027121 -0.017994
v -0.009095 -0.026094 -0.017647
v -0.009095 -0.026094 -0.016953
v -0.009056 -0.026694 -0.016606
v -0.009016 -0.027293 -0.016953
v -0.009016 -0.027293 -0.017647
v -0.009056 -0.026694 -0.017994
vn 0.9978 0.0657 -0.0000
vn -0.9978 -0.0657 -0.0000
vn -0.0329 0.4989 -0.8660
vn -0.0000 -0.0000 -1.0000
vn -0.0657 0.9978 -0.0000
vn -0.0000 -0.0000 1.0000
vn -0.0329 0.4989 0.8660
vn 0.0329 -0.4989 0.8660
vn 0.0657 -0.9978 -0.0000
vn 0.0329 -0.4989 -0.8660
vn -0.0569 0.8642 0.5000
vn 0.0569 -0.8642 0.5000
vt 1.000000 0.000000
vt 0.600000 0.000000
vt 0.800000 0.000000
vt 0.400000 0.000000
vt 0.000000 0.000000
vt 0.200000 0.000000
vt 0.000000 1.000000
vt 0.333333 1.000000
vt 0.333333 0.833333
vt 0.000000 0.833333
vt 0.000000 0.166667
vt 0.333333 0.166667
vt 0.333333 0.000000
vt 0.000000 0.333333
vt 0.333333 0.333333
vt 0.000000 0.500000
vt 0.333333 0.500000
vt 0.000000 0.666667
vt 0.333333 0.666667
vt 0.666667 1.000000
vt 0.666667 0.833333
vt 0.666667 0.166667
vt 0.666667 0.000000
vt 0.666667 0.333333
vt 0.666667 0.500000
vt 0.666667 0.666667
vt 1.000000 1.000000
vt 1.000000 0.833333
vt 1.000000 0.166667
vt 1.000000 0.333333
vt 1.000000 0.500000
vt 1.000000 0.666667
s 1
usemtl Chrome_|_smoked_seams
f 2901/2693/3594 2899/2694/3594 2900/2695/3594
f 2901/2693/3594 2898/2696/3594 2899/2694/3594
f 2896/2697/3594 2898/2696/3594 2901/2693/3594
f 2896/2697/3594 2897/2698/3594 2898/2696/3594
f 2904/2696/3595 2906/2695/3595 2905/2694/3595
f 2904/2696/3595 2907/2693/3595 2906/2695/3595
f 2903/2698/3595 2907/2693/3595 2904/2696/3595
f 2903/2698/3595 2902/2697/3595 2907/2693/3595
f 2902/2699/3596 2908/2700/3596 2913/2701/3597 2907/2702/3597
f 2903/2703/3598 2909/2704/3598 2908/2705/3598 2902/2697/3598
f 2904/2706/3599 2910/2707/3599 2909/2704/3600 2903/2703/3600
f 2905/2708/3601 2911/2709/3601 2910/2707/3599 2904/2706/3599
f 2906/2710/3602 2912/2711/3602 2911/2709/3602 2905/2708/3602
f 2907/2702/3597 2913/2701/3597 2912/2711/3603 2906/2710/3603
f 2908/2700/3596 2914/2712/3596 2919/2713/3597 2913/2701/3597
f 2909/2704/3598 2915/2714/3604 2914/2715/3598 2908/2705/3598
f 2910/2707/3599 2916/2716/3599 2915/2714/3604 2909/2704/3600
f 2911/2709/3601 2917/2717/3605 2916/2716/3599 2910/2707/3599
f 2912/2711/3602 2918/2718/3602 2917/2717/3605 2911/2709/3602
f 2913/2701/3597 2919/2713/3597 2918/2718/3603 2912/2711/3603
f 2914/2712/3596 2896/2719/3596 2901/2720/3597 2919/2713/3597
f 2915/2714/3604 2897/2721/3604 2896/2693/3598 2914/2715/3598
f 2916/2716/3599 2898/2722/3600 2897/2721/3604 2915/2714/3604
f 2917/2717/3605 2899/2723/3605 2898/2722/3601 2916/2716/3599
f 2918/2718/3602 2900/2724/3602 2899/2723/3605 2917/2717/3605
f 2919/2713/3597 2901/2720/3597 2900/2724/3603 2918/2718/3603
o Grip_|_left_rib_09
v -0.002605 -0.028938 -0.017647
v -0.002605 -0.028938 -0.016953
v -0.002566 -0.029538 -0.016606
v -0.002528 -0.030137 -0.016953
v -0.002528 -0.030137 -0.017647
v -0.002566 -0.029538 -0.017994
v -0.024097 -0.030325 -0.017647
v -0.024097 -0.030325 -0.016953
v -0.024058 -0.030925 -0.016606
v -0.024019 -0.031524 -0.016953
v -0.024019 -0.031524 -0.017647
v -0.024058 -0.030925 -0.017994
v -0.016660 -0.029845 -0.017647
v -0.016660 -0.029845 -0.016953
v -0.016621 -0.030445 -0.016606
v -0.016583 -0.031044 -0.016953
v -0.016583 -0.031044 -0.017647
v -0.016621 -0.030445 -0.017994
v -0.010042 -0.029418 -0.017647
v -0.010042 -0.029418 -0.016953
v -0.010003 -0.030018 -0.016606
v -0.009964 -0.030617 -0.016953
v -0.009964 -0.030617 -0.017647
v -0.010003 -0.030018 -0.017994
vn 0.9979 0.0644 -0.0000
vn -0.9979 -0.0644 -0.0000
vn -0.0322 0.4990 -0.8660
vn -0.0000 -0.0000 -1.0000
vn -0.0644 0.9979 -0.0000
vn -0.0000 -0.0000 1.0000
vn -0.0322 0.4990 0.8660
vn 0.0322 -0.4990 0.8660
vn 0.0558 -0.8642 0.5000
vn 0.0644 -0.9979 -0.0000
vn 0.0322 -0.4990 -0.8660
vn 0.0558 -0.8642 -0.5000
vt 1.000000 0.000000
vt 0.600000 0.000000
vt 0.800000 0.000000
vt 0.400000 0.000000
vt 0.000000 0.000000
vt 0.200000 0.000000
vt 0.000000 1.000000
vt 0.333333 1.000000
vt 0.333333 0.833333
vt 0.000000 0.833333
vt 0.000000 0.166667
vt 0.333333 0.166667
vt 0.333333 0.000000
vt 0.000000 0.333333
vt 0.333333 0.333333
vt 0.000000 0.500000
vt 0.333333 0.500000
vt 0.000000 0.666667
vt 0.333333 0.666667
vt 0.666667 1.000000
vt 0.666667 0.833333
vt 0.666667 0.166667
vt 0.666667 0.000000
vt 0.666667 0.333333
vt 0.666667 0.500000
vt 0.666667 0.666667
vt 1.000000 1.000000
vt 1.000000 0.833333
vt 1.000000 0.166667
vt 1.000000 0.333333
vt 1.000000 0.500000
vt 1.000000 0.666667
s 1
usemtl Chrome_|_smoked_seams
f 2925/2725/3606 2923/2726/3606 2924/2727/3606
f 2925/2725/3606 2922/2728/3606 2923/2726/3606
f 2920/2729/3606 2922/2728/3606 2925/2725/3606
f 2920/2729/3606 2921/2730/3606 2922/2728/3606
f 2928/2728/3607 2930/2727/3607 2929/2726/3607
f 2928/2728/3607 2931/2725/3607 2930/2727/3607
f 2927/2730/3607 2931/2725/3607 2928/2728/3607
f 2927/2730/3607 2926/2729/3607 2931/2725/3607
f 2926/2731/3608 2932/2732/3608 2937/2733/3609 2931/2734/3609
f 2927/2735/3610 2933/2736/3610 2932/2737/3610 2926/2729/3610
f 2928/2738/3611 2934/2739/3611 2933/2736/3612 2927/2735/3612
f 2929/2740/3613 2935/2741/3614 2934/2739/3611 2928/2738/3611
f 2930/2742/3615 2936/2743/3615 2935/2741/3614 2929/2740/3615
f 2931/2734/3609 2937/2733/3609 2936/2743/3616 2930/2742/3616
f 2932/2732/3608 2938/2744/3608 2943/2745/3609 2937/2733/3609
f 2933/2736/3610 2939/2746/3610 2938/2747/3610 2932/2737/3610
f 2934/2739/3611 2940/2748/3611 2939/2746/3612 2933/2736/3612
f 2935/2741/3614 2941/2749/3614 2940/2748/3611 2934/2739/3611
f 2936/2743/3615 2942/2750/3617 2941/2749/3614 2935/2741/3614
f 2937/2733/3609 2943/2745/3609 2942/2750/3617 2936/2743/3616
f 2938/2744/3608 2920/2751/3608 2925/2752/3609 2943/2745/3609
f 2939/2746/3610 2921/2753/3610 2920/2725/3610 2938/2747/3610
f 2940/2748/3611 2922/2754/3611 2921/2753/3612 2939/2746/3612
f 2941/2749/3614 2923/2755/3614 2922/2754/3611 2940/2748/3611
f 2942/2750/3617 2924/2756/3617 2923/2755/3614 2941/2749/3614
f 2943/2745/3609 2925/2752/3609 2924/2756/3617 2942/2750/3617
o Grip_|_left_rib_10
v -0.003402 -0.032262 -0.017647
v -0.003402 -0.032262 -0.016953
v -0.003364 -0.032861 -0.016606
v -0.003326 -0.033461 -0.016953
v -0.003326 -0.033461 -0.017647
v -0.003364 -0.032861 -0.017994
v -0.025326 -0.033649 -0.017647
v -0.025326 -0.033649 -0.016953
v -0.025288 -0.034249 -0.016606
v -0.025250 -0.034848 -0.016953
v -0.025250 -0.034848 -0.017647
v -0.025288 -0.034249 -0.017994
v -0.017740 -0.033169 -0.017647
v -0.017740 -0.033169 -0.016953
v -0.017702 -0.033769 -0.016606
v -0.017664 -0.034368 -0.016953
v -0.017664 -0.034368 -0.017647
v -0.017702 -0.033769 -0.017994
v -0.010988 -0.032742 -0.017647
v -0.010988 -0.032742 -0.016953
v -0.010950 -0.033341 -0.016606
v -0.010912 -0.033941 -0.016953
v -0.010912 -0.033941 -0.017647
v -0.010950 -0.033341 -0.017994
vn 0.9980 0.0632 -0.0000
vn -0.9980 -0.0632 -0.0000
vn -0.0547 0.8643 -0.5000
vn -0.0000 -0.0000 -1.0000
vn -0.0316 0.4990 -0.8660
vn -0.0547 0.8643 0.5000
vn -0.0316 0.4990 0.8660
vn -0.0000 -0.0000 1.0000
vn 0.0547 -0.8643 0.5000
vn 0.0316 -0.4990 0.8660
vn 0.0547 -0.8643 -0.5000
vn 0.0316 -0.4990 -0.8660
vt 1.000000 0.000000
vt 0.600000 0.000000
vt 0.800000 0.000000
vt 0.400000 0.000000
vt 0.000000 0.000000
vt 0.200000 0.000000
vt 0.000000 1.000000
vt 0.333333 1.000000
vt 0.333333 0.833333
vt 0.000000 0.833333
vt 0.000000 0.166667
vt 0.333333 0.166667
vt 0.333333 0.000000
vt 0.000000 0.333333
vt 0.333333 0.333333
vt 0.000000 0.500000
vt 0.333333 0.500000
vt 0.000000 0.666667
vt 0.333333 0.666667
vt 0.666667 1.000000
vt 0.666667 0.833333
vt 0.666667 0.166667
vt 0.666667 0.000000
vt 0.666667 0.333333
vt 0.666667 0.500000
vt 0.666667 0.666667
vt 1.000000 1.000000
vt 1.000000 0.833333
vt 1.000000 0.166667
vt 1.000000 0.333333
vt 1.000000 0.500000
vt 1.000000 0.666667
s 1
usemtl Chrome_|_smoked_seams
f 2949/2757/3618 2947/2758/3618 2948/2759/3618
f 2949/2757/3618 2946/2760/3618 2947/2758/3618
f 2944/2761/3618 2946/2760/3618 2949/2757/3618
f 2944/2761/3618 2945/2762/3618 2946/2760/3618
f 2952/2760/3619 2954/2759/3619 2953/2758/3619
f 2952/2760/3619 2955/2757/3619 2954/2759/3619
f 2951/2762/3619 2955/2757/3619 2952/2760/3619
f 2951/2762/3619 2950/2761/3619 2955/2757/3619
f 2950/2763/3620 2956/2764/3620 2961/2765/3621 2955/2766/3622
f 2951/2767/3623 2957/2768/3623 2956/2769/3620 2950/2761/3620
f 2952/2770/3624 2958/2771/3625 2957/2768/3623 2951/2767/3623
f 2953/2772/3626 2959/2773/3626 2958/2771/3625 2952/2770/3627
f 2954/2774/3628 2960/2775/3628 2959/2773/3626 2953/2772/3626
f 2955/2766/3629 2961/2765/3621 2960/2775/3628 2954/2774/3628
f 2956/2764/3620 2962/2776/3620 2967/2777/3621 2961/2765/3621
f 2957/2768/3623 2963/2778/3623 2962/2779/3620 2956/2769/3620
f 2958/2771/3625 2964/2780/3625 2963/2778/3623 2957/2768/3623
f 2959/2773/3626 2965/2781/3626 2964/2780/3625 2958/2771/3625
f 2960/2775/3628 2966/2782/3628 2965/2781/3626 2959/2773/3626
f 2961/2765/3621 2967/2777/3621 2966/2782/3628 2960/2775/3628
f 2962/2776/3620 2944/2783/3620 2949/2784/3622 2967/2777/3621
f 2963/2778/3623 2945/2785/3623 2944/2757/3620 2962/2779/3620
f 2964/2780/3625 2946/2786/3624 2945/2785/3623 2963/2778/3623
f 2965/2781/3626 2947/2787/3626 2946/2786/3627 2964/2780/3625
f 2966/2782/3628 2948/2788/3628 2947/2787/3626 2965/2781/3626
f 2967/2777/3621 2949/2784/3629 2948/2788/3628 2966/2782/3628
o Grip_|_left_rib_11
v -0.004199 -0.035585 -0.017647
v -0.004199 -0.035585 -0.016953
v -0.004162 -0.036185 -0.016606
v -0.004125 -0.036785 -0.016953
v -0.004125 -0.036785 -0.017647
v -0.004162 -0.036185 -0.017994
v -0.026555 -0.036973 -0.017647
v -0.026555 -0.036973 -0.016953
v -0.026517 -0.037572 -0.016606
v -0.026480 -0.038172 -0.016953
v -0.026480 -0.038172 -0.017647
v -0.026517 -0.037572 -0.017994
v -0.018819 -0.036493 -0.017647
v -0.018819 -0.036493 -0.016953
v -0.018782 -0.037092 -0.016606
v -0.018745 -0.037692 -0.016953
v -0.018745 -0.037692 -0.017647
v -0.018782 -0.037092 -0.017994
v -0.011934 -0.036065 -0.017647
v -0.011934 -0.036065 -0.016953
v -0.011897 -0.036665 -0.016606
v -0.011860 -0.037265 -0.016953
v -0.011860 -0.037265 -0.017647
v -0.011897 -0.036665 -0.017994
vn 0.9981 0.0619 -0.0000
vn -0.9981 -0.0619 -0.0000
vn -0.0310 0.4990 -0.8660
vn -0.0536 0.8644 -0.5000
vn -0.0000 -0.0000 -1.0000
vn -0.0619 0.9981 -0.0000
vn -0.0000 -0.0000 1.0000
vn -0.0310 0.4990 0.8660
vn 0.0310 -0.4990 0.8660
vn 0.0619 -0.9981 -0.0000
vn 0.0310 -0.4990 -0.8660
vt 1.000000 0.000000
vt 0.600000 0.000000
vt 0.800000 0.000000
vt 0.400000 0.000000
vt 0.000000 0.000000
vt 0.200000 0.000000
vt 0.000000 1.000000
vt 0.333333 1.000000
vt 0.333333 0.833333
vt 0.000000 0.833333
vt 0.000000 0.166667
vt 0.333333 0.166667
vt 0.333333 0.000000
vt 0.000000 0.333333
vt 0.333333 0.333333
vt 0.000000 0.500000
vt 0.333333 0.500000
vt 0.000000 0.666667
vt 0.333333 0.666667
vt 0.666667 1.000000
vt 0.666667 0.833333
vt 0.666667 0.166667
vt 0.666667 0.000000
vt 0.666667 0.333333
vt 0.666667 0.500000
vt 0.666667 0.666667
vt 1.000000 1.000000
vt 1.000000 0.833333
vt 1.000000 0.166667
vt 1.000000 0.333333
vt 1.000000 0.500000
vt 1.000000 0.666667
s 1
usemtl Chrome_|_smoked_seams
f 2973/2789/3630 2971/2790/3630 2972/2791/3630
f 2973/2789/3630 2970/2792/3630 2971/2790/3630
f 2968/2793/3630 2970/2792/3630 2973/2789/3630
f 2968/2793/3630 2969/2794/3630 2970/2792/3630
f 2976/2792/3631 2978/2791/3631 2977/2790/3631
f 2976/2792/3631 2979/2789/3631 2978/2791/3631
f 2975/2794/3631 2979/2789/3631 2976/2792/3631
f 2975/2794/3631 2974/2793/3631 2979/2789/3631
f 2974/2795/3632 2980/2796/3633 2985/2797/3634 2979/2798/3634
f 2975/2799/3635 2981/2800/3635 2980/2801/3633 2974/2793/3635
f 2976/2802/3636 2982/2803/3636 2981/2800/3637 2975/2799/3637
f 2977/2804/3638 2983/2805/3638 2982/2803/3636 2976/2802/3636
f 2978/2806/3639 2984/2807/3639 2983/2805/3639 2977/2804/3639
f 2979/2798/3634 2985/2797/3634 2984/2807/3640 2978/2806/3640
f 2980/2796/3633 2986/2808/3633 2991/2809/3634 2985/2797/3634
f 2981/2800/3635 2987/2810/3635 2986/2811/3633 2980/2801/3633
f 2982/2803/3636 2988/2812/3636 2987/2810/3637 2981/2800/3637
f 2983/2805/3638 2989/2813/3638 2988/2812/3636 2982/2803/3636
f 2984/2807/3639 2990/2814/3639 2989/2813/3639 2983/2805/3639
f 2985/2797/3634 2991/2809/3634 2990/2814/3640 2984/2807/3640
f 2986/2808/3633 2968/2815/3632 2973/2816/3634 2991/2809/3634
f 2987/2810/3635 2969/2817/3635 2968/2789/3635 2986/2811/3633
f 2988/2812/3636 2970/2818/3636 2969/2817/3637 2987/2810/3637
f 2989/2813/3638 2971/2819/3638 2970/2818/3636 2988/2812/3636
f 2990/2814/3639 2972/2820/3639 2971/2819/3639 2989/2813/3639
f 2991/2809/3634 2973/2816/3634 2972/2820/3640 2990/2814/3640
o Grip_|_left_rib_12
v -0.004996 -0.038909 -0.017647
v -0.004996 -0.038909 -0.016953
v -0.004960 -0.039509 -0.016606
v -0.004923 -0.040108 -0.016953
v -0.004923 -0.040108 -0.017647
v -0.004960 -0.039509 -0.017994
v -0.027784 -0.040296 -0.017647
v -0.027784 -0.040296 -0.016953
v -0.027747 -0.040896 -0.016606
v -0.027711 -0.041496 -0.016953
v -0.027711 -0.041496 -0.017647
v -0.027747 -0.040896 -0.017994
v -0.019899 -0.039816 -0.017647
v -0.019899 -0.039816 -0.016953
v -0.019862 -0.040416 -0.016606
v -0.019826 -0.041016 -0.016953
v -0.019826 -0.041016 -0.017647
v -0.019862 -0.040416 -0.017994
v -0.012881 -0.039389 -0.017647
v -0.012881 -0.039389 -0.016953
v -0.012844 -0.039989 -0.016606
v -0.012808 -0.040588 -0.016953
v -0.012808 -0.040588 -0.017647
v -0.012844 -0.039989 -0.017994
vn 0.9982 0.0608 -0.0000
vn -0.9982 -0.0608 -0.0000
vn -0.0304 0.4991 -0.8660
vn -0.0526 0.8644 -0.5000
vn -0.0000 -0.0000 -1.0000
vn -0.0526 0.8644 0.5000
vn -0.0608 0.9982 -0.0000
vn -0.0304 0.4991 0.8660
vn 0.0526 -0.8644 0.5000
vn 0.0304 -0.4991 0.8660
vn 0.0608 -0.9982 -0.0000
vn 0.0526 -0.8644 -0.5000
vn 0.0304 -0.4991 -0.8660
vt 1.000000 0.000000
vt 0.600000 0.000000
vt 0.800000 0.000000
vt 0.400000 0.000000
vt 0.000000 0.000000
vt 0.200000 0.000000
vt 0.000000 1.000000
vt 0.333333 1.000000
vt 0.333333 0.833333
vt 0.000000 0.833333
vt 0.000000 0.166667
vt 0.333333 0.166667
vt 0.333333 0.000000
vt 0.000000 0.333333
vt 0.333333 0.333333
vt 0.000000 0.500000
vt 0.333333 0.500000
vt 0.000000 0.666667
vt 0.333333 0.666667
vt 0.666667 1.000000
vt 0.666667 0.833333
vt 0.666667 0.166667
vt 0.666667 0.000000
vt 0.666667 0.333333
vt 0.666667 0.500000
vt 0.666667 0.666667
vt 1.000000 1.000000
vt 1.000000 0.833333
vt 1.000000 0.166667
vt 1.000000 0.333333
vt 1.000000 0.500000
vt 1.000000 0.666667
s 1
usemtl Chrome_|_smoked_seams
f 2997/2821/3641 2995/2822/3641 2996/2823/3641
f 2997/2821/3641 2994/2824/3641 2995/2822/3641
f 2992/2825/3641 2994/2824/3641 2997/2821/3641
f 2992/2825/3641 2993/2826/3641 2994/2824/3641
f 3000/2824/3642 3002/2823/3642 3001/2822/3642
f 3000/2824/3642 3003/2821/3642 3002/2823/3642
f 2999/2826/3642 3003/2821/3642 3000/2824/3642
f 2999/2826/3642 2998/2825/3642 3003/2821/3642
f 2998/2827/3643 3004/2828/3644 3009/2829/3645 3003/2830/3645
f 2999/2831/3646 3005/2832/3646 3004/2833/3644 2998/2825/3647
f 3000/2834/3648 3006/2835/3648 3005/2832/3646 2999/2831/3646
f 3001/2836/3649 3007/2837/3649 3006/2835/3650 3000/2834/3650
f 3002/2838/3651 3008/2839/3652 3007/2837/3649 3001/2836/3649
f 3003/2830/3645 3009/2829/3645 3008/2839/3652 3002/2838/3653
f 3004/2828/3644 3010/2840/3644 3015/2841/3645 3009/2829/3645
f 3005/2832/3646 3011/2842/3646 3010/2843/3644 3004/2833/3644
f 3006/2835/3648 3012/2844/3648 3011/2842/3646 3005/2832/3646
f 3007/2837/3649 3013/2845/3649 3012/2844/3650 3006/2835/3650
f 3008/2839/3652 3014/2846/3652 3013/2845/3649 3007/2837/3649
f 3009/2829/3645 3015/2841/3645 3014/2846/3652 3008/2839/3652
f 3010/2840/3644 2992/2847/3643 2997/2848/3645 3015/2841/3645
f 3011/2842/3646 2993/2849/3646 2992/2821/3647 3010/2843/3644
f 3012/2844/3648 2994/2850/3648 2993/2849/3646 3011/2842/3646
f 3013/2845/3649 2995/2851/3649 2994/2850/3650 3012/2844/3650
f 3014/2846/3652 2996/2852/3651 2995/2851/3649 3013/2845/3649
f 3015/2841/3645 2997/2848/3645 2996/2852/3653 3014/2846/3652
o Grip_|_left_rib_13
v -0.005793 -0.042233 -0.017647
v -0.005793 -0.042233 -0.016953
v -0.005757 -0.042832 -0.016606
v -0.005721 -0.043432 -0.016953
v -0.005721 -0.043432 -0.017647
v -0.005757 -0.042832 -0.017994
v -0.029013 -0.043620 -0.017647
v -0.029013 -0.043620 -0.016953
v -0.028977 -0.044220 -0.016606
v -0.028941 -0.044819 -0.016953
v -0.028941 -0.044819 -0.017647
v -0.028977 -0.044220 -0.017994
v -0.020978 -0.043140 -0.017647
v -0.020978 -0.043140 -0.016953
v -0.020942 -0.043740 -0.016606
v -0.020907 -0.044339 -0.016953
v -0.020907 -0.044339 -0.017647
v -0.020942 -0.043740 -0.017994
v -0.013827 -0.042713 -0.017647
v -0.013827 -0.042713 -0.016953
v -0.013792 -0.043312 -0.016606
v -0.013756 -0.043912 -0.016953
v -0.013756 -0.043912 -0.017647
v -0.013792 -0.043312 -0.017994
vn 0.9982 0.0596 -0.0000
vn -0.9982 -0.0596 -0.0000
vn -0.0298 0.4991 -0.8660
vn -0.0000 -0.0000 -1.0000
vn -0.0596 0.9982 -0.0000
vn -0.0516 0.8645 0.5000
vn -0.0000 -0.0000 1.0000
vn -0.0298 0.4991 0.8660
vn 0.0298 -0.4991 0.8660
vn 0.0516 -0.8645 0.5000
vn 0.0596 -0.9982 -0.0000
vn 0.0298 -0.4991 -0.8660
vn -0.0516 0.8645 -0.5000
vn 0.0516 -0.8645 -0.5000
vt 1.000000 0.000000
vt 0.600000 0.000000
vt 0.800000 0.000000
vt 0.400000 0.000000
vt 0.000000 0.000000
vt 0.200000 0.000000
vt 0.000000 1.000000
vt 0.333333 1.000000
vt 0.333333 0.833333
vt 0.000000 0.833333
vt 0.000000 0.166667
vt 0.333333 0.166667
vt 0.333333 0.000000
vt 0.000000 0.333333
vt 0.333333 0.333333
vt 0.000000 0.500000
vt 0.333333 0.500000
vt 0.000000 0.666667
vt 0.333333 0.666667
vt 0.666667 1.000000
vt 0.666667 0.833333
vt 0.666667 0.166667
vt 0.666667 0.000000
vt 0.666667 0.333333
vt 0.666667 0.500000
vt 0.666667 0.666667
vt 1.000000 1.000000
vt 1.000000 0.833333
vt 1.000000 0.166667
vt 1.000000 0.333333
vt 1.000000 0.500000
vt 1.000000 0.666667
s 1
usemtl Chrome_|_smoked_seams
f 3021/2853/3654 3019/2854/3654 3020/2855/3654
f 3021/2853/3654 3018/2856/3654 3019/2854/3654
f 3016/2857/3654 3018/2856/3654 3021/2853/3654
f 3016/2857/3654 3017/2858/3654 3018/2856/3654
f 3024/2856/3655 3026/2855/3655 3025/2854/3655
f 3024/2856/3655 3027/2853/3655 3026/2855/3655
f 3023/2858/3655 3027/2853/3655 3024/2856/3655
f 3023/2858/3655 3022/2857/3655 3027/2853/3655
f 3022/2859/3656 3028/2860/3656 3033/2861/3657 3027/2862/3657
f 3023/2863/3658 3029/2864/3659 3028/2865/3658 3022/2857/3658
f 3024/2866/3660 3030/2867/3660 3029/2864/3659 3023/2863/3661
f 3025/2868/3662 3031/2869/3663 3030/2867/3660 3024/2866/3660
f 3026/2870/3664 3032/2871/3664 3031/2869/3663 3025/2868/3664
f 3027/2862/3657 3033/2861/3657 3032/2871/3665 3026/2870/3665
f 3028/2860/3656 3034/2872/3666 3039/2873/3657 3033/2861/3657
f 3029/2864/3659 3035/2874/3659 3034/2875/3666 3028/2865/3658
f 3030/2867/3660 3036/2876/3661 3035/2874/3659 3029/2864/3659
f 3031/2869/3663 3037/2877/3663 3036/2876/3662 3030/2867/3660
f 3032/2871/3664 3038/2878/3667 3037/2877/3663 3031/2869/3663
f 3033/2861/3657 3039/2873/3657 3038/2878/3667 3032/2871/3665
f 3034/2872/3666 3016/2879/3666 3021/2880/3656 3039/2873/3657
f 3035/2874/3659 3017/2881/3659 3016/2853/3666 3034/2875/3666
f 3036/2876/3661 3018/2882/3661 3017/2881/3659 3035/2874/3659
f 3037/2877/3663 3019/2883/3663 3018/2882/3662 3036/2876/3662
f 3038/2878/3667 3020/2884/3667 3019/2883/3663 3037/2877/3663
f 3039/2873/3657 3021/2880/3665 3020/2884/3667 3038/2878/3667
o Grip_|_left_panel_neon_trim
v -0.017078 -0.002318 -0.016520
v -0.017078 -0.002318 -0.015480
v -0.016301 -0.002775 -0.014960
v -0.015524 -0.003231 -0.015480
v -0.015524 -0.003231 -0.016520
v -0.016301 -0.002775 -0.017040
v -0.016450 -0.001301 -0.016520
v -0.016450 -0.001301 -0.015480
v -0.015706 -0.001808 -0.014960
v -0.014961 -0.002316 -0.015480
v -0.014961 -0.002316 -0.016520
v -0.015706 -0.001808 -0.017040
v -0.015735 -0.000363 -0.016520
v -0.015735 -0.000363 -0.015480
v -0.015100 -0.001002 -0.014960
v -0.014464 -0.001641 -0.015480
v -0.014464 -0.001641 -0.016520
v -0.015100 -0.001002 -0.017040
v -0.014674 0.000431 -0.016520
v -0.014674 0.000431 -0.015480
v -0.014220 -0.000347 -0.014960
v -0.013765 -0.001125 -0.015480
v -0.013765 -0.001125 -0.016520
v -0.014220 -0.000347 -0.017040
v -0.008541 0.003154 -0.016520
v -0.008541 0.003154 -0.015480
v -0.008278 0.002292 -0.014960
v -0.008014 0.001431 -0.015480
v -0.008014 0.001431 -0.016520
v -0.008278 0.002292 -0.017040
v -0.001742 0.004353 -0.016520
v -0.001742 0.004353 -0.015480
v -0.001777 0.003453 -0.014960
v -0.001812 0.002552 -0.015480
v -0.001812 0.002552 -0.016520
v -0.001777 0.003453 -0.017040
v 0.005280 0.002529 -0.016520
v 0.005280 0.002529 -0.015480
v 0.004855 0.001734 -0.014960
v 0.004431 0.000939 -0.015480
v 0.004431 0.000939 -0.016520
v 0.004855 0.001734 -0.017040
v 0.007333 0.000701 -0.016520
v 0.007333 0.000701 -0.015480
v 0.006600 0.000178 -0.014960
v 0.005866 -0.000346 -0.015480
v 0.005866 -0.000346 -0.016520
v 0.006600 0.000178 -0.017040
v 0.008331 -0.001639 -0.016520
v 0.008331 -0.001639 -0.015480
v 0.007462 -0.001878 -0.014960
v 0.006593 -0.002116 -0.015480
v 0.006593 -0.002116 -0.016520
v 0.007462 -0.001878 -0.017040
v 0.008704 -0.004314 -0.016520
v 0.008704 -0.004314 -0.015480
v 0.007803 -0.004335 -0.014960
v 0.006903 -0.004356 -0.015480
v 0.006903 -0.004356 -0.016520
v 0.007803 -0.004335 -0.017040
v 0.007613 -0.016183 -0.016520
v 0.007613 -0.016183 -0.015480
v 0.006736 -0.015976 -0.014960
v 0.005859 -0.015768 -0.015480
v 0.005859 -0.015768 -0.016520
v 0.006736 -0.015976 -0.017040
v 0.003556 -0.026573 -0.016520
v 0.003556 -0.026573 -0.015480
v 0.002726 -0.026221 -0.014960
v 0.001897 -0.025869 -0.015480
v 0.001897 -0.025869 -0.016520
v 0.002726 -0.026221 -0.017040
v -0.001588 -0.037783 -0.016520
v -0.001588 -0.037783 -0.015480
v -0.002428 -0.037457 -0.014960
v -0.003268 -0.037130 -0.015480
v -0.003268 -0.037130 -0.016520
v -0.002428 -0.037457 -0.017040
v -0.002835 -0.041664 -0.016520
v -0.002835 -0.041664 -0.015480
v -0.003685 -0.041366 -0.014960
v -0.004536 -0.041068 -0.015480
v -0.004536 -0.041068 -0.016520
v -0.003685 -0.041366 -0.017040
v -0.004222 -0.045266 -0.016520
v -0.004222 -0.045266 -0.015480
v -0.004982 -0.044783 -0.014960
v -0.005743 -0.044299 -0.015480
v -0.005743 -0.044299 -0.016520
v -0.004982 -0.044783 -0.017040
v -0.007110 -0.048251 -0.016520
v -0.007110 -0.048251 -0.015480
v -0.007630 -0.047514 -0.014960
v -0.008150 -0.046778 -0.015480
v -0.008150 -0.046778 -0.016520
v -0.007630 -0.047514 -0.017040
v -0.015997 -0.052313 -0.016520
v -0.015997 -0.052313 -0.015480
v -0.016220 -0.051441 -0.014960
v -0.016444 -0.050568 -0.015480
v -0.016444 -0.050568 -0.016520
v -0.016220 -0.051441 -0.017040
v -0.025029 -0.052952 -0.016520
v -0.025029 -0.052952 -0.015480
v -0.024831 -0.052073 -0.014960
v -0.024633 -0.051194 -0.015480
v -0.024633 -0.051194 -0.016520
v -0.024831 -0.052073 -0.017040
v -0.032945 -0.048440 -0.016520
v -0.032945 -0.048440 -0.015480
v -0.032254 -0.047861 -0.014960
v -0.031564 -0.047283 -0.015480
v -0.031564 -0.047283 -0.016520
v -0.032254 -0.047861 -0.017040
v -0.034388 -0.044401 -0.016520
v -0.034388 -0.044401 -0.015480
v -0.033487 -0.044373 -0.014960
v -0.032587 -0.044345 -0.015480
v -0.032587 -0.044345 -0.016520
v -0.033487 -0.044373 -0.017040
v -0.033263 -0.040294 -0.016520
v -0.033263 -0.040294 -0.015480
v -0.032406 -0.040574 -0.014960
v -0.031550 -0.040854 -0.015480
v -0.031550 -0.040854 -0.016520
v -0.032406 -0.040574 -0.017040
v -0.031717 -0.036117 -0.016520
v -0.031717 -0.036117 -0.015480
v -0.030867 -0.036416 -0.014960
v -0.030017 -0.036715 -0.015480
v -0.030017 -0.036715 -0.016520
v -0.030867 -0.036416 -0.017040
v -0.028955 -0.027835 -0.016520
v -0.028955 -0.027835 -0.015480
v -0.028117 -0.028165 -0.014960
v -0.027278 -0.028495 -0.015480
v -0.027278 -0.028495 -0.016520
v -0.028117 -0.028165 -0.017040
v -0.025700 -0.020709 -0.016520
v -0.025700 -0.020709 -0.015480
v -0.024883 -0.021088 -0.014960
v -0.024065 -0.021467 -0.015480
v -0.024065 -0.021467 -0.016520
v -0.024883 -0.021088 -0.017040
v -0.021980 -0.012815 -0.016520
v -0.021980 -0.012815 -0.015480
v -0.021156 -0.013179 -0.014960
v -0.020332 -0.013544 -0.015480
v -0.020332 -0.013544 -0.016520
v -0.021156 -0.013179 -0.017040
v -0.020462 -0.009147 -0.016520
v -0.020462 -0.009147 -0.015480
v -0.019631 -0.009497 -0.014960
v -0.018801 -0.009846 -0.015480
v -0.018801 -0.009846 -0.016520
v -0.019631 -0.009497 -0.017040
v -0.019045 -0.005838 -0.016520
v -0.019045 -0.005838 -0.015480
v -0.018236 -0.006235 -0.014960
v -0.017428 -0.006633 -0.015480
v -0.017428 -0.006633 -0.016520
v -0.018236 -0.006235 -0.017040
vn -0.7483 0.4394 -0.4970
vn -0.7174 0.4923 -0.4929
vn -0.4132 0.2829 -0.8656
vn -0.4313 0.2533 -0.8659
vn -0.7483 0.4394 0.4970
vn -0.7174 0.4923 0.4929
vn -0.4313 0.2533 0.8659
vn -0.4132 0.2829 0.8656
vn 0.7456 -0.4375 0.5027
vn 0.7151 -0.4829 0.5054
vn 0.4145 -0.2811 0.8655
vn 0.4314 -0.2532 0.8659
vn 0.7456 -0.4375 -0.5027
vn 0.7151 -0.4829 -0.5054
vn 0.4314 -0.2532 -0.8659
vn 0.4145 -0.2811 -0.8655
vn -0.6168 0.6219 -0.4824
vn -0.3515 0.3540 -0.8667
vn -0.6168 0.6219 0.4824
vn -0.3515 0.3540 0.8667
vn 0.6029 -0.6029 0.5225
vn 0.3522 -0.3530 0.8668
vn 0.6029 -0.6029 -0.5225
vn 0.3522 -0.3530 -0.8668
vn -0.4422 0.7545 -0.4849
vn -0.2529 0.4319 -0.8658
vn -0.4422 0.7545 0.4849
vn -0.2529 0.4319 0.8658
vn 0.4313 -0.7406 0.5153
vn 0.2522 -0.4323 0.8657
vn 0.4313 -0.7406 -0.5153
vn 0.2522 -0.4323 -0.8657
vn -0.2556 0.8373 -0.4833
vn -0.1464 0.4795 -0.8652
vn -0.2556 0.8373 0.4833
vn -0.1464 0.4795 0.8652
vn 0.2516 -0.8185 0.5164
vn 0.1470 -0.4794 0.8652
vn 0.2516 -0.8185 -0.5164
vn 0.1470 -0.4794 -0.8652
vn 0.0351 0.8803 -0.4732
vn 0.0200 0.4986 -0.8666
vn 0.0351 0.8803 0.4732
vn 0.0200 0.4986 0.8666
vn -0.0317 -0.8458 0.5326
vn -0.0193 -0.4986 0.8666
vn -0.0317 -0.8458 -0.5326
vn -0.0193 -0.4986 -0.8666
vn 0.4159 0.7782 -0.4705
vn 0.2354 0.4403 -0.8665
vn 0.4159 0.7782 0.4705
vn 0.2354 0.4403 0.8665
vn -0.3983 -0.7443 0.5361
vn -0.2355 -0.4401 0.8665
vn -0.3983 -0.7443 -0.5361
vn -0.2355 -0.4401 -0.8665
vn 0.7158 0.5141 -0.4726
vn 0.4053 0.2909 -0.8667
vn 0.7158 0.5141 0.4726
vn 0.4053 0.2909 0.8667
vn -0.6898 -0.4885 0.5343
vn -0.4063 -0.2892 0.8668
vn -0.6898 -0.4885 -0.5343
vn -0.4063 -0.2892 -0.8668
vn 0.8443 0.2340 -0.4820
vn 0.4832 0.1336 -0.8653
vn 0.8443 0.2340 0.4820
vn 0.4832 0.1336 0.8653
vn -0.8260 -0.2235 0.5174
vn -0.4838 -0.1319 0.8652
vn -0.8260 -0.2235 -0.5174
vn -0.4838 -0.1319 -0.8652
vn 0.8745 0.0205 -0.4846
vn 0.5003 0.0117 -0.8658
vn 0.8745 0.0205 0.4846
vn 0.5003 0.0117 0.8658
vn -0.8563 -0.0197 0.5161
vn -0.5004 -0.0116 0.8657
vn -0.8563 -0.0197 -0.5161
vn -0.5004 -0.0116 -0.8657
vn 0.8526 -0.2014 -0.4822
vn 0.4854 -0.1147 -0.8667
vn 0.8526 -0.2014 0.4822
vn 0.4854 -0.1147 0.8667
vn -0.8306 0.1966 0.5211
vn -0.4854 0.1148 0.8667
vn -0.8306 0.1966 -0.5211
vn -0.4854 0.1148 -0.8667
vn 0.7996 -0.3393 -0.4956
vn 0.4612 -0.1957 -0.8654
vn 0.7996 -0.3393 0.4956
vn 0.4612 -0.1957 0.8654
vn -0.7952 0.3380 0.5034
vn -0.4611 0.1959 0.8654
vn -0.7952 0.3380 -0.5034
vn -0.4611 0.1959 -0.8654
vn 0.8026 -0.3118 -0.5085
vn 0.4658 -0.1810 -0.8662
vn 0.8026 -0.3118 0.5085
vn 0.4658 -0.1810 0.8662
vn -0.8114 0.3154 0.4921
vn -0.4658 0.1810 0.8662
vn -0.8114 0.3154 -0.4921
vn -0.4658 0.1810 -0.8662
vn 0.8194 -0.2888 -0.4951
vn 0.4736 -0.1666 -0.8649
vn 0.8194 -0.2888 0.4951
vn 0.4736 -0.1666 0.8649
vn -0.8167 0.2843 0.5021
vn -0.4740 0.1655 0.8648
vn -0.8167 0.2843 -0.5021
vn -0.4740 0.1655 -0.8648
vn 0.7416 -0.4734 -0.4754
vn 0.4196 -0.2678 -0.8673
vn 0.7416 -0.4734 0.4754
vn 0.4196 -0.2678 0.8673
vn -0.7154 0.4532 0.5318
vn -0.4201 0.2668 0.8674
vn -0.7154 0.4532 -0.5318
vn -0.4201 0.2668 -0.8674
vn 0.5076 -0.7182 -0.4760
vn 0.2887 -0.4084 -0.8659
vn 0.5076 -0.7182 0.4760
vn 0.2887 -0.4085 0.8659
vn -0.4899 0.6943 0.5272
vn -0.2885 0.4086 0.8659
vn -0.4899 0.6943 -0.5272
vn -0.2885 0.4086 -0.8659
vn 0.2174 -0.8524 -0.4756
vn 0.1241 -0.4872 -0.8645
vn 0.2174 -0.8524 0.4756
vn 0.1241 -0.4872 0.8645
vn -0.2122 0.8247 0.5243
vn -0.1248 0.4871 0.8644
vn -0.2122 0.8247 -0.5243
vn -0.1248 0.4871 -0.8644
vn -0.1968 -0.8637 -0.4640
vn -0.1116 -0.4867 -0.8664
vn -0.1968 -0.8637 0.4640
vn -0.1116 -0.4867 0.8664
vn 0.1831 0.8181 0.5452
vn 0.1104 0.4870 0.8664
vn 0.1831 0.8181 -0.5452
vn 0.1104 0.4870 -0.8664
vn -0.6809 -0.5708 -0.4589
vn -0.3807 -0.3189 -0.8680
vn -0.6809 -0.5708 0.4589
vn -0.3807 -0.3189 0.8680
vn 0.6367 0.5321 0.5582
vn 0.3807 0.3183 0.8682
vn 0.6367 0.5321 -0.5582
vn 0.3807 0.3183 -0.8682
vn -0.8853 -0.0334 -0.4639
vn -0.4968 -0.0192 -0.8677
vn -0.8853 -0.0334 0.4639
vn -0.4968 -0.0192 0.8677
vn 0.8353 0.0215 0.5494
vn 0.4968 0.0155 0.8677
vn 0.8353 0.0215 -0.5494
vn 0.4968 0.0155 -0.8677
vn -0.8287 0.2669 -0.4920
vn -0.4797 0.1552 -0.8636
vn -0.8287 0.2669 0.4920
vn -0.4797 0.1552 0.8636
vn 0.8206 -0.2725 0.5023
vn 0.4792 -0.1579 0.8634
vn 0.8206 -0.2725 -0.5023
vn 0.4792 -0.1579 -0.8634
vn -0.8158 0.2869 -0.5022
vn -0.4719 0.1659 -0.8659
vn -0.8158 0.2869 0.5022
vn -0.4719 0.1659 0.8659
vn 0.8183 -0.2877 0.4976
vn 0.4719 -0.1659 0.8659
vn 0.8183 -0.2877 -0.4976
vn 0.4719 -0.1659 -0.8659
vn -0.8096 0.3188 -0.4929
vn -0.4650 0.1831 -0.8662
vn -0.8096 0.3188 0.4929
vn -0.4650 0.1831 0.8662
vn 0.8016 -0.3157 0.5077
vn 0.4650 -0.1831 0.8662
vn 0.8016 -0.3157 -0.5077
vn 0.4650 -0.1831 -0.8662
vn -0.7860 0.3647 -0.4991
vn -0.4537 0.2105 -0.8659
vn -0.7860 0.3647 0.4991
vn -0.4537 0.2105 0.8659
vn 0.7852 -0.3644 0.5007
vn 0.4537 -0.2106 0.8659
vn 0.7852 -0.3644 -0.5007
vn 0.4537 -0.2106 -0.8659
vn -0.7902 0.3495 -0.5034
vn -0.4572 0.2022 -0.8661
vn -0.7902 0.3495 0.5034
vn -0.4572 0.2022 0.8661
vn 0.7937 -0.3511 0.4968
vn 0.4572 -0.2022 0.8661
vn 0.7937 -0.3511 -0.4968
vn 0.4572 -0.2022 -0.8661
vn -0.7986 0.3363 -0.4991
vn -0.4610 0.1941 -0.8659
vn -0.7986 0.3363 0.4991
vn -0.4610 0.1941 0.8659
vn 0.7979 -0.3357 0.5007
vn 0.4610 -0.1940 0.8659
vn 0.7979 -0.3357 -0.5007
vn 0.4610 -0.1940 -0.8659
vn -0.7807 0.3840 -0.4930
vn -0.4484 0.2206 -0.8662
vn -0.7807 0.3840 0.4930
vn -0.4484 0.2206 0.8662
vn 0.7732 -0.3802 0.5076
vn 0.4485 -0.2206 0.8662
vn 0.7732 -0.3802 -0.5076
vn 0.4485 -0.2206 -0.8662
vt 0.000000 1.000000
vt 0.037037 1.000000
vt 0.037037 0.833333
vt 0.000000 0.833333
vt 0.000000 0.166667
vt 0.037037 0.166667
vt 0.037037 0.000000
vt 0.000000 0.000000
vt 0.000000 0.333333
vt 0.037037 0.333333
vt 0.000000 0.500000
vt 0.037037 0.500000
vt 0.000000 0.666667
vt 0.037037 0.666667
vt 0.074074 1.000000
vt 0.074074 0.833333
vt 0.074074 0.166667
vt 0.074074 0.000000
vt 0.074074 0.333333
vt 0.074074 0.500000
vt 0.074074 0.666667
vt 0.111111 1.000000
vt 0.111111 0.833333
vt 0.111111 0.166667
vt 0.111111 0.000000
vt 0.111111 0.333333
vt 0.111111 0.500000
vt 0.111111 0.666667
vt 0.148148 1.000000
vt 0.148148 0.833333
vt 0.148148 0.166667
vt 0.148148 0.000000
vt 0.148148 0.333333
vt 0.148148 0.500000
vt 0.148148 0.666667
vt 0.185185 1.000000
vt 0.185185 0.833333
vt 0.185185 0.166667
vt 0.185185 0.000000
vt 0.185185 0.333333
vt 0.185185 0.500000
vt 0.185185 0.666667
vt 0.222222 1.000000
vt 0.222222 0.833333
vt 0.222222 0.166667
vt 0.222222 0.000000
vt 0.222222 0.333333
vt 0.222222 0.500000
vt 0.222222 0.666667
vt 0.259259 1.000000
vt 0.259259 0.833333
vt 0.259259 0.166667
vt 0.259259 0.000000
vt 0.259259 0.333333
vt 0.259259 0.500000
vt 0.259259 0.666667
vt 0.296296 1.000000
vt 0.296296 0.833333
vt 0.296296 0.166667
vt 0.296296 0.000000
vt 0.296296 0.333333
vt 0.296296 0.500000
vt 0.296296 0.666667
vt 0.333333 1.000000
vt 0.333333 0.833333
vt 0.333333 0.166667
vt 0.333333 0.000000
vt 0.333333 0.333333
vt 0.333333 0.500000
vt 0.333333 0.666667
vt 0.370370 1.000000
vt 0.370370 0.833333
vt 0.370370 0.166667
vt 0.370370 0.000000
vt 0.370370 0.333333
vt 0.370370 0.500000
vt 0.370370 0.666667
vt 0.407407 1.000000
vt 0.407407 0.833333
vt 0.407407 0.166667
vt 0.407407 0.000000
vt 0.407407 0.333333
vt 0.407407 0.500000
vt 0.407407 0.666667
vt 0.444444 1.000000
vt 0.444444 0.833333
vt 0.444444 0.166667
vt 0.444444 0.000000
vt 0.444444 0.333333
vt 0.444444 0.500000
vt 0.444444 0.666667
vt 0.481481 1.000000
vt 0.481481 0.833333
vt 0.481481 0.166667
vt 0.481481 0.000000
vt 0.481481 0.333333
vt 0.481481 0.500000
vt 0.481481 0.666667
vt 0.518519 1.000000
vt 0.518519 0.833333
vt 0.518519 0.166667
vt 0.518519 0.000000
vt 0.518519 0.333333
vt 0.518519 0.500000
vt 0.518519 0.666667
vt 0.555556 1.000000
vt 0.555556 0.833333
vt 0.555556 0.166667
vt 0.555556 0.000000
vt 0.555556 0.333333
vt 0.555556 0.500000
vt 0.555556 0.666667
vt 0.592593 1.000000
vt 0.592593 0.833333
vt 0.592593 0.166667
vt 0.592593 0.000000
vt 0.592593 0.333333
vt 0.592593 0.500000
vt 0.592593 0.666667
vt 0.629630 1.000000
vt 0.629630 0.833333
vt 0.629630 0.166667
vt 0.629630 0.000000
vt 0.629630 0.333333
vt 0.629630 0.500000
vt 0.629630 0.666667
vt 0.666667 1.000000
vt 0.666667 0.833333
vt 0.666667 0.166667
vt 0.666667 0.000000
vt 0.666667 0.333333
vt 0.666667 0.500000
vt 0.666667 0.666667
vt 0.703704 1.000000
vt 0.703704 0.833333
vt 0.703704 0.166667
vt 0.703704 0.000000
vt 0.703704 0.333333
vt 0.703704 0.500000
vt 0.703704 0.666667
vt 0.740741 1.000000
vt 0.740741 0.833333
vt 0.740741 0.166667
vt 0.740741 0.000000
vt 0.740741 0.333333
vt 0.740741 0.500000
vt 0.740741 0.666667
vt 0.777778 1.000000
vt 0.777778 0.833333
vt 0.777778 0.166667
vt 0.777778 0.000000
vt 0.777778 0.333333
vt 0.777778 0.500000
vt 0.777778 0.666667
vt 0.814815 1.000000
vt 0.814815 0.833333
vt 0.814815 0.166667
vt 0.814815 0.000000
vt 0.814815 0.333333
vt 0.814815 0.500000
vt 0.814815 0.666667
vt 0.851852 1.000000
vt 0.851852 0.833333
vt 0.851852 0.166667
vt 0.851852 0.000000
vt 0.851852 0.333333
vt 0.851852 0.500000
vt 0.851852 0.666667
vt 0.888889 1.000000
vt 0.888889 0.833333
vt 0.888889 0.166667
vt 0.888889 0.000000
vt 0.888889 0.333333
vt 0.888889 0.500000
vt 0.888889 0.666667
vt 0.925926 1.000000
vt 0.925926 0.833333
vt 0.925926 0.166667
vt 0.925926 0.000000
vt 0.925926 0.333333
vt 0.925926 0.500000
vt 0.925926 0.666667
vt 0.962963 1.000000
vt 0.962963 0.833333
vt 0.962963 0.166667
vt 0.962963 0.000000
vt 0.962963 0.333333
vt 0.962963 0.500000
vt 0.962963 0.666667
vt 1.000000 1.000000
vt 1.000000 0.833333
vt 1.000000 0.166667
vt 1.000000 0.000000
vt 1.000000 0.333333
vt 1.000000 0.500000
vt 1.000000 0.666667
s 1
usemtl Glow_|_violet_neon
f 3040/2885/3668 3046/2886/3669 3051/2887/3670 3045/2888/3671
f 3041/2889/3672 3047/2890/3673 3046/2891/3669 3040/2892/3668
f 3042/2893/3674 3048/2894/3675 3047/2890/3673 3041/2889/3672
f 3043/2895/3676 3049/2896/3677 3048/2894/3678 3042/2893/3679
f 3044/2897/3680 3050/2898/3681 3049/2896/3677 3043/2895/3676
f 3045/2888/3682 3051/2887/3683 3050/2898/3681 3044/2897/3680
f 3046/2886/3669 3052/2899/3684 3057/2900/3685 3051/2887/3670
f 3047/2890/3673 3053/2901/3686 3052/2902/3684 3046/2891/3669
f 3048/2894/3675 3054/2903/3687 3053/2901/3686 3047/2890/3673
f 3049/2896/3677 3055/2904/3688 3054/2903/3689 3048/2894/3678
f 3050/2898/3681 3056/2905/3690 3055/2904/3688 3049/2896/3677
f 3051/2887/3683 3057/2900/3691 3056/2905/3690 3050/2898/3681
f 3052/2899/3684 3058/2906/3692 3063/2907/3693 3057/2900/3685
f 3053/2901/3686 3059/2908/3694 3058/2909/3692 3052/2902/3684
f 3054/2903/3687 3060/2910/3695 3059/2908/3694 3053/2901/3686
f 3055/2904/3688 3061/2911/3696 3060/2910/3697 3054/2903/3689
f 3056/2905/3690 3062/2912/3698 3061/2911/3696 3055/2904/3688
f 3057/2900/3691 3063/2907/3699 3062/2912/3698 3056/2905/3690
f 3058/2906/3692 3064/2913/3700 3069/2914/3701 3063/2907/3693
f 3059/2908/3694 3065/2915/3702 3064/2916/3700 3058/2909/3692
f 3060/2910/3695 3066/2917/3703 3065/2915/3702 3059/2908/3694
f 3061/2911/3696 3067/2918/3704 3066/2917/3705 3060/2910/3697
f 3062/2912/3698 3068/2919/3706 3067/2918/3704 3061/2911/3696
f 3063/2907/3699 3069/2914/3707 3068/2919/3706 3062/2912/3698
f 3064/2913/3700 3070/2920/3708 3075/2921/3709 3069/2914/3701
f 3065/2915/3702 3071/2922/3710 3070/2923/3708 3064/2916/3700
f 3066/2917/3703 3072/2924/3711 3071/2922/3710 3065/2915/3702
f 3067/2918/3704 3073/2925/3712 3072/2924/3713 3066/2917/3705
f 3068/2919/3706 3074/2926/3714 3073/2925/3712 3067/2918/3704
f 3069/2914/3707 3075/2921/3715 3074/2926/3714 3068/2919/3706
f 3070/2920/3708 3076/2927/3716 3081/2928/3717 3075/2921/3709
f 3071/2922/3710 3077/2929/3718 3076/2930/3716 3070/2923/3708
f 3072/2924/3711 3078/2931/3719 3077/2929/3718 3071/2922/3710
f 3073/2925/3712 3079/2932/3720 3078/2931/3721 3072/2924/3713
f 3074/2926/3714 3080/2933/3722 3079/2932/3720 3073/2925/3712
f 3075/2921/3715 3081/2928/3723 3080/2933/3722 3074/2926/3714
f 3076/2927/3716 3082/2934/3724 3087/2935/3725 3081/2928/3717
f 3077/2929/3718 3083/2936/3726 3082/2937/3724 3076/2930/3716
f 3078/2931/3719 3084/2938/3727 3083/2936/3726 3077/2929/3718
f 3079/2932/3720 3085/2939/3728 3084/2938/3729 3078/2931/3721
f 3080/2933/3722 3086/2940/3730 3085/2939/3728 3079/2932/3720
f 3081/2928/3723 3087/2935/3731 3086/2940/3730 3080/2933/3722
f 3082/2934/3724 3088/2941/3732 3093/2942/3733 3087/2935/3725
f 3083/2936/3726 3089/2943/3734 3088/2944/3732 3082/2937/3724
f 3084/2938/3727 3090/2945/3735 3089/2943/3734 3083/2936/3726
f 3085/2939/3728 3091/2946/3736 3090/2945/3737 3084/2938/3729
f 3086/2940/3730 3092/2947/3738 3091/2946/3736 3085/2939/3728
f 3087/2935/3731 3093/2942/3739 3092/2947/3738 3086/2940/3730
f 3088/2941/3732 3094/2948/3740 3099/2949/3741 3093/2942/3733
f 3089/2943/3734 3095/2950/3742 3094/2951/3740 3088/2944/3732
f 3090/2945/3735 3096/2952/3743 3095/2950/3742 3089/2943/3734
f 3091/2946/3736 3097/2953/3744 3096/2952/3745 3090/2945/3737
f 3092/2947/3738 3098/2954/3746 3097/2953/3744 3091/2946/3736
f 3093/2942/3739 3099/2949/3747 3098/2954/3746 3092/2947/3738
f 3094/2948/3740 3100/2955/3748 3105/2956/3749 3099/2949/3741
f 3095/2950/3742 3101/2957/3750 3100/2958/3748 3094/2951/3740
f 3096/2952/3743 3102/2959/3751 3101/2957/3750 3095/2950/3742
f 3097/2953/3744 3103/2960/3752 3102/2959/3753 3096/2952/3745
f 3098/2954/3746 3104/2961/3754 3103/2960/3752 3097/2953/3744
f 3099/2949/3747 3105/2956/3755 3104/2961/3754 3098/2954/3746
f 3100/2955/3748 3106/2962/3756 3111/2963/3757 3105/2956/3749
f 3101/2957/3750 3107/2964/3758 3106/2965/3756 3100/2958/3748
f 3102/2959/3751 3108/2966/3759 3107/2964/3758 3101/2957/3750
f 3103/2960/3752 3109/2967/3760 3108/2966/3761 3102/2959/3753
f 3104/2961/3754 3110/2968/3762 3109/2967/3760 3103/2960/3752
f 3105/2956/3755 3111/2963/3763 3110/2968/3762 3104/2961/3754
f 3106/2962/3756 3112/2969/3764 3117/2970/3765 3111/2963/3757
f 3107/2964/3758 3113/2971/3766 3112/2972/3764 3106/2965/3756
f 3108/2966/3759 3114/2973/3767 3113/2971/3766 3107/2964/3758
f 3109/2967/3760 3115/2974/3768 3114/2973/3769 3108/2966/3761
f 3110/2968/3762 3116/2975/3770 3115/2974/3768 3109/2967/3760
f 3111/2963/3763 3117/2970/3771 3116/2975/3770 3110/2968/3762
f 3112/2969/3764 3118/2976/3772 3123/2977/3773 3117/2970/3765
f 3113/2971/3766 3119/2978/3774 3118/2979/3772 3112/2972/3764
f 3114/2973/3767 3120/2980/3775 3119/2978/3774 3113/2971/3766
f 3115/2974/3768 3121/2981/3776 3120/2980/3777 3114/2973/3769
f 3116/2975/3770 3122/2982/3778 3121/2981/3776 3115/2974/3768
f 3117/2970/3771 3123/2977/3779 3122/2982/3778 3116/2975/3770
f 3118/2976/3772 3124/2983/3780 3129/2984/3781 3123/2977/3773
f 3119/2978/3774 3125/2985/3782 3124/2986/3780 3118/2979/3772
f 3120/2980/3775 3126/2987/3783 3125/2985/3782 3119/2978/3774
f 3121/2981/3776 3127/2988/3784 3126/2987/3785 3120/2980/3777
f 3122/2982/3778 3128/2989/3786 3127/2988/3784 3121/2981/3776
f 3123/2977/3779 3129/2984/3787 3128/2989/3786 3122/2982/3778
f 3124/2983/3780 3130/2990/3788 3135/2991/3789 3129/2984/3781
f 3125/2985/3782 3131/2992/3790 3130/2993/3788 3124/2986/3780
f 3126/2987/3783 3132/2994/3791 3131/2992/3790 3125/2985/3782
f 3127/2988/3784 3133/2995/3792 3132/2994/3793 3126/2987/3785
f 3128/2989/3786 3134/2996/3794 3133/2995/3792 3127/2988/3784
f 3129/2984/3787 3135/2991/3795 3134/2996/3794 3128/2989/3786
f 3130/2990/3788 3136/2997/3796 3141/2998/3797 3135/2991/3789
f 3131/2992/3790 3137/2999/3798 3136/3000/3796 3130/2993/3788
f 3132/2994/3791 3138/3001/3799 3137/2999/3798 3131/2992/3790
f 3133/2995/3792 3139/3002/3800 3138/3001/3801 3132/2994/3793
f 3134/2996/3794 3140/3003/3802 3139/3002/3800 3133/2995/3792
f 3135/2991/3795 3141/2998/3803 3140/3003/3802 3134/2996/3794
f 3136/2997/3796 3142/3004/3804 3147/3005/3805 3141/2998/3797
f 3137/2999/3798 3143/3006/3806 3142/3007/3804 3136/3000/3796
f 3138/3001/3799 3144/3008/3807 3143/3006/3806 3137/2999/3798
f 3139/3002/3800 3145/3009/3808 3144/3008/3809 3138/3001/3801
f 3140/3003/3802 3146/3010/3810 3145/3009/3808 3139/3002/3800
f 3141/2998/3803 3147/3005/3811 3146/3010/3810 3140/3003/3802
f 3142/3004/3804 3148/3011/3812 3153/3012/3813 3147/3005/3805
f 3143/3006/3806 3149/3013/3814 3148/3014/3812 3142/3007/3804
f 3144/3008/3807 3150/3015/3815 3149/3013/3814 3143/3006/3806
f 3145/3009/3808 3151/3016/3816 3150/3015/3817 3144/3008/3809
f 3146/3010/3810 3152/3017/3818 3151/3016/3816 3145/3009/3808
f 3147/3005/3811 3153/3012/3819 3152/3017/3818 3146/3010/3810
f 3148/3011/3812 3154/3018/3820 3159/3019/3821 3153/3012/3813
f 3149/3013/3814 3155/3020/3822 3154/3021/3820 3148/3014/3812
f 3150/3015/3815 3156/3022/3823 3155/3020/3822 3149/3013/3814
f 3151/3016/3816 3157/3023/3824 3156/3022/3825 3150/3015/3817
f 3152/3017/3818 3158/3024/3826 3157/3023/3824 3151/3016/3816
f 3153/3012/3819 3159/3019/3827 3158/3024/3826 3152/3017/3818
f 3154/3018/3820 3160/3025/3828 3165/3026/3829 3159/3019/3821
f 3155/3020/3822 3161/3027/3830 3160/3028/3828 3154/3021/3820
f 3156/3022/3823 3162/3029/3831 3161/3027/3830 3155/3020/3822
f 3157/3023/3824 3163/3030/3832 3162/3029/3833 3156/3022/3825
f 3158/3024/3826 3164/3031/3834 3163/3030/3832 3157/3023/3824
f 3159/3019/3827 3165/3026/3835 3164/3031/3834 3158/3024/3826
f 3160/3025/3828 3166/3032/3836 3171/3033/3837 3165/3026/3829
f 3161/3027/3830 3167/3034/3838 3166/3035/3836 3160/3028/3828
f 3162/3029/3831 3168/3036/3839 3167/3034/3838 3161/3027/3830
f 3163/3030/3832 3169/3037/3840 3168/3036/3841 3162/3029/3833
f 3164/3031/3834 3170/3038/3842 3169/3037/3840 3163/3030/3832
f 3165/3026/3835 3171/3033/3843 3170/3038/3842 3164/3031/3834
f 3166/3032/3836 3172/3039/3844 3177/3040/3845 3171/3033/3837
f 3167/3034/3838 3173/3041/3846 3172/3042/3844 3166/3035/3836
f 3168/3036/3839 3174/3043/3847 3173/3041/3846 3167/3034/3838
f 3169/3037/3840 3175/3044/3848 3174/3043/3849 3168/3036/3841
f 3170/3038/3842 3176/3045/3850 3175/3044/3848 3169/3037/3840
f 3171/3033/3843 3177/3040/3851 3176/3045/3850 3170/3038/3842
f 3172/3039/3844 3178/3046/3852 3183/3047/3853 3177/3040/3845
f 3173/3041/3846 3179/3048/3854 3178/3049/3852 3172/3042/3844
f 3174/3043/3847 3180/3050/3855 3179/3048/3854 3173/3041/3846
f 3175/3044/3848 3181/3051/3856 3180/3050/3857 3174/3043/3849
f 3176/3045/3850 3182/3052/3858 3181/3051/3856 3175/3044/3848
f 3177/3040/3851 3183/3047/3859 3182/3052/3858 3176/3045/3850
f 3178/3046/3852 3184/3053/3860 3189/3054/3861 3183/3047/3853
f 3179/3048/3854 3185/3055/3862 3184/3056/3860 3178/3049/3852
f 3180/3050/3855 3186/3057/3863 3185/3055/3862 3179/3048/3854
f 3181/3051/3856 3187/3058/3864 3186/3057/3865 3180/3050/3857
f 3182/3052/3858 3188/3059/3866 3187/3058/3864 3181/3051/3856
f 3183/3047/3859 3189/3054/3867 3188/3059/3866 3182/3052/3858
f 3184/3053/3860 3190/3060/3868 3195/3061/3869 3189/3054/3861
f 3185/3055/3862 3191/3062/3870 3190/3063/3868 3184/3056/3860
f 3186/3057/3863 3192/3064/3871 3191/3062/3870 3185/3055/3862
f 3187/3058/3864 3193/3065/3872 3192/3064/3873 3186/3057/3865
f 3188/3059/3866 3194/3066/3874 3193/3065/3872 3187/3058/3864
f 3189/3054/3867 3195/3061/3875 3194/3066/3874 3188/3059/3866
f 3190/3060/3868 3196/3067/3876 3201/3068/3877 3195/3061/3869
f 3191/3062/3870 3197/3069/3878 3196/3070/3876 3190/3063/3868
f 3192/3064/3871 3198/3071/3879 3197/3069/3878 3191/3062/3870
f 3193/3065/3872 3199/3072/3880 3198/3071/3881 3192/3064/3873
f 3194/3066/3874 3200/3073/3882 3199/3072/3880 3193/3065/3872
f 3195/3061/3875 3201/3068/3883 3200/3073/3882 3194/3066/3874
f 3196/3067/3876 3040/3074/3668 3045/3075/3671 3201/3068/3877
f 3197/3069/3878 3041/3076/3672 3040/3077/3668 3196/3070/3876
f 3198/3071/3879 3042/3078/3674 3041/3076/3672 3197/3069/3878
f 3199/3072/3880 3043/3079/3676 3042/3078/3679 3198/3071/3881
f 3200/3073/3882 3044/3080/3680 3043/3079/3676 3199/3072/3880
f 3201/3068/3883 3045/3075/3682 3044/3080/3680 3200/3073/3882
o Grip_|_left_stud
v -0.014188 -0.022333 -0.015000
v -0.015265 -0.020468 -0.015000
v -0.017131 -0.019390 -0.015000
v -0.019285 -0.019390 -0.015000
v -0.021151 -0.020468 -0.015000
v -0.022228 -0.022333 -0.015000
v -0.022228 -0.024488 -0.015000
v -0.021151 -0.026353 -0.015000
v -0.019285 -0.027430 -0.015000
v -0.017131 -0.027430 -0.015000
v -0.015265 -0.026353 -0.015000
v -0.014188 -0.024488 -0.015000
v -0.014188 -0.022333 -0.018200
v -0.015265 -0.020468 -0.018200
v -0.017131 -0.019390 -0.018200
v -0.019285 -0.019390 -0.018200
v -0.021151 -0.020468 -0.018200
v -0.022228 -0.022333 -0.018200
v -0.022228 -0.024488 -0.018200
v -0.021151 -0.026353 -0.018200
v -0.019285 -0.027430 -0.018200
v -0.017131 -0.027430 -0.018200
v -0.015265 -0.026353 -0.018200
v -0.014188 -0.024488 -0.018200
v -0.015863 -0.022782 -0.019000
v -0.016491 -0.021694 -0.019000
v -0.017580 -0.021065 -0.019000
v -0.018836 -0.021065 -0.019000
v -0.019925 -0.021694 -0.019000
v -0.020553 -0.022782 -0.019000
v -0.020553 -0.024039 -0.019000
v -0.019925 -0.025127 -0.019000
v -0.018836 -0.025755 -0.019000
v -0.017580 -0.025755 -0.019000
v -0.016491 -0.025127 -0.019000
v -0.015863 -0.024039 -0.019000
v -0.018208 -0.023410 -0.019200
vn 0.9659 0.2588 -0.0000
vn 0.7071 0.7071 -0.0000
vn 0.2588 0.9659 -0.0000
vn -0.2588 0.9659 -0.0000
vn -0.7071 0.7071 -0.0000
vn -0.9659 0.2588 -0.0000
vn -0.9659 -0.2588 -0.0000
vn -0.7071 -0.7071 -0.0000
vn -0.2588 -0.9659 -0.0000
vn 0.2588 -0.9659 -0.0000
vn 0.7071 -0.7071 -0.0000
vn 0.9659 -0.2588 -0.0000
vn 0.4046 0.1084 -0.9080
vn 0.2715 0.0728 -0.9597
vn 0.1988 0.1988 -0.9597
vn 0.2962 0.2962 -0.9080
vn 0.0728 0.2715 -0.9597
vn 0.1084 0.4046 -0.9080
vn -0.0728 0.2715 -0.9597
vn -0.1084 0.4046 -0.9080
vn -0.1988 0.1988 -0.9597
vn -0.2962 0.2962 -0.9080
vn -0.2715 0.0728 -0.9597
vn -0.4046 0.1084 -0.9080
vn -0.2715 -0.0728 -0.9597
vn -0.4046 -0.1084 -0.9080
vn -0.1988 -0.1988 -0.9597
vn -0.2962 -0.2962 -0.9080
vn -0.0728 -0.2715 -0.9597
vn -0.1084 -0.4046 -0.9080
vn 0.0728 -0.2715 -0.9597
vn 0.1084 -0.4046 -0.9080
vn 0.1988 -0.1988 -0.9597
vn 0.2962 -0.2962 -0.9080
vn 0.2715 -0.0728 -0.9597
vn 0.4046 -0.1084 -0.9080
vn -0.0000 -0.0000 -1.0000
vn -0.0000 -0.0000 1.0000
s 1
usemtl Chrome_|_polished_body
f 3202//3884 3214//3884 3215//3885 3203//3885
f 3203//3885 3215//3885 3216//3886 3204//3886
f 3204//3886 3216//3886 3217//3887 3205//3887
f 3205//3887 3217//3887 3218//3888 3206//3888
f 3206//3888 3218//3888 3219//3889 3207//3889
f 3207//3889 3219//3889 3220//3890 3208//3890
f 3208//3890 3220//3890 3221//3891 3209//3891
f 3209//3891 3221//3891 3222//3892 3210//3892
f 3210//3892 3222//3892 3223//3893 3211//3893
f 3211//3893 3223//3893 3224//3894 3212//3894
f 3212//3894 3224//3894 3225//3895 3213//3895
f 3213//3895 3225//3895 3214//3884 3202//3884
f 3202//3921 3203//3921 3204//3921 3205//3921 3206//3921 3207//3921 3208//3921 3209//3921 3210//3921 3211//3921 3212//3921 3213//3921
usemtl Glow_|_violet_neon
f 3214//3896 3226//3897 3227//3898 3215//3899
f 3215//3899 3227//3898 3228//3900 3216//3901
f 3216//3901 3228//3900 3229//3902 3217//3903
f 3217//3903 3229//3902 3230//3904 3218//3905
f 3218//3905 3230//3904 3231//3906 3219//3907
f 3219//3907 3231//3906 3232//3908 3220//3909
f 3220//3909 3232//3908 3233//3910 3221//3911
f 3221//3911 3233//3910 3234//3912 3222//3913
f 3222//3913 3234//3912 3235//3914 3223//3915
f 3223//3915 3235//3914 3236//3916 3224//3917
f 3224//3917 3236//3916 3237//3918 3225//3919
f 3225//3919 3237//3918 3226//3897 3214//3896
f 3226//3897 3238//3920 3227//3898
f 3227//3898 3238//3920 3228//3900
f 3228//3900 3238//3920 3229//3902
f 3229//3902 3238//3920 3230//3904
f 3230//3904 3238//3920 3231//3906
f 3231//3906 3238//3920 3232//3908
f 3232//3908 3238//3920 3233//3910
f 3233//3910 3238//3920 3234//3912
f 3234//3912 3238//3920 3235//3914
f 3235//3914 3238//3920 3236//3916
f 3236//3916 3238//3920 3237//3918
f 3237//3918 3238//3920 3226//3897
o Grip_|_left_front_neon
v 0.009174 -0.053934 -0.015480
v 0.009174 -0.053934 -0.016520
v 0.010058 -0.053757 -0.017040
v 0.010941 -0.053581 -0.016520
v 0.010941 -0.053581 -0.015480
v 0.010058 -0.053757 -0.014960
v 0.019959 0.007234 -0.015480
v 0.019959 0.007234 -0.016520
v 0.020809 0.006936 -0.017040
v 0.021660 0.006639 -0.016520
v 0.021660 0.006639 -0.015480
v 0.020809 0.006936 -0.014960
v 0.018218 0.002467 -0.015480
v 0.018218 0.002467 -0.016520
v 0.019064 0.002157 -0.017040
v 0.019910 0.001847 -0.016520
v 0.019910 0.001847 -0.015480
v 0.019064 0.002157 -0.014960
v 0.016651 -0.001802 -0.015480
v 0.016651 -0.001802 -0.016520
v 0.017503 -0.002094 -0.017040
v 0.018356 -0.002387 -0.016520
v 0.018356 -0.002387 -0.015480
v 0.017503 -0.002094 -0.014960
v 0.015090 -0.006681 -0.015480
v 0.015090 -0.006681 -0.016520
v 0.015954 -0.006936 -0.017040
v 0.016818 -0.007192 -0.016520
v 0.016818 -0.007192 -0.015480
v 0.015954 -0.006936 -0.014960
v 0.013143 -0.013854 -0.015480
v 0.013143 -0.013854 -0.016520
v 0.014017 -0.014073 -0.017040
v 0.014891 -0.014291 -0.016520
v 0.014891 -0.014291 -0.015480
v 0.014017 -0.014073 -0.014960
v 0.011673 -0.020304 -0.015480
v 0.011673 -0.020304 -0.016520
v 0.012554 -0.020493 -0.017040
v 0.013435 -0.020681 -0.016520
v 0.013435 -0.020681 -0.015480
v 0.012554 -0.020493 -0.014960
v 0.010217 -0.027558 -0.015480
v 0.010217 -0.027558 -0.016520
v 0.011098 -0.027746 -0.017040
v 0.011980 -0.027933 -0.016520
v 0.011980 -0.027933 -0.015480
v 0.011098 -0.027746 -0.014960
v 0.008881 -0.033521 -0.015480
v 0.008881 -0.033521 -0.016520
v 0.009762 -0.033708 -0.017040
v 0.010644 -0.033896 -0.016520
v 0.010644 -0.033896 -0.015480
v 0.009762 -0.033708 -0.014960
v 0.007797 -0.038923 -0.015480
v 0.007797 -0.038923 -0.016520
v 0.008690 -0.039039 -0.017040
v 0.009584 -0.039156 -0.016520
v 0.009584 -0.039156 -0.015480
v 0.008690 -0.039039 -0.014960
v 0.007423 -0.045108 -0.015480
v 0.007423 -0.045108 -0.016520
v 0.008324 -0.045087 -0.017040
v 0.009225 -0.045065 -0.016520
v 0.009225 -0.045065 -0.015480
v 0.008324 -0.045087 -0.014960
v 0.007766 -0.048276 -0.015480
v 0.007766 -0.048276 -0.016520
v 0.008653 -0.048116 -0.017040
v 0.009539 -0.047957 -0.016520
v 0.009539 -0.047957 -0.015480
v 0.008653 -0.048116 -0.014960
v 0.008448 -0.050990 -0.015480
v 0.008448 -0.050990 -0.016520
v 0.009322 -0.050772 -0.017040
v 0.010196 -0.050554 -0.016520
v 0.010196 -0.050554 -0.015480
v 0.009322 -0.050772 -0.014960
vn 0.1961 -0.9806 -0.0000
vn 0.3304 0.9439 -0.0000
vn -0.8125 0.2967 0.5018
vn -0.8132 0.2977 0.5001
vn -0.4695 0.1719 0.8660
vn -0.4697 0.1715 0.8660
vn -0.8125 0.2967 -0.5018
vn -0.8132 0.2977 -0.5001
vn -0.4697 0.1715 -0.8660
vn -0.4695 0.1719 -0.8660
vn 0.8145 -0.2974 -0.4981
vn 0.8133 -0.2978 -0.4999
vn 0.4695 -0.1719 -0.8660
vn 0.4697 -0.1715 -0.8660
vn 0.8145 -0.2974 0.4981
vn 0.8133 -0.2978 0.4999
vn 0.4697 -0.1715 0.8660
vn 0.4695 -0.1719 0.8660
vn -0.8206 0.2818 0.4971
vn -0.4729 0.1624 0.8660
vn -0.8206 0.2818 -0.4971
vn -0.4729 0.1624 -0.8660
vn 0.8175 -0.2807 -0.5029
vn 0.4729 -0.1624 -0.8660
vn 0.8175 -0.2807 0.5029
vn 0.4729 -0.1624 0.8660
vn -0.8322 0.2460 0.4969
vn -0.4795 0.1417 0.8660
vn -0.8322 0.2460 -0.4969
vn -0.4795 0.1417 -0.8660
vn 0.8288 -0.2449 -0.5031
vn 0.4795 -0.1417 -0.8660
vn 0.8288 -0.2449 0.5031
vn 0.4795 -0.1417 0.8660
vn -0.8418 0.2101 0.4972
vn -0.4851 0.1211 0.8660
vn -0.8418 0.2101 -0.4972
vn -0.4851 0.1211 -0.8660
vn 0.8387 -0.2093 -0.5028
vn 0.4851 -0.1210 -0.8660
vn 0.8387 -0.2093 0.5028
vn 0.4851 -0.1210 0.8660
vn -0.8478 0.1817 0.4982
vn -0.4889 0.1048 0.8660
vn -0.8478 0.1817 -0.4982
vn -0.4889 0.1048 -0.8660
vn 0.8458 -0.1812 -0.5018
vn 0.4889 -0.1048 -0.8660
vn 0.8458 -0.1812 0.5018
vn 0.4889 -0.1048 0.8660
vn -0.8463 0.1797 0.5015
vn -0.4891 0.1039 0.8660
vn -0.8463 0.1797 -0.5015
vn -0.4891 0.1039 -0.8660
vn 0.8480 -0.1801 -0.4985
vn 0.4891 -0.1039 -0.8660
vn 0.8480 -0.1801 0.4985
vn 0.4891 -0.1039 0.8660
vn -0.8481 0.1801 0.4984
vn -0.4893 0.1039 0.8659
vn -0.8481 0.1801 -0.4984
vn -0.4893 0.1039 -0.8659
vn 0.8463 -0.1800 -0.5014
vn 0.4893 -0.1040 -0.8659
vn 0.8463 -0.1800 0.5014
vn 0.4893 -0.1040 0.8659
vn -0.8640 0.1123 0.4908
vn -0.4957 0.0645 0.8661
vn -0.8640 0.1123 -0.4908
vn -0.4957 0.0645 -0.8661
vn 0.8531 -0.1113 -0.5098
vn 0.4957 -0.0646 -0.8661
vn 0.8531 -0.1113 0.5098
vn 0.4957 -0.0646 0.8661
vn -0.8721 -0.0207 0.4889
vn -0.4996 -0.0119 0.8661
vn -0.8721 -0.0207 -0.4889
vn -0.4996 -0.0119 -0.8661
vn 0.8587 0.0205 -0.5121
vn 0.4996 0.0119 -0.8662
vn 0.8587 0.0205 0.5121
vn 0.4996 0.0119 0.8662
vn -0.8577 -0.1535 0.4908
vn -0.4921 -0.0881 0.8661
vn -0.8577 -0.1535 -0.4908
vn -0.4921 -0.0881 -0.8661
vn 0.8466 0.1524 -0.5099
vn 0.4920 0.0884 -0.8661
vn 0.8466 0.1524 0.5099
vn 0.4920 0.0884 0.8661
vn -0.8403 -0.2093 0.5001
vn -0.4855 -0.1210 0.8658
vn -0.8403 -0.2093 -0.5001
vn -0.4855 -0.1210 -0.8658
vn 0.8406 0.2097 -0.4994
vn 0.4854 0.1211 -0.8658
vn 0.8406 0.2097 0.4994
vn 0.4854 0.1211 0.8658
vn -0.8375 -0.2066 0.5059
vn -0.4856 -0.1197 0.8659
vn -0.8375 -0.2066 -0.5059
vn -0.4856 -0.1197 -0.8659
vn 0.8444 0.2078 -0.4938
vn 0.4857 0.1196 -0.8659
vn 0.8444 0.2078 0.4938
vn 0.4857 0.1196 0.8659
vt 0.400000 0.000000
vt 0.000000 0.000000
vt 0.200000 0.000000
vt 1.000000 0.000000
vt 0.600000 0.000000
vt 0.800000 0.000000
vt 0.000000 1.000000
vt 0.083333 1.000000
vt 0.083333 0.833333
vt 0.000000 0.833333
vt 0.000000 0.166667
vt 0.083333 0.166667
vt 0.083333 0.000000
vt 0.000000 0.333333
vt 0.083333 0.333333
vt 0.000000 0.500000
vt 0.083333 0.500000
vt 0.000000 0.666667
vt 0.083333 0.666667
vt 0.166667 1.000000
vt 0.166667 0.833333
vt 0.166667 0.166667
vt 0.166667 0.000000
vt 0.166667 0.333333
vt 0.166667 0.500000
vt 0.166667 0.666667
vt 0.250000 1.000000
vt 0.250000 0.833333
vt 0.250000 0.166667
vt 0.250000 0.000000
vt 0.250000 0.333333
vt 0.250000 0.500000
vt 0.250000 0.666667
vt 0.333333 1.000000
vt 0.333333 0.833333
vt 0.333333 0.166667
vt 0.333333 0.000000
vt 0.333333 0.333333
vt 0.333333 0.500000
vt 0.333333 0.666667
vt 0.416667 1.000000
vt 0.416667 0.833333
vt 0.416667 0.166667
vt 0.416667 0.000000
vt 0.416667 0.333333
vt 0.416667 0.500000
vt 0.416667 0.666667
vt 0.500000 1.000000
vt 0.500000 0.833333
vt 0.500000 0.166667
vt 0.500000 0.000000
vt 0.500000 0.333333
vt 0.500000 0.500000
vt 0.500000 0.666667
vt 0.583333 1.000000
vt 0.583333 0.833333
vt 0.583333 0.166667
vt 0.583333 0.000000
vt 0.583333 0.333333
vt 0.583333 0.500000
vt 0.583333 0.666667
vt 0.666667 1.000000
vt 0.666667 0.833333
vt 0.666667 0.166667
vt 0.666667 0.000000
vt 0.666667 0.333333
vt 0.666667 0.500000
vt 0.666667 0.666667
vt 0.750000 1.000000
vt 0.750000 0.833333
vt 0.750000 0.166667
vt 0.750000 0.000000
vt 0.750000 0.333333
vt 0.750000 0.500000
vt 0.750000 0.666667
vt 0.833333 1.000000
vt 0.833333 0.833333
vt 0.833333 0.166667
vt 0.833333 0.000000
vt 0.833333 0.333333
vt 0.833333 0.500000
vt 0.833333 0.666667
vt 0.916667 1.000000
vt 0.916667 0.833333
vt 0.916667 0.166667
vt 0.916667 0.000000
vt 0.916667 0.333333
vt 0.916667 0.500000
vt 0.916667 0.666667
vt 1.000000 1.000000
vt 1.000000 0.833333
vt 1.000000 0.166667
vt 1.000000 0.333333
vt 1.000000 0.500000
vt 1.000000 0.666667
s 1
usemtl Glow_|_violet_neon
f 3241/3081/3922 3239/3082/3922 3240/3083/3922
f 3241/3081/3922 3244/3084/3922 3239/3082/3922
f 3242/3085/3922 3244/3084/3922 3241/3081/3922
f 3242/3085/3922 3243/3086/3922 3244/3084/3922
f 3247/3081/3923 3249/3086/3923 3248/3085/3923
f 3247/3081/3923 3250/3084/3923 3249/3086/3923
f 3246/3083/3923 3250/3084/3923 3247/3081/3923
f 3246/3083/3923 3245/3082/3923 3250/3084/3923
f 3245/3087/3924 3251/3088/3925 3256/3089/3926 3250/3090/3927
f 3246/3091/3928 3252/3092/3929 3251/3093/3925 3245/3082/3924
f 3247/3094/3930 3253/3095/3931 3252/3092/3929 3246/3091/3928
f 3248/3096/3932 3254/3097/3933 3253/3095/3934 3247/3094/3935
f 3249/3098/3936 3255/3099/3937 3254/3097/3933 3248/3096/3932
f 3250/3090/3938 3256/3089/3939 3255/3099/3937 3249/3098/3936
f 3251/3088/3925 3257/3100/3940 3262/3101/3941 3256/3089/3926
f 3252/3092/3929 3258/3102/3942 3257/3103/3940 3251/3093/3925
f 3253/3095/3931 3259/3104/3943 3258/3102/3942 3252/3092/3929
f 3254/3097/3933 3260/3105/3944 3259/3104/3945 3253/3095/3934
f 3255/3099/3937 3261/3106/3946 3260/3105/3944 3254/3097/3933
f 3256/3089/3939 3262/3101/3947 3261/3106/3946 3255/3099/3937
f 3257/3100/3940 3263/3107/3948 3268/3108/3949 3262/3101/3941
f 3258/3102/3942 3264/3109/3950 3263/3110/3948 3257/3103/3940
f 3259/3104/3943 3265/3111/3951 3264/3109/3950 3258/3102/3942
f 3260/3105/3944 3266/3112/3952 3265/3111/3953 3259/3104/3945
f 3261/3106/3946 3267/3113/3954 3266/3112/3952 3260/3105/3944
f 3262/3101/3947 3268/3108/3955 3267/3113/3954 3261/3106/3946
f 3263/3107/3948 3269/3114/3956 3274/3115/3957 3268/3108/3949
f 3264/3109/3950 3270/3116/3958 3269/3117/3956 3263/3110/3948
f 3265/3111/3951 3271/3118/3959 3270/3116/3958 3264/3109/3950
f 3266/3112/3952 3272/3119/3960 3271/3118/3961 3265/3111/3953
f 3267/3113/3954 3273/3120/3962 3272/3119/3960 3266/3112/3952
f 3268/3108/3955 3274/3115/3963 3273/3120/3962 3267/3113/3954
f 3269/3114/3956 3275/3121/3964 3280/3122/3965 3274/3115/3957
f 3270/3116/3958 3276/3123/3966 3275/3124/3964 3269/3117/3956
f 3271/3118/3959 3277/3125/3967 3276/3123/3966 3270/3116/3958
f 3272/3119/3960 3278/3126/3968 3277/3125/3969 3271/3118/3961
f 3273/3120/3962 3279/3127/3970 3278/3126/3968 3272/3119/3960
f 3274/3115/3963 3280/3122/3971 3279/3127/3970 3273/3120/3962
f 3275/3121/3964 3281/3128/3972 3286/3129/3973 3280/3122/3965
f 3276/3123/3966 3282/3130/3974 3281/3131/3972 3275/3124/3964
f 3277/3125/3967 3283/3132/3975 3282/3130/3974 3276/3123/3966
f 3278/3126/3968 3284/3133/3976 3283/3132/3977 3277/3125/3969
f 3279/3127/3970 3285/3134/3978 3284/3133/3976 3278/3126/3968
f 3280/3122/3971 3286/3129/3979 3285/3134/3978 3279/3127/3970
f 3281/3128/3972 3287/3135/3980 3292/3136/3981 3286/3129/3973
f 3282/3130/3974 3288/3137/3982 3287/3138/3980 3281/3131/3972
f 3283/3132/3975 3289/3139/3983 3288/3137/3982 3282/3130/3974
f 3284/3133/3976 3290/3140/3984 3289/3139/3985 3283/3132/3977
f 3285/3134/3978 3291/3141/3986 3290/3140/3984 3284/3133/3976
f 3286/3129/3979 3292/3136/3987 3291/3141/3986 3285/3134/3978
f 3287/3135/3980 3293/3142/3988 3298/3143/3989 3292/3136/3981
f 3288/3137/3982 3294/3144/3990 3293/3145/3988 3287/3138/3980
f 3289/3139/3983 3295/3146/3991 3294/3144/3990 3288/3137/3982
f 3290/3140/3984 3296/3147/3992 3295/3146/3993 3289/3139/3985
f 3291/3141/3986 3297/3148/3994 3296/3147/3992 3290/3140/3984
f 3292/3136/3987 3298/3143/3995 3297/3148/3994 3291/3141/3986
f 3293/3142/3988 3299/3149/3996 3304/3150/3997 3298/3143/3989
f 3294/3144/3990 3300/3151/3998 3299/3152/3996 3293/3145/3988
f 3295/3146/3991 3301/3153/3999 3300/3151/3998 3294/3144/3990
f 3296/3147/3992 3302/3154/4000 3301/3153/4001 3295/3146/3993
f 3297/3148/3994 3303/3155/4002 3302/3154/4000 3296/3147/3992
f 3298/3143/3995 3304/3150/4003 3303/3155/4002 3297/3148/3994
f 3299/3149/3996 3305/3156/4004 3310/3157/4005 3304/3150/3997
f 3300/3151/3998 3306/3158/4006 3305/3159/4004 3299/3152/3996
f 3301/3153/3999 3307/3160/4007 3306/3158/4006 3300/3151/3998
f 3302/3154/4000 3308/3161/4008 3307/3160/4009 3301/3153/4001
f 3303/3155/4002 3309/3162/4010 3308/3161/4008 3302/3154/4000
f 3304/3150/4003 3310/3157/4011 3309/3162/4010 3303/3155/4002
f 3305/3156/4004 3311/3163/4012 3316/3164/4013 3310/3157/4005
f 3306/3158/4006 3312/3165/4014 3311/3166/4012 3305/3159/4004
f 3307/3160/4007 3313/3167/4015 3312/3165/4014 3306/3158/4006
f 3308/3161/4008 3314/3168/4016 3313/3167/4017 3307/3160/4009
f 3309/3162/4010 3315/3169/4018 3314/3168/4016 3308/3161/4008
f 3310/3157/4011 3316/3164/4019 3315/3169/4018 3309/3162/4010
f 3311/3163/4012 3239/3170/4020 3244/3171/4021 3316/3164/4013
f 3312/3165/4014 3240/3172/4022 3239/3084/4020 3311/3166/4012
f 3313/3167/4015 3241/3173/4023 3240/3172/4022 3312/3165/4014
f 3314/3168/4016 3242/3174/4024 3241/3173/4025 3313/3167/4017
f 3315/3169/4018 3243/3175/4026 3242/3174/4024 3314/3168/4016
f 3316/3164/4019 3244/3171/4027 3243/3175/4026 3315/3169/4018
o Grip_|_left_base_neon
v 0.011803 -0.056671 -0.016520
v 0.011803 -0.056671 -0.015480
v 0.011792 -0.057572 -0.014960
v 0.011781 -0.058473 -0.015480
v 0.011781 -0.058473 -0.016520
v 0.011792 -0.057572 -0.017040
v -0.044729 -0.055978 -0.016520
v -0.044729 -0.055978 -0.015480
v -0.044740 -0.056879 -0.014960
v -0.044751 -0.057780 -0.015480
v -0.044751 -0.057780 -0.016520
v -0.044740 -0.056879 -0.017040
v -0.025168 -0.056218 -0.016520
v -0.025168 -0.056218 -0.015480
v -0.025179 -0.057119 -0.014960
v -0.025190 -0.058020 -0.015480
v -0.025190 -0.058020 -0.016520
v -0.025179 -0.057119 -0.017040
v -0.007758 -0.056431 -0.016520
v -0.007758 -0.056431 -0.015480
v -0.007769 -0.057332 -0.014960
v -0.007780 -0.058233 -0.015480
v -0.007780 -0.058233 -0.016520
v -0.007769 -0.057332 -0.017040
vn 0.9999 -0.0123 -0.0000
vn -0.9999 0.0123 -0.0000
vn 0.0106 0.8660 -0.5000
vn -0.0000 -0.0000 -1.0000
vn 0.0106 0.8660 0.5000
vn 0.0061 0.5000 0.8660
vn -0.0106 -0.8660 0.5000
vn -0.0061 -0.5000 0.8660
vn -0.0123 -0.9999 -0.0000
vn -0.0106 -0.8660 -0.5000
vn -0.0061 -0.5000 -0.8660
vn 0.0061 0.5000 -0.8660
vn 0.0123 0.9999 -0.0000
vt 1.000000 0.000000
vt 0.600000 0.000000
vt 0.800000 0.000000
vt 0.400000 0.000000
vt 0.000000 0.000000
vt 0.200000 0.000000
vt 0.000000 1.000000
vt 0.333333 1.000000
vt 0.333333 0.833333
vt 0.000000 0.833333
vt 0.000000 0.166667
vt 0.333333 0.166667
vt 0.333333 0.000000
vt 0.000000 0.333333
vt 0.333333 0.333333
vt 0.000000 0.500000
vt 0.333333 0.500000
vt 0.000000 0.666667
vt 0.333333 0.666667
vt 0.666667 1.000000
vt 0.666667 0.833333
vt 0.666667 0.166667
vt 0.666667 0.000000
vt 0.666667 0.333333
vt 0.666667 0.500000
vt 0.666667 0.666667
vt 1.000000 1.000000
vt 1.000000 0.833333
vt 1.000000 0.166667
vt 1.000000 0.333333
vt 1.000000 0.500000
vt 1.000000 0.666667
s 1
usemtl Glow_|_violet_neon
f 3322/3176/4028 3320/3177/4028 3321/3178/4028
f 3322/3176/4028 3319/3179/4028 3320/3177/4028
f 3317/3180/4028 3319/3179/4028 3322/3176/4028
f 3317/3180/4028 3318/3181/4028 3319/3179/4028
f 3325/3179/4029 3327/3178/4029 3326/3177/4029
f 3325/3179/4029 3328/3176/4029 3327/3178/4029
f 3324/3181/4029 3328/3176/4029 3325/3179/4029
f 3324/3181/4029 3323/3180/4029 3328/3176/4029
f 3323/3182/4030 3329/3183/4030 3334/3184/4031 3328/3185/4031
f 3324/3186/4032 3330/3187/4032 3329/3188/4030 3323/3180/4030
f 3325/3189/4033 3331/3190/4033 3330/3187/4032 3324/3186/4032
f 3326/3191/4034 3332/3192/4034 3331/3190/4035 3325/3189/4035
f 3327/3193/4036 3333/3194/4037 3332/3192/4034 3326/3191/4034
f 3328/3185/4031 3334/3184/4031 3333/3194/4037 3327/3193/4038
f 3329/3183/4030 3335/3195/4030 3340/3196/4031 3334/3184/4031
f 3330/3187/4032 3336/3197/4032 3335/3198/4030 3329/3188/4030
f 3331/3190/4033 3337/3199/4033 3336/3197/4032 3330/3187/4032
f 3332/3192/4034 3338/3200/4034 3337/3199/4035 3331/3190/4035
f 3333/3194/4037 3339/3201/4037 3338/3200/4034 3332/3192/4034
f 3334/3184/4031 3340/3196/4031 3339/3201/4037 3333/3194/4037
f 3335/3195/4030 3317/3202/4039 3322/3203/4031 3340/3196/4031
f 3336/3197/4032 3318/3204/4032 3317/3176/4040 3335/3198/4030
f 3337/3199/4033 3319/3205/4033 3318/3204/4032 3336/3197/4032
f 3338/3200/4034 3320/3206/4034 3319/3205/4035 3337/3199/4035
f 3339/3201/4037 3321/3207/4036 3320/3206/4034 3338/3200/4034
f 3340/3196/4031 3322/3203/4031 3321/3207/4038 3339/3201/4037
o Barrel_|_left_slot_backing
v 0.202023 0.047604 -0.019144
v 0.202023 0.047604 -0.014636
v 0.202023 0.043699 -0.012381
v 0.202023 0.039795 -0.014636
v 0.202023 0.039795 -0.019144
v 0.202023 0.043699 -0.021399
v 0.099711 0.047604 -0.019144
v 0.099711 0.047604 -0.014636
v 0.099711 0.043699 -0.012381
v 0.099711 0.039795 -0.014636
v 0.099711 0.039795 -0.019144
v 0.099711 0.043699 -0.021399
v 0.135113 0.047604 -0.019144
v 0.135113 0.047604 -0.014636
v 0.135113 0.043699 -0.012381
v 0.135113 0.039795 -0.014636
v 0.135113 0.039795 -0.019144
v 0.135113 0.043699 -0.021399
v 0.166621 0.047604 -0.019144
v 0.166621 0.047604 -0.014636
v 0.166621 0.043699 -0.012381
v 0.166621 0.039795 -0.014636
v 0.166621 0.039795 -0.019144
v 0.166621 0.043699 -0.021399
vn 1.0000 -0.0000 -0.0000
vn -1.0000 -0.0000 -0.0000
vn -0.0000 0.8660 -0.5000
vn -0.0000 -0.0000 -1.0000
vn -0.0000 0.5000 -0.8660
vn -0.0000 0.8660 0.5000
vn -0.0000 0.5000 0.8660
vn -0.0000 -0.8660 0.5000
vn -0.0000 -0.5000 0.8660
vn -0.0000 -0.8660 -0.5000
vn -0.0000 -0.5000 -0.8660
vt 1.000000 0.000000
vt 0.600000 0.000000
vt 0.800000 0.000000
vt 0.400000 0.000000
vt 0.000000 0.000000
vt 0.200000 0.000000
vt 0.000000 1.000000
vt 0.333333 1.000000
vt 0.333333 0.833333
vt 0.000000 0.833333
vt 0.000000 0.166667
vt 0.333333 0.166667
vt 0.333333 0.000000
vt 0.000000 0.333333
vt 0.333333 0.333333
vt 0.000000 0.500000
vt 0.333333 0.500000
vt 0.000000 0.666667
vt 0.333333 0.666667
vt 0.666667 1.000000
vt 0.666667 0.833333
vt 0.666667 0.166667
vt 0.666667 0.000000
vt 0.666667 0.333333
vt 0.666667 0.500000
vt 0.666667 0.666667
vt 1.000000 1.000000
vt 1.000000 0.833333
vt 1.000000 0.166667
vt 1.000000 0.333333
vt 1.000000 0.500000
vt 1.000000 0.666667
s 1
usemtl Chrome_|_smoked_seams
f 3346/3208/4041 3344/3209/4041 3345/3210/4041
f 3346/3208/4041 3343/3211/4041 3344/3209/4041
f 3341/3212/4041 3343/3211/4041 3346/3208/4041
f 3341/3212/4041 3342/3213/4041 3343/3211/4041
f 3349/3211/4042 3351/3210/4042 3350/3209/4042
f 3349/3211/4042 3352/3208/4042 3351/3210/4042
f 3348/3213/4042 3352/3208/4042 3349/3211/4042
f 3348/3213/4042 3347/3212/4042 3352/3208/4042
f 3347/3214/4043 3353/3215/4043 3358/3216/4044 3352/3217/4045
f 3348/3218/4046 3354/3219/4046 3353/3220/4043 3347/3212/4043
f 3349/3221/4047 3355/3222/4047 3354/3219/4046 3348/3218/4046
f 3350/3223/4048 3356/3224/4048 3355/3222/4049 3349/3221/4049
f 3351/3225/4050 3357/3226/4050 3356/3224/4048 3350/3223/4048
f 3352/3217/4051 3358/3216/4044 3357/3226/4050 3351/3225/4050
f 3353/3215/4043 3359/3227/4043 3364/3228/4044 3358/3216/4044
f 3354/3219/4046 3360/3229/4046 3359/3230/4043 3353/3220/4043
f 3355/3222/4047 3361/3231/4047 3360/3229/4046 3354/3219/4046
f 3356/3224/4048 3362/3232/4048 3361/3231/4049 3355/3222/4049
f 3357/3226/4050 3363/3233/4050 3362/3232/4048 3356/3224/4048
f 3358/3216/4044 3364/3228/4044 3363/3233/4050 3357/3226/4050
f 3359/3227/4043 3341/3234/4043 3346/3235/4045 3364/3228/4044
f 3360/3229/4046 3342/3236/4046 3341/3208/4043 3359/3230/4043
f 3361/3231/4047 3343/3237/4047 3342/3236/4046 3360/3229/4046
f 3362/3232/4048 3344/3238/4048 3343/3237/4049 3361/3231/4049
f 3363/3233/4050 3345/3239/4050 3344/3238/4048 3362/3232/4048
f 3364/3228/4044 3346/3235/4051 3345/3239/4050 3363/3233/4050
o Barrel_|_left_slot_glow
v 0.201156 0.045952 -0.020792
v 0.201156 0.045952 -0.018190
v 0.201156 0.043699 -0.016890
v 0.201156 0.041447 -0.018190
v 0.201156 0.041447 -0.020792
v 0.201156 0.043699 -0.022092
v 0.100578 0.045952 -0.020792
v 0.100578 0.045952 -0.018190
v 0.100578 0.043699 -0.016890
v 0.100578 0.041447 -0.018190
v 0.100578 0.041447 -0.020792
v 0.100578 0.043699 -0.022092
v 0.135380 0.045952 -0.020792
v 0.135380 0.045952 -0.018190
v 0.135380 0.043699 -0.016890
v 0.135380 0.041447 -0.018190
v 0.135380 0.041447 -0.020792
v 0.135380 0.043699 -0.022092
v 0.166354 0.045952 -0.020792
v 0.166354 0.045952 -0.018190
v 0.166354 0.043699 -0.016890
v 0.166354 0.041447 -0.018190
v 0.166354 0.041447 -0.020792
v 0.166354 0.043699 -0.022092
vn 1.0000 -0.0000 -0.0000
vn -1.0000 -0.0000 -0.0000
vn -0.0000 0.5000 -0.8660
vn -0.0000 -0.0000 -1.0000
vn -0.0000 1.0000 -0.0000
vn -0.0000 0.8660 0.5000
vn -0.0000 -0.0000 1.0000
vn -0.0000 0.5000 0.8660
vn -0.0000 -0.5000 0.8660
vn -0.0000 -1.0000 -0.0000
vn -0.0000 -0.5000 -0.8660
vn -0.0000 0.8660 -0.5000
vt 1.000000 0.000000
vt 0.600000 0.000000
vt 0.800000 0.000000
vt 0.400000 0.000000
vt 0.000000 0.000000
vt 0.200000 0.000000
vt 0.000000 1.000000
vt 0.333333 1.000000
vt 0.333333 0.833333
vt 0.000000 0.833333
vt 0.000000 0.166667
vt 0.333333 0.166667
vt 0.333333 0.000000
vt 0.000000 0.333333
vt 0.333333 0.333333
vt 0.000000 0.500000
vt 0.333333 0.500000
vt 0.000000 0.666667
vt 0.333333 0.666667
vt 0.666667 1.000000
vt 0.666667 0.833333
vt 0.666667 0.166667
vt 0.666667 0.000000
vt 0.666667 0.333333
vt 0.666667 0.500000
vt 0.666667 0.666667
vt 1.000000 1.000000
vt 1.000000 0.833333
vt 1.000000 0.166667
vt 1.000000 0.333333
vt 1.000000 0.500000
vt 1.000000 0.666667
s 1
usemtl Glow_|_violet_neon
f 3370/3240/4052 3368/3241/4052 3369/3242/4052
f 3370/3240/4052 3367/3243/4052 3368/3241/4052
f 3365/3244/4052 3367/3243/4052 3370/3240/4052
f 3365/3244/4052 3366/3245/4052 3367/3243/4052
f 3373/3243/4053 3375/3242/4053 3374/3241/4053
f 3373/3243/4053 3376/3240/4053 3375/3242/4053
f 3372/3245/4053 3376/3240/4053 3373/3243/4053
f 3372/3245/4053 3371/3244/4053 3376/3240/4053
f 3371/3246/4054 3377/3247/4054 3382/3248/4055 3376/3249/4055
f 3372/3250/4056 3378/3251/4057 3377/3252/4056 3371/3244/4056
f 3373/3253/4058 3379/3254/4058 3378/3251/4057 3372/3250/4059
f 3374/3255/4060 3380/3256/4060 3379/3254/4058 3373/3253/4058
f 3375/3257/4061 3381/3258/4061 3380/3256/4061 3374/3255/4061
f 3376/3249/4055 3382/3248/4055 3381/3258/4062 3375/3257/4062
f 3377/3247/4054 3383/3259/4063 3388/3260/4055 3382/3248/4055
f 3378/3251/4057 3384/3261/4057 3383/3262/4063 3377/3252/4056
f 3379/3254/4058 3385/3263/4058 3384/3261/4057 3378/3251/4057
f 3380/3256/4060 3386/3264/4060 3385/3263/4058 3379/3254/4058
f 3381/3258/4061 3387/3265/4061 3386/3264/4061 3380/3256/4061
f 3382/3248/4055 3388/3260/4055 3387/3265/4062 3381/3258/4062
f 3383/3259/4063 3365/3266/4063 3370/3267/4055 3388/3260/4055
f 3384/3261/4057 3366/3268/4057 3365/3240/4063 3383/3262/4063
f 3385/3263/4058 3367/3269/4058 3366/3268/4057 3384/3261/4057
f 3386/3264/4060 3368/3270/4060 3367/3269/4058 3385/3263/4058
f 3387/3265/4061 3369/3271/4061 3368/3270/4061 3386/3264/4061
f 3388/3260/4055 3370/3267/4055 3369/3271/4062 3387/3265/4062
o Barrel_|_left_lower_trim_glow
v 0.213870 0.016920 -0.006076
v 0.213182 0.017384 -0.005449
v 0.212259 0.016938 -0.005269
v 0.212026 0.016028 -0.005716
v 0.212714 0.015564 -0.006343
v 0.213637 0.016010 -0.006523
v 0.097110 0.032115 -0.021156
v 0.097110 0.032115 -0.020116
v 0.097110 0.031214 -0.019595
v 0.097110 0.030313 -0.020116
v 0.097110 0.030313 -0.021156
v 0.097110 0.031214 -0.021676
v 0.113310 0.032130 -0.021161
v 0.113310 0.032130 -0.020120
v 0.113311 0.031229 -0.019600
v 0.113312 0.030328 -0.020120
v 0.113311 0.030328 -0.021161
v 0.113310 0.031229 -0.021681
v 0.127730 0.032145 -0.021165
v 0.127730 0.032145 -0.020125
v 0.127730 0.031244 -0.019604
v 0.127729 0.030343 -0.020125
v 0.127730 0.030343 -0.021165
v 0.127730 0.031244 -0.021685
v 0.143915 0.032115 -0.021156
v 0.143921 0.032115 -0.020116
v 0.143937 0.031214 -0.019595
v 0.143946 0.030313 -0.020116
v 0.143940 0.030313 -0.021156
v 0.143924 0.031214 -0.021676
v 0.160149 0.032596 -0.021357
v 0.160163 0.032596 -0.020317
v 0.160197 0.031696 -0.019797
v 0.160217 0.030795 -0.020317
v 0.160204 0.030795 -0.021358
v 0.160170 0.031696 -0.021878
v 0.174681 0.033046 -0.021549
v 0.174671 0.033047 -0.020509
v 0.174645 0.032146 -0.019989
v 0.174628 0.031245 -0.020509
v 0.174637 0.031245 -0.021549
v 0.174663 0.032146 -0.022070
v 0.190889 0.031759 -0.021049
v 0.190847 0.031762 -0.020009
v 0.190709 0.030870 -0.019492
v 0.190614 0.029975 -0.020014
v 0.190656 0.029972 -0.021054
v 0.190794 0.030864 -0.021571
v 0.194743 0.031058 -0.020851
v 0.194671 0.031066 -0.019813
v 0.194428 0.030193 -0.019301
v 0.194257 0.029312 -0.019828
v 0.194329 0.029304 -0.020866
v 0.194572 0.030177 -0.021377
v 0.198130 0.030063 -0.020534
v 0.197982 0.030094 -0.019505
v 0.197604 0.029262 -0.019009
v 0.197373 0.028398 -0.019542
v 0.197520 0.028368 -0.020571
v 0.197899 0.029200 -0.021068
v 0.201673 0.028518 -0.019760
v 0.201441 0.028585 -0.018747
v 0.200924 0.027813 -0.018280
v 0.200639 0.026973 -0.018824
v 0.200871 0.026906 -0.019836
v 0.201388 0.027679 -0.020304
v 0.204531 0.026833 -0.018873
v 0.204225 0.026944 -0.017885
v 0.203582 0.026247 -0.017458
v 0.203245 0.025438 -0.018019
v 0.203550 0.025327 -0.019007
v 0.204194 0.026025 -0.019434
v 0.206803 0.025031 -0.017794
v 0.206380 0.025232 -0.016865
v 0.205623 0.024621 -0.016495
v 0.205290 0.023809 -0.017055
v 0.205713 0.023608 -0.017984
v 0.206470 0.024219 -0.018354
v 0.208936 0.023075 -0.016016
v 0.208372 0.023404 -0.015207
v 0.207528 0.022872 -0.014910
v 0.207249 0.022011 -0.015423
v 0.207813 0.021683 -0.016233
v 0.208657 0.022214 -0.016530
v 0.211116 0.020780 -0.012907
v 0.210440 0.021229 -0.012256
v 0.209526 0.020772 -0.012059
v 0.209289 0.019866 -0.012513
v 0.209965 0.019418 -0.013164
v 0.210879 0.019875 -0.013361
v 0.212423 0.018937 -0.009630
v 0.211709 0.019435 -0.009061
v 0.210768 0.019012 -0.008921
v 0.210542 0.018092 -0.009350
v 0.211257 0.017594 -0.009919
v 0.212198 0.018016 -0.010059
vn 0.3876 -0.4845 0.7842
vn -1.0000 -0.0000 -0.0000
vn -0.0009 0.8660 -0.5001
vn -0.0010 0.8660 -0.5000
vn -0.0003 -0.0000 -1.0000
vn -0.0007 0.5000 -0.8660
vn -0.0009 1.0000 -0.0000
vn -0.0007 0.8660 0.5000
vn 0.0003 -0.0003 1.0000
vn 0.0003 -0.0000 1.0000
vn -0.0002 0.5000 0.8660
vn 0.0007 -0.5000 0.8660
vn 0.0010 -0.8660 0.5000
vn 0.0007 -0.8661 -0.4998
vn 0.0007 -0.8660 -0.5000
vn 0.0009 -1.0000 -0.0000
vn 0.0002 -0.5000 -0.8660
vn 0.0004 0.8661 -0.4999
vn 0.0001 0.0005 -1.0000
vn 0.0003 0.8662 0.4997
vn 0.0001 0.5000 0.8660
vn -0.0004 -0.8660 0.5001
vn -0.0003 -0.5000 0.8660
vn -0.0004 -1.0000 -0.0000
vn -0.0001 -0.5000 -0.8660
vn -0.0150 0.8656 -0.5006
vn -0.0121 0.4999 -0.8660
vn -0.0139 0.9999 0.0001
vn -0.0018 0.5000 0.8660
vn 0.0150 -0.8663 0.4993
vn 0.0121 -0.4999 0.8660
vn 0.0139 -0.9999 -0.0001
vn 0.0018 -0.5000 -0.8660
vn -0.0327 0.8656 -0.4998
vn -0.0263 0.4998 -0.8657
vn -0.0303 0.9995 -0.0000
vn -0.0041 0.5000 0.8660
vn 0.0327 -0.8655 0.4998
vn 0.0263 -0.4998 0.8657
vn 0.0304 -0.9995 -0.0000
vn 0.0041 -0.5000 -0.8660
vn 0.0253 0.8670 -0.4977
vn 0.0197 0.4995 -0.8661
vn 0.0241 0.9997 0.0003
vn 0.0044 0.5000 0.8660
vn -0.0252 -0.8643 0.5024
vn -0.0196 -0.4995 0.8661
vn -0.0240 -0.9997 -0.0003
vn -0.0044 -0.5000 -0.8660
vn 0.1323 0.8601 -0.4927
vn 0.0998 0.4938 -0.8639
vn 0.1291 0.9916 0.0027
vn 0.0293 0.4979 0.8668
vn -0.1320 -0.8548 0.5018
vn -0.0998 -0.4938 0.8639
vn -0.1291 -0.9916 -0.0027
vn -0.0293 -0.4979 -0.8668
vn 0.2343 0.8402 -0.4890
vn 0.1756 0.4798 -0.8596
vn 0.2301 0.9731 0.0083
vn 0.0546 0.4931 0.8683
vn -0.2336 -0.8374 0.4942
vn -0.1750 -0.4800 0.8596
vn -0.2299 -0.9732 -0.0083
vn -0.0546 -0.4931 -0.8683
vn 0.3634 0.7974 -0.4818
vn 0.2918 0.4446 -0.8469
vn 0.3381 0.9409 0.0206
vn 0.0466 0.4965 0.8668
vn -0.3638 -0.8031 0.4719
vn -0.2915 -0.4447 0.8469
vn -0.3380 -0.9409 -0.0206
vn -0.0466 -0.4965 -0.8668
vn 0.4966 0.7424 -0.4497
vn 0.4154 0.3916 -0.8210
vn 0.4450 0.8945 0.0424
vn 0.0294 0.5027 0.8640
vn -0.4966 -0.7425 0.4494
vn -0.4154 -0.3917 0.8210
vn -0.4449 -0.8945 -0.0424
vn -0.0294 -0.5027 -0.8640
vn 0.6182 0.6682 -0.4140
vn 0.3048 -0.0907 -0.9481
vn 0.5437 0.8359 0.0751
vn -0.2824 0.1232 0.9513
vn 0.0174 0.5094 0.8603
vn -0.6181 -0.6728 0.4064
vn -0.5441 -0.8356 -0.0753
vn -0.0167 -0.5100 -0.8600
vn 0.7281 0.5736 -0.3752
vn 0.4105 -0.1886 -0.8921
vn 0.6048 0.7895 0.1044
vn -0.4020 0.1980 0.8940
vn -0.0487 0.5619 0.8258
vn -0.7256 -0.6013 0.3346
vn -0.6052 -0.7892 -0.1046
vn 0.0496 -0.5626 -0.8252
vn 0.7814 0.1127 -0.6138
vn 0.5441 -0.3141 -0.7780
vn 0.6234 0.7726 0.1199
vn -0.5405 0.3185 0.7788
vn -0.1577 0.6605 0.7341
vn -0.7813 -0.1128 0.6139
vn -0.6234 -0.7726 -0.1198
vn 0.1578 -0.6605 -0.7340
vn 0.8820 0.0054 -0.4711
vn 0.6540 -0.4254 -0.6255
vn 0.6384 0.7563 0.1432
vn -0.6451 0.4372 0.6266
vn -0.2433 0.7516 0.6131
vn -0.8826 -0.0048 0.4702
vn -0.6384 -0.7563 -0.1432
vn 0.2428 -0.7511 -0.6139
vn 0.9182 -0.0422 -0.3939
vn 0.6868 -0.4785 -0.5471
vn 0.6474 0.7452 0.1602
vn -0.6874 0.4784 0.5465
vn -0.2723 0.7869 0.5537
vn -0.9184 0.0425 0.3933
vn -0.6474 -0.7451 -0.1602
vn 0.2721 -0.7867 -0.5541
vn 0.9172 -0.0405 -0.3964
vn 0.6828 -0.4803 -0.5505
vn 0.6470 0.7456 0.1596
vn -0.6886 0.4730 0.5497
vn -0.2708 0.7855 0.5565
vn -0.9169 0.0401 0.3971
vn -0.6469 -0.7457 -0.1595
vn 0.2709 -0.7857 -0.5561
vt 1.000000 0.000000
vt 0.600000 0.000000
vt 0.800000 0.000000
vt 0.000000 0.000000
vt 0.400000 0.000000
vt 0.200000 0.000000
vt 0.000000 1.000000
vt 0.066667 1.000000
vt 0.066667 0.833333
vt 0.000000 0.833333
vt 0.000000 0.166667
vt 0.066667 0.166667
vt 0.066667 0.000000
vt 0.000000 0.333333
vt 0.066667 0.333333
vt 0.000000 0.500000
vt 0.066667 0.500000
vt 0.000000 0.666667
vt 0.066667 0.666667
vt 0.133333 1.000000
vt 0.133333 0.833333
vt 0.133333 0.166667
vt 0.133333 0.000000
vt 0.133333 0.333333
vt 0.133333 0.500000
vt 0.133333 0.666667
vt 0.200000 1.000000
vt 0.200000 0.833333
vt 0.200000 0.166667
vt 0.200000 0.333333
vt 0.200000 0.500000
vt 0.200000 0.666667
vt 0.266667 1.000000
vt 0.266667 0.833333
vt 0.266667 0.166667
vt 0.266667 0.000000
vt 0.266667 0.333333
vt 0.266667 0.500000
vt 0.266667 0.666667
vt 0.333333 1.000000
vt 0.333333 0.833333
vt 0.333333 0.166667
vt 0.333333 0.000000
vt 0.333333 0.333333
vt 0.333333 0.500000
vt 0.333333 0.666667
vt 0.400000 1.000000
vt 0.400000 0.833333
vt 0.400000 0.166667
vt 0.400000 0.333333
vt 0.400000 0.500000
vt 0.400000 0.666667
vt 0.466667 1.000000
vt 0.466667 0.833333
vt 0.466667 0.166667
vt 0.466667 0.000000
vt 0.466667 0.333333
vt 0.466667 0.500000
vt 0.466667 0.666667
vt 0.533333 1.000000
vt 0.533333 0.833333
vt 0.533333 0.166667
vt 0.533333 0.000000
vt 0.533333 0.333333
vt 0.533333 0.500000
vt 0.533333 0.666667
vt 0.600000 1.000000
vt 0.600000 0.833333
vt 0.600000 0.166667
vt 0.600000 0.333333
vt 0.600000 0.500000
vt 0.600000 0.666667
vt 0.666667 1.000000
vt 0.666667 0.833333
vt 0.666667 0.166667
vt 0.666667 0.000000
vt 0.666667 0.333333
vt 0.666667 0.500000
vt 0.666667 0.666667
vt 0.733333 1.000000
vt 0.733333 0.833333
vt 0.733333 0.166667
vt 0.733333 0.000000
vt 0.733333 0.333333
vt 0.733333 0.500000
vt 0.733333 0.666667
vt 0.800000 1.000000
vt 0.800000 0.833333
vt 0.800000 0.166667
vt 0.800000 0.333333
vt 0.800000 0.500000
vt 0.800000 0.666667
vt 0.866667 1.000000
vt 0.866667 0.833333
vt 0.866667 0.166667
vt 0.866667 0.000000
vt 0.866667 0.333333
vt 0.866667 0.500000
vt 0.866667 0.666667
vt 0.933333 1.000000
vt 0.933333 0.833333
vt 0.933333 0.166667
vt 0.933333 0.000000
vt 0.933333 0.333333
vt 0.933333 0.500000
vt 0.933333 0.666667
vt 1.000000 1.000000
vt 1.000000 0.833333
vt 1.000000 0.166667
vt 1.000000 0.333333
vt 1.000000 0.500000
vt 1.000000 0.666667
s 1
usemtl Glow_|_violet_neon
f 3394/3272/4064 3392/3273/4064 3393/3274/4064
f 3389/3275/4064 3392/3273/4064 3394/3272/4064
f 3389/3275/4064 3391/3276/4064 3392/3273/4064
f 3390/3277/4064 3391/3276/4064 3389/3275/4064
f 3397/3276/4065 3399/3274/4065 3398/3273/4065
f 3397/3276/4065 3400/3272/4065 3399/3274/4065
f 3396/3277/4065 3400/3272/4065 3397/3276/4065
f 3396/3277/4065 3395/3275/4065 3400/3272/4065
f 3395/3278/4066 3401/3279/4067 3406/3280/4068 3400/3281/4069
f 3396/3282/4070 3402/3283/4071 3401/3284/4067 3395/3275/4066
f 3397/3285/4072 3403/3286/4073 3402/3283/4071 3396/3282/4074
f 3398/3287/4075 3404/3288/4076 3403/3286/4073 3397/3285/4072
f 3399/3289/4077 3405/3290/4078 3404/3288/4076 3398/3287/4079
f 3400/3281/4080 3406/3280/4068 3405/3290/4078 3399/3289/4077
f 3401/3279/4067 3407/3291/4081 3412/3292/4082 3406/3280/4068
f 3402/3283/4071 3408/3293/4083 3407/3294/4081 3401/3284/4067
f 3403/3286/4073 3409/3295/4084 3408/3293/4083 3402/3283/4071
f 3404/3288/4076 3410/3296/4085 3409/3295/4086 3403/3286/4073
f 3405/3290/4078 3411/3297/4087 3410/3296/4085 3404/3288/4076
f 3406/3280/4068 3412/3292/4082 3411/3297/4088 3405/3290/4078
f 3407/3291/4081 3413/3298/4089 3418/3299/4090 3412/3292/4082
f 3408/3293/4083 3414/3300/4091 3413/3277/4089 3407/3294/4081
f 3409/3295/4084 3415/3301/4092 3414/3300/4092 3408/3293/4083
f 3410/3296/4085 3416/3302/4093 3415/3301/4094 3409/3295/4086
f 3411/3297/4087 3417/3303/4095 3416/3302/4093 3410/3296/4085
f 3412/3292/4082 3418/3299/4096 3417/3303/4096 3411/3297/4088
f 3413/3298/4089 3419/3304/4097 3424/3305/4098 3418/3299/4090
f 3414/3300/4091 3420/3306/4099 3419/3307/4097 3413/3277/4089
f 3415/3301/4092 3421/3308/4100 3420/3306/4100 3414/3300/4092
f 3416/3302/4093 3422/3309/4101 3421/3308/4102 3415/3301/4094
f 3417/3303/4095 3423/3310/4103 3422/3309/4101 3416/3302/4093
f 3418/3299/4096 3424/3305/4104 3423/3310/4104 3417/3303/4096
f 3419/3304/4097 3425/3311/4105 3430/3312/4106 3424/3305/4098
f 3420/3306/4099 3426/3313/4107 3425/3314/4105 3419/3307/4097
f 3421/3308/4100 3427/3315/4108 3426/3313/4108 3420/3306/4100
f 3422/3309/4101 3428/3316/4109 3427/3315/4110 3421/3308/4102
f 3423/3310/4103 3429/3317/4111 3428/3316/4109 3422/3309/4101
f 3424/3305/4104 3430/3312/4112 3429/3317/4112 3423/3310/4104
f 3425/3311/4105 3431/3318/4113 3436/3319/4114 3430/3312/4106
f 3426/3313/4107 3432/3320/4115 3431/3276/4113 3425/3314/4105
f 3427/3315/4108 3433/3321/4116 3432/3320/4116 3426/3313/4108
f 3428/3316/4109 3434/3322/4117 3433/3321/4118 3427/3315/4110
f 3429/3317/4111 3435/3323/4119 3434/3322/4117 3428/3316/4109
f 3430/3312/4112 3436/3319/4120 3435/3323/4120 3429/3317/4112
f 3431/3318/4113 3437/3324/4121 3442/3325/4122 3436/3319/4114
f 3432/3320/4115 3438/3326/4123 3437/3327/4121 3431/3276/4113
f 3433/3321/4116 3439/3328/4124 3438/3326/4124 3432/3320/4116
f 3434/3322/4117 3440/3329/4125 3439/3328/4126 3433/3321/4118
f 3435/3323/4119 3441/3330/4127 3440/3329/4125 3434/3322/4117
f 3436/3319/4120 3442/3325/4128 3441/3330/4128 3435/3323/4120
f 3437/3324/4121 3443/3331/4129 3448/3332/4130 3442/3325/4122
f 3438/3326/4123 3444/3333/4131 3443/3334/4129 3437/3327/4121
f 3439/3328/4124 3445/3335/4132 3444/3333/4132 3438/3326/4124
f 3440/3329/4125 3446/3336/4133 3445/3335/4134 3439/3328/4126
f 3441/3330/4127 3447/3337/4135 3446/3336/4133 3440/3329/4125
f 3442/3325/4128 3448/3332/4136 3447/3337/4136 3441/3330/4128
f 3443/3331/4129 3449/3338/4137 3454/3339/4138 3448/3332/4130
f 3444/3333/4131 3450/3340/4139 3449/3273/4137 3443/3334/4129
f 3445/3335/4132 3451/3341/4140 3450/3340/4140 3444/3333/4132
f 3446/3336/4133 3452/3342/4141 3451/3341/4142 3445/3335/4134
f 3447/3337/4135 3453/3343/4143 3452/3342/4141 3446/3336/4133
f 3448/3332/4136 3454/3339/4144 3453/3343/4144 3447/3337/4136
f 3449/3338/4137 3455/3344/4145 3460/3345/4146 3454/3339/4138
f 3450/3340/4139 3456/3346/4147 3455/3347/4145 3449/3273/4137
f 3451/3341/4140 3457/3348/4148 3456/3346/4149 3450/3340/4140
f 3452/3342/4141 3458/3349/4150 3457/3348/4148 3451/3341/4142
f 3453/3343/4143 3459/3350/4151 3458/3349/4150 3452/3342/4141
f 3454/3339/4144 3460/3345/4146 3459/3350/4152 3453/3343/4144
f 3455/3344/4145 3461/3351/4153 3466/3352/4154 3460/3345/4146
f 3456/3346/4147 3462/3353/4155 3461/3354/4153 3455/3347/4145
f 3457/3348/4148 3463/3355/4156 3462/3353/4157 3456/3346/4149
f 3458/3349/4150 3464/3356/4158 3463/3355/4156 3457/3348/4148
f 3459/3350/4151 3465/3357/4159 3464/3356/4158 3458/3349/4150
f 3460/3345/4146 3466/3352/4154 3465/3357/4160 3459/3350/4152
f 3461/3351/4153 3467/3358/4161 3472/3359/4162 3466/3352/4154
f 3462/3353/4155 3468/3360/4163 3467/3274/4163 3461/3354/4153
f 3463/3355/4156 3469/3361/4164 3468/3360/4165 3462/3353/4157
f 3464/3356/4158 3470/3362/4166 3469/3361/4164 3463/3355/4156
f 3465/3357/4159 3471/3363/4167 3470/3362/4167 3464/3356/4158
f 3466/3352/4154 3472/3359/4162 3471/3363/4168 3465/3357/4160
f 3467/3358/4161 3473/3364/4169 3478/3365/4170 3472/3359/4162
f 3468/3360/4163 3474/3366/4171 3473/3367/4171 3467/3274/4163
f 3469/3361/4164 3475/3368/4172 3474/3366/4173 3468/3360/4165
f 3470/3362/4166 3476/3369/4174 3475/3368/4172 3469/3361/4164
f 3471/3363/4167 3477/3370/4175 3476/3369/4175 3470/3362/4167
f 3472/3359/4162 3478/3365/4170 3477/3370/4176 3471/3363/4168
f 3473/3364/4169 3479/3371/4177 3484/3372/4178 3478/3365/4170
f 3474/3366/4171 3480/3373/4179 3479/3374/4179 3473/3367/4171
f 3475/3368/4172 3481/3375/4180 3480/3373/4181 3474/3366/4173
f 3476/3369/4174 3482/3376/4182 3481/3375/4180 3475/3368/4172
f 3477/3370/4175 3483/3377/4183 3482/3376/4183 3476/3369/4175
f 3478/3365/4170 3484/3372/4178 3483/3377/4184 3477/3370/4176
f 3479/3371/4177 3389/3378/4185 3394/3379/4186 3484/3372/4178
f 3480/3373/4179 3390/3380/4187 3389/3272/4187 3479/3374/4179
f 3481/3375/4180 3391/3381/4188 3390/3380/4189 3480/3373/4181
f 3482/3376/4182 3392/3382/4190 3391/3381/4188 3481/3375/4180
f 3483/3377/4183 3393/3383/4191 3392/3382/4191 3482/3376/4183
f 3484/3372/4178 3394/3379/4186 3393/3383/4192 3483/3377/4184
o Receiver_|_right_violet_swoosh
v 0.001734 0.037803 0.021700
v -0.004314 0.038857 0.021700
v -0.009663 0.040377 0.021700
v -0.014733 0.042085 0.021700
v -0.019942 0.043699 0.021700
v -0.014704 0.044380 0.021700
v -0.009586 0.045110 0.021700
v -0.004227 0.045741 0.021700
v 0.001734 0.046127 0.021700
v 0.014196 0.046208 0.021700
v 0.025152 0.045709 0.021700
v 0.036104 0.044899 0.021700
v 0.048555 0.044046 0.021700
v 0.058065 0.043454 0.021700
v 0.066642 0.042845 0.021700
v 0.074846 0.042230 0.021700
v 0.083237 0.041618 0.021700
v 0.074845 0.041194 0.021700
v 0.066639 0.040774 0.021700
v 0.058061 0.040344 0.021700
v 0.048555 0.039884 0.021700
v 0.036086 0.038911 0.021700
v 0.025110 0.037763 0.021700
v 0.014152 0.037155 0.021700
v 0.001734 0.037803 0.019300
v -0.004314 0.038857 0.019300
v -0.009663 0.040377 0.019300
v -0.014733 0.042085 0.019300
v -0.019942 0.043699 0.019300
v -0.014704 0.044380 0.019300
v -0.009586 0.045110 0.019300
v -0.004227 0.045741 0.019300
v 0.001734 0.046127 0.019300
v 0.014196 0.046208 0.019300
v 0.025152 0.045709 0.019300
v 0.036104 0.044899 0.019300
v 0.048555 0.044046 0.019300
v 0.058065 0.043454 0.019300
v 0.066642 0.042845 0.019300
v 0.074846 0.042230 0.019300
v 0.083237 0.041618 0.019300
v 0.074845 0.041194 0.019300
v 0.066639 0.040774 0.019300
v 0.058061 0.040344 0.019300
v 0.048555 0.039884 0.019300
v 0.036086 0.038911 0.019300
v 0.025110 0.037763 0.019300
v 0.014152 0.037155 0.019300
v 0.001702 0.037522 0.019417
v 0.001689 0.037405 0.019700
v 0.001689 0.037405 0.021300
v 0.001702 0.037522 0.021583
v -0.004377 0.038581 0.019417
v -0.004403 0.038466 0.019700
v -0.004403 0.038466 0.021300
v -0.004377 0.038581 0.021583
v -0.009747 0.040107 0.019417
v -0.009782 0.039995 0.019700
v -0.009782 0.039995 0.021300
v -0.009747 0.040107 0.021583
v -0.014820 0.041816 0.019417
v -0.014856 0.041705 0.019700
v -0.014856 0.041705 0.021300
v -0.014820 0.041816 0.021583
v -0.021264 0.043813 0.019417
v -0.021812 0.043860 0.019700
v -0.021812 0.043860 0.021300
v -0.021264 0.043813 0.021583
v -0.014742 0.044660 0.019417
v -0.014758 0.044776 0.019700
v -0.014758 0.044776 0.021300
v -0.014742 0.044660 0.021583
v -0.009623 0.045390 0.019417
v -0.009638 0.045506 0.019700
v -0.009638 0.045506 0.021300
v -0.009623 0.045390 0.021583
v -0.004253 0.046023 0.019417
v -0.004264 0.046140 0.019700
v -0.004264 0.046140 0.021300
v -0.004253 0.046023 0.021583
v 0.001724 0.046410 0.019417
v 0.001720 0.046527 0.019700
v 0.001720 0.046527 0.021300
v 0.001724 0.046410 0.021583
v 0.014201 0.046491 0.019417
v 0.014204 0.046608 0.019700
v 0.014204 0.046608 0.021300
v 0.014201 0.046491 0.021583
v 0.025169 0.045991 0.019417
v 0.025176 0.046108 0.019700
v 0.025176 0.046108 0.021300
v 0.025169 0.045991 0.021583
v 0.036124 0.045181 0.019417
v 0.036133 0.045298 0.019700
v 0.036133 0.045298 0.021300
v 0.036124 0.045181 0.021583
v 0.048573 0.044328 0.019417
v 0.048581 0.044445 0.019700
v 0.048581 0.044445 0.021300
v 0.048573 0.044328 0.021583
v 0.058084 0.043736 0.019417
v 0.058092 0.043853 0.019700
v 0.058092 0.043853 0.021300
v 0.058084 0.043736 0.021583
v 0.066663 0.043127 0.019417
v 0.066672 0.043244 0.019700
v 0.066672 0.043244 0.021300
v 0.066663 0.043127 0.021583
v 0.074867 0.042512 0.019417
v 0.074876 0.042629 0.019700
v 0.074876 0.042629 0.021300
v 0.074867 0.042512 0.021583
v 0.087825 0.041568 0.019417
v 0.089726 0.041547 0.019700
v 0.089726 0.041547 0.021300
v 0.087825 0.041568 0.021583
v 0.074859 0.040911 0.019417
v 0.074865 0.040794 0.019700
v 0.074865 0.040794 0.021300
v 0.074859 0.040911 0.021583
v 0.066653 0.040492 0.019417
v 0.066659 0.040375 0.019700
v 0.066659 0.040375 0.021300
v 0.066653 0.040492 0.021583
v 0.058075 0.040061 0.019417
v 0.058081 0.039944 0.019700
v 0.058081 0.039944 0.021300
v 0.058075 0.040061 0.021583
v 0.048573 0.039602 0.019417
v 0.048580 0.039485 0.019700
v 0.048580 0.039485 0.021300
v 0.048573 0.039602 0.021583
v 0.036112 0.038629 0.019417
v 0.036122 0.038513 0.019700
v 0.036122 0.038513 0.021300
v 0.036112 0.038629 0.021583
v 0.025133 0.037481 0.019417
v 0.025142 0.037364 0.019700
v 0.025142 0.037364 0.021300
v 0.025133 0.037481 0.021583
v 0.014152 0.036872 0.019417
v 0.014152 0.036755 0.019700
v 0.014152 0.036755 0.021300
v 0.014152 0.036872 0.021583
vn -0.0071 0.1984 0.9801
vn 0.0117 0.1964 0.9805
vn 0.0039 0.1981 0.9802
vn -0.0180 0.1973 0.9802
vn -0.0254 0.1949 0.9805
vn 0.0138 0.1943 0.9809
vn -0.0262 0.1926 0.9809
vn 0.0127 0.1943 0.9809
vn -0.0812 0.0070 0.9967
vn 0.0130 0.1952 0.9807
vn -0.0596 -0.1842 0.9811
vn 0.0142 0.1948 0.9807
vn 0.0144 0.1944 0.9808
vn 0.0250 -0.0003 0.9997
vn -0.0587 -0.1890 0.9802
vn 0.0099 -0.1948 0.9808
vn 0.0099 -0.1949 0.9808
vn 0.0096 -0.1950 0.9808
vn -0.0448 -0.1960 0.9796
vn 0.0122 -0.1929 0.9811
vn 0.0176 -0.1927 0.9811
vn 0.0158 -0.1973 0.9802
vn -0.0226 -0.2007 0.9794
vn 0.0003 -0.2012 0.9795
vn -0.0071 0.1984 -0.9801
vn 0.0039 0.1981 -0.9802
vn 0.0117 0.1964 -0.9805
vn -0.0180 0.1973 -0.9802
vn -0.0254 0.1949 -0.9805
vn 0.0138 0.1943 -0.9809
vn -0.0262 0.1926 -0.9809
vn 0.0127 0.1943 -0.9809
vn -0.0812 0.0070 -0.9967
vn 0.0130 0.1952 -0.9807
vn -0.0596 -0.1842 -0.9811
vn 0.0142 0.1948 -0.9807
vn 0.0144 0.1944 -0.9808
vn 0.0250 -0.0003 -0.9997
vn -0.0587 -0.1890 -0.9802
vn 0.0099 -0.1948 -0.9808
vn 0.0099 -0.1949 -0.9808
vn 0.0096 -0.1950 -0.9808
vn -0.0448 -0.1960 -0.9796
vn 0.0122 -0.1929 -0.9811
vn 0.0176 -0.1927 -0.9811
vn 0.0158 -0.1973 -0.9802
vn -0.0226 -0.2007 -0.9794
vn 0.0003 -0.2012 -0.9795
vn -0.0428 -0.3797 -0.9241
vn -0.0852 -0.3726 -0.9241
vn -0.1099 -0.9748 -0.1940
vn -0.2186 -0.9563 -0.1941
vn -0.2058 -0.9005 -0.3831
vn -0.1035 -0.9178 -0.3833
vn -0.1099 -0.9748 0.1940
vn -0.2186 -0.9563 0.1941
vn -0.1035 -0.9178 0.3833
vn -0.2058 -0.9005 0.3831
vn -0.0852 -0.3726 0.9241
vn -0.0428 -0.3797 0.9241
vn -0.1134 -0.3654 -0.9239
vn -0.2908 -0.9368 -0.1946
vn -0.2739 -0.8823 -0.3828
vn -0.2908 -0.9368 0.1946
vn -0.2739 -0.8823 0.3828
vn -0.1134 -0.3654 0.9239
vn -0.1177 -0.3641 -0.9239
vn -0.3017 -0.9332 -0.1954
vn -0.2842 -0.8791 -0.3827
vn -0.3017 -0.9332 0.1954
vn -0.2842 -0.8791 0.3827
vn -0.1177 -0.3641 0.9239
vn -0.1133 -0.3655 -0.9239
vn -0.2946 -0.9508 -0.0963
vn -0.2735 -0.8825 -0.3827
vn -0.2946 -0.9508 0.0963
vn -0.2735 -0.8825 0.3827
vn -0.1133 -0.3655 0.9239
vn -0.0493 0.3795 -0.9239
vn -0.0517 0.3792 -0.9239
vn -0.1282 0.9871 -0.0963
vn -0.1324 0.9718 -0.1952
vn -0.1247 0.9154 -0.3827
vn -0.1190 0.9162 -0.3827
vn -0.1282 0.9871 0.0963
vn -0.1324 0.9718 0.1952
vn -0.1190 0.9162 0.3827
vn -0.1247 0.9154 0.3827
vn -0.0517 0.3792 0.9239
vn -0.0493 0.3795 0.9239
vn -0.0494 0.3795 -0.9239
vn -0.1266 0.9726 -0.1948
vn -0.1193 0.9161 -0.3827
vn -0.1266 0.9726 0.1948
vn -0.1193 0.9161 0.3827
vn -0.0494 0.3795 0.9239
vn -0.0348 0.3810 -0.9239
vn -0.0891 0.9768 -0.1945
vn -0.0839 0.9200 -0.3828
vn -0.0891 0.9768 0.1945
vn -0.0839 0.9200 0.3828
vn -0.0348 0.3810 0.9239
vn -0.0136 0.3823 -0.9239
vn -0.0349 0.9803 -0.1945
vn -0.0329 0.9232 -0.3828
vn -0.0349 0.9803 0.1945
vn -0.0329 0.9232 0.3828
vn -0.0136 0.3823 0.9239
vn 0.0075 0.3825 -0.9239
vn 0.0191 0.9807 -0.1945
vn 0.0180 0.9237 -0.3828
vn 0.0191 0.9807 0.1945
vn 0.0180 0.9237 0.3828
vn 0.0075 0.3825 0.9239
vn 0.0228 0.3820 -0.9239
vn 0.0585 0.9791 -0.1948
vn 0.0551 0.9222 -0.3827
vn 0.0585 0.9791 0.1948
vn 0.0551 0.9222 0.3827
vn 0.0228 0.3820 0.9239
vn 0.0272 0.3817 -0.9239
vn 0.0697 0.9783 -0.1952
vn 0.0656 0.9215 -0.3827
vn 0.0697 0.9783 0.1952
vn 0.0656 0.9215 0.3827
vn 0.0272 0.3817 0.9239
vn 0.0250 0.3819 -0.9239
vn 0.0640 0.9787 -0.1952
vn 0.0603 0.9219 -0.3827
vn 0.0640 0.9787 0.1952
vn 0.0603 0.9219 0.3827
vn 0.0250 0.3819 0.9239
vn 0.0254 0.3818 -0.9239
vn 0.0652 0.9786 -0.1950
vn 0.0614 0.9218 -0.3827
vn 0.0652 0.9786 0.1950
vn 0.0614 0.9218 0.3827
vn 0.0254 0.3818 0.9239
vn 0.0278 0.3817 -0.9239
vn 0.0714 0.9782 -0.1950
vn 0.0672 0.9214 -0.3827
vn 0.0714 0.9782 0.1950
vn 0.0672 0.9214 0.3827
vn 0.0278 0.3817 0.9239
vn 0.0282 0.3816 -0.9239
vn 0.0723 0.9781 -0.1951
vn 0.0681 0.9214 -0.3827
vn 0.0723 0.9781 0.1951
vn 0.0681 0.9214 0.3827
vn 0.0282 0.3816 0.9239
vn 0.0727 0.9967 -0.0356
vn 0.0727 0.9967 0.0356
vn 0.0194 -0.3822 -0.9239
vn 0.0505 -0.9981 -0.0356
vn 0.0498 -0.9795 -0.1951
vn 0.0469 -0.9227 -0.3827
vn 0.0467 -0.9227 -0.3827
vn 0.0505 -0.9981 0.0356
vn 0.0498 -0.9795 0.1951
vn 0.0467 -0.9227 0.3827
vn 0.0469 -0.9227 0.3827
vn 0.0194 -0.3822 0.9239
vn 0.0496 -0.9795 -0.1951
vn 0.0496 -0.9795 0.1951
vn 0.0188 -0.3822 -0.9239
vn 0.0483 -0.9796 -0.1951
vn 0.0455 -0.9228 -0.3827
vn 0.0483 -0.9796 0.1951
vn 0.0455 -0.9228 0.3827
vn 0.0188 -0.3822 0.9239
vn 0.0241 -0.3819 -0.9239
vn 0.0618 -0.9788 -0.1955
vn 0.0582 -0.9220 -0.3827
vn 0.0618 -0.9788 0.1955
vn 0.0583 -0.9220 0.3827
vn 0.0241 -0.3819 0.9239
vn 0.0348 -0.3811 -0.9239
vn 0.0892 -0.9767 -0.1954
vn 0.0840 -0.9200 -0.3827
vn 0.0892 -0.9767 0.1954
vn 0.0840 -0.9200 0.3827
vn 0.0348 -0.3811 0.9239
vn 0.0305 -0.3814 -0.9239
vn 0.0782 -0.9778 -0.1946
vn 0.0737 -0.9209 -0.3828
vn 0.0782 -0.9778 0.1946
vn 0.0737 -0.9209 0.3828
vn 0.0305 -0.3814 0.9239
vn 0.0006 -0.3822 -0.9241
vn 0.0016 -0.9810 -0.1941
vn 0.0015 -0.9237 -0.3831
vn 0.0016 -0.9810 0.1941
vn 0.0015 -0.9237 0.3832
vn 0.0006 -0.3822 0.9241
vt 0.347826 0.000000
vt 0.434783 0.000000
vt 0.391304 0.000000
vt 0.304348 0.000000
vt 0.260870 0.000000
vt 0.478261 0.000000
vt 0.217391 0.000000
vt 0.521739 0.000000
vt 0.173913 0.000000
vt 0.565217 0.000000
vt 0.130435 0.000000
vt 0.608696 0.000000
vt 0.652174 0.000000
vt 0.695652 0.000000
vt 0.086957 0.000000
vt 0.739130 0.000000
vt 0.782609 0.000000
vt 0.826087 0.000000
vt 0.043478 0.000000
vt 0.869565 0.000000
vt 0.913043 0.000000
vt 0.956522 0.000000
vt 0.000000 0.000000
vt 1.000000 0.000000
vt 0.000000 0.200000
vt 0.041667 0.200000
vt 0.041667 0.000000
vt 0.000000 0.400000
vt 0.041667 0.400000
vt 0.000000 0.600000
vt 0.041667 0.600000
vt 0.000000 0.800000
vt 0.041667 0.800000
vt 0.000000 1.000000
vt 0.041667 1.000000
vt 0.083333 0.200000
vt 0.083333 0.000000
vt 0.083333 0.400000
vt 0.083333 0.600000
vt 0.083333 0.800000
vt 0.083333 1.000000
vt 0.125000 0.200000
vt 0.125000 0.000000
vt 0.125000 0.400000
vt 0.125000 0.600000
vt 0.125000 0.800000
vt 0.125000 1.000000
vt 0.166667 0.200000
vt 0.166667 0.000000
vt 0.166667 0.400000
vt 0.166667 0.600000
vt 0.166667 0.800000
vt 0.166667 1.000000
vt 0.208333 0.200000
vt 0.208333 0.000000
vt 0.208333 0.400000
vt 0.208333 0.600000
vt 0.208333 0.800000
vt 0.208333 1.000000
vt 0.250000 0.200000
vt 0.250000 0.000000
vt 0.250000 0.400000
vt 0.250000 0.600000
vt 0.250000 0.800000
vt 0.250000 1.000000
vt 0.291667 0.200000
vt 0.291667 0.000000
vt 0.291667 0.400000
vt 0.291667 0.600000
vt 0.291667 0.800000
vt 0.291667 1.000000
vt 0.333333 0.200000
vt 0.333333 0.000000
vt 0.333333 0.400000
vt 0.333333 0.600000
vt 0.333333 0.800000
vt 0.333333 1.000000
vt 0.375000 0.200000
vt 0.375000 0.000000
vt 0.375000 0.400000
vt 0.375000 0.600000
vt 0.375000 0.800000
vt 0.375000 1.000000
vt 0.416667 0.200000
vt 0.416667 0.000000
vt 0.416667 0.400000
vt 0.416667 0.600000
vt 0.416667 0.800000
vt 0.416667 1.000000
vt 0.458333 0.200000
vt 0.458333 0.000000
vt 0.458333 0.400000
vt 0.458333 0.600000
vt 0.458333 0.800000
vt 0.458333 1.000000
vt 0.500000 0.200000
vt 0.500000 0.000000
vt 0.500000 0.400000
vt 0.500000 0.600000
vt 0.500000 0.800000
vt 0.500000 1.000000
vt 0.541667 0.200000
vt 0.541667 0.000000
vt 0.541667 0.400000
vt 0.541667 0.600000
vt 0.541667 0.800000
vt 0.541667 1.000000
vt 0.583333 0.200000
vt 0.583333 0.000000
vt 0.583333 0.400000
vt 0.583333 0.600000
vt 0.583333 0.800000
vt 0.583333 1.000000
vt 0.625000 0.200000
vt 0.625000 0.000000
vt 0.625000 0.400000
vt 0.625000 0.600000
vt 0.625000 0.800000
vt 0.625000 1.000000
vt 0.666667 0.200000
vt 0.666667 0.000000
vt 0.666667 0.400000
vt 0.666667 0.600000
vt 0.666667 0.800000
vt 0.666667 1.000000
vt 0.708333 0.200000
vt 0.708333 0.000000
vt 0.708333 0.400000
vt 0.708333 0.600000
vt 0.708333 0.800000
vt 0.708333 1.000000
vt 0.750000 0.200000
vt 0.750000 0.000000
vt 0.750000 0.400000
vt 0.750000 0.600000
vt 0.750000 0.800000
vt 0.750000 1.000000
vt 0.791667 0.200000
vt 0.791667 0.000000
vt 0.791667 0.400000
vt 0.791667 0.600000
vt 0.791667 0.800000
vt 0.791667 1.000000
vt 0.833333 0.200000
vt 0.833333 0.000000
vt 0.833333 0.400000
vt 0.833333 0.600000
vt 0.833333 0.800000
vt 0.833333 1.000000
vt 0.875000 0.200000
vt 0.875000 0.000000
vt 0.875000 0.400000
vt 0.875000 0.600000
vt 0.875000 0.800000
vt 0.875000 1.000000
vt 0.916667 0.200000
vt 0.916667 0.000000
vt 0.916667 0.400000
vt 0.916667 0.600000
vt 0.916667 0.800000
vt 0.916667 1.000000
vt 0.958333 0.200000
vt 0.958333 0.000000
vt 0.958333 0.400000
vt 0.958333 0.600000
vt 0.958333 0.800000
vt 0.958333 1.000000
vt 1.000000 0.200000
vt 1.000000 0.400000
vt 1.000000 0.600000
vt 1.000000 0.800000
vt 1.000000 1.000000
s 1
usemtl Chrome_|_violet_anodized
f 3493/3384/4193 3495/3385/4194 3494/3386/4195
f 3492/3387/4196 3495/3385/4194 3493/3384/4193
f 3491/3388/4197 3495/3385/4194 3492/3387/4196
f 3491/3388/4197 3496/3389/4198 3495/3385/4194
f 3490/3390/4199 3496/3389/4198 3491/3388/4197
f 3490/3390/4199 3497/3391/4200 3496/3389/4198
f 3489/3392/4201 3497/3391/4200 3490/3390/4199
f 3489/3392/4201 3498/3393/4202 3497/3391/4200
f 3488/3394/4203 3498/3393/4202 3489/3392/4201
f 3488/3394/4203 3499/3395/4204 3498/3393/4202
f 3488/3394/4203 3500/3396/4205 3499/3395/4204
f 3488/3394/4203 3501/3397/4206 3500/3396/4205
f 3487/3398/4207 3501/3397/4206 3488/3394/4203
f 3487/3398/4207 3502/3399/4208 3501/3397/4206
f 3487/3398/4207 3503/3400/4209 3502/3399/4208
f 3487/3398/4207 3504/3401/4210 3503/3400/4209
f 3486/3402/4211 3504/3401/4210 3487/3398/4207
f 3486/3402/4211 3505/3403/4212 3504/3401/4210
f 3486/3402/4211 3506/3404/4213 3505/3403/4212
f 3486/3402/4211 3507/3405/4214 3506/3404/4213
f 3485/3406/4215 3507/3405/4214 3486/3402/4211
f 3508/3407/4216 3507/3405/4214 3485/3406/4215
f 3517/3384/4217 3518/3386/4218 3519/3385/4219
f 3516/3387/4220 3517/3384/4217 3519/3385/4219
f 3515/3388/4221 3516/3387/4220 3519/3385/4219
f 3515/3388/4221 3519/3385/4219 3520/3389/4222
f 3514/3390/4223 3515/3388/4221 3520/3389/4222
f 3514/3390/4223 3520/3389/4222 3521/3391/4224
f 3513/3392/4225 3514/3390/4223 3521/3391/4224
f 3513/3392/4225 3521/3391/4224 3522/3393/4226
f 3512/3394/4227 3513/3392/4225 3522/3393/4226
f 3512/3394/4227 3522/3393/4226 3523/3395/4228
f 3512/3394/4227 3523/3395/4228 3524/3396/4229
f 3512/3394/4227 3524/3396/4229 3525/3397/4230
f 3511/3398/4231 3512/3394/4227 3525/3397/4230
f 3511/3398/4231 3525/3397/4230 3526/3399/4232
f 3511/3398/4231 3526/3399/4232 3527/3400/4233
f 3511/3398/4231 3527/3400/4233 3528/3401/4234
f 3510/3402/4235 3511/3398/4231 3528/3401/4234
f 3510/3402/4235 3528/3401/4234 3529/3403/4236
f 3510/3402/4235 3529/3403/4236 3530/3404/4237
f 3510/3402/4235 3530/3404/4237 3531/3405/4238
f 3509/3406/4239 3510/3402/4235 3531/3405/4238
f 3532/3407/4240 3509/3406/4239 3531/3405/4238
f 3533/3408/4241 3537/3409/4242 3510/3410/4235 3509/3406/4239
f 3534/3411/4243 3538/3412/4244 3537/3409/4245 3533/3408/4246
f 3535/3413/4247 3539/3414/4248 3538/3412/4244 3534/3411/4243
f 3536/3415/4249 3540/3416/4250 3539/3414/4248 3535/3413/4247
f 3485/3417/4215 3486/3418/4211 3540/3416/4251 3536/3415/4252
f 3537/3409/4242 3541/3419/4253 3511/3420/4231 3510/3410/4235
f 3538/3412/4244 3542/3421/4254 3541/3419/4255 3537/3409/4245
f 3539/3414/4248 3543/3422/4256 3542/3421/4254 3538/3412/4244
f 3540/3416/4250 3544/3423/4257 3543/3422/4256 3539/3414/4248
f 3486/3418/4211 3487/3424/4207 3544/3423/4258 3540/3416/4251
f 3541/3419/4253 3545/3425/4259 3512/3426/4227 3511/3420/4231
f 3542/3421/4254 3546/3427/4260 3545/3425/4261 3541/3419/4255
f 3543/3422/4256 3547/3428/4262 3546/3427/4260 3542/3421/4254
f 3544/3423/4257 3548/3429/4263 3547/3428/4262 3543/3422/4256
f 3487/3424/4207 3488/3430/4203 3548/3429/4264 3544/3423/4258
f 3545/3425/4259 3549/3431/4265 3513/3432/4225 3512/3426/4227
f 3546/3427/4260 3550/3433/4266 3549/3431/4267 3545/3425/4261
f 3547/3428/4262 3551/3434/4268 3550/3433/4266 3546/3427/4260
f 3548/3429/4263 3552/3435/4269 3551/3434/4268 3547/3428/4262
f 3488/3430/4203 3489/3436/4201 3552/3435/4270 3548/3429/4264
f 3549/3431/4271 3553/3437/4272 3514/3438/4223 3513/3432/4225
f 3550/3433/4273 3554/3439/4274 3553/3437/4275 3549/3431/4276
f 3551/3434/4277 3555/3440/4278 3554/3439/4274 3550/3433/4273
f 3552/3435/4279 3556/3441/4280 3555/3440/4278 3551/3434/4277
f 3489/3436/4201 3490/3442/4199 3556/3441/4281 3552/3435/4282
f 3553/3437/4272 3557/3443/4283 3515/3444/4221 3514/3438/4223
f 3554/3439/4274 3558/3445/4284 3557/3443/4285 3553/3437/4275
f 3555/3440/4278 3559/3446/4286 3558/3445/4284 3554/3439/4274
f 3556/3441/4280 3560/3447/4287 3559/3446/4286 3555/3440/4278
f 3490/3442/4199 3491/3448/4197 3560/3447/4288 3556/3441/4281
f 3557/3443/4283 3561/3449/4289 3516/3450/4220 3515/3444/4221
f 3558/3445/4284 3562/3451/4290 3561/3449/4291 3557/3443/4285
f 3559/3446/4286 3563/3452/4292 3562/3451/4290 3558/3445/4284
f 3560/3447/4287 3564/3453/4293 3563/3452/4292 3559/3446/4286
f 3491/3448/4197 3492/3454/4196 3564/3453/4294 3560/3447/4288
f 3561/3449/4289 3565/3455/4295 3517/3456/4217 3516/3450/4220
f 3562/3451/4290 3566/3457/4296 3565/3455/4297 3561/3449/4291
f 3563/3452/4292 3567/3458/4298 3566/3457/4296 3562/3451/4290
f 3564/3453/4293 3568/3459/4299 3567/3458/4298 3563/3452/4292
f 3492/3454/4196 3493/3460/4193 3568/3459/4300 3564/3453/4294
f 3565/3455/4295 3569/3461/4301 3518/3462/4218 3517/3456/4217
f 3566/3457/4296 3570/3463/4302 3569/3461/4303 3565/3455/4297
f 3567/3458/4298 3571/3464/4304 3570/3463/4302 3566/3457/4296
f 3568/3459/4299 3572/3465/4305 3571/3464/4304 3567/3458/4298
f 3493/3460/4193 3494/3466/4195 3572/3465/4306 3568/3459/4300
f 3569/3461/4301 3573/3467/4307 3519/3468/4219 3518/3462/4218
f 3570/3463/4302 3574/3469/4308 3573/3467/4309 3569/3461/4303
f 3571/3464/4304 3575/3470/4310 3574/3469/4308 3570/3463/4302
f 3572/3465/4305 3576/3471/4311 3575/3470/4310 3571/3464/4304
f 3494/3466/4195 3495/3472/4194 3576/3471/4312 3572/3465/4306
f 3573/3467/4307 3577/3473/4313 3520/3474/4222 3519/3468/4219
f 3574/3469/4308 3578/3475/4314 3577/3473/4315 3573/3467/4309
f 3575/3470/4310 3579/3476/4316 3578/3475/4314 3574/3469/4308
f 3576/3471/4311 3580/3477/4317 3579/3476/4316 3575/3470/4310
f 3495/3472/4194 3496/3478/4198 3580/3477/4318 3576/3471/4312
f 3577/3473/4313 3581/3479/4319 3521/3480/4224 3520/3474/4222
f 3578/3475/4314 3582/3481/4320 3581/3479/4321 3577/3473/4315
f 3579/3476/4316 3583/3482/4322 3582/3481/4320 3578/3475/4314
f 3580/3477/4317 3584/3483/4323 3583/3482/4322 3579/3476/4316
f 3496/3478/4198 3497/3484/4200 3584/3483/4324 3580/3477/4318
f 3581/3479/4319 3585/3485/4325 3522/3486/4226 3521/3480/4224
f 3582/3481/4320 3586/3487/4326 3585/3485/4327 3581/3479/4321
f 3583/3482/4322 3587/3488/4328 3586/3487/4326 3582/3481/4320
f 3584/3483/4323 3588/3489/4329 3587/3488/4328 3583/3482/4322
f 3497/3484/4200 3498/3490/4202 3588/3489/4330 3584/3483/4324
f 3585/3485/4325 3589/3491/4331 3523/3492/4228 3522/3486/4226
f 3586/3487/4326 3590/3493/4332 3589/3491/4333 3585/3485/4327
f 3587/3488/4328 3591/3494/4334 3590/3493/4332 3586/3487/4326
f 3588/3489/4329 3592/3495/4335 3591/3494/4334 3587/3488/4328
f 3498/3490/4202 3499/3496/4204 3592/3495/4336 3588/3489/4330
f 3589/3491/4331 3593/3497/4337 3524/3498/4229 3523/3492/4228
f 3590/3493/4332 3594/3499/4338 3593/3497/4339 3589/3491/4333
f 3591/3494/4334 3595/3500/4340 3594/3499/4338 3590/3493/4332
f 3592/3495/4335 3596/3501/4341 3595/3500/4340 3591/3494/4334
f 3499/3496/4204 3500/3502/4205 3596/3501/4342 3592/3495/4336
f 3593/3497/4337 3597/3503/4331 3525/3504/4230 3524/3498/4229
f 3594/3499/4338 3598/3505/4343 3597/3503/4333 3593/3497/4339
f 3595/3500/4340 3599/3506/4344 3598/3505/4343 3594/3499/4338
f 3596/3501/4341 3600/3507/4335 3599/3506/4344 3595/3500/4340
f 3500/3502/4205 3501/3508/4206 3600/3507/4336 3596/3501/4342
f 3597/3503/4345 3601/3509/4345 3526/3510/4232 3525/3504/4230
f 3598/3505/4346 3602/3511/4347 3601/3509/4348 3597/3503/4349
f 3599/3506/4350 3603/3512/4351 3602/3511/4347 3598/3505/4346
f 3600/3507/4352 3604/3513/4353 3603/3512/4351 3599/3506/4350
f 3501/3508/4206 3502/3514/4208 3604/3513/4354 3600/3507/4354
f 3601/3509/4345 3605/3515/4345 3527/3516/4233 3526/3510/4232
f 3602/3511/4347 3606/3517/4355 3605/3515/4349 3601/3509/4348
f 3603/3512/4351 3607/3518/4356 3606/3517/4355 3602/3511/4347
f 3604/3513/4353 3608/3519/4352 3607/3518/4356 3603/3512/4351
f 3502/3514/4208 3503/3520/4209 3608/3519/4354 3604/3513/4354
f 3605/3515/4345 3609/3521/4357 3528/3522/4234 3527/3516/4233
f 3606/3517/4355 3610/3523/4358 3609/3521/4359 3605/3515/4349
f 3607/3518/4356 3611/3524/4360 3610/3523/4358 3606/3517/4355
f 3608/3519/4352 3612/3525/4361 3611/3524/4360 3607/3518/4356
f 3503/3520/4209 3504/3526/4210 3612/3525/4362 3608/3519/4354
f 3609/3521/4357 3613/3527/4363 3529/3528/4236 3528/3522/4234
f 3610/3523/4358 3614/3529/4364 3613/3527/4365 3609/3521/4359
f 3611/3524/4360 3615/3530/4366 3614/3529/4364 3610/3523/4358
f 3612/3525/4361 3616/3531/4367 3615/3530/4366 3611/3524/4360
f 3504/3526/4210 3505/3532/4212 3616/3531/4368 3612/3525/4362
f 3613/3527/4363 3617/3533/4369 3530/3534/4237 3529/3528/4236
f 3614/3529/4364 3618/3535/4370 3617/3533/4371 3613/3527/4365
f 3615/3530/4366 3619/3536/4372 3618/3535/4370 3614/3529/4364
f 3616/3531/4367 3620/3537/4373 3619/3536/4372 3615/3530/4366
f 3505/3532/4212 3506/3538/4213 3620/3537/4374 3616/3531/4368
f 3617/3533/4369 3621/3539/4375 3531/3540/4238 3530/3534/4237
f 3618/3535/4370 3622/3541/4376 3621/3539/4377 3617/3533/4371
f 3619/3536/4372 3623/3542/4378 3622/3541/4376 3618/3535/4370
f 3620/3537/4373 3624/3543/4379 3623/3542/4378 3619/3536/4372
f 3506/3538/4213 3507/3544/4214 3624/3543/4380 3620/3537/4374
f 3621/3539/4375 3625/3545/4381 3532/3546/4240 3531/3540/4238
f 3622/3541/4376 3626/3547/4382 3625/3545/4383 3621/3539/4377
f 3623/3542/4378 3627/3548/4384 3626/3547/4382 3622/3541/4376
f 3624/3543/4379 3628/3549/4385 3627/3548/4384 3623/3542/4378
f 3507/3544/4214 3508/3550/4216 3628/3549/4386 3624/3543/4380
f 3625/3545/4381 3533/3551/4241 3509/3407/4239 3532/3546/4240
f 3626/3547/4382 3534/3552/4243 3533/3551/4246 3625/3545/4383
f 3627/3548/4384 3535/3553/4247 3534/3552/4243 3626/3547/4382
f 3628/3549/4385 3536/3554/4249 3535/3553/4247 3627/3548/4384
f 3508/3550/4216 3485/3555/4215 3536/3554/4252 3628/3549/4386
o Receiver_|_right_eye_ring
v 0.019290 0.043300 0.018500
v 0.018250 0.046500 0.018500
v 0.016273 0.049221 0.018500
v 0.013552 0.051198 0.018500
v 0.010352 0.052238 0.018500
v 0.006989 0.052238 0.018500
v 0.003789 0.051198 0.018500
v 0.001068 0.049221 0.018500
v -0.000909 0.046500 0.018500
v -0.001949 0.043300 0.018500
v -0.001949 0.039937 0.018500
v -0.000909 0.036737 0.018500
v 0.001068 0.034016 0.018500
v 0.003789 0.032039 0.018500
v 0.006989 0.030999 0.018500
v 0.010352 0.030999 0.018500
v 0.013552 0.032039 0.018500
v 0.016273 0.034016 0.018500
v 0.018250 0.036737 0.018500
v 0.019290 0.039937 0.018500
v 0.019290 0.043300 0.022300
v 0.018250 0.046500 0.022300
v 0.016273 0.049221 0.022300
v 0.013552 0.051198 0.022300
v 0.010352 0.052238 0.022300
v 0.006989 0.052238 0.022300
v 0.003789 0.051198 0.022300
v 0.001068 0.049221 0.022300
v -0.000909 0.046500 0.022300
v -0.001949 0.043300 0.022300
v -0.001949 0.039937 0.022300
v -0.000909 0.036737 0.022300
v 0.001068 0.034016 0.022300
v 0.003789 0.032039 0.022300
v 0.006989 0.030999 0.022300
v 0.010352 0.030999 0.022300
v 0.013552 0.032039 0.022300
v 0.016273 0.034016 0.022300
v 0.018250 0.036737 0.022300
v 0.019290 0.039937 0.022300
v 0.017234 0.042975 0.023100
v 0.016396 0.045555 0.023100
v 0.014802 0.047749 0.023100
v 0.012607 0.049344 0.023100
v 0.010027 0.050182 0.023100
v 0.007314 0.050182 0.023100
v 0.004734 0.049344 0.023100
v 0.002540 0.047749 0.023100
v 0.000945 0.045555 0.023100
v 0.000107 0.042975 0.023100
v 0.000107 0.040262 0.023100
v 0.000945 0.037682 0.023100
v 0.002540 0.035488 0.023100
v 0.004734 0.033893 0.023100
v 0.007314 0.033055 0.023100
v 0.010027 0.033055 0.023100
v 0.012607 0.033893 0.023100
v 0.014802 0.035488 0.023100
v 0.016396 0.037682 0.023100
v 0.017234 0.040262 0.023100
v 0.015179 0.042649 0.022100
v 0.014542 0.044610 0.022100
v 0.013330 0.046278 0.022100
v 0.011662 0.047490 0.022100
v 0.009701 0.048127 0.022100
v 0.007640 0.048127 0.022100
v 0.005679 0.047490 0.022100
v 0.004011 0.046278 0.022100
v 0.002799 0.044610 0.022100
v 0.002162 0.042649 0.022100
v 0.002162 0.040588 0.022100
v 0.002799 0.038627 0.022100
v 0.004011 0.036959 0.022100
v 0.005679 0.035747 0.022100
v 0.007640 0.035110 0.022100
v 0.009701 0.035110 0.022100
v 0.011662 0.035747 0.022100
v 0.013330 0.036959 0.022100
v 0.014542 0.038627 0.022100
v 0.015179 0.040588 0.022100
v 0.013809 0.042432 0.024500
v 0.013306 0.043980 0.024500
v 0.012349 0.045297 0.024500
v 0.011032 0.046254 0.024500
v 0.009484 0.046757 0.024500
v 0.007857 0.046757 0.024500
v 0.006309 0.046254 0.024500
v 0.004992 0.045297 0.024500
v 0.004035 0.043980 0.024500
v 0.003532 0.042432 0.024500
v 0.003532 0.040805 0.024500
v 0.004035 0.039257 0.024500
v 0.004992 0.037940 0.024500
v 0.006309 0.036983 0.024500
v 0.007857 0.036480 0.024500
v 0.009484 0.036480 0.024500
v 0.011032 0.036983 0.024500
v 0.012349 0.037940 0.024500
v 0.013306 0.039257 0.024500
v 0.013809 0.040805 0.024500
v 0.011411 0.042053 0.025700
v 0.011143 0.042878 0.025700
v 0.010632 0.043580 0.025700
v 0.009930 0.044091 0.025700
v 0.009105 0.044359 0.025700
v 0.008236 0.044359 0.025700
v 0.007411 0.044091 0.025700
v 0.006709 0.043580 0.025700
v 0.006198 0.042878 0.025700
v 0.005930 0.042053 0.025700
v 0.005930 0.041184 0.025700
v 0.006198 0.040359 0.025700
v 0.006709 0.039657 0.025700
v 0.007411 0.039146 0.025700
v 0.008236 0.038878 0.025700
v 0.009105 0.038878 0.025700
v 0.009930 0.039146 0.025700
v 0.010632 0.039657 0.025700
v 0.011143 0.040359 0.025700
v 0.011411 0.041184 0.025700
v 0.008671 0.041618 0.026100
vn 0.9877 0.1564 -0.0000
vn 0.8910 0.4540 -0.0000
vn 0.7071 0.7071 -0.0000
vn 0.4540 0.8910 -0.0000
vn 0.1564 0.9877 -0.0000
vn -0.1564 0.9877 -0.0000
vn -0.4540 0.8910 -0.0000
vn -0.7071 0.7071 -0.0000
vn -0.8910 0.4540 -0.0000
vn -0.9877 0.1564 -0.0000
vn -0.9877 -0.1564 -0.0000
vn -0.8910 -0.4540 -0.0000
vn -0.7071 -0.7071 -0.0000
vn -0.4540 -0.8910 -0.0000
vn -0.1564 -0.9877 -0.0000
vn 0.1564 -0.9877 -0.0000
vn 0.4540 -0.8910 -0.0000
vn 0.7071 -0.7071 -0.0000
vn 0.8910 -0.4540 -0.0000
vn 0.9877 -0.1564 -0.0000
vn 0.3544 0.0561 0.9334
vn 0.3197 0.1629 0.9334
vn 0.2537 0.2537 0.9334
vn 0.1629 0.3197 0.9334
vn 0.0561 0.3544 0.9334
vn -0.0561 0.3544 0.9334
vn -0.1629 0.3197 0.9334
vn -0.2537 0.2537 0.9334
vn -0.3197 0.1629 0.9334
vn -0.3544 0.0561 0.9334
vn -0.3544 -0.0561 0.9334
vn -0.3197 -0.1629 0.9334
vn -0.2537 -0.2537 0.9334
vn -0.1629 -0.3197 0.9334
vn -0.0561 -0.3544 0.9334
vn 0.0561 -0.3544 0.9334
vn 0.1629 -0.3197 0.9334
vn 0.2537 -0.2537 0.9334
vn 0.3197 -0.1629 0.9334
vn 0.3544 -0.0561 0.9334
vn -0.4278 -0.0678 0.9013
vn -0.3859 -0.1966 0.9013
vn -0.3063 -0.3063 0.9013
vn -0.1966 -0.3859 0.9013
vn -0.0678 -0.4278 0.9013
vn 0.0678 -0.4278 0.9013
vn 0.1966 -0.3859 0.9013
vn 0.3063 -0.3063 0.9013
vn 0.3859 -0.1966 0.9013
vn 0.4278 -0.0678 0.9013
vn 0.4278 0.0678 0.9013
vn 0.3859 0.1966 0.9013
vn 0.3063 0.3063 0.9013
vn 0.1966 0.3859 0.9013
vn 0.0678 0.4278 0.9013
vn -0.0678 0.4278 0.9013
vn -0.1966 0.3859 0.9013
vn -0.3063 0.3063 0.9013
vn -0.3859 0.1966 0.9013
vn -0.4278 0.0678 0.9013
vn 0.8551 0.1354 0.5004
vn 0.7714 0.3931 0.5004
vn 0.6224 0.3171 0.7156
vn 0.6899 0.1093 0.7156
vn 0.6122 0.6122 0.5004
vn 0.4939 0.4939 0.7156
vn 0.3931 0.7714 0.5004
vn 0.3171 0.6224 0.7156
vn 0.1354 0.8551 0.5004
vn 0.1093 0.6899 0.7156
vn -0.1354 0.8551 0.5004
vn -0.1093 0.6899 0.7156
vn -0.3931 0.7714 0.5004
vn -0.3171 0.6224 0.7156
vn -0.6122 0.6122 0.5004
vn -0.4939 0.4939 0.7156
vn -0.7714 0.3931 0.5004
vn -0.6224 0.3171 0.7156
vn -0.8551 0.1354 0.5004
vn -0.6899 0.1093 0.7156
vn -0.8551 -0.1354 0.5004
vn -0.6899 -0.1093 0.7156
vn -0.7714 -0.3931 0.5004
vn -0.6224 -0.3171 0.7156
vn -0.6122 -0.6122 0.5004
vn -0.4939 -0.4939 0.7156
vn -0.3931 -0.7714 0.5004
vn -0.3171 -0.6224 0.7156
vn -0.1354 -0.8551 0.5004
vn -0.1093 -0.6899 0.7156
vn 0.1354 -0.8551 0.5004
vn 0.1093 -0.6899 0.7156
vn 0.3931 -0.7714 0.5004
vn 0.3171 -0.6224 0.7156
vn 0.6122 -0.6122 0.5004
vn 0.4939 -0.4939 0.7156
vn 0.7714 -0.3931 0.5004
vn 0.6224 -0.3171 0.7156
vn 0.8551 -0.1354 0.5004
vn 0.6899 -0.1093 0.7156
vn 0.2769 0.1411 0.9505
vn 0.3070 0.0486 0.9505
vn 0.2198 0.2198 0.9505
vn 0.1411 0.2769 0.9505
vn 0.0486 0.3070 0.9505
vn -0.0486 0.3070 0.9505
vn -0.1411 0.2769 0.9505
vn -0.2198 0.2198 0.9505
vn -0.2769 0.1411 0.9505
vn -0.3070 0.0486 0.9505
vn -0.3070 -0.0486 0.9505
vn -0.2769 -0.1411 0.9505
vn -0.2198 -0.2198 0.9505
vn -0.1411 -0.2769 0.9505
vn -0.0486 -0.3070 0.9505
vn 0.0486 -0.3070 0.9505
vn 0.1411 -0.2769 0.9505
vn 0.2198 -0.2198 0.9505
vn 0.2769 -0.1411 0.9505
vn 0.3070 -0.0486 0.9505
vn -0.0000 -0.0000 1.0000
vn -0.0000 -0.0000 -1.0000
s 1
usemtl Chrome_|_polished_body
f 3629//4387 3630//4388 3650//4388 3649//4387
f 3630//4388 3631//4389 3651//4389 3650//4388
f 3631//4389 3632//4390 3652//4390 3651//4389
f 3632//4390 3633//4391 3653//4391 3652//4390
f 3633//4391 3634//4392 3654//4392 3653//4391
f 3634//4392 3635//4393 3655//4393 3654//4392
f 3635//4393 3636//4394 3656//4394 3655//4393
f 3636//4394 3637//4395 3657//4395 3656//4394
f 3637//4395 3638//4396 3658//4396 3657//4395
f 3638//4396 3639//4397 3659//4397 3658//4396
f 3639//4397 3640//4398 3660//4398 3659//4397
f 3640//4398 3641//4399 3661//4399 3660//4398
f 3641//4399 3642//4400 3662//4400 3661//4399
f 3642//4400 3643//4401 3663//4401 3662//4400
f 3643//4401 3644//4402 3664//4402 3663//4401
f 3644//4402 3645//4403 3665//4403 3664//4402
f 3645//4403 3646//4404 3666//4404 3665//4403
f 3646//4404 3647//4405 3667//4405 3666//4404
f 3647//4405 3648//4406 3668//4406 3667//4405
f 3648//4406 3629//4387 3649//4387 3668//4406
f 3649//4407 3650//4408 3670//4408 3669//4407
f 3650//4408 3651//4409 3671//4409 3670//4408
f 3651//4409 3652//4410 3672//4410 3671//4409
f 3652//4410 3653//4411 3673//4411 3672//4410
f 3653//4411 3654//4412 3674//4412 3673//4411
f 3654//4412 3655//4413 3675//4413 3674//4412
f 3655//4413 3656//4414 3676//4414 3675//4413
f 3656//4414 3657//4415 3677//4415 3676//4414
f 3657//4415 3658//4416 3678//4416 3677//4415
f 3658//4416 3659//4417 3679//4417 3678//4416
f 3659//4417 3660//4418 3680//4418 3679//4417
f 3660//4418 3661//4419 3681//4419 3680//4418
f 3661//4419 3662//4420 3682//4420 3681//4419
f 3662//4420 3663//4421 3683//4421 3682//4420
f 3663//4421 3664//4422 3684//4422 3683//4421
f 3664//4422 3665//4423 3685//4423 3684//4422
f 3665//4423 3666//4424 3686//4424 3685//4423
f 3666//4424 3667//4425 3687//4425 3686//4424
f 3667//4425 3668//4426 3688//4426 3687//4425
f 3668//4426 3649//4407 3669//4407 3688//4426
f 3629//4508 3648//4508 3647//4508 3646//4508 3645//4508 3644//4508 3643//4508 3642//4508 3641//4508 3640//4508 3639//4508 3638//4508 3637//4508 3636//4508 3635//4508 3634//4508 3633//4508 3632//4508 3631//4508 3630//4508
usemtl Glow_|_violet_neon
f 3689//4447 3690//4448 3710//4449 3709//4450
f 3690//4448 3691//4451 3711//4452 3710//4449
f 3691//4451 3692//4453 3712//4454 3711//4452
f 3692//4453 3693//4455 3713//4456 3712//4454
f 3693//4455 3694//4457 3714//4458 3713//4456
f 3694//4457 3695//4459 3715//4460 3714//4458
f 3695//4459 3696//4461 3716//4462 3715//4460
f 3696//4461 3697//4463 3717//4464 3716//4462
f 3697//4463 3698//4465 3718//4466 3717//4464
f 3698//4465 3699//4467 3719//4468 3718//4466
f 3699//4467 3700//4469 3720//4470 3719//4468
f 3700//4469 3701//4471 3721//4472 3720//4470
f 3701//4471 3702//4473 3722//4474 3721//4472
f 3702//4473 3703//4475 3723//4476 3722//4474
f 3703//4475 3704//4477 3724//4478 3723//4476
f 3704//4477 3705//4479 3725//4480 3724//4478
f 3705//4479 3706//4481 3726//4482 3725//4480
f 3706//4481 3707//4483 3727//4484 3726//4482
f 3707//4483 3708//4485 3728//4486 3727//4484
f 3708//4485 3689//4447 3709//4450 3728//4486
f 3709//4450 3710//4449 3730//4487 3729//4488
f 3710//4449 3711//4452 3731//4489 3730//4487
f 3711//4452 3712//4454 3732//4490 3731//4489
f 3712//4454 3713//4456 3733//4491 3732//4490
f 3713//4456 3714//4458 3734//4492 3733//4491
f 3714//4458 3715//4460 3735//4493 3734//4492
f 3715//4460 3716//4462 3736//4494 3735//4493
f 3716//4462 3717//4464 3737//4495 3736//4494
f 3717//4464 3718//4466 3738//4496 3737//4495
f 3718//4466 3719//4468 3739//4497 3738//4496
f 3719//4468 3720//4470 3740//4498 3739//4497
f 3720//4470 3721//4472 3741//4499 3740//4498
f 3721//4472 3722//4474 3742//4500 3741//4499
f 3722//4474 3723//4476 3743//4501 3742//4500
f 3723//4476 3724//4478 3744//4502 3743//4501
f 3724//4478 3725//4480 3745//4503 3744//4502
f 3725//4480 3726//4482 3746//4504 3745//4503
f 3726//4482 3727//4484 3747//4505 3746//4504
f 3727//4484 3728//4486 3748//4506 3747//4505
f 3728//4486 3709//4450 3729//4488 3748//4506
f 3729//4488 3730//4487 3749//4507
f 3730//4487 3731//4489 3749//4507
f 3731//4489 3732//4490 3749//4507
f 3732//4490 3733//4491 3749//4507
f 3733//4491 3734//4492 3749//4507
f 3734//4492 3735//4493 3749//4507
f 3735//4493 3736//4494 3749//4507
f 3736//4494 3737//4495 3749//4507
f 3737//4495 3738//4496 3749//4507
f 3738//4496 3739//4497 3749//4507
f 3739//4497 3740//4498 3749//4507
f 3740//4498 3741//4499 3749//4507
f 3741//4499 3742//4500 3749//4507
f 3742//4500 3743//4501 3749//4507
f 3743//4501 3744//4502 3749//4507
f 3744//4502 3745//4503 3749//4507
f 3745//4503 3746//4504 3749//4507
f 3746//4504 3747//4505 3749//4507
f 3747//4505 3748//4506 3749//4507
f 3748//4506 3729//4488 3749//4507
usemtl Chrome_|_smoked_seams
f 3669//4427 3670//4428 3690//4428 3689//4427
f 3670//4428 3671//4429 3691//4429 3690//4428
f 3671//4429 3672//4430 3692//4430 3691//4429
f 3672//4430 3673//4431 3693//4431 3692//4430
f 3673//4431 3674//4432 3694//4432 3693//4431
f 3674//4432 3675//4433 3695//4433 3694//4432
f 3675//4433 3676//4434 3696//4434 3695//4433
f 3676//4434 3677//4435 3697//4435 3696//4434
f 3677//4435 3678//4436 3698//4436 3697//4435
f 3678//4436 3679//4437 3699//4437 3698//4436
f 3679//4437 3680//4438 3700//4438 3699//4437
f 3680//4438 3681//4439 3701//4439 3700//4438
f 3681//4439 3682//4440 3702//4440 3701//4439
f 3682//4440 3683//4441 3703//4441 3702//4440
f 3683//4441 3684//4442 3704//4442 3703//4441
f 3684//4442 3685//4443 3705//4443 3704//4442
f 3685//4443 3686//4444 3706//4444 3705//4443
f 3686//4444 3687//4445 3707//4445 3706//4444
f 3687//4445 3688//4446 3708//4446 3707//4445
f 3688//4446 3669//4427 3689//4427 3708//4446
o Receiver_|_right_upper_vent_glow
v 0.080636 0.037571 0.019633
v 0.080636 0.037571 0.021367
v 0.080636 0.036069 0.022234
v 0.080636 0.034568 0.021367
v 0.080636 0.034568 0.019633
v 0.080636 0.036069 0.018766
v 0.045954 0.037571 0.019633
v 0.045954 0.037571 0.021367
v 0.045954 0.036069 0.022234
v 0.045954 0.034568 0.021367
v 0.045954 0.034568 0.019633
v 0.045954 0.036069 0.018766
v 0.057954 0.037571 0.019633
v 0.057954 0.037571 0.021367
v 0.057954 0.036069 0.022234
v 0.057954 0.034568 0.021367
v 0.057954 0.034568 0.019633
v 0.057954 0.036069 0.018766
v 0.068635 0.037571 0.019633
v 0.068635 0.037571 0.021367
v 0.068635 0.036069 0.022234
v 0.068635 0.034568 0.021367
v 0.068635 0.034568 0.019633
v 0.068635 0.036069 0.018766
vn 1.0000 -0.0000 -0.0000
vn -1.0000 -0.0000 -0.0000
vn -0.0000 0.5000 -0.8660
vn -0.0000 -0.0000 -1.0000
vn -0.0000 1.0000 -0.0000
vn -0.0000 -0.0000 1.0000
vn -0.0000 0.5000 0.8660
vn -0.0000 -0.8660 0.5000
vn -0.0000 -0.8660 -0.5000
vt 1.000000 0.000000
vt 0.600000 0.000000
vt 0.800000 0.000000
vt 0.400000 0.000000
vt 0.000000 0.000000
vt 0.200000 0.000000
vt 0.000000 1.000000
vt 0.333333 1.000000
vt 0.333333 0.833333
vt 0.000000 0.833333
vt 0.000000 0.166667
vt 0.333333 0.166667
vt 0.333333 0.000000
vt 0.000000 0.333333
vt 0.333333 0.333333
vt 0.000000 0.500000
vt 0.333333 0.500000
vt 0.000000 0.666667
vt 0.333333 0.666667
vt 0.666667 1.000000
vt 0.666667 0.833333
vt 0.666667 0.166667
vt 0.666667 0.000000
vt 0.666667 0.333333
vt 0.666667 0.500000
vt 0.666667 0.666667
vt 1.000000 1.000000
vt 1.000000 0.833333
vt 1.000000 0.166667
vt 1.000000 0.333333
vt 1.000000 0.500000
vt 1.000000 0.666667
s 1
usemtl Glow_|_violet_neon
f 3755/3556/4509 3753/3557/4509 3754/3558/4509
f 3755/3556/4509 3752/3559/4509 3753/3557/4509
f 3750/3560/4509 3752/3559/4509 3755/3556/4509
f 3750/3560/4509 3751/3561/4509 3752/3559/4509
f 3758/3559/4510 3760/3558/4510 3759/3557/4510
f 3758/3559/4510 3761/3556/4510 3760/3558/4510
f 3757/3561/4510 3761/3556/4510 3758/3559/4510
f 3757/3561/4510 3756/3560/4510 3761/3556/4510
f 3756/3562/4511 3762/3563/4511 3767/3564/4512 3761/3565/4512
f 3757/3566/4513 3763/3567/4513 3762/3568/4513 3756/3560/4513
f 3758/3569/4514 3764/3570/4514 3763/3567/4515 3757/3566/4515
f 3759/3571/4516 3765/3572/4516 3764/3570/4514 3758/3569/4514
f 3760/3573/4517 3766/3574/4517 3765/3572/4516 3759/3571/4516
f 3761/3565/4512 3767/3564/4512 3766/3574/4517 3760/3573/4517
f 3762/3563/4511 3768/3575/4511 3773/3576/4512 3767/3564/4512
f 3763/3567/4513 3769/3577/4513 3768/3578/4513 3762/3568/4513
f 3764/3570/4514 3770/3579/4514 3769/3577/4515 3763/3567/4515
f 3765/3572/4516 3771/3580/4516 3770/3579/4514 3764/3570/4514
f 3766/3574/4517 3772/3581/4517 3771/3580/4516 3765/3572/4516
f 3767/3564/4512 3773/3576/4512 3772/3581/4517 3766/3574/4517
f 3768/3575/4511 3750/3582/4511 3755/3583/4512 3773/3576/4512
f 3769/3577/4513 3751/3584/4513 3750/3556/4513 3768/3578/4513
f 3770/3579/4514 3752/3585/4514 3751/3584/4515 3769/3577/4515
f 3771/3580/4516 3753/3586/4516 3752/3585/4514 3770/3579/4514
f 3772/3581/4517 3754/3587/4517 3753/3586/4516 3771/3580/4516
f 3773/3576/4512 3755/3583/4512 3754/3587/4517 3772/3581/4517
o Receiver_|_right_middle_vent_glow
v 0.079769 0.033409 0.019633
v 0.079769 0.033409 0.021367
v 0.079769 0.031908 0.022234
v 0.079769 0.030406 0.021367
v 0.079769 0.030406 0.019633
v 0.079769 0.031908 0.018766
v 0.043699 0.033409 0.019633
v 0.043699 0.033409 0.021367
v 0.043699 0.031908 0.022234
v 0.043699 0.030406 0.021367
v 0.043699 0.030406 0.019633
v 0.043699 0.031908 0.018766
v 0.056180 0.033409 0.019633
v 0.056180 0.033409 0.021367
v 0.056180 0.031908 0.022234
v 0.056180 0.030406 0.021367
v 0.056180 0.030406 0.019633
v 0.056180 0.031908 0.018766
v 0.067288 0.033409 0.019633
v 0.067288 0.033409 0.021367
v 0.067288 0.031908 0.022234
v 0.067288 0.030406 0.021367
v 0.067288 0.030406 0.019633
v 0.067288 0.031908 0.018766
vn 1.0000 -0.0000 -0.0000
vn -1.0000 -0.0000 -0.0000
vn -0.0000 0.5000 -0.8660
vn -0.0000 -0.0000 -1.0000
vn -0.0000 1.0000 -0.0000
vn -0.0000 -0.0000 1.0000
vn -0.0000 0.5000 0.8660
vn -0.0000 -0.8660 0.5000
vn -0.0000 -0.8660 -0.5000
vn -0.0000 -1.0000 -0.0000
vn -0.0000 -0.5000 -0.8660
vt 1.000000 0.000000
vt 0.600000 0.000000
vt 0.800000 0.000000
vt 0.400000 0.000000
vt 0.000000 0.000000
vt 0.200000 0.000000
vt 0.000000 1.000000
vt 0.333333 1.000000
vt 0.333333 0.833333
vt 0.000000 0.833333
vt 0.000000 0.166667
vt 0.333333 0.166667
vt 0.333333 0.000000
vt 0.000000 0.333333
vt 0.333333 0.333333
vt 0.000000 0.500000
vt 0.333333 0.500000
vt 0.000000 0.666667
vt 0.333333 0.666667
vt 0.666667 1.000000
vt 0.666667 0.833333
vt 0.666667 0.166667
vt 0.666667 0.000000
vt 0.666667 0.333333
vt 0.666667 0.500000
vt 0.666667 0.666667
vt 1.000000 1.000000
vt 1.000000 0.833333
vt 1.000000 0.166667
vt 1.000000 0.333333
vt 1.000000 0.500000
vt 1.000000 0.666667
s 1
usemtl Glow_|_violet_neon
f 3779/3588/4518 3777/3589/4518 3778/3590/4518
f 3779/3588/4518 3776/3591/4518 3777/3589/4518
f 3774/3592/4518 3776/3591/4518 3779/3588/4518
f 3774/3592/4518 3775/3593/4518 3776/3591/4518
f 3782/3591/4519 3784/3590/4519 3783/3589/4519
f 3782/3591/4519 3785/3588/4519 3784/3590/4519
f 3781/3593/4519 3785/3588/4519 3782/3591/4519
f 3781/3593/4519 3780/3592/4519 3785/3588/4519
f 3780/3594/4520 3786/3595/4520 3791/3596/4521 3785/3597/4521
f 3781/3598/4522 3787/3599/4522 3786/3600/4522 3780/3592/4522
f 3782/3601/4523 3788/3602/4523 3787/3599/4524 3781/3598/4524
f 3783/3603/4525 3789/3604/4525 3788/3602/4523 3782/3601/4523
f 3784/3605/4526 3790/3606/4526 3789/3604/4525 3783/3603/4525
f 3785/3597/4521 3791/3596/4521 3790/3606/4526 3784/3605/4526
f 3786/3595/4520 3792/3607/4520 3797/3608/4521 3791/3596/4521
f 3787/3599/4522 3793/3609/4522 3792/3610/4522 3786/3600/4522
f 3788/3602/4523 3794/3611/4523 3793/3609/4524 3787/3599/4524
f 3789/3604/4525 3795/3612/4525 3794/3611/4523 3788/3602/4523
f 3790/3606/4526 3796/3613/4526 3795/3612/4525 3789/3604/4525
f 3791/3596/4521 3797/3608/4521 3796/3613/4526 3790/3606/4526
f 3792/3607/4520 3774/3614/4520 3779/3615/4521 3797/3608/4521
f 3793/3609/4522 3775/3616/4522 3774/3588/4522 3792/3610/4522
f 3794/3611/4523 3776/3617/4523 3775/3616/4524 3793/3609/4524
f 3795/3612/4525 3777/3618/4525 3776/3617/4523 3794/3611/4523
f 3796/3613/4526 3778/3619/4527 3777/3618/4525 3795/3612/4525
f 3797/3608/4521 3779/3615/4521 3778/3619/4528 3796/3613/4526
o Receiver_|_right_lower_vent_glow
v 0.080636 0.029247 0.019633
v 0.080636 0.029247 0.021367
v 0.080636 0.027746 0.022234
v 0.080636 0.026244 0.021367
v 0.080636 0.026244 0.019633
v 0.080636 0.027746 0.018766
v 0.046821 0.029247 0.019633
v 0.046821 0.029247 0.021367
v 0.046821 0.027746 0.022234
v 0.046821 0.026244 0.021367
v 0.046821 0.026244 0.019633
v 0.046821 0.027746 0.018766
v 0.058521 0.029247 0.019633
v 0.058521 0.029247 0.021367
v 0.058521 0.027746 0.022234
v 0.058521 0.026244 0.021367
v 0.058521 0.026244 0.019633
v 0.058521 0.027746 0.018766
v 0.068935 0.029247 0.019633
v 0.068935 0.029247 0.021367
v 0.068935 0.027746 0.022234
v 0.068935 0.026244 0.021367
v 0.068935 0.026244 0.019633
v 0.068935 0.027746 0.018766
vn 1.0000 -0.0000 -0.0000
vn -1.0000 -0.0000 -0.0000
vn -0.0000 0.8660 -0.5000
vn -0.0000 -0.0000 -1.0000
vn -0.0000 0.5000 -0.8660
vn -0.0000 0.8660 0.5000
vn -0.0000 -0.0000 1.0000
vn -0.0000 -0.8660 0.5000
vn -0.0000 -0.8660 -0.5000
vn -0.0000 -0.5000 -0.8660
vn -0.0000 0.5000 0.8660
vn -0.0000 -0.5000 0.8660
vt 1.000000 0.000000
vt 0.600000 0.000000
vt 0.800000 0.000000
vt 0.400000 0.000000
vt 0.000000 0.000000
vt 0.200000 0.000000
vt 0.000000 1.000000
vt 0.333333 1.000000
vt 0.333333 0.833333
vt 0.000000 0.833333
vt 0.000000 0.166667
vt 0.333333 0.166667
vt 0.333333 0.000000
vt 0.000000 0.333333
vt 0.333333 0.333333
vt 0.000000 0.500000
vt 0.333333 0.500000
vt 0.000000 0.666667
vt 0.333333 0.666667
vt 0.666667 1.000000
vt 0.666667 0.833333
vt 0.666667 0.166667
vt 0.666667 0.000000
vt 0.666667 0.333333
vt 0.666667 0.500000
vt 0.666667 0.666667
vt 1.000000 1.000000
vt 1.000000 0.833333
vt 1.000000 0.166667
vt 1.000000 0.333333
vt 1.000000 0.500000
vt 1.000000 0.666667
s 1
usemtl Glow_|_violet_neon
f 3803/3620/4529 3801/3621/4529 3802/3622/4529
f 3803/3620/4529 3800/3623/4529 3801/3621/4529
f 3798/3624/4529 3800/3623/4529 3803/3620/4529
f 3798/3624/4529 3799/3625/4529 3800/3623/4529
f 3806/3623/4530 3808/3622/4530 3807/3621/4530
f 3806/3623/4530 3809/3620/4530 3808/3622/4530
f 3805/3625/4530 3809/3620/4530 3806/3623/4530
f 3805/3625/4530 3804/3624/4530 3809/3620/4530
f 3804/3626/4531 3810/3627/4531 3815/3628/4532 3809/3629/4533
f 3805/3630/4534 3811/3631/4534 3810/3632/4531 3804/3624/4531
f 3806/3633/4535 3812/3634/4535 3811/3631/4534 3805/3630/4534
f 3807/3635/4536 3813/3636/4536 3812/3634/4535 3806/3633/4535
f 3808/3637/4537 3814/3638/4537 3813/3636/4536 3807/3635/4536
f 3809/3629/4538 3815/3628/4532 3814/3638/4537 3808/3637/4537
f 3810/3627/4531 3816/3639/4531 3821/3640/4532 3815/3628/4532
f 3811/3631/4534 3817/3641/4534 3816/3642/4531 3810/3632/4531
f 3812/3634/4535 3818/3643/4535 3817/3641/4534 3811/3631/4534
f 3813/3636/4536 3819/3644/4536 3818/3643/4535 3812/3634/4535
f 3814/3638/4537 3820/3645/4537 3819/3644/4536 3813/3636/4536
f 3815/3628/4532 3821/3640/4532 3820/3645/4537 3814/3638/4537
f 3816/3639/4531 3798/3646/4531 3803/3647/4533 3821/3640/4532
f 3817/3641/4534 3799/3648/4534 3798/3620/4531 3816/3642/4531
f 3818/3643/4535 3800/3649/4539 3799/3648/4534 3817/3641/4534
f 3819/3644/4536 3801/3650/4536 3800/3649/4540 3818/3643/4535
f 3820/3645/4537 3802/3651/4537 3801/3650/4536 3819/3644/4536
f 3821/3640/4532 3803/3647/4538 3802/3651/4537 3820/3645/4537
o Grip_|_right_ribbed_panel
v -0.015260 -0.003815 0.017800
v -0.014959 -0.003202 0.017800
v -0.014700 -0.002646 0.017800
v -0.014374 -0.002154 0.017800
v -0.013873 -0.001734 0.017800
v -0.010124 -0.000433 0.017800
v -0.005482 0.000000 0.017800
v -0.000484 0.000087 0.017800
v 0.004335 0.000347 0.017800
v 0.004889 -0.000766 0.017800
v 0.005493 -0.001840 0.017800
v 0.005995 -0.002991 0.017800
v 0.006243 -0.004335 0.017800
v 0.005612 -0.011802 0.017800
v 0.003407 -0.019527 0.017800
v 0.000193 -0.027676 0.017800
v -0.003468 -0.036416 0.017800
v -0.004654 -0.039050 0.017800
v -0.005871 -0.041358 0.017800
v -0.007100 -0.043537 0.017800
v -0.008324 -0.045780 0.017800
v -0.031214 -0.046474 0.017800
v -0.030857 -0.044026 0.017800
v -0.030551 -0.041622 0.017800
v -0.030143 -0.039129 0.017800
v -0.029480 -0.036416 0.017800
v -0.027400 -0.030254 0.017800
v -0.025156 -0.024981 0.017800
v -0.022690 -0.019790 0.017800
v -0.019942 -0.013873 0.017800
v -0.018767 -0.011162 0.017800
v -0.017737 -0.008776 0.017800
v -0.016639 -0.006423 0.017800
v -0.015260 -0.003815 0.014200
v -0.014959 -0.003202 0.014200
v -0.014700 -0.002646 0.014200
v -0.014374 -0.002154 0.014200
v -0.013873 -0.001734 0.014200
v -0.010124 -0.000433 0.014200
v -0.005482 0.000000 0.014200
v -0.000484 0.000087 0.014200
v 0.004335 0.000347 0.014200
v 0.004889 -0.000766 0.014200
v 0.005493 -0.001840 0.014200
v 0.005995 -0.002991 0.014200
v 0.006243 -0.004335 0.014200
v 0.005612 -0.011802 0.014200
v 0.003407 -0.019527 0.014200
v 0.000193 -0.027676 0.014200
v -0.003468 -0.036416 0.014200
v -0.004654 -0.039050 0.014200
v -0.005871 -0.041358 0.014200
v -0.007100 -0.043537 0.014200
v -0.008324 -0.045780 0.014200
v -0.031214 -0.046474 0.014200
v -0.030857 -0.044026 0.014200
v -0.030551 -0.041622 0.014200
v -0.030143 -0.039129 0.014200
v -0.029480 -0.036416 0.014200
v -0.027400 -0.030254 0.014200
v -0.025156 -0.024981 0.014200
v -0.022690 -0.019790 0.014200
v -0.019942 -0.013873 0.014200
v -0.018767 -0.011162 0.014200
v -0.017737 -0.008776 0.014200
v -0.016639 -0.006423 0.014200
v -0.015638 -0.003622 0.014376
v -0.015795 -0.003542 0.014800
v -0.015795 -0.003542 0.017200
v -0.015638 -0.003622 0.017624
v -0.015341 -0.003019 0.014376
v -0.015500 -0.002943 0.014800
v -0.015500 -0.002943 0.017200
v -0.015341 -0.003019 0.017624
v -0.015071 -0.002438 0.014376
v -0.015225 -0.002352 0.014800
v -0.015225 -0.002352 0.017200
v -0.015071 -0.002438 0.017624
v -0.014694 -0.001869 0.014376
v -0.014826 -0.001750 0.014800
v -0.014826 -0.001750 0.017200
v -0.014694 -0.001869 0.017624
v -0.014086 -0.001359 0.014376
v -0.014174 -0.001203 0.014800
v -0.014174 -0.001203 0.017200
v -0.014086 -0.001359 0.017624
v -0.010214 -0.000015 0.014376
v -0.010252 0.000158 0.014800
v -0.010252 0.000158 0.017200
v -0.010214 -0.000015 0.017624
v -0.005506 0.000424 0.014376
v -0.005516 0.000600 0.014800
v -0.005516 0.000600 0.017200
v -0.005506 0.000424 0.017624
v -0.000499 0.000511 0.014376
v -0.000506 0.000687 0.014800
v -0.000506 0.000687 0.017200
v -0.000499 0.000511 0.017624
v 0.004591 0.000785 0.014376
v 0.004697 0.000967 0.014800
v 0.004697 0.000967 0.017200
v 0.004591 0.000785 0.017624
v 0.005264 -0.000567 0.014376
v 0.005419 -0.000485 0.014800
v 0.005419 -0.000485 0.017200
v 0.005264 -0.000567 0.017624
v 0.005873 -0.001651 0.014376
v 0.006031 -0.001572 0.014800
v 0.006031 -0.001572 0.017200
v 0.005873 -0.001651 0.017624
v 0.006404 -0.002866 0.014376
v 0.006573 -0.002815 0.014800
v 0.006573 -0.002815 0.017200
v 0.006404 -0.002866 0.017624
v 0.006670 -0.004314 0.014376
v 0.006847 -0.004306 0.014800
v 0.006847 -0.004306 0.017200
v 0.006670 -0.004314 0.017624
v 0.006031 -0.011879 0.014376
v 0.006205 -0.011911 0.014800
v 0.006205 -0.011911 0.017200
v 0.006031 -0.011879 0.017624
v 0.003810 -0.019663 0.014376
v 0.003976 -0.019720 0.014800
v 0.003976 -0.019720 0.017200
v 0.003810 -0.019663 0.017624
v 0.000586 -0.027836 0.014376
v 0.000749 -0.027902 0.014800
v 0.000749 -0.027902 0.017200
v 0.000586 -0.027836 0.017624
v -0.003079 -0.036585 0.014376
v -0.002918 -0.036655 0.014800
v -0.002918 -0.036655 0.017200
v -0.003079 -0.036585 0.017624
v -0.004272 -0.039236 0.014376
v -0.004114 -0.039313 0.014800
v -0.004114 -0.039313 0.017200
v -0.004272 -0.039236 0.017624
v -0.005498 -0.041562 0.014376
v -0.005344 -0.041646 0.014800
v -0.005344 -0.041646 0.017200
v -0.005498 -0.041562 0.017624
v -0.006729 -0.043743 0.014376
v -0.006576 -0.043828 0.014800
v -0.006576 -0.043828 0.017200
v -0.006729 -0.043743 0.017624
v -0.008068 -0.046197 0.014376
v -0.007962 -0.046370 0.014800
v -0.007962 -0.046370 0.017200
v -0.008068 -0.046197 0.017624
v -0.031707 -0.046913 0.014376
v -0.031911 -0.047095 0.014800
v -0.031911 -0.047095 0.017200
v -0.031707 -0.046913 0.017624
v -0.031277 -0.043968 0.014376
v -0.031451 -0.043945 0.014800
v -0.031451 -0.043945 0.017200
v -0.031277 -0.043968 0.017624
v -0.030971 -0.041561 0.014376
v -0.031145 -0.041535 0.014800
v -0.031145 -0.041535 0.017200
v -0.030971 -0.041561 0.017624
v -0.030559 -0.039044 0.014376
v -0.030731 -0.039009 0.014800
v -0.030731 -0.039009 0.017200
v -0.030559 -0.039044 0.017624
v -0.029888 -0.036298 0.014376
v -0.030056 -0.036249 0.014800
v -0.030056 -0.036249 0.017200
v -0.029888 -0.036298 0.017624
v -0.027796 -0.030102 0.014376
v -0.027961 -0.030040 0.014800
v -0.027961 -0.030040 0.017200
v -0.027796 -0.030102 0.017624
v -0.025543 -0.024807 0.014376
v -0.025704 -0.024735 0.014800
v -0.025704 -0.024735 0.017200
v -0.025543 -0.024807 0.017624
v -0.023074 -0.019610 0.014376
v -0.023233 -0.019535 0.014800
v -0.023233 -0.019535 0.017200
v -0.023074 -0.019610 0.017624
v -0.020329 -0.013699 0.014376
v -0.020490 -0.013627 0.014800
v -0.020490 -0.013627 0.017200
v -0.020329 -0.013699 0.017624
v -0.019157 -0.010994 0.014376
v -0.019318 -0.010924 0.014800
v -0.019318 -0.010924 0.017200
v -0.019157 -0.010994 0.017624
v -0.018124 -0.008602 0.014376
v -0.018285 -0.008530 0.014800
v -0.018285 -0.008530 0.017200
v -0.018124 -0.008602 0.017624
v -0.017019 -0.006234 0.014376
v -0.017177 -0.006156 0.014800
v -0.017177 -0.006156 0.017200
v -0.017019 -0.006234 0.017624
vn -0.0069 0.1928 0.9812
vn 0.1697 0.0898 0.9814
vn 0.1128 0.1935 0.9746
vn -0.0110 0.1992 0.9799
vn -0.0441 0.2033 0.9781
vn -0.1053 0.1857 0.9770
vn 0.1798 0.0895 0.9796
vn -0.1568 0.1400 0.9777
vn 0.1984 0.0607 0.9782
vn -0.1775 0.0994 0.9791
vn -0.1748 0.0837 0.9810
vn 0.2090 0.0102 0.9779
vn -0.1722 0.0879 0.9811
vn -0.1773 0.0882 0.9802
vn 0.2024 -0.0371 0.9786
vn -0.1796 0.0806 0.9804
vn -0.1790 0.0774 0.9808
vn -0.1766 0.0793 0.9811
vn 0.1901 -0.0644 0.9797
vn -0.1761 0.0827 0.9809
vn 0.1819 -0.0740 0.9805
vn -0.1801 0.0811 0.9803
vn -0.1865 0.0710 0.9799
vn 0.1804 -0.0783 0.9805
vn -0.1921 0.0558 0.9798
vn -0.1956 0.0398 0.9799
vn 0.1786 -0.0872 0.9801
vn 0.1727 -0.0943 0.9804
vn -0.1951 0.0284 0.9804
vn 0.1698 -0.0942 0.9810
vn -0.1922 0.0262 0.9810
vn 0.1181 -0.1921 0.9742
vn -0.1482 -0.1321 0.9801
vn -0.0069 0.1928 -0.9812
vn 0.1128 0.1935 -0.9746
vn 0.1697 0.0898 -0.9814
vn -0.0110 0.1992 -0.9799
vn -0.0441 0.2033 -0.9781
vn -0.1053 0.1857 -0.9769
vn 0.1798 0.0895 -0.9796
vn -0.1568 0.1400 -0.9777
vn 0.1984 0.0607 -0.9782
vn -0.1775 0.0994 -0.9791
vn -0.1748 0.0837 -0.9810
vn 0.2090 0.0102 -0.9779
vn -0.1722 0.0879 -0.9811
vn -0.1773 0.0882 -0.9802
vn 0.2024 -0.0371 -0.9786
vn -0.1796 0.0806 -0.9804
vn -0.1790 0.0774 -0.9808
vn -0.1766 0.0793 -0.9811
vn 0.1901 -0.0644 -0.9797
vn -0.1761 0.0827 -0.9809
vn 0.1819 -0.0740 -0.9805
vn -0.1801 0.0811 -0.9803
vn -0.1865 0.0710 -0.9799
vn 0.1804 -0.0783 -0.9805
vn -0.1921 0.0558 -0.9798
vn -0.1956 0.0398 -0.9799
vn 0.1786 -0.0872 -0.9801
vn 0.1727 -0.0943 -0.9804
vn -0.1951 0.0284 -0.9804
vn 0.1698 -0.0942 -0.9810
vn -0.1922 0.0262 -0.9810
vn 0.1181 -0.1921 -0.9742
vn -0.1482 -0.1321 -0.9801
vn -0.3408 0.1739 -0.9239
vn -0.3451 0.1653 -0.9239
vn -0.8736 0.4457 -0.1955
vn -0.8846 0.4236 -0.1953
vn -0.8333 0.3990 -0.3827
vn -0.8229 0.4199 -0.3827
vn -0.8736 0.4457 0.1955
vn -0.8846 0.4236 0.1953
vn -0.8229 0.4199 0.3827
vn -0.8333 0.3990 0.3827
vn -0.3451 0.1653 0.9239
vn -0.3408 0.1739 0.9239
vn -0.3331 0.1865 -0.9243
vn -0.8560 0.4793 -0.1938
vn -0.8058 0.4512 -0.3836
vn -0.8560 0.4793 0.1938
vn -0.8058 0.4512 0.3836
vn -0.3331 0.1865 0.9243
vn -0.2829 0.2526 -0.9253
vn -0.7318 0.6535 -0.1935
vn -0.6880 0.6144 -0.3861
vn -0.7318 0.6535 0.1935
vn -0.6880 0.6144 0.3861
vn -0.2829 0.2526 0.9253
vn -0.1861 0.3282 -0.9261
vn -0.4840 0.8534 -0.1937
vn -0.4547 0.8016 -0.3881
vn -0.4840 0.8534 0.1937
vn -0.4547 0.8016 0.3881
vn -0.1861 0.3282 0.9261
vn -0.0806 0.3717 -0.9249
vn -0.2080 0.9588 -0.1935
vn -0.1956 0.9019 -0.3851
vn -0.2080 0.9588 0.1935
vn -0.1956 0.9019 0.3851
vn -0.0806 0.3717 0.9249
vn -0.0211 0.3819 -0.9240
vn -0.0541 0.9794 -0.1943
vn -0.0510 0.9224 -0.3829
vn -0.0541 0.9794 0.1943
vn -0.0510 0.9224 0.3829
vn -0.0211 0.3819 0.9240
vn -0.0136 0.3824 -0.9239
vn -0.0349 0.9801 -0.1956
vn -0.0329 0.9233 -0.3827
vn -0.0349 0.9801 0.1956
vn -0.0329 0.9233 0.3827
vn -0.0136 0.3824 0.9239
vn 0.1647 0.2826 -0.9450
vn -0.0530 0.9825 -0.1785
vn -0.0498 0.9225 -0.3827
vn -0.0530 0.9825 0.1785
vn -0.0498 0.9225 0.3827
vn 0.1647 0.2826 0.9450
vn 0.3381 0.1790 -0.9239
vn 0.8810 0.4382 -0.1785
vn 0.8666 0.4589 -0.1958
vn 0.8164 0.4323 -0.3828
vn 0.8272 0.4114 -0.3827
vn 0.8810 0.4382 0.1785
vn 0.8666 0.4589 0.1958
vn 0.8272 0.4114 0.3827
vn 0.8164 0.4323 0.3828
vn 0.3381 0.1790 0.9239
vn 0.3422 0.1704 -0.9241
vn 0.8781 0.4373 -0.1941
vn 0.8269 0.4117 -0.3831
vn 0.8781 0.4373 0.1941
vn 0.8269 0.4117 0.3831
vn 0.3422 0.1704 0.9241
vn 0.3639 0.1113 -0.9248
vn 0.9382 0.2869 -0.1935
vn 0.8826 0.2699 -0.3848
vn 0.9382 0.2869 0.1935
vn 0.8826 0.2699 0.3848
vn 0.3639 0.1113 0.9248
vn 0.3793 0.0185 -0.9251
vn 0.9799 0.0479 -0.1935
vn 0.9216 0.0451 -0.3856
vn 0.9799 0.0479 0.1935
vn 0.9216 0.0451 0.3856
vn 0.3793 0.0185 0.9251
vn 0.3749 -0.0687 -0.9245
vn 0.9650 -0.1767 -0.1936
vn 0.9081 -0.1663 -0.3842
vn 0.9650 -0.1767 0.1936
vn 0.9081 -0.1663 0.3842
vn 0.3749 -0.0687 0.9245
vn 0.3621 -0.1227 -0.9240
vn 0.9290 -0.3150 -0.1941
vn 0.8748 -0.2966 -0.3831
vn 0.9290 -0.3150 0.1941
vn 0.8748 -0.2966 0.3831
vn 0.3621 -0.1227 0.9240
vn 0.3545 -0.1441 -0.9239
vn 0.9086 -0.3694 -0.1949
vn 0.8558 -0.3480 -0.3827
vn 0.9086 -0.3694 0.1949
vn 0.8558 -0.3480 0.3827
vn 0.3545 -0.1441 0.9239
vn 0.3510 -0.1525 -0.9239
vn 0.8996 -0.3908 -0.1948
vn 0.8474 -0.3681 -0.3827
vn 0.8996 -0.3908 0.1948
vn 0.8474 -0.3681 0.3827
vn 0.3510 -0.1525 0.9239
vn 0.3438 -0.1678 -0.9239
vn 0.8815 -0.4302 -0.1944
vn 0.8302 -0.4052 -0.3828
vn 0.8815 -0.4302 0.1944
vn 0.8302 -0.4052 0.3828
vn 0.3438 -0.1678 0.9239
vn 0.3359 -0.1833 -0.9239
vn 0.8610 -0.4698 -0.1948
vn 0.8110 -0.4425 -0.3827
vn 0.8610 -0.4698 0.1948
vn 0.8110 -0.4425 0.3827
vn 0.3359 -0.1833 0.9239
vn 0.3346 -0.1857 -0.9239
vn 0.8576 -0.4758 -0.1953
vn 0.8079 -0.4482 -0.3827
vn 0.8576 -0.4758 0.1953
vn 0.8079 -0.4482 0.3827
vn 0.3346 -0.1857 0.9239
vn 0.1770 -0.2881 -0.9411
vn 0.8635 -0.4709 -0.1807
vn 0.8111 -0.4423 -0.3827
vn 0.8635 -0.4709 0.1807
vn 0.8111 -0.4423 0.3827
vn 0.1770 -0.2881 0.9411
vn -0.1920 -0.1712 -0.9664
vn 0.0298 -0.9831 -0.1807
vn 0.0299 -0.9860 -0.1642
vn 0.0280 -0.9235 -0.3827
vn 0.0298 -0.9831 0.1807
vn 0.0299 -0.9860 0.1642
vn 0.0280 -0.9235 0.3827
vn -0.1920 -0.1712 0.9664
vn -0.3792 0.0518 -0.9239
vn -0.9761 0.1423 -0.1642
vn -0.9717 0.1327 -0.1953
vn -0.9154 0.1250 -0.3827
vn -0.9142 0.1333 -0.3827
vn -0.9761 0.1423 0.1642
vn -0.9717 0.1327 0.1953
vn -0.9142 0.1333 0.3827
vn -0.9154 0.1250 0.3827
vn -0.3792 0.0518 0.9239
vn -0.3786 0.0551 -0.9239
vn -0.9707 0.1412 -0.1947
vn -0.9142 0.1330 -0.3827
vn -0.9707 0.1412 0.1947
vn -0.9142 0.1330 0.3827
vn -0.3786 0.0551 0.9239
vn -0.3747 0.0763 -0.9240
vn -0.9612 0.1958 -0.1943
vn -0.9052 0.1844 -0.3829
vn -0.9612 0.1958 0.1943
vn -0.9052 0.1844 0.3829
vn -0.3747 0.0763 0.9240
vn -0.3672 0.1066 -0.9240
vn -0.9420 0.2736 -0.1942
vn -0.8871 0.2576 -0.3830
vn -0.9420 0.2736 0.1942
vn -0.8871 0.2576 0.3830
vn -0.3672 0.1066 0.9240
vn -0.3574 0.1361 -0.9240
vn -0.9167 0.3491 -0.1943
vn -0.8633 0.3288 -0.3829
vn -0.9167 0.3491 0.1943
vn -0.8633 0.3288 0.3829
vn -0.3574 0.1361 0.9240
vn -0.3489 0.1570 -0.9239
vn -0.8945 0.4025 -0.1946
vn -0.8425 0.3791 -0.3828
vn -0.8945 0.4025 0.1946
vn -0.8425 0.3791 0.3828
vn -0.3489 0.1570 0.9239
vn -0.3464 0.1627 -0.9239
vn -0.8877 0.4170 -0.1952
vn -0.8362 0.3928 -0.3827
vn -0.8877 0.4170 0.1952
vn -0.8362 0.3928 0.3827
vn -0.3464 0.1627 0.9239
vn -0.3491 0.1567 -0.9239
vn -0.8947 0.4016 -0.1954
vn -0.8429 0.3783 -0.3827
vn -0.8947 0.4016 0.1954
vn -0.8429 0.3783 0.3827
vn -0.3491 0.1567 0.9239
vn -0.3512 0.1519 -0.9239
vn -0.9002 0.3893 -0.1951
vn -0.8480 0.3667 -0.3827
vn -0.9002 0.3893 0.1951
vn -0.8480 0.3667 0.3827
vn -0.3512 0.1519 0.9239
vn -0.8948 0.4017 -0.1948
vn -0.8428 0.3784 -0.3827
vn -0.8948 0.4017 0.1948
vn -0.8428 0.3784 0.3827
vn -0.3425 0.1704 -0.9239
vn -0.8782 0.4368 -0.1946
vn -0.8272 0.4114 -0.3828
vn -0.8782 0.4368 0.1946
vn -0.8272 0.4114 0.3828
vn -0.3425 0.1704 0.9239
vt 0.218750 0.000000
vt 0.281250 0.000000
vt 0.250000 0.000000
vt 0.187500 0.000000
vt 0.156250 0.000000
vt 0.125000 0.000000
vt 0.312500 0.000000
vt 0.093750 0.000000
vt 0.343750 0.000000
vt 0.062500 0.000000
vt 0.031250 0.000000
vt 0.375000 0.000000
vt 0.000000 0.000000
vt 1.000000 0.000000
vt 0.406250 0.000000
vt 0.968750 0.000000
vt 0.937500 0.000000
vt 0.906250 0.000000
vt 0.437500 0.000000
vt 0.875000 0.000000
vt 0.468750 0.000000
vt 0.843750 0.000000
vt 0.812500 0.000000
vt 0.500000 0.000000
vt 0.781250 0.000000
vt 0.750000 0.000000
vt 0.531250 0.000000
vt 0.562500 0.000000
vt 0.718750 0.000000
vt 0.593750 0.000000
vt 0.687500 0.000000
vt 0.625000 0.000000
vt 0.656250 0.000000
vt 0.000000 0.200000
vt 0.030303 0.200000
vt 0.030303 0.000000
vt 0.000000 0.400000
vt 0.030303 0.400000
vt 0.000000 0.600000
vt 0.030303 0.600000
vt 0.000000 0.800000
vt 0.030303 0.800000
vt 0.000000 1.000000
vt 0.030303 1.000000
vt 0.060606 0.200000
vt 0.060606 0.000000
vt 0.060606 0.400000
vt 0.060606 0.600000
vt 0.060606 0.800000
vt 0.060606 1.000000
vt 0.090909 0.200000
vt 0.090909 0.000000
vt 0.090909 0.400000
vt 0.090909 0.600000
vt 0.090909 0.800000
vt 0.090909 1.000000
vt 0.121212 0.200000
vt 0.121212 0.000000
vt 0.121212 0.400000
vt 0.121212 0.600000
vt 0.121212 0.800000
vt 0.121212 1.000000
vt 0.151515 0.200000
vt 0.151515 0.000000
vt 0.151515 0.400000
vt 0.151515 0.600000
vt 0.151515 0.800000
vt 0.151515 1.000000
vt 0.181818 0.200000
vt 0.181818 0.000000
vt 0.181818 0.400000
vt 0.181818 0.600000
vt 0.181818 0.800000
vt 0.181818 1.000000
vt 0.212121 0.200000
vt 0.212121 0.000000
vt 0.212121 0.400000
vt 0.212121 0.600000
vt 0.212121 0.800000
vt 0.212121 1.000000
vt 0.242424 0.200000
vt 0.242424 0.000000
vt 0.242424 0.400000
vt 0.242424 0.600000
vt 0.242424 0.800000
vt 0.242424 1.000000
vt 0.272727 0.200000
vt 0.272727 0.000000
vt 0.272727 0.400000
vt 0.272727 0.600000
vt 0.272727 0.800000
vt 0.272727 1.000000
vt 0.303030 0.200000
vt 0.303030 0.000000
vt 0.303030 0.400000
vt 0.303030 0.600000
vt 0.303030 0.800000
vt 0.303030 1.000000
vt 0.333333 0.200000
vt 0.333333 0.000000
vt 0.333333 0.400000
vt 0.333333 0.600000
vt 0.333333 0.800000
vt 0.333333 1.000000
vt 0.363636 0.200000
vt 0.363636 0.000000
vt 0.363636 0.400000
vt 0.363636 0.600000
vt 0.363636 0.800000
vt 0.363636 1.000000
vt 0.393939 0.200000
vt 0.393939 0.000000
vt 0.393939 0.400000
vt 0.393939 0.600000
vt 0.393939 0.800000
vt 0.393939 1.000000
vt 0.424242 0.200000
vt 0.424242 0.000000
vt 0.424242 0.400000
vt 0.424242 0.600000
vt 0.424242 0.800000
vt 0.424242 1.000000
vt 0.454545 0.200000
vt 0.454545 0.000000
vt 0.454545 0.400000
vt 0.454545 0.600000
vt 0.454545 0.800000
vt 0.454545 1.000000
vt 0.484848 0.200000
vt 0.484848 0.000000
vt 0.484848 0.400000
vt 0.484848 0.600000
vt 0.484848 0.800000
vt 0.484848 1.000000
vt 0.515152 0.200000
vt 0.515152 0.000000
vt 0.515152 0.400000
vt 0.515152 0.600000
vt 0.515152 0.800000
vt 0.515152 1.000000
vt 0.545455 0.200000
vt 0.545455 0.000000
vt 0.545455 0.400000
vt 0.545455 0.600000
vt 0.545455 0.800000
vt 0.545455 1.000000
vt 0.575758 0.200000
vt 0.575758 0.000000
vt 0.575758 0.400000
vt 0.575758 0.600000
vt 0.575758 0.800000
vt 0.575758 1.000000
vt 0.606061 0.200000
vt 0.606061 0.000000
vt 0.606061 0.400000
vt 0.606061 0.600000
vt 0.606061 0.800000
vt 0.606061 1.000000
vt 0.636364 0.200000
vt 0.636364 0.000000
vt 0.636364 0.400000
vt 0.636364 0.600000
vt 0.636364 0.800000
vt 0.636364 1.000000
vt 0.666667 0.200000
vt 0.666667 0.000000
vt 0.666667 0.400000
vt 0.666667 0.600000
vt 0.666667 0.800000
vt 0.666667 1.000000
vt 0.696970 0.200000
vt 0.696970 0.000000
vt 0.696970 0.400000
vt 0.696970 0.600000
vt 0.696970 0.800000
vt 0.696970 1.000000
vt 0.727273 0.200000
vt 0.727273 0.000000
vt 0.727273 0.400000
vt 0.727273 0.600000
vt 0.727273 0.800000
vt 0.727273 1.000000
vt 0.757576 0.200000
vt 0.757576 0.000000
vt 0.757576 0.400000
vt 0.757576 0.600000
vt 0.757576 0.800000
vt 0.757576 1.000000
vt 0.787879 0.200000
vt 0.787879 0.000000
vt 0.787879 0.400000
vt 0.787879 0.600000
vt 0.787879 0.800000
vt 0.787879 1.000000
vt 0.818182 0.200000
vt 0.818182 0.000000
vt 0.818182 0.400000
vt 0.818182 0.600000
vt 0.818182 0.800000
vt 0.818182 1.000000
vt 0.848485 0.200000
vt 0.848485 0.000000
vt 0.848485 0.400000
vt 0.848485 0.600000
vt 0.848485 0.800000
vt 0.848485 1.000000
vt 0.878788 0.200000
vt 0.878788 0.000000
vt 0.878788 0.400000
vt 0.878788 0.600000
vt 0.878788 0.800000
vt 0.878788 1.000000
vt 0.909091 0.200000
vt 0.909091 0.000000
vt 0.909091 0.400000
vt 0.909091 0.600000
vt 0.909091 0.800000
vt 0.909091 1.000000
vt 0.939394 0.200000
vt 0.939394 0.000000
vt 0.939394 0.400000
vt 0.939394 0.600000
vt 0.939394 0.800000
vt 0.939394 1.000000
vt 0.969697 0.200000
vt 0.969697 0.000000
vt 0.969697 0.400000
vt 0.969697 0.600000
vt 0.969697 0.800000
vt 0.969697 1.000000
vt 1.000000 0.200000
vt 1.000000 0.400000
vt 1.000000 0.600000
vt 1.000000 0.800000
vt 1.000000 1.000000
s 1
usemtl Grip_|_black_ribbed_rubber
f 3829/3652/4541 3831/3653/4542 3830/3654/4543
f 3828/3655/4544 3831/3653/4542 3829/3652/4541
f 3827/3656/4545 3831/3653/4542 3828/3655/4544
f 3826/3657/4546 3831/3653/4542 3827/3656/4545
f 3826/3657/4546 3832/3658/4547 3831/3653/4542
f 3825/3659/4548 3832/3658/4547 3826/3657/4546
f 3825/3659/4548 3833/3660/4549 3832/3658/4547
f 3824/3661/4550 3833/3660/4549 3825/3659/4548
f 3823/3662/4551 3833/3660/4549 3824/3661/4550
f 3823/3662/4551 3834/3663/4552 3833/3660/4549
f 3822/3664/4553 3834/3663/4552 3823/3662/4551
f 3854/3665/4554 3834/3663/4552 3822/3664/4553
f 3854/3665/4554 3835/3666/4555 3834/3663/4552
f 3853/3667/4556 3835/3666/4555 3854/3665/4554
f 3852/3668/4557 3835/3666/4555 3853/3667/4556
f 3851/3669/4558 3835/3666/4555 3852/3668/4557
f 3851/3669/4558 3836/3670/4559 3835/3666/4555
f 3850/3671/4560 3836/3670/4559 3851/3669/4558
f 3850/3671/4560 3837/3672/4561 3836/3670/4559
f 3849/3673/4562 3837/3672/4561 3850/3671/4560
f 3848/3674/4563 3837/3672/4561 3849/3673/4562
f 3848/3674/4563 3838/3675/4564 3837/3672/4561
f 3847/3676/4565 3838/3675/4564 3848/3674/4563
f 3846/3677/4566 3838/3675/4564 3847/3676/4565
f 3846/3677/4566 3839/3678/4567 3838/3675/4564
f 3846/3677/4566 3840/3679/4568 3839/3678/4567
f 3845/3680/4569 3840/3679/4568 3846/3677/4566
f 3845/3680/4569 3841/3681/4570 3840/3679/4568
f 3844/3682/4571 3841/3681/4570 3845/3680/4569
f 3844/3682/4571 3842/3683/4572 3841/3681/4570
f 3843/3684/4573 3842/3683/4572 3844/3682/4571
f 3862/3652/4574 3863/3654/4575 3864/3653/4576
f 3861/3655/4577 3862/3652/4574 3864/3653/4576
f 3860/3656/4578 3861/3655/4577 3864/3653/4576
f 3859/3657/4579 3860/3656/4578 3864/3653/4576
f 3859/3657/4579 3864/3653/4576 3865/3658/4580
f 3858/3659/4581 3859/3657/4579 3865/3658/4580
f 3858/3659/4581 3865/3658/4580 3866/3660/4582
f 3857/3661/4583 3858/3659/4581 3866/3660/4582
f 3856/3662/4584 3857/3661/4583 3866/3660/4582
f 3856/3662/4584 3866/3660/4582 3867/3663/4585
f 3855/3664/4586 3856/3662/4584 3867/3663/4585
f 3887/3665/4587 3855/3664/4586 3867/3663/4585
f 3887/3665/4587 3867/3663/4585 3868/3666/4588
f 3886/3667/4589 3887/3665/4587 3868/3666/4588
f 3885/3668/4590 3886/3667/4589 3868/3666/4588
f 3884/3669/4591 3885/3668/4590 3868/3666/4588
f 3884/3669/4591 3868/3666/4588 3869/3670/4592
f 3883/3671/4593 3884/3669/4591 3869/3670/4592
f 3883/3671/4593 3869/3670/4592 3870/3672/4594
f 3882/3673/4595 3883/3671/4593 3870/3672/4594
f 3881/3674/4596 3882/3673/4595 3870/3672/4594
f 3881/3674/4596 3870/3672/4594 3871/3675/4597
f 3880/3676/4598 3881/3674/4596 3871/3675/4597
f 3879/3677/4599 3880/3676/4598 3871/3675/4597
f 3879/3677/4599 3871/3675/4597 3872/3678/4600
f 3879/3677/4599 3872/3678/4600 3873/3679/4601
f 3878/3680/4602 3879/3677/4599 3873/3679/4601
f 3878/3680/4602 3873/3679/4601 3874/3681/4603
f 3877/3682/4604 3878/3680/4602 3874/3681/4603
f 3877/3682/4604 3874/3681/4603 3875/3683/4605
f 3876/3684/4606 3877/3682/4604 3875/3683/4605
f 3888/3685/4607 3892/3686/4608 3856/3687/4584 3855/3664/4586
f 3889/3688/4609 3893/3689/4610 3892/3686/4611 3888/3685/4612
f 3890/3690/4613 3894/3691/4614 3893/3689/4610 3889/3688/4609
f 3891/3692/4615 3895/3693/4616 3894/3691/4614 3890/3690/4613
f 3822/3694/4553 3823/3695/4551 3895/3693/4617 3891/3692/4618
f 3892/3686/4608 3896/3696/4619 3857/3697/4583 3856/3687/4584
f 3893/3689/4610 3897/3698/4620 3896/3696/4621 3892/3686/4611
f 3894/3691/4614 3898/3699/4622 3897/3698/4620 3893/3689/4610
f 3895/3693/4616 3899/3700/4623 3898/3699/4622 3894/3691/4614
f 3823/3695/4551 3824/3701/4550 3899/3700/4624 3895/3693/4617
f 3896/3696/4619 3900/3702/4625 3858/3703/4581 3857/3697/4583
f 3897/3698/4620 3901/3704/4626 3900/3702/4627 3896/3696/4621
f 3898/3699/4622 3902/3705/4628 3901/3704/4626 3897/3698/4620
f 3899/3700/4623 3903/3706/4629 3902/3705/4628 3898/3699/4622
f 3824/3701/4550 3825/3707/4548 3903/3706/4630 3899/3700/4624
f 3900/3702/4625 3904/3708/4631 3859/3709/4579 3858/3703/4581
f 3901/3704/4626 3905/3710/4632 3904/3708/4633 3900/3702/4627
f 3902/3705/4628 3906/3711/4634 3905/3710/4632 3901/3704/4626
f 3903/3706/4629 3907/3712/4635 3906/3711/4634 3902/3705/4628
f 3825/3707/4548 3826/3713/4546 3907/3712/4636 3903/3706/4630
f 3904/3708/4631 3908/3714/4637 3860/3715/4578 3859/3709/4579
f 3905/3710/4632 3909/3716/4638 3908/3714/4639 3904/3708/4633
f 3906/3711/4634 3910/3717/4640 3909/3716/4638 3905/3710/4632
f 3907/3712/4635 3911/3718/4641 3910/3717/4640 3906/3711/4634
f 3826/3713/4546 3827/3719/4545 3911/3718/4642 3907/3712/4636
f 3908/3714/4637 3912/3720/4643 3861/3721/4577 3860/3715/4578
f 3909/3716/4638 3913/3722/4644 3912/3720/4645 3908/3714/4639
f 3910/3717/4640 3914/3723/4646 3913/3722/4644 3909/3716/4638
f 3911/3718/4641 3915/3724/4647 3914/3723/4646 3910/3717/4640
f 3827/3719/4545 3828/3725/4544 3915/3724/4648 3911/3718/4642
f 3912/3720/4643 3916/3726/4649 3862/3727/4574 3861/3721/4577
f 3913/3722/4644 3917/3728/4650 3916/3726/4651 3912/3720/4645
f 3914/3723/4646 3918/3729/4652 3917/3728/4650 3913/3722/4644
f 3915/3724/4647 3919/3730/4653 3918/3729/4652 3914/3723/4646
f 3828/3725/4544 3829/3731/4541 3919/3730/4654 3915/3724/4648
f 3916/3726/4649 3920/3732/4655 3863/3733/4575 3862/3727/4574
f 3917/3728/4650 3921/3734/4656 3920/3732/4657 3916/3726/4651
f 3918/3729/4652 3922/3735/4658 3921/3734/4656 3917/3728/4650
f 3919/3730/4653 3923/3736/4659 3922/3735/4658 3918/3729/4652
f 3829/3731/4541 3830/3737/4543 3923/3736/4660 3919/3730/4654
f 3920/3732/4655 3924/3738/4661 3864/3739/4576 3863/3733/4575
f 3921/3734/4662 3925/3740/4663 3924/3738/4664 3920/3732/4665
f 3922/3735/4666 3926/3741/4667 3925/3740/4663 3921/3734/4662
f 3923/3736/4668 3927/3742/4669 3926/3741/4667 3922/3735/4666
f 3830/3737/4543 3831/3743/4542 3927/3742/4670 3923/3736/4660
f 3924/3738/4661 3928/3744/4671 3865/3745/4580 3864/3739/4576
f 3925/3740/4663 3929/3746/4672 3928/3744/4673 3924/3738/4664
f 3926/3741/4667 3930/3747/4674 3929/3746/4672 3925/3740/4663
f 3927/3742/4669 3931/3748/4675 3930/3747/4674 3926/3741/4667
f 3831/3743/4542 3832/3749/4547 3931/3748/4676 3927/3742/4670
f 3928/3744/4671 3932/3750/4677 3866/3751/4582 3865/3745/4580
f 3929/3746/4672 3933/3752/4678 3932/3750/4679 3928/3744/4673
f 3930/3747/4674 3934/3753/4680 3933/3752/4678 3929/3746/4672
f 3931/3748/4675 3935/3754/4681 3934/3753/4680 3930/3747/4674
f 3832/3749/4547 3833/3755/4549 3935/3754/4682 3931/3748/4676
f 3932/3750/4677 3936/3756/4683 3867/3757/4585 3866/3751/4582
f 3933/3752/4678 3937/3758/4684 3936/3756/4685 3932/3750/4679
f 3934/3753/4680 3938/3759/4686 3937/3758/4684 3933/3752/4678
f 3935/3754/4681 3939/3760/4687 3938/3759/4686 3934/3753/4680
f 3833/3755/4549 3834/3761/4552 3939/3760/4688 3935/3754/4682
f 3936/3756/4683 3940/3762/4689 3868/3763/4588 3867/3757/4585
f 3937/3758/4684 3941/3764/4690 3940/3762/4691 3936/3756/4685
f 3938/3759/4686 3942/3765/4692 3941/3764/4690 3937/3758/4684
f 3939/3760/4687 3943/3766/4693 3942/3765/4692 3938/3759/4686
f 3834/3761/4552 3835/3767/4555 3943/3766/4694 3939/3760/4688
f 3940/3762/4689 3944/3768/4695 3869/3769/4592 3868/3763/4588
f 3941/3764/4690 3945/3770/4696 3944/3768/4697 3940/3762/4691
f 3942/3765/4692 3946/3771/4698 3945/3770/4696 3941/3764/4690
f 3943/3766/4693 3947/3772/4699 3946/3771/4698 3942/3765/4692
f 3835/3767/4555 3836/3773/4559 3947/3772/4700 3943/3766/4694
f 3944/3768/4695 3948/3774/4701 3870/3775/4594 3869/3769/4592
f 3945/3770/4696 3949/3776/4702 3948/3774/4703 3944/3768/4697
f 3946/3771/4698 3950/3777/4704 3949/3776/4702 3945/3770/4696
f 3947/3772/4699 3951/3778/4705 3950/3777/4704 3946/3771/4698
f 3836/3773/4559 3837/3779/4561 3951/3778/4706 3947/3772/4700
f 3948/3774/4701 3952/3780/4707 3871/3781/4597 3870/3775/4594
f 3949/3776/4702 3953/3782/4708 3952/3780/4709 3948/3774/4703
f 3950/3777/4704 3954/3783/4710 3953/3782/4708 3949/3776/4702
f 3951/3778/4705 3955/3784/4711 3954/3783/4710 3950/3777/4704
f 3837/3779/4561 3838/3785/4564 3955/3784/4712 3951/3778/4706
f 3952/3780/4707 3956/3786/4713 3872/3787/4600 3871/3781/4597
f 3953/3782/4708 3957/3788/4714 3956/3786/4715 3952/3780/4709
f 3954/3783/4710 3958/3789/4716 3957/3788/4714 3953/3782/4708
f 3955/3784/4711 3959/3790/4717 3958/3789/4716 3954/3783/4710
f 3838/3785/4564 3839/3791/4567 3959/3790/4718 3955/3784/4712
f 3956/3786/4713 3960/3792/4719 3873/3793/4601 3872/3787/4600
f 3957/3788/4714 3961/3794/4720 3960/3792/4721 3956/3786/4715
f 3958/3789/4716 3962/3795/4722 3961/3794/4720 3957/3788/4714
f 3959/3790/4717 3963/3796/4723 3962/3795/4722 3958/3789/4716
f 3839/3791/4567 3840/3797/4568 3963/3796/4724 3959/3790/4718
f 3960/3792/4719 3964/3798/4725 3874/3799/4603 3873/3793/4601
f 3961/3794/4720 3965/3800/4726 3964/3798/4727 3960/3792/4721
f 3962/3795/4722 3966/3801/4728 3965/3800/4726 3961/3794/4720
f 3963/3796/4723 3967/3802/4729 3966/3801/4728 3962/3795/4722
f 3840/3797/4568 3841/3803/4570 3967/3802/4730 3963/3796/4724
f 3964/3798/4725 3968/3804/4731 3875/3805/4605 3874/3799/4603
f 3965/3800/4726 3969/3806/4732 3968/3804/4733 3964/3798/4727
f 3966/3801/4728 3970/3807/4734 3969/3806/4732 3965/3800/4726
f 3967/3802/4729 3971/3808/4735 3970/3807/4734 3966/3801/4728
f 3841/3803/4570 3842/3809/4572 3971/3808/4736 3967/3802/4730
f 3968/3804/4731 3972/3810/4737 3876/3811/4606 3875/3805/4605
f 3969/3806/4738 3973/3812/4739 3972/3810/4740 3968/3804/4740
f 3970/3807/4741 3974/3813/4742 3973/3812/4739 3969/3806/4738
f 3971/3808/4743 3975/3814/4743 3974/3813/4742 3970/3807/4741
f 3842/3809/4572 3843/3815/4573 3975/3814/4744 3971/3808/4736
f 3972/3810/4737 3976/3816/4745 3877/3817/4604 3876/3811/4606
f 3973/3812/4746 3977/3818/4747 3976/3816/4748 3972/3810/4749
f 3974/3813/4750 3978/3819/4751 3977/3818/4747 3973/3812/4746
f 3975/3814/4752 3979/3820/4753 3978/3819/4751 3974/3813/4750
f 3843/3815/4573 3844/3821/4571 3979/3820/4754 3975/3814/4744
f 3976/3816/4745 3980/3822/4755 3878/3823/4602 3877/3817/4604
f 3977/3818/4747 3981/3824/4756 3980/3822/4757 3976/3816/4748
f 3978/3819/4751 3982/3825/4758 3981/3824/4756 3977/3818/4747
f 3979/3820/4753 3983/3826/4759 3982/3825/4758 3978/3819/4751
f 3844/3821/4571 3845/3827/4569 3983/3826/4760 3979/3820/4754
f 3980/3822/4755 3984/3828/4761 3879/3829/4599 3878/3823/4602
f 3981/3824/4756 3985/3830/4762 3984/3828/4763 3980/3822/4757
f 3982/3825/4758 3986/3831/4764 3985/3830/4762 3981/3824/4756
f 3983/3826/4759 3987/3832/4765 3986/3831/4764 3982/3825/4758
f 3845/3827/4569 3846/3833/4566 3987/3832/4766 3983/3826/4760
f 3984/3828/4761 3988/3834/4767 3880/3835/4598 3879/3829/4599
f 3985/3830/4762 3989/3836/4768 3988/3834/4769 3984/3828/4763
f 3986/3831/4764 3990/3837/4770 3989/3836/4768 3985/3830/4762
f 3987/3832/4765 3991/3838/4771 3990/3837/4770 3986/3831/4764
f 3846/3833/4566 3847/3839/4565 3991/3838/4772 3987/3832/4766
f 3988/3834/4767 3992/3840/4773 3881/3841/4596 3880/3835/4598
f 3989/3836/4768 3993/3842/4774 3992/3840/4775 3988/3834/4769
f 3990/3837/4770 3994/3843/4776 3993/3842/4774 3989/3836/4768
f 3991/3838/4771 3995/3844/4777 3994/3843/4776 3990/3837/4770
f 3847/3839/4565 3848/3845/4563 3995/3844/4778 3991/3838/4772
f 3992/3840/4773 3996/3846/4779 3882/3847/4595 3881/3841/4596
f 3993/3842/4774 3997/3848/4780 3996/3846/4781 3992/3840/4775
f 3994/3843/4776 3998/3849/4782 3997/3848/4780 3993/3842/4774
f 3995/3844/4777 3999/3850/4783 3998/3849/4782 3994/3843/4776
f 3848/3845/4563 3849/3851/4562 3999/3850/4784 3995/3844/4778
f 3996/3846/4779 4000/3852/4785 3883/3853/4593 3882/3847/4595
f 3997/3848/4780 4001/3854/4786 4000/3852/4787 3996/3846/4781
f 3998/3849/4782 4002/3855/4788 4001/3854/4786 3997/3848/4780
f 3999/3850/4783 4003/3856/4789 4002/3855/4788 3998/3849/4782
f 3849/3851/4562 3850/3857/4560 4003/3856/4790 3999/3850/4784
f 4000/3852/4785 4004/3858/4791 3884/3859/4591 3883/3853/4593
f 4001/3854/4786 4005/3860/4792 4004/3858/4793 4000/3852/4787
f 4002/3855/4788 4006/3861/4794 4005/3860/4792 4001/3854/4786
f 4003/3856/4789 4007/3862/4795 4006/3861/4794 4002/3855/4788
f 3850/3857/4560 3851/3863/4558 4007/3862/4796 4003/3856/4790
f 4004/3858/4791 4008/3864/4797 3885/3865/4590 3884/3859/4591
f 4005/3860/4792 4009/3866/4798 4008/3864/4799 4004/3858/4793
f 4006/3861/4794 4010/3867/4800 4009/3866/4798 4005/3860/4792
f 4007/3862/4795 4011/3868/4801 4010/3867/4800 4006/3861/4794
f 3851/3863/4558 3852/3869/4557 4011/3868/4802 4007/3862/4796
f 4008/3864/4797 4012/3870/4791 3886/3871/4589 3885/3865/4590
f 4009/3866/4798 4013/3872/4803 4012/3870/4804 4008/3864/4799
f 4010/3867/4800 4014/3873/4805 4013/3872/4803 4009/3866/4798
f 4011/3868/4801 4015/3874/4806 4014/3873/4805 4010/3867/4800
f 3852/3869/4557 3853/3875/4556 4015/3874/4796 4011/3868/4802
f 4012/3870/4791 4016/3876/4807 3887/3877/4587 3886/3871/4589
f 4013/3872/4803 4017/3878/4808 4016/3876/4809 4012/3870/4804
f 4014/3873/4805 4018/3879/4810 4017/3878/4808 4013/3872/4803
f 4015/3874/4806 4019/3880/4811 4018/3879/4810 4014/3873/4805
f 3853/3875/4556 3854/3881/4554 4019/3880/4812 4015/3874/4796
f 4016/3876/4807 3888/3882/4607 3855/3665/4586 3887/3877/4587
f 4017/3878/4808 3889/3883/4609 3888/3882/4612 4016/3876/4809
f 4018/3879/4810 3890/3884/4613 3889/3883/4609 4017/3878/4808
f 4019/3880/4811 3891/3885/4615 3890/3884/4613 4018/3879/4810
f 3854/3881/4554 3822/3886/4553 3891/3885/4618 4019/3880/4812
o Grip_|_right_rib_01
v 0.003769 -0.002349 0.016953
v 0.003769 -0.002349 0.017647
v 0.003815 -0.002948 0.017994
v 0.003861 -0.003547 0.017647
v 0.003861 -0.003547 0.016953
v 0.003815 -0.002948 0.016606
v -0.014266 -0.003736 0.016953
v -0.014266 -0.003736 0.017647
v -0.014220 -0.004335 0.017994
v -0.014174 -0.004934 0.017647
v -0.014174 -0.004934 0.016953
v -0.014220 -0.004335 0.016606
v -0.008025 -0.003256 0.016953
v -0.008025 -0.003256 0.017647
v -0.007979 -0.003855 0.017994
v -0.007933 -0.004454 0.017647
v -0.007933 -0.004454 0.016953
v -0.007979 -0.003855 0.016606
v -0.002471 -0.002829 0.016953
v -0.002471 -0.002829 0.017647
v -0.002425 -0.003428 0.017994
v -0.002379 -0.004027 0.017647
v -0.002379 -0.004027 0.016953
v -0.002425 -0.003428 0.016606
vn 0.9971 0.0767 -0.0000
vn -0.9971 -0.0767 -0.0000
vn -0.0383 0.4985 -0.8660
vn -0.0000 -0.0000 -1.0000
vn -0.0767 0.9971 -0.0000
vn -0.0000 -0.0000 1.0000
vn -0.0383 0.4985 0.8660
vn 0.0664 -0.8635 0.5000
vn 0.0664 -0.8635 -0.5000
vn 0.0383 -0.4985 0.8660
vn 0.0767 -0.9971 -0.0000
vn 0.0383 -0.4985 -0.8660
vt 1.000000 0.000000
vt 0.600000 0.000000
vt 0.800000 0.000000
vt 0.400000 0.000000
vt 0.000000 0.000000
vt 0.200000 0.000000
vt 0.000000 1.000000
vt 0.333333 1.000000
vt 0.333333 0.833333
vt 0.000000 0.833333
vt 0.000000 0.166667
vt 0.333333 0.166667
vt 0.333333 0.000000
vt 0.000000 0.333333
vt 0.333333 0.333333
vt 0.000000 0.500000
vt 0.333333 0.500000
vt 0.000000 0.666667
vt 0.333333 0.666667
vt 0.666667 1.000000
vt 0.666667 0.833333
vt 0.666667 0.166667
vt 0.666667 0.000000
vt 0.666667 0.333333
vt 0.666667 0.500000
vt 0.666667 0.666667
vt 1.000000 1.000000
vt 1.000000 0.833333
vt 1.000000 0.166667
vt 1.000000 0.333333
vt 1.000000 0.500000
vt 1.000000 0.666667
s 1
usemtl Chrome_|_smoked_seams
f 4025/3887/4813 4023/3888/4813 4024/3889/4813
f 4025/3887/4813 4022/3890/4813 4023/3888/4813
f 4020/3891/4813 4022/3890/4813 4025/3887/4813
f 4020/3891/4813 4021/3892/4813 4022/3890/4813
f 4028/3890/4814 4030/3889/4814 4029/3888/4814
f 4028/3890/4814 4031/3887/4814 4030/3889/4814
f 4027/3892/4814 4031/3887/4814 4028/3890/4814
f 4027/3892/4814 4026/3891/4814 4031/3887/4814
f 4026/3893/4815 4032/3894/4815 4037/3895/4816 4031/3896/4816
f 4027/3897/4817 4033/3898/4817 4032/3899/4817 4026/3891/4817
f 4028/3900/4818 4034/3901/4818 4033/3898/4819 4027/3897/4819
f 4029/3902/4820 4035/3903/4820 4034/3901/4818 4028/3900/4818
f 4030/3904/4821 4036/3905/4821 4035/3903/4820 4029/3902/4820
f 4031/3896/4816 4037/3895/4816 4036/3905/4821 4030/3904/4821
f 4032/3894/4815 4038/3906/4815 4043/3907/4816 4037/3895/4816
f 4033/3898/4817 4039/3908/4817 4038/3909/4817 4032/3899/4817
f 4034/3901/4818 4040/3910/4818 4039/3908/4819 4033/3898/4819
f 4035/3903/4820 4041/3911/4822 4040/3910/4818 4034/3901/4818
f 4036/3905/4821 4042/3912/4823 4041/3911/4823 4035/3903/4820
f 4037/3895/4816 4043/3907/4816 4042/3912/4824 4036/3905/4821
f 4038/3906/4815 4020/3913/4815 4025/3914/4816 4043/3907/4816
f 4039/3908/4817 4021/3915/4817 4020/3887/4817 4038/3909/4817
f 4040/3910/4818 4022/3916/4818 4021/3915/4819 4039/3908/4819
f 4041/3911/4822 4023/3917/4822 4022/3916/4818 4040/3910/4818
f 4042/3912/4823 4024/3918/4823 4023/3917/4823 4041/3911/4823
f 4043/3907/4816 4025/3914/4816 4024/3918/4824 4042/3912/4824
o Grip_|_right_rib_02
v 0.002972 -0.005673 0.016953
v 0.002972 -0.005673 0.017647
v 0.003017 -0.006272 0.017994
v 0.003062 -0.006871 0.017647
v 0.003062 -0.006871 0.016953
v 0.003017 -0.006272 0.016606
v -0.015494 -0.007060 0.016953
v -0.015494 -0.007060 0.017647
v -0.015449 -0.007659 0.017994
v -0.015404 -0.008258 0.017647
v -0.015404 -0.008258 0.016953
v -0.015449 -0.007659 0.016606
v -0.009105 -0.006580 0.016953
v -0.009105 -0.006580 0.017647
v -0.009060 -0.007179 0.017994
v -0.009015 -0.007778 0.017647
v -0.009015 -0.007778 0.016953
v -0.009060 -0.007179 0.016606
v -0.003417 -0.006153 0.016953
v -0.003417 -0.006153 0.017647
v -0.003372 -0.006752 0.017994
v -0.003327 -0.007351 0.017647
v -0.003327 -0.007351 0.016953
v -0.003372 -0.006752 0.016606
vn 0.9972 0.0749 -0.0000
vn -0.9972 -0.0749 -0.0000
vn -0.0375 0.4986 -0.8660
vn -0.0000 -0.0000 -1.0000
vn -0.0649 0.8636 0.5000
vn -0.0749 0.9972 -0.0000
vn -0.0375 0.4986 0.8660
vn 0.0649 -0.8636 0.5000
vn 0.0375 -0.4986 0.8660
vn 0.0749 -0.9972 -0.0000
vn 0.0375 -0.4986 -0.8660
vn -0.0649 0.8636 -0.5000
vn -0.0000 -0.0000 1.0000
vn 0.0649 -0.8636 -0.5000
vt 1.000000 0.000000
vt 0.600000 0.000000
vt 0.800000 0.000000
vt 0.400000 0.000000
vt 0.000000 0.000000
vt 0.200000 0.000000
vt 0.000000 1.000000
vt 0.333333 1.000000
vt 0.333333 0.833333
vt 0.000000 0.833333
vt 0.000000 0.166667
vt 0.333333 0.166667
vt 0.333333 0.000000
vt 0.000000 0.333333
vt 0.333333 0.333333
vt 0.000000 0.500000
vt 0.333333 0.500000
vt 0.000000 0.666667
vt 0.333333 0.666667
vt 0.666667 1.000000
vt 0.666667 0.833333
vt 0.666667 0.166667
vt 0.666667 0.000000
vt 0.666667 0.333333
vt 0.666667 0.500000
vt 0.666667 0.666667
vt 1.000000 1.000000
vt 1.000000 0.833333
vt 1.000000 0.166667
vt 1.000000 0.333333
vt 1.000000 0.500000
vt 1.000000 0.666667
s 1
usemtl Chrome_|_smoked_seams
f 4049/3919/4825 4047/3920/4825 4048/3921/4825
f 4049/3919/4825 4046/3922/4825 4047/3920/4825
f 4044/3923/4825 4046/3922/4825 4049/3919/4825
f 4044/3923/4825 4045/3924/4825 4046/3922/4825
f 4052/3922/4826 4054/3921/4826 4053/3920/4826
f 4052/3922/4826 4055/3919/4826 4054/3921/4826
f 4051/3924/4826 4055/3919/4826 4052/3922/4826
f 4051/3924/4826 4050/3923/4826 4055/3919/4826
f 4050/3925/4827 4056/3926/4827 4061/3927/4828 4055/3928/4828
f 4051/3929/4829 4057/3930/4829 4056/3931/4830 4050/3923/4830
f 4052/3932/4831 4058/3933/4831 4057/3930/4829 4051/3929/4829
f 4053/3934/4832 4059/3935/4832 4058/3933/4833 4052/3932/4833
f 4054/3936/4834 4060/3937/4834 4059/3935/4832 4053/3934/4832
f 4055/3928/4828 4061/3927/4828 4060/3937/4835 4054/3936/4835
f 4056/3926/4827 4062/3938/4836 4067/3939/4828 4061/3927/4828
f 4057/3930/4829 4063/3940/4829 4062/3941/4836 4056/3931/4830
f 4058/3933/4831 4064/3942/4837 4063/3940/4829 4057/3930/4829
f 4059/3935/4832 4065/3943/4832 4064/3942/4837 4058/3933/4833
f 4060/3937/4834 4066/3944/4838 4065/3943/4832 4059/3935/4832
f 4061/3927/4828 4067/3939/4828 4066/3944/4838 4060/3937/4835
f 4062/3938/4836 4044/3945/4836 4049/3946/4827 4067/3939/4828
f 4063/3940/4829 4045/3947/4830 4044/3919/4836 4062/3941/4836
f 4064/3942/4837 4046/3948/4837 4045/3947/4831 4063/3940/4829
f 4065/3943/4832 4047/3949/4833 4046/3948/4837 4064/3942/4837
f 4066/3944/4838 4048/3950/4838 4047/3949/4834 4065/3943/4832
f 4067/3939/4828 4049/3946/4835 4048/3950/4838 4066/3944/4838
o Grip_|_right_rib_03
v 0.002176 -0.008996 0.016953
v 0.002176 -0.008996 0.017647
v 0.002220 -0.009595 0.017994
v 0.002264 -0.010194 0.017647
v 0.002264 -0.010194 0.016953
v 0.002220 -0.009595 0.016606
v -0.016723 -0.010384 0.016953
v -0.016723 -0.010384 0.017647
v -0.016679 -0.010983 0.017994
v -0.016635 -0.011582 0.017647
v -0.016635 -0.011582 0.016953
v -0.016679 -0.010983 0.016606
v -0.010184 -0.009904 0.016953
v -0.010184 -0.009904 0.017647
v -0.010140 -0.010503 0.017994
v -0.010096 -0.011102 0.017647
v -0.010096 -0.011102 0.016953
v -0.010140 -0.010503 0.016606
v -0.004364 -0.009476 0.016953
v -0.004364 -0.009476 0.017647
v -0.004320 -0.010075 0.017994
v -0.004276 -0.010674 0.017647
v -0.004276 -0.010674 0.016953
v -0.004320 -0.010075 0.016606
vn 0.9973 0.0732 -0.0000
vn -0.9973 -0.0732 -0.0000
vn -0.0634 0.8637 -0.5000
vn -0.0000 -0.0000 -1.0000
vn -0.0366 0.4987 -0.8660
vn -0.0732 0.9973 -0.0000
vn -0.0634 0.8637 0.5000
vn -0.0000 -0.0000 1.0000
vn -0.0366 0.4987 0.8660
vn 0.0366 -0.4987 0.8660
vn 0.0634 -0.8637 -0.5000
vn 0.0732 -0.9973 -0.0000
vn 0.0366 -0.4987 -0.8660
vt 1.000000 0.000000
vt 0.600000 0.000000
vt 0.800000 0.000000
vt 0.400000 0.000000
vt 0.000000 0.000000
vt 0.200000 0.000000
vt 0.000000 1.000000
vt 0.333333 1.000000
vt 0.333333 0.833333
vt 0.000000 0.833333
vt 0.000000 0.166667
vt 0.333333 0.166667
vt 0.333333 0.000000
vt 0.000000 0.333333
vt 0.333333 0.333333
vt 0.000000 0.500000
vt 0.333333 0.500000
vt 0.000000 0.666667
vt 0.333333 0.666667
vt 0.666667 1.000000
vt 0.666667 0.833333
vt 0.666667 0.166667
vt 0.666667 0.000000
vt 0.666667 0.333333
vt 0.666667 0.500000
vt 0.666667 0.666667
vt 1.000000 1.000000
vt 1.000000 0.833333
vt 1.000000 0.166667
vt 1.000000 0.333333
vt 1.000000 0.500000
vt 1.000000 0.666667
s 1
usemtl Chrome_|_smoked_seams
f 4073/3951/4839 4071/3952/4839 4072/3953/4839
f 4073/3951/4839 4070/3954/4839 4071/3952/4839
f 4068/3955/4839 4070/3954/4839 4073/3951/4839
f 4068/3955/4839 4069/3956/4839 4070/3954/4839
f 4076/3954/4840 4078/3953/4840 4077/3952/4840
f 4076/3954/4840 4079/3951/4840 4078/3953/4840
f 4075/3956/4840 4079/3951/4840 4076/3954/4840
f 4075/3956/4840 4074/3955/4840 4079/3951/4840
f 4074/3957/4841 4080/3958/4841 4085/3959/4842 4079/3960/4843
f 4075/3961/4844 4081/3962/4845 4080/3963/4841 4074/3955/4841
f 4076/3964/4846 4082/3965/4846 4081/3962/4845 4075/3961/4847
f 4077/3966/4848 4083/3967/4848 4082/3965/4846 4076/3964/4846
f 4078/3968/4849 4084/3969/4849 4083/3967/4850 4077/3966/4850
f 4079/3960/4851 4085/3959/4842 4084/3969/4849 4078/3968/4849
f 4080/3958/4841 4086/3970/4841 4091/3971/4842 4085/3959/4842
f 4081/3962/4845 4087/3972/4845 4086/3973/4841 4080/3963/4841
f 4082/3965/4846 4088/3974/4846 4087/3972/4845 4081/3962/4845
f 4083/3967/4848 4089/3975/4848 4088/3974/4846 4082/3965/4846
f 4084/3969/4849 4090/3976/4849 4089/3975/4850 4083/3967/4850
f 4085/3959/4842 4091/3971/4842 4090/3976/4849 4084/3969/4849
f 4086/3970/4841 4068/3977/4841 4073/3978/4843 4091/3971/4842
f 4087/3972/4845 4069/3979/4844 4068/3951/4841 4086/3973/4841
f 4088/3974/4846 4070/3980/4846 4069/3979/4847 4087/3972/4845
f 4089/3975/4848 4071/3981/4848 4070/3980/4846 4088/3974/4846
f 4090/3976/4849 4072/3982/4849 4071/3981/4850 4089/3975/4850
f 4091/3971/4842 4073/3978/4851 4072/3982/4849 4090/3976/4849
o Grip_|_right_rib_04
v 0.001379 -0.012320 0.016953
v 0.001379 -0.012320 0.017647
v 0.001422 -0.012919 0.017994
v 0.001465 -0.013518 0.017647
v 0.001465 -0.013518 0.016953
v 0.001422 -0.012919 0.016606
v -0.017952 -0.013707 0.016953
v -0.017952 -0.013707 0.017647
v -0.017909 -0.014306 0.017994
v -0.017866 -0.014906 0.017647
v -0.017866 -0.014906 0.016953
v -0.017909 -0.014306 0.016606
v -0.011263 -0.013227 0.016953
v -0.011263 -0.013227 0.017647
v -0.011220 -0.013826 0.017994
v -0.011177 -0.014426 0.017647
v -0.011177 -0.014426 0.016953
v -0.011220 -0.013826 0.016606
v -0.005310 -0.012800 0.016953
v -0.005310 -0.012800 0.017647
v -0.005267 -0.013399 0.017994
v -0.005224 -0.013998 0.017647
v -0.005224 -0.013998 0.016953
v -0.005267 -0.013399 0.016606
vn 0.9974 0.0716 -0.0000
vn -0.9974 -0.0716 -0.0000
vn -0.0358 0.4987 -0.8660
vn -0.0000 -0.0000 -1.0000
vn -0.0620 0.8638 0.5000
vn -0.0716 0.9974 -0.0000
vn -0.0358 0.4987 0.8660
vn 0.0620 -0.8638 0.5000
vn 0.0358 -0.4987 0.8660
vn 0.0716 -0.9974 -0.0000
vn 0.0358 -0.4987 -0.8660
vn -0.0000 -0.0000 1.0000
vt 1.000000 0.000000
vt 0.600000 0.000000
vt 0.800000 0.000000
vt 0.400000 0.000000
vt 0.000000 0.000000
vt 0.200000 0.000000
vt 0.000000 1.000000
vt 0.333333 1.000000
vt 0.333333 0.833333
vt 0.000000 0.833333
vt 0.000000 0.166667
vt 0.333333 0.166667
vt 0.333333 0.000000
vt 0.000000 0.333333
vt 0.333333 0.333333
vt 0.000000 0.500000
vt 0.333333 0.500000
vt 0.000000 0.666667
vt 0.333333 0.666667
vt 0.666667 1.000000
vt 0.666667 0.833333
vt 0.666667 0.166667
vt 0.666667 0.000000
vt 0.666667 0.333333
vt 0.666667 0.500000
vt 0.666667 0.666667
vt 1.000000 1.000000
vt 1.000000 0.833333
vt 1.000000 0.166667
vt 1.000000 0.333333
vt 1.000000 0.500000
vt 1.000000 0.666667
s 1
usemtl Chrome_|_smoked_seams
f 4097/3983/4852 4095/3984/4852 4096/3985/4852
f 4097/3983/4852 4094/3986/4852 4095/3984/4852
f 4092/3987/4852 4094/3986/4852 4097/3983/4852
f 4092/3987/4852 4093/3988/4852 4094/3986/4852
f 4100/3986/4853 4102/3985/4853 4101/3984/4853
f 4100/3986/4853 4103/3983/4853 4102/3985/4853
f 4099/3988/4853 4103/3983/4853 4100/3986/4853
f 4099/3988/4853 4098/3987/4853 4103/3983/4853
f 4098/3989/4854 4104/3990/4854 4109/3991/4855 4103/3992/4855
f 4099/3993/4856 4105/3994/4856 4104/3995/4857 4098/3987/4857
f 4100/3996/4858 4106/3997/4858 4105/3994/4856 4099/3993/4856
f 4101/3998/4859 4107/3999/4859 4106/3997/4860 4100/3996/4860
f 4102/4000/4861 4108/4001/4861 4107/3999/4859 4101/3998/4859
f 4103/3992/4855 4109/3991/4855 4108/4001/4862 4102/4000/4862
f 4104/3990/4854 4110/4002/4854 4115/4003/4855 4109/3991/4855
f 4105/3994/4856 4111/4004/4856 4110/4005/4857 4104/3995/4857
f 4106/3997/4858 4112/4006/4863 4111/4004/4856 4105/3994/4856
f 4107/3999/4859 4113/4007/4859 4112/4006/4863 4106/3997/4860
f 4108/4001/4861 4114/4008/4861 4113/4007/4859 4107/3999/4859
f 4109/3991/4855 4115/4003/4855 4114/4008/4862 4108/4001/4862
f 4110/4002/4854 4092/4009/4854 4097/4010/4855 4115/4003/4855
f 4111/4004/4856 4093/4011/4857 4092/3983/4857 4110/4005/4857
f 4112/4006/4863 4094/4012/4863 4093/4011/4858 4111/4004/4856
f 4113/4007/4859 4095/4013/4860 4094/4012/4863 4112/4006/4863
f 4114/4008/4861 4096/4014/4861 4095/4013/4861 4113/4007/4859
f 4115/4003/4855 4097/4010/4855 4096/4014/4862 4114/4008/4862
o Grip_|_right_rib_05
v 0.000582 -0.015644 0.016953
v 0.000582 -0.015644 0.017647
v 0.000624 -0.016243 0.017994
v 0.000666 -0.016842 0.017647
v 0.000666 -0.016842 0.016953
v 0.000624 -0.016243 0.016606
v -0.019181 -0.017031 0.016953
v -0.019181 -0.017031 0.017647
v -0.019139 -0.017630 0.017994
v -0.019097 -0.018229 0.017647
v -0.019097 -0.018229 0.016953
v -0.019139 -0.017630 0.016606
v -0.012342 -0.016551 0.016953
v -0.012342 -0.016551 0.017647
v -0.012300 -0.017150 0.017994
v -0.012258 -0.017749 0.017647
v -0.012258 -0.017749 0.016953
v -0.012300 -0.017150 0.016606
v -0.006256 -0.016124 0.016953
v -0.006256 -0.016124 0.017647
v -0.006214 -0.016723 0.017994
v -0.006172 -0.017322 0.017647
v -0.006172 -0.017322 0.016953
v -0.006214 -0.016723 0.016606
vn 0.9975 0.0700 -0.0000
vn -0.9975 -0.0700 -0.0000
vn -0.0350 0.4988 -0.8660
vn -0.0606 0.8639 -0.5000
vn -0.0000 -0.0000 -1.0000
vn -0.0606 0.8639 0.5000
vn -0.0700 0.9975 -0.0000
vn -0.0350 0.4988 0.8660
vn 0.0606 -0.8639 0.5000
vn 0.0350 -0.4988 0.8660
vn 0.0700 -0.9975 -0.0000
vn 0.0606 -0.8639 -0.5000
vn 0.0350 -0.4988 -0.8660
vt 1.000000 0.000000
vt 0.600000 0.000000
vt 0.800000 0.000000
vt 0.400000 0.000000
vt 0.000000 0.000000
vt 0.200000 0.000000
vt 0.000000 1.000000
vt 0.333333 1.000000
vt 0.333333 0.833333
vt 0.000000 0.833333
vt 0.000000 0.166667
vt 0.333333 0.166667
vt 0.333333 0.000000
vt 0.000000 0.333333
vt 0.333333 0.333333
vt 0.000000 0.500000
vt 0.333333 0.500000
vt 0.000000 0.666667
vt 0.333333 0.666667
vt 0.666667 1.000000
vt 0.666667 0.833333
vt 0.666667 0.166667
vt 0.666667 0.000000
vt 0.666667 0.333333
vt 0.666667 0.500000
vt 0.666667 0.666667
vt 1.000000 1.000000
vt 1.000000 0.833333
vt 1.000000 0.166667
vt 1.000000 0.333333
vt 1.000000 0.500000
vt 1.000000 0.666667
s 1
usemtl Chrome_|_smoked_seams
f 4121/4015/4864 4119/4016/4864 4120/4017/4864
f 4121/4015/4864 4118/4018/4864 4119/4016/4864
f 4116/4019/4864 4118/4018/4864 4121/4015/4864
f 4116/4019/4864 4117/4020/4864 4118/4018/4864
f 4124/4018/4865 4126/4017/4865 4125/4016/4865
f 4124/4018/4865 4127/4015/4865 4126/4017/4865
f 4123/4020/4865 4127/4015/4865 4124/4018/4865
f 4123/4020/4865 4122/4019/4865 4127/4015/4865
f 4122/4021/4866 4128/4022/4867 4133/4023/4868 4127/4024/4868
f 4123/4025/4869 4129/4026/4869 4128/4027/4867 4122/4019/4870
f 4124/4028/4871 4130/4029/4871 4129/4026/4869 4123/4025/4869
f 4125/4030/4872 4131/4031/4872 4130/4029/4873 4124/4028/4873
f 4126/4032/4874 4132/4033/4875 4131/4031/4872 4125/4030/4872
f 4127/4024/4868 4133/4023/4868 4132/4033/4875 4126/4032/4876
f 4128/4022/4867 4134/4034/4867 4139/4035/4868 4133/4023/4868
f 4129/4026/4869 4135/4036/4869 4134/4037/4867 4128/4027/4867
f 4130/4029/4871 4136/4038/4871 4135/4036/4869 4129/4026/4869
f 4131/4031/4872 4137/4039/4872 4136/4038/4873 4130/4029/4873
f 4132/4033/4875 4138/4040/4875 4137/4039/4872 4131/4031/4872
f 4133/4023/4868 4139/4035/4868 4138/4040/4875 4132/4033/4875
f 4134/4034/4867 4116/4041/4866 4121/4042/4868 4139/4035/4868
f 4135/4036/4869 4117/4043/4869 4116/4015/4870 4134/4037/4867
f 4136/4038/4871 4118/4044/4871 4117/4043/4869 4135/4036/4869
f 4137/4039/4872 4119/4045/4872 4118/4044/4873 4136/4038/4873
f 4138/4040/4875 4120/4046/4874 4119/4045/4872 4137/4039/4872
f 4139/4035/4868 4121/4042/4868 4120/4046/4876 4138/4040/4875
o Grip_|_right_rib_06
v -0.000215 -0.018967 0.016953
v -0.000215 -0.018967 0.017647
v -0.000173 -0.019566 0.017994
v -0.000132 -0.020166 0.017647
v -0.000132 -0.020166 0.016953
v -0.000173 -0.019566 0.016606
v -0.020410 -0.020354 0.016953
v -0.020410 -0.020354 0.017647
v -0.020368 -0.020954 0.017994
v -0.020327 -0.021553 0.017647
v -0.020327 -0.021553 0.016953
v -0.020368 -0.020954 0.016606
v -0.013422 -0.019874 0.016953
v -0.013422 -0.019874 0.017647
v -0.013381 -0.020474 0.017994
v -0.013339 -0.021073 0.017647
v -0.013339 -0.021073 0.016953
v -0.013381 -0.020474 0.016606
v -0.007202 -0.019447 0.016953
v -0.007202 -0.019447 0.017647
v -0.007161 -0.020046 0.017994
v -0.007120 -0.020646 0.017647
v -0.007120 -0.020646 0.016953
v -0.007161 -0.020046 0.016606
vn 0.9976 0.0685 -0.0000
vn -0.9976 -0.0685 -0.0000
vn -0.0594 0.8640 -0.5000
vn -0.0000 -0.0000 -1.0000
vn -0.0343 0.4988 -0.8660
vn -0.0685 0.9976 -0.0000
vn -0.0594 0.8640 0.5000
vn -0.0000 -0.0000 1.0000
vn -0.0343 0.4988 0.8660
vn 0.0343 -0.4988 0.8660
vn 0.0594 -0.8640 0.5000
vn 0.0594 -0.8640 -0.5000
vn 0.0685 -0.9976 -0.0000
vn 0.0343 -0.4988 -0.8660
vt 1.000000 0.000000
vt 0.600000 0.000000
vt 0.800000 0.000000
vt 0.400000 0.000000
vt 0.000000 0.000000
vt 0.200000 0.000000
vt 0.000000 1.000000
vt 0.333333 1.000000
vt 0.333333 0.833333
vt 0.000000 0.833333
vt 0.000000 0.166667
vt 0.333333 0.166667
vt 0.333333 0.000000
vt 0.000000 0.333333
vt 0.333333 0.333333
vt 0.000000 0.500000
vt 0.333333 0.500000
vt 0.000000 0.666667
vt 0.333333 0.666667
vt 0.666667 1.000000
vt 0.666667 0.833333
vt 0.666667 0.166667
vt 0.666667 0.000000
vt 0.666667 0.333333
vt 0.666667 0.500000
vt 0.666667 0.666667
vt 1.000000 1.000000
vt 1.000000 0.833333
vt 1.000000 0.166667
vt 1.000000 0.333333
vt 1.000000 0.500000
vt 1.000000 0.666667
s 1
usemtl Chrome_|_smoked_seams
f 4145/4047/4877 4143/4048/4877 4144/4049/4877
f 4145/4047/4877 4142/4050/4877 4143/4048/4877
f 4140/4051/4877 4142/4050/4877 4145/4047/4877
f 4140/4051/4877 4141/4052/4877 4142/4050/4877
f 4148/4050/4878 4150/4049/4878 4149/4048/4878
f 4148/4050/4878 4151/4047/4878 4150/4049/4878
f 4147/4052/4878 4151/4047/4878 4148/4050/4878
f 4147/4052/4878 4146/4051/4878 4151/4047/4878
f 4146/4053/4879 4152/4054/4879 4157/4055/4880 4151/4056/4881
f 4147/4057/4882 4153/4058/4883 4152/4059/4879 4146/4051/4879
f 4148/4060/4884 4154/4061/4884 4153/4058/4883 4147/4057/4885
f 4149/4062/4886 4155/4063/4887 4154/4061/4884 4148/4060/4884
f 4150/4064/4888 4156/4065/4888 4155/4063/4887 4149/4062/4889
f 4151/4056/4890 4157/4055/4880 4156/4065/4888 4150/4064/4888
f 4152/4054/4879 4158/4066/4879 4163/4067/4880 4157/4055/4880
f 4153/4058/4883 4159/4068/4883 4158/4069/4879 4152/4059/4879
f 4154/4061/4884 4160/4070/4884 4159/4068/4883 4153/4058/4883
f 4155/4063/4887 4161/4071/4887 4160/4070/4884 4154/4061/4884
f 4156/4065/4888 4162/4072/4888 4161/4071/4887 4155/4063/4887
f 4157/4055/4880 4163/4067/4880 4162/4072/4888 4156/4065/4888
f 4158/4066/4879 4140/4073/4879 4145/4074/4881 4163/4067/4880
f 4159/4068/4883 4141/4075/4882 4140/4047/4879 4158/4069/4879
f 4160/4070/4884 4142/4076/4884 4141/4075/4885 4159/4068/4883
f 4161/4071/4887 4143/4077/4887 4142/4076/4884 4160/4070/4884
f 4162/4072/4888 4144/4078/4888 4143/4077/4887 4161/4071/4887
f 4163/4067/4880 4145/4074/4890 4144/4078/4888 4162/4072/4888
o Grip_|_right_rib_07
v -0.001011 -0.022291 0.016953
v -0.001011 -0.022291 0.017647
v -0.000971 -0.022890 0.017994
v -0.000931 -0.023490 0.017647
v -0.000931 -0.023490 0.016953
v -0.000971 -0.022890 0.016606
v -0.021639 -0.023678 0.016953
v -0.021639 -0.023678 0.017647
v -0.021598 -0.024277 0.017994
v -0.021558 -0.024877 0.017647
v -0.021558 -0.024877 0.016953
v -0.021598 -0.024277 0.016606
v -0.014501 -0.023198 0.016953
v -0.014501 -0.023198 0.017647
v -0.014461 -0.023797 0.017994
v -0.014421 -0.024397 0.017647
v -0.014421 -0.024397 0.016953
v -0.014461 -0.023797 0.016606
v -0.008149 -0.022771 0.016953
v -0.008149 -0.022771 0.017647
v -0.008108 -0.023370 0.017994
v -0.008068 -0.023970 0.017647
v -0.008068 -0.023970 0.016953
v -0.008108 -0.023370 0.016606
vn 0.9977 0.0671 -0.0000
vn -0.9977 -0.0671 -0.0000
vn -0.0336 0.4989 -0.8660
vn -0.0000 -0.0000 -1.0000
vn -0.0581 0.8641 0.5000
vn -0.0671 0.9977 -0.0000
vn -0.0336 0.4989 0.8660
vn 0.0581 -0.8641 0.5000
vn 0.0336 -0.4989 0.8660
vn 0.0581 -0.8641 -0.5000
vn 0.0336 -0.4989 -0.8660
vt 1.000000 0.000000
vt 0.600000 0.000000
vt 0.800000 0.000000
vt 0.400000 0.000000
vt 0.000000 0.000000
vt 0.200000 0.000000
vt 0.000000 1.000000
vt 0.333333 1.000000
vt 0.333333 0.833333
vt 0.000000 0.833333
vt 0.000000 0.166667
vt 0.333333 0.166667
vt 0.333333 0.000000
vt 0.000000 0.333333
vt 0.333333 0.333333
vt 0.000000 0.500000
vt 0.333333 0.500000
vt 0.000000 0.666667
vt 0.333333 0.666667
vt 0.666667 1.000000
vt 0.666667 0.833333
vt 0.666667 0.166667
vt 0.666667 0.000000
vt 0.666667 0.333333
vt 0.666667 0.500000
vt 0.666667 0.666667
vt 1.000000 1.000000
vt 1.000000 0.833333
vt 1.000000 0.166667
vt 1.000000 0.333333
vt 1.000000 0.500000
vt 1.000000 0.666667
s 1
usemtl Chrome_|_smoked_seams
f 4169/4079/4891 4167/4080/4891 4168/4081/4891
f 4169/4079/4891 4166/4082/4891 4167/4080/4891
f 4164/4083/4891 4166/4082/4891 4169/4079/4891
f 4164/4083/4891 4165/4084/4891 4166/4082/4891
f 4172/4082/4892 4174/4081/4892 4173/4080/4892
f 4172/4082/4892 4175/4079/4892 4174/4081/4892
f 4171/4084/4892 4175/4079/4892 4172/4082/4892
f 4171/4084/4892 4170/4083/4892 4175/4079/4892
f 4170/4085/4893 4176/4086/4893 4181/4087/4894 4175/4088/4894
f 4171/4089/4895 4177/4090/4895 4176/4091/4896 4170/4083/4896
f 4172/4092/4897 4178/4093/4897 4177/4090/4895 4171/4089/4895
f 4173/4094/4898 4179/4095/4898 4178/4093/4899 4172/4092/4899
f 4174/4096/4900 4180/4097/4900 4179/4095/4898 4173/4094/4898
f 4175/4088/4894 4181/4087/4894 4180/4097/4900 4174/4096/4900
f 4176/4086/4893 4182/4098/4893 4187/4099/4894 4181/4087/4894
f 4177/4090/4895 4183/4100/4895 4182/4101/4896 4176/4091/4896
f 4178/4093/4897 4184/4102/4897 4183/4100/4895 4177/4090/4895
f 4179/4095/4898 4185/4103/4898 4184/4102/4899 4178/4093/4899
f 4180/4097/4900 4186/4104/4900 4185/4103/4898 4179/4095/4898
f 4181/4087/4894 4187/4099/4894 4186/4104/4900 4180/4097/4900
f 4182/4098/4893 4164/4105/4893 4169/4106/4893 4187/4099/4894
f 4183/4100/4895 4165/4107/4895 4164/4079/4896 4182/4101/4896
f 4184/4102/4897 4166/4108/4897 4165/4107/4895 4183/4100/4895
f 4185/4103/4898 4167/4109/4898 4166/4108/4899 4184/4102/4899
f 4186/4104/4900 4168/4110/4900 4167/4109/4898 4185/4103/4898
f 4187/4099/4894 4169/4106/4901 4168/4110/4900 4186/4104/4900
o Grip_|_right_rib_08
v -0.001808 -0.025614 0.016953
v -0.001808 -0.025614 0.017647
v -0.001769 -0.026214 0.017994
v -0.001729 -0.026813 0.017647
v -0.001729 -0.026813 0.016953
v -0.001769 -0.026214 0.016606
v -0.022868 -0.027002 0.016953
v -0.022868 -0.027002 0.017647
v -0.022828 -0.027601 0.017994
v -0.022789 -0.028201 0.017647
v -0.022789 -0.028201 0.016953
v -0.022828 -0.027601 0.016606
v -0.015581 -0.026522 0.016953
v -0.015581 -0.026522 0.017647
v -0.015541 -0.027121 0.017994
v -0.015502 -0.027721 0.017647
v -0.015502 -0.027721 0.016953
v -0.015541 -0.027121 0.016606
v -0.009095 -0.026094 0.016953
v -0.009095 -0.026094 0.017647
v -0.009056 -0.026694 0.017994
v -0.009016 -0.027293 0.017647
v -0.009016 -0.027293 0.016953
v -0.009056 -0.026694 0.016606
vn 0.9978 0.0657 -0.0000
vn -0.9978 -0.0657 -0.0000
vn -0.0329 0.4989 -0.8660
vn -0.0000 -0.0000 -1.0000
vn -0.0657 0.9978 -0.0000
vn -0.0000 -0.0000 1.0000
vn -0.0329 0.4989 0.8660
vn 0.0329 -0.4989 0.8660
vn 0.0657 -0.9978 -0.0000
vn 0.0329 -0.4989 -0.8660
vn -0.0569 0.8642 -0.5000
vn 0.0569 -0.8642 -0.5000
vt 1.000000 0.000000
vt 0.600000 0.000000
vt 0.800000 0.000000
vt 0.400000 0.000000
vt 0.000000 0.000000
vt 0.200000 0.000000
vt 0.000000 1.000000
vt 0.333333 1.000000
vt 0.333333 0.833333
vt 0.000000 0.833333
vt 0.000000 0.166667
vt 0.333333 0.166667
vt 0.333333 0.000000
vt 0.000000 0.333333
vt 0.333333 0.333333
vt 0.000000 0.500000
vt 0.333333 0.500000
vt 0.000000 0.666667
vt 0.333333 0.666667
vt 0.666667 1.000000
vt 0.666667 0.833333
vt 0.666667 0.166667
vt 0.666667 0.000000
vt 0.666667 0.333333
vt 0.666667 0.500000
vt 0.666667 0.666667
vt 1.000000 1.000000
vt 1.000000 0.833333
vt 1.000000 0.166667
vt 1.000000 0.333333
vt 1.000000 0.500000
vt 1.000000 0.666667
s 1
usemtl Chrome_|_smoked_seams
f 4193/4111/4902 4191/4112/4902 4192/4113/4902
f 4193/4111/4902 4190/4114/4902 4191/4112/4902
f 4188/4115/4902 4190/4114/4902 4193/4111/4902
f 4188/4115/4902 4189/4116/4902 4190/4114/4902
f 4196/4114/4903 4198/4113/4903 4197/4112/4903
f 4196/4114/4903 4199/4111/4903 4198/4113/4903
f 4195/4116/4903 4199/4111/4903 4196/4114/4903
f 4195/4116/4903 4194/4115/4903 4199/4111/4903
f 4194/4117/4904 4200/4118/4904 4205/4119/4905 4199/4120/4905
f 4195/4121/4906 4201/4122/4906 4200/4123/4906 4194/4115/4906
f 4196/4124/4907 4202/4125/4907 4201/4122/4908 4195/4121/4908
f 4197/4126/4909 4203/4127/4909 4202/4125/4907 4196/4124/4907
f 4198/4128/4910 4204/4129/4910 4203/4127/4910 4197/4126/4910
f 4199/4120/4905 4205/4119/4905 4204/4129/4911 4198/4128/4911
f 4200/4118/4904 4206/4130/4912 4211/4131/4905 4205/4119/4905
f 4201/4122/4906 4207/4132/4906 4206/4133/4912 4200/4123/4906
f 4202/4125/4907 4208/4134/4907 4207/4132/4908 4201/4122/4908
f 4203/4127/4909 4209/4135/4909 4208/4134/4907 4202/4125/4907
f 4204/4129/4910 4210/4136/4913 4209/4135/4910 4203/4127/4910
f 4205/4119/4905 4211/4131/4905 4210/4136/4913 4204/4129/4911
f 4206/4130/4912 4188/4137/4912 4193/4138/4904 4211/4131/4905
f 4207/4132/4906 4189/4139/4906 4188/4111/4912 4206/4133/4912
f 4208/4134/4907 4190/4140/4907 4189/4139/4908 4207/4132/4908
f 4209/4135/4909 4191/4141/4909 4190/4140/4907 4208/4134/4907
f 4210/4136/4913 4192/4142/4913 4191/4141/4910 4209/4135/4910
f 4211/4131/4905 4193/4138/4911 4192/4142/4913 4210/4136/4913
o Grip_|_right_rib_09
v -0.002605 -0.028938 0.016953
v -0.002605 -0.028938 0.017647
v -0.002566 -0.029538 0.017994
v -0.002528 -0.030137 0.017647
v -0.002528 -0.030137 0.016953
v -0.002566 -0.029538 0.016606
v -0.024097 -0.030325 0.016953
v -0.024097 -0.030325 0.017647
v -0.024058 -0.030925 0.017994
v -0.024019 -0.031524 0.017647
v -0.024019 -0.031524 0.016953
v -0.024058 -0.030925 0.016606
v -0.016660 -0.029845 0.016953
v -0.016660 -0.029845 0.017647
v -0.016621 -0.030445 0.017994
v -0.016583 -0.031044 0.017647
v -0.016583 -0.031044 0.016953
v -0.016621 -0.030445 0.016606
v -0.010042 -0.029418 0.016953
v -0.010042 -0.029418 0.017647
v -0.010003 -0.030018 0.017994
v -0.009964 -0.030617 0.017647
v -0.009964 -0.030617 0.016953
v -0.010003 -0.030018 0.016606
vn 0.9979 0.0644 -0.0000
vn -0.9979 -0.0644 -0.0000
vn -0.0322 0.4990 -0.8660
vn -0.0000 -0.0000 -1.0000
vn -0.0644 0.9979 -0.0000
vn -0.0000 -0.0000 1.0000
vn -0.0322 0.4990 0.8660
vn 0.0322 -0.4990 0.8660
vn 0.0644 -0.9979 -0.0000
vn 0.0558 -0.8642 -0.5000
vn 0.0322 -0.4990 -0.8660
vn 0.0558 -0.8642 0.5000
vt 1.000000 0.000000
vt 0.600000 0.000000
vt 0.800000 0.000000
vt 0.400000 0.000000
vt 0.000000 0.000000
vt 0.200000 0.000000
vt 0.000000 1.000000
vt 0.333333 1.000000
vt 0.333333 0.833333
vt 0.000000 0.833333
vt 0.000000 0.166667
vt 0.333333 0.166667
vt 0.333333 0.000000
vt 0.000000 0.333333
vt 0.333333 0.333333
vt 0.000000 0.500000
vt 0.333333 0.500000
vt 0.000000 0.666667
vt 0.333333 0.666667
vt 0.666667 1.000000
vt 0.666667 0.833333
vt 0.666667 0.166667
vt 0.666667 0.000000
vt 0.666667 0.333333
vt 0.666667 0.500000
vt 0.666667 0.666667
vt 1.000000 1.000000
vt 1.000000 0.833333
vt 1.000000 0.166667
vt 1.000000 0.333333
vt 1.000000 0.500000
vt 1.000000 0.666667
s 1
usemtl Chrome_|_smoked_seams
f 4217/4143/4914 4215/4144/4914 4216/4145/4914
f 4217/4143/4914 4214/4146/4914 4215/4144/4914
f 4212/4147/4914 4214/4146/4914 4217/4143/4914
f 4212/4147/4914 4213/4148/4914 4214/4146/4914
f 4220/4146/4915 4222/4145/4915 4221/4144/4915
f 4220/4146/4915 4223/4143/4915 4222/4145/4915
f 4219/4148/4915 4223/4143/4915 4220/4146/4915
f 4219/4148/4915 4218/4147/4915 4223/4143/4915
f 4218/4149/4916 4224/4150/4916 4229/4151/4917 4223/4152/4917
f 4219/4153/4918 4225/4154/4918 4224/4155/4918 4218/4147/4918
f 4220/4156/4919 4226/4157/4919 4225/4154/4920 4219/4153/4920
f 4221/4158/4921 4227/4159/4921 4226/4157/4919 4220/4156/4919
f 4222/4160/4922 4228/4161/4923 4227/4159/4922 4221/4158/4922
f 4223/4152/4917 4229/4151/4917 4228/4161/4923 4222/4160/4924
f 4224/4150/4916 4230/4162/4916 4235/4163/4917 4229/4151/4917
f 4225/4154/4918 4231/4164/4918 4230/4165/4918 4224/4155/4918
f 4226/4157/4919 4232/4166/4919 4231/4164/4920 4225/4154/4920
f 4227/4159/4921 4233/4167/4925 4232/4166/4919 4226/4157/4919
f 4228/4161/4923 4234/4168/4923 4233/4167/4925 4227/4159/4922
f 4229/4151/4917 4235/4163/4917 4234/4168/4923 4228/4161/4923
f 4230/4162/4916 4212/4169/4916 4217/4170/4917 4235/4163/4917
f 4231/4164/4918 4213/4171/4918 4212/4143/4918 4230/4165/4918
f 4232/4166/4919 4214/4172/4919 4213/4171/4920 4231/4164/4920
f 4233/4167/4925 4215/4173/4925 4214/4172/4919 4232/4166/4919
f 4234/4168/4923 4216/4174/4923 4215/4173/4925 4233/4167/4925
f 4235/4163/4917 4217/4170/4917 4216/4174/4923 4234/4168/4923
o Grip_|_right_rib_10
v -0.003402 -0.032262 0.016953
v -0.003402 -0.032262 0.017647
v -0.003364 -0.032861 0.017994
v -0.003326 -0.033461 0.017647
v -0.003326 -0.033461 0.016953
v -0.003364 -0.032861 0.016606
v -0.025326 -0.033649 0.016953
v -0.025326 -0.033649 0.017647
v -0.025288 -0.034249 0.017994
v -0.025250 -0.034848 0.017647
v -0.025250 -0.034848 0.016953
v -0.025288 -0.034249 0.016606
v -0.017740 -0.033169 0.016953
v -0.017740 -0.033169 0.017647
v -0.017702 -0.033769 0.017994
v -0.017664 -0.034368 0.017647
v -0.017664 -0.034368 0.016953
v -0.017702 -0.033769 0.016606
v -0.010988 -0.032742 0.016953
v -0.010988 -0.032742 0.017647
v -0.010950 -0.033341 0.017994
v -0.010912 -0.033941 0.017647
v -0.010912 -0.033941 0.016953
v -0.010950 -0.033341 0.016606
vn 0.9980 0.0632 -0.0000
vn -0.9980 -0.0632 -0.0000
vn -0.0547 0.8643 -0.5000
vn -0.0000 -0.0000 -1.0000
vn -0.0316 0.4990 -0.8660
vn -0.0547 0.8643 0.5000
vn -0.0316 0.4990 0.8660
vn -0.0000 -0.0000 1.0000
vn 0.0547 -0.8643 0.5000
vn 0.0316 -0.4990 0.8660
vn 0.0547 -0.8643 -0.5000
vn 0.0316 -0.4990 -0.8660
vt 1.000000 0.000000
vt 0.600000 0.000000
vt 0.800000 0.000000
vt 0.400000 0.000000
vt 0.000000 0.000000
vt 0.200000 0.000000
vt 0.000000 1.000000
vt 0.333333 1.000000
vt 0.333333 0.833333
vt 0.000000 0.833333
vt 0.000000 0.166667
vt 0.333333 0.166667
vt 0.333333 0.000000
vt 0.000000 0.333333
vt 0.333333 0.333333
vt 0.000000 0.500000
vt 0.333333 0.500000
vt 0.000000 0.666667
vt 0.333333 0.666667
vt 0.666667 1.000000
vt 0.666667 0.833333
vt 0.666667 0.166667
vt 0.666667 0.000000
vt 0.666667 0.333333
vt 0.666667 0.500000
vt 0.666667 0.666667
vt 1.000000 1.000000
vt 1.000000 0.833333
vt 1.000000 0.166667
vt 1.000000 0.333333
vt 1.000000 0.500000
vt 1.000000 0.666667
s 1
usemtl Chrome_|_smoked_seams
f 4241/4175/4926 4239/4176/4926 4240/4177/4926
f 4241/4175/4926 4238/4178/4926 4239/4176/4926
f 4236/4179/4926 4238/4178/4926 4241/4175/4926
f 4236/4179/4926 4237/4180/4926 4238/4178/4926
f 4244/4178/4927 4246/4177/4927 4245/4176/4927
f 4244/4178/4927 4247/4175/4927 4246/4177/4927
f 4243/4180/4927 4247/4175/4927 4244/4178/4927
f 4243/4180/4927 4242/4179/4927 4247/4175/4927
f 4242/4181/4928 4248/4182/4928 4253/4183/4929 4247/4184/4930
f 4243/4185/4931 4249/4186/4931 4248/4187/4928 4242/4179/4928
f 4244/4188/4932 4250/4189/4933 4249/4186/4931 4243/4185/4931
f 4245/4190/4934 4251/4191/4934 4250/4189/4933 4244/4188/4935
f 4246/4192/4936 4252/4193/4936 4251/4191/4934 4245/4190/4934
f 4247/4184/4937 4253/4183/4929 4252/4193/4936 4246/4192/4936
f 4248/4182/4928 4254/4194/4928 4259/4195/4929 4253/4183/4929
f 4249/4186/4931 4255/4196/4931 4254/4197/4928 4248/4187/4928
f 4250/4189/4933 4256/4198/4933 4255/4196/4931 4249/4186/4931
f 4251/4191/4934 4257/4199/4934 4256/4198/4933 4250/4189/4933
f 4252/4193/4936 4258/4200/4936 4257/4199/4934 4251/4191/4934
f 4253/4183/4929 4259/4195/4929 4258/4200/4936 4252/4193/4936
f 4254/4194/4928 4236/4201/4928 4241/4202/4930 4259/4195/4929
f 4255/4196/4931 4237/4203/4931 4236/4175/4928 4254/4197/4928
f 4256/4198/4933 4238/4204/4932 4237/4203/4931 4255/4196/4931
f 4257/4199/4934 4239/4205/4934 4238/4204/4935 4256/4198/4933
f 4258/4200/4936 4240/4206/4936 4239/4205/4934 4257/4199/4934
f 4259/4195/4929 4241/4202/4937 4240/4206/4936 4258/4200/4936
o Grip_|_right_rib_11
v -0.004199 -0.035585 0.016953
v -0.004199 -0.035585 0.017647
v -0.004162 -0.036185 0.017994
v -0.004125 -0.036785 0.017647
v -0.004125 -0.036785 0.016953
v -0.004162 -0.036185 0.016606
v -0.026555 -0.036973 0.016953
v -0.026555 -0.036973 0.017647
v -0.026517 -0.037572 0.017994
v -0.026480 -0.038172 0.017647
v -0.026480 -0.038172 0.016953
v -0.026517 -0.037572 0.016606
v -0.018819 -0.036493 0.016953
v -0.018819 -0.036493 0.017647
v -0.018782 -0.037092 0.017994
v -0.018745 -0.037692 0.017647
v -0.018745 -0.037692 0.016953
v -0.018782 -0.037092 0.016606
v -0.011934 -0.036065 0.016953
v -0.011934 -0.036065 0.017647
v -0.011897 -0.036665 0.017994
v -0.011860 -0.037265 0.017647
v -0.011860 -0.037265 0.016953
v -0.011897 -0.036665 0.016606
vn 0.9981 0.0619 -0.0000
vn -0.9981 -0.0619 -0.0000
vn -0.0310 0.4990 -0.8660
vn -0.0000 -0.0000 -1.0000
vn -0.0619 0.9981 -0.0000
vn -0.0000 -0.0000 1.0000
vn -0.0310 0.4990 0.8660
vn 0.0310 -0.4990 0.8660
vn 0.0619 -0.9981 -0.0000
vn 0.0310 -0.4990 -0.8660
vt 1.000000 0.000000
vt 0.600000 0.000000
vt 0.800000 0.000000
vt 0.400000 0.000000
vt 0.000000 0.000000
vt 0.200000 0.000000
vt 0.000000 1.000000
vt 0.333333 1.000000
vt 0.333333 0.833333
vt 0.000000 0.833333
vt 0.000000 0.166667
vt 0.333333 0.166667
vt 0.333333 0.000000
vt 0.000000 0.333333
vt 0.333333 0.333333
vt 0.000000 0.500000
vt 0.333333 0.500000
vt 0.000000 0.666667
vt 0.333333 0.666667
vt 0.666667 1.000000
vt 0.666667 0.833333
vt 0.666667 0.166667
vt 0.666667 0.000000
vt 0.666667 0.333333
vt 0.666667 0.500000
vt 0.666667 0.666667
vt 1.000000 1.000000
vt 1.000000 0.833333
vt 1.000000 0.166667
vt 1.000000 0.333333
vt 1.000000 0.500000
vt 1.000000 0.666667
s 1
usemtl Chrome_|_smoked_seams
f 4265/4207/4938 4263/4208/4938 4264/4209/4938
f 4265/4207/4938 4262/4210/4938 4263/4208/4938
f 4260/4211/4938 4262/4210/4938 4265/4207/4938
f 4260/4211/4938 4261/4212/4938 4262/4210/4938
f 4268/4210/4939 4270/4209/4939 4269/4208/4939
f 4268/4210/4939 4271/4207/4939 4270/4209/4939
f 4267/4212/4939 4271/4207/4939 4268/4210/4939
f 4267/4212/4939 4266/4211/4939 4271/4207/4939
f 4266/4213/4940 4272/4214/4940 4277/4215/4941 4271/4216/4941
f 4267/4217/4942 4273/4218/4942 4272/4219/4942 4266/4211/4942
f 4268/4220/4943 4274/4221/4943 4273/4218/4944 4267/4217/4944
f 4269/4222/4945 4275/4223/4945 4274/4221/4943 4268/4220/4943
f 4270/4224/4946 4276/4225/4946 4275/4223/4946 4269/4222/4946
f 4271/4216/4941 4277/4215/4941 4276/4225/4947 4270/4224/4947
f 4272/4214/4940 4278/4226/4940 4283/4227/4941 4277/4215/4941
f 4273/4218/4942 4279/4228/4942 4278/4229/4942 4272/4219/4942
f 4274/4221/4943 4280/4230/4943 4279/4228/4944 4273/4218/4944
f 4275/4223/4945 4281/4231/4945 4280/4230/4943 4274/4221/4943
f 4276/4225/4946 4282/4232/4946 4281/4231/4946 4275/4223/4946
f 4277/4215/4941 4283/4227/4941 4282/4232/4947 4276/4225/4947
f 4278/4226/4940 4260/4233/4940 4265/4234/4941 4283/4227/4941
f 4279/4228/4942 4261/4235/4942 4260/4207/4942 4278/4229/4942
f 4280/4230/4943 4262/4236/4943 4261/4235/4944 4279/4228/4944
f 4281/4231/4945 4263/4237/4945 4262/4236/4943 4280/4230/4943
f 4282/4232/4946 4264/4238/4946 4263/4237/4946 4281/4231/4946
f 4283/4227/4941 4265/4234/4941 4264/4238/4947 4282/4232/4947
o Grip_|_right_rib_12
v -0.004996 -0.038909 0.016953
v -0.004996 -0.038909 0.017647
v -0.004960 -0.039509 0.017994
v -0.004923 -0.040108 0.017647
v -0.004923 -0.040108 0.016953
v -0.004960 -0.039509 0.016606
v -0.027784 -0.040296 0.016953
v -0.027784 -0.040296 0.017647
v -0.027747 -0.040896 0.017994
v -0.027711 -0.041496 0.017647
v -0.027711 -0.041496 0.016953
v -0.027747 -0.040896 0.016606
v -0.019899 -0.039816 0.016953
v -0.019899 -0.039816 0.017647
v -0.019862 -0.040416 0.017994
v -0.019826 -0.041016 0.017647
v -0.019826 -0.041016 0.016953
v -0.019862 -0.040416 0.016606
v -0.012881 -0.039389 0.016953
v -0.012881 -0.039389 0.017647
v -0.012844 -0.039989 0.017994
v -0.012808 -0.040588 0.017647
v -0.012808 -0.040588 0.016953
v -0.012844 -0.039989 0.016606
vn 0.9982 0.0608 -0.0000
vn -0.9982 -0.0608 -0.0000
vn -0.0526 0.8644 -0.5000
vn -0.0304 0.4991 -0.8660
vn -0.0608 0.9982 -0.0000
vn -0.0526 0.8644 0.5000
vn -0.0000 -0.0000 1.0000
vn -0.0304 0.4991 0.8660
vn 0.0304 -0.4991 0.8660
vn 0.0526 -0.8644 0.5000
vn 0.0526 -0.8644 -0.5000
vn 0.0608 -0.9982 -0.0000
vn 0.0304 -0.4991 -0.8660
vt 1.000000 0.000000
vt 0.600000 0.000000
vt 0.800000 0.000000
vt 0.400000 0.000000
vt 0.000000 0.000000
vt 0.200000 0.000000
vt 0.000000 1.000000
vt 0.333333 1.000000
vt 0.333333 0.833333
vt 0.000000 0.833333
vt 0.000000 0.166667
vt 0.333333 0.166667
vt 0.333333 0.000000
vt 0.000000 0.333333
vt 0.333333 0.333333
vt 0.000000 0.500000
vt 0.333333 0.500000
vt 0.000000 0.666667
vt 0.333333 0.666667
vt 0.666667 1.000000
vt 0.666667 0.833333
vt 0.666667 0.166667
vt 0.666667 0.000000
vt 0.666667 0.333333
vt 0.666667 0.500000
vt 0.666667 0.666667
vt 1.000000 1.000000
vt 1.000000 0.833333
vt 1.000000 0.166667
vt 1.000000 0.333333
vt 1.000000 0.500000
vt 1.000000 0.666667
s 1
usemtl Chrome_|_smoked_seams
f 4289/4239/4948 4287/4240/4948 4288/4241/4948
f 4289/4239/4948 4286/4242/4948 4287/4240/4948
f 4284/4243/4948 4286/4242/4948 4289/4239/4948
f 4284/4243/4948 4285/4244/4948 4286/4242/4948
f 4292/4242/4949 4294/4241/4949 4293/4240/4949
f 4292/4242/4949 4295/4239/4949 4294/4241/4949
f 4291/4244/4949 4295/4239/4949 4292/4242/4949
f 4291/4244/4949 4290/4243/4949 4295/4239/4949
f 4290/4245/4950 4296/4246/4950 4301/4247/4951 4295/4248/4951
f 4291/4249/4952 4297/4250/4953 4296/4251/4950 4290/4243/4950
f 4292/4252/4954 4298/4253/4954 4297/4250/4953 4291/4249/4955
f 4293/4254/4956 4299/4255/4957 4298/4253/4954 4292/4252/4954
f 4294/4256/4958 4300/4257/4958 4299/4255/4957 4293/4254/4959
f 4295/4248/4960 4301/4247/4960 4300/4257/4958 4294/4256/4958
f 4296/4246/4950 4302/4258/4950 4307/4259/4951 4301/4247/4951
f 4297/4250/4953 4303/4260/4953 4302/4261/4950 4296/4251/4950
f 4298/4253/4954 4304/4262/4954 4303/4260/4953 4297/4250/4953
f 4299/4255/4957 4305/4263/4957 4304/4262/4954 4298/4253/4954
f 4300/4257/4958 4306/4264/4958 4305/4263/4957 4299/4255/4957
f 4301/4247/4960 4307/4259/4960 4306/4264/4958 4300/4257/4958
f 4302/4258/4950 4284/4265/4950 4289/4266/4951 4307/4259/4951
f 4303/4260/4953 4285/4267/4952 4284/4239/4950 4302/4261/4950
f 4304/4262/4954 4286/4268/4954 4285/4267/4955 4303/4260/4953
f 4305/4263/4957 4287/4269/4956 4286/4268/4954 4304/4262/4954
f 4306/4264/4958 4288/4270/4958 4287/4269/4959 4305/4263/4957
f 4307/4259/4960 4289/4266/4960 4288/4270/4958 4306/4264/4958
o Grip_|_right_rib_13
v -0.005793 -0.042233 0.016953
v -0.005793 -0.042233 0.017647
v -0.005757 -0.042832 0.017994
v -0.005721 -0.043432 0.017647
v -0.005721 -0.043432 0.016953
v -0.005757 -0.042832 0.016606
v -0.029013 -0.043620 0.016953
v -0.029013 -0.043620 0.017647
v -0.028977 -0.044220 0.017994
v -0.028941 -0.044819 0.017647
v -0.028941 -0.044819 0.016953
v -0.028977 -0.044220 0.016606
v -0.020978 -0.043140 0.016953
v -0.020978 -0.043140 0.017647
v -0.020942 -0.043740 0.017994
v -0.020907 -0.044339 0.017647
v -0.020907 -0.044339 0.016953
v -0.020942 -0.043740 0.016606
v -0.013827 -0.042713 0.016953
v -0.013827 -0.042713 0.017647
v -0.013792 -0.043312 0.017994
v -0.013756 -0.043912 0.017647
v -0.013756 -0.043912 0.016953
v -0.013792 -0.043312 0.016606
vn 0.9982 0.0596 -0.0000
vn -0.9982 -0.0596 -0.0000
vn -0.0298 0.4991 -0.8660
vn -0.0516 0.8645 -0.5000
vn -0.0000 -0.0000 -1.0000
vn -0.0596 0.9982 -0.0000
vn -0.0000 -0.0000 1.0000
vn -0.0298 0.4991 0.8660
vn 0.0298 -0.4991 0.8660
vn 0.0596 -0.9982 -0.0000
vn 0.0516 -0.8645 -0.5000
vn 0.0298 -0.4991 -0.8660
vn -0.0516 0.8645 0.5000
vn 0.0516 -0.8645 0.5000
vt 1.000000 0.000000
vt 0.600000 0.000000
vt 0.800000 0.000000
vt 0.400000 0.000000
vt 0.000000 0.000000
vt 0.200000 0.000000
vt 0.000000 1.000000
vt 0.333333 1.000000
vt 0.333333 0.833333
vt 0.000000 0.833333
vt 0.000000 0.166667
vt 0.333333 0.166667
vt 0.333333 0.000000
vt 0.000000 0.333333
vt 0.333333 0.333333
vt 0.000000 0.500000
vt 0.333333 0.500000
vt 0.000000 0.666667
vt 0.333333 0.666667
vt 0.666667 1.000000
vt 0.666667 0.833333
vt 0.666667 0.166667
vt 0.666667 0.000000
vt 0.666667 0.333333
vt 0.666667 0.500000
vt 0.666667 0.666667
vt 1.000000 1.000000
vt 1.000000 0.833333
vt 1.000000 0.166667
vt 1.000000 0.333333
vt 1.000000 0.500000
vt 1.000000 0.666667
s 1
usemtl Chrome_|_smoked_seams
f 4313/4271/4961 4311/4272/4961 4312/4273/4961
f 4313/4271/4961 4310/4274/4961 4311/4272/4961
f 4308/4275/4961 4310/4274/4961 4313/4271/4961
f 4308/4275/4961 4309/4276/4961 4310/4274/4961
f 4316/4274/4962 4318/4273/4962 4317/4272/4962
f 4316/4274/4962 4319/4271/4962 4318/4273/4962
f 4315/4276/4962 4319/4271/4962 4316/4274/4962
f 4315/4276/4962 4314/4275/4962 4319/4271/4962
f 4314/4277/4963 4320/4278/4964 4325/4279/4965 4319/4280/4965
f 4315/4281/4966 4321/4282/4966 4320/4283/4964 4314/4275/4966
f 4316/4284/4967 4322/4285/4967 4321/4282/4968 4315/4281/4968
f 4317/4286/4969 4323/4287/4969 4322/4285/4967 4316/4284/4967
f 4318/4288/4970 4324/4289/4971 4323/4287/4970 4317/4286/4970
f 4319/4280/4965 4325/4279/4965 4324/4289/4971 4318/4288/4972
f 4320/4278/4964 4326/4290/4964 4331/4291/4963 4325/4279/4965
f 4321/4282/4966 4327/4292/4973 4326/4293/4964 4320/4283/4964
f 4322/4285/4967 4328/4294/4967 4327/4292/4973 4321/4282/4968
f 4323/4287/4969 4329/4295/4974 4328/4294/4967 4322/4285/4967
f 4324/4289/4971 4330/4296/4971 4329/4295/4974 4323/4287/4970
f 4325/4279/4965 4331/4291/4972 4330/4296/4971 4324/4289/4971
f 4326/4290/4964 4308/4297/4964 4313/4298/4963 4331/4291/4963
f 4327/4292/4973 4309/4299/4973 4308/4271/4964 4326/4293/4964
f 4328/4294/4967 4310/4300/4968 4309/4299/4973 4327/4292/4973
f 4329/4295/4974 4311/4301/4974 4310/4300/4969 4328/4294/4967
f 4330/4296/4971 4312/4302/4971 4311/4301/4974 4329/4295/4974
f 4331/4291/4972 4313/4298/4972 4312/4302/4971 4330/4296/4971
o Grip_|_right_panel_neon_trim
v -0.017078 -0.002318 0.015480
v -0.017078 -0.002318 0.016520
v -0.016301 -0.002775 0.017040
v -0.015524 -0.003231 0.016520
v -0.015524 -0.003231 0.015480
v -0.016301 -0.002775 0.014960
v -0.016450 -0.001301 0.015480
v -0.016450 -0.001301 0.016520
v -0.015706 -0.001808 0.017040
v -0.014961 -0.002316 0.016520
v -0.014961 -0.002316 0.015480
v -0.015706 -0.001808 0.014960
v -0.015735 -0.000363 0.015480
v -0.015735 -0.000363 0.016520
v -0.015100 -0.001002 0.017040
v -0.014464 -0.001641 0.016520
v -0.014464 -0.001641 0.015480
v -0.015100 -0.001002 0.014960
v -0.014674 0.000431 0.015480
v -0.014674 0.000431 0.016520
v -0.014220 -0.000347 0.017040
v -0.013765 -0.001125 0.016520
v -0.013765 -0.001125 0.015480
v -0.014220 -0.000347 0.014960
v -0.008541 0.003154 0.015480
v -0.008541 0.003154 0.016520
v -0.008278 0.002292 0.017040
v -0.008014 0.001431 0.016520
v -0.008014 0.001431 0.015480
v -0.008278 0.002292 0.014960
v -0.001742 0.004353 0.015480
v -0.001742 0.004353 0.016520
v -0.001777 0.003453 0.017040
v -0.001812 0.002552 0.016520
v -0.001812 0.002552 0.015480
v -0.001777 0.003453 0.014960
v 0.005280 0.002529 0.015480
v 0.005280 0.002529 0.016520
v 0.004855 0.001734 0.017040
v 0.004431 0.000939 0.016520
v 0.004431 0.000939 0.015480
v 0.004855 0.001734 0.014960
v 0.007333 0.000701 0.015480
v 0.007333 0.000701 0.016520
v 0.006600 0.000178 0.017040
v 0.005866 -0.000346 0.016520
v 0.005866 -0.000346 0.015480
v 0.006600 0.000178 0.014960
v 0.008331 -0.001639 0.015480
v 0.008331 -0.001639 0.016520
v 0.007462 -0.001878 0.017040
v 0.006593 -0.002116 0.016520
v 0.006593 -0.002116 0.015480
v 0.007462 -0.001878 0.014960
v 0.008704 -0.004314 0.015480
v 0.008704 -0.004314 0.016520
v 0.007803 -0.004335 0.017040
v 0.006903 -0.004356 0.016520
v 0.006903 -0.004356 0.015480
v 0.007803 -0.004335 0.014960
v 0.007613 -0.016183 0.015480
v 0.007613 -0.016183 0.016520
v 0.006736 -0.015976 0.017040
v 0.005859 -0.015768 0.016520
v 0.005859 -0.015768 0.015480
v 0.006736 -0.015976 0.014960
v 0.003556 -0.026573 0.015480
v 0.003556 -0.026573 0.016520
v 0.002726 -0.026221 0.017040
v 0.001897 -0.025869 0.016520
v 0.001897 -0.025869 0.015480
v 0.002726 -0.026221 0.014960
v -0.001588 -0.037783 0.015480
v -0.001588 -0.037783 0.016520
v -0.002428 -0.037457 0.017040
v -0.003268 -0.037130 0.016520
v -0.003268 -0.037130 0.015480
v -0.002428 -0.037457 0.014960
v -0.002835 -0.041664 0.015480
v -0.002835 -0.041664 0.016520
v -0.003685 -0.041366 0.017040
v -0.004536 -0.041068 0.016520
v -0.004536 -0.041068 0.015480
v -0.003685 -0.041366 0.014960
v -0.004222 -0.045266 0.015480
v -0.004222 -0.045266 0.016520
v -0.004982 -0.044783 0.017040
v -0.005743 -0.044299 0.016520
v -0.005743 -0.044299 0.015480
v -0.004982 -0.044783 0.014960
v -0.007110 -0.048251 0.015480
v -0.007110 -0.048251 0.016520
v -0.007630 -0.047514 0.017040
v -0.008150 -0.046778 0.016520
v -0.008150 -0.046778 0.015480
v -0.007630 -0.047514 0.014960
v -0.015997 -0.052313 0.015480
v -0.015997 -0.052313 0.016520
v -0.016220 -0.051441 0.017040
v -0.016444 -0.050568 0.016520
v -0.016444 -0.050568 0.015480
v -0.016220 -0.051441 0.014960
v -0.025029 -0.052952 0.015480
v -0.025029 -0.052952 0.016520
v -0.024831 -0.052073 0.017040
v -0.024633 -0.051194 0.016520
v -0.024633 -0.051194 0.015480
v -0.024831 -0.052073 0.014960
v -0.032945 -0.048440 0.015480
v -0.032945 -0.048440 0.016520
v -0.032254 -0.047861 0.017040
v -0.031564 -0.047283 0.016520
v -0.031564 -0.047283 0.015480
v -0.032254 -0.047861 0.014960
v -0.034388 -0.044401 0.015480
v -0.034388 -0.044401 0.016520
v -0.033487 -0.044373 0.017040
v -0.032587 -0.044345 0.016520
v -0.032587 -0.044345 0.015480
v -0.033487 -0.044373 0.014960
v -0.033263 -0.040294 0.015480
v -0.033263 -0.040294 0.016520
v -0.032406 -0.040574 0.017040
v -0.031550 -0.040854 0.016520
v -0.031550 -0.040854 0.015480
v -0.032406 -0.040574 0.014960
v -0.031717 -0.036117 0.015480
v -0.031717 -0.036117 0.016520
v -0.030867 -0.036416 0.017040
v -0.030017 -0.036715 0.016520
v -0.030017 -0.036715 0.015480
v -0.030867 -0.036416 0.014960
v -0.028955 -0.027835 0.015480
v -0.028955 -0.027835 0.016520
v -0.028117 -0.028165 0.017040
v -0.027278 -0.028495 0.016520
v -0.027278 -0.028495 0.015480
v -0.028117 -0.028165 0.014960
v -0.025700 -0.020709 0.015480
v -0.025700 -0.020709 0.016520
v -0.024883 -0.021088 0.017040
v -0.024065 -0.021467 0.016520
v -0.024065 -0.021467 0.015480
v -0.024883 -0.021088 0.014960
v -0.021980 -0.012815 0.015480
v -0.021980 -0.012815 0.016520
v -0.021156 -0.013179 0.017040
v -0.020332 -0.013544 0.016520
v -0.020332 -0.013544 0.015480
v -0.021156 -0.013179 0.014960
v -0.020462 -0.009147 0.015480
v -0.020462 -0.009147 0.016520
v -0.019631 -0.009497 0.017040
v -0.018801 -0.009846 0.016520
v -0.018801 -0.009846 0.015480
v -0.019631 -0.009497 0.014960
v -0.019045 -0.005838 0.015480
v -0.019045 -0.005838 0.016520
v -0.018236 -0.006235 0.017040
v -0.017428 -0.006633 0.016520
v -0.017428 -0.006633 0.015480
v -0.018236 -0.006235 0.014960
vn -0.7483 0.4394 -0.4970
vn -0.7174 0.4923 -0.4929
vn -0.4132 0.2829 -0.8656
vn -0.4313 0.2533 -0.8659
vn -0.7483 0.4394 0.4970
vn -0.7174 0.4923 0.4929
vn -0.4313 0.2533 0.8659
vn -0.4132 0.2829 0.8656
vn 0.7456 -0.4375 0.5027
vn 0.7151 -0.4829 0.5054
vn 0.4145 -0.2811 0.8655
vn 0.4314 -0.2532 0.8659
vn 0.7456 -0.4375 -0.5027
vn 0.7151 -0.4829 -0.5054
vn 0.4314 -0.2532 -0.8659
vn 0.4145 -0.2811 -0.8655
vn -0.6168 0.6219 -0.4824
vn -0.3515 0.3540 -0.8667
vn -0.6168 0.6219 0.4824
vn -0.3515 0.3540 0.8667
vn 0.6029 -0.6029 0.5225
vn 0.3522 -0.3530 0.8668
vn 0.6029 -0.6029 -0.5225
vn 0.3522 -0.3530 -0.8668
vn -0.4422 0.7545 -0.4849
vn -0.2529 0.4319 -0.8658
vn -0.4422 0.7545 0.4849
vn -0.2529 0.4319 0.8658
vn 0.4313 -0.7406 0.5153
vn 0.2522 -0.4323 0.8657
vn 0.4313 -0.7406 -0.5153
vn 0.2522 -0.4323 -0.8657
vn -0.2556 0.8373 -0.4833
vn -0.1464 0.4795 -0.8652
vn -0.2556 0.8373 0.4833
vn -0.1464 0.4795 0.8652
vn 0.2516 -0.8185 0.5164
vn 0.1470 -0.4794 0.8652
vn 0.2516 -0.8185 -0.5164
vn 0.1470 -0.4794 -0.8652
vn 0.0351 0.8803 -0.4732
vn 0.0200 0.4986 -0.8666
vn 0.0351 0.8803 0.4732
vn 0.0200 0.4986 0.8666
vn -0.0317 -0.8458 0.5326
vn -0.0193 -0.4986 0.8666
vn -0.0317 -0.8458 -0.5326
vn -0.0193 -0.4986 -0.8666
vn 0.4159 0.7782 -0.4705
vn 0.2354 0.4403 -0.8665
vn 0.4159 0.7782 0.4705
vn 0.2354 0.4403 0.8665
vn -0.3983 -0.7443 0.5361
vn -0.2355 -0.4401 0.8665
vn -0.3983 -0.7443 -0.5361
vn -0.2355 -0.4401 -0.8665
vn 0.7158 0.5141 -0.4726
vn 0.4053 0.2909 -0.8667
vn 0.7158 0.5141 0.4726
vn 0.4053 0.2909 0.8667
vn -0.6898 -0.4885 0.5343
vn -0.4063 -0.2892 0.8668
vn -0.6898 -0.4885 -0.5343
vn -0.4063 -0.2892 -0.8668
vn 0.8443 0.2340 -0.4820
vn 0.4832 0.1336 -0.8653
vn 0.8443 0.2340 0.4820
vn 0.4832 0.1336 0.8653
vn -0.8260 -0.2235 0.5174
vn -0.4838 -0.1319 0.8652
vn -0.8260 -0.2235 -0.5174
vn -0.4838 -0.1319 -0.8652
vn 0.8745 0.0205 -0.4846
vn 0.5003 0.0117 -0.8658
vn 0.8745 0.0205 0.4846
vn 0.5003 0.0117 0.8658
vn -0.8563 -0.0197 0.5161
vn -0.5004 -0.0116 0.8657
vn -0.8563 -0.0197 -0.5161
vn -0.5004 -0.0116 -0.8657
vn 0.8526 -0.2014 -0.4822
vn 0.4854 -0.1147 -0.8667
vn 0.8526 -0.2014 0.4822
vn 0.4854 -0.1147 0.8667
vn -0.8306 0.1966 0.5211
vn -0.4854 0.1148 0.8667
vn -0.8306 0.1966 -0.5211
vn -0.4854 0.1148 -0.8667
vn 0.7996 -0.3393 -0.4956
vn 0.4612 -0.1957 -0.8654
vn 0.7996 -0.3393 0.4956
vn 0.4612 -0.1957 0.8654
vn -0.7952 0.3380 0.5034
vn -0.4611 0.1959 0.8654
vn -0.7952 0.3380 -0.5034
vn -0.4611 0.1959 -0.8654
vn 0.8026 -0.3118 -0.5085
vn 0.4658 -0.1810 -0.8662
vn 0.8026 -0.3118 0.5085
vn 0.4658 -0.1810 0.8662
vn -0.8114 0.3154 0.4921
vn -0.4658 0.1810 0.8662
vn -0.8114 0.3154 -0.4921
vn -0.4658 0.1810 -0.8662
vn 0.8194 -0.2888 -0.4951
vn 0.4736 -0.1666 -0.8649
vn 0.8194 -0.2888 0.4951
vn 0.4736 -0.1666 0.8649
vn -0.8167 0.2843 0.5021
vn -0.4740 0.1655 0.8648
vn -0.8167 0.2843 -0.5021
vn -0.4740 0.1655 -0.8648
vn 0.7416 -0.4734 -0.4754
vn 0.4196 -0.2678 -0.8673
vn 0.7416 -0.4734 0.4754
vn 0.4196 -0.2678 0.8673
vn -0.7154 0.4532 0.5318
vn -0.4201 0.2668 0.8674
vn -0.7154 0.4532 -0.5318
vn -0.4201 0.2668 -0.8674
vn 0.5076 -0.7182 -0.4760
vn 0.2887 -0.4085 -0.8659
vn 0.5076 -0.7182 0.4760
vn 0.2887 -0.4085 0.8659
vn -0.4899 0.6943 0.5272
vn -0.2885 0.4086 0.8659
vn -0.4899 0.6943 -0.5272
vn -0.2885 0.4086 -0.8659
vn 0.2174 -0.8524 -0.4756
vn 0.1241 -0.4872 -0.8645
vn 0.2174 -0.8524 0.4756
vn 0.1241 -0.4872 0.8645
vn -0.2122 0.8247 0.5243
vn -0.1248 0.4871 0.8644
vn -0.2122 0.8247 -0.5243
vn -0.1248 0.4871 -0.8644
vn -0.1968 -0.8637 -0.4640
vn -0.1116 -0.4867 -0.8664
vn -0.1968 -0.8637 0.4640
vn -0.1116 -0.4867 0.8664
vn 0.1831 0.8181 0.5452
vn 0.1104 0.4870 0.8664
vn 0.1831 0.8181 -0.5452
vn 0.1104 0.4870 -0.8664
vn -0.6809 -0.5708 -0.4589
vn -0.3807 -0.3189 -0.8680
vn -0.6809 -0.5708 0.4589
vn -0.3807 -0.3189 0.8680
vn 0.6367 0.5321 0.5582
vn 0.3807 0.3183 0.8682
vn 0.6367 0.5321 -0.5582
vn 0.3807 0.3183 -0.8682
vn -0.8853 -0.0334 -0.4639
vn -0.4968 -0.0192 -0.8677
vn -0.8853 -0.0334 0.4639
vn -0.4968 -0.0192 0.8677
vn 0.8353 0.0215 0.5494
vn 0.4968 0.0155 0.8677
vn 0.8353 0.0215 -0.5494
vn 0.4968 0.0155 -0.8677
vn -0.8287 0.2669 -0.4920
vn -0.4797 0.1552 -0.8636
vn -0.8287 0.2669 0.4920
vn -0.4797 0.1552 0.8636
vn 0.8206 -0.2725 0.5023
vn 0.4792 -0.1579 0.8634
vn 0.8206 -0.2725 -0.5023
vn 0.4792 -0.1579 -0.8634
vn -0.8158 0.2869 -0.5022
vn -0.4719 0.1659 -0.8659
vn -0.8158 0.2869 0.5022
vn -0.4719 0.1659 0.8659
vn 0.8183 -0.2877 0.4976
vn 0.4719 -0.1659 0.8659
vn 0.8183 -0.2877 -0.4976
vn 0.4719 -0.1659 -0.8659
vn -0.8096 0.3188 -0.4929
vn -0.4650 0.1831 -0.8662
vn -0.8096 0.3188 0.4929
vn -0.4650 0.1831 0.8662
vn 0.8016 -0.3157 0.5077
vn 0.4650 -0.1831 0.8662
vn 0.8016 -0.3157 -0.5077
vn 0.4650 -0.1831 -0.8662
vn -0.7860 0.3647 -0.4991
vn -0.4537 0.2105 -0.8659
vn -0.7860 0.3647 0.4991
vn -0.4537 0.2105 0.8659
vn 0.7852 -0.3644 0.5007
vn 0.4537 -0.2106 0.8659
vn 0.7852 -0.3644 -0.5007
vn 0.4537 -0.2106 -0.8659
vn -0.7902 0.3495 -0.5034
vn -0.4572 0.2022 -0.8661
vn -0.7902 0.3495 0.5034
vn -0.4572 0.2022 0.8661
vn 0.7937 -0.3511 0.4968
vn 0.4572 -0.2022 0.8661
vn 0.7937 -0.3511 -0.4968
vn 0.4572 -0.2022 -0.8661
vn -0.7986 0.3363 -0.4991
vn -0.4610 0.1941 -0.8659
vn -0.7986 0.3363 0.4991
vn -0.4610 0.1941 0.8659
vn 0.7979 -0.3357 0.5007
vn 0.4610 -0.1940 0.8659
vn 0.7979 -0.3357 -0.5007
vn 0.4610 -0.1940 -0.8659
vn -0.7807 0.3840 -0.4930
vn -0.4484 0.2206 -0.8662
vn -0.7807 0.3840 0.4930
vn -0.4484 0.2206 0.8662
vn 0.7732 -0.3802 0.5076
vn 0.4485 -0.2206 0.8662
vn 0.7732 -0.3802 -0.5076
vn 0.4485 -0.2206 -0.8662
vt 0.000000 1.000000
vt 0.037037 1.000000
vt 0.037037 0.833333
vt 0.000000 0.833333
vt 0.000000 0.166667
vt 0.037037 0.166667
vt 0.037037 0.000000
vt 0.000000 0.000000
vt 0.000000 0.333333
vt 0.037037 0.333333
vt 0.000000 0.500000
vt 0.037037 0.500000
vt 0.000000 0.666667
vt 0.037037 0.666667
vt 0.074074 1.000000
vt 0.074074 0.833333
vt 0.074074 0.166667
vt 0.074074 0.000000
vt 0.074074 0.333333
vt 0.074074 0.500000
vt 0.074074 0.666667
vt 0.111111 1.000000
vt 0.111111 0.833333
vt 0.111111 0.166667
vt 0.111111 0.000000
vt 0.111111 0.333333
vt 0.111111 0.500000
vt 0.111111 0.666667
vt 0.148148 1.000000
vt 0.148148 0.833333
vt 0.148148 0.166667
vt 0.148148 0.000000
vt 0.148148 0.333333
vt 0.148148 0.500000
vt 0.148148 0.666667
vt 0.185185 1.000000
vt 0.185185 0.833333
vt 0.185185 0.166667
vt 0.185185 0.000000
vt 0.185185 0.333333
vt 0.185185 0.500000
vt 0.185185 0.666667
vt 0.222222 1.000000
vt 0.222222 0.833333
vt 0.222222 0.166667
vt 0.222222 0.000000
vt 0.222222 0.333333
vt 0.222222 0.500000
vt 0.222222 0.666667
vt 0.259259 1.000000
vt 0.259259 0.833333
vt 0.259259 0.166667
vt 0.259259 0.000000
vt 0.259259 0.333333
vt 0.259259 0.500000
vt 0.259259 0.666667
vt 0.296296 1.000000
vt 0.296296 0.833333
vt 0.296296 0.166667
vt 0.296296 0.000000
vt 0.296296 0.333333
vt 0.296296 0.500000
vt 0.296296 0.666667
vt 0.333333 1.000000
vt 0.333333 0.833333
vt 0.333333 0.166667
vt 0.333333 0.000000
vt 0.333333 0.333333
vt 0.333333 0.500000
vt 0.333333 0.666667
vt 0.370370 1.000000
vt 0.370370 0.833333
vt 0.370370 0.166667
vt 0.370370 0.000000
vt 0.370370 0.333333
vt 0.370370 0.500000
vt 0.370370 0.666667
vt 0.407407 1.000000
vt 0.407407 0.833333
vt 0.407407 0.166667
vt 0.407407 0.000000
vt 0.407407 0.333333
vt 0.407407 0.500000
vt 0.407407 0.666667
vt 0.444444 1.000000
vt 0.444444 0.833333
vt 0.444444 0.166667
vt 0.444444 0.000000
vt 0.444444 0.333333
vt 0.444444 0.500000
vt 0.444444 0.666667
vt 0.481481 1.000000
vt 0.481481 0.833333
vt 0.481481 0.166667
vt 0.481481 0.000000
vt 0.481481 0.333333
vt 0.481481 0.500000
vt 0.481481 0.666667
vt 0.518519 1.000000
vt 0.518519 0.833333
vt 0.518519 0.166667
vt 0.518519 0.000000
vt 0.518519 0.333333
vt 0.518519 0.500000
vt 0.518519 0.666667
vt 0.555556 1.000000
vt 0.555556 0.833333
vt 0.555556 0.166667
vt 0.555556 0.000000
vt 0.555556 0.333333
vt 0.555556 0.500000
vt 0.555556 0.666667
vt 0.592593 1.000000
vt 0.592593 0.833333
vt 0.592593 0.166667
vt 0.592593 0.000000
vt 0.592593 0.333333
vt 0.592593 0.500000
vt 0.592593 0.666667
vt 0.629630 1.000000
vt 0.629630 0.833333
vt 0.629630 0.166667
vt 0.629630 0.000000
vt 0.629630 0.333333
vt 0.629630 0.500000
vt 0.629630 0.666667
vt 0.666667 1.000000
vt 0.666667 0.833333
vt 0.666667 0.166667
vt 0.666667 0.000000
vt 0.666667 0.333333
vt 0.666667 0.500000
vt 0.666667 0.666667
vt 0.703704 1.000000
vt 0.703704 0.833333
vt 0.703704 0.166667
vt 0.703704 0.000000
vt 0.703704 0.333333
vt 0.703704 0.500000
vt 0.703704 0.666667
vt 0.740741 1.000000
vt 0.740741 0.833333
vt 0.740741 0.166667
vt 0.740741 0.000000
vt 0.740741 0.333333
vt 0.740741 0.500000
vt 0.740741 0.666667
vt 0.777778 1.000000
vt 0.777778 0.833333
vt 0.777778 0.166667
vt 0.777778 0.000000
vt 0.777778 0.333333
vt 0.777778 0.500000
vt 0.777778 0.666667
vt 0.814815 1.000000
vt 0.814815 0.833333
vt 0.814815 0.166667
vt 0.814815 0.000000
vt 0.814815 0.333333
vt 0.814815 0.500000
vt 0.814815 0.666667
vt 0.851852 1.000000
vt 0.851852 0.833333
vt 0.851852 0.166667
vt 0.851852 0.000000
vt 0.851852 0.333333
vt 0.851852 0.500000
vt 0.851852 0.666667
vt 0.888889 1.000000
vt 0.888889 0.833333
vt 0.888889 0.166667
vt 0.888889 0.000000
vt 0.888889 0.333333
vt 0.888889 0.500000
vt 0.888889 0.666667
vt 0.925926 1.000000
vt 0.925926 0.833333
vt 0.925926 0.166667
vt 0.925926 0.000000
vt 0.925926 0.333333
vt 0.925926 0.500000
vt 0.925926 0.666667
vt 0.962963 1.000000
vt 0.962963 0.833333
vt 0.962963 0.166667
vt 0.962963 0.000000
vt 0.962963 0.333333
vt 0.962963 0.500000
vt 0.962963 0.666667
vt 1.000000 1.000000
vt 1.000000 0.833333
vt 1.000000 0.166667
vt 1.000000 0.000000
vt 1.000000 0.333333
vt 1.000000 0.500000
vt 1.000000 0.666667
s 1
usemtl Glow_|_violet_neon
f 4332/4303/4975 4338/4304/4976 4343/4305/4977 4337/4306/4978
f 4333/4307/4979 4339/4308/4980 4338/4309/4976 4332/4310/4975
f 4334/4311/4981 4340/4312/4982 4339/4308/4980 4333/4307/4979
f 4335/4313/4983 4341/4314/4984 4340/4312/4985 4334/4311/4986
f 4336/4315/4987 4342/4316/4988 4341/4314/4984 4335/4313/4983
f 4337/4306/4989 4343/4305/4990 4342/4316/4988 4336/4315/4987
f 4338/4304/4976 4344/4317/4991 4349/4318/4992 4343/4305/4977
f 4339/4308/4980 4345/4319/4993 4344/4320/4991 4338/4309/4976
f 4340/4312/4982 4346/4321/4994 4345/4319/4993 4339/4308/4980
f 4341/4314/4984 4347/4322/4995 4346/4321/4996 4340/4312/4985
f 4342/4316/4988 4348/4323/4997 4347/4322/4995 4341/4314/4984
f 4343/4305/4990 4349/4318/4998 4348/4323/4997 4342/4316/4988
f 4344/4317/4991 4350/4324/4999 4355/4325/5000 4349/4318/4992
f 4345/4319/4993 4351/4326/5001 4350/4327/4999 4344/4320/4991
f 4346/4321/4994 4352/4328/5002 4351/4326/5001 4345/4319/4993
f 4347/4322/4995 4353/4329/5003 4352/4328/5004 4346/4321/4996
f 4348/4323/4997 4354/4330/5005 4353/4329/5003 4347/4322/4995
f 4349/4318/4998 4355/4325/5006 4354/4330/5005 4348/4323/4997
f 4350/4324/4999 4356/4331/5007 4361/4332/5008 4355/4325/5000
f 4351/4326/5001 4357/4333/5009 4356/4334/5007 4350/4327/4999
f 4352/4328/5002 4358/4335/5010 4357/4333/5009 4351/4326/5001
f 4353/4329/5003 4359/4336/5011 4358/4335/5012 4352/4328/5004
f 4354/4330/5005 4360/4337/5013 4359/4336/5011 4353/4329/5003
f 4355/4325/5006 4361/4332/5014 4360/4337/5013 4354/4330/5005
f 4356/4331/5007 4362/4338/5015 4367/4339/5016 4361/4332/5008
f 4357/4333/5009 4363/4340/5017 4362/4341/5015 4356/4334/5007
f 4358/4335/5010 4364/4342/5018 4363/4340/5017 4357/4333/5009
f 4359/4336/5011 4365/4343/5019 4364/4342/5020 4358/4335/5012
f 4360/4337/5013 4366/4344/5021 4365/4343/5019 4359/4336/5011
f 4361/4332/5014 4367/4339/5022 4366/4344/5021 4360/4337/5013
f 4362/4338/5015 4368/4345/5023 4373/4346/5024 4367/4339/5016
f 4363/4340/5017 4369/4347/5025 4368/4348/5023 4362/4341/5015
f 4364/4342/5018 4370/4349/5026 4369/4347/5025 4363/4340/5017
f 4365/4343/5019 4371/4350/5027 4370/4349/5028 4364/4342/5020
f 4366/4344/5021 4372/4351/5029 4371/4350/5027 4365/4343/5019
f 4367/4339/5022 4373/4346/5030 4372/4351/5029 4366/4344/5021
f 4368/4345/5023 4374/4352/5031 4379/4353/5032 4373/4346/5024
f 4369/4347/5025 4375/4354/5033 4374/4355/5031 4368/4348/5023
f 4370/4349/5026 4376/4356/5034 4375/4354/5033 4369/4347/5025
f 4371/4350/5027 4377/4357/5035 4376/4356/5036 4370/4349/5028
f 4372/4351/5029 4378/4358/5037 4377/4357/5035 4371/4350/5027
f 4373/4346/5030 4379/4353/5038 4378/4358/5037 4372/4351/5029
f 4374/4352/5031 4380/4359/5039 4385/4360/5040 4379/4353/5032
f 4375/4354/5033 4381/4361/5041 4380/4362/5039 4374/4355/5031
f 4376/4356/5034 4382/4363/5042 4381/4361/5041 4375/4354/5033
f 4377/4357/5035 4383/4364/5043 4382/4363/5044 4376/4356/5036
f 4378/4358/5037 4384/4365/5045 4383/4364/5043 4377/4357/5035
f 4379/4353/5038 4385/4360/5046 4384/4365/5045 4378/4358/5037
f 4380/4359/5039 4386/4366/5047 4391/4367/5048 4385/4360/5040
f 4381/4361/5041 4387/4368/5049 4386/4369/5047 4380/4362/5039
f 4382/4363/5042 4388/4370/5050 4387/4368/5049 4381/4361/5041
f 4383/4364/5043 4389/4371/5051 4388/4370/5052 4382/4363/5044
f 4384/4365/5045 4390/4372/5053 4389/4371/5051 4383/4364/5043
f 4385/4360/5046 4391/4367/5054 4390/4372/5053 4384/4365/5045
f 4386/4366/5047 4392/4373/5055 4397/4374/5056 4391/4367/5048
f 4387/4368/5049 4393/4375/5057 4392/4376/5055 4386/4369/5047
f 4388/4370/5050 4394/4377/5058 4393/4375/5057 4387/4368/5049
f 4389/4371/5051 4395/4378/5059 4394/4377/5060 4388/4370/5052
f 4390/4372/5053 4396/4379/5061 4395/4378/5059 4389/4371/5051
f 4391/4367/5054 4397/4374/5062 4396/4379/5061 4390/4372/5053
f 4392/4373/5055 4398/4380/5063 4403/4381/5064 4397/4374/5056
f 4393/4375/5057 4399/4382/5065 4398/4383/5063 4392/4376/5055
f 4394/4377/5058 4400/4384/5066 4399/4382/5065 4393/4375/5057
f 4395/4378/5059 4401/4385/5067 4400/4384/5068 4394/4377/5060
f 4396/4379/5061 4402/4386/5069 4401/4385/5067 4395/4378/5059
f 4397/4374/5062 4403/4381/5070 4402/4386/5069 4396/4379/5061
f 4398/4380/5063 4404/4387/5071 4409/4388/5072 4403/4381/5064
f 4399/4382/5065 4405/4389/5073 4404/4390/5071 4398/4383/5063
f 4400/4384/5066 4406/4391/5074 4405/4389/5073 4399/4382/5065
f 4401/4385/5067 4407/4392/5075 4406/4391/5076 4400/4384/5068
f 4402/4386/5069 4408/4393/5077 4407/4392/5075 4401/4385/5067
f 4403/4381/5070 4409/4388/5078 4408/4393/5077 4402/4386/5069
f 4404/4387/5071 4410/4394/5079 4415/4395/5080 4409/4388/5072
f 4405/4389/5073 4411/4396/5081 4410/4397/5079 4404/4390/5071
f 4406/4391/5074 4412/4398/5082 4411/4396/5081 4405/4389/5073
f 4407/4392/5075 4413/4399/5083 4412/4398/5084 4406/4391/5076
f 4408/4393/5077 4414/4400/5085 4413/4399/5083 4407/4392/5075
f 4409/4388/5078 4415/4395/5086 4414/4400/5085 4408/4393/5077
f 4410/4394/5079 4416/4401/5087 4421/4402/5088 4415/4395/5080
f 4411/4396/5081 4417/4403/5089 4416/4404/5087 4410/4397/5079
f 4412/4398/5082 4418/4405/5090 4417/4403/5089 4411/4396/5081
f 4413/4399/5083 4419/4406/5091 4418/4405/5092 4412/4398/5084
f 4414/4400/5085 4420/4407/5093 4419/4406/5091 4413/4399/5083
f 4415/4395/5086 4421/4402/5094 4420/4407/5093 4414/4400/5085
f 4416/4401/5087 4422/4408/5095 4427/4409/5096 4421/4402/5088
f 4417/4403/5089 4423/4410/5097 4422/4411/5095 4416/4404/5087
f 4418/4405/5090 4424/4412/5098 4423/4410/5097 4417/4403/5089
f 4419/4406/5091 4425/4413/5099 4424/4412/5100 4418/4405/5092
f 4420/4407/5093 4426/4414/5101 4425/4413/5099 4419/4406/5091
f 4421/4402/5094 4427/4409/5102 4426/4414/5101 4420/4407/5093
f 4422/4408/5095 4428/4415/5103 4433/4416/5104 4427/4409/5096
f 4423/4410/5097 4429/4417/5105 4428/4418/5103 4422/4411/5095
f 4424/4412/5098 4430/4419/5106 4429/4417/5105 4423/4410/5097
f 4425/4413/5099 4431/4420/5107 4430/4419/5108 4424/4412/5100
f 4426/4414/5101 4432/4421/5109 4431/4420/5107 4425/4413/5099
f 4427/4409/5102 4433/4416/5110 4432/4421/5109 4426/4414/5101
f 4428/4415/5103 4434/4422/5111 4439/4423/5112 4433/4416/5104
f 4429/4417/5105 4435/4424/5113 4434/4425/5111 4428/4418/5103
f 4430/4419/5106 4436/4426/5114 4435/4424/5113 4429/4417/5105
f 4431/4420/5107 4437/4427/5115 4436/4426/5116 4430/4419/5108
f 4432/4421/5109 4438/4428/5117 4437/4427/5115 4431/4420/5107
f 4433/4416/5110 4439/4423/5118 4438/4428/5117 4432/4421/5109
f 4434/4422/5111 4440/4429/5119 4445/4430/5120 4439/4423/5112
f 4435/4424/5113 4441/4431/5121 4440/4432/5119 4434/4425/5111
f 4436/4426/5114 4442/4433/5122 4441/4431/5121 4435/4424/5113
f 4437/4427/5115 4443/4434/5123 4442/4433/5124 4436/4426/5116
f 4438/4428/5117 4444/4435/5125 4443/4434/5123 4437/4427/5115
f 4439/4423/5118 4445/4430/5126 4444/4435/5125 4438/4428/5117
f 4440/4429/5119 4446/4436/5127 4451/4437/5128 4445/4430/5120
f 4441/4431/5121 4447/4438/5129 4446/4439/5127 4440/4432/5119
f 4442/4433/5122 4448/4440/5130 4447/4438/5129 4441/4431/5121
f 4443/4434/5123 4449/4441/5131 4448/4440/5132 4442/4433/5124
f 4444/4435/5125 4450/4442/5133 4449/4441/5131 4443/4434/5123
f 4445/4430/5126 4451/4437/5134 4450/4442/5133 4444/4435/5125
f 4446/4436/5127 4452/4443/5135 4457/4444/5136 4451/4437/5128
f 4447/4438/5129 4453/4445/5137 4452/4446/5135 4446/4439/5127
f 4448/4440/5130 4454/4447/5138 4453/4445/5137 4447/4438/5129
f 4449/4441/5131 4455/4448/5139 4454/4447/5140 4448/4440/5132
f 4450/4442/5133 4456/4449/5141 4455/4448/5139 4449/4441/5131
f 4451/4437/5134 4457/4444/5142 4456/4449/5141 4450/4442/5133
f 4452/4443/5135 4458/4450/5143 4463/4451/5144 4457/4444/5136
f 4453/4445/5137 4459/4452/5145 4458/4453/5143 4452/4446/5135
f 4454/4447/5138 4460/4454/5146 4459/4452/5145 4453/4445/5137
f 4455/4448/5139 4461/4455/5147 4460/4454/5148 4454/4447/5140
f 4456/4449/5141 4462/4456/5149 4461/4455/5147 4455/4448/5139
f 4457/4444/5142 4463/4451/5150 4462/4456/5149 4456/4449/5141
f 4458/4450/5143 4464/4457/5151 4469/4458/5152 4463/4451/5144
f 4459/4452/5145 4465/4459/5153 4464/4460/5151 4458/4453/5143
f 4460/4454/5146 4466/4461/5154 4465/4459/5153 4459/4452/5145
f 4461/4455/5147 4467/4462/5155 4466/4461/5156 4460/4454/5148
f 4462/4456/5149 4468/4463/5157 4467/4462/5155 4461/4455/5147
f 4463/4451/5150 4469/4458/5158 4468/4463/5157 4462/4456/5149
f 4464/4457/5151 4470/4464/5159 4475/4465/5160 4469/4458/5152
f 4465/4459/5153 4471/4466/5161 4470/4467/5159 4464/4460/5151
f 4466/4461/5154 4472/4468/5162 4471/4466/5161 4465/4459/5153
f 4467/4462/5155 4473/4469/5163 4472/4468/5164 4466/4461/5156
f 4468/4463/5157 4474/4470/5165 4473/4469/5163 4467/4462/5155
f 4469/4458/5158 4475/4465/5166 4474/4470/5165 4468/4463/5157
f 4470/4464/5159 4476/4471/5167 4481/4472/5168 4475/4465/5160
f 4471/4466/5161 4477/4473/5169 4476/4474/5167 4470/4467/5159
f 4472/4468/5162 4478/4475/5170 4477/4473/5169 4471/4466/5161
f 4473/4469/5163 4479/4476/5171 4478/4475/5172 4472/4468/5164
f 4474/4470/5165 4480/4477/5173 4479/4476/5171 4473/4469/5163
f 4475/4465/5166 4481/4472/5174 4480/4477/5173 4474/4470/5165
f 4476/4471/5167 4482/4478/5175 4487/4479/5176 4481/4472/5168
f 4477/4473/5169 4483/4480/5177 4482/4481/5175 4476/4474/5167
f 4478/4475/5170 4484/4482/5178 4483/4480/5177 4477/4473/5169
f 4479/4476/5171 4485/4483/5179 4484/4482/5180 4478/4475/5172
f 4480/4477/5173 4486/4484/5181 4485/4483/5179 4479/4476/5171
f 4481/4472/5174 4487/4479/5182 4486/4484/5181 4480/4477/5173
f 4482/4478/5175 4488/4485/5183 4493/4486/5184 4487/4479/5176
f 4483/4480/5177 4489/4487/5185 4488/4488/5183 4482/4481/5175
f 4484/4482/5178 4490/4489/5186 4489/4487/5185 4483/4480/5177
f 4485/4483/5179 4491/4490/5187 4490/4489/5188 4484/4482/5180
f 4486/4484/5181 4492/4491/5189 4491/4490/5187 4485/4483/5179
f 4487/4479/5182 4493/4486/5190 4492/4491/5189 4486/4484/5181
f 4488/4485/5183 4332/4492/4975 4337/4493/4978 4493/4486/5184
f 4489/4487/5185 4333/4494/4979 4332/4495/4975 4488/4488/5183
f 4490/4489/5186 4334/4496/4981 4333/4494/4979 4489/4487/5185
f 4491/4490/5187 4335/4497/4983 4334/4496/4986 4490/4489/5188
f 4492/4491/5189 4336/4498/4987 4335/4497/4983 4491/4490/5187
f 4493/4486/5190 4337/4493/4989 4336/4498/4987 4492/4491/5189
o Grip_|_right_stud
v -0.014188 -0.022333 0.015000
v -0.015265 -0.020468 0.015000
v -0.017131 -0.019390 0.015000
v -0.019285 -0.019390 0.015000
v -0.021151 -0.020468 0.015000
v -0.022228 -0.022333 0.015000
v -0.022228 -0.024488 0.015000
v -0.021151 -0.026353 0.015000
v -0.019285 -0.027430 0.015000
v -0.017131 -0.027430 0.015000
v -0.015265 -0.026353 0.015000
v -0.014188 -0.024488 0.015000
v -0.014188 -0.022333 0.018200
v -0.015265 -0.020468 0.018200
v -0.017131 -0.019390 0.018200
v -0.019285 -0.019390 0.018200
v -0.021151 -0.020468 0.018200
v -0.022228 -0.022333 0.018200
v -0.022228 -0.024488 0.018200
v -0.021151 -0.026353 0.018200
v -0.019285 -0.027430 0.018200
v -0.017131 -0.027430 0.018200
v -0.015265 -0.026353 0.018200
v -0.014188 -0.024488 0.018200
v -0.015863 -0.022782 0.019000
v -0.016491 -0.021694 0.019000
v -0.017580 -0.021065 0.019000
v -0.018836 -0.021065 0.019000
v -0.019925 -0.021694 0.019000
v -0.020553 -0.022782 0.019000
v -0.020553 -0.024039 0.019000
v -0.019925 -0.025127 0.019000
v -0.018836 -0.025755 0.019000
v -0.017580 -0.025755 0.019000
v -0.016491 -0.025127 0.019000
v -0.015863 -0.024039 0.019000
v -0.018208 -0.023410 0.019200
vn 0.9659 0.2588 -0.0000
vn 0.7071 0.7071 -0.0000
vn 0.2588 0.9659 -0.0000
vn -0.2588 0.9659 -0.0000
vn -0.7071 0.7071 -0.0000
vn -0.9659 0.2588 -0.0000
vn -0.9659 -0.2588 -0.0000
vn -0.7071 -0.7071 -0.0000
vn -0.2588 -0.9659 -0.0000
vn 0.2588 -0.9659 -0.0000
vn 0.7071 -0.7071 -0.0000
vn 0.9659 -0.2588 -0.0000
vn 0.4046 0.1084 0.9080
vn 0.2962 0.2962 0.9080
vn 0.1988 0.1988 0.9597
vn 0.2715 0.0728 0.9597
vn 0.1084 0.4046 0.9080
vn 0.0728 0.2715 0.9597
vn -0.1084 0.4046 0.9080
vn -0.0728 0.2715 0.9597
vn -0.2962 0.2962 0.9080
vn -0.1988 0.1988 0.9597
vn -0.4046 0.1084 0.9080
vn -0.2715 0.0728 0.9597
vn -0.4046 -0.1084 0.9080
vn -0.2715 -0.0728 0.9597
vn -0.2962 -0.2962 0.9080
vn -0.1988 -0.1988 0.9597
vn -0.1084 -0.4046 0.9080
vn -0.0728 -0.2715 0.9597
vn 0.1084 -0.4046 0.9080
vn 0.0728 -0.2715 0.9597
vn 0.2962 -0.2962 0.9080
vn 0.1988 -0.1988 0.9597
vn 0.4046 -0.1084 0.9080
vn 0.2715 -0.0728 0.9597
vn -0.0000 -0.0000 1.0000
vn -0.0000 -0.0000 -1.0000
s 1
usemtl Chrome_|_polished_body
f 4494//5191 4495//5192 4507//5192 4506//5191
f 4495//5192 4496//5193 4508//5193 4507//5192
f 4496//5193 4497//5194 4509//5194 4508//5193
f 4497//5194 4498//5195 4510//5195 4509//5194
f 4498//5195 4499//5196 4511//5196 4510//5195
f 4499//5196 4500//5197 4512//5197 4511//5196
f 4500//5197 4501//5198 4513//5198 4512//5197
f 4501//5198 4502//5199 4514//5199 4513//5198
f 4502//5199 4503//5200 4515//5200 4514//5199
f 4503//5200 4504//5201 4516//5201 4515//5200
f 4504//5201 4505//5202 4517//5202 4516//5201
f 4505//5202 4494//5191 4506//5191 4517//5202
f 4494//5228 4505//5228 4504//5228 4503//5228 4502//5228 4501//5228 4500//5228 4499//5228 4498//5228 4497//5228 4496//5228 4495//5228
usemtl Glow_|_violet_neon
f 4506//5203 4507//5204 4519//5205 4518//5206
f 4507//5204 4508//5207 4520//5208 4519//5205
f 4508//5207 4509//5209 4521//5210 4520//5208
f 4509//5209 4510//5211 4522//5212 4521//5210
f 4510//5211 4511//5213 4523//5214 4522//5212
f 4511//5213 4512//5215 4524//5216 4523//5214
f 4512//5215 4513//5217 4525//5218 4524//5216
f 4513//5217 4514//5219 4526//5220 4525//5218
f 4514//5219 4515//5221 4527//5222 4526//5220
f 4515//5221 4516//5223 4528//5224 4527//5222
f 4516//5223 4517//5225 4529//5226 4528//5224
f 4517//5225 4506//5203 4518//5206 4529//5226
f 4518//5206 4519//5205 4530//5227
f 4519//5205 4520//5208 4530//5227
f 4520//5208 4521//5210 4530//5227
f 4521//5210 4522//5212 4530//5227
f 4522//5212 4523//5214 4530//5227
f 4523//5214 4524//5216 4530//5227
f 4524//5216 4525//5218 4530//5227
f 4525//5218 4526//5220 4530//5227
f 4526//5220 4527//5222 4530//5227
f 4527//5222 4528//5224 4530//5227
f 4528//5224 4529//5226 4530//5227
f 4529//5226 4518//5206 4530//5227
o Grip_|_right_front_neon
v 0.009174 -0.053934 0.016520
v 0.009174 -0.053934 0.015480
v 0.010058 -0.053757 0.014960
v 0.010941 -0.053581 0.015480
v 0.010941 -0.053581 0.016520
v 0.010058 -0.053757 0.017040
v 0.019959 0.007234 0.016520
v 0.019959 0.007234 0.015480
v 0.020809 0.006936 0.014960
v 0.021660 0.006639 0.015480
v 0.021660 0.006639 0.016520
v 0.020809 0.006936 0.017040
v 0.018218 0.002467 0.016520
v 0.018218 0.002467 0.015480
v 0.019064 0.002157 0.014960
v 0.019910 0.001847 0.015480
v 0.019910 0.001847 0.016520
v 0.019064 0.002157 0.017040
v 0.016651 -0.001802 0.016520
v 0.016651 -0.001802 0.015480
v 0.017503 -0.002094 0.014960
v 0.018356 -0.002387 0.015480
v 0.018356 -0.002387 0.016520
v 0.017503 -0.002094 0.017040
v 0.015090 -0.006681 0.016520
v 0.015090 -0.006681 0.015480
v 0.015954 -0.006936 0.014960
v 0.016818 -0.007192 0.015480
v 0.016818 -0.007192 0.016520
v 0.015954 -0.006936 0.017040
v 0.013143 -0.013854 0.016520
v 0.013143 -0.013854 0.015480
v 0.014017 -0.014073 0.014960
v 0.014891 -0.014291 0.015480
v 0.014891 -0.014291 0.016520
v 0.014017 -0.014073 0.017040
v 0.011673 -0.020304 0.016520
v 0.011673 -0.020304 0.015480
v 0.012554 -0.020493 0.014960
v 0.013435 -0.020681 0.015480
v 0.013435 -0.020681 0.016520
v 0.012554 -0.020493 0.017040
v 0.010217 -0.027558 0.016520
v 0.010217 -0.027558 0.015480
v 0.011098 -0.027746 0.014960
v 0.011980 -0.027933 0.015480
v 0.011980 -0.027933 0.016520
v 0.011098 -0.027746 0.017040
v 0.008881 -0.033521 0.016520
v 0.008881 -0.033521 0.015480
v 0.009762 -0.033708 0.014960
v 0.010644 -0.033896 0.015480
v 0.010644 -0.033896 0.016520
v 0.009762 -0.033708 0.017040
v 0.007797 -0.038923 0.016520
v 0.007797 -0.038923 0.015480
v 0.008690 -0.039039 0.014960
v 0.009584 -0.039156 0.015480
v 0.009584 -0.039156 0.016520
v 0.008690 -0.039039 0.017040
v 0.007423 -0.045108 0.016520
v 0.007423 -0.045108 0.015480
v 0.008324 -0.045087 0.014960
v 0.009225 -0.045065 0.015480
v 0.009225 -0.045065 0.016520
v 0.008324 -0.045087 0.017040
v 0.007766 -0.048276 0.016520
v 0.007766 -0.048276 0.015480
v 0.008653 -0.048116 0.014960
v 0.009539 -0.047957 0.015480
v 0.009539 -0.047957 0.016520
v 0.008653 -0.048116 0.017040
v 0.008448 -0.050990 0.016520
v 0.008448 -0.050990 0.015480
v 0.009322 -0.050772 0.014960
v 0.010196 -0.050554 0.015480
v 0.010196 -0.050554 0.016520
v 0.009322 -0.050772 0.017040
vn 0.1961 -0.9806 -0.0000
vn 0.3304 0.9439 -0.0000
vn -0.8125 0.2967 0.5018
vn -0.8132 0.2977 0.5001
vn -0.4695 0.1719 0.8660
vn -0.4697 0.1715 0.8660
vn -0.8125 0.2967 -0.5018
vn -0.8132 0.2977 -0.5001
vn -0.4697 0.1715 -0.8660
vn -0.4695 0.1719 -0.8660
vn 0.8145 -0.2974 -0.4981
vn 0.8133 -0.2978 -0.4999
vn 0.4695 -0.1719 -0.8660
vn 0.4697 -0.1715 -0.8660
vn 0.8145 -0.2974 0.4981
vn 0.8133 -0.2978 0.4999
vn 0.4697 -0.1715 0.8660
vn 0.4695 -0.1719 0.8660
vn -0.8206 0.2818 0.4971
vn -0.4729 0.1624 0.8660
vn -0.8206 0.2818 -0.4971
vn -0.4729 0.1624 -0.8660
vn 0.8175 -0.2807 -0.5029
vn 0.4729 -0.1624 -0.8660
vn 0.8175 -0.2807 0.5029
vn 0.4729 -0.1624 0.8660
vn -0.8322 0.2460 0.4969
vn -0.4795 0.1417 0.8660
vn -0.8322 0.2460 -0.4969
vn -0.4795 0.1417 -0.8660
vn 0.8288 -0.2450 -0.5031
vn 0.4795 -0.1417 -0.8660
vn 0.8288 -0.2449 0.5031
vn 0.4795 -0.1417 0.8660
vn -0.8418 0.2101 0.4972
vn -0.4851 0.1211 0.8660
vn -0.8418 0.2101 -0.4972
vn -0.4851 0.1211 -0.8660
vn 0.8387 -0.2093 -0.5028
vn 0.4851 -0.1210 -0.8660
vn 0.8387 -0.2093 0.5028
vn 0.4851 -0.1210 0.8660
vn -0.8478 0.1817 0.4982
vn -0.4889 0.1048 0.8660
vn -0.8478 0.1817 -0.4982
vn -0.4889 0.1048 -0.8660
vn 0.8458 -0.1812 -0.5018
vn 0.4889 -0.1048 -0.8660
vn 0.8458 -0.1812 0.5018
vn 0.4889 -0.1048 0.8660
vn -0.8463 0.1797 0.5015
vn -0.4891 0.1039 0.8660
vn -0.8463 0.1797 -0.5015
vn -0.4891 0.1039 -0.8660
vn 0.8480 -0.1801 -0.4985
vn 0.4891 -0.1039 -0.8660
vn 0.8480 -0.1801 0.4985
vn 0.4891 -0.1039 0.8660
vn -0.8481 0.1801 0.4984
vn -0.4893 0.1039 0.8659
vn -0.8481 0.1801 -0.4984
vn -0.4893 0.1039 -0.8659
vn 0.8463 -0.1800 -0.5014
vn 0.4893 -0.1040 -0.8659
vn 0.8463 -0.1800 0.5014
vn 0.4893 -0.1040 0.8659
vn -0.8640 0.1123 0.4908
vn -0.4957 0.0645 0.8661
vn -0.8640 0.1123 -0.4908
vn -0.4957 0.0645 -0.8661
vn 0.8531 -0.1113 -0.5098
vn 0.4957 -0.0646 -0.8661
vn 0.8531 -0.1113 0.5098
vn 0.4957 -0.0646 0.8661
vn -0.8721 -0.0207 0.4889
vn -0.4996 -0.0119 0.8661
vn -0.8721 -0.0207 -0.4889
vn -0.4996 -0.0119 -0.8661
vn 0.8587 0.0205 -0.5121
vn 0.4996 0.0119 -0.8662
vn 0.8587 0.0205 0.5121
vn 0.4996 0.0119 0.8662
vn -0.8577 -0.1535 0.4908
vn -0.4921 -0.0881 0.8661
vn -0.8577 -0.1535 -0.4908
vn -0.4921 -0.0881 -0.8661
vn 0.8466 0.1524 -0.5099
vn 0.4920 0.0884 -0.8661
vn 0.8466 0.1524 0.5099
vn 0.4920 0.0884 0.8661
vn -0.8403 -0.2093 0.5001
vn -0.4855 -0.1210 0.8658
vn -0.8403 -0.2093 -0.5001
vn -0.4855 -0.1210 -0.8658
vn 0.8406 0.2097 -0.4994
vn 0.4854 0.1211 -0.8658
vn 0.8406 0.2097 0.4994
vn 0.4854 0.1211 0.8658
vn -0.8375 -0.2066 0.5059
vn -0.4856 -0.1197 0.8659
vn -0.8375 -0.2066 -0.5059
vn -0.4856 -0.1197 -0.8659
vn 0.8444 0.2078 -0.4938
vn 0.4857 0.1196 -0.8659
vn 0.8444 0.2078 0.4938
vn 0.4857 0.1196 0.8659
vt 0.400000 0.000000
vt 0.000000 0.000000
vt 0.200000 0.000000
vt 1.000000 0.000000
vt 0.600000 0.000000
vt 0.800000 0.000000
vt 0.000000 1.000000
vt 0.083333 1.000000
vt 0.083333 0.833333
vt 0.000000 0.833333
vt 0.000000 0.166667
vt 0.083333 0.166667
vt 0.083333 0.000000
vt 0.000000 0.333333
vt 0.083333 0.333333
vt 0.000000 0.500000
vt 0.083333 0.500000
vt 0.000000 0.666667
vt 0.083333 0.666667
vt 0.166667 1.000000
vt 0.166667 0.833333
vt 0.166667 0.166667
vt 0.166667 0.000000
vt 0.166667 0.333333
vt 0.166667 0.500000
vt 0.166667 0.666667
vt 0.250000 1.000000
vt 0.250000 0.833333
vt 0.250000 0.166667
vt 0.250000 0.000000
vt 0.250000 0.333333
vt 0.250000 0.500000
vt 0.250000 0.666667
vt 0.333333 1.000000
vt 0.333333 0.833333
vt 0.333333 0.166667
vt 0.333333 0.000000
vt 0.333333 0.333333
vt 0.333333 0.500000
vt 0.333333 0.666667
vt 0.416667 1.000000
vt 0.416667 0.833333
vt 0.416667 0.166667
vt 0.416667 0.000000
vt 0.416667 0.333333
vt 0.416667 0.500000
vt 0.416667 0.666667
vt 0.500000 1.000000
vt 0.500000 0.833333
vt 0.500000 0.166667
vt 0.500000 0.000000
vt 0.500000 0.333333
vt 0.500000 0.500000
vt 0.500000 0.666667
vt 0.583333 1.000000
vt 0.583333 0.833333
vt 0.583333 0.166667
vt 0.583333 0.000000
vt 0.583333 0.333333
vt 0.583333 0.500000
vt 0.583333 0.666667
vt 0.666667 1.000000
vt 0.666667 0.833333
vt 0.666667 0.166667
vt 0.666667 0.000000
vt 0.666667 0.333333
vt 0.666667 0.500000
vt 0.666667 0.666667
vt 0.750000 1.000000
vt 0.750000 0.833333
vt 0.750000 0.166667
vt 0.750000 0.000000
vt 0.750000 0.333333
vt 0.750000 0.500000
vt 0.750000 0.666667
vt 0.833333 1.000000
vt 0.833333 0.833333
vt 0.833333 0.166667
vt 0.833333 0.000000
vt 0.833333 0.333333
vt 0.833333 0.500000
vt 0.833333 0.666667
vt 0.916667 1.000000
vt 0.916667 0.833333
vt 0.916667 0.166667
vt 0.916667 0.000000
vt 0.916667 0.333333
vt 0.916667 0.500000
vt 0.916667 0.666667
vt 1.000000 1.000000
vt 1.000000 0.833333
vt 1.000000 0.166667
vt 1.000000 0.333333
vt 1.000000 0.500000
vt 1.000000 0.666667
s 1
usemtl Glow_|_violet_neon
f 4533/4499/5229 4531/4500/5229 4532/4501/5229
f 4533/4499/5229 4536/4502/5229 4531/4500/5229
f 4534/4503/5229 4536/4502/5229 4533/4499/5229
f 4534/4503/5229 4535/4504/5229 4536/4502/5229
f 4539/4499/5230 4541/4504/5230 4540/4503/5230
f 4539/4499/5230 4542/4502/5230 4541/4504/5230
f 4538/4501/5230 4542/4502/5230 4539/4499/5230
f 4538/4501/5230 4537/4500/5230 4542/4502/5230
f 4537/4505/5231 4543/4506/5232 4548/4507/5233 4542/4508/5234
f 4538/4509/5235 4544/4510/5236 4543/4511/5232 4537/4500/5231
f 4539/4512/5237 4545/4513/5238 4544/4510/5236 4538/4509/5235
f 4540/4514/5239 4546/4515/5240 4545/4513/5241 4539/4512/5242
f 4541/4516/5243 4547/4517/5244 4546/4515/5240 4540/4514/5239
f 4542/4508/5245 4548/4507/5246 4547/4517/5244 4541/4516/5243
f 4543/4506/5232 4549/4518/5247 4554/4519/5248 4548/4507/5233
f 4544/4510/5236 4550/4520/5249 4549/4521/5247 4543/4511/5232
f 4545/4513/5238 4551/4522/5250 4550/4520/5249 4544/4510/5236
f 4546/4515/5240 4552/4523/5251 4551/4522/5252 4545/4513/5241
f 4547/4517/5244 4553/4524/5253 4552/4523/5251 4546/4515/5240
f 4548/4507/5246 4554/4519/5254 4553/4524/5253 4547/4517/5244
f 4549/4518/5247 4555/4525/5255 4560/4526/5256 4554/4519/5248
f 4550/4520/5249 4556/4527/5257 4555/4528/5255 4549/4521/5247
f 4551/4522/5250 4557/4529/5258 4556/4527/5257 4550/4520/5249
f 4552/4523/5251 4558/4530/5259 4557/4529/5260 4551/4522/5252
f 4553/4524/5253 4559/4531/5261 4558/4530/5259 4552/4523/5251
f 4554/4519/5254 4560/4526/5262 4559/4531/5261 4553/4524/5253
f 4555/4525/5255 4561/4532/5263 4566/4533/5264 4560/4526/5256
f 4556/4527/5257 4562/4534/5265 4561/4535/5263 4555/4528/5255
f 4557/4529/5258 4563/4536/5266 4562/4534/5265 4556/4527/5257
f 4558/4530/5259 4564/4537/5267 4563/4536/5268 4557/4529/5260
f 4559/4531/5261 4565/4538/5269 4564/4537/5267 4558/4530/5259
f 4560/4526/5262 4566/4533/5270 4565/4538/5269 4559/4531/5261
f 4561/4532/5263 4567/4539/5271 4572/4540/5272 4566/4533/5264
f 4562/4534/5265 4568/4541/5273 4567/4542/5271 4561/4535/5263
f 4563/4536/5266 4569/4543/5274 4568/4541/5273 4562/4534/5265
f 4564/4537/5267 4570/4544/5275 4569/4543/5276 4563/4536/5268
f 4565/4538/5269 4571/4545/5277 4570/4544/5275 4564/4537/5267
f 4566/4533/5270 4572/4540/5278 4571/4545/5277 4565/4538/5269
f 4567/4539/5271 4573/4546/5279 4578/4547/5280 4572/4540/5272
f 4568/4541/5273 4574/4548/5281 4573/4549/5279 4567/4542/5271
f 4569/4543/5274 4575/4550/5282 4574/4548/5281 4568/4541/5273
f 4570/4544/5275 4576/4551/5283 4575/4550/5284 4569/4543/5276
f 4571/4545/5277 4577/4552/5285 4576/4551/5283 4570/4544/5275
f 4572/4540/5278 4578/4547/5286 4577/4552/5285 4571/4545/5277
f 4573/4546/5279 4579/4553/5287 4584/4554/5288 4578/4547/5280
f 4574/4548/5281 4580/4555/5289 4579/4556/5287 4573/4549/5279
f 4575/4550/5282 4581/4557/5290 4580/4555/5289 4574/4548/5281
f 4576/4551/5283 4582/4558/5291 4581/4557/5292 4575/4550/5284
f 4577/4552/5285 4583/4559/5293 4582/4558/5291 4576/4551/5283
f 4578/4547/5286 4584/4554/5294 4583/4559/5293 4577/4552/5285
f 4579/4553/5287 4585/4560/5295 4590/4561/5296 4584/4554/5288
f 4580/4555/5289 4586/4562/5297 4585/4563/5295 4579/4556/5287
f 4581/4557/5290 4587/4564/5298 4586/4562/5297 4580/4555/5289
f 4582/4558/5291 4588/4565/5299 4587/4564/5300 4581/4557/5292
f 4583/4559/5293 4589/4566/5301 4588/4565/5299 4582/4558/5291
f 4584/4554/5294 4590/4561/5302 4589/4566/5301 4583/4559/5293
f 4585/4560/5295 4591/4567/5303 4596/4568/5304 4590/4561/5296
f 4586/4562/5297 4592/4569/5305 4591/4570/5303 4585/4563/5295
f 4587/4564/5298 4593/4571/5306 4592/4569/5305 4586/4562/5297
f 4588/4565/5299 4594/4572/5307 4593/4571/5308 4587/4564/5300
f 4589/4566/5301 4595/4573/5309 4594/4572/5307 4588/4565/5299
f 4590/4561/5302 4596/4568/5310 4595/4573/5309 4589/4566/5301
f 4591/4567/5303 4597/4574/5311 4602/4575/5312 4596/4568/5304
f 4592/4569/5305 4598/4576/5313 4597/4577/5311 4591/4570/5303
f 4593/4571/5306 4599/4578/5314 4598/4576/5313 4592/4569/5305
f 4594/4572/5307 4600/4579/5315 4599/4578/5316 4593/4571/5308
f 4595/4573/5309 4601/4580/5317 4600/4579/5315 4594/4572/5307
f 4596/4568/5310 4602/4575/5318 4601/4580/5317 4595/4573/5309
f 4597/4574/5311 4603/4581/5319 4608/4582/5320 4602/4575/5312
f 4598/4576/5313 4604/4583/5321 4603/4584/5319 4597/4577/5311
f 4599/4578/5314 4605/4585/5322 4604/4583/5321 4598/4576/5313
f 4600/4579/5315 4606/4586/5323 4605/4585/5324 4599/4578/5316
f 4601/4580/5317 4607/4587/5325 4606/4586/5323 4600/4579/5315
f 4602/4575/5318 4608/4582/5326 4607/4587/5325 4601/4580/5317
f 4603/4581/5319 4531/4588/5327 4536/4589/5328 4608/4582/5320
f 4604/4583/5321 4532/4590/5329 4531/4502/5327 4603/4584/5319
f 4605/4585/5322 4533/4591/5330 4532/4590/5329 4604/4583/5321
f 4606/4586/5323 4534/4592/5331 4533/4591/5332 4605/4585/5324
f 4607/4587/5325 4535/4593/5333 4534/4592/5331 4606/4586/5323
f 4608/4582/5326 4536/4589/5334 4535/4593/5333 4607/4587/5325
o Grip_|_right_base_neon
v 0.011803 -0.056671 0.015480
v 0.011803 -0.056671 0.016520
v 0.011792 -0.057572 0.017040
v 0.011781 -0.058473 0.016520
v 0.011781 -0.058473 0.015480
v 0.011792 -0.057572 0.014960
v -0.044729 -0.055978 0.015480
v -0.044729 -0.055978 0.016520
v -0.044740 -0.056879 0.017040
v -0.044751 -0.057780 0.016520
v -0.044751 -0.057780 0.015480
v -0.044740 -0.056879 0.014960
v -0.025168 -0.056218 0.015480
v -0.025168 -0.056218 0.016520
v -0.025179 -0.057119 0.017040
v -0.025190 -0.058020 0.016520
v -0.025190 -0.058020 0.015480
v -0.025179 -0.057119 0.014960
v -0.007758 -0.056431 0.015480
v -0.007758 -0.056431 0.016520
v -0.007769 -0.057332 0.017040
v -0.007780 -0.058233 0.016520
v -0.007780 -0.058233 0.015480
v -0.007769 -0.057332 0.014960
vn 0.9999 -0.0123 -0.0000
vn -0.9999 0.0123 -0.0000
vn 0.0106 0.8660 -0.5000
vn 0.0061 0.5000 -0.8660
vn 0.0106 0.8660 0.5000
vn -0.0000 -0.0000 1.0000
vn -0.0061 -0.5000 0.8660
vn -0.0106 -0.8660 0.5000
vn -0.0106 -0.8660 -0.5000
vn -0.0123 -0.9999 -0.0000
vn -0.0061 -0.5000 -0.8660
vn 0.0123 0.9999 -0.0000
vn 0.0061 0.5000 0.8660
vt 1.000000 0.000000
vt 0.600000 0.000000
vt 0.800000 0.000000
vt 0.400000 0.000000
vt 0.000000 0.000000
vt 0.200000 0.000000
vt 0.000000 1.000000
vt 0.333333 1.000000
vt 0.333333 0.833333
vt 0.000000 0.833333
vt 0.000000 0.166667
vt 0.333333 0.166667
vt 0.333333 0.000000
vt 0.000000 0.333333
vt 0.333333 0.333333
vt 0.000000 0.500000
vt 0.333333 0.500000
vt 0.000000 0.666667
vt 0.333333 0.666667
vt 0.666667 1.000000
vt 0.666667 0.833333
vt 0.666667 0.166667
vt 0.666667 0.000000
vt 0.666667 0.333333
vt 0.666667 0.500000
vt 0.666667 0.666667
vt 1.000000 1.000000
vt 1.000000 0.833333
vt 1.000000 0.166667
vt 1.000000 0.333333
vt 1.000000 0.500000
vt 1.000000 0.666667
s 1
usemtl Glow_|_violet_neon
f 4614/4594/5335 4612/4595/5335 4613/4596/5335
f 4614/4594/5335 4611/4597/5335 4612/4595/5335
f 4609/4598/5335 4611/4597/5335 4614/4594/5335
f 4609/4598/5335 4610/4599/5335 4611/4597/5335
f 4617/4597/5336 4619/4596/5336 4618/4595/5336
f 4617/4597/5336 4620/4594/5336 4619/4596/5336
f 4616/4599/5336 4620/4594/5336 4617/4597/5336
f 4616/4599/5336 4615/4598/5336 4620/4594/5336
f 4615/4600/5337 4621/4601/5337 4626/4602/5338 4620/4603/5338
f 4616/4604/5339 4622/4605/5339 4621/4606/5337 4615/4598/5337
f 4617/4607/5340 4623/4608/5340 4622/4605/5339 4616/4604/5339
f 4618/4609/5341 4624/4610/5342 4623/4608/5340 4617/4607/5340
f 4619/4611/5343 4625/4612/5343 4624/4610/5342 4618/4609/5344
f 4620/4603/5345 4626/4602/5345 4625/4612/5343 4619/4611/5343
f 4621/4601/5337 4627/4613/5337 4632/4614/5338 4626/4602/5338
f 4622/4605/5339 4628/4615/5339 4627/4616/5337 4621/4606/5337
f 4623/4608/5340 4629/4617/5340 4628/4615/5339 4622/4605/5339
f 4624/4610/5342 4630/4618/5342 4629/4617/5340 4623/4608/5340
f 4625/4612/5343 4631/4619/5343 4630/4618/5342 4624/4610/5342
f 4626/4602/5345 4632/4614/5345 4631/4619/5343 4625/4612/5343
f 4627/4613/5337 4609/4620/5337 4614/4621/5338 4632/4614/5338
f 4628/4615/5339 4610/4622/5346 4609/4594/5337 4627/4616/5337
f 4629/4617/5340 4611/4623/5340 4610/4622/5347 4628/4615/5339
f 4630/4618/5342 4612/4624/5341 4611/4623/5340 4629/4617/5340
f 4631/4619/5343 4613/4625/5343 4612/4624/5344 4630/4618/5342
f 4632/4614/5345 4614/4621/5345 4613/4625/5343 4631/4619/5343
o Barrel_|_right_slot_backing
v 0.202023 0.047604 0.014636
v 0.202023 0.047604 0.019144
v 0.202023 0.043699 0.021399
v 0.202023 0.039795 0.019144
v 0.202023 0.039795 0.014636
v 0.202023 0.043699 0.012381
v 0.099711 0.047604 0.014636
v 0.099711 0.047604 0.019144
v 0.099711 0.043699 0.021399
v 0.099711 0.039795 0.019144
v 0.099711 0.039795 0.014636
v 0.099711 0.043699 0.012381
v 0.135113 0.047604 0.014636
v 0.135113 0.047604 0.019144
v 0.135113 0.043699 0.021399
v 0.135113 0.039795 0.019144
v 0.135113 0.039795 0.014636
v 0.135113 0.043699 0.012381
v 0.166621 0.047604 0.014636
v 0.166621 0.047604 0.019144
v 0.166621 0.043699 0.021399
v 0.166621 0.039795 0.019144
v 0.166621 0.039795 0.014636
v 0.166621 0.043699 0.012381
vn 1.0000 -0.0000 -0.0000
vn -1.0000 -0.0000 -0.0000
vn -0.0000 0.8660 -0.5000
vn -0.0000 0.5000 -0.8660
vn -0.0000 0.8660 0.5000
vn -0.0000 0.5000 0.8660
vn -0.0000 -0.0000 1.0000
vn -0.0000 -0.8660 0.5000
vn -0.0000 -0.5000 0.8660
vn -0.0000 -0.8660 -0.5000
vn -0.0000 -0.5000 -0.8660
vt 1.000000 0.000000
vt 0.600000 0.000000
vt 0.800000 0.000000
vt 0.400000 0.000000
vt 0.000000 0.000000
vt 0.200000 0.000000
vt 0.000000 1.000000
vt 0.333333 1.000000
vt 0.333333 0.833333
vt 0.000000 0.833333
vt 0.000000 0.166667
vt 0.333333 0.166667
vt 0.333333 0.000000
vt 0.000000 0.333333
vt 0.333333 0.333333
vt 0.000000 0.500000
vt 0.333333 0.500000
vt 0.000000 0.666667
vt 0.333333 0.666667
vt 0.666667 1.000000
vt 0.666667 0.833333
vt 0.666667 0.166667
vt 0.666667 0.000000
vt 0.666667 0.333333
vt 0.666667 0.500000
vt 0.666667 0.666667
vt 1.000000 1.000000
vt 1.000000 0.833333
vt 1.000000 0.166667
vt 1.000000 0.333333
vt 1.000000 0.500000
vt 1.000000 0.666667
s 1
usemtl Chrome_|_smoked_seams
f 4638/4626/5348 4636/4627/5348 4637/4628/5348
f 4638/4626/5348 4635/4629/5348 4636/4627/5348
f 4633/4630/5348 4635/4629/5348 4638/4626/5348
f 4633/4630/5348 4634/4631/5348 4635/4629/5348
f 4641/4629/5349 4643/4628/5349 4642/4627/5349
f 4641/4629/5349 4644/4626/5349 4643/4628/5349
f 4640/4631/5349 4644/4626/5349 4641/4629/5349
f 4640/4631/5349 4639/4630/5349 4644/4626/5349
f 4639/4632/5350 4645/4633/5350 4650/4634/5351 4644/4635/5351
f 4640/4636/5352 4646/4637/5352 4645/4638/5350 4639/4630/5350
f 4641/4639/5353 4647/4640/5354 4646/4637/5352 4640/4636/5352
f 4642/4641/5355 4648/4642/5355 4647/4640/5354 4641/4639/5356
f 4643/4643/5357 4649/4644/5357 4648/4642/5355 4642/4641/5355
f 4644/4635/5358 4650/4634/5358 4649/4644/5357 4643/4643/5357
f 4645/4633/5350 4651/4645/5350 4656/4646/5351 4650/4634/5351
f 4646/4637/5352 4652/4647/5352 4651/4648/5350 4645/4638/5350
f 4647/4640/5354 4653/4649/5354 4652/4647/5352 4646/4637/5352
f 4648/4642/5355 4654/4650/5355 4653/4649/5354 4647/4640/5354
f 4649/4644/5357 4655/4651/5357 4654/4650/5355 4648/4642/5355
f 4650/4634/5358 4656/4646/5358 4655/4651/5357 4649/4644/5357
f 4651/4645/5350 4633/4652/5350 4638/4653/5351 4656/4646/5351
f 4652/4647/5352 4634/4654/5352 4633/4626/5350 4651/4648/5350
f 4653/4649/5354 4635/4655/5353 4634/4654/5352 4652/4647/5352
f 4654/4650/5355 4636/4656/5355 4635/4655/5356 4653/4649/5354
f 4655/4651/5357 4637/4657/5357 4636/4656/5355 4654/4650/5355
f 4656/4646/5358 4638/4653/5358 4637/4657/5357 4655/4651/5357
o Barrel_|_right_slot_glow
v 0.201156 0.045952 0.018190
v 0.201156 0.045952 0.020792
v 0.201156 0.043699 0.022092
v 0.201156 0.041447 0.020792
v 0.201156 0.041447 0.018190
v 0.201156 0.043699 0.016890
v 0.100578 0.045952 0.018190
v 0.100578 0.045952 0.020792
v 0.100578 0.043699 0.022092
v 0.100578 0.041447 0.020792
v 0.100578 0.041447 0.018190
v 0.100578 0.043699 0.016890
v 0.135380 0.045952 0.018190
v 0.135380 0.045952 0.020792
v 0.135380 0.043699 0.022092
v 0.135380 0.041447 0.020792
v 0.135380 0.041447 0.018190
v 0.135380 0.043699 0.016890
v 0.166354 0.045952 0.018190
v 0.166354 0.045952 0.020792
v 0.166354 0.043699 0.022092
v 0.166354 0.041447 0.020792
v 0.166354 0.041447 0.018190
v 0.166354 0.043699 0.016890
vn 1.0000 -0.0000 -0.0000
vn -1.0000 -0.0000 -0.0000
vn -0.0000 0.5000 -0.8660
vn -0.0000 0.8660 -0.5000
vn -0.0000 -0.0000 -1.0000
vn -0.0000 1.0000 -0.0000
vn -0.0000 -0.0000 1.0000
vn -0.0000 0.5000 0.8660
vn -0.0000 -0.5000 0.8660
vn -0.0000 -1.0000 -0.0000
vn -0.0000 -0.5000 -0.8660
vn -0.0000 0.8660 0.5000
vt 1.000000 0.000000
vt 0.600000 0.000000
vt 0.800000 0.000000
vt 0.400000 0.000000
vt 0.000000 0.000000
vt 0.200000 0.000000
vt 0.000000 1.000000
vt 0.333333 1.000000
vt 0.333333 0.833333
vt 0.000000 0.833333
vt 0.000000 0.166667
vt 0.333333 0.166667
vt 0.333333 0.000000
vt 0.000000 0.333333
vt 0.333333 0.333333
vt 0.000000 0.500000
vt 0.333333 0.500000
vt 0.000000 0.666667
vt 0.333333 0.666667
vt 0.666667 1.000000
vt 0.666667 0.833333
vt 0.666667 0.166667
vt 0.666667 0.000000
vt 0.666667 0.333333
vt 0.666667 0.500000
vt 0.666667 0.666667
vt 1.000000 1.000000
vt 1.000000 0.833333
vt 1.000000 0.166667
vt 1.000000 0.333333
vt 1.000000 0.500000
vt 1.000000 0.666667
s 1
usemtl Glow_|_violet_neon
f 4662/4658/5359 4660/4659/5359 4661/4660/5359
f 4662/4658/5359 4659/4661/5359 4660/4659/5359
f 4657/4662/5359 4659/4661/5359 4662/4658/5359
f 4657/4662/5359 4658/4663/5359 4659/4661/5359
f 4665/4661/5360 4667/4660/5360 4666/4659/5360
f 4665/4661/5360 4668/4658/5360 4667/4660/5360
f 4664/4663/5360 4668/4658/5360 4665/4661/5360
f 4664/4663/5360 4663/4662/5360 4668/4658/5360
f 4663/4664/5361 4669/4665/5362 4674/4666/5363 4668/4667/5363
f 4664/4668/5364 4670/4669/5364 4669/4670/5362 4663/4662/5364
f 4665/4671/5365 4671/4672/5365 4670/4669/5366 4664/4668/5366
f 4666/4673/5367 4672/4674/5367 4671/4672/5365 4665/4671/5365
f 4667/4675/5368 4673/4676/5368 4672/4674/5368 4666/4673/5368
f 4668/4667/5363 4674/4666/5363 4673/4676/5369 4667/4675/5369
f 4669/4665/5362 4675/4677/5362 4680/4678/5363 4674/4666/5363
f 4670/4669/5364 4676/4679/5370 4675/4680/5362 4669/4670/5362
f 4671/4672/5365 4677/4681/5365 4676/4679/5370 4670/4669/5366
f 4672/4674/5367 4678/4682/5367 4677/4681/5365 4671/4672/5365
f 4673/4676/5368 4679/4683/5368 4678/4682/5368 4672/4674/5368
f 4674/4666/5363 4680/4678/5363 4679/4683/5369 4673/4676/5369
f 4675/4677/5362 4657/4684/5362 4662/4685/5363 4680/4678/5363
f 4676/4679/5370 4658/4686/5370 4657/4658/5362 4675/4680/5362
f 4677/4681/5365 4659/4687/5365 4658/4686/5370 4676/4679/5370
f 4678/4682/5367 4660/4688/5367 4659/4687/5365 4677/4681/5365
f 4679/4683/5368 4661/4689/5368 4660/4688/5368 4678/4682/5368
f 4680/4678/5363 4662/4685/5363 4661/4689/5369 4679/4683/5369
o Barrel_|_right_lower_trim_glow
v 0.213182 0.017384 0.005449
v 0.213870 0.016920 0.006076
v 0.213637 0.016010 0.006523
v 0.212714 0.015564 0.006343
v 0.212026 0.016028 0.005716
v 0.212259 0.016938 0.005269
v 0.097110 0.032115 0.020116
v 0.097110 0.032115 0.021156
v 0.097110 0.031214 0.021676
v 0.097110 0.030313 0.021156
v 0.097110 0.030313 0.020116
v 0.097110 0.031214 0.019595
v 0.113310 0.032130 0.020120
v 0.113310 0.032130 0.021161
v 0.113310 0.031229 0.021681
v 0.113311 0.030328 0.021161
v 0.113312 0.030328 0.020120
v 0.113311 0.031229 0.019600
v 0.127730 0.032145 0.020125
v 0.127730 0.032145 0.021165
v 0.127730 0.031244 0.021685
v 0.127730 0.030343 0.021165
v 0.127729 0.030343 0.020125
v 0.127730 0.031244 0.019604
v 0.143921 0.032115 0.020116
v 0.143915 0.032115 0.021156
v 0.143924 0.031214 0.021676
v 0.143940 0.030313 0.021156
v 0.143946 0.030313 0.020116
v 0.143937 0.031214 0.019595
v 0.160163 0.032596 0.020317
v 0.160149 0.032596 0.021357
v 0.160170 0.031696 0.021878
v 0.160204 0.030795 0.021358
v 0.160217 0.030795 0.020317
v 0.160197 0.031696 0.019797
v 0.174671 0.033047 0.020509
v 0.174681 0.033046 0.021549
v 0.174663 0.032146 0.022070
v 0.174637 0.031245 0.021549
v 0.174628 0.031245 0.020509
v 0.174645 0.032146 0.019989
v 0.190847 0.031762 0.020009
v 0.190889 0.031759 0.021049
v 0.190794 0.030864 0.021571
v 0.190656 0.029972 0.021054
v 0.190614 0.029975 0.020014
v 0.190709 0.030870 0.019492
v 0.194671 0.031066 0.019813
v 0.194743 0.031058 0.020851
v 0.194572 0.030177 0.021377
v 0.194329 0.029304 0.020866
v 0.194257 0.029312 0.019828
v 0.194428 0.030193 0.019301
v 0.197982 0.030094 0.019505
v 0.198130 0.030063 0.020534
v 0.197899 0.029200 0.021068
v 0.197520 0.028368 0.020571
v 0.197373 0.028398 0.019542
v 0.197604 0.029262 0.019009
v 0.201441 0.028585 0.018747
v 0.201673 0.028518 0.019760
v 0.201388 0.027679 0.020304
v 0.200871 0.026906 0.019836
v 0.200639 0.026973 0.018824
v 0.200924 0.027813 0.018280
v 0.204225 0.026944 0.017885
v 0.204531 0.026833 0.018873
v 0.204194 0.026025 0.019434
v 0.203550 0.025327 0.019007
v 0.203245 0.025438 0.018019
v 0.203582 0.026247 0.017458
v 0.206380 0.025232 0.016865
v 0.206803 0.025031 0.017794
v 0.206470 0.024219 0.018354
v 0.205713 0.023608 0.017984
v 0.205290 0.023809 0.017055
v 0.205623 0.024621 0.016495
v 0.208372 0.023404 0.015207
v 0.208936 0.023075 0.016016
v 0.208657 0.022214 0.016530
v 0.207813 0.021683 0.016233
v 0.207249 0.022011 0.015423
v 0.207528 0.022872 0.014910
v 0.210440 0.021229 0.012256
v 0.211116 0.020780 0.012907
v 0.210879 0.019875 0.013361
v 0.209965 0.019418 0.013164
v 0.209289 0.019866 0.012513
v 0.209526 0.020772 0.012059
v 0.211709 0.019435 0.009061
v 0.212423 0.018937 0.009630
v 0.212198 0.018016 0.010059
v 0.211257 0.017594 0.009919
v 0.210542 0.018092 0.009350
v 0.210768 0.019012 0.008921
vn 0.3876 -0.4845 -0.7842
vn -1.0000 -0.0000 -0.0000
vn -0.0002 0.5000 -0.8660
vn -0.0007 0.8660 -0.5000
vn 0.0003 -0.0000 -1.0000
vn 0.0003 -0.0003 -1.0000
vn -0.0009 0.8660 0.5001
vn -0.0010 0.8660 0.5000
vn -0.0009 1.0000 -0.0000
vn -0.0007 0.5000 0.8660
vn -0.0003 -0.0000 1.0000
vn 0.0007 -0.8661 0.4998
vn 0.0007 -0.8660 0.5000
vn 0.0002 -0.5000 0.8660
vn 0.0009 -0.8661 -0.4999
vn 0.0010 -0.8660 -0.5000
vn 0.0003 0.8662 -0.4997
vn 0.0001 0.5000 -0.8660
vn 0.0004 0.8661 0.4999
vn 0.0001 0.0005 1.0000
vn -0.0001 -0.5000 0.8660
vn -0.0004 -0.8660 -0.5001
vn -0.0004 -1.0000 -0.0000
vn -0.0003 -0.5000 -0.8660
vn -0.0018 0.5000 -0.8660
vn -0.0150 0.8656 0.5006
vn -0.0139 0.9999 -0.0001
vn -0.0121 0.4999 0.8660
vn 0.0018 -0.5000 0.8660
vn 0.0150 -0.8663 -0.4993
vn 0.0139 -0.9999 0.0001
vn 0.0121 -0.4999 -0.8660
vn -0.0041 0.5000 -0.8660
vn -0.0327 0.8656 0.4998
vn -0.0303 0.9995 -0.0000
vn -0.0263 0.4998 0.8657
vn 0.0041 -0.5000 0.8660
vn 0.0327 -0.8655 -0.4998
vn 0.0304 -0.9995 -0.0000
vn 0.0263 -0.4998 -0.8657
vn 0.0044 0.5000 -0.8660
vn 0.0253 0.8670 0.4977
vn 0.0241 0.9997 -0.0003
vn 0.0197 0.4995 0.8661
vn -0.0044 -0.5000 0.8660
vn -0.0252 -0.8643 -0.5024
vn -0.0240 -0.9997 0.0003
vn -0.0196 -0.4995 -0.8661
vn 0.0293 0.4979 -0.8668
vn 0.1323 0.8601 0.4927
vn 0.1291 0.9916 -0.0027
vn 0.0998 0.4938 0.8639
vn -0.0293 -0.4979 0.8668
vn -0.1320 -0.8548 -0.5018
vn -0.1291 -0.9916 0.0027
vn -0.0998 -0.4938 -0.8639
vn 0.0546 0.4931 -0.8683
vn 0.2343 0.8402 0.4890
vn 0.2301 0.9731 -0.0083
vn 0.1756 0.4798 0.8596
vn -0.0546 -0.4931 0.8683
vn -0.2336 -0.8374 -0.4942
vn -0.2299 -0.9732 0.0083
vn -0.1750 -0.4800 -0.8596
vn 0.0466 0.4965 -0.8668
vn 0.3634 0.7974 0.4818
vn 0.3381 0.9409 -0.0206
vn 0.2918 0.4446 0.8469
vn -0.0466 -0.4965 0.8668
vn -0.3638 -0.8031 -0.4719
vn -0.3380 -0.9409 0.0206
vn -0.2915 -0.4447 -0.8469
vn 0.0294 0.5027 -0.8640
vn 0.4966 0.7424 0.4497
vn 0.4450 0.8945 -0.0424
vn 0.4154 0.3916 0.8210
vn -0.0294 -0.5027 0.8640
vn -0.4966 -0.7425 -0.4494
vn -0.4449 -0.8946 0.0424
vn -0.4154 -0.3917 -0.8210
vn 0.0174 0.5094 -0.8603
vn -0.2824 0.1232 -0.9513
vn 0.6182 0.6682 0.4140
vn 0.5437 0.8359 -0.0751
vn 0.3048 -0.0907 0.9481
vn -0.0167 -0.5099 0.8600
vn -0.6181 -0.6728 -0.4064
vn -0.5441 -0.8356 0.0753
vn -0.0487 0.5618 -0.8258
vn -0.4020 0.1980 -0.8940
vn 0.7281 0.5736 0.3752
vn 0.6048 0.7895 -0.1044
vn 0.4105 -0.1886 0.8921
vn 0.0496 -0.5626 0.8252
vn -0.7256 -0.6013 -0.3346
vn -0.6052 -0.7892 0.1046
vn -0.1577 0.6605 -0.7341
vn -0.5405 0.3185 -0.7788
vn 0.6234 0.7726 -0.1199
vn 0.5441 -0.3141 0.7780
vn 0.7814 0.1127 0.6138
vn 0.1578 -0.6605 0.7340
vn -0.6234 -0.7726 0.1199
vn -0.7813 -0.1128 -0.6138
vn -0.2433 0.7516 -0.6131
vn -0.6451 0.4372 -0.6266
vn 0.6384 0.7563 -0.1432
vn 0.6540 -0.4254 0.6255
vn 0.8820 0.0054 0.4711
vn 0.2428 -0.7511 0.6139
vn -0.6384 -0.7563 0.1432
vn -0.8826 -0.0048 -0.4702
vn -0.2723 0.7869 -0.5537
vn -0.6874 0.4784 -0.5465
vn 0.6474 0.7452 -0.1602
vn 0.6868 -0.4785 0.5471
vn 0.9182 -0.0422 0.3939
vn 0.2721 -0.7867 0.5541
vn -0.6474 -0.7451 0.1602
vn -0.9184 0.0425 -0.3933
vn -0.2708 0.7855 -0.5565
vn -0.6886 0.4730 -0.5497
vn 0.6470 0.7456 -0.1596
vn 0.6828 -0.4803 0.5505
vn 0.9172 -0.0405 0.3964
vn 0.2709 -0.7857 0.5561
vn -0.6469 -0.7457 0.1595
vn -0.9169 0.0401 -0.3971
vt 0.800000 0.000000
vt 0.400000 0.000000
vt 0.600000 0.000000
vt 0.200000 0.000000
vt 1.000000 0.000000
vt 0.000000 0.000000
vt 0.000000 1.000000
vt 0.066667 1.000000
vt 0.066667 0.833333
vt 0.000000 0.833333
vt 0.000000 0.166667
vt 0.066667 0.166667
vt 0.066667 0.000000
vt 0.000000 0.333333
vt 0.066667 0.333333
vt 0.000000 0.500000
vt 0.066667 0.500000
vt 0.000000 0.666667
vt 0.066667 0.666667
vt 0.133333 1.000000
vt 0.133333 0.833333
vt 0.133333 0.166667
vt 0.133333 0.000000
vt 0.133333 0.333333
vt 0.133333 0.500000
vt 0.133333 0.666667
vt 0.200000 1.000000
vt 0.200000 0.833333
vt 0.200000 0.166667
vt 0.200000 0.333333
vt 0.200000 0.500000
vt 0.200000 0.666667
vt 0.266667 1.000000
vt 0.266667 0.833333
vt 0.266667 0.166667
vt 0.266667 0.000000
vt 0.266667 0.333333
vt 0.266667 0.500000
vt 0.266667 0.666667
vt 0.333333 1.000000
vt 0.333333 0.833333
vt 0.333333 0.166667
vt 0.333333 0.000000
vt 0.333333 0.333333
vt 0.333333 0.500000
vt 0.333333 0.666667
vt 0.400000 1.000000
vt 0.400000 0.833333
vt 0.400000 0.166667
vt 0.400000 0.333333
vt 0.400000 0.500000
vt 0.400000 0.666667
vt 0.466667 1.000000
vt 0.466667 0.833333
vt 0.466667 0.166667
vt 0.466667 0.000000
vt 0.466667 0.333333
vt 0.466667 0.500000
vt 0.466667 0.666667
vt 0.533333 1.000000
vt 0.533333 0.833333
vt 0.533333 0.166667
vt 0.533333 0.000000
vt 0.533333 0.333333
vt 0.533333 0.500000
vt 0.533333 0.666667
vt 0.600000 1.000000
vt 0.600000 0.833333
vt 0.600000 0.166667
vt 0.600000 0.333333
vt 0.600000 0.500000
vt 0.600000 0.666667
vt 0.666667 1.000000
vt 0.666667 0.833333
vt 0.666667 0.166667
vt 0.666667 0.000000
vt 0.666667 0.333333
vt 0.666667 0.500000
vt 0.666667 0.666667
vt 0.733333 1.000000
vt 0.733333 0.833333
vt 0.733333 0.166667
vt 0.733333 0.000000
vt 0.733333 0.333333
vt 0.733333 0.500000
vt 0.733333 0.666667
vt 0.800000 1.000000
vt 0.800000 0.833333
vt 0.800000 0.166667
vt 0.800000 0.333333
vt 0.800000 0.500000
vt 0.800000 0.666667
vt 0.866667 1.000000
vt 0.866667 0.833333
vt 0.866667 0.166667
vt 0.866667 0.000000
vt 0.866667 0.333333
vt 0.866667 0.500000
vt 0.866667 0.666667
vt 0.933333 1.000000
vt 0.933333 0.833333
vt 0.933333 0.166667
vt 0.933333 0.000000
vt 0.933333 0.333333
vt 0.933333 0.500000
vt 0.933333 0.666667
vt 1.000000 1.000000
vt 1.000000 0.833333
vt 1.000000 0.166667
vt 1.000000 0.333333
vt 1.000000 0.500000
vt 1.000000 0.666667
s 1
usemtl Glow_|_violet_neon
f 4685/4690/5371 4683/4691/5371 4684/4692/5371
f 4685/4690/5371 4682/4693/5371 4683/4691/5371
f 4686/4694/5371 4682/4693/5371 4685/4690/5371
f 4686/4694/5371 4681/4695/5371 4682/4693/5371
f 4689/4691/5372 4691/4690/5372 4690/4692/5372
f 4689/4691/5372 4692/4694/5372 4691/4690/5372
f 4688/4693/5372 4692/4694/5372 4689/4691/5372
f 4688/4693/5372 4687/4695/5372 4692/4694/5372
f 4687/4696/5373 4693/4697/5374 4698/4698/5375 4692/4699/5376
f 4688/4700/5377 4694/4701/5378 4693/4702/5374 4687/4695/5379
f 4689/4703/5380 4695/4704/5381 4694/4701/5378 4688/4700/5377
f 4690/4705/5382 4696/4706/5383 4695/4704/5381 4689/4703/5384
f 4691/4707/5385 4697/4708/5386 4696/4706/5383 4690/4705/5382
f 4692/4699/5376 4698/4698/5375 4697/4708/5386 4691/4707/5385
f 4693/4697/5374 4699/4709/5387 4704/4710/5388 4698/4698/5375
f 4694/4701/5378 4700/4711/5389 4699/4712/5387 4693/4702/5374
f 4695/4704/5381 4701/4713/5390 4700/4711/5389 4694/4701/5378
f 4696/4706/5383 4702/4714/5391 4701/4713/5390 4695/4704/5381
f 4697/4708/5386 4703/4715/5392 4702/4714/5393 4696/4706/5383
f 4698/4698/5375 4704/4710/5394 4703/4715/5392 4697/4708/5386
f 4699/4709/5387 4705/4716/5395 4710/4717/5395 4704/4710/5388
f 4700/4711/5389 4706/4718/5396 4705/4693/5397 4699/4712/5387
f 4701/4713/5390 4707/4719/5398 4706/4718/5396 4700/4711/5389
f 4702/4714/5391 4708/4720/5399 4707/4719/5399 4701/4713/5390
f 4703/4715/5392 4709/4721/5400 4708/4720/5401 4702/4714/5393
f 4704/4710/5394 4710/4717/5402 4709/4721/5400 4703/4715/5392
f 4705/4716/5395 4711/4722/5403 4716/4723/5403 4710/4717/5395
f 4706/4718/5396 4712/4724/5404 4711/4725/5405 4705/4693/5397
f 4707/4719/5398 4713/4726/5406 4712/4724/5404 4706/4718/5396
f 4708/4720/5399 4714/4727/5407 4713/4726/5407 4707/4719/5399
f 4709/4721/5400 4715/4728/5408 4714/4727/5409 4708/4720/5401
f 4710/4717/5402 4716/4723/5410 4715/4728/5408 4709/4721/5400
f 4711/4722/5403 4717/4729/5411 4722/4730/5411 4716/4723/5403
f 4712/4724/5404 4718/4731/5412 4717/4732/5413 4711/4725/5405
f 4713/4726/5406 4719/4733/5414 4718/4731/5412 4712/4724/5404
f 4714/4727/5407 4720/4734/5415 4719/4733/5415 4713/4726/5407
f 4715/4728/5408 4721/4735/5416 4720/4734/5417 4714/4727/5409
f 4716/4723/5410 4722/4730/5418 4721/4735/5416 4715/4728/5408
f 4717/4729/5411 4723/4736/5419 4728/4737/5419 4722/4730/5411
f 4718/4731/5412 4724/4738/5420 4723/4691/5421 4717/4732/5413
f 4719/4733/5414 4725/4739/5422 4724/4738/5420 4718/4731/5412
f 4720/4734/5415 4726/4740/5423 4725/4739/5423 4719/4733/5415
f 4721/4735/5416 4727/4741/5424 4726/4740/5425 4720/4734/5417
f 4722/4730/5418 4728/4737/5426 4727/4741/5424 4721/4735/5416
f 4723/4736/5419 4729/4742/5427 4734/4743/5427 4728/4737/5419
f 4724/4738/5420 4730/4744/5428 4729/4745/5429 4723/4691/5421
f 4725/4739/5422 4731/4746/5430 4730/4744/5428 4724/4738/5420
f 4726/4740/5423 4732/4747/5431 4731/4746/5431 4725/4739/5423
f 4727/4741/5424 4733/4748/5432 4732/4747/5433 4726/4740/5425
f 4728/4737/5426 4734/4743/5434 4733/4748/5432 4727/4741/5424
f 4729/4742/5427 4735/4749/5435 4740/4750/5435 4734/4743/5427
f 4730/4744/5428 4736/4751/5436 4735/4752/5437 4729/4745/5429
f 4731/4746/5430 4737/4753/5438 4736/4751/5436 4730/4744/5428
f 4732/4747/5431 4738/4754/5439 4737/4753/5439 4731/4746/5431
f 4733/4748/5432 4739/4755/5440 4738/4754/5441 4732/4747/5433
f 4734/4743/5434 4740/4750/5442 4739/4755/5440 4733/4748/5432
f 4735/4749/5435 4741/4756/5443 4746/4757/5443 4740/4750/5435
f 4736/4751/5436 4742/4758/5444 4741/4692/5445 4735/4752/5437
f 4737/4753/5438 4743/4759/5446 4742/4758/5444 4736/4751/5436
f 4738/4754/5439 4744/4760/5447 4743/4759/5447 4737/4753/5439
f 4739/4755/5440 4745/4761/5448 4744/4760/5449 4738/4754/5441
f 4740/4750/5442 4746/4757/5450 4745/4761/5448 4739/4755/5440
f 4741/4756/5443 4747/4762/5451 4752/4763/5452 4746/4757/5443
f 4742/4758/5444 4748/4764/5453 4747/4765/5454 4741/4692/5445
f 4743/4759/5446 4749/4766/5455 4748/4764/5453 4742/4758/5444
f 4744/4760/5447 4750/4767/5456 4749/4766/5455 4743/4759/5447
f 4745/4761/5448 4751/4768/5457 4750/4767/5458 4744/4760/5449
f 4746/4757/5450 4752/4763/5452 4751/4768/5457 4745/4761/5448
f 4747/4762/5451 4753/4769/5459 4758/4770/5460 4752/4763/5452
f 4748/4764/5453 4754/4771/5461 4753/4772/5462 4747/4765/5454
f 4749/4766/5455 4755/4773/5463 4754/4771/5461 4748/4764/5453
f 4750/4767/5456 4756/4774/5464 4755/4773/5463 4749/4766/5455
f 4751/4768/5457 4757/4775/5465 4756/4774/5466 4750/4767/5458
f 4752/4763/5452 4758/4770/5460 4757/4775/5465 4751/4768/5457
f 4753/4769/5459 4759/4776/5467 4764/4777/5468 4758/4770/5460
f 4754/4771/5461 4760/4778/5469 4759/4690/5469 4753/4772/5462
f 4755/4773/5463 4761/4779/5470 4760/4778/5471 4754/4771/5461
f 4756/4774/5464 4762/4780/5472 4761/4779/5470 4755/4773/5463
f 4757/4775/5465 4763/4781/5473 4762/4780/5473 4756/4774/5466
f 4758/4770/5460 4764/4777/5468 4763/4781/5474 4757/4775/5465
f 4759/4776/5467 4765/4782/5475 4770/4783/5476 4764/4777/5468
f 4760/4778/5469 4766/4784/5477 4765/4785/5477 4759/4690/5469
f 4761/4779/5470 4767/4786/5478 4766/4784/5479 4760/4778/5471
f 4762/4780/5472 4768/4787/5480 4767/4786/5478 4761/4779/5470
f 4763/4781/5473 4769/4788/5481 4768/4787/5481 4762/4780/5473
f 4764/4777/5468 4770/4783/5476 4769/4788/5482 4763/4781/5474
f 4765/4782/5475 4771/4789/5483 4776/4790/5484 4770/4783/5476
f 4766/4784/5477 4772/4791/5485 4771/4792/5485 4765/4785/5477
f 4767/4786/5478 4773/4793/5486 4772/4791/5487 4766/4784/5479
f 4768/4787/5480 4774/4794/5488 4773/4793/5486 4767/4786/5478
f 4769/4788/5481 4775/4795/5489 4774/4794/5489 4768/4787/5481
f 4770/4783/5476 4776/4790/5484 4775/4795/5490 4769/4788/5482
f 4771/4789/5483 4681/4796/5491 4686/4797/5492 4776/4790/5484
f 4772/4791/5485 4682/4798/5493 4681/4694/5493 4771/4792/5485
f 4773/4793/5486 4683/4799/5494 4682/4798/5495 4772/4791/5487
f 4774/4794/5488 4684/4800/5496 4683/4799/5494 4773/4793/5486
f 4775/4795/5489 4685/4801/5497 4684/4800/5497 4774/4794/5489
f 4776/4790/5484 4686/4797/5492 4685/4801/5498 4775/4795/5490
