# Blender 5.2.2 LTS
# www.blender.org
mtllib raygun_rifle.mtl
o Body_|_stock,_receiver_and_grip
v -0.218926 -0.077749 0.025000
v -0.218926 0.077749 0.025000
v -0.204328 0.076545 0.025000
v -0.190059 0.075219 0.025000
v -0.175133 0.074136 0.025000
v -0.158568 0.073657 0.025000
v -0.140852 0.073991 0.025000
v -0.125293 0.074948 0.025000
v -0.109747 0.076283 0.025000
v -0.092072 0.077749 0.025000
v -0.081172 0.079058 0.025000
v -0.071592 0.080645 0.025000
v -0.062021 0.081679 0.025000
v -0.051151 0.081330 0.025000
v -0.042805 0.079638 0.025000
v -0.035707 0.077041 0.025000
v -0.028658 0.074159 0.025000
v -0.020460 0.071611 0.025000
v -0.013726 0.069831 0.025000
v -0.007752 0.068271 0.025000
v -0.001737 0.067358 0.025000
v 0.005115 0.067519 0.025000
v 0.012216 0.069058 0.025000
v 0.018166 0.071583 0.025000
v 0.023985 0.074633 0.025000
v 0.030691 0.077749 0.025000
v 0.040176 0.081671 0.025000
v 0.048484 0.085208 0.025000
v 0.056847 0.088595 0.025000
v 0.066496 0.092072 0.025000
v 0.077240 0.095557 0.025000
v 0.086778 0.098343 0.025000
v 0.096405 0.100806 0.025000
v 0.107417 0.103325 0.025000
v 0.115515 0.105081 0.025000
v 0.122672 0.106475 0.025000
v 0.129874 0.107573 0.025000
v 0.138107 0.108440 0.025000
v 0.187024 0.110726 0.025000
v 0.240980 0.110756 0.025000
v 0.296953 0.109884 0.025000
v 0.351918 0.109463 0.025000
v 0.351918 0.034783 0.025000
v 0.327406 0.033383 0.025000
v 0.303431 0.032074 0.025000
v 0.278380 0.030584 0.025000
v 0.250639 0.028645 0.025000
v 0.234297 0.027286 0.025000
v 0.219941 0.025924 0.025000
v 0.205589 0.024515 0.025000
v 0.189258 0.023018 0.025000
v 0.167484 0.021246 0.025000
v 0.148327 0.019808 0.025000
v 0.129175 0.018313 0.025000
v 0.107417 0.016368 0.025000
v 0.092365 0.015970 0.025000
v 0.078874 0.016352 0.025000
v 0.065844 0.015208 0.025000
v 0.052174 0.010230 0.025000
v 0.047489 0.007032 0.025000
v 0.044062 0.003290 0.025000
v 0.041238 -0.001074 0.025000
v 0.038363 -0.006138 0.025000
v 0.035283 -0.012327 0.025000
v 0.033219 -0.018071 0.025000
v 0.031553 -0.023987 0.025000
v 0.029668 -0.030691 0.025000
v 0.028418 -0.035142 0.025000
v 0.027420 -0.039194 0.025000
v 0.026523 -0.043086 0.025000
v 0.025575 -0.047059 0.025000
v -0.032737 -0.036829 0.025000
v -0.033071 -0.032209 0.025000
v -0.033117 -0.027579 0.025000
v -0.033739 -0.022970 0.025000
v -0.035806 -0.018414 0.025000
v -0.037865 -0.015943 0.025000
v -0.040183 -0.014200 0.025000
v -0.042870 -0.013029 0.025000
v -0.046036 -0.012276 0.025000
v -0.054277 -0.011823 0.025000
v -0.061540 -0.013142 0.025000
v -0.068723 -0.015563 0.025000
v -0.076726 -0.018414 0.025000
v -0.087960 -0.022579 0.025000
v -0.097543 -0.027004 0.025000
v -0.106947 -0.031865 0.025000
v -0.117647 -0.037340 0.025000
v -0.128557 -0.043015 0.025000
v -0.138015 -0.048276 0.025000
v -0.147519 -0.053440 0.025000
v -0.158568 -0.058824 0.025000
v -0.169216 -0.063665 0.025000
v -0.178674 -0.067739 0.025000
v -0.188309 -0.071319 0.025000
v -0.199488 -0.074680 0.025000
v -0.204744 -0.075859 0.025000
v -0.209559 -0.076581 0.025000
v -0.214199 -0.077119 0.025000
v -0.218926 -0.077749 -0.025000
v -0.218926 0.077749 -0.025000
v -0.204328 0.076545 -0.025000
v -0.190059 0.075219 -0.025000
v -0.175133 0.074136 -0.025000
v -0.158568 0.073657 -0.025000
v -0.140852 0.073991 -0.025000
v -0.125293 0.074948 -0.025000
v -0.109747 0.076283 -0.025000
v -0.092072 0.077749 -0.025000
v -0.081172 0.079058 -0.025000
v -0.071592 0.080645 -0.025000
v -0.062021 0.081679 -0.025000
v -0.051151 0.081330 -0.025000
v -0.042805 0.079638 -0.025000
v -0.035707 0.077041 -0.025000
v -0.028658 0.074159 -0.025000
v -0.020460 0.071611 -0.025000
v -0.013726 0.069831 -0.025000
v -0.007752 0.068271 -0.025000
v -0.001737 0.067358 -0.025000
v 0.005115 0.067519 -0.025000
v 0.012216 0.069058 -0.025000
v 0.018166 0.071583 -0.025000
v 0.023985 0.074633 -0.025000
v 0.030691 0.077749 -0.025000
v 0.040176 0.081671 -0.025000
v 0.048484 0.085208 -0.025000
v 0.056847 0.088595 -0.025000
v 0.066496 0.092072 -0.025000
v 0.077240 0.095557 -0.025000
v 0.086778 0.098343 -0.025000
v 0.096405 0.100806 -0.025000
v 0.107417 0.103325 -0.025000
v 0.115515 0.105081 -0.025000
v 0.122672 0.106475 -0.025000
v 0.129874 0.107573 -0.025000
v 0.138107 0.108440 -0.025000
v 0.187024 0.110726 -0.025000
v 0.240980 0.110756 -0.025000
v 0.296953 0.109884 -0.025000
v 0.351918 0.109463 -0.025000
v 0.351918 0.034783 -0.025000
v 0.327406 0.033383 -0.025000
v 0.303431 0.032074 -0.025000
v 0.278380 0.030584 -0.025000
v 0.250639 0.028645 -0.025000
v 0.234297 0.027286 -0.025000
v 0.219941 0.025924 -0.025000
v 0.205589 0.024515 -0.025000
v 0.189258 0.023018 -0.025000
v 0.167484 0.021246 -0.025000
v 0.148327 0.019808 -0.025000
v 0.129175 0.018313 -0.025000
v 0.107417 0.016368 -0.025000
v 0.092365 0.015970 -0.025000
v 0.078874 0.016352 -0.025000
v 0.065844 0.015208 -0.025000
v 0.052174 0.010230 -0.025000
v 0.047489 0.007032 -0.025000
v 0.044062 0.003290 -0.025000
v 0.041238 -0.001074 -0.025000
v 0.038363 -0.006138 -0.025000
v 0.035283 -0.012327 -0.025000
v 0.033219 -0.018071 -0.025000
v 0.031553 -0.023987 -0.025000
v 0.029668 -0.030691 -0.025000
v 0.028418 -0.035142 -0.025000
v 0.027420 -0.039194 -0.025000
v 0.026523 -0.043086 -0.025000
v 0.025575 -0.047059 -0.025000
v -0.032737 -0.036829 -0.025000
v -0.033071 -0.032209 -0.025000
v -0.033117 -0.027579 -0.025000
v -0.033739 -0.022970 -0.025000
v -0.035806 -0.018414 -0.025000
v -0.037865 -0.015943 -0.025000
v -0.040183 -0.014200 -0.025000
v -0.042870 -0.013029 -0.025000
v -0.046036 -0.012276 -0.025000
v -0.054277 -0.011823 -0.025000
v -0.061540 -0.013142 -0.025000
v -0.068723 -0.015563 -0.025000
v -0.076726 -0.018414 -0.025000
v -0.087960 -0.022579 -0.025000
v -0.097543 -0.027004 -0.025000
v -0.106947 -0.031865 -0.025000
v -0.117647 -0.037340 -0.025000
v -0.128557 -0.043015 -0.025000
v -0.138015 -0.048276 -0.025000
v -0.147519 -0.053440 -0.025000
v -0.158568 -0.058824 -0.025000
v -0.169216 -0.063665 -0.025000
v -0.178674 -0.067739 -0.025000
v -0.188309 -0.071319 -0.025000
v -0.199488 -0.074680 -0.025000
v -0.204744 -0.075859 -0.025000
v -0.209559 -0.076581 -0.025000
v -0.214199 -0.077119 -0.025000
v -0.223168 -0.082595 -0.023243
v -0.224926 -0.084602 -0.019000
v -0.224926 -0.084602 0.019000
v -0.223168 -0.082595 0.023243
v -0.223168 0.082356 -0.023243
v -0.224926 0.084265 -0.019000
v -0.224926 0.084265 0.019000
v -0.223168 0.082356 0.023243
v -0.203958 0.080771 -0.023243
v -0.203804 0.082522 -0.019000
v -0.203804 0.082522 0.019000
v -0.203958 0.080771 0.023243
v -0.189709 0.079448 -0.023243
v -0.189564 0.081199 -0.019000
v -0.189564 0.081199 0.019000
v -0.189709 0.079448 0.023243
v -0.174919 0.078374 -0.023243
v -0.174829 0.080130 -0.019000
v -0.174829 0.080130 0.019000
v -0.174919 0.078374 0.023243
v -0.158546 0.077901 -0.023243
v -0.158538 0.079659 -0.019000
v -0.158538 0.079659 0.019000
v -0.158546 0.077901 0.023243
v -0.141023 0.078231 -0.023243
v -0.141093 0.079987 -0.019000
v -0.141093 0.079987 0.019000
v -0.141023 0.078231 0.023243
v -0.125605 0.079180 -0.023243
v -0.125734 0.080932 -0.019000
v -0.125734 0.080932 0.019000
v -0.125605 0.079180 0.023243
v -0.110103 0.080511 -0.023243
v -0.110251 0.082262 -0.019000
v -0.110251 0.082262 0.019000
v -0.110103 0.080511 0.023243
v -0.092500 0.081971 -0.023243
v -0.092678 0.083720 -0.019000
v -0.092678 0.083720 0.019000
v -0.092500 0.081971 0.023243
v -0.081772 0.083260 -0.023243
v -0.082021 0.085000 -0.019000
v -0.082021 0.085000 0.019000
v -0.081772 0.083260 0.023243
v -0.072167 0.084850 -0.023243
v -0.072405 0.086592 -0.019000
v -0.072405 0.086592 0.019000
v -0.072167 0.084850 0.023243
v -0.062181 0.085929 -0.023243
v -0.062248 0.087689 -0.019000
v -0.062248 0.087689 0.019000
v -0.062181 0.085929 0.023243
v -0.050658 0.085559 -0.023243
v -0.050454 0.087311 -0.019000
v -0.050454 0.087311 0.019000
v -0.050658 0.085559 0.023243
v -0.041648 0.083733 -0.023243
v -0.041169 0.085429 -0.019000
v -0.041169 0.085429 0.019000
v -0.041648 0.083733 0.023243
v -0.034175 0.080998 -0.023243
v -0.033540 0.082637 -0.019000
v -0.033540 0.082637 0.019000
v -0.034175 0.080998 0.023243
v -0.027223 0.078156 -0.023243
v -0.026629 0.079811 -0.019000
v -0.026629 0.079811 0.019000
v -0.027223 0.078156 0.023243
v -0.019288 0.075690 -0.023243
v -0.018802 0.077379 -0.019000
v -0.018802 0.077379 0.019000
v -0.019288 0.075690 0.023243
v -0.012648 0.073934 -0.023243
v -0.012202 0.075634 -0.019000
v -0.012202 0.075634 0.019000
v -0.012648 0.073934 0.023243
v -0.006895 0.072432 -0.023243
v -0.006540 0.074156 -0.019000
v -0.006540 0.074156 0.019000
v -0.006895 0.072432 0.023243
v -0.001467 0.071609 -0.023243
v -0.001355 0.073369 -0.019000
v -0.001355 0.073369 0.019000
v -0.001467 0.071609 0.023243
v 0.004611 0.071751 -0.023243
v 0.004403 0.073504 -0.019000
v 0.004403 0.073504 0.019000
v 0.004611 0.071751 0.023243
v 0.010927 0.073120 -0.023243
v 0.010393 0.074802 -0.019000
v 0.010393 0.074802 0.019000
v 0.010927 0.073120 0.023243
v 0.016350 0.075421 -0.023243
v 0.015597 0.077011 -0.019000
v 0.015597 0.077011 0.019000
v 0.016350 0.075421 0.023243
v 0.022105 0.078438 -0.023243
v 0.021326 0.080014 -0.019000
v 0.021326 0.080014 0.019000
v 0.022105 0.078438 0.023243
v 0.028985 0.081635 -0.023243
v 0.028279 0.083245 -0.019000
v 0.028279 0.083245 0.019000
v 0.028985 0.081635 0.023243
v 0.038534 0.085584 -0.023243
v 0.037855 0.087204 -0.019000
v 0.037855 0.087204 0.019000
v 0.038534 0.085584 0.023243
v 0.046857 0.089126 -0.023243
v 0.046183 0.090749 -0.019000
v 0.046183 0.090749 0.019000
v 0.046857 0.089126 0.023243
v 0.055331 0.092559 -0.023243
v 0.054703 0.094200 -0.019000
v 0.054703 0.094200 0.019000
v 0.055331 0.092559 0.023243
v 0.065122 0.096086 -0.023243
v 0.064553 0.097749 -0.019000
v 0.064553 0.097749 0.019000
v 0.065122 0.096086 0.023243
v 0.075990 0.099612 -0.023243
v 0.075473 0.101292 -0.019000
v 0.075473 0.101292 0.019000
v 0.075990 0.099612 0.023243
v 0.085657 0.102435 -0.023243
v 0.085193 0.104130 -0.019000
v 0.085193 0.104130 0.019000
v 0.085657 0.102435 0.023243
v 0.095406 0.104930 -0.023243
v 0.094992 0.106638 -0.019000
v 0.094992 0.106638 0.019000
v 0.095406 0.104930 0.023243
v 0.106494 0.107466 -0.023243
v 0.106112 0.109181 -0.019000
v 0.106112 0.109181 0.019000
v 0.106494 0.107466 0.023243
v 0.114660 0.109237 -0.023243
v 0.114305 0.110958 -0.019000
v 0.114305 0.110958 0.019000
v 0.114660 0.109237 0.023243
v 0.121946 0.110656 -0.023243
v 0.121646 0.112388 -0.019000
v 0.121646 0.112388 0.019000
v 0.121946 0.110656 0.023243
v 0.129332 0.111782 -0.023243
v 0.129108 0.113526 -0.019000
v 0.129108 0.113526 0.019000
v 0.129332 0.111782 0.023243
v 0.137786 0.112672 -0.023243
v 0.137653 0.114425 -0.019000
v 0.137653 0.114425 0.019000
v 0.137786 0.112672 0.023243
v 0.186923 0.114969 -0.023243
v 0.186882 0.116726 -0.019000
v 0.186882 0.116726 0.019000
v 0.186923 0.114969 0.023243
v 0.241012 0.114999 -0.023243
v 0.241025 0.116756 -0.019000
v 0.241025 0.116756 0.019000
v 0.241012 0.114999 0.023243
v 0.297003 0.114126 -0.023243
v 0.297023 0.115884 -0.019000
v 0.297023 0.115884 0.019000
v 0.297003 0.114126 0.023243
v 0.356161 0.113673 -0.023243
v 0.357918 0.115417 -0.019000
v 0.357918 0.115417 0.019000
v 0.356161 0.113673 0.023243
v 0.356161 0.030775 -0.023243
v 0.357918 0.029115 -0.019000
v 0.357918 0.029115 0.019000
v 0.356161 0.030775 0.023243
v 0.327642 0.029147 -0.023243
v 0.327740 0.027392 -0.019000
v 0.327740 0.027392 0.019000
v 0.327642 0.029147 0.023243
v 0.303673 0.027838 -0.023243
v 0.303773 0.026083 -0.019000
v 0.303773 0.026083 0.019000
v 0.303673 0.027838 0.023243
v 0.278654 0.026350 -0.023243
v 0.278768 0.024597 -0.019000
v 0.278768 0.024597 0.019000
v 0.278654 0.026350 0.023243
v 0.250963 0.024414 -0.023243
v 0.251097 0.022662 -0.019000
v 0.251097 0.022662 0.019000
v 0.250963 0.024414 0.023243
v 0.234673 0.023060 -0.023243
v 0.234829 0.021310 -0.019000
v 0.234829 0.021310 0.019000
v 0.234673 0.023060 0.023243
v 0.220349 0.021701 -0.023243
v 0.220518 0.019951 -0.019000
v 0.220518 0.019951 0.019000
v 0.220349 0.021701 0.023243
v 0.205990 0.020291 -0.023243
v 0.206156 0.018541 -0.019000
v 0.206156 0.018541 0.019000
v 0.205990 0.020291 0.023243
v 0.189624 0.018791 -0.023243
v 0.189776 0.017040 -0.019000
v 0.189776 0.017040 0.019000
v 0.189624 0.018791 0.023243
v 0.167815 0.017016 -0.023243
v 0.167952 0.015264 -0.019000
v 0.167952 0.015264 0.019000
v 0.167815 0.017016 0.023243
v 0.148651 0.015578 -0.023243
v 0.148785 0.013826 -0.019000
v 0.148785 0.013826 0.019000
v 0.148651 0.015578 0.023243
v 0.129529 0.014086 -0.023243
v 0.129676 0.012334 -0.019000
v 0.129676 0.012334 0.019000
v 0.129529 0.014086 0.023243
v 0.107662 0.012131 -0.023243
v 0.107764 0.010375 -0.019000
v 0.107764 0.010375 0.019000
v 0.107662 0.012131 0.023243
v 0.092361 0.011726 -0.023243
v 0.092359 0.009968 -0.019000
v 0.092359 0.009968 0.019000
v 0.092361 0.011726 0.023243
v 0.079000 0.012104 -0.023243
v 0.079052 0.010345 -0.019000
v 0.079052 0.010345 0.019000
v 0.079000 0.012104 0.023243
v 0.066771 0.011031 -0.023243
v 0.067156 0.009300 -0.019000
v 0.067156 0.009300 0.019000
v 0.066771 0.011031 0.023243
v 0.054126 0.006426 -0.023243
v 0.054935 0.004850 -0.019000
v 0.054935 0.004850 0.019000
v 0.054126 0.006426 0.023243
v 0.050286 0.003804 -0.023243
v 0.051445 0.002468 -0.019000
v 0.051445 0.002468 0.019000
v 0.050286 0.003804 0.023243
v 0.047431 0.000686 -0.023243
v 0.048826 -0.000392 -0.019000
v 0.048826 -0.000392 0.019000
v 0.047431 0.000686 0.023243
v 0.044867 -0.003276 -0.023243
v 0.046370 -0.004188 -0.019000
v 0.046370 -0.004188 0.019000
v 0.044867 -0.003276 0.023243
v 0.042110 -0.008132 -0.023243
v 0.043662 -0.008958 -0.019000
v 0.043662 -0.008958 0.019000
v 0.042110 -0.008132 0.023243
v 0.039192 -0.013995 -0.023243
v 0.040811 -0.014686 -0.019000
v 0.040811 -0.014686 0.019000
v 0.039192 -0.013995 0.023243
v 0.037262 -0.019365 -0.023243
v 0.038937 -0.019901 -0.019000
v 0.038937 -0.019901 0.019000
v 0.037262 -0.019365 0.023243
v 0.035637 -0.025137 -0.023243
v 0.037328 -0.025613 -0.019000
v 0.037328 -0.025613 0.019000
v 0.035637 -0.025137 0.023243
v 0.033752 -0.031838 -0.023243
v 0.035444 -0.032313 -0.019000
v 0.035444 -0.032313 0.019000
v 0.033752 -0.031838 0.023243
v 0.032521 -0.036222 -0.023243
v 0.034221 -0.036670 -0.019000
v 0.034221 -0.036670 0.019000
v 0.032521 -0.036222 0.023243
v 0.031547 -0.040178 -0.023243
v 0.033257 -0.040585 -0.019000
v 0.033257 -0.040585 0.019000
v 0.031547 -0.040178 0.023243
v 0.030654 -0.044055 -0.023243
v 0.032365 -0.044456 -0.019000
v 0.032365 -0.044456 0.019000
v 0.030654 -0.044055 0.023243
v 0.028776 -0.051928 -0.023243
v 0.030101 -0.053944 -0.019000
v 0.030101 -0.053944 0.019000
v 0.028776 -0.051928 0.023243
v -0.036729 -0.040436 -0.023243
v -0.038383 -0.041930 -0.019000
v -0.038383 -0.041930 0.019000
v -0.036729 -0.040436 0.023243
v -0.037312 -0.032383 -0.023243
v -0.039069 -0.032455 -0.019000
v -0.039069 -0.032455 0.019000
v -0.037312 -0.032383 0.023243
v -0.037356 -0.027885 -0.023243
v -0.039113 -0.028012 -0.019000
v -0.039113 -0.028012 0.019000
v -0.037356 -0.027885 0.023243
v -0.037860 -0.024155 -0.023243
v -0.039567 -0.024646 -0.019000
v -0.039567 -0.024646 0.019000
v -0.037860 -0.024155 0.023243
v -0.039433 -0.020689 -0.023243
v -0.040935 -0.021631 -0.019000
v -0.040935 -0.021631 0.019000
v -0.039433 -0.020689 0.023243
v -0.040809 -0.019037 -0.023243
v -0.042028 -0.020319 -0.019000
v -0.042028 -0.020319 0.019000
v -0.040809 -0.019037 0.023243
v -0.042334 -0.017890 -0.023243
v -0.043225 -0.019419 -0.019000
v -0.043225 -0.019419 0.019000
v -0.042334 -0.017890 0.023243
v -0.044218 -0.017070 -0.023243
v -0.044777 -0.018743 -0.019000
v -0.044777 -0.018743 0.019000
v -0.044218 -0.017070 0.023243
v -0.046648 -0.016492 -0.023243
v -0.046902 -0.018238 -0.019000
v -0.046902 -0.018238 0.019000
v -0.046648 -0.016492 0.023243
v -0.054011 -0.016086 -0.023243
v -0.053900 -0.017852 -0.019000
v -0.053900 -0.017852 0.019000
v -0.054011 -0.016086 0.023243
v -0.060477 -0.017261 -0.023243
v -0.060037 -0.018968 -0.019000
v -0.060037 -0.018968 0.019000
v -0.060477 -0.017261 0.023243
v -0.067334 -0.019572 -0.023243
v -0.066758 -0.021233 -0.019000
v -0.066758 -0.021233 0.019000
v -0.067334 -0.019572 0.023243
v -0.075277 -0.022402 -0.023243
v -0.074677 -0.024054 -0.019000
v -0.074677 -0.024054 0.019000
v -0.075277 -0.022402 0.023243
v -0.086331 -0.026500 -0.023243
v -0.085656 -0.028124 -0.019000
v -0.085656 -0.028124 0.019000
v -0.086331 -0.026500 0.023243
v -0.095678 -0.030816 -0.023243
v -0.094906 -0.032395 -0.019000
v -0.094906 -0.032395 0.019000
v -0.095678 -0.030816 0.023243
v -0.105007 -0.035638 -0.023243
v -0.104203 -0.037201 -0.019000
v -0.104203 -0.037201 0.019000
v -0.105007 -0.035638 0.023243
v -0.115702 -0.041111 -0.023243
v -0.114896 -0.042672 -0.019000
v -0.114896 -0.042672 0.019000
v -0.115702 -0.041111 0.023243
v -0.126547 -0.046752 -0.023243
v -0.125714 -0.048299 -0.019000
v -0.125714 -0.048299 0.019000
v -0.126547 -0.046752 0.023243
v -0.135971 -0.051994 -0.023243
v -0.135125 -0.053534 -0.019000
v -0.135125 -0.053534 0.019000
v -0.135971 -0.051994 0.023243
v -0.145576 -0.057213 -0.023243
v -0.144772 -0.058775 -0.019000
v -0.144772 -0.058775 0.019000
v -0.145576 -0.057213 0.023243
v -0.156760 -0.062662 -0.023243
v -0.156011 -0.064252 -0.019000
v -0.156011 -0.064252 0.019000
v -0.156760 -0.062662 0.023243
v -0.167498 -0.067545 -0.023243
v -0.166787 -0.069152 -0.019000
v -0.166787 -0.069152 0.019000
v -0.167498 -0.067545 0.023243
v -0.177094 -0.071678 -0.023243
v -0.176440 -0.073310 -0.019000
v -0.176440 -0.073310 0.019000
v -0.177094 -0.071678 0.023243
v -0.186958 -0.075343 -0.023243
v -0.186398 -0.077010 -0.019000
v -0.186398 -0.077010 0.019000
v -0.186958 -0.075343 0.023243
v -0.198412 -0.078787 -0.023243
v -0.197966 -0.080488 -0.019000
v -0.197966 -0.080488 0.019000
v -0.198412 -0.078787 0.023243
v -0.203964 -0.080032 -0.023243
v -0.203641 -0.081761 -0.019000
v -0.203641 -0.081761 0.019000
v -0.203964 -0.080032 0.023243
v -0.209000 -0.080787 -0.023243
v -0.208769 -0.082529 -0.019000
v -0.208769 -0.082529 0.019000
v -0.209000 -0.080787 0.023243
v -0.213674 -0.081329 -0.023243
v -0.213456 -0.083073 -0.019000
v -0.213456 -0.083073 0.019000
v -0.213674 -0.081329 0.023243
vn -0.0047 0.1977 0.9802
vn 0.0023 0.1946 0.9809
vn 0.0015 0.1960 0.9806
vn -0.0150 0.1979 0.9801
vn 0.1490 0.1479 0.9777
vn 0.1545 -0.1459 0.9772
vn -0.0253 0.1962 0.9802
vn -0.0338 0.1946 0.9803
vn -0.0396 0.1923 0.9805
vn -0.0426 0.1911 0.9807
vn -0.0463 0.1911 0.9805
vn -0.0521 0.1901 0.9804
vn -0.0580 0.1881 0.9804
vn -0.0638 0.1864 0.9804
vn -0.0705 0.1844 0.9803
vn -0.0752 0.1811 0.9806
vn -0.0752 0.1793 0.9809
vn -0.0269 0.1966 0.9801
vn 0.0237 0.2031 0.9789
vn -0.0077 0.2028 0.9792
vn -0.0794 0.1810 0.9803
vn 0.0553 0.1959 0.9791
vn -0.0272 0.1905 0.9813
vn 0.0712 0.1840 0.9803
vn -0.0195 0.1919 0.9812
vn -0.1327 -0.1516 0.9795
vn 0.0171 0.1950 0.9807
vn -0.1387 0.1506 0.9788
vn -0.0164 0.1946 0.9808
vn -0.0877 0.1774 0.9802
vn 0.0641 0.1786 0.9818
vn 0.0160 0.1932 0.9810
vn -0.0142 0.1931 0.9811
vn 0.0097 0.1922 0.9813
vn -0.0077 0.1924 0.9813
vn -0.0813 0.1718 0.9818
vn 0.0532 0.1850 0.9813
vn 0.0010 0.1922 0.9814
vn 0.0495 0.1885 0.9808
vn -0.0554 0.1745 0.9831
vn 0.0380 0.1847 0.9821
vn -0.0216 0.1817 0.9831
vn 0.0117 0.1837 0.9829
vn 0.0730 -0.1758 0.9817
vn 0.0664 -0.1826 0.9809
vn 0.0636 -0.1834 0.9810
vn 0.0464 -0.1801 0.9826
vn 0.0386 -0.1738 0.9840
vn 0.0056 -0.1878 0.9822
vn 0.0148 -0.1937 0.9809
vn 0.0126 -0.1941 0.9809
vn 0.0111 -0.1945 0.9808
vn 0.0109 -0.1949 0.9808
vn 0.0172 -0.1936 0.9809
vn 0.0187 -0.1940 0.9808
vn 0.0185 -0.1946 0.9807
vn 0.0169 -0.1950 0.9807
vn 0.0152 -0.1949 0.9807
vn 0.0149 -0.1943 0.9808
vn 0.0162 -0.1937 0.9809
vn 0.0115 -0.1984 0.9801
vn -0.0002 -0.1983 0.9801
vn 0.0816 -0.1591 0.9839
vn 0.1180 -0.1362 0.9836
vn 0.0112 -0.1795 0.9837
vn 0.1460 -0.1128 0.9828
vn 0.1638 -0.0994 0.9815
vn 0.1693 -0.0901 0.9814
vn 0.1727 -0.0737 0.9822
vn -0.0264 -0.1818 0.9830
vn -0.0582 -0.1744 0.9830
vn 0.1817 -0.0582 0.9816
vn -0.0906 -0.1554 0.9837
vn -0.1241 -0.1305 0.9836
vn -0.1504 -0.0943 0.9841
vn 0.1878 -0.0528 0.9808
vn -0.1690 -0.0486 0.9844
vn 0.0845 -0.1728 0.9813
vn -0.1868 -0.0135 0.9823
vn 0.0893 -0.1737 0.9807
vn -0.1986 -0.0082 0.9801
vn 0.1868 -0.0492 0.9812
vn 0.0893 -0.1730 0.9809
vn -0.1633 -0.1475 0.9755
vn 0.1889 -0.0450 0.9810
vn 0.1168 -0.1777 0.9771
vn 0.0916 -0.1703 0.9811
vn 0.1904 -0.0447 0.9807
vn 0.0943 -0.1715 0.9807
vn 0.0905 -0.1758 0.9803
vn 0.0838 -0.1779 0.9805
vn 0.0794 -0.1795 0.9805
vn 0.0737 -0.1838 0.9802
vn 0.0633 -0.1885 0.9800
vn 0.0505 -0.1927 0.9800
vn 0.0366 -0.1959 0.9799
vn 0.0240 -0.1926 0.9810
vn 0.0260 -0.1953 0.9804
vn -0.0047 0.1977 -0.9802
vn 0.0015 0.1960 -0.9806
vn 0.0023 0.1946 -0.9809
vn -0.0150 0.1979 -0.9801
vn 0.1490 0.1479 -0.9777
vn 0.1545 -0.1459 -0.9772
vn -0.0253 0.1962 -0.9802
vn -0.0338 0.1946 -0.9803
vn -0.0396 0.1923 -0.9805
vn -0.0426 0.1911 -0.9807
vn -0.0463 0.1911 -0.9805
vn -0.0521 0.1901 -0.9804
vn -0.0580 0.1881 -0.9804
vn -0.0638 0.1864 -0.9804
vn -0.0705 0.1844 -0.9803
vn -0.0752 0.1811 -0.9806
vn -0.0752 0.1793 -0.9809
vn -0.0269 0.1966 -0.9801
vn -0.0077 0.2028 -0.9792
vn 0.0237 0.2031 -0.9789
vn -0.0794 0.1810 -0.9803
vn 0.0553 0.1959 -0.9791
vn -0.0272 0.1905 -0.9813
vn 0.0712 0.1840 -0.9803
vn -0.0195 0.1919 -0.9812
vn -0.1327 -0.1516 -0.9795
vn -0.1387 0.1506 -0.9788
vn 0.0171 0.1950 -0.9807
vn -0.0164 0.1946 -0.9808
vn -0.0877 0.1774 -0.9802
vn 0.0641 0.1786 -0.9818
vn 0.0160 0.1932 -0.9810
vn -0.0142 0.1931 -0.9811
vn 0.0097 0.1922 -0.9813
vn -0.0077 0.1924 -0.9813
vn -0.0813 0.1718 -0.9818
vn 0.0532 0.1850 -0.9813
vn 0.0010 0.1922 -0.9814
vn 0.0495 0.1885 -0.9808
vn -0.0554 0.1745 -0.9831
vn 0.0380 0.1847 -0.9821
vn -0.0216 0.1817 -0.9831
vn 0.0117 0.1837 -0.9829
vn 0.0730 -0.1758 -0.9817
vn 0.0664 -0.1826 -0.9809
vn 0.0636 -0.1834 -0.9810
vn 0.0464 -0.1801 -0.9826
vn 0.0386 -0.1738 -0.9840
vn 0.0056 -0.1878 -0.9822
vn 0.0148 -0.1937 -0.9809
vn 0.0126 -0.1941 -0.9809
vn 0.0111 -0.1945 -0.9808
vn 0.0109 -0.1949 -0.9808
vn 0.0172 -0.1936 -0.9809
vn 0.0187 -0.1940 -0.9808
vn 0.0185 -0.1946 -0.9807
vn 0.0169 -0.1950 -0.9807
vn 0.0152 -0.1949 -0.9807
vn 0.0149 -0.1943 -0.9808
vn 0.0162 -0.1937 -0.9809
vn 0.0115 -0.1984 -0.9801
vn -0.0002 -0.1983 -0.9801
vn 0.0816 -0.1591 -0.9839
vn 0.1180 -0.1362 -0.9836
vn 0.0112 -0.1795 -0.9837
vn 0.1460 -0.1128 -0.9828
vn 0.1638 -0.0994 -0.9815
vn 0.1693 -0.0901 -0.9814
vn 0.1727 -0.0737 -0.9822
vn -0.0264 -0.1818 -0.9830
vn -0.0582 -0.1744 -0.9830
vn 0.1817 -0.0582 -0.9816
vn -0.0906 -0.1554 -0.9837
vn -0.1241 -0.1305 -0.9836
vn -0.1504 -0.0943 -0.9841
vn 0.1878 -0.0528 -0.9808
vn -0.1690 -0.0486 -0.9844
vn 0.0845 -0.1728 -0.9813
vn -0.1868 -0.0135 -0.9823
vn 0.0893 -0.1737 -0.9807
vn -0.1986 -0.0082 -0.9801
vn 0.1868 -0.0492 -0.9812
vn 0.0893 -0.1730 -0.9809
vn -0.1633 -0.1475 -0.9755
vn 0.1889 -0.0450 -0.9810
vn 0.1168 -0.1777 -0.9771
vn 0.0916 -0.1703 -0.9811
vn 0.1904 -0.0447 -0.9807
vn 0.0943 -0.1715 -0.9807
vn 0.0905 -0.1758 -0.9803
vn 0.0838 -0.1779 -0.9805
vn 0.0794 -0.1795 -0.9805
vn 0.0737 -0.1838 -0.9802
vn 0.0633 -0.1885 -0.9800
vn 0.0505 -0.1927 -0.9800
vn 0.0366 -0.1959 -0.9799
vn 0.0236 -0.4129 -0.9105
vn 0.0260 -0.1953 -0.9804
vn -0.1734 -0.1981 -0.9647
vn -0.1830 0.1987 -0.9628
vn -0.9862 -0.0000 -0.1656
vn -0.9859 -0.0000 -0.1671
vn -0.9239 -0.0000 -0.3827
vn -0.9862 -0.0000 0.1656
vn -0.9859 -0.0000 0.1671
vn -0.9239 -0.0000 0.3827
vn -0.1830 0.1987 0.9628
vn -0.1734 -0.1981 0.9647
vn 0.0334 0.3812 -0.9239
vn 0.0811 0.9826 -0.1671
vn 0.0857 0.9771 -0.1950
vn 0.0807 0.9203 -0.3827
vn 0.0760 0.9208 -0.3827
vn 0.0811 0.9826 0.1671
vn 0.0857 0.9771 0.1950
vn 0.0760 0.9208 0.3827
vn 0.0807 0.9203 0.3827
vn 0.0334 0.3812 0.9239
vn 0.0316 0.3814 -0.9239
vn 0.0809 0.9774 -0.1953
vn 0.0762 0.9207 -0.3827
vn 0.0809 0.9774 0.1953
vn 0.0762 0.9207 0.3827
vn 0.0316 0.3814 0.9239
vn 0.0194 0.3821 -0.9239
vn 0.0497 0.9794 -0.1957
vn 0.0468 0.9227 -0.3828
vn 0.0497 0.9794 0.1957
vn 0.0468 0.9227 0.3828
vn 0.0194 0.3821 0.9239
vn 0.0019 0.3826 -0.9239
vn 0.0049 0.9806 -0.1957
vn 0.0046 0.9238 -0.3828
vn 0.0049 0.9806 0.1957
vn 0.0046 0.9238 0.3828
vn 0.0019 0.3826 0.9239
vn -0.0154 0.3823 -0.9239
vn -0.0394 0.9799 -0.1956
vn -0.0371 0.9231 -0.3828
vn -0.0394 0.9799 0.1956
vn -0.0371 0.9231 0.3828
vn -0.0154 0.3823 0.9239
vn -0.0281 0.3816 -0.9239
vn -0.0721 0.9781 -0.1954
vn -0.0679 0.9214 -0.3827
vn -0.0721 0.9781 0.1954
vn -0.0679 0.9214 0.3827
vn -0.0281 0.3816 0.9239
vn -0.0322 0.3813 -0.9239
vn -0.0825 0.9773 -0.1951
vn -0.0777 0.9206 -0.3827
vn -0.0825 0.9773 0.1951
vn -0.0777 0.9206 0.3827
vn -0.0322 0.3813 0.9239
vn -0.0386 0.3807 -0.9239
vn -0.0990 0.9757 -0.1956
vn -0.0933 0.9191 -0.3827
vn -0.0990 0.9757 0.1956
vn -0.0933 0.9191 0.3827
vn -0.0386 0.3807 0.9239
vn -0.0541 0.3788 -0.9239
vn -0.1386 0.9708 -0.1957
vn -0.1306 0.9146 -0.3828
vn -0.1386 0.9708 0.1957
vn -0.1306 0.9146 0.3828
vn -0.0541 0.3788 0.9239
vn -0.0518 0.3790 -0.9239
vn -0.1328 0.9719 -0.1945
vn -0.1251 0.9153 -0.3828
vn -0.1328 0.9719 0.1945
vn -0.1251 0.9153 0.3828
vn -0.0518 0.3790 0.9239
vn -0.0144 0.3816 -0.9242
vn -0.0370 0.9803 -0.1939
vn -0.0349 0.9229 -0.3835
vn -0.0370 0.9803 0.1939
vn -0.0349 0.9229 0.3835
vn -0.0144 0.3816 0.9242
vn 0.0442 0.3790 -0.9244
vn 0.1136 0.9745 -0.1937
vn 0.1069 0.9172 -0.3838
vn 0.1136 0.9745 0.1937
vn 0.1069 0.9172 0.3838
vn 0.0442 0.3790 0.9244
vn 0.1038 0.3674 -0.9243
vn 0.2667 0.9441 -0.1938
vn 0.2511 0.8887 -0.3836
vn 0.2667 0.9441 0.1938
vn 0.2511 0.8887 0.3836
vn 0.1038 0.3674 0.9243
vn 0.1382 0.3568 -0.9239
vn 0.3542 0.9147 -0.1947
vn 0.3336 0.8615 -0.3827
vn 0.3542 0.9147 0.1947
vn 0.3336 0.8615 0.3827
vn 0.1382 0.3568 0.9239
vn 0.1292 0.3599 -0.9240
vn 0.3314 0.9229 -0.1963
vn 0.3122 0.8694 -0.3830
vn 0.3314 0.9229 0.1963
vn 0.3122 0.8694 0.3830
vn 0.1292 0.3599 0.9240
vn 0.1057 0.3677 -0.9239
vn 0.2709 0.9425 -0.1956
vn 0.2552 0.8879 -0.3828
vn 0.2709 0.9425 0.1956
vn 0.2552 0.8879 0.3828
vn 0.1057 0.3677 0.9239
vn 0.0972 0.3701 -0.9239
vn 0.2492 0.9486 -0.1951
vn 0.2348 0.8936 -0.3827
vn 0.2492 0.9486 0.1951
vn 0.2348 0.8936 0.3827
vn 0.0972 0.3701 0.9239
vn 0.0771 0.3744 -0.9241
vn 0.1976 0.9604 -0.1966
vn 0.1862 0.9047 -0.3831
vn 0.1976 0.9604 0.1966
vn 0.1862 0.9047 0.3831
vn 0.0771 0.3744 0.9241
vn 0.0242 0.3807 -0.9244
vn 0.0623 0.9783 -0.1979
vn 0.0587 0.9215 -0.3839
vn 0.0623 0.9783 0.1979
vn 0.0587 0.9215 0.3839
vn 0.0242 0.3807 0.9244
vn -0.0450 0.3785 -0.9245
vn -0.1158 0.9733 -0.1982
vn -0.1091 0.9168 -0.3842
vn -0.1158 0.9733 0.1982
vn -0.1091 0.9168 0.3842
vn -0.0450 0.3785 0.9245
vn -0.1153 0.3634 -0.9245
vn -0.2965 0.9342 -0.1981
vn -0.2793 0.8800 -0.3841
vn -0.2965 0.9342 0.1981
vn -0.2793 0.8800 0.3841
vn -0.1153 0.3634 0.9245
vn -0.1636 0.3456 -0.9240
vn -0.4195 0.8863 -0.1962
vn -0.3952 0.8350 -0.3830
vn -0.4195 0.8863 0.1962
vn -0.3952 0.8350 0.3830
vn -0.1636 0.3456 0.9240
vn -0.1695 0.3430 -0.9239
vn -0.4345 0.8794 -0.1946
vn -0.4093 0.8282 -0.3828
vn -0.4345 0.8794 0.1946
vn -0.4093 0.8282 0.3828
vn -0.1695 0.3430 0.9239
vn -0.1538 0.3504 -0.9239
vn -0.3942 0.8982 -0.1946
vn -0.3712 0.8460 -0.3828
vn -0.3942 0.8982 0.1946
vn -0.3712 0.8460 0.3828
vn -0.1538 0.3504 0.9239
vn -0.1480 0.3529 -0.9239
vn -0.3794 0.9044 -0.1952
vn -0.3574 0.8519 -0.3827
vn -0.3794 0.9044 0.1952
vn -0.3574 0.8519 0.3827
vn -0.1480 0.3529 0.9239
vn -0.1468 0.3534 -0.9239
vn -0.3762 0.9058 -0.1949
vn -0.3544 0.8532 -0.3827
vn -0.3762 0.9058 0.1949
vn -0.3544 0.8532 0.3827
vn -0.1468 0.3534 0.9239
vn -0.1367 0.3574 -0.9239
vn -0.3504 0.9161 -0.1947
vn -0.3301 0.8629 -0.3827
vn -0.3504 0.9161 0.1947
vn -0.3301 0.8629 0.3827
vn -0.1367 0.3574 0.9239
vn -0.1239 0.3620 -0.9239
vn -0.3176 0.9280 -0.1947
vn -0.2992 0.8741 -0.3827
vn -0.3176 0.9280 0.1947
vn -0.2992 0.8741 0.3827
vn -0.1239 0.3620 0.9239
vn -0.1127 0.3657 -0.9239
vn -0.2889 0.9374 -0.1948
vn -0.2721 0.8829 -0.3827
vn -0.2889 0.9374 0.1948
vn -0.2721 0.8829 0.3827
vn -0.1127 0.3657 0.9239
vn -0.1011 0.3690 -0.9239
vn -0.2591 0.9460 -0.1947
vn -0.2440 0.8910 -0.3827
vn -0.2591 0.9460 0.1947
vn -0.2440 0.8910 0.3827
vn -0.1011 0.3690 0.9239
vn -0.0901 0.3719 -0.9239
vn -0.2309 0.9533 -0.1948
vn -0.2175 0.8979 -0.3827
vn -0.2309 0.9533 0.1948
vn -0.2175 0.8979 0.3827
vn -0.0901 0.3719 0.9239
vn -0.0832 0.3735 -0.9239
vn -0.2133 0.9573 -0.1950
vn -0.2009 0.9018 -0.3827
vn -0.2133 0.9573 0.1950
vn -0.2009 0.9018 0.3827
vn -0.0832 0.3735 0.9239
vn -0.0771 0.3748 -0.9239
vn -0.1977 0.9607 -0.1948
vn -0.1863 0.9049 -0.3827
vn -0.1977 0.9607 0.1948
vn -0.1863 0.9049 0.3827
vn -0.0771 0.3748 0.9239
vn -0.0654 0.3770 -0.9239
vn -0.1677 0.9664 -0.1946
vn -0.1580 0.9102 -0.3828
vn -0.1677 0.9664 0.1946
vn -0.1580 0.9102 0.3828
vn -0.0654 0.3770 0.9239
vn -0.0489 0.3795 -0.9239
vn -0.1253 0.9729 -0.1946
vn -0.1180 0.9163 -0.3828
vn -0.1253 0.9729 0.1946
vn -0.1180 0.9163 0.3828
vn -0.0489 0.3795 0.9239
vn -0.0290 0.3814 -0.9239
vn -0.0743 0.9781 -0.1945
vn -0.0700 0.9212 -0.3828
vn -0.0743 0.9781 0.1945
vn -0.0700 0.9212 0.3828
vn -0.0290 0.3814 0.9239
vn -0.0090 0.3825 -0.9239
vn -0.0232 0.9806 -0.1946
vn -0.0218 0.9236 -0.3828
vn -0.0232 0.9806 0.1946
vn -0.0218 0.9236 0.3828
vn -0.0090 0.3825 0.9239
vn 0.0029 0.3827 -0.9239
vn 0.0074 0.9808 -0.1949
vn 0.0069 0.9238 -0.3827
vn 0.0074 0.9808 0.1949
vn 0.0069 0.9238 0.3827
vn 0.0029 0.3827 0.9239
vn 0.0044 0.3827 -0.9239
vn 0.0114 0.9807 -0.1952
vn 0.0107 0.9238 -0.3827
vn 0.0114 0.9807 0.1952
vn 0.0107 0.9238 0.3827
vn 0.0044 0.3827 0.9239
vn 0.2002 0.1987 -0.9594
vn 0.0076 0.9855 -0.1695
vn 0.0071 0.9239 -0.3827
vn 0.0076 0.9855 0.1695
vn 0.0071 0.9239 0.3827
vn 0.2002 0.1987 0.9594
vn 0.2096 -0.1980 -0.9575
vn 0.9855 -0.0000 -0.1695
vn 0.9853 -0.0000 -0.1708
vn 0.9239 -0.0000 -0.3827
vn 0.9855 -0.0000 0.1695
vn 0.9853 -0.0000 0.1708
vn 0.9239 -0.0000 0.3827
vn 0.2096 -0.1980 0.9575
vn 0.0213 -0.3821 -0.9239
vn 0.0562 -0.9837 -0.1708
vn 0.0547 -0.9793 -0.1951
vn 0.0515 -0.9224 -0.3827
vn 0.0527 -0.9224 -0.3827
vn 0.0562 -0.9837 0.1708
vn 0.0547 -0.9793 0.1951
vn 0.0527 -0.9224 0.3827
vn 0.0515 -0.9224 0.3827
vn 0.0213 -0.3821 0.9239
vn 0.0218 -0.3821 -0.9239
vn 0.0559 -0.9792 -0.1951
vn 0.0526 -0.9224 -0.3827
vn 0.0559 -0.9792 0.1951
vn 0.0526 -0.9224 0.3827
vn 0.0218 -0.3821 0.9239
vn 0.0247 -0.3819 -0.9239
vn 0.0633 -0.9787 -0.1952
vn 0.0596 -0.9220 -0.3827
vn 0.0633 -0.9787 0.1952
vn 0.0596 -0.9220 0.3827
vn 0.0247 -0.3819 0.9239
vn 0.0292 -0.3816 -0.9239
vn 0.0748 -0.9779 -0.1952
vn 0.0705 -0.9212 -0.3827
vn 0.0748 -0.9779 0.1952
vn 0.0705 -0.9212 0.3827
vn 0.0292 -0.3816 0.9239
vn 0.0339 -0.3812 -0.9239
vn 0.0870 -0.9769 -0.1952
vn 0.0819 -0.9202 -0.3827
vn 0.0870 -0.9769 0.1952
vn 0.0819 -0.9202 0.3827
vn 0.0339 -0.3812 0.9239
vn 0.0368 -0.3809 -0.9239
vn 0.0943 -0.9762 -0.1951
vn 0.0888 -0.9196 -0.3827
vn 0.0943 -0.9762 0.1951
vn 0.0888 -0.9196 0.3827
vn 0.0368 -0.3809 0.9239
vn 0.0362 -0.3810 -0.9239
vn 0.0927 -0.9764 -0.1950
vn 0.0873 -0.9197 -0.3827
vn 0.0927 -0.9764 0.1950
vn 0.0873 -0.9197 0.3827
vn 0.0362 -0.3810 0.9239
vn 0.0330 -0.3813 -0.9239
vn 0.0845 -0.9772 -0.1950
vn 0.0796 -0.9204 -0.3827
vn 0.0845 -0.9772 0.1950
vn 0.0796 -0.9204 0.3827
vn 0.0330 -0.3813 0.9239
vn 0.0298 -0.3815 -0.9239
vn 0.0765 -0.9778 -0.1950
vn 0.0720 -0.9211 -0.3827
vn 0.0765 -0.9778 0.1950
vn 0.0720 -0.9211 0.3827
vn 0.0298 -0.3815 0.9239
vn 0.0748 -0.9779 -0.1951
vn 0.0748 -0.9779 0.1951
vn 0.0319 -0.3813 -0.9239
vn 0.0818 -0.9773 -0.1952
vn 0.0771 -0.9207 -0.3827
vn 0.0818 -0.9773 0.1952
vn 0.0771 -0.9207 0.3827
vn 0.0319 -0.3813 0.9239
vn 0.0221 -0.3819 -0.9239
vn 0.0567 -0.9793 -0.1944
vn 0.0534 -0.9223 -0.3828
vn 0.0567 -0.9793 0.1944
vn 0.0534 -0.9223 0.3828
vn 0.0221 -0.3819 0.9239
vn -0.0004 -0.3826 -0.9239
vn -0.0009 -0.9809 -0.1945
vn -0.0009 -0.9238 -0.3828
vn -0.0009 -0.9809 0.1945
vn -0.0009 -0.9238 0.3828
vn -0.0004 -0.3826 0.9239
vn 0.0113 -0.3820 -0.9241
vn 0.0290 -0.9800 -0.1968
vn 0.0274 -0.9232 -0.3832
vn 0.0290 -0.9800 0.1968
vn 0.0274 -0.9232 0.3832
vn 0.0113 -0.3820 0.9241
vn 0.0823 -0.3709 -0.9250
vn 0.2123 -0.9566 -0.1998
vn 0.1999 -0.9008 -0.3855
vn 0.2123 -0.9566 0.1998
vn 0.1999 -0.9008 0.3855
vn 0.0823 -0.3709 0.9250
vn 0.1736 -0.3382 -0.9249
vn 0.4474 -0.8718 -0.1995
vn 0.4213 -0.8210 -0.3852
vn 0.4474 -0.8718 0.1995
vn 0.4213 -0.8210 0.3852
vn 0.1736 -0.3382 0.9249
vn 0.2492 -0.2875 -0.9248
vn 0.6419 -0.7405 -0.1991
vn 0.6046 -0.6974 -0.3849
vn 0.6419 -0.7405 0.1991
vn 0.6046 -0.6974 0.3849
vn 0.2492 -0.2875 0.9248
vn 0.3019 -0.2333 -0.9244
vn 0.7757 -0.5994 -0.1977
vn 0.7307 -0.5646 -0.3838
vn 0.7757 -0.5994 0.1977
vn 0.7307 -0.5646 0.3838
vn 0.3019 -0.2333 0.9244
vn 0.3271 -0.1984 -0.9239
vn 0.8384 -0.5087 -0.1959
vn 0.7898 -0.4792 -0.3828
vn 0.8384 -0.5087 0.1959
vn 0.7898 -0.4792 0.3828
vn 0.3271 -0.1984 0.9239
vn 0.3377 -0.1797 -0.9239
vn 0.8657 -0.4607 -0.1958
vn 0.8155 -0.4340 -0.3828
vn 0.8657 -0.4607 0.1958
vn 0.8155 -0.4340 0.3828
vn 0.3377 -0.1797 0.9239
vn 0.3515 -0.1500 -0.9241
vn 0.9017 -0.3849 -0.1968
vn 0.8495 -0.3626 -0.3832
vn 0.9017 -0.3849 0.1968
vn 0.8495 -0.3626 0.3832
vn 0.3515 -0.1500 0.9241
vn 0.3643 -0.1166 -0.9240
vn 0.9339 -0.2989 -0.1960
vn 0.8798 -0.2816 -0.3829
vn 0.9339 -0.2989 0.1960
vn 0.8798 -0.2816 0.3829
vn 0.3643 -0.1166 0.9240
vn 0.3684 -0.1037 -0.9239
vn 0.9441 -0.2657 -0.1951
vn 0.8893 -0.2503 -0.3827
vn 0.9441 -0.2657 0.1951
vn 0.8893 -0.2503 0.3827
vn 0.3684 -0.1037 0.9239
vn 0.3684 -0.1035 -0.9239
vn 0.9442 -0.2653 -0.1951
vn 0.8894 -0.2499 -0.3827
vn 0.9442 -0.2653 0.1951
vn 0.8894 -0.2499 0.3827
vn 0.3684 -0.1035 0.9239
vn 0.3700 -0.0975 -0.9239
vn 0.9484 -0.2498 -0.1955
vn 0.8934 -0.2353 -0.3827
vn 0.9484 -0.2498 0.1955
vn 0.8934 -0.2353 0.3827
vn 0.3700 -0.0975 0.9239
vn 0.3722 -0.0887 -0.9239
vn 0.9540 -0.2274 -0.1953
vn 0.8987 -0.2142 -0.3827
vn 0.9540 -0.2274 0.1953
vn 0.8987 -0.2142 0.3827
vn 0.3722 -0.0887 0.9239
vn 0.3726 -0.0874 -0.9239
vn 0.9549 -0.2239 -0.1950
vn 0.8995 -0.2109 -0.3827
vn 0.9549 -0.2239 0.1950
vn 0.8995 -0.2109 0.3827
vn 0.3726 -0.0874 0.9239
vn 0.1586 -0.2413 -0.9574
vn 0.9584 -0.2286 -0.1709
vn 0.8987 -0.2144 -0.3827
vn 0.9584 -0.2286 0.1709
vn 0.8987 -0.2144 0.3827
vn 0.1586 -0.2413 0.9574
vn -0.2304 -0.2081 -0.9506
vn -0.1703 -0.9705 -0.1709
vn -0.1701 -0.9697 -0.1752
vn -0.1596 -0.9100 -0.3827
vn -0.1703 -0.9705 0.1709
vn -0.1701 -0.9697 0.1752
vn -0.1596 -0.9100 0.3827
vn -0.2304 -0.2081 0.9506
vn -0.3822 -0.0157 -0.9239
vn -0.9820 -0.0711 -0.1752
vn -0.9801 -0.0403 -0.1944
vn -0.9230 -0.0379 -0.3828
vn -0.9215 -0.0667 -0.3827
vn -0.9820 -0.0711 0.1752
vn -0.9801 -0.0403 0.1944
vn -0.9215 -0.0667 0.3827
vn -0.9230 -0.0379 0.3828
vn -0.3822 -0.0157 0.9239
vn -0.3811 -0.0275 -0.9241
vn -0.9779 -0.0706 -0.1969
vn -0.9212 -0.0665 -0.3833
vn -0.9779 -0.0706 0.1969
vn -0.9212 -0.0665 0.3833
vn -0.3811 -0.0275 0.9241
vn -0.3644 -0.1048 -0.9253
vn -0.9415 -0.2708 -0.2006
vn -0.8865 -0.2550 -0.3862
vn -0.9415 -0.2708 0.2006
vn -0.8865 -0.2550 0.3862
vn -0.3644 -0.1048 0.9253
vn -0.3217 -0.2018 -0.9251
vn -0.8300 -0.5206 -0.2000
vn -0.7816 -0.4902 -0.3856
vn -0.8300 -0.5206 0.2000
vn -0.7816 -0.4902 0.3856
vn -0.3217 -0.2018 0.9251
vn -0.2623 -0.2757 -0.9248
vn -0.6755 -0.7100 -0.1991
vn -0.6362 -0.6687 -0.3849
vn -0.6755 -0.7100 0.1991
vn -0.6362 -0.6687 0.3849
vn -0.2623 -0.2757 0.9248
vn -0.1916 -0.3287 -0.9248
vn -0.4935 -0.8466 -0.1991
vn -0.4648 -0.7974 -0.3849
vn -0.4935 -0.8466 0.1991
vn -0.4648 -0.7974 0.3849
vn -0.1916 -0.3287 0.9248
vn -0.1207 -0.3618 -0.9244
vn -0.3103 -0.9298 -0.1979
vn -0.2923 -0.8758 -0.3840
vn -0.3103 -0.9298 0.1979
vn -0.2923 -0.8758 0.3840
vn -0.1207 -0.3618 0.9244
vn -0.0548 -0.3774 -0.9244
vn -0.1409 -0.9700 -0.1979
vn -0.1327 -0.9137 -0.3840
vn -0.1409 -0.9700 0.1979
vn -0.1327 -0.9137 0.3840
vn -0.0548 -0.3774 0.9244
vn 0.0237 -0.3797 -0.9248
vn 0.0611 -0.9781 -0.1992
vn 0.0575 -0.9211 -0.3849
vn 0.0611 -0.9781 0.1992
vn 0.0575 -0.9211 0.3849
vn 0.0237 -0.3797 0.9248
vn 0.0954 -0.3697 -0.9242
vn 0.2448 -0.9493 -0.1973
vn 0.2306 -0.8943 -0.3835
vn 0.2448 -0.9493 0.1973
vn 0.2306 -0.8943 0.3835
vn 0.0954 -0.3697 0.9242
vn 0.1253 -0.3616 -0.9239
vn 0.3212 -0.9267 -0.1953
vn 0.3026 -0.8729 -0.3827
vn 0.3212 -0.9267 0.1953
vn 0.3026 -0.8729 0.3827
vn 0.1253 -0.3616 0.9239
vn 0.1307 -0.3597 -0.9239
vn 0.3350 -0.9218 -0.1952
vn 0.3156 -0.8683 -0.3827
vn 0.3350 -0.9218 0.1952
vn 0.3156 -0.8683 0.3827
vn 0.1307 -0.3597 0.9239
vn 0.1467 -0.3532 -0.9240
vn 0.3762 -0.9055 -0.1961
vn 0.3545 -0.8531 -0.3829
vn 0.3762 -0.9055 0.1961
vn 0.3545 -0.8531 0.3829
vn 0.1467 -0.3532 0.9240
vn 0.1681 -0.3437 -0.9239
vn 0.4308 -0.8810 -0.1957
vn 0.4059 -0.8299 -0.3828
vn 0.4308 -0.8810 0.1957
vn 0.4059 -0.8299 0.3828
vn 0.1681 -0.3437 0.9239
vn 0.1750 -0.3403 -0.9239
vn 0.4486 -0.8722 -0.1950
vn 0.4225 -0.8216 -0.3827
vn 0.4486 -0.8722 0.1950
vn 0.4225 -0.8216 0.3827
vn 0.1750 -0.3403 0.9239
vn 0.1755 -0.3401 -0.9239
vn 0.4497 -0.8716 -0.1952
vn 0.4236 -0.8211 -0.3827
vn 0.4497 -0.8716 0.1952
vn 0.4236 -0.8211 0.3827
vn 0.1755 -0.3401 0.9239
vn 0.1813 -0.3370 -0.9239
vn 0.4647 -0.8636 -0.1954
vn 0.4377 -0.8136 -0.3827
vn 0.4647 -0.8636 0.1954
vn 0.4377 -0.8136 0.3827
vn 0.1813 -0.3370 0.9239
vn 0.1844 -0.3353 -0.9239
vn 0.4725 -0.8595 -0.1950
vn 0.4451 -0.8096 -0.3827
vn 0.4725 -0.8595 0.1950
vn 0.4451 -0.8096 0.3827
vn 0.1844 -0.3353 0.9239
vn 0.1752 -0.3401 -0.9239
vn 0.4491 -0.8720 -0.1946
vn 0.4230 -0.8213 -0.3828
vn 0.4491 -0.8720 0.1946
vn 0.4230 -0.8213 0.3828
vn 0.1752 -0.3401 0.9239
vn 0.1630 -0.3462 -0.9239
vn 0.4179 -0.8874 -0.1948
vn 0.3936 -0.8358 -0.3827
vn 0.4179 -0.8874 0.1948
vn 0.3936 -0.8358 0.3827
vn 0.1630 -0.3462 0.9239
vn 0.1549 -0.3499 -0.9239
vn 0.3970 -0.8969 -0.1949
vn 0.3740 -0.8448 -0.3827
vn 0.3970 -0.8969 0.1949
vn 0.3740 -0.8448 0.3827
vn 0.1549 -0.3499 0.9239
vn 0.1424 -0.3551 -0.9239
vn 0.3650 -0.9105 -0.1945
vn 0.3437 -0.8575 -0.3828
vn 0.3650 -0.9105 0.1945
vn 0.3437 -0.8575 0.3828
vn 0.1424 -0.3551 0.9239
vn 0.1217 -0.3626 -0.9239
vn 0.3122 -0.9299 -0.1944
vn 0.2940 -0.8758 -0.3828
vn 0.3122 -0.9299 0.1944
vn 0.2940 -0.8758 0.3828
vn 0.1217 -0.3626 0.9239
vn 0.0970 -0.3700 -0.9240
vn 0.2487 -0.9489 -0.1944
vn 0.2342 -0.8936 -0.3829
vn 0.2487 -0.9489 0.1944
vn 0.2342 -0.8936 0.3829
vn 0.0970 -0.3700 0.9240
vn 0.0702 -0.3760 -0.9240
vn 0.1801 -0.9642 -0.1944
vn 0.1696 -0.9081 -0.3829
vn 0.1801 -0.9642 0.1944
vn 0.1696 -0.9081 0.3829
vn 0.0702 -0.3760 0.9240
vn 0.0504 -0.3793 -0.9239
vn 0.1293 -0.9723 -0.1947
vn 0.1217 -0.9158 -0.3827
vn 0.1293 -0.9723 0.1947
vn 0.1217 -0.9158 0.3827
vn 0.0504 -0.3793 0.9239
vn 0.0473 -0.3797 -0.9239
vn 0.1214 -0.9732 -0.1953
vn 0.1143 -0.9168 -0.3827
vn 0.1214 -0.9732 0.1953
vn 0.1143 -0.9168 0.3827
vn 0.0473 -0.3797 0.9239
vn 0.1303 -0.9776 -0.1656
vn 0.1221 -0.9158 -0.3827
vn 0.1303 -0.9776 0.1656
vn 0.1221 -0.9158 0.3827
vt 0.387755 0.000000
vt 0.408163 0.000000
vt 0.397959 0.000000
vt 0.377551 0.000000
vt 0.418367 0.000000
vt 0.428571 0.000000
vt 0.367347 0.000000
vt 0.357143 0.000000
vt 0.346939 0.000000
vt 0.336735 0.000000
vt 0.326531 0.000000
vt 0.316327 0.000000
vt 0.306122 0.000000
vt 0.295918 0.000000
vt 0.285714 0.000000
vt 0.275510 0.000000
vt 0.265306 0.000000
vt 0.112245 0.000000
vt 0.132653 0.000000
vt 0.122449 0.000000
vt 0.255102 0.000000
vt 0.142857 0.000000
vt 0.102041 0.000000
vt 0.153061 0.000000
vt 0.091837 0.000000
vt 0.000000 0.000000
vt 0.020408 0.000000
vt 0.010204 0.000000
vt 0.081633 0.000000
vt 0.244898 0.000000
vt 0.163265 0.000000
vt 0.030612 0.000000
vt 0.071429 0.000000
vt 0.040816 0.000000
vt 0.061224 0.000000
vt 0.234694 0.000000
vt 0.173469 0.000000
vt 0.051020 0.000000
vt 0.183673 0.000000
vt 0.224490 0.000000
vt 0.193878 0.000000
vt 0.214286 0.000000
vt 0.204082 0.000000
vt 0.857143 0.000000
vt 0.846939 0.000000
vt 0.836735 0.000000
vt 0.826531 0.000000
vt 0.581633 0.000000
vt 0.571429 0.000000
vt 0.469388 0.000000
vt 0.459184 0.000000
vt 0.448980 0.000000
vt 0.438776 0.000000
vt 0.479592 0.000000
vt 0.489796 0.000000
vt 0.500000 0.000000
vt 0.510204 0.000000
vt 0.520408 0.000000
vt 0.530612 0.000000
vt 0.540816 0.000000
vt 0.551020 0.000000
vt 0.561224 0.000000
vt 0.591837 0.000000
vt 0.602041 0.000000
vt 0.816327 0.000000
vt 0.612245 0.000000
vt 0.622449 0.000000
vt 0.632653 0.000000
vt 0.642857 0.000000
vt 0.806122 0.000000
vt 0.795918 0.000000
vt 0.653061 0.000000
vt 0.785714 0.000000
vt 0.775510 0.000000
vt 0.765306 0.000000
vt 0.663265 0.000000
vt 0.755102 0.000000
vt 0.867347 0.000000
vt 0.744898 0.000000
vt 0.673469 0.000000
vt 0.877551 0.000000
vt 0.734694 0.000000
vt 0.683673 0.000000
vt 0.887755 0.000000
vt 0.724490 0.000000
vt 0.693878 0.000000
vt 0.714286 0.000000
vt 0.897959 0.000000
vt 0.704082 0.000000
vt 0.908163 0.000000
vt 0.918367 0.000000
vt 0.928571 0.000000
vt 0.938776 0.000000
vt 0.948980 0.000000
vt 0.959184 0.000000
vt 0.969388 0.000000
vt 0.979592 0.000000
vt 1.000000 0.000000
vt 0.989796 0.000000
vt 0.000000 0.200000
vt 0.010101 0.200000
vt 0.010101 0.000000
vt 0.000000 0.400000
vt 0.010101 0.400000
vt 0.000000 0.600000
vt 0.010101 0.600000
vt 0.000000 0.800000
vt 0.010101 0.800000
vt 0.000000 1.000000
vt 0.010101 1.000000
vt 0.020202 0.200000
vt 0.020202 0.000000
vt 0.020202 0.400000
vt 0.020202 0.600000
vt 0.020202 0.800000
vt 0.020202 1.000000
vt 0.030303 0.200000
vt 0.030303 0.000000
vt 0.030303 0.400000
vt 0.030303 0.600000
vt 0.030303 0.800000
vt 0.030303 1.000000
vt 0.040404 0.200000
vt 0.040404 0.000000
vt 0.040404 0.400000
vt 0.040404 0.600000
vt 0.040404 0.800000
vt 0.040404 1.000000
vt 0.050505 0.200000
vt 0.050505 0.000000
vt 0.050505 0.400000
vt 0.050505 0.600000
vt 0.050505 0.800000
vt 0.050505 1.000000
vt 0.060606 0.200000
vt 0.060606 0.000000
vt 0.060606 0.400000
vt 0.060606 0.600000
vt 0.060606 0.800000
vt 0.060606 1.000000
vt 0.070707 0.200000
vt 0.070707 0.000000
vt 0.070707 0.400000
vt 0.070707 0.600000
vt 0.070707 0.800000
vt 0.070707 1.000000
vt 0.080808 0.200000
vt 0.080808 0.000000
vt 0.080808 0.400000
vt 0.080808 0.600000
vt 0.080808 0.800000
vt 0.080808 1.000000
vt 0.090909 0.200000
vt 0.090909 0.000000
vt 0.090909 0.400000
vt 0.090909 0.600000
vt 0.090909 0.800000
vt 0.090909 1.000000
vt 0.101010 0.200000
vt 0.101010 0.000000
vt 0.101010 0.400000
vt 0.101010 0.600000
vt 0.101010 0.800000
vt 0.101010 1.000000
vt 0.111111 0.200000
vt 0.111111 0.000000
vt 0.111111 0.400000
vt 0.111111 0.600000
vt 0.111111 0.800000
vt 0.111111 1.000000
vt 0.121212 0.200000
vt 0.121212 0.000000
vt 0.121212 0.400000
vt 0.121212 0.600000
vt 0.121212 0.800000
vt 0.121212 1.000000
vt 0.131313 0.200000
vt 0.131313 0.000000
vt 0.131313 0.400000
vt 0.131313 0.600000
vt 0.131313 0.800000
vt 0.131313 1.000000
vt 0.141414 0.200000
vt 0.141414 0.000000
vt 0.141414 0.400000
vt 0.141414 0.600000
vt 0.141414 0.800000
vt 0.141414 1.000000
vt 0.151515 0.200000
vt 0.151515 0.000000
vt 0.151515 0.400000
vt 0.151515 0.600000
vt 0.151515 0.800000
vt 0.151515 1.000000
vt 0.161616 0.200000
vt 0.161616 0.000000
vt 0.161616 0.400000
vt 0.161616 0.600000
vt 0.161616 0.800000
vt 0.161616 1.000000
vt 0.171717 0.200000
vt 0.171717 0.000000
vt 0.171717 0.400000
vt 0.171717 0.600000
vt 0.171717 0.800000
vt 0.171717 1.000000
vt 0.181818 0.200000
vt 0.181818 0.000000
vt 0.181818 0.400000
vt 0.181818 0.600000
vt 0.181818 0.800000
vt 0.181818 1.000000
vt 0.191919 0.200000
vt 0.191919 0.000000
vt 0.191919 0.400000
vt 0.191919 0.600000
vt 0.191919 0.800000
vt 0.191919 1.000000
vt 0.202020 0.200000
vt 0.202020 0.000000
vt 0.202020 0.400000
vt 0.202020 0.600000
vt 0.202020 0.800000
vt 0.202020 1.000000
vt 0.212121 0.200000
vt 0.212121 0.000000
vt 0.212121 0.400000
vt 0.212121 0.600000
vt 0.212121 0.800000
vt 0.212121 1.000000
vt 0.222222 0.200000
vt 0.222222 0.000000
vt 0.222222 0.400000
vt 0.222222 0.600000
vt 0.222222 0.800000
vt 0.222222 1.000000
vt 0.232323 0.200000
vt 0.232323 0.000000
vt 0.232323 0.400000
vt 0.232323 0.600000
vt 0.232323 0.800000
vt 0.232323 1.000000
vt 0.242424 0.200000
vt 0.242424 0.000000
vt 0.242424 0.400000
vt 0.242424 0.600000
vt 0.242424 0.800000
vt 0.242424 1.000000
vt 0.252525 0.200000
vt 0.252525 0.000000
vt 0.252525 0.400000
vt 0.252525 0.600000
vt 0.252525 0.800000
vt 0.252525 1.000000
vt 0.262626 0.200000
vt 0.262626 0.000000
vt 0.262626 0.400000
vt 0.262626 0.600000
vt 0.262626 0.800000
vt 0.262626 1.000000
vt 0.272727 0.200000
vt 0.272727 0.000000
vt 0.272727 0.400000
vt 0.272727 0.600000
vt 0.272727 0.800000
vt 0.272727 1.000000
vt 0.282828 0.200000
vt 0.282828 0.000000
vt 0.282828 0.400000
vt 0.282828 0.600000
vt 0.282828 0.800000
vt 0.282828 1.000000
vt 0.292929 0.200000
vt 0.292929 0.000000
vt 0.292929 0.400000
vt 0.292929 0.600000
vt 0.292929 0.800000
vt 0.292929 1.000000
vt 0.303030 0.200000
vt 0.303030 0.000000
vt 0.303030 0.400000
vt 0.303030 0.600000
vt 0.303030 0.800000
vt 0.303030 1.000000
vt 0.313131 0.200000
vt 0.313131 0.000000
vt 0.313131 0.400000
vt 0.313131 0.600000
vt 0.313131 0.800000
vt 0.313131 1.000000
vt 0.323232 0.200000
vt 0.323232 0.000000
vt 0.323232 0.400000
vt 0.323232 0.600000
vt 0.323232 0.800000
vt 0.323232 1.000000
vt 0.333333 0.200000
vt 0.333333 0.000000
vt 0.333333 0.400000
vt 0.333333 0.600000
vt 0.333333 0.800000
vt 0.333333 1.000000
vt 0.343434 0.200000
vt 0.343434 0.000000
vt 0.343434 0.400000
vt 0.343434 0.600000
vt 0.343434 0.800000
vt 0.343434 1.000000
vt 0.353535 0.200000
vt 0.353535 0.000000
vt 0.353535 0.400000
vt 0.353535 0.600000
vt 0.353535 0.800000
vt 0.353535 1.000000
vt 0.363636 0.200000
vt 0.363636 0.000000
vt 0.363636 0.400000
vt 0.363636 0.600000
vt 0.363636 0.800000
vt 0.363636 1.000000
vt 0.373737 0.200000
vt 0.373737 0.000000
vt 0.373737 0.400000
vt 0.373737 0.600000
vt 0.373737 0.800000
vt 0.373737 1.000000
vt 0.383838 0.200000
vt 0.383838 0.000000
vt 0.383838 0.400000
vt 0.383838 0.600000
vt 0.383838 0.800000
vt 0.383838 1.000000
vt 0.393939 0.200000
vt 0.393939 0.000000
vt 0.393939 0.400000
vt 0.393939 0.600000
vt 0.393939 0.800000
vt 0.393939 1.000000
vt 0.404040 0.200000
vt 0.404040 0.000000
vt 0.404040 0.400000
vt 0.404040 0.600000
vt 0.404040 0.800000
vt 0.404040 1.000000
vt 0.414141 0.200000
vt 0.414141 0.000000
vt 0.414141 0.400000
vt 0.414141 0.600000
vt 0.414141 0.800000
vt 0.414141 1.000000
vt 0.424242 0.200000
vt 0.424242 0.000000
vt 0.424242 0.400000
vt 0.424242 0.600000
vt 0.424242 0.800000
vt 0.424242 1.000000
vt 0.434343 0.200000
vt 0.434343 0.000000
vt 0.434343 0.400000
vt 0.434343 0.600000
vt 0.434343 0.800000
vt 0.434343 1.000000
vt 0.444444 0.200000
vt 0.444444 0.000000
vt 0.444444 0.400000
vt 0.444444 0.600000
vt 0.444444 0.800000
vt 0.444444 1.000000
vt 0.454545 0.200000
vt 0.454545 0.000000
vt 0.454545 0.400000
vt 0.454545 0.600000
vt 0.454545 0.800000
vt 0.454545 1.000000
vt 0.464646 0.200000
vt 0.464646 0.000000
vt 0.464646 0.400000
vt 0.464646 0.600000
vt 0.464646 0.800000
vt 0.464646 1.000000
vt 0.474747 0.200000
vt 0.474747 0.000000
vt 0.474747 0.400000
vt 0.474747 0.600000
vt 0.474747 0.800000
vt 0.474747 1.000000
vt 0.484848 0.200000
vt 0.484848 0.000000
vt 0.484848 0.400000
vt 0.484848 0.600000
vt 0.484848 0.800000
vt 0.484848 1.000000
vt 0.494949 0.200000
vt 0.494949 0.000000
vt 0.494949 0.400000
vt 0.494949 0.600000
vt 0.494949 0.800000
vt 0.494949 1.000000
vt 0.505050 0.200000
vt 0.505050 0.000000
vt 0.505050 0.400000
vt 0.505050 0.600000
vt 0.505050 0.800000
vt 0.505050 1.000000
vt 0.515152 0.200000
vt 0.515152 0.000000
vt 0.515152 0.400000
vt 0.515152 0.600000
vt 0.515152 0.800000
vt 0.515152 1.000000
vt 0.525253 0.200000
vt 0.525253 0.000000
vt 0.525253 0.400000
vt 0.525253 0.600000
vt 0.525253 0.800000
vt 0.525253 1.000000
vt 0.535354 0.200000
vt 0.535354 0.000000
vt 0.535354 0.400000
vt 0.535354 0.600000
vt 0.535354 0.800000
vt 0.535354 1.000000
vt 0.545455 0.200000
vt 0.545455 0.000000
vt 0.545455 0.400000
vt 0.545455 0.600000
vt 0.545455 0.800000
vt 0.545455 1.000000
vt 0.555556 0.200000
vt 0.555556 0.000000
vt 0.555556 0.400000
vt 0.555556 0.600000
vt 0.555556 0.800000
vt 0.555556 1.000000
vt 0.565657 0.200000
vt 0.565657 0.000000
vt 0.565657 0.400000
vt 0.565657 0.600000
vt 0.565657 0.800000
vt 0.565657 1.000000
vt 0.575758 0.200000
vt 0.575758 0.000000
vt 0.575758 0.400000
vt 0.575758 0.600000
vt 0.575758 0.800000
vt 0.575758 1.000000
vt 0.585859 0.200000
vt 0.585859 0.000000
vt 0.585859 0.400000
vt 0.585859 0.600000
vt 0.585859 0.800000
vt 0.585859 1.000000
vt 0.595960 0.200000
vt 0.595960 0.000000
vt 0.595960 0.400000
vt 0.595960 0.600000
vt 0.595960 0.800000
vt 0.595960 1.000000
vt 0.606061 0.200000
vt 0.606061 0.000000
vt 0.606061 0.400000
vt 0.606061 0.600000
vt 0.606061 0.800000
vt 0.606061 1.000000
vt 0.616162 0.200000
vt 0.616162 0.000000
vt 0.616162 0.400000
vt 0.616162 0.600000
vt 0.616162 0.800000
vt 0.616162 1.000000
vt 0.626263 0.200000
vt 0.626263 0.000000
vt 0.626263 0.400000
vt 0.626263 0.600000
vt 0.626263 0.800000
vt 0.626263 1.000000
vt 0.636364 0.200000
vt 0.636364 0.000000
vt 0.636364 0.400000
vt 0.636364 0.600000
vt 0.636364 0.800000
vt 0.636364 1.000000
vt 0.646465 0.200000
vt 0.646465 0.000000
vt 0.646465 0.400000
vt 0.646465 0.600000
vt 0.646465 0.800000
vt 0.646465 1.000000
vt 0.656566 0.200000
vt 0.656566 0.000000
vt 0.656566 0.400000
vt 0.656566 0.600000
vt 0.656566 0.800000
vt 0.656566 1.000000
vt 0.666667 0.200000
vt 0.666667 0.000000
vt 0.666667 0.400000
vt 0.666667 0.600000
vt 0.666667 0.800000
vt 0.666667 1.000000
vt 0.676768 0.200000
vt 0.676768 0.000000
vt 0.676768 0.400000
vt 0.676768 0.600000
vt 0.676768 0.800000
vt 0.676768 1.000000
vt 0.686869 0.200000
vt 0.686869 0.000000
vt 0.686869 0.400000
vt 0.686869 0.600000
vt 0.686869 0.800000
vt 0.686869 1.000000
vt 0.696970 0.200000
vt 0.696970 0.000000
vt 0.696970 0.400000
vt 0.696970 0.600000
vt 0.696970 0.800000
vt 0.696970 1.000000
vt 0.707071 0.200000
vt 0.707071 0.000000
vt 0.707071 0.400000
vt 0.707071 0.600000
vt 0.707071 0.800000
vt 0.707071 1.000000
vt 0.717172 0.200000
vt 0.717172 0.000000
vt 0.717172 0.400000
vt 0.717172 0.600000
vt 0.717172 0.800000
vt 0.717172 1.000000
vt 0.727273 0.200000
vt 0.727273 0.000000
vt 0.727273 0.400000
vt 0.727273 0.600000
vt 0.727273 0.800000
vt 0.727273 1.000000
vt 0.737374 0.200000
vt 0.737374 0.000000
vt 0.737374 0.400000
vt 0.737374 0.600000
vt 0.737374 0.800000
vt 0.737374 1.000000
vt 0.747475 0.200000
vt 0.747475 0.000000
vt 0.747475 0.400000
vt 0.747475 0.600000
vt 0.747475 0.800000
vt 0.747475 1.000000
vt 0.757576 0.200000
vt 0.757576 0.000000
vt 0.757576 0.400000
vt 0.757576 0.600000
vt 0.757576 0.800000
vt 0.757576 1.000000
vt 0.767677 0.200000
vt 0.767677 0.000000
vt 0.767677 0.400000
vt 0.767677 0.600000
vt 0.767677 0.800000
vt 0.767677 1.000000
vt 0.777778 0.200000
vt 0.777778 0.000000
vt 0.777778 0.400000
vt 0.777778 0.600000
vt 0.777778 0.800000
vt 0.777778 1.000000
vt 0.787879 0.200000
vt 0.787879 0.000000
vt 0.787879 0.400000
vt 0.787879 0.600000
vt 0.787879 0.800000
vt 0.787879 1.000000
vt 0.797980 0.200000
vt 0.797980 0.000000
vt 0.797980 0.400000
vt 0.797980 0.600000
vt 0.797980 0.800000
vt 0.797980 1.000000
vt 0.808081 0.200000
vt 0.808081 0.000000
vt 0.808081 0.400000
vt 0.808081 0.600000
vt 0.808081 0.800000
vt 0.808081 1.000000
vt 0.818182 0.200000
vt 0.818182 0.000000
vt 0.818182 0.400000
vt 0.818182 0.600000
vt 0.818182 0.800000
vt 0.818182 1.000000
vt 0.828283 0.200000
vt 0.828283 0.000000
vt 0.828283 0.400000
vt 0.828283 0.600000
vt 0.828283 0.800000
vt 0.828283 1.000000
vt 0.838384 0.200000
vt 0.838384 0.000000
vt 0.838384 0.400000
vt 0.838384 0.600000
vt 0.838384 0.800000
vt 0.838384 1.000000
vt 0.848485 0.200000
vt 0.848485 0.000000
vt 0.848485 0.400000
vt 0.848485 0.600000
vt 0.848485 0.800000
vt 0.848485 1.000000
vt 0.858586 0.200000
vt 0.858586 0.000000
vt 0.858586 0.400000
vt 0.858586 0.600000
vt 0.858586 0.800000
vt 0.858586 1.000000
vt 0.868687 0.200000
vt 0.868687 0.000000
vt 0.868687 0.400000
vt 0.868687 0.600000
vt 0.868687 0.800000
vt 0.868687 1.000000
vt 0.878788 0.200000
vt 0.878788 0.000000
vt 0.878788 0.400000
vt 0.878788 0.600000
vt 0.878788 0.800000
vt 0.878788 1.000000
vt 0.888889 0.200000
vt 0.888889 0.000000
vt 0.888889 0.400000
vt 0.888889 0.600000
vt 0.888889 0.800000
vt 0.888889 1.000000
vt 0.898990 0.200000
vt 0.898990 0.000000
vt 0.898990 0.400000
vt 0.898990 0.600000
vt 0.898990 0.800000
vt 0.898990 1.000000
vt 0.909091 0.200000
vt 0.909091 0.000000
vt 0.909091 0.400000
vt 0.909091 0.600000
vt 0.909091 0.800000
vt 0.909091 1.000000
vt 0.919192 0.200000
vt 0.919192 0.000000
vt 0.919192 0.400000
vt 0.919192 0.600000
vt 0.919192 0.800000
vt 0.919192 1.000000
vt 0.929293 0.200000
vt 0.929293 0.000000
vt 0.929293 0.400000
vt 0.929293 0.600000
vt 0.929293 0.800000
vt 0.929293 1.000000
vt 0.939394 0.200000
vt 0.939394 0.000000
vt 0.939394 0.400000
vt 0.939394 0.600000
vt 0.939394 0.800000
vt 0.939394 1.000000
vt 0.949495 0.200000
vt 0.949495 0.000000
vt 0.949495 0.400000
vt 0.949495 0.600000
vt 0.949495 0.800000
vt 0.949495 1.000000
vt 0.959596 0.200000
vt 0.959596 0.000000
vt 0.959596 0.400000
vt 0.959596 0.600000
vt 0.959596 0.800000
vt 0.959596 1.000000
vt 0.969697 0.200000
vt 0.969697 0.000000
vt 0.969697 0.400000
vt 0.969697 0.600000
vt 0.969697 0.800000
vt 0.969697 1.000000
vt 0.979798 0.200000
vt 0.979798 0.000000
vt 0.979798 0.400000
vt 0.979798 0.600000
vt 0.979798 0.800000
vt 0.979798 1.000000
vt 0.989899 0.200000
vt 0.989899 0.000000
vt 0.989899 0.400000
vt 0.989899 0.600000
vt 0.989899 0.800000
vt 0.989899 1.000000
vt 1.000000 0.200000
vt 1.000000 0.400000
vt 1.000000 0.600000
vt 1.000000 0.800000
vt 1.000000 1.000000
s 1
usemtl Enamel_|_ivory
f 39/1/1 41/2/2 40/3/3
f 38/4/4 41/2/2 39/1/1
f 38/4/4 42/5/5 41/2/2
f 38/4/4 43/6/6 42/5/5
f 37/7/7 43/6/6 38/4/4
f 36/8/8 43/6/6 37/7/7
f 35/9/9 43/6/6 36/8/8
f 34/10/10 43/6/6 35/9/9
f 33/11/11 43/6/6 34/10/10
f 32/12/12 43/6/6 33/11/11
f 31/13/13 43/6/6 32/12/12
f 30/14/14 43/6/6 31/13/13
f 29/15/15 43/6/6 30/14/14
f 28/16/16 43/6/6 29/15/15
f 27/17/17 43/6/6 28/16/16
f 12/18/18 14/19/19 13/20/20
f 26/21/21 43/6/6 27/17/17
f 12/18/18 15/22/22 14/19/19
f 11/23/23 15/22/22 12/18/18
f 11/23/23 16/24/24 15/22/22
f 10/25/25 16/24/24 11/23/23
f 1/26/26 3/27/27 2/28/28
f 9/29/29 16/24/24 10/25/25
f 25/30/30 43/6/6 26/21/21
f 9/29/29 17/31/31 16/24/24
f 1/26/26 4/32/32 3/27/27
f 8/33/33 17/31/31 9/29/29
f 1/26/26 5/34/34 4/32/32
f 7/35/35 17/31/31 8/33/33
f 24/36/36 43/6/6 25/30/30
f 7/35/35 18/37/37 17/31/31
f 1/26/26 6/38/38 5/34/34
f 6/38/38 18/37/37 7/35/35
f 1/26/26 18/37/37 6/38/38
f 1/26/26 19/39/39 18/37/37
f 23/40/40 43/6/6 24/36/36
f 1/26/26 20/41/41 19/39/39
f 22/42/42 43/6/6 23/40/40
f 1/26/26 21/43/43 20/41/41
f 21/43/43 43/6/6 22/42/42
f 1/26/26 85/44/44 21/43/43
f 85/44/44 84/45/45 21/43/43
f 84/45/45 83/46/46 21/43/43
f 83/46/46 82/47/47 21/43/43
f 82/47/47 58/48/48 21/43/43
f 58/48/48 57/49/49 21/43/43
f 57/49/49 47/50/50 21/43/43
f 47/50/50 46/51/51 21/43/43
f 46/51/51 45/52/52 21/43/43
f 45/52/52 43/6/6 21/43/43
f 45/52/52 44/53/53 43/6/6
f 57/49/49 48/54/54 47/50/50
f 57/49/49 49/55/55 48/54/54
f 57/49/49 50/56/56 49/55/55
f 57/49/49 51/57/57 50/56/56
f 57/49/49 52/58/58 51/57/57
f 57/49/49 53/59/59 52/58/58
f 57/49/49 54/60/60 53/59/59
f 57/49/49 55/61/61 54/60/60
f 57/49/49 56/62/62 55/61/61
f 82/47/47 59/63/63 58/48/48
f 82/47/47 60/64/64 59/63/63
f 82/47/47 81/65/65 60/64/64
f 81/65/65 61/66/66 60/64/64
f 81/65/65 62/67/67 61/66/66
f 81/65/65 63/68/68 62/67/67
f 81/65/65 64/69/69 63/68/68
f 80/70/70 64/69/69 81/65/65
f 79/71/71 64/69/69 80/70/70
f 79/71/71 65/72/72 64/69/69
f 78/73/73 65/72/72 79/71/71
f 77/74/74 65/72/72 78/73/73
f 76/75/75 65/72/72 77/74/74
f 76/75/75 66/76/76 65/72/72
f 75/77/77 66/76/76 76/75/75
f 1/26/26 86/78/78 85/44/44
f 74/79/79 66/76/76 75/77/77
f 74/79/79 67/80/76 66/76/76
f 1/26/26 87/81/80 86/78/78
f 73/82/81 67/80/76 74/79/79
f 73/82/81 68/83/82 67/80/76
f 1/26/26 88/84/83 87/81/80
f 72/85/84 68/83/82 73/82/81
f 72/85/84 69/86/85 68/83/82
f 71/87/86 69/86/85 72/85/84
f 1/26/26 89/88/87 88/84/83
f 71/87/86 70/89/88 69/86/85
f 1/26/26 90/90/89 89/88/87
f 1/26/26 91/91/90 90/90/89
f 1/26/26 92/92/91 91/91/90
f 1/26/26 93/93/92 92/92/91
f 1/26/26 94/94/93 93/93/92
f 1/26/26 95/95/94 94/94/93
f 1/26/26 96/96/95 95/95/94
f 1/26/26 97/97/96 96/96/95
f 1/26/26 99/98/97 97/97/96
f 99/98/97 98/99/98 97/97/96
f 138/1/99 139/3/100 140/2/101
f 137/4/102 138/1/99 140/2/101
f 137/4/102 140/2/101 141/5/103
f 137/4/102 141/5/103 142/6/104
f 136/7/105 137/4/102 142/6/104
f 135/8/106 136/7/105 142/6/104
f 134/9/107 135/8/106 142/6/104
f 133/10/108 134/9/107 142/6/104
f 132/11/109 133/10/108 142/6/104
f 131/12/110 132/11/109 142/6/104
f 130/13/111 131/12/110 142/6/104
f 129/14/112 130/13/111 142/6/104
f 128/15/113 129/14/112 142/6/104
f 127/16/114 128/15/113 142/6/104
f 126/17/115 127/16/114 142/6/104
f 111/18/116 112/20/117 113/19/118
f 125/21/119 126/17/115 142/6/104
f 111/18/116 113/19/118 114/22/120
f 110/23/121 111/18/116 114/22/120
f 110/23/121 114/22/120 115/24/122
f 109/25/123 110/23/121 115/24/122
f 100/26/124 101/28/125 102/27/126
f 108/29/127 109/25/123 115/24/122
f 124/30/128 125/21/119 142/6/104
f 108/29/127 115/24/122 116/31/129
f 100/26/124 102/27/126 103/32/130
f 107/33/131 108/29/127 116/31/129
f 100/26/124 103/32/130 104/34/132
f 106/35/133 107/33/131 116/31/129
f 123/36/134 124/30/128 142/6/104
f 106/35/133 116/31/129 117/37/135
f 100/26/124 104/34/132 105/38/136
f 105/38/136 106/35/133 117/37/135
f 100/26/124 105/38/136 117/37/135
f 100/26/124 117/37/135 118/39/137
f 122/40/138 123/36/134 142/6/104
f 100/26/124 118/39/137 119/41/139
f 121/42/140 122/40/138 142/6/104
f 100/26/124 119/41/139 120/43/141
f 120/43/141 121/42/140 142/6/104
f 100/26/124 120/43/141 184/44/142
f 184/44/142 120/43/141 183/45/143
f 183/45/143 120/43/141 182/46/144
f 182/46/144 120/43/141 181/47/145
f 181/47/145 120/43/141 157/48/146
f 157/48/146 120/43/141 156/49/147
f 156/49/147 120/43/141 146/50/148
f 146/50/148 120/43/141 145/51/149
f 145/51/149 120/43/141 144/52/150
f 144/52/150 120/43/141 142/6/104
f 144/52/150 142/6/104 143/53/151
f 156/49/147 146/50/148 147/54/152
f 156/49/147 147/54/152 148/55/153
f 156/49/147 148/55/153 149/56/154
f 156/49/147 149/56/154 150/57/155
f 156/49/147 150/57/155 151/58/156
f 156/49/147 151/58/156 152/59/157
f 156/49/147 152/59/157 153/60/158
f 156/49/147 153/60/158 154/61/159
f 156/49/147 154/61/159 155/62/160
f 181/47/145 157/48/146 158/63/161
f 181/47/145 158/63/161 159/64/162
f 181/47/145 159/64/162 180/65/163
f 180/65/163 159/64/162 160/66/164
f 180/65/163 160/66/164 161/67/165
f 180/65/163 161/67/165 162/68/166
f 180/65/163 162/68/166 163/69/167
f 179/70/168 180/65/163 163/69/167
f 178/71/169 179/70/168 163/69/167
f 178/71/169 163/69/167 164/72/170
f 177/73/171 178/71/169 164/72/170
f 176/74/172 177/73/171 164/72/170
f 175/75/173 176/74/172 164/72/170
f 175/75/173 164/72/170 165/76/174
f 174/77/175 175/75/173 165/76/174
f 100/26/124 184/44/142 185/78/176
f 173/79/177 174/77/175 165/76/174
f 173/79/177 165/76/174 166/80/174
f 100/26/124 185/78/176 186/81/178
f 172/82/179 173/79/177 166/80/174
f 172/82/179 166/80/174 167/83/180
f 100/26/124 186/81/178 187/84/181
f 171/85/182 172/82/179 167/83/180
f 171/85/182 167/83/180 168/86/183
f 170/87/184 171/85/182 168/86/183
f 100/26/124 187/84/181 188/88/185
f 170/87/184 168/86/183 169/89/186
f 100/26/124 188/88/185 189/90/187
f 100/26/124 189/90/187 190/91/188
f 100/26/124 190/91/188 191/92/189
f 100/26/124 191/92/189 192/93/190
f 100/26/124 192/93/190 193/94/191
f 100/26/124 193/94/191 194/95/192
f 100/26/124 194/95/192 195/96/193
f 100/26/124 195/96/193 196/97/194
f 100/26/124 196/97/194 198/98/195
f 198/98/195 196/97/194 197/99/196
f 199/100/197 203/101/198 101/102/125 100/26/124
f 200/103/199 204/104/200 203/101/201 199/100/201
f 201/105/202 205/106/203 204/104/200 200/103/199
f 202/107/204 206/108/204 205/106/203 201/105/202
f 1/109/26 2/110/28 206/108/205 202/107/206
f 203/101/198 207/111/207 102/112/126 101/102/125
f 204/104/208 208/113/209 207/111/210 203/101/211
f 205/106/212 209/114/213 208/113/209 204/104/208
f 206/108/214 210/115/215 209/114/213 205/106/212
f 2/110/28 3/116/27 210/115/216 206/108/205
f 207/111/207 211/117/217 103/118/130 102/112/126
f 208/113/209 212/119/218 211/117/219 207/111/210
f 209/114/213 213/120/220 212/119/218 208/113/209
f 210/115/215 214/121/221 213/120/220 209/114/213
f 3/116/27 4/122/32 214/121/222 210/115/216
f 211/117/217 215/123/223 104/124/132 103/118/130
f 212/119/218 216/125/224 215/123/225 211/117/219
f 213/120/220 217/126/226 216/125/224 212/119/218
f 214/121/221 218/127/227 217/126/226 213/120/220
f 4/122/32 5/128/34 218/127/228 214/121/222
f 215/123/223 219/129/229 105/130/136 104/124/132
f 216/125/224 220/131/230 219/129/231 215/123/225
f 217/126/226 221/132/232 220/131/230 216/125/224
f 218/127/227 222/133/233 221/132/232 217/126/226
f 5/128/34 6/134/38 222/133/234 218/127/228
f 219/129/229 223/135/235 106/136/133 105/130/136
f 220/131/230 224/137/236 223/135/237 219/129/231
f 221/132/232 225/138/238 224/137/236 220/131/230
f 222/133/233 226/139/239 225/138/238 221/132/232
f 6/134/38 7/140/35 226/139/240 222/133/234
f 223/135/235 227/141/241 107/142/131 106/136/133
f 224/137/236 228/143/242 227/141/243 223/135/237
f 225/138/238 229/144/244 228/143/242 224/137/236
f 226/139/239 230/145/245 229/144/244 225/138/238
f 7/140/35 8/146/33 230/145/246 226/139/240
f 227/141/241 231/147/247 108/148/127 107/142/131
f 228/143/242 232/149/248 231/147/249 227/141/243
f 229/144/244 233/150/250 232/149/248 228/143/242
f 230/145/245 234/151/251 233/150/250 229/144/244
f 8/146/33 9/152/29 234/151/252 230/145/246
f 231/147/247 235/153/253 109/154/123 108/148/127
f 232/149/248 236/155/254 235/153/255 231/147/249
f 233/150/250 237/156/256 236/155/254 232/149/248
f 234/151/251 238/157/257 237/156/256 233/150/250
f 9/152/29 10/158/25 238/157/258 234/151/252
f 235/153/253 239/159/259 110/160/121 109/154/123
f 236/155/254 240/161/260 239/159/261 235/153/255
f 237/156/256 241/162/262 240/161/260 236/155/254
f 238/157/257 242/163/263 241/162/262 237/156/256
f 10/158/25 11/164/23 242/163/264 238/157/258
f 239/159/259 243/165/265 111/166/116 110/160/121
f 240/161/260 244/167/266 243/165/267 239/159/261
f 241/162/262 245/168/268 244/167/266 240/161/260
f 242/163/263 246/169/269 245/168/268 241/162/262
f 11/164/23 12/170/18 246/169/270 242/163/264
f 243/165/265 247/171/271 112/172/117 111/166/116
f 244/167/266 248/173/272 247/171/273 243/165/267
f 245/168/268 249/174/274 248/173/272 244/167/266
f 246/169/269 250/175/275 249/174/274 245/168/268
f 12/170/18 13/176/20 250/175/276 246/169/270
f 247/171/271 251/177/277 113/178/118 112/172/117
f 248/173/272 252/179/278 251/177/279 247/171/273
f 249/174/274 253/180/280 252/179/278 248/173/272
f 250/175/275 254/181/281 253/180/280 249/174/274
f 13/176/20 14/182/19 254/181/282 250/175/276
f 251/177/277 255/183/283 114/184/120 113/178/118
f 252/179/278 256/185/284 255/183/285 251/177/279
f 253/180/280 257/186/286 256/185/284 252/179/278
f 254/181/281 258/187/287 257/186/286 253/180/280
f 14/182/19 15/188/22 258/187/288 254/181/282
f 255/183/283 259/189/289 115/190/122 114/184/120
f 256/185/284 260/191/290 259/189/291 255/183/285
f 257/186/286 261/192/292 260/191/290 256/185/284
f 258/187/287 262/193/293 261/192/292 257/186/286
f 15/188/22 16/194/24 262/193/294 258/187/288
f 259/189/289 263/195/295 116/196/129 115/190/122
f 260/191/290 264/197/296 263/195/297 259/189/291
f 261/192/292 265/198/298 264/197/296 260/191/290
f 262/193/293 266/199/299 265/198/298 261/192/292
f 16/194/24 17/200/31 266/199/300 262/193/294
f 263/195/295 267/201/301 117/202/135 116/196/129
f 264/197/296 268/203/302 267/201/303 263/195/297
f 265/198/298 269/204/304 268/203/302 264/197/296
f 266/199/299 270/205/305 269/204/304 265/198/298
f 17/200/31 18/206/37 270/205/306 266/199/300
f 267/201/301 271/207/307 118/208/137 117/202/135
f 268/203/302 272/209/308 271/207/309 267/201/303
f 269/204/304 273/210/310 272/209/308 268/203/302
f 270/205/305 274/211/311 273/210/310 269/204/304
f 18/206/37 19/212/39 274/211/312 270/205/306
f 271/207/307 275/213/313 119/214/139 118/208/137
f 272/209/308 276/215/314 275/213/315 271/207/309
f 273/210/310 277/216/316 276/215/314 272/209/308
f 274/211/311 278/217/317 277/216/316 273/210/310
f 19/212/39 20/218/41 278/217/318 274/211/312
f 275/213/313 279/219/319 120/220/141 119/214/139
f 276/215/314 280/221/320 279/219/321 275/213/315
f 277/216/316 281/222/322 280/221/320 276/215/314
f 278/217/317 282/223/323 281/222/322 277/216/316
f 20/218/41 21/224/43 282/223/324 278/217/318
f 279/219/319 283/225/325 121/226/140 120/220/141
f 280/221/320 284/227/326 283/225/327 279/219/321
f 281/222/322 285/228/328 284/227/326 280/221/320
f 282/223/323 286/229/329 285/228/328 281/222/322
f 21/224/43 22/230/42 286/229/330 282/223/324
f 283/225/325 287/231/331 122/232/138 121/226/140
f 284/227/326 288/233/332 287/231/333 283/225/327
f 285/228/328 289/234/334 288/233/332 284/227/326
f 286/229/329 290/235/335 289/234/334 285/228/328
f 22/230/42 23/236/40 290/235/336 286/229/330
f 287/231/331 291/237/337 123/238/134 122/232/138
f 288/233/332 292/239/338 291/237/339 287/231/333
f 289/234/334 293/240/340 292/239/338 288/233/332
f 290/235/335 294/241/341 293/240/340 289/234/334
f 23/236/40 24/242/36 294/241/342 290/235/336
f 291/237/337 295/243/343 124/244/128 123/238/134
f 292/239/338 296/245/344 295/243/345 291/237/339
f 293/240/340 297/246/346 296/245/344 292/239/338
f 294/241/341 298/247/347 297/246/346 293/240/340
f 24/242/36 25/248/30 298/247/348 294/241/342
f 295/243/343 299/249/349 125/250/119 124/244/128
f 296/245/344 300/251/350 299/249/351 295/243/345
f 297/246/346 301/252/352 300/251/350 296/245/344
f 298/247/347 302/253/353 301/252/352 297/246/346
f 25/248/30 26/254/21 302/253/354 298/247/348
f 299/249/349 303/255/355 126/256/115 125/250/119
f 300/251/350 304/257/356 303/255/357 299/249/351
f 301/252/352 305/258/358 304/257/356 300/251/350
f 302/253/353 306/259/359 305/258/358 301/252/352
f 26/254/21 27/260/17 306/259/360 302/253/354
f 303/255/355 307/261/361 127/262/114 126/256/115
f 304/257/356 308/263/362 307/261/363 303/255/357
f 305/258/358 309/264/364 308/263/362 304/257/356
f 306/259/359 310/265/365 309/264/364 305/258/358
f 27/260/17 28/266/16 310/265/366 306/259/360
f 307/261/361 311/267/367 128/268/113 127/262/114
f 308/263/362 312/269/368 311/267/369 307/261/363
f 309/264/364 313/270/370 312/269/368 308/263/362
f 310/265/365 314/271/371 313/270/370 309/264/364
f 28/266/16 29/272/15 314/271/372 310/265/366
f 311/267/367 315/273/373 129/274/112 128/268/113
f 312/269/368 316/275/374 315/273/375 311/267/369
f 313/270/370 317/276/376 316/275/374 312/269/368
f 314/271/371 318/277/377 317/276/376 313/270/370
f 29/272/15 30/278/14 318/277/378 314/271/372
f 315/273/373 319/279/379 130/280/111 129/274/112
f 316/275/374 320/281/380 319/279/381 315/273/375
f 317/276/376 321/282/382 320/281/380 316/275/374
f 318/277/377 322/283/383 321/282/382 317/276/376
f 30/278/14 31/284/13 322/283/384 318/277/378
f 319/279/379 323/285/385 131/286/110 130/280/111
f 320/281/380 324/287/386 323/285/387 319/279/381
f 321/282/382 325/288/388 324/287/386 320/281/380
f 322/283/383 326/289/389 325/288/388 321/282/382
f 31/284/13 32/290/12 326/289/390 322/283/384
f 323/285/385 327/291/391 132/292/109 131/286/110
f 324/287/386 328/293/392 327/291/393 323/285/387
f 325/288/388 329/294/394 328/293/392 324/287/386
f 326/289/389 330/295/395 329/294/394 325/288/388
f 32/290/12 33/296/11 330/295/396 326/289/390
f 327/291/391 331/297/397 133/298/108 132/292/109
f 328/293/392 332/299/398 331/297/399 327/291/393
f 329/294/394 333/300/400 332/299/398 328/293/392
f 330/295/395 334/301/401 333/300/400 329/294/394
f 33/296/11 34/302/10 334/301/402 330/295/396
f 331/297/397 335/303/403 134/304/107 133/298/108
f 332/299/398 336/305/404 335/303/405 331/297/399
f 333/300/400 337/306/406 336/305/404 332/299/398
f 334/301/401 338/307/407 337/306/406 333/300/400
f 34/302/10 35/308/9 338/307/408 334/301/402
f 335/303/403 339/309/409 135/310/106 134/304/107
f 336/305/404 340/311/410 339/309/411 335/303/405
f 337/306/406 341/312/412 340/311/410 336/305/404
f 338/307/407 342/313/413 341/312/412 337/306/406
f 35/308/9 36/314/8 342/313/414 338/307/408
f 339/309/409 343/315/415 136/316/105 135/310/106
f 340/311/410 344/317/416 343/315/417 339/309/411
f 341/312/412 345/318/418 344/317/416 340/311/410
f 342/313/413 346/319/419 345/318/418 341/312/412
f 36/314/8 37/320/7 346/319/420 342/313/414
f 343/315/415 347/321/421 137/322/102 136/316/105
f 344/317/416 348/323/422 347/321/423 343/315/417
f 345/318/418 349/324/424 348/323/422 344/317/416
f 346/319/419 350/325/425 349/324/424 345/318/418
f 37/320/7 38/326/4 350/325/426 346/319/420
f 347/321/421 351/327/427 138/328/99 137/322/102
f 348/323/422 352/329/428 351/327/429 347/321/423
f 349/324/424 353/330/430 352/329/428 348/323/422
f 350/325/425 354/331/431 353/330/430 349/324/424
f 38/326/4 39/332/1 354/331/432 350/325/426
f 351/327/427 355/333/433 139/334/100 138/328/99
f 352/329/428 356/335/434 355/333/435 351/327/429
f 353/330/430 357/336/436 356/335/434 352/329/428
f 354/331/431 358/337/437 357/336/436 353/330/430
f 39/332/1 40/338/3 358/337/438 354/331/432
f 355/333/433 359/339/439 140/340/101 139/334/100
f 356/335/434 360/341/440 359/339/441 355/333/435
f 357/336/436 361/342/442 360/341/440 356/335/434
f 358/337/437 362/343/443 361/342/442 357/336/436
f 40/338/3 41/344/2 362/343/444 358/337/438
f 359/339/439 363/345/445 141/346/103 140/340/101
f 360/341/440 364/347/446 363/345/447 359/339/441
f 361/342/442 365/348/448 364/347/446 360/341/440
f 362/343/443 366/349/449 365/348/448 361/342/442
f 41/344/2 42/350/5 366/349/450 362/343/444
f 363/345/445 367/351/451 142/352/104 141/346/103
f 364/347/452 368/353/453 367/351/454 363/345/454
f 365/348/455 369/354/456 368/353/453 364/347/452
f 366/349/457 370/355/457 369/354/456 365/348/455
f 42/350/5 43/356/6 370/355/458 366/349/450
f 367/351/451 371/357/459 143/358/151 142/352/104
f 368/353/460 372/359/461 371/357/462 367/351/463
f 369/354/464 373/360/465 372/359/461 368/353/460
f 370/355/466 374/361/467 373/360/465 369/354/464
f 43/356/6 44/362/53 374/361/468 370/355/458
f 371/357/459 375/363/469 144/364/150 143/358/151
f 372/359/461 376/365/470 375/363/471 371/357/462
f 373/360/465 377/366/472 376/365/470 372/359/461
f 374/361/467 378/367/473 377/366/472 373/360/465
f 44/362/53 45/368/52 378/367/474 374/361/468
f 375/363/469 379/369/475 145/370/149 144/364/150
f 376/365/470 380/371/476 379/369/477 375/363/471
f 377/366/472 381/372/478 380/371/476 376/365/470
f 378/367/473 382/373/479 381/372/478 377/366/472
f 45/368/52 46/374/51 382/373/480 378/367/474
f 379/369/475 383/375/481 146/376/148 145/370/149
f 380/371/476 384/377/482 383/375/483 379/369/477
f 381/372/478 385/378/484 384/377/482 380/371/476
f 382/373/479 386/379/485 385/378/484 381/372/478
f 46/374/51 47/380/50 386/379/486 382/373/480
f 383/375/481 387/381/487 147/382/152 146/376/148
f 384/377/482 388/383/488 387/381/489 383/375/483
f 385/378/484 389/384/490 388/383/488 384/377/482
f 386/379/485 390/385/491 389/384/490 385/378/484
f 47/380/50 48/386/54 390/385/492 386/379/486
f 387/381/487 391/387/493 148/388/153 147/382/152
f 388/383/488 392/389/494 391/387/495 387/381/489
f 389/384/490 393/390/496 392/389/494 388/383/488
f 390/385/491 394/391/497 393/390/496 389/384/490
f 48/386/54 49/392/55 394/391/498 390/385/492
f 391/387/493 395/393/499 149/394/154 148/388/153
f 392/389/494 396/395/500 395/393/501 391/387/495
f 393/390/496 397/396/502 396/395/500 392/389/494
f 394/391/497 398/397/503 397/396/502 393/390/496
f 49/392/55 50/398/56 398/397/504 394/391/498
f 395/393/499 399/399/505 150/400/155 149/394/154
f 396/395/500 400/401/506 399/399/507 395/393/501
f 397/396/502 401/402/508 400/401/506 396/395/500
f 398/397/503 402/403/509 401/402/508 397/396/502
f 50/398/56 51/404/57 402/403/510 398/397/504
f 399/399/505 403/405/511 151/406/156 150/400/155
f 400/401/506 404/407/512 403/405/513 399/399/507
f 401/402/508 405/408/514 404/407/512 400/401/506
f 402/403/509 406/409/515 405/408/514 401/402/508
f 51/404/57 52/410/58 406/409/516 402/403/510
f 403/405/511 407/411/481 152/412/157 151/406/156
f 404/407/512 408/413/517 407/411/483 403/405/513
f 405/408/514 409/414/518 408/413/517 404/407/512
f 406/409/515 410/415/485 409/414/518 405/408/514
f 52/410/58 53/416/59 410/415/486 406/409/516
f 407/411/481 411/417/519 153/418/158 152/412/157
f 408/413/517 412/419/520 411/417/521 407/411/483
f 409/414/518 413/420/522 412/419/520 408/413/517
f 410/415/485 414/421/523 413/420/522 409/414/518
f 53/416/59 54/422/60 414/421/524 410/415/486
f 411/417/519 415/423/525 154/424/159 153/418/158
f 412/419/520 416/425/526 415/423/527 411/417/521
f 413/420/522 417/426/528 416/425/526 412/419/520
f 414/421/523 418/427/529 417/426/528 413/420/522
f 54/422/60 55/428/61 418/427/530 414/421/524
f 415/423/525 419/429/531 155/430/160 154/424/159
f 416/425/526 420/431/532 419/429/533 415/423/527
f 417/426/528 421/432/534 420/431/532 416/425/526
f 418/427/529 422/433/535 421/432/534 417/426/528
f 55/428/61 56/434/62 422/433/536 418/427/530
f 419/429/531 423/435/537 156/436/147 155/430/160
f 420/431/532 424/437/538 423/435/539 419/429/533
f 421/432/534 425/438/540 424/437/538 420/431/532
f 422/433/535 426/439/541 425/438/540 421/432/534
f 56/434/62 57/440/49 426/439/542 422/433/536
f 423/435/537 427/441/543 157/442/146 156/436/147
f 424/437/538 428/443/544 427/441/545 423/435/539
f 425/438/540 429/444/546 428/443/544 424/437/538
f 426/439/541 430/445/547 429/444/546 425/438/540
f 57/440/49 58/446/48 430/445/548 426/439/542
f 427/441/543 431/447/549 158/448/161 157/442/146
f 428/443/544 432/449/550 431/447/551 427/441/545
f 429/444/546 433/450/552 432/449/550 428/443/544
f 430/445/547 434/451/553 433/450/552 429/444/546
f 58/446/48 59/452/63 434/451/554 430/445/548
f 431/447/549 435/453/555 159/454/162 158/448/161
f 432/449/550 436/455/556 435/453/557 431/447/551
f 433/450/552 437/456/558 436/455/556 432/449/550
f 434/451/553 438/457/559 437/456/558 433/450/552
f 59/452/63 60/458/64 438/457/560 434/451/554
f 435/453/555 439/459/561 160/460/164 159/454/162
f 436/455/556 440/461/562 439/459/563 435/453/557
f 437/456/558 441/462/564 440/461/562 436/455/556
f 438/457/559 442/463/565 441/462/564 437/456/558
f 60/458/64 61/464/66 442/463/566 438/457/560
f 439/459/561 443/465/567 161/466/165 160/460/164
f 440/461/562 444/467/568 443/465/569 439/459/563
f 441/462/564 445/468/570 444/467/568 440/461/562
f 442/463/565 446/469/571 445/468/570 441/462/564
f 61/464/66 62/470/67 446/469/572 442/463/566
f 443/465/567 447/471/573 162/472/166 161/466/165
f 444/467/568 448/473/574 447/471/575 443/465/569
f 445/468/570 449/474/576 448/473/574 444/467/568
f 446/469/571 450/475/577 449/474/576 445/468/570
f 62/470/67 63/476/68 450/475/578 446/469/572
f 447/471/573 451/477/579 163/478/167 162/472/166
f 448/473/574 452/479/580 451/477/581 447/471/575
f 449/474/576 453/480/582 452/479/580 448/473/574
f 450/475/577 454/481/583 453/480/582 449/474/576
f 63/476/68 64/482/69 454/481/584 450/475/578
f 451/477/579 455/483/585 164/484/170 163/478/167
f 452/479/580 456/485/586 455/483/587 451/477/581
f 453/480/582 457/486/588 456/485/586 452/479/580
f 454/481/583 458/487/589 457/486/588 453/480/582
f 64/482/69 65/488/72 458/487/590 454/481/584
f 455/483/585 459/489/591 165/490/174 164/484/170
f 456/485/586 460/491/592 459/489/593 455/483/587
f 457/486/588 461/492/594 460/491/592 456/485/586
f 458/487/589 462/493/595 461/492/594 457/486/588
f 65/488/72 66/494/76 462/493/596 458/487/590
f 459/489/591 463/495/597 166/496/174 165/490/174
f 460/491/592 464/497/598 463/495/599 459/489/593
f 461/492/594 465/498/600 464/497/598 460/491/592
f 462/493/595 466/499/601 465/498/600 461/492/594
f 66/494/76 67/500/76 466/499/602 462/493/596
f 463/495/597 467/501/603 167/502/180 166/496/174
f 464/497/598 468/503/604 467/501/605 463/495/599
f 465/498/600 469/504/606 468/503/604 464/497/598
f 466/499/601 470/505/607 469/504/606 465/498/600
f 67/500/76 68/506/82 470/505/608 466/499/602
f 467/501/603 471/507/609 168/508/183 167/502/180
f 468/503/604 472/509/610 471/507/611 467/501/605
f 469/504/606 473/510/612 472/509/610 468/503/604
f 470/505/607 474/511/613 473/510/612 469/504/606
f 68/506/82 69/512/85 474/511/614 470/505/608
f 471/507/609 475/513/615 169/514/186 168/508/183
f 472/509/610 476/515/616 475/513/617 471/507/611
f 473/510/612 477/516/618 476/515/616 472/509/610
f 474/511/613 478/517/619 477/516/618 473/510/612
f 69/512/85 70/518/88 478/517/620 474/511/614
f 475/513/615 479/519/621 170/520/184 169/514/186
f 476/515/616 480/521/622 479/519/623 475/513/617
f 477/516/618 481/522/624 480/521/622 476/515/616
f 478/517/619 482/523/625 481/522/624 477/516/618
f 70/518/88 71/524/86 482/523/626 478/517/620
f 479/519/621 483/525/627 171/526/182 170/520/184
f 480/521/628 484/527/629 483/525/630 479/519/630
f 481/522/631 485/528/632 484/527/629 480/521/628
f 482/523/633 486/529/633 485/528/632 481/522/631
f 71/524/86 72/530/84 486/529/634 482/523/626
f 483/525/627 487/531/635 172/532/179 171/526/182
f 484/527/636 488/533/637 487/531/638 483/525/639
f 485/528/640 489/534/641 488/533/637 484/527/636
f 486/529/642 490/535/643 489/534/641 485/528/640
f 72/530/84 73/536/81 490/535/644 486/529/634
f 487/531/635 491/537/645 173/538/177 172/532/179
f 488/533/637 492/539/646 491/537/647 487/531/638
f 489/534/641 493/540/648 492/539/646 488/533/637
f 490/535/643 494/541/649 493/540/648 489/534/641
f 73/536/81 74/542/79 494/541/650 490/535/644
f 491/537/645 495/543/651 174/544/175 173/538/177
f 492/539/646 496/545/652 495/543/653 491/537/647
f 493/540/648 497/546/654 496/545/652 492/539/646
f 494/541/649 498/547/655 497/546/654 493/540/648
f 74/542/79 75/548/77 498/547/656 494/541/650
f 495/543/651 499/549/657 175/550/173 174/544/175
f 496/545/652 500/551/658 499/549/659 495/543/653
f 497/546/654 501/552/660 500/551/658 496/545/652
f 498/547/655 502/553/661 501/552/660 497/546/654
f 75/548/77 76/554/75 502/553/662 498/547/656
f 499/549/657 503/555/663 176/556/172 175/550/173
f 500/551/658 504/557/664 503/555/665 499/549/659
f 501/552/660 505/558/666 504/557/664 500/551/658
f 502/553/661 506/559/667 505/558/666 501/552/660
f 76/554/75 77/560/74 506/559/668 502/553/662
f 503/555/663 507/561/669 177/562/171 176/556/172
f 504/557/664 508/563/670 507/561/671 503/555/665
f 505/558/666 509/564/672 508/563/670 504/557/664
f 506/559/667 510/565/673 509/564/672 505/558/666
f 77/560/74 78/566/73 510/565/674 506/559/668
f 507/561/669 511/567/675 178/568/169 177/562/171
f 508/563/670 512/569/676 511/567/677 507/561/671
f 509/564/672 513/570/678 512/569/676 508/563/670
f 510/565/673 514/571/679 513/570/678 509/564/672
f 78/566/73 79/572/71 514/571/680 510/565/674
f 511/567/675 515/573/681 179/574/168 178/568/169
f 512/569/676 516/575/682 515/573/683 511/567/677
f 513/570/678 517/576/684 516/575/682 512/569/676
f 514/571/679 518/577/685 517/576/684 513/570/678
f 79/572/71 80/578/70 518/577/686 514/571/680
f 515/573/681 519/579/687 180/580/163 179/574/168
f 516/575/682 520/581/688 519/579/689 515/573/683
f 517/576/684 521/582/690 520/581/688 516/575/682
f 518/577/685 522/583/691 521/582/690 517/576/684
f 80/578/70 81/584/65 522/583/692 518/577/686
f 519/579/687 523/585/693 181/586/145 180/580/163
f 520/581/688 524/587/694 523/585/695 519/579/689
f 521/582/690 525/588/696 524/587/694 520/581/688
f 522/583/691 526/589/697 525/588/696 521/582/690
f 81/584/65 82/590/47 526/589/698 522/583/692
f 523/585/693 527/591/699 182/592/144 181/586/145
f 524/587/694 528/593/700 527/591/701 523/585/695
f 525/588/696 529/594/702 528/593/700 524/587/694
f 526/589/697 530/595/703 529/594/702 525/588/696
f 82/590/47 83/596/46 530/595/704 526/589/698
f 527/591/699 531/597/705 183/598/143 182/592/144
f 528/593/700 532/599/706 531/597/707 527/591/701
f 529/594/702 533/600/708 532/599/706 528/593/700
f 530/595/703 534/601/709 533/600/708 529/594/702
f 83/596/46 84/602/45 534/601/710 530/595/704
f 531/597/705 535/603/711 184/604/142 183/598/143
f 532/599/706 536/605/712 535/603/713 531/597/707
f 533/600/708 537/606/714 536/605/712 532/599/706
f 534/601/709 538/607/715 537/606/714 533/600/708
f 84/602/45 85/608/44 538/607/716 534/601/710
f 535/603/711 539/609/717 185/610/176 184/604/142
f 536/605/712 540/611/718 539/609/719 535/603/713
f 537/606/714 541/612/720 540/611/718 536/605/712
f 538/607/715 542/613/721 541/612/720 537/606/714
f 85/608/44 86/614/78 542/613/722 538/607/716
f 539/609/717 543/615/723 186/616/178 185/610/176
f 540/611/718 544/617/724 543/615/725 539/609/719
f 541/612/720 545/618/726 544/617/724 540/611/718
f 542/613/721 546/619/727 545/618/726 541/612/720
f 86/614/78 87/620/80 546/619/728 542/613/722
f 543/615/723 547/621/729 187/622/181 186/616/178
f 544/617/724 548/623/730 547/621/731 543/615/725
f 545/618/726 549/624/732 548/623/730 544/617/724
f 546/619/727 550/625/733 549/624/732 545/618/726
f 87/620/80 88/626/83 550/625/734 546/619/728
f 547/621/729 551/627/735 188/628/185 187/622/181
f 548/623/730 552/629/736 551/627/737 547/621/731
f 549/624/732 553/630/738 552/629/736 548/623/730
f 550/625/733 554/631/739 553/630/738 549/624/732
f 88/626/83 89/632/87 554/631/740 550/625/734
f 551/627/735 555/633/741 189/634/187 188/628/185
f 552/629/736 556/635/742 555/633/743 551/627/737
f 553/630/738 557/636/744 556/635/742 552/629/736
f 554/631/739 558/637/745 557/636/744 553/630/738
f 89/632/87 90/638/89 558/637/746 554/631/740
f 555/633/741 559/639/747 190/640/188 189/634/187
f 556/635/742 560/641/748 559/639/749 555/633/743
f 557/636/744 561/642/750 560/641/748 556/635/742
f 558/637/745 562/643/751 561/642/750 557/636/744
f 90/638/89 91/644/90 562/643/752 558/637/746
f 559/639/747 563/645/753 191/646/189 190/640/188
f 560/641/748 564/647/754 563/645/755 559/639/749
f 561/642/750 565/648/756 564/647/754 560/641/748
f 562/643/751 566/649/757 565/648/756 561/642/750
f 91/644/90 92/650/91 566/649/758 562/643/752
f 563/645/753 567/651/759 192/652/190 191/646/189
f 564/647/754 568/653/760 567/651/761 563/645/755
f 565/648/756 569/654/762 568/653/760 564/647/754
f 566/649/757 570/655/763 569/654/762 565/648/756
f 92/650/91 93/656/92 570/655/764 566/649/758
f 567/651/759 571/657/765 193/658/191 192/652/190
f 568/653/760 572/659/766 571/657/767 567/651/761
f 569/654/762 573/660/768 572/659/766 568/653/760
f 570/655/763 574/661/769 573/660/768 569/654/762
f 93/656/92 94/662/93 574/661/770 570/655/764
f 571/657/765 575/663/771 194/664/192 193/658/191
f 572/659/766 576/665/772 575/663/773 571/657/767
f 573/660/768 577/666/774 576/665/772 572/659/766
f 574/661/769 578/667/775 577/666/774 573/660/768
f 94/662/93 95/668/94 578/667/776 574/661/770
f 575/663/771 579/669/777 195/670/193 194/664/192
f 576/665/772 580/671/778 579/669/779 575/663/773
f 577/666/774 581/672/780 580/671/778 576/665/772
f 578/667/775 582/673/781 581/672/780 577/666/774
f 95/668/94 96/674/95 582/673/782 578/667/776
f 579/669/777 583/675/783 196/676/194 195/670/193
f 580/671/778 584/677/784 583/675/785 579/669/779
f 581/672/780 585/678/786 584/677/784 580/671/778
f 582/673/781 586/679/787 585/678/786 581/672/780
f 96/674/95 97/680/96 586/679/788 582/673/782
f 583/675/783 587/681/789 197/682/196 196/676/194
f 584/677/784 588/683/790 587/681/791 583/675/785
f 585/678/786 589/684/792 588/683/790 584/677/784
f 586/679/787 590/685/793 589/684/792 585/678/786
f 97/680/96 98/686/98 590/685/794 586/679/788
f 587/681/789 591/687/795 198/688/195 197/682/196
f 588/683/790 592/689/796 591/687/797 587/681/791
f 589/684/792 593/690/798 592/689/796 588/683/790
f 590/685/793 594/691/799 593/690/798 589/684/792
f 98/686/98 99/692/97 594/691/800 590/685/794
f 591/687/795 199/693/197 100/98/124 198/688/195
f 592/689/796 200/694/801 199/693/802 591/687/797
f 593/690/798 201/695/803 200/694/801 592/689/796
f 594/691/799 202/696/804 201/695/803 593/690/798
f 99/692/97 1/697/26 202/696/206 594/691/800
o Butt_plate
v -0.239386 0.043478 0.025000
v -0.239959 0.053697 0.025000
v -0.240179 0.062934 0.025000
v -0.240259 0.071778 0.025000
v -0.240409 0.080818 0.025000
v -0.214834 0.078772 0.025000
v -0.214834 -0.078772 0.025000
v -0.249616 -0.077749 0.025000
v -0.249437 -0.074770 0.025000
v -0.249308 -0.071850 0.025000
v -0.249078 -0.068810 0.025000
v -0.248593 -0.065473 0.025000
v -0.246256 -0.056126 0.025000
v -0.243457 -0.048086 0.025000
v -0.240668 -0.040043 0.025000
v -0.238363 -0.030691 0.025000
v -0.236617 -0.019900 0.025000
v -0.235607 -0.010326 0.025000
v -0.235208 -0.000704 0.025000
v -0.235294 0.010230 0.025000
v -0.235927 0.019107 0.025000
v -0.237090 0.026867 0.025000
v -0.238378 0.034620 0.025000
v -0.239386 0.043478 -0.025000
v -0.239959 0.053697 -0.025000
v -0.240179 0.062934 -0.025000
v -0.240259 0.071778 -0.025000
v -0.240409 0.080818 -0.025000
v -0.214834 0.078772 -0.025000
v -0.214834 -0.078772 -0.025000
v -0.249616 -0.077749 -0.025000
v -0.249437 -0.074770 -0.025000
v -0.249308 -0.071850 -0.025000
v -0.249078 -0.068810 -0.025000
v -0.248593 -0.065473 -0.025000
v -0.246256 -0.056126 -0.025000
v -0.243457 -0.048086 -0.025000
v -0.240668 -0.040043 -0.025000
v -0.238363 -0.030691 -0.025000
v -0.236617 -0.019900 -0.025000
v -0.235607 -0.010326 -0.025000
v -0.235208 -0.000704 -0.025000
v -0.235294 0.010230 -0.025000
v -0.235927 0.019107 -0.025000
v -0.237090 0.026867 -0.025000
v -0.238378 0.034620 -0.025000
v -0.242206 0.043239 -0.023828
v -0.243373 0.043140 -0.021000
v -0.243373 0.043140 0.021000
v -0.242206 0.043239 0.023828
v -0.242785 0.053585 -0.023828
v -0.243956 0.053538 -0.021000
v -0.243956 0.053538 0.021000
v -0.242785 0.053585 0.023828
v -0.243007 0.062888 -0.023828
v -0.244179 0.062868 -0.021000
v -0.244179 0.062868 0.021000
v -0.243007 0.062888 0.023828
v -0.243087 0.071742 -0.023828
v -0.244259 0.071727 -0.021000
v -0.244259 0.071727 0.021000
v -0.243087 0.071742 0.023828
v -0.243289 0.083886 -0.023828
v -0.244482 0.085157 -0.021000
v -0.244482 0.085157 0.021000
v -0.243289 0.083886 0.023828
v -0.212005 0.081384 -0.023828
v -0.210834 0.082465 -0.021000
v -0.210834 0.082465 0.021000
v -0.212005 0.081384 0.023828
v -0.212005 -0.081685 -0.023828
v -0.210834 -0.082892 -0.021000
v -0.210834 -0.082892 0.021000
v -0.212005 -0.081685 0.023828
v -0.252615 -0.080491 -0.023828
v -0.253857 -0.081626 -0.021000
v -0.253857 -0.081626 0.021000
v -0.252615 -0.080491 0.023828
v -0.252261 -0.074622 -0.023828
v -0.253431 -0.074561 -0.021000
v -0.253431 -0.074561 0.021000
v -0.252261 -0.074622 0.023828
v -0.252132 -0.071680 -0.023828
v -0.253301 -0.071610 -0.021000
v -0.253301 -0.071610 0.021000
v -0.252132 -0.071680 0.023828
v -0.251891 -0.068500 -0.023828
v -0.253056 -0.068371 -0.021000
v -0.253056 -0.068371 0.021000
v -0.251891 -0.068500 0.023828
v -0.251372 -0.064926 -0.023828
v -0.252523 -0.064699 -0.021000
v -0.252523 -0.064699 0.021000
v -0.251372 -0.064926 0.023828
v -0.248969 -0.055317 -0.023828
v -0.250093 -0.054981 -0.021000
v -0.250093 -0.054981 0.021000
v -0.248969 -0.055317 0.023828
v -0.246128 -0.047158 -0.023828
v -0.247235 -0.046773 -0.021000
v -0.247235 -0.046773 0.021000
v -0.246128 -0.047158 0.023828
v -0.243383 -0.039240 -0.023828
v -0.244508 -0.038907 -0.021000
v -0.244508 -0.038907 0.021000
v -0.243383 -0.039240 0.023828
v -0.241137 -0.030125 -0.023828
v -0.242286 -0.029891 -0.021000
v -0.242286 -0.029891 0.021000
v -0.241137 -0.030125 0.023828
v -0.239422 -0.019525 -0.023828
v -0.240583 -0.019370 -0.021000
v -0.240583 -0.019370 0.021000
v -0.239422 -0.019525 0.023828
v -0.238430 -0.010119 -0.023828
v -0.239599 -0.010033 -0.021000
v -0.239599 -0.010033 0.021000
v -0.238430 -0.010119 0.023828
v -0.238037 -0.000657 -0.023828
v -0.239209 -0.000637 -0.021000
v -0.239209 -0.000637 0.021000
v -0.238037 -0.000657 0.023828
v -0.238122 0.010118 -0.023828
v -0.239293 0.010072 -0.021000
v -0.239293 0.010072 0.021000
v -0.238122 0.010118 0.023828
v -0.238741 0.018796 -0.023828
v -0.239906 0.018668 -0.021000
v -0.239906 0.018668 0.021000
v -0.238741 0.018796 0.023828
v -0.239884 0.026425 -0.023828
v -0.241041 0.026242 -0.021000
v -0.241041 0.026242 0.021000
v -0.239884 0.026425 0.023828
v -0.241180 0.034228 -0.023828
v -0.242340 0.034066 -0.021000
v -0.242340 0.034066 0.021000
v -0.241180 0.034228 0.023828
vn -0.1946 -0.0025 0.9809
vn 0.1569 0.1449 0.9769
vn -0.1395 0.1486 0.9790
vn 0.1448 -0.1491 0.9782
vn -0.1959 -0.0032 0.9806
vn -0.1968 -0.0079 0.9804
vn -0.1977 -0.0168 0.9801
vn -0.1962 -0.0274 0.9802
vn -0.1918 -0.0303 0.9810
vn -0.1892 -0.0209 0.9817
vn -0.1911 -0.0076 0.9815
vn -0.1921 0.0032 0.9814
vn -0.1907 0.0140 0.9816
vn -0.1900 0.0254 0.9815
vn -0.1863 0.0380 0.9818
vn -0.1816 0.0537 0.9819
vn -0.1842 0.0640 0.9808
vn -0.1919 0.0573 0.9797
vn -0.1971 0.0388 0.9796
vn -0.1979 0.0218 0.9800
vn -0.1966 0.0118 0.9804
vn -0.1939 0.0101 0.9810
vn -0.1534 -0.1402 0.9782
vn -0.1946 -0.0025 -0.9809
vn -0.1395 0.1486 -0.9790
vn 0.1569 0.1449 -0.9769
vn 0.1448 -0.1491 -0.9782
vn -0.1959 -0.0032 -0.9806
vn -0.1968 -0.0079 -0.9804
vn -0.1977 -0.0168 -0.9801
vn -0.1962 -0.0274 -0.9802
vn -0.1918 -0.0303 -0.9810
vn -0.1892 -0.0209 -0.9817
vn -0.1911 -0.0076 -0.9815
vn -0.1921 0.0032 -0.9814
vn -0.1907 0.0140 -0.9816
vn -0.1900 0.0254 -0.9815
vn -0.1863 0.0380 -0.9818
vn -0.1816 0.0537 -0.9819
vn -0.1842 0.0640 -0.9808
vn -0.1919 0.0573 -0.9797
vn -0.1971 0.0388 -0.9796
vn -0.1979 0.0218 -0.9800
vn -0.1966 0.0118 -0.9804
vn -0.1939 0.0101 -0.9810
vn -0.1534 -0.1402 -0.9782
vn -0.3812 -0.0324 -0.9239
vn -0.3823 -0.0153 -0.9239
vn -0.9774 -0.0830 -0.1945
vn -0.9801 -0.0391 -0.1947
vn -0.9231 -0.0369 -0.3827
vn -0.9205 -0.0781 -0.3828
vn -0.9774 -0.0830 0.1945
vn -0.9801 -0.0391 0.1947
vn -0.9205 -0.0781 0.3828
vn -0.9231 -0.0369 0.3827
vn -0.3823 -0.0153 0.9239
vn -0.3812 -0.0324 0.9239
vn -0.3826 -0.0063 -0.9239
vn -0.9807 -0.0161 -0.1949
vn -0.9238 -0.0152 -0.3827
vn -0.9807 -0.0161 0.1949
vn -0.9238 -0.0152 0.3827
vn -0.3826 -0.0063 0.9239
vn -0.3827 -0.0049 -0.9239
vn -0.9807 -0.0126 -0.1952
vn -0.9238 -0.0118 -0.3827
vn -0.9807 -0.0126 0.1952
vn -0.9238 -0.0118 0.3827
vn -0.3827 -0.0049 0.9239
vn -0.1836 0.1956 -0.9634
vn -0.9859 -0.0164 -0.1666
vn -0.9238 -0.0153 -0.3827
vn -0.9859 -0.0164 0.1666
vn -0.9238 -0.0153 0.3827
vn -0.1836 0.1956 0.9634
vn 0.2139 0.1975 -0.9567
vn 0.0786 0.9829 -0.1666
vn 0.0786 0.9821 -0.1714
vn 0.0737 0.9209 -0.3827
vn 0.0786 0.9829 0.1666
vn 0.0786 0.9821 0.1714
vn 0.0737 0.9209 0.3827
vn 0.2139 0.1975 0.9567
vn 0.1931 -0.1989 -0.9608
vn 0.9852 -0.0000 -0.1714
vn 0.9857 -0.0000 -0.1685
vn 0.9239 -0.0000 -0.3827
vn 0.9852 -0.0000 0.1714
vn 0.9857 -0.0000 0.1685
vn 0.9239 -0.0000 0.3827
vn 0.1931 -0.1989 0.9608
vn -0.2045 -0.1869 -0.9609
vn -0.0290 -0.9853 -0.1685
vn -0.0272 -0.9235 -0.3827
vn -0.0290 -0.9853 0.1685
vn -0.0272 -0.9235 0.3827
vn -0.2045 -0.1869 0.9609
vn -0.3822 0.0199 -0.9239
vn -0.9839 0.0593 -0.1685
vn -0.9794 0.0511 -0.1953
vn -0.9226 0.0481 -0.3827
vn -0.9222 0.0556 -0.3827
vn -0.9839 0.0593 0.1685
vn -0.9794 0.0511 0.1953
vn -0.9222 0.0556 0.3827
vn -0.9226 0.0481 0.3827
vn -0.3822 0.0199 0.9239
vn -0.3820 0.0229 -0.9239
vn -0.9791 0.0587 -0.1947
vn -0.9222 0.0553 -0.3827
vn -0.9791 0.0587 0.1947
vn -0.9222 0.0553 0.3827
vn -0.3820 0.0229 0.9239
vn -0.3802 0.0419 -0.9240
vn -0.9750 0.1076 -0.1944
vn -0.9182 0.1013 -0.3829
vn -0.9750 0.1076 0.1944
vn -0.9182 0.1013 0.3829
vn -0.3802 0.0419 0.9240
vn -0.3751 0.0739 -0.9241
vn -0.9625 0.1897 -0.1941
vn -0.9063 0.1786 -0.3831
vn -0.9625 0.1897 0.1941
vn -0.9063 0.1786 0.3831
vn -0.3751 0.0739 0.9241
vn -0.3664 0.1093 -0.9240
vn -0.9400 0.2805 -0.1942
vn -0.8852 0.2642 -0.3830
vn -0.9400 0.2805 0.1942
vn -0.8852 0.2642 0.3830
vn -0.3664 0.1093 0.9240
vn -0.3615 0.1256 -0.9239
vn -0.9265 0.3219 -0.1951
vn -0.8727 0.3032 -0.3827
vn -0.9265 0.3219 0.1951
vn -0.8727 0.3032 0.3827
vn -0.3615 0.1256 0.9239
vn -0.3666 0.1085 -0.9240
vn -0.9402 0.2782 -0.1964
vn -0.8858 0.2621 -0.3830
vn -0.9402 0.2782 0.1964
vn -0.8858 0.2621 0.3830
vn -0.3666 0.1085 0.9240
vn -0.3747 0.0764 -0.9240
vn -0.9608 0.1958 -0.1962
vn -0.9052 0.1845 -0.3829
vn -0.9608 0.1958 0.1962
vn -0.9052 0.1845 0.3830
vn -0.3747 0.0764 0.9240
vn -0.3792 0.0506 -0.9239
vn -0.9720 0.1298 -0.1958
vn -0.9157 0.1223 -0.3828
vn -0.9720 0.1298 0.1958
vn -0.9157 0.1223 0.3828
vn -0.3792 0.0506 0.9239
vn -0.3815 0.0280 -0.9239
vn -0.9780 0.0718 -0.1959
vn -0.9213 0.0676 -0.3828
vn -0.9780 0.0718 0.1959
vn -0.9213 0.0676 0.3828
vn -0.3815 0.0280 0.9239
vn -0.3825 0.0064 -0.9239
vn -0.9805 0.0165 -0.1957
vn -0.9237 0.0155 -0.3828
vn -0.9805 0.0165 0.1957
vn -0.9237 0.0155 0.3828
vn -0.3825 0.0064 0.9239
vn -0.3822 -0.0151 -0.9239
vn -0.9799 -0.0387 -0.1959
vn -0.9231 -0.0365 -0.3829
vn -0.9799 -0.0387 0.1959
vn -0.9231 -0.0365 0.3828
vn -0.3822 -0.0151 0.9239
vn -0.3801 -0.0420 -0.9240
vn -0.9747 -0.1076 -0.1961
vn -0.9182 -0.1014 -0.3829
vn -0.9747 -0.1076 0.1961
vn -0.9182 -0.1014 0.3829
vn -0.3801 -0.0420 0.9240
vn -0.3780 -0.0597 -0.9239
vn -0.9687 -0.1530 -0.1953
vn -0.9126 -0.1441 -0.3827
vn -0.9687 -0.1530 0.1953
vn -0.9126 -0.1441 0.3827
vn -0.3780 -0.0597 0.9239
vn -0.3789 -0.0530 -0.9239
vn -0.9714 -0.1359 -0.1945
vn -0.9149 -0.1280 -0.3828
vn -0.9714 -0.1359 0.1945
vn -0.9149 -0.1280 0.3828
vn -0.3789 -0.0530 0.9239
vt 0.136364 0.000000
vt 0.227273 0.000000
vt 0.181818 0.000000
vt 0.272727 0.000000
vt 0.090909 0.000000
vt 0.045455 0.000000
vt 0.000000 0.000000
vt 1.000000 0.000000
vt 0.954545 0.000000
vt 0.909091 0.000000
vt 0.863636 0.000000
vt 0.818182 0.000000
vt 0.772727 0.000000
vt 0.727273 0.000000
vt 0.681818 0.000000
vt 0.636364 0.000000
vt 0.590909 0.000000
vt 0.545455 0.000000
vt 0.500000 0.000000
vt 0.454545 0.000000
vt 0.409091 0.000000
vt 0.363636 0.000000
vt 0.318182 0.000000
vt 0.000000 0.200000
vt 0.043478 0.200000
vt 0.043478 0.000000
vt 0.000000 0.400000
vt 0.043478 0.400000
vt 0.000000 0.600000
vt 0.043478 0.600000
vt 0.000000 0.800000
vt 0.043478 0.800000
vt 0.000000 1.000000
vt 0.043478 1.000000
vt 0.086957 0.200000
vt 0.086957 0.000000
vt 0.086957 0.400000
vt 0.086957 0.600000
vt 0.086957 0.800000
vt 0.086957 1.000000
vt 0.130435 0.200000
vt 0.130435 0.000000
vt 0.130435 0.400000
vt 0.130435 0.600000
vt 0.130435 0.800000
vt 0.130435 1.000000
vt 0.173913 0.200000
vt 0.173913 0.000000
vt 0.173913 0.400000
vt 0.173913 0.600000
vt 0.173913 0.800000
vt 0.173913 1.000000
vt 0.217391 0.200000
vt 0.217391 0.000000
vt 0.217391 0.400000
vt 0.217391 0.600000
vt 0.217391 0.800000
vt 0.217391 1.000000
vt 0.260870 0.200000
vt 0.260870 0.000000
vt 0.260870 0.400000
vt 0.260870 0.600000
vt 0.260870 0.800000
vt 0.260870 1.000000
vt 0.304348 0.200000
vt 0.304348 0.000000
vt 0.304348 0.400000
vt 0.304348 0.600000
vt 0.304348 0.800000
vt 0.304348 1.000000
vt 0.347826 0.200000
vt 0.347826 0.000000
vt 0.347826 0.400000
vt 0.347826 0.600000
vt 0.347826 0.800000
vt 0.347826 1.000000
vt 0.391304 0.200000
vt 0.391304 0.000000
vt 0.391304 0.400000
vt 0.391304 0.600000
vt 0.391304 0.800000
vt 0.391304 1.000000
vt 0.434783 0.200000
vt 0.434783 0.000000
vt 0.434783 0.400000
vt 0.434783 0.600000
vt 0.434783 0.800000
vt 0.434783 1.000000
vt 0.478261 0.200000
vt 0.478261 0.000000
vt 0.478261 0.400000
vt 0.478261 0.600000
vt 0.478261 0.800000
vt 0.478261 1.000000
vt 0.521739 0.200000
vt 0.521739 0.000000
vt 0.521739 0.400000
vt 0.521739 0.600000
vt 0.521739 0.800000
vt 0.521739 1.000000
vt 0.565217 0.200000
vt 0.565217 0.000000
vt 0.565217 0.400000
vt 0.565217 0.600000
vt 0.565217 0.800000
vt 0.565217 1.000000
vt 0.608696 0.200000
vt 0.608696 0.000000
vt 0.608696 0.400000
vt 0.608696 0.600000
vt 0.608696 0.800000
vt 0.608696 1.000000
vt 0.652174 0.200000
vt 0.652174 0.000000
vt 0.652174 0.400000
vt 0.652174 0.600000
vt 0.652174 0.800000
vt 0.652174 1.000000
vt 0.695652 0.200000
vt 0.695652 0.000000
vt 0.695652 0.400000
vt 0.695652 0.600000
vt 0.695652 0.800000
vt 0.695652 1.000000
vt 0.739130 0.200000
vt 0.739130 0.000000
vt 0.739130 0.400000
vt 0.739130 0.600000
vt 0.739130 0.800000
vt 0.739130 1.000000
vt 0.782609 0.200000
vt 0.782609 0.000000
vt 0.782609 0.400000
vt 0.782609 0.600000
vt 0.782609 0.800000
vt 0.782609 1.000000
vt 0.826087 0.200000
vt 0.826087 0.000000
vt 0.826087 0.400000
vt 0.826087 0.600000
vt 0.826087 0.800000
vt 0.826087 1.000000
vt 0.869565 0.200000
vt 0.869565 0.000000
vt 0.869565 0.400000
vt 0.869565 0.600000
vt 0.869565 0.800000
vt 0.869565 1.000000
vt 0.913043 0.200000
vt 0.913043 0.000000
vt 0.913043 0.400000
vt 0.913043 0.600000
vt 0.913043 0.800000
vt 0.913043 1.000000
vt 0.956522 0.200000
vt 0.956522 0.000000
vt 0.956522 0.400000
vt 0.956522 0.600000
vt 0.956522 0.800000
vt 0.956522 1.000000
vt 1.000000 0.200000
vt 1.000000 0.400000
vt 1.000000 0.600000
vt 1.000000 0.800000
vt 1.000000 1.000000
s 1
usemtl Gold_|_polished_trim
f 598/698/805 600/699/806 599/700/807
f 598/698/805 601/701/808 600/699/806
f 597/702/809 601/701/808 598/698/805
f 596/703/810 601/701/808 597/702/809
f 595/704/811 601/701/808 596/703/810
f 617/705/812 601/701/808 595/704/811
f 616/706/813 601/701/808 617/705/812
f 615/707/814 601/701/808 616/706/813
f 614/708/815 601/701/808 615/707/814
f 613/709/816 601/701/808 614/708/815
f 612/710/817 601/701/808 613/709/816
f 611/711/818 601/701/808 612/710/817
f 610/712/819 601/701/808 611/711/818
f 609/713/820 601/701/808 610/712/819
f 608/714/821 601/701/808 609/713/820
f 607/715/822 601/701/808 608/714/821
f 606/716/823 601/701/808 607/715/822
f 605/717/824 601/701/808 606/716/823
f 604/718/825 601/701/808 605/717/824
f 603/719/826 601/701/808 604/718/825
f 602/720/827 601/701/808 603/719/826
f 621/698/828 622/700/829 623/699/830
f 621/698/828 623/699/830 624/701/831
f 620/702/832 621/698/828 624/701/831
f 619/703/833 620/702/832 624/701/831
f 618/704/834 619/703/833 624/701/831
f 640/705/835 618/704/834 624/701/831
f 639/706/836 640/705/835 624/701/831
f 638/707/837 639/706/836 624/701/831
f 637/708/838 638/707/837 624/701/831
f 636/709/839 637/708/838 624/701/831
f 635/710/840 636/709/839 624/701/831
f 634/711/841 635/710/840 624/701/831
f 633/712/842 634/711/841 624/701/831
f 632/713/843 633/712/842 624/701/831
f 631/714/844 632/713/843 624/701/831
f 630/715/845 631/714/844 624/701/831
f 629/716/846 630/715/845 624/701/831
f 628/717/847 629/716/846 624/701/831
f 627/718/848 628/717/847 624/701/831
f 626/719/849 627/718/848 624/701/831
f 625/720/850 626/719/849 624/701/831
f 641/721/851 645/722/852 619/723/833 618/704/834
f 642/724/853 646/725/854 645/722/855 641/721/856
f 643/726/857 647/727/858 646/725/854 642/724/853
f 644/728/859 648/729/860 647/727/858 643/726/857
f 595/730/811 596/731/810 648/729/861 644/728/862
f 645/722/852 649/732/863 620/733/832 619/723/833
f 646/725/854 650/734/864 649/732/865 645/722/855
f 647/727/858 651/735/866 650/734/864 646/725/854
f 648/729/860 652/736/867 651/735/866 647/727/858
f 596/731/810 597/737/809 652/736/868 648/729/861
f 649/732/863 653/738/869 621/739/828 620/733/832
f 650/734/864 654/740/870 653/738/871 649/732/865
f 651/735/866 655/741/872 654/740/870 650/734/864
f 652/736/867 656/742/873 655/741/872 651/735/866
f 597/737/809 598/743/805 656/742/874 652/736/868
f 653/738/869 657/744/875 622/745/829 621/739/828
f 654/740/870 658/746/876 657/744/877 653/738/871
f 655/741/872 659/747/878 658/746/876 654/740/870
f 656/742/873 660/748/879 659/747/878 655/741/872
f 598/743/805 599/749/807 660/748/880 656/742/874
f 657/744/875 661/750/881 623/751/830 622/745/829
f 658/746/882 662/752/883 661/750/884 657/744/884
f 659/747/885 663/753/886 662/752/883 658/746/882
f 660/748/887 664/754/887 663/753/886 659/747/885
f 599/749/807 600/755/806 664/754/888 660/748/880
f 661/750/881 665/756/889 624/757/831 623/751/830
f 662/752/890 666/758/891 665/756/892 661/750/892
f 663/753/893 667/759/894 666/758/891 662/752/890
f 664/754/895 668/760/895 667/759/894 663/753/893
f 600/755/806 601/761/808 668/760/896 664/754/888
f 665/756/889 669/762/897 625/763/850 624/757/831
f 666/758/898 670/764/898 669/762/899 665/756/899
f 667/759/900 671/765/900 670/764/898 666/758/898
f 668/760/901 672/766/901 671/765/900 667/759/900
f 601/761/808 602/767/827 672/766/902 668/760/896
f 669/762/897 673/768/903 626/769/849 625/763/850
f 670/764/904 674/770/905 673/768/906 669/762/907
f 671/765/908 675/771/909 674/770/905 670/764/904
f 672/766/910 676/772/911 675/771/909 671/765/908
f 602/767/827 603/773/826 676/772/912 672/766/902
f 673/768/903 677/774/913 627/775/848 626/769/849
f 674/770/905 678/776/914 677/774/915 673/768/906
f 675/771/909 679/777/916 678/776/914 674/770/905
f 676/772/911 680/778/917 679/777/916 675/771/909
f 603/773/826 604/779/825 680/778/918 676/772/912
f 677/774/913 681/780/919 628/781/847 627/775/848
f 678/776/914 682/782/920 681/780/921 677/774/915
f 679/777/916 683/783/922 682/782/920 678/776/914
f 680/778/917 684/784/923 683/783/922 679/777/916
f 604/779/825 605/785/824 684/784/924 680/778/918
f 681/780/919 685/786/925 629/787/846 628/781/847
f 682/782/920 686/788/926 685/786/927 681/780/921
f 683/783/922 687/789/928 686/788/926 682/782/920
f 684/784/923 688/790/929 687/789/928 683/783/922
f 605/785/824 606/791/823 688/790/930 684/784/924
f 685/786/925 689/792/931 630/793/845 629/787/846
f 686/788/926 690/794/932 689/792/933 685/786/927
f 687/789/928 691/795/934 690/794/932 686/788/926
f 688/790/929 692/796/935 691/795/934 687/789/928
f 606/791/823 607/797/822 692/796/936 688/790/930
f 689/792/931 693/798/937 631/799/844 630/793/845
f 690/794/932 694/800/938 693/798/939 689/792/933
f 691/795/934 695/801/940 694/800/938 690/794/932
f 692/796/935 696/802/941 695/801/940 691/795/934
f 607/797/822 608/803/821 696/802/942 692/796/936
f 693/798/937 697/804/943 632/805/843 631/799/844
f 694/800/938 698/806/944 697/804/945 693/798/939
f 695/801/940 699/807/946 698/806/944 694/800/938
f 696/802/941 700/808/947 699/807/946 695/801/940
f 608/803/821 609/809/820 700/808/948 696/802/942
f 697/804/943 701/810/949 633/811/842 632/805/843
f 698/806/944 702/812/950 701/810/951 697/804/945
f 699/807/946 703/813/952 702/812/950 698/806/944
f 700/808/947 704/814/953 703/813/952 699/807/946
f 609/809/820 610/815/819 704/814/954 700/808/948
f 701/810/949 705/816/955 634/817/841 633/811/842
f 702/812/950 706/818/956 705/816/957 701/810/951
f 703/813/952 707/819/958 706/818/956 702/812/950
f 704/814/953 708/820/959 707/819/958 703/813/952
f 610/815/819 611/821/818 708/820/960 704/814/954
f 705/816/955 709/822/961 635/823/840 634/817/841
f 706/818/956 710/824/962 709/822/963 705/816/957
f 707/819/958 711/825/964 710/824/962 706/818/956
f 708/820/959 712/826/965 711/825/964 707/819/958
f 611/821/818 612/827/817 712/826/966 708/820/960
f 709/822/961 713/828/967 636/829/839 635/823/840
f 710/824/962 714/830/968 713/828/969 709/822/963
f 711/825/964 715/831/970 714/830/968 710/824/962
f 712/826/965 716/832/971 715/831/970 711/825/964
f 612/827/817 613/833/816 716/832/972 712/826/966
f 713/828/967 717/834/973 637/835/838 636/829/839
f 714/830/968 718/836/974 717/834/975 713/828/969
f 715/831/970 719/837/976 718/836/974 714/830/968
f 716/832/971 720/838/977 719/837/976 715/831/970
f 613/833/816 614/839/815 720/838/978 716/832/972
f 717/834/973 721/840/979 638/841/837 637/835/838
f 718/836/974 722/842/980 721/840/981 717/834/975
f 719/837/976 723/843/982 722/842/980 718/836/974
f 720/838/977 724/844/983 723/843/982 719/837/976
f 614/839/815 615/845/814 724/844/984 720/838/978
f 721/840/979 725/846/985 639/847/836 638/841/837
f 722/842/980 726/848/986 725/846/987 721/840/981
f 723/843/982 727/849/988 726/848/986 722/842/980
f 724/844/983 728/850/989 727/849/988 723/843/982
f 615/845/814 616/851/813 728/850/990 724/844/984
f 725/846/985 729/852/991 640/853/835 639/847/836
f 726/848/986 730/854/992 729/852/993 725/846/987
f 727/849/988 731/855/994 730/854/992 726/848/986
f 728/850/989 732/856/995 731/855/994 727/849/988
f 616/851/813 617/857/812 732/856/996 728/850/990
f 729/852/991 641/858/851 618/705/834 640/853/835
f 730/854/992 642/859/853 641/858/856 729/852/993
f 731/855/994 643/860/857 642/859/853 730/854/992
f 732/856/995 644/861/859 643/860/857 731/855/994
f 617/857/812 595/862/811 644/861/862 732/856/996
o Grip_cap
v -0.029668 -0.055243 0.021000
v -0.032602 -0.050471 0.021000
v -0.033697 -0.045318 0.021000
v -0.034056 -0.040012 0.021000
v -0.034783 -0.034783 0.021000
v 0.026598 -0.045013 0.021000
v 0.028012 -0.050310 0.021000
v 0.029856 -0.055559 0.021000
v 0.030839 -0.060905 0.021000
v 0.029668 -0.066496 0.021000
v 0.028102 -0.068497 0.021000
v 0.026003 -0.069696 0.021000
v 0.023690 -0.070573 0.021000
v 0.021483 -0.071611 0.021000
v 0.008314 -0.068903 0.021000
v -0.005109 -0.067118 0.021000
v -0.018024 -0.063487 0.021000
v -0.029668 -0.055243 -0.021000
v -0.032602 -0.050471 -0.021000
v -0.033697 -0.045318 -0.021000
v -0.034056 -0.040012 -0.021000
v -0.034783 -0.034783 -0.021000
v 0.026598 -0.045013 -0.021000
v 0.028012 -0.050310 -0.021000
v 0.029856 -0.055559 -0.021000
v 0.030839 -0.060905 -0.021000
v 0.029668 -0.066496 -0.021000
v 0.028102 -0.068497 -0.021000
v 0.026003 -0.069696 -0.021000
v 0.023690 -0.070573 -0.021000
v 0.021483 -0.071611 -0.021000
v 0.008314 -0.068903 -0.021000
v -0.005109 -0.067118 -0.021000
v -0.018024 -0.063487 -0.021000
v -0.031774 -0.057217 -0.019828
v -0.032646 -0.058035 -0.017000
v -0.032646 -0.058035 0.017000
v -0.031774 -0.057217 0.019828
v -0.035268 -0.051536 -0.019828
v -0.036372 -0.051978 -0.017000
v -0.036372 -0.051978 0.017000
v -0.035268 -0.051536 0.019828
v -0.036506 -0.045709 -0.019828
v -0.037669 -0.045871 -0.017000
v -0.037669 -0.045871 0.017000
v -0.036506 -0.045709 0.019828
v -0.036871 -0.040302 -0.019828
v -0.038037 -0.040423 -0.017000
v -0.038037 -0.040423 0.017000
v -0.036871 -0.040302 0.019828
v -0.038114 -0.031360 -0.019828
v -0.039494 -0.029942 -0.017000
v -0.039494 -0.029942 0.017000
v -0.038114 -0.031360 0.019828
v 0.028861 -0.042523 -0.019828
v 0.029799 -0.041491 -0.017000
v 0.029799 -0.041491 0.017000
v 0.028861 -0.042523 0.019828
v 0.030717 -0.049476 -0.019828
v 0.031837 -0.049130 -0.017000
v 0.031837 -0.049130 0.017000
v 0.030717 -0.049476 0.019828
v 0.032598 -0.054830 -0.019828
v 0.033734 -0.054528 -0.017000
v 0.033734 -0.054528 0.017000
v 0.032598 -0.054830 0.019828
v 0.033721 -0.060941 -0.019828
v 0.034915 -0.060956 -0.017000
v 0.034915 -0.060956 0.017000
v 0.033721 -0.060941 0.019828
v 0.032301 -0.067720 -0.019828
v 0.033392 -0.068227 -0.017000
v 0.033392 -0.068227 0.017000
v 0.032301 -0.067720 0.019828
v 0.029987 -0.070678 -0.019828
v 0.030768 -0.071581 -0.017000
v 0.030768 -0.071581 0.017000
v 0.029987 -0.070678 0.019828
v 0.027213 -0.072262 -0.019828
v 0.027714 -0.073325 -0.017000
v 0.027714 -0.073325 0.017000
v 0.027213 -0.072262 0.019828
v 0.024795 -0.073179 -0.019828
v 0.025253 -0.074258 -0.017000
v 0.025253 -0.074258 0.017000
v 0.024795 -0.073179 0.019828
v 0.021836 -0.074571 -0.019828
v 0.021982 -0.075797 -0.017000
v 0.021982 -0.075797 0.017000
v 0.021836 -0.074571 0.019828
v 0.007842 -0.071694 -0.019828
v 0.007647 -0.072850 -0.017000
v 0.007647 -0.072850 0.017000
v 0.007842 -0.071694 0.019828
v -0.005681 -0.069895 -0.019828
v -0.005918 -0.071046 -0.017000
v -0.005918 -0.071046 0.017000
v -0.005681 -0.069895 0.019828
v -0.019259 -0.066078 -0.019828
v -0.019771 -0.067151 -0.017000
v -0.019771 -0.067151 0.017000
v -0.019259 -0.066078 0.019828
vn -0.1898 -0.0196 0.9816
vn 0.1509 0.1660 0.9745
vn -0.1315 0.1351 0.9821
vn -0.2011 -0.0280 0.9792
vn 0.1819 0.0561 0.9817
vn -0.1974 -0.0789 0.9771
vn 0.1970 0.0524 0.9790
vn -0.1569 -0.1470 0.9766
vn -0.0915 -0.1919 0.9771
vn 0.2144 -0.0026 0.9767
vn 0.1968 -0.0915 0.9762
vn -0.0410 -0.1989 0.9792
vn 0.1402 -0.1622 0.9767
vn -0.0318 -0.1881 0.9816
vn 0.0869 -0.1844 0.9790
vn 0.0263 -0.2208 0.9750
vn 0.0743 -0.1752 0.9817
vn -0.1898 -0.0196 -0.9816
vn -0.1315 0.1351 -0.9821
vn 0.1509 0.1660 -0.9745
vn -0.2011 -0.0280 -0.9792
vn 0.1819 0.0561 -0.9817
vn -0.1974 -0.0789 -0.9771
vn 0.1970 0.0524 -0.9790
vn -0.1569 -0.1470 -0.9766
vn -0.0915 -0.1919 -0.9771
vn 0.2144 -0.0026 -0.9767
vn 0.1968 -0.0915 -0.9762
vn -0.0410 -0.1989 -0.9792
vn 0.1402 -0.1622 -0.9767
vn -0.0318 -0.1881 -0.9816
vn 0.0869 -0.1844 -0.9790
vn 0.0263 -0.2208 -0.9750
vn 0.0743 -0.1752 -0.9817
vn -0.2744 -0.2572 -0.9266
vn -0.3509 -0.1403 -0.9258
vn -0.7158 -0.6709 -0.1939
vn -0.9110 -0.3642 -0.1936
vn -0.8560 -0.3422 -0.3875
vn -0.6720 -0.6299 -0.3894
vn -0.7158 -0.6709 0.1939
vn -0.9110 -0.3642 0.1936
vn -0.6720 -0.6299 0.3894
vn -0.8560 -0.3422 0.3875
vn -0.3509 -0.1403 0.9258
vn -0.2744 -0.2572 0.9266
vn -0.3782 -0.0527 -0.9242
vn -0.9716 -0.1354 -0.1939
vn -0.9147 -0.1274 -0.3835
vn -0.9716 -0.1354 0.1939
vn -0.9147 -0.1274 0.3835
vn -0.3782 -0.0527 0.9242
vn -0.3805 -0.0392 -0.9240
vn -0.9754 -0.1006 -0.1960
vn -0.9189 -0.0948 -0.3829
vn -0.9754 -0.1006 0.1960
vn -0.9189 -0.0948 0.3829
vn -0.3805 -0.0392 0.9240
vn -0.3790 -0.0527 -0.9239
vn -0.9778 -0.1359 -0.1598
vn -0.9151 -0.1272 -0.3827
vn -0.9778 -0.1359 0.1598
vn -0.9151 -0.1272 0.3827
vn -0.3790 -0.0527 0.9239
vn 0.0629 0.3775 -0.9239
vn 0.2211 0.2433 -0.9444
vn 0.1623 0.9737 -0.1598
vn 0.1617 0.9705 -0.1788
vn 0.1519 0.9113 -0.3827
vn 0.1623 0.9737 0.1598
vn 0.1617 0.9705 0.1788
vn 0.1519 0.9113 0.3827
vn 0.2211 0.2433 0.9444
vn 0.0629 0.3775 0.9239
vn 0.3654 0.1128 -0.9240
vn 0.9506 0.2536 -0.1788
vn 0.9370 0.2891 -0.1961
vn 0.8827 0.2724 -0.3829
vn 0.8927 0.2382 -0.3827
vn 0.9506 0.2536 0.1788
vn 0.9370 0.2891 0.1961
vn 0.8927 0.2382 0.3827
vn 0.8827 0.2724 0.3829
vn 0.3654 0.1128 0.9240
vn 0.3689 0.0981 -0.9243
vn 0.9481 0.2520 -0.1938
vn 0.8925 0.2372 -0.3837
vn 0.9481 0.2520 0.1938
vn 0.8925 0.2372 0.3837
vn 0.3689 0.0981 0.9243
vn 0.3765 -0.0047 -0.9264
vn 0.9810 -0.0121 -0.1938
vn 0.9212 -0.0114 -0.3889
vn 0.9810 -0.0121 0.1938
vn 0.9212 -0.0114 0.3889
vn 0.3765 -0.0047 0.9264
vn 0.3393 -0.1577 -0.9274
vn 0.8895 -0.4135 -0.1943
vn 0.8345 -0.3879 -0.3914
vn 0.8895 -0.4135 0.1943
vn 0.8345 -0.3879 0.3914
vn 0.3393 -0.1577 0.9274
vn 0.2462 -0.2848 -0.9264
vn 0.6416 -0.7422 -0.1938
vn 0.6025 -0.6969 -0.3889
vn 0.6416 -0.7422 0.1938
vn 0.6025 -0.6969 0.3889
vn 0.2462 -0.2848 0.9264
vn 0.1628 -0.3452 -0.9243
vn 0.4185 -0.8873 -0.1938
vn 0.3939 -0.8352 -0.3837
vn 0.4185 -0.8873 0.1938
vn 0.3939 -0.8352 0.3837
vn 0.1628 -0.3452 0.9243
vn 0.1493 -0.3521 -0.9240
vn 0.3829 -0.9027 -0.1961
vn 0.3607 -0.8504 -0.3829
vn 0.3829 -0.9027 0.1961
vn 0.3607 -0.8504 0.3829
vn 0.1493 -0.3521 0.9240
vn 0.0432 -0.3632 -0.9307
vn 0.1159 -0.9736 -0.1966
vn 0.1083 -0.9101 -0.4001
vn 0.1159 -0.9736 0.1966
vn 0.1083 -0.9101 0.4001
vn 0.0432 -0.3632 0.9307
vn -0.0638 -0.3771 -0.9240
vn -0.1635 -0.9669 -0.1960
vn -0.1540 -0.9109 -0.3829
vn -0.1635 -0.9669 0.1960
vn -0.1540 -0.9109 0.3829
vn -0.0638 -0.3771 0.9240
vn -0.0770 -0.3740 -0.9242
vn -0.1979 -0.9609 -0.1939
vn -0.1863 -0.9045 -0.3835
vn -0.1979 -0.9609 0.1939
vn -0.1863 -0.9045 0.3835
vn -0.0770 -0.3740 0.9242
vn -0.1627 -0.3411 -0.9258
vn -0.4224 -0.8855 -0.1936
vn -0.3969 -0.8321 -0.3875
vn -0.4224 -0.8855 0.1936
vn -0.3969 -0.8321 0.3875
vn -0.1627 -0.3411 0.9258
vt 0.187500 0.000000
vt 0.312500 0.000000
vt 0.250000 0.000000
vt 0.125000 0.000000
vt 0.375000 0.000000
vt 0.062500 0.000000
vt 0.437500 0.000000
vt 0.000000 0.000000
vt 1.000000 0.000000
vt 0.500000 0.000000
vt 0.562500 0.000000
vt 0.937500 0.000000
vt 0.625000 0.000000
vt 0.875000 0.000000
vt 0.687500 0.000000
vt 0.812500 0.000000
vt 0.750000 0.000000
vt 0.000000 0.200000
vt 0.058824 0.200000
vt 0.058824 0.000000
vt 0.000000 0.400000
vt 0.058824 0.400000
vt 0.000000 0.600000
vt 0.058824 0.600000
vt 0.000000 0.800000
vt 0.058824 0.800000
vt 0.000000 1.000000
vt 0.058824 1.000000
vt 0.117647 0.200000
vt 0.117647 0.000000
vt 0.117647 0.400000
vt 0.117647 0.600000
vt 0.117647 0.800000
vt 0.117647 1.000000
vt 0.176471 0.200000
vt 0.176471 0.000000
vt 0.176471 0.400000
vt 0.176471 0.600000
vt 0.176471 0.800000
vt 0.176471 1.000000
vt 0.235294 0.200000
vt 0.235294 0.000000
vt 0.235294 0.400000
vt 0.235294 0.600000
vt 0.235294 0.800000
vt 0.235294 1.000000
vt 0.294118 0.200000
vt 0.294118 0.000000
vt 0.294118 0.400000
vt 0.294118 0.600000
vt 0.294118 0.800000
vt 0.294118 1.000000
vt 0.352941 0.200000
vt 0.352941 0.000000
vt 0.352941 0.400000
vt 0.352941 0.600000
vt 0.352941 0.800000
vt 0.352941 1.000000
vt 0.411765 0.200000
vt 0.411765 0.000000
vt 0.411765 0.400000
vt 0.411765 0.600000
vt 0.411765 0.800000
vt 0.411765 1.000000
vt 0.470588 0.200000
vt 0.470588 0.000000
vt 0.470588 0.400000
vt 0.470588 0.600000
vt 0.470588 0.800000
vt 0.470588 1.000000
vt 0.529412 0.200000
vt 0.529412 0.000000
vt 0.529412 0.400000
vt 0.529412 0.600000
vt 0.529412 0.800000
vt 0.529412 1.000000
vt 0.588235 0.200000
vt 0.588235 0.000000
vt 0.588235 0.400000
vt 0.588235 0.600000
vt 0.588235 0.800000
vt 0.588235 1.000000
vt 0.647059 0.200000
vt 0.647059 0.000000
vt 0.647059 0.400000
vt 0.647059 0.600000
vt 0.647059 0.800000
vt 0.647059 1.000000
vt 0.705882 0.200000
vt 0.705882 0.000000
vt 0.705882 0.400000
vt 0.705882 0.600000
vt 0.705882 0.800000
vt 0.705882 1.000000
vt 0.764706 0.200000
vt 0.764706 0.000000
vt 0.764706 0.400000
vt 0.764706 0.600000
vt 0.764706 0.800000
vt 0.764706 1.000000
vt 0.823529 0.200000
vt 0.823529 0.000000
vt 0.823529 0.400000
vt 0.823529 0.600000
vt 0.823529 0.800000
vt 0.823529 1.000000
vt 0.882353 0.200000
vt 0.882353 0.000000
vt 0.882353 0.400000
vt 0.882353 0.600000
vt 0.882353 0.800000
vt 0.882353 1.000000
vt 0.941176 0.200000
vt 0.941176 0.000000
vt 0.941176 0.400000
vt 0.941176 0.600000
vt 0.941176 0.800000
vt 0.941176 1.000000
vt 1.000000 0.200000
vt 1.000000 0.400000
vt 1.000000 0.600000
vt 1.000000 0.800000
vt 1.000000 1.000000
s 1
usemtl Gold_|_polished_trim
f 736/863/997 738/864/998 737/865/999
f 735/866/1000 738/864/998 736/863/997
f 735/866/1000 739/867/1001 738/864/998
f 734/868/1002 739/867/1001 735/866/1000
f 734/868/1002 740/869/1003 739/867/1001
f 733/870/1004 740/869/1003 734/868/1002
f 749/871/1005 740/869/1003 733/870/1004
f 749/871/1005 741/872/1006 740/869/1003
f 749/871/1005 742/873/1007 741/872/1006
f 748/874/1008 742/873/1007 749/871/1005
f 748/874/1008 743/875/1009 742/873/1007
f 747/876/1010 743/875/1009 748/874/1008
f 747/876/1010 744/877/1011 743/875/1009
f 746/878/1012 745/879/1013 747/876/1010
f 745/879/1013 744/877/1011 747/876/1010
f 753/863/1014 754/865/1015 755/864/1016
f 752/866/1017 753/863/1014 755/864/1016
f 752/866/1017 755/864/1016 756/867/1018
f 751/868/1019 752/866/1017 756/867/1018
f 751/868/1019 756/867/1018 757/869/1020
f 750/870/1021 751/868/1019 757/869/1020
f 766/871/1022 750/870/1021 757/869/1020
f 766/871/1022 757/869/1020 758/872/1023
f 766/871/1022 758/872/1023 759/873/1024
f 765/874/1025 766/871/1022 759/873/1024
f 765/874/1025 759/873/1024 760/875/1026
f 764/876/1027 765/874/1025 760/875/1026
f 764/876/1027 760/875/1026 761/877/1028
f 763/878/1029 764/876/1027 762/879/1030
f 762/879/1030 764/876/1027 761/877/1028
f 767/880/1031 771/881/1032 751/882/1019 750/870/1021
f 768/883/1033 772/884/1034 771/881/1035 767/880/1036
f 769/885/1037 773/886/1038 772/884/1034 768/883/1033
f 770/887/1039 774/888/1040 773/886/1038 769/885/1037
f 733/889/1004 734/890/1002 774/888/1041 770/887/1042
f 771/881/1032 775/891/1043 752/892/1017 751/882/1019
f 772/884/1034 776/893/1044 775/891/1045 771/881/1035
f 773/886/1038 777/894/1046 776/893/1044 772/884/1034
f 774/888/1040 778/895/1047 777/894/1046 773/886/1038
f 734/890/1002 735/896/1000 778/895/1048 774/888/1041
f 775/891/1043 779/897/1049 753/898/1014 752/892/1017
f 776/893/1044 780/899/1050 779/897/1051 775/891/1045
f 777/894/1046 781/900/1052 780/899/1050 776/893/1044
f 778/895/1047 782/901/1053 781/900/1052 777/894/1046
f 735/896/1000 736/902/997 782/901/1054 778/895/1048
f 779/897/1049 783/903/1055 754/904/1015 753/898/1014
f 780/899/1050 784/905/1056 783/903/1057 779/897/1051
f 781/900/1052 785/906/1058 784/905/1056 780/899/1050
f 782/901/1053 786/907/1059 785/906/1058 781/900/1052
f 736/902/997 737/908/999 786/907/1060 782/901/1054
f 783/903/1061 787/909/1062 755/910/1016 754/904/1015
f 784/905/1063 788/911/1064 787/909/1065 783/903/1065
f 785/906/1066 789/912/1067 788/911/1064 784/905/1063
f 786/907/1068 790/913/1068 789/912/1067 785/906/1066
f 737/908/999 738/914/998 790/913/1069 786/907/1070
f 787/909/1062 791/915/1071 756/916/1018 755/910/1016
f 788/911/1072 792/917/1073 791/915/1074 787/909/1075
f 789/912/1076 793/918/1077 792/917/1073 788/911/1072
f 790/913/1078 794/919/1079 793/918/1077 789/912/1076
f 738/914/998 739/920/1001 794/919/1080 790/913/1069
f 791/915/1071 795/921/1081 757/922/1020 756/916/1018
f 792/917/1073 796/923/1082 795/921/1083 791/915/1074
f 793/918/1077 797/924/1084 796/923/1082 792/917/1073
f 794/919/1079 798/925/1085 797/924/1084 793/918/1077
f 739/920/1001 740/926/1003 798/925/1086 794/919/1080
f 795/921/1081 799/927/1087 758/928/1023 757/922/1020
f 796/923/1082 800/929/1088 799/927/1089 795/921/1083
f 797/924/1084 801/930/1090 800/929/1088 796/923/1082
f 798/925/1085 802/931/1091 801/930/1090 797/924/1084
f 740/926/1003 741/932/1006 802/931/1092 798/925/1086
f 799/927/1087 803/933/1093 759/934/1024 758/928/1023
f 800/929/1088 804/935/1094 803/933/1095 799/927/1089
f 801/930/1090 805/936/1096 804/935/1094 800/929/1088
f 802/931/1091 806/937/1097 805/936/1096 801/930/1090
f 741/932/1006 742/938/1007 806/937/1098 802/931/1092
f 803/933/1093 807/939/1099 760/940/1026 759/934/1024
f 804/935/1094 808/941/1100 807/939/1101 803/933/1095
f 805/936/1096 809/942/1102 808/941/1100 804/935/1094
f 806/937/1097 810/943/1103 809/942/1102 805/936/1096
f 742/938/1007 743/944/1009 810/943/1104 806/937/1098
f 807/939/1099 811/945/1105 761/946/1028 760/940/1026
f 808/941/1100 812/947/1106 811/945/1107 807/939/1101
f 809/942/1102 813/948/1108 812/947/1106 808/941/1100
f 810/943/1103 814/949/1109 813/948/1108 809/942/1102
f 743/944/1009 744/950/1011 814/949/1110 810/943/1104
f 811/945/1105 815/951/1111 762/952/1030 761/946/1028
f 812/947/1106 816/953/1112 815/951/1113 811/945/1107
f 813/948/1108 817/954/1114 816/953/1112 812/947/1106
f 814/949/1109 818/955/1115 817/954/1114 813/948/1108
f 744/950/1011 745/956/1013 818/955/1116 814/949/1110
f 815/951/1111 819/957/1117 763/958/1029 762/952/1030
f 816/953/1112 820/959/1118 819/957/1119 815/951/1113
f 817/954/1114 821/960/1120 820/959/1118 816/953/1112
f 818/955/1115 822/961/1121 821/960/1120 817/954/1114
f 745/956/1013 746/962/1012 822/961/1122 818/955/1116
f 819/957/1117 823/963/1123 764/964/1027 763/958/1029
f 820/959/1118 824/965/1124 823/963/1125 819/957/1119
f 821/960/1120 825/966/1126 824/965/1124 820/959/1118
f 822/961/1121 826/967/1127 825/966/1126 821/960/1120
f 746/962/1012 747/968/1010 826/967/1128 822/961/1122
f 823/963/1123 827/969/1129 765/970/1025 764/964/1027
f 824/965/1124 828/971/1130 827/969/1131 823/963/1125
f 825/966/1126 829/972/1132 828/971/1130 824/965/1124
f 826/967/1127 830/973/1133 829/972/1132 825/966/1126
f 747/968/1010 748/974/1008 830/973/1134 826/967/1128
f 827/969/1129 831/975/1135 766/976/1022 765/970/1025
f 828/971/1130 832/977/1136 831/975/1137 827/969/1131
f 829/972/1132 833/978/1138 832/977/1136 828/971/1130
f 830/973/1133 834/979/1139 833/978/1138 829/972/1132
f 748/974/1008 749/980/1005 834/979/1140 830/973/1134
f 831/975/1135 767/981/1031 750/871/1021 766/976/1022
f 832/977/1136 768/982/1033 767/981/1036 831/975/1137
f 833/978/1138 769/983/1037 768/982/1033 832/977/1136
f 834/979/1139 770/984/1039 769/983/1037 833/978/1138
f 749/980/1005 733/985/1004 770/984/1042 834/979/1140
o Cowl_|_top_hump
v -0.002558 0.092072 0.020000
v -0.003946 0.094196 0.020000
v -0.004502 0.096517 0.020000
v -0.004725 0.098918 0.020000
v -0.005115 0.101279 0.020000
v -0.002155 0.105602 0.020000
v 0.000648 0.109908 0.020000
v 0.003766 0.114248 0.020000
v 0.007673 0.118670 0.020000
v 0.011967 0.122803 0.020000
v 0.016009 0.126169 0.020000
v 0.020359 0.129111 0.020000
v 0.025575 0.131969 0.020000
v 0.033387 0.135326 0.020000
v 0.040578 0.137480 0.020000
v 0.047940 0.139180 0.020000
v 0.056266 0.141176 0.020000
v 0.065743 0.143556 0.020000
v 0.074122 0.145459 0.020000
v 0.082525 0.147266 0.020000
v 0.092072 0.149361 0.020000
v 0.098378 0.150774 0.020000
v 0.104071 0.152038 0.020000
v 0.109519 0.153242 0.020000
v 0.115090 0.154476 0.020000
v 0.122762 0.148338 0.020000
v 0.121176 0.145911 0.020000
v 0.119556 0.143573 0.020000
v 0.118004 0.141059 0.020000
v 0.116624 0.138107 0.020000
v 0.115361 0.132671 0.020000
v 0.115119 0.127604 0.020000
v 0.114606 0.122673 0.020000
v 0.112532 0.117647 0.020000
v 0.109388 0.113703 0.020000
v 0.105866 0.110891 0.020000
v 0.101841 0.108643 0.020000
v 0.097187 0.106394 0.020000
v 0.084174 0.100962 0.020000
v 0.072209 0.097520 0.020000
v 0.059946 0.094935 0.020000
v 0.046036 0.092072 0.020000
v 0.037944 0.090062 0.020000
v 0.030792 0.088267 0.020000
v 0.023590 0.087095 0.020000
v 0.015345 0.086957 0.020000
v 0.010206 0.087204 0.020000
v 0.005593 0.087734 0.020000
v 0.001380 0.089154 0.020000
v -0.002558 0.092072 -0.020000
v -0.003946 0.094196 -0.020000
v -0.004502 0.096517 -0.020000
v -0.004725 0.098918 -0.020000
v -0.005115 0.101279 -0.020000
v -0.002155 0.105602 -0.020000
v 0.000648 0.109908 -0.020000
v 0.003766 0.114248 -0.020000
v 0.007673 0.118670 -0.020000
v 0.011967 0.122803 -0.020000
v 0.016009 0.126169 -0.020000
v 0.020359 0.129111 -0.020000
v 0.025575 0.131969 -0.020000
v 0.033387 0.135326 -0.020000
v 0.040578 0.137480 -0.020000
v 0.047940 0.139180 -0.020000
v 0.056266 0.141176 -0.020000
v 0.065743 0.143556 -0.020000
v 0.074122 0.145459 -0.020000
v 0.082525 0.147266 -0.020000
v 0.092072 0.149361 -0.020000
v 0.098378 0.150774 -0.020000
v 0.104071 0.152038 -0.020000
v 0.109519 0.153242 -0.020000
v 0.115090 0.154476 -0.020000
v 0.122762 0.148338 -0.020000
v 0.121176 0.145911 -0.020000
v 0.119556 0.143573 -0.020000
v 0.118004 0.141059 -0.020000
v 0.116624 0.138107 -0.020000
v 0.115361 0.132671 -0.020000
v 0.115119 0.127604 -0.020000
v 0.114606 0.122673 -0.020000
v 0.112532 0.117647 -0.020000
v 0.109388 0.113703 -0.020000
v 0.105866 0.110891 -0.020000
v 0.101841 0.108643 -0.020000
v 0.097187 0.106394 -0.020000
v 0.084174 0.100962 -0.020000
v 0.072209 0.097520 -0.020000
v 0.059946 0.094935 -0.020000
v 0.046036 0.092072 -0.020000
v 0.037944 0.090062 -0.020000
v 0.030792 0.088267 -0.020000
v 0.023590 0.087095 -0.020000
v 0.015345 0.086957 -0.020000
v 0.010206 0.087204 -0.020000
v 0.005593 0.087734 -0.020000
v 0.001380 0.089154 -0.020000
v -0.005693 0.089115 -0.018243
v -0.006992 0.087890 -0.014000
v -0.006992 0.087890 0.014000
v -0.005693 0.089115 0.018243
v -0.007900 0.092491 -0.018243
v -0.009538 0.091785 -0.014000
v -0.009538 0.091785 0.014000
v -0.007900 0.092491 0.018243
v -0.008699 0.095823 -0.018243
v -0.010437 0.095536 -0.014000
v -0.010437 0.095536 0.014000
v -0.008699 0.095823 0.018243
v -0.008936 0.098375 -0.018243
v -0.010680 0.098151 -0.014000
v -0.010680 0.098151 0.014000
v -0.008936 0.098375 0.018243
v -0.009579 0.102270 -0.018243
v -0.011428 0.102680 -0.014000
v -0.011428 0.102680 0.014000
v -0.009579 0.102270 0.018243
v -0.005683 0.107958 -0.018243
v -0.007145 0.108934 -0.014000
v -0.007145 0.108934 0.014000
v -0.005683 0.107958 0.018243
v -0.002855 0.112304 -0.018243
v -0.004305 0.113297 -0.014000
v -0.004305 0.113297 0.014000
v -0.002855 0.112304 0.018243
v 0.000445 0.116897 -0.018243
v -0.000930 0.117994 -0.014000
v -0.000930 0.117994 0.014000
v 0.000445 0.116897 0.018243
v 0.004607 0.121608 -0.018243
v 0.003337 0.122825 -0.014000
v 0.003337 0.122825 0.014000
v 0.004607 0.121608 0.018243
v 0.009134 0.125965 -0.018243
v 0.007961 0.127275 -0.014000
v 0.007961 0.127275 0.014000
v 0.009134 0.125965 0.018243
v 0.013457 0.129565 -0.018243
v 0.012399 0.130972 -0.014000
v 0.012399 0.130972 0.014000
v 0.013457 0.129565 0.018243
v 0.018146 0.132737 -0.018243
v 0.017230 0.134239 -0.014000
v 0.017230 0.134239 0.014000
v 0.018146 0.132737 0.018243
v 0.023714 0.135787 -0.018243
v 0.022944 0.137369 -0.014000
v 0.022944 0.137369 0.014000
v 0.023714 0.135787 0.018243
v 0.031936 0.139321 -0.018243
v 0.031335 0.140975 -0.014000
v 0.031335 0.140975 0.014000
v 0.031936 0.139321 0.018243
v 0.039491 0.141583 -0.018243
v 0.039040 0.143283 -0.014000
v 0.039040 0.143283 0.014000
v 0.039491 0.141583 0.018243
v 0.046968 0.143310 -0.018243
v 0.046566 0.145021 -0.014000
v 0.046566 0.145021 0.014000
v 0.046968 0.143310 0.018243
v 0.055255 0.145297 -0.018243
v 0.054836 0.147004 -0.014000
v 0.054836 0.147004 0.014000
v 0.055255 0.145297 0.018243
v 0.064756 0.147683 -0.018243
v 0.064348 0.149392 -0.014000
v 0.064348 0.149392 0.014000
v 0.064756 0.147683 0.018243
v 0.073206 0.149601 -0.018243
v 0.072827 0.151317 -0.014000
v 0.072827 0.151317 0.014000
v 0.073206 0.149601 0.018243
v 0.081625 0.151412 -0.018243
v 0.081251 0.153130 -0.014000
v 0.081251 0.153130 0.014000
v 0.081625 0.151412 0.018243
v 0.091153 0.153503 -0.018243
v 0.090773 0.155218 -0.014000
v 0.090773 0.155218 0.014000
v 0.091153 0.153503 0.018243
v 0.097454 0.154915 -0.018243
v 0.097072 0.156630 -0.014000
v 0.097072 0.156630 0.014000
v 0.097454 0.154915 0.018243
v 0.103153 0.156180 -0.018243
v 0.102773 0.157896 -0.014000
v 0.102773 0.157896 0.014000
v 0.103153 0.156180 0.018243
v 0.108602 0.157384 -0.018243
v 0.108223 0.159100 -0.014000
v 0.108223 0.159100 0.014000
v 0.108602 0.157384 0.018243
v 0.116154 0.159057 -0.018243
v 0.116595 0.160955 -0.014000
v 0.116595 0.160955 0.014000
v 0.116154 0.159057 0.018243
v 0.128423 0.149243 -0.018243
v 0.130767 0.149617 -0.014000
v 0.130767 0.149617 0.014000
v 0.128423 0.149243 0.018243
v 0.124696 0.143542 -0.018243
v 0.126154 0.142561 -0.014000
v 0.126154 0.142561 0.014000
v 0.124696 0.143542 0.018243
v 0.123107 0.141249 -0.018243
v 0.124578 0.140286 -0.014000
v 0.124578 0.140286 0.014000
v 0.123107 0.141249 0.018243
v 0.121743 0.139040 -0.018243
v 0.123292 0.138203 -0.014000
v 0.123292 0.138203 0.014000
v 0.121743 0.139040 0.018243
v 0.120656 0.136714 -0.018243
v 0.122326 0.136137 -0.014000
v 0.122326 0.136137 0.014000
v 0.120656 0.136714 0.018243
v 0.119581 0.132085 -0.018243
v 0.121329 0.131842 -0.014000
v 0.121329 0.131842 0.014000
v 0.119581 0.132085 0.018243
v 0.119351 0.127283 -0.018243
v 0.121104 0.127150 -0.014000
v 0.121104 0.127150 0.014000
v 0.119351 0.127283 0.018243
v 0.118762 0.121623 -0.018243
v 0.120484 0.121188 -0.014000
v 0.120484 0.121188 0.014000
v 0.118762 0.121623 0.018243
v 0.116224 0.115473 -0.018243
v 0.117754 0.114572 -0.014000
v 0.117754 0.114572 0.014000
v 0.116224 0.115473 0.018243
v 0.112409 0.110686 -0.018243
v 0.113660 0.109436 -0.014000
v 0.113660 0.109436 0.014000
v 0.112409 0.110686 0.018243
v 0.108240 0.107357 -0.018243
v 0.109224 0.105893 -0.014000
v 0.109224 0.105893 0.014000
v 0.108240 0.107357 0.018243
v 0.103800 0.104877 -0.018243
v 0.104611 0.103318 -0.014000
v 0.104611 0.103318 0.014000
v 0.103800 0.104877 0.018243
v 0.098928 0.102523 -0.018243
v 0.099649 0.100920 -0.014000
v 0.099649 0.100920 0.014000
v 0.098928 0.102523 0.018243
v 0.085582 0.096952 -0.018243
v 0.086166 0.095291 -0.014000
v 0.086166 0.095291 0.014000
v 0.085582 0.096952 0.018243
v 0.073235 0.093400 -0.018243
v 0.073659 0.091694 -0.014000
v 0.073659 0.091694 0.014000
v 0.073235 0.093400 0.018243
v 0.060811 0.090781 -0.018243
v 0.061169 0.089061 -0.014000
v 0.061169 0.089061 0.014000
v 0.060811 0.090781 0.018243
v 0.046975 0.087933 -0.018243
v 0.047364 0.086219 -0.014000
v 0.047364 0.086219 0.014000
v 0.046975 0.087933 0.018243
v 0.038972 0.085946 -0.018243
v 0.039397 0.084241 -0.014000
v 0.039397 0.084241 0.014000
v 0.038972 0.085946 0.018243
v 0.031651 0.084108 -0.018243
v 0.032007 0.082385 -0.014000
v 0.032007 0.082385 0.014000
v 0.031651 0.084108 0.018243
v 0.023968 0.082858 -0.018243
v 0.024125 0.081103 -0.014000
v 0.024125 0.081103 0.014000
v 0.023968 0.082858 0.018243
v 0.015279 0.082712 -0.018243
v 0.015251 0.080954 -0.014000
v 0.015251 0.080954 0.014000
v 0.015279 0.082712 0.018243
v 0.009862 0.082973 -0.018243
v 0.009719 0.081220 -0.014000
v 0.009719 0.081220 0.014000
v 0.009862 0.082973 0.018243
v 0.004663 0.083570 -0.018243
v 0.004278 0.081845 -0.014000
v 0.004278 0.081845 0.014000
v 0.004663 0.083570 0.018243
v -0.000609 0.085347 -0.018243
v -0.001433 0.083770 -0.014000
v -0.001433 0.083770 0.014000
v -0.000609 0.085347 0.018243
vn -0.0421 0.1905 0.9808
vn 0.2116 0.0338 0.9768
vn 0.0511 0.2199 0.9742
vn -0.0422 0.1905 0.9808
vn -0.0425 0.1905 0.9808
vn -0.0422 0.1902 0.9808
vn -0.0414 0.1904 0.9808
vn 0.1632 -0.1098 0.9805
vn -0.0423 0.1912 0.9807
vn 0.1605 -0.1051 0.9814
vn -0.0457 0.1911 0.9805
vn 0.1653 -0.0893 0.9822
vn -0.0463 0.1888 0.9809
vn -0.0446 0.1894 0.9809
vn 0.1717 -0.0593 0.9834
vn -0.0509 0.1922 0.9800
vn 0.1819 -0.0253 0.9830
vn -0.0688 0.1895 0.9795
vn -0.0879 0.1803 0.9797
vn 0.1978 -0.0150 0.9801
vn -0.1044 0.1711 0.9797
vn -0.1207 0.1605 0.9796
vn 0.2038 -0.0515 0.9777
vn -0.1329 0.1484 0.9799
vn -0.1442 0.1382 0.9798
vn 0.1809 -0.1065 0.9777
vn -0.1570 0.1252 0.9796
vn 0.1466 -0.1465 0.9783
vn -0.1632 0.1117 0.9802
vn 0.1139 -0.1696 0.9789
vn 0.0916 -0.1761 0.9801
vn -0.1611 0.1075 0.9811
vn 0.0814 -0.1808 0.9801
vn 0.0668 -0.1903 0.9795
vn -0.2192 0.0487 0.9745
vn -0.1892 -0.0244 0.9816
vn 0.0481 -0.1934 0.9799
vn -0.2004 -0.0331 0.9792
vn 0.0398 -0.1913 0.9807
vn -0.1953 -0.0842 0.9771
vn 0.0426 -0.1879 0.9813
vn -0.1550 -0.1462 0.9770
vn -0.0979 -0.1873 0.9774
vn 0.0472 -0.1891 0.9808
vn 0.0404 -0.1958 0.9798
vn -0.0450 -0.2016 0.9784
vn 0.0181 -0.2024 0.9791
vn -0.0161 -0.1983 0.9800
vn -0.0031 -0.1988 0.9800
vn -0.0421 0.1905 -0.9808
vn 0.0511 0.2199 -0.9742
vn 0.2116 0.0338 -0.9768
vn -0.0422 0.1905 -0.9808
vn -0.0425 0.1905 -0.9808
vn -0.0422 0.1902 -0.9808
vn -0.0414 0.1904 -0.9808
vn 0.1632 -0.1098 -0.9805
vn -0.0423 0.1912 -0.9807
vn 0.1605 -0.1051 -0.9814
vn -0.0457 0.1911 -0.9805
vn 0.1653 -0.0893 -0.9822
vn -0.0463 0.1888 -0.9809
vn -0.0446 0.1894 -0.9809
vn 0.1717 -0.0593 -0.9834
vn -0.0509 0.1922 -0.9800
vn 0.1819 -0.0253 -0.9830
vn -0.0688 0.1895 -0.9795
vn -0.0879 0.1803 -0.9797
vn 0.1978 -0.0150 -0.9801
vn -0.1044 0.1711 -0.9797
vn -0.1207 0.1605 -0.9796
vn 0.2038 -0.0515 -0.9777
vn -0.1329 0.1484 -0.9799
vn -0.1442 0.1382 -0.9798
vn 0.1809 -0.1065 -0.9777
vn -0.1570 0.1252 -0.9796
vn 0.1466 -0.1465 -0.9783
vn -0.1632 0.1117 -0.9802
vn 0.1139 -0.1696 -0.9789
vn 0.0916 -0.1761 -0.9801
vn -0.1611 0.1075 -0.9811
vn 0.0814 -0.1808 -0.9801
vn 0.0668 -0.1903 -0.9795
vn -0.2192 0.0487 -0.9745
vn -0.1892 -0.0244 -0.9816
vn 0.0481 -0.1934 -0.9799
vn -0.2004 -0.0331 -0.9792
vn 0.0398 -0.1913 -0.9807
vn -0.1953 -0.0842 -0.9771
vn 0.0426 -0.1879 -0.9813
vn -0.1550 -0.1462 -0.9770
vn -0.0979 -0.1873 -0.9774
vn 0.0472 -0.1891 -0.9808
vn 0.0404 -0.1958 -0.9798
vn -0.0450 -0.2016 -0.9784
vn 0.0181 -0.2024 -0.9791
vn -0.0161 -0.1983 -0.9800
vn -0.0031 -0.1988 -0.9800
vn -0.2747 -0.2590 -0.9260
vn -0.3470 -0.1496 -0.9259
vn -0.7138 -0.6730 -0.1937
vn -0.9009 -0.3884 -0.1936
vn -0.8465 -0.3650 -0.3876
vn -0.6706 -0.6323 -0.3879
vn -0.7138 -0.6730 0.1937
vn -0.9009 -0.3884 0.1936
vn -0.6706 -0.6323 0.3879
vn -0.8465 -0.3650 0.3876
vn -0.3470 -0.1496 0.9259
vn -0.2747 -0.2590 0.9260
vn -0.3767 -0.0623 -0.9242
vn -0.9679 -0.1601 -0.1939
vn -0.9112 -0.1507 -0.3835
vn -0.9679 -0.1601 0.1939
vn -0.9112 -0.1507 0.3835
vn -0.3767 -0.0623 0.9242
vn -0.3793 -0.0489 -0.9240
vn -0.9726 -0.1253 -0.1960
vn -0.9162 -0.1180 -0.3829
vn -0.9726 -0.1253 0.1960
vn -0.9162 -0.1180 0.3829
vn -0.3793 -0.0489 0.9240
vn -0.3502 0.0777 -0.9334
vn -0.9696 -0.1600 -0.1851
vn -0.9115 -0.1504 -0.3827
vn -0.9696 -0.1600 0.1851
vn -0.9115 -0.1504 0.3827
vn -0.3502 0.0777 0.9334
vn -0.3182 0.2125 -0.9239
vn -0.8108 0.5553 -0.1851
vn -0.8156 0.5446 -0.1954
vn -0.7683 0.5130 -0.3827
vn -0.7623 0.5220 -0.3827
vn -0.8108 0.5553 0.1851
vn -0.8156 0.5446 0.1954
vn -0.7623 0.5220 0.3827
vn -0.7683 0.5130 0.3827
vn -0.3182 0.2125 0.9239
vn -0.3158 0.2160 -0.9239
vn -0.8096 0.5539 -0.1946
vn -0.7625 0.5216 -0.3828
vn -0.8096 0.5539 0.1946
vn -0.7625 0.5216 0.3828
vn -0.3158 0.2160 0.9239
vn -0.2988 0.2384 -0.9241
vn -0.7669 0.6117 -0.1941
vn -0.7221 0.5760 -0.3831
vn -0.7669 0.6117 0.1941
vn -0.7221 0.5760 0.3831
vn -0.2988 0.2384 0.9241
vn -0.2761 0.2646 -0.9240
vn -0.7083 0.6787 -0.1943
vn -0.6670 0.6391 -0.3830
vn -0.7083 0.6787 0.1943
vn -0.6670 0.6391 0.3830
vn -0.2761 0.2646 0.9240
vn -0.2552 0.2849 -0.9240
vn -0.6544 0.7307 -0.1944
vn -0.6163 0.6882 -0.3829
vn -0.6544 0.7307 0.1944
vn -0.6163 0.6882 0.3829
vn -0.2552 0.2849 0.9240
vn -0.2297 0.3056 -0.9240
vn -0.5894 0.7841 -0.1941
vn -0.5550 0.7384 -0.3831
vn -0.5894 0.7841 0.1941
vn -0.5550 0.7384 0.3831
vn -0.2297 0.3056 0.9240
vn -0.1992 0.3264 -0.9240
vn -0.5110 0.8374 -0.1942
vn -0.4812 0.7885 -0.3830
vn -0.5110 0.8374 0.1942
vn -0.4812 0.7885 0.3830
vn -0.1992 0.3264 0.9240
vn -0.1675 0.3437 -0.9240
vn -0.4298 0.8818 -0.1942
vn -0.4047 0.8303 -0.3831
vn -0.4298 0.8818 0.1942
vn -0.4047 0.8303 0.3831
vn -0.1675 0.3437 0.9240
vn -0.1305 0.3592 -0.9241
vn -0.3350 0.9220 -0.1940
vn -0.3154 0.8681 -0.3832
vn -0.3350 0.9220 0.1940
vn -0.3154 0.8681 0.3832
vn -0.1305 0.3592 0.9241
vn -0.0980 0.3698 -0.9239
vn -0.2512 0.9482 -0.1944
vn -0.2366 0.8930 -0.3829
vn -0.2512 0.9482 0.1944
vn -0.2366 0.8930 0.3828
vn -0.0980 0.3698 0.9239
vn -0.0877 0.3725 -0.9239
vn -0.2247 0.9547 -0.1952
vn -0.2116 0.8993 -0.3827
vn -0.2247 0.9547 0.1952
vn -0.2116 0.8993 0.3827
vn -0.0877 0.3725 0.9239
vn -0.0912 0.3716 -0.9239
vn -0.2338 0.9525 -0.1952
vn -0.2202 0.8973 -0.3827
vn -0.2338 0.9525 0.1952
vn -0.2202 0.8973 0.3827
vn -0.0912 0.3716 0.9239
vn -0.0890 0.3722 -0.9239
vn -0.2280 0.9540 -0.1948
vn -0.2148 0.8986 -0.3827
vn -0.2280 0.9540 0.1948
vn -0.2148 0.8986 0.3827
vn -0.0890 0.3722 0.9239
vn -0.0826 0.3737 -0.9239
vn -0.2117 0.9577 -0.1950
vn -0.1994 0.9021 -0.3827
vn -0.2117 0.9577 0.1950
vn -0.1994 0.9021 0.3827
vn -0.0826 0.3737 0.9239
vn -0.0812 0.3740 -0.9239
vn -0.2082 0.9584 -0.1951
vn -0.1961 0.9028 -0.3827
vn -0.2082 0.9584 0.1951
vn -0.1961 0.9028 0.3827
vn -0.0812 0.3740 0.9239
vn -0.0828 0.3736 -0.9239
vn -0.2123 0.9575 -0.1951
vn -0.2000 0.9020 -0.3827
vn -0.2123 0.9575 0.1951
vn -0.2000 0.9020 0.3827
vn -0.0828 0.3736 0.9239
vn -0.0833 0.3735 -0.9239
vn -0.2135 0.9573 -0.1951
vn -0.2011 0.9017 -0.3827
vn -0.2135 0.9573 0.1951
vn -0.2011 0.9017 0.3827
vn -0.0833 0.3735 0.9239
vn -0.2121 0.9576 -0.1951
vn -0.1998 0.9020 -0.3827
vn -0.2121 0.9576 0.1951
vn -0.1998 0.9020 0.3827
vn -0.0827 0.3736 -0.9239
vn -0.2119 0.9576 -0.1951
vn -0.1996 0.9021 -0.3827
vn -0.2119 0.9576 0.1951
vn -0.1996 0.9021 0.3827
vn -0.0827 0.3736 0.9239
vn 0.0792 0.3409 -0.9368
vn -0.2126 0.9598 -0.1831
vn -0.2126 0.9598 0.1831
vn 0.0792 0.3409 0.9368
vn 0.2894 0.0463 -0.9561
vn 0.6141 0.7677 -0.1831
vn 0.6154 0.7693 -0.1718
vn 0.5771 0.7214 -0.3827
vn 0.6141 0.7677 0.1831
vn 0.6154 0.7693 0.1718
vn 0.5771 0.7214 0.3827
vn 0.2894 0.0463 0.9561
vn 0.3174 -0.2137 -0.9239
vn 0.8246 -0.5390 -0.1718
vn 0.8137 -0.5477 -0.1948
vn 0.7664 -0.5159 -0.3827
vn 0.7733 -0.5055 -0.3827
vn 0.8246 -0.5390 0.1718
vn 0.8137 -0.5477 0.1948
vn 0.7733 -0.5055 0.3827
vn 0.7664 -0.5159 0.3827
vn 0.3174 -0.2137 0.9239
vn 0.3201 -0.2095 -0.9239
vn 0.8205 -0.5370 -0.1958
vn 0.7730 -0.5059 -0.3828
vn 0.8205 -0.5370 0.1958
vn 0.7730 -0.5059 0.3828
vn 0.3201 -0.2095 0.9239
vn 0.3362 -0.1816 -0.9241
vn 0.8627 -0.4659 -0.1968
vn 0.8127 -0.4389 -0.3832
vn 0.8627 -0.4659 0.1968
vn 0.8127 -0.4389 0.3832
vn 0.3362 -0.1816 0.9241
vn 0.3600 -0.1244 -0.9246
vn 0.9263 -0.3201 -0.1986
vn 0.8725 -0.3015 -0.3845
vn 0.9263 -0.3201 0.1986
vn 0.8725 -0.3015 0.3845
vn 0.3600 -0.1244 0.9246
vn 0.3777 -0.0525 -0.9244
vn 0.9709 -0.1348 -0.1980
vn 0.9145 -0.1270 -0.3840
vn 0.9709 -0.1348 0.1980
vn 0.9145 -0.1270 0.3840
vn 0.3777 -0.0525 0.9244
vn 0.3815 -0.0289 -0.9239
vn 0.9781 -0.0742 -0.1945
vn 0.9212 -0.0699 -0.3828
vn 0.9781 -0.0742 0.1945
vn 0.9212 -0.0699 0.3828
vn 0.3815 -0.0289 0.9239
vn 0.3677 -0.0929 -0.9253
vn 0.9512 -0.2404 -0.1935
vn 0.8943 -0.2260 -0.3861
vn 0.9512 -0.2404 0.1935
vn 0.8943 -0.2260 0.3861
vn 0.3677 -0.0929 0.9253
vn 0.3270 -0.1925 -0.9252
vn 0.8454 -0.4978 -0.1935
vn 0.7949 -0.4681 -0.3859
vn 0.8454 -0.4978 0.1935
vn 0.7949 -0.4681 0.3859
vn 0.3270 -0.1925 0.9252
vn 0.2693 -0.2690 -0.9247
vn 0.6941 -0.6934 -0.1936
vn 0.6530 -0.6524 -0.3847
vn 0.6941 -0.6934 0.1936
vn 0.6530 -0.6524 0.3847
vn 0.2693 -0.2690 0.9247
vn 0.2128 -0.3167 -0.9243
vn 0.5471 -0.8143 -0.1937
vn 0.5150 -0.7665 -0.3838
vn 0.5471 -0.8143 0.1937
vn 0.5150 -0.7665 0.3838
vn 0.2128 -0.3167 0.9243
vn 0.1765 -0.3394 -0.9239
vn 0.4527 -0.8702 -0.1945
vn 0.4263 -0.8196 -0.3828
vn 0.4527 -0.8702 0.1945
vn 0.4263 -0.8196 0.3828
vn 0.1765 -0.3394 0.9239
vn 0.1570 -0.3489 -0.9239
vn 0.4025 -0.8945 -0.1945
vn 0.3790 -0.8425 -0.3828
vn 0.4025 -0.8945 0.1945
vn 0.3790 -0.8425 0.3828
vn 0.1570 -0.3489 0.9239
vn 0.1266 -0.3605 -0.9241
vn 0.3251 -0.9256 -0.1940
vn 0.3061 -0.8715 -0.3832
vn 0.3251 -0.9256 0.1940
vn 0.3061 -0.8715 0.3832
vn 0.1266 -0.3605 0.9241
vn 0.0924 -0.3711 -0.9240
vn 0.2369 -0.9519 -0.1944
vn 0.2231 -0.8964 -0.3829
vn 0.2369 -0.9519 0.1944
vn 0.2231 -0.8964 0.3829
vn 0.0924 -0.3711 0.9240
vn 0.0780 -0.3746 -0.9239
vn 0.2000 -0.9602 -0.1950
vn 0.1884 -0.9045 -0.3827
vn 0.2000 -0.9602 0.1950
vn 0.1884 -0.9045 0.3827
vn 0.0780 -0.3746 0.9239
vn 0.0847 -0.3731 -0.9239
vn 0.2171 -0.9564 -0.1956
vn 0.2045 -0.9009 -0.3828
vn 0.2171 -0.9564 0.1956
vn 0.2045 -0.9009 0.3828
vn 0.0847 -0.3731 0.9239
vn 0.0927 -0.3713 -0.9239
vn 0.2376 -0.9516 -0.1951
vn 0.2238 -0.8964 -0.3827
vn 0.2376 -0.9516 0.1951
vn 0.2238 -0.8964 0.3827
vn 0.0927 -0.3713 0.9239
vn 0.0773 -0.3745 -0.9240
vn 0.1984 -0.9607 -0.1942
vn 0.1868 -0.9047 -0.3830
vn 0.1984 -0.9607 0.1942
vn 0.1868 -0.9047 0.3830
vn 0.0773 -0.3745 0.9240
vn 0.0339 -0.3803 -0.9242
vn 0.0872 -0.9771 -0.1938
vn 0.0821 -0.9199 -0.3835
vn 0.0872 -0.9771 0.1938
vn 0.0821 -0.9199 0.3835
vn 0.0339 -0.3803 0.9242
vn -0.0060 -0.3825 -0.9240
vn -0.0153 -0.9808 -0.1944
vn -0.0145 -0.9237 -0.3829
vn -0.0153 -0.9808 0.1944
vn -0.0145 -0.9237 0.3829
vn -0.0060 -0.3825 0.9240
vn -0.0310 -0.3812 -0.9240
vn -0.0796 -0.9777 -0.1944
vn -0.0749 -0.9208 -0.3829
vn -0.0796 -0.9777 0.1944
vn -0.0749 -0.9208 0.3829
vn -0.0310 -0.3812 0.9240
vn -0.0830 -0.3717 -0.9246
vn -0.2139 -0.9575 -0.1936
vn -0.2012 -0.9009 -0.3845
vn -0.2139 -0.9575 0.1936
vn -0.2012 -0.9009 0.3845
vn -0.0830 -0.3717 0.9246
vn -0.1754 -0.3356 -0.9255
vn -0.4543 -0.8696 -0.1936
vn -0.4270 -0.8174 -0.3867
vn -0.4543 -0.8696 0.1936
vn -0.4270 -0.8174 0.3867
vn -0.1754 -0.3356 0.9255
vt 0.479167 0.000000
vt 0.520833 0.000000
vt 0.500000 0.000000
vt 0.458333 0.000000
vt 0.437500 0.000000
vt 0.416667 0.000000
vt 0.395833 0.000000
vt 0.541667 0.000000
vt 0.375000 0.000000
vt 0.562500 0.000000
vt 0.354167 0.000000
vt 0.583333 0.000000
vt 0.333333 0.000000
vt 0.312500 0.000000
vt 0.604167 0.000000
vt 0.291667 0.000000
vt 0.625000 0.000000
vt 0.270833 0.000000
vt 0.250000 0.000000
vt 0.645833 0.000000
vt 0.229167 0.000000
vt 0.208333 0.000000
vt 0.666667 0.000000
vt 0.187500 0.000000
vt 0.166667 0.000000
vt 0.687500 0.000000
vt 0.145833 0.000000
vt 0.708333 0.000000
vt 0.125000 0.000000
vt 0.729167 0.000000
vt 0.750000 0.000000
vt 0.104167 0.000000
vt 0.770833 0.000000
vt 0.791667 0.000000
vt 0.083333 0.000000
vt 0.062500 0.000000
vt 0.812500 0.000000
vt 0.041667 0.000000
vt 0.833333 0.000000
vt 0.020833 0.000000
vt 0.854167 0.000000
vt 0.000000 0.000000
vt 1.000000 0.000000
vt 0.875000 0.000000
vt 0.895833 0.000000
vt 0.979167 0.000000
vt 0.916667 0.000000
vt 0.958333 0.000000
vt 0.937500 0.000000
vt 0.000000 0.200000
vt 0.020408 0.200000
vt 0.020408 0.000000
vt 0.000000 0.400000
vt 0.020408 0.400000
vt 0.000000 0.600000
vt 0.020408 0.600000
vt 0.000000 0.800000
vt 0.020408 0.800000
vt 0.000000 1.000000
vt 0.020408 1.000000
vt 0.040816 0.200000
vt 0.040816 0.000000
vt 0.040816 0.400000
vt 0.040816 0.600000
vt 0.040816 0.800000
vt 0.040816 1.000000
vt 0.061224 0.200000
vt 0.061224 0.000000
vt 0.061224 0.400000
vt 0.061224 0.600000
vt 0.061224 0.800000
vt 0.061224 1.000000
vt 0.081633 0.200000
vt 0.081633 0.000000
vt 0.081633 0.400000
vt 0.081633 0.600000
vt 0.081633 0.800000
vt 0.081633 1.000000
vt 0.102041 0.200000
vt 0.102041 0.000000
vt 0.102041 0.400000
vt 0.102041 0.600000
vt 0.102041 0.800000
vt 0.102041 1.000000
vt 0.122449 0.200000
vt 0.122449 0.000000
vt 0.122449 0.400000
vt 0.122449 0.600000
vt 0.122449 0.800000
vt 0.122449 1.000000
vt 0.142857 0.200000
vt 0.142857 0.000000
vt 0.142857 0.400000
vt 0.142857 0.600000
vt 0.142857 0.800000
vt 0.142857 1.000000
vt 0.163265 0.200000
vt 0.163265 0.000000
vt 0.163265 0.400000
vt 0.163265 0.600000
vt 0.163265 0.800000
vt 0.163265 1.000000
vt 0.183673 0.200000
vt 0.183673 0.000000
vt 0.183673 0.400000
vt 0.183673 0.600000
vt 0.183673 0.800000
vt 0.183673 1.000000
vt 0.204082 0.200000
vt 0.204082 0.000000
vt 0.204082 0.400000
vt 0.204082 0.600000
vt 0.204082 0.800000
vt 0.204082 1.000000
vt 0.224490 0.200000
vt 0.224490 0.000000
vt 0.224490 0.400000
vt 0.224490 0.600000
vt 0.224490 0.800000
vt 0.224490 1.000000
vt 0.244898 0.200000
vt 0.244898 0.000000
vt 0.244898 0.400000
vt 0.244898 0.600000
vt 0.244898 0.800000
vt 0.244898 1.000000
vt 0.265306 0.200000
vt 0.265306 0.000000
vt 0.265306 0.400000
vt 0.265306 0.600000
vt 0.265306 0.800000
vt 0.265306 1.000000
vt 0.285714 0.200000
vt 0.285714 0.000000
vt 0.285714 0.400000
vt 0.285714 0.600000
vt 0.285714 0.800000
vt 0.285714 1.000000
vt 0.306122 0.200000
vt 0.306122 0.000000
vt 0.306122 0.400000
vt 0.306122 0.600000
vt 0.306122 0.800000
vt 0.306122 1.000000
vt 0.326531 0.200000
vt 0.326531 0.000000
vt 0.326531 0.400000
vt 0.326531 0.600000
vt 0.326531 0.800000
vt 0.326531 1.000000
vt 0.346939 0.200000
vt 0.346939 0.000000
vt 0.346939 0.400000
vt 0.346939 0.600000
vt 0.346939 0.800000
vt 0.346939 1.000000
vt 0.367347 0.200000
vt 0.367347 0.000000
vt 0.367347 0.400000
vt 0.367347 0.600000
vt 0.367347 0.800000
vt 0.367347 1.000000
vt 0.387755 0.200000
vt 0.387755 0.000000
vt 0.387755 0.400000
vt 0.387755 0.600000
vt 0.387755 0.800000
vt 0.387755 1.000000
vt 0.408163 0.200000
vt 0.408163 0.000000
vt 0.408163 0.400000
vt 0.408163 0.600000
vt 0.408163 0.800000
vt 0.408163 1.000000
vt 0.428571 0.200000
vt 0.428571 0.000000
vt 0.428571 0.400000
vt 0.428571 0.600000
vt 0.428571 0.800000
vt 0.428571 1.000000
vt 0.448980 0.200000
vt 0.448980 0.000000
vt 0.448980 0.400000
vt 0.448980 0.600000
vt 0.448980 0.800000
vt 0.448980 1.000000
vt 0.469388 0.200000
vt 0.469388 0.000000
vt 0.469388 0.400000
vt 0.469388 0.600000
vt 0.469388 0.800000
vt 0.469388 1.000000
vt 0.489796 0.200000
vt 0.489796 0.000000
vt 0.489796 0.400000
vt 0.489796 0.600000
vt 0.489796 0.800000
vt 0.489796 1.000000
vt 0.510204 0.200000
vt 0.510204 0.000000
vt 0.510204 0.400000
vt 0.510204 0.600000
vt 0.510204 0.800000
vt 0.510204 1.000000
vt 0.530612 0.200000
vt 0.530612 0.000000
vt 0.530612 0.400000
vt 0.530612 0.600000
vt 0.530612 0.800000
vt 0.530612 1.000000
vt 0.551020 0.200000
vt 0.551020 0.000000
vt 0.551020 0.400000
vt 0.551020 0.600000
vt 0.551020 0.800000
vt 0.551020 1.000000
vt 0.571429 0.200000
vt 0.571429 0.000000
vt 0.571429 0.400000
vt 0.571429 0.600000
vt 0.571429 0.800000
vt 0.571429 1.000000
vt 0.591837 0.200000
vt 0.591837 0.000000
vt 0.591837 0.400000
vt 0.591837 0.600000
vt 0.591837 0.800000
vt 0.591837 1.000000
vt 0.612245 0.200000
vt 0.612245 0.000000
vt 0.612245 0.400000
vt 0.612245 0.600000
vt 0.612245 0.800000
vt 0.612245 1.000000
vt 0.632653 0.200000
vt 0.632653 0.000000
vt 0.632653 0.400000
vt 0.632653 0.600000
vt 0.632653 0.800000
vt 0.632653 1.000000
vt 0.653061 0.200000
vt 0.653061 0.000000
vt 0.653061 0.400000
vt 0.653061 0.600000
vt 0.653061 0.800000
vt 0.653061 1.000000
vt 0.673469 0.200000
vt 0.673469 0.000000
vt 0.673469 0.400000
vt 0.673469 0.600000
vt 0.673469 0.800000
vt 0.673469 1.000000
vt 0.693878 0.200000
vt 0.693878 0.000000
vt 0.693878 0.400000
vt 0.693878 0.600000
vt 0.693878 0.800000
vt 0.693878 1.000000
vt 0.714286 0.200000
vt 0.714286 0.000000
vt 0.714286 0.400000
vt 0.714286 0.600000
vt 0.714286 0.800000
vt 0.714286 1.000000
vt 0.734694 0.200000
vt 0.734694 0.000000
vt 0.734694 0.400000
vt 0.734694 0.600000
vt 0.734694 0.800000
vt 0.734694 1.000000
vt 0.755102 0.200000
vt 0.755102 0.000000
vt 0.755102 0.400000
vt 0.755102 0.600000
vt 0.755102 0.800000
vt 0.755102 1.000000
vt 0.775510 0.200000
vt 0.775510 0.000000
vt 0.775510 0.400000
vt 0.775510 0.600000
vt 0.775510 0.800000
vt 0.775510 1.000000
vt 0.795918 0.200000
vt 0.795918 0.000000
vt 0.795918 0.400000
vt 0.795918 0.600000
vt 0.795918 0.800000
vt 0.795918 1.000000
vt 0.816327 0.200000
vt 0.816327 0.000000
vt 0.816327 0.400000
vt 0.816327 0.600000
vt 0.816327 0.800000
vt 0.816327 1.000000
vt 0.836735 0.200000
vt 0.836735 0.000000
vt 0.836735 0.400000
vt 0.836735 0.600000
vt 0.836735 0.800000
vt 0.836735 1.000000
vt 0.857143 0.200000
vt 0.857143 0.000000
vt 0.857143 0.400000
vt 0.857143 0.600000
vt 0.857143 0.800000
vt 0.857143 1.000000
vt 0.877551 0.200000
vt 0.877551 0.000000
vt 0.877551 0.400000
vt 0.877551 0.600000
vt 0.877551 0.800000
vt 0.877551 1.000000
vt 0.897959 0.200000
vt 0.897959 0.000000
vt 0.897959 0.400000
vt 0.897959 0.600000
vt 0.897959 0.800000
vt 0.897959 1.000000
vt 0.918367 0.200000
vt 0.918367 0.000000
vt 0.918367 0.400000
vt 0.918367 0.600000
vt 0.918367 0.800000
vt 0.918367 1.000000
vt 0.938776 0.200000
vt 0.938776 0.000000
vt 0.938776 0.400000
vt 0.938776 0.600000
vt 0.938776 0.800000
vt 0.938776 1.000000
vt 0.959184 0.200000
vt 0.959184 0.000000
vt 0.959184 0.400000
vt 0.959184 0.600000
vt 0.959184 0.800000
vt 0.959184 1.000000
vt 0.979592 0.200000
vt 0.979592 0.000000
vt 0.979592 0.400000
vt 0.979592 0.600000
vt 0.979592 0.800000
vt 0.979592 1.000000
vt 1.000000 0.200000
vt 1.000000 0.400000
vt 1.000000 0.600000
vt 1.000000 0.800000
vt 1.000000 1.000000
s 1
usemtl Enamel_|_ivory
f 858/986/1141 860/987/1142 859/988/1143
f 857/989/1144 860/987/1142 858/986/1141
f 856/990/1145 860/987/1142 857/989/1144
f 855/991/1146 860/987/1142 856/990/1145
f 854/992/1147 860/987/1142 855/991/1146
f 854/992/1147 861/993/1148 860/987/1142
f 853/994/1149 861/993/1148 854/992/1147
f 853/994/1149 862/995/1150 861/993/1148
f 852/996/1151 862/995/1150 853/994/1149
f 852/996/1151 863/997/1152 862/995/1150
f 851/998/1153 863/997/1152 852/996/1151
f 850/999/1154 863/997/1152 851/998/1153
f 850/999/1154 864/1000/1155 863/997/1152
f 849/1001/1156 864/1000/1155 850/999/1154
f 849/1001/1156 865/1002/1157 864/1000/1155
f 848/1003/1158 865/1002/1157 849/1001/1156
f 847/1004/1159 865/1002/1157 848/1003/1158
f 847/1004/1159 866/1005/1160 865/1002/1157
f 846/1006/1161 866/1005/1160 847/1004/1159
f 845/1007/1162 866/1005/1160 846/1006/1161
f 845/1007/1162 867/1008/1163 866/1005/1160
f 844/1009/1164 867/1008/1163 845/1007/1162
f 843/1010/1165 867/1008/1163 844/1009/1164
f 843/1010/1165 868/1011/1166 867/1008/1163
f 842/1012/1167 868/1011/1166 843/1010/1165
f 842/1012/1167 869/1013/1168 868/1011/1166
f 841/1014/1169 869/1013/1168 842/1012/1167
f 841/1014/1169 870/1015/1170 869/1013/1168
f 841/1014/1169 871/1016/1171 870/1015/1170
f 840/1017/1172 871/1016/1171 841/1014/1169
f 840/1017/1172 872/1018/1173 871/1016/1171
f 840/1017/1172 873/1019/1174 872/1018/1173
f 839/1020/1175 873/1019/1174 840/1017/1172
f 838/1021/1176 873/1019/1174 839/1020/1175
f 838/1021/1176 874/1022/1177 873/1019/1174
f 837/1023/1178 874/1022/1177 838/1021/1176
f 837/1023/1178 875/1024/1179 874/1022/1177
f 836/1025/1180 875/1024/1179 837/1023/1178
f 836/1025/1180 876/1026/1181 875/1024/1179
f 835/1027/1182 876/1026/1181 836/1025/1180
f 883/1028/1183 876/1026/1181 835/1027/1182
f 883/1028/1183 877/1029/1184 876/1026/1181
f 883/1028/1183 878/1030/1185 877/1029/1184
f 882/1031/1186 878/1030/1185 883/1028/1183
f 882/1031/1186 879/1032/1187 878/1030/1185
f 881/1033/1188 879/1032/1187 882/1031/1186
f 880/1034/1189 879/1032/1187 881/1033/1188
f 907/986/1190 908/988/1191 909/987/1192
f 906/989/1193 907/986/1190 909/987/1192
f 905/990/1194 906/989/1193 909/987/1192
f 904/991/1195 905/990/1194 909/987/1192
f 903/992/1196 904/991/1195 909/987/1192
f 903/992/1196 909/987/1192 910/993/1197
f 902/994/1198 903/992/1196 910/993/1197
f 902/994/1198 910/993/1197 911/995/1199
f 901/996/1200 902/994/1198 911/995/1199
f 901/996/1200 911/995/1199 912/997/1201
f 900/998/1202 901/996/1200 912/997/1201
f 899/999/1203 900/998/1202 912/997/1201
f 899/999/1203 912/997/1201 913/1000/1204
f 898/1001/1205 899/999/1203 913/1000/1204
f 898/1001/1205 913/1000/1204 914/1002/1206
f 897/1003/1207 898/1001/1205 914/1002/1206
f 896/1004/1208 897/1003/1207 914/1002/1206
f 896/1004/1208 914/1002/1206 915/1005/1209
f 895/1006/1210 896/1004/1208 915/1005/1209
f 894/1007/1211 895/1006/1210 915/1005/1209
f 894/1007/1211 915/1005/1209 916/1008/1212
f 893/1009/1213 894/1007/1211 916/1008/1212
f 892/1010/1214 893/1009/1213 916/1008/1212
f 892/1010/1214 916/1008/1212 917/1011/1215
f 891/1012/1216 892/1010/1214 917/1011/1215
f 891/1012/1216 917/1011/1215 918/1013/1217
f 890/1014/1218 891/1012/1216 918/1013/1217
f 890/1014/1218 918/1013/1217 919/1015/1219
f 890/1014/1218 919/1015/1219 920/1016/1220
f 889/1017/1221 890/1014/1218 920/1016/1220
f 889/1017/1221 920/1016/1220 921/1018/1222
f 889/1017/1221 921/1018/1222 922/1019/1223
f 888/1020/1224 889/1017/1221 922/1019/1223
f 887/1021/1225 888/1020/1224 922/1019/1223
f 887/1021/1225 922/1019/1223 923/1022/1226
f 886/1023/1227 887/1021/1225 923/1022/1226
f 886/1023/1227 923/1022/1226 924/1024/1228
f 885/1025/1229 886/1023/1227 924/1024/1228
f 885/1025/1229 924/1024/1228 925/1026/1230
f 884/1027/1231 885/1025/1229 925/1026/1230
f 932/1028/1232 884/1027/1231 925/1026/1230
f 932/1028/1232 925/1026/1230 926/1029/1233
f 932/1028/1232 926/1029/1233 927/1030/1234
f 931/1031/1235 932/1028/1232 927/1030/1234
f 931/1031/1235 927/1030/1234 928/1032/1236
f 930/1033/1237 931/1031/1235 928/1032/1236
f 929/1034/1238 930/1033/1237 928/1032/1236
f 933/1035/1239 937/1036/1240 885/1037/1229 884/1027/1231
f 934/1038/1241 938/1039/1242 937/1036/1243 933/1035/1244
f 935/1040/1245 939/1041/1246 938/1039/1242 934/1038/1241
f 936/1042/1247 940/1043/1248 939/1041/1246 935/1040/1245
f 835/1044/1182 836/1045/1180 940/1043/1249 936/1042/1250
f 937/1036/1240 941/1046/1251 886/1047/1227 885/1037/1229
f 938/1039/1242 942/1048/1252 941/1046/1253 937/1036/1243
f 939/1041/1246 943/1049/1254 942/1048/1252 938/1039/1242
f 940/1043/1248 944/1050/1255 943/1049/1254 939/1041/1246
f 836/1045/1180 837/1051/1178 944/1050/1256 940/1043/1249
f 941/1046/1251 945/1052/1257 887/1053/1225 886/1047/1227
f 942/1048/1252 946/1054/1258 945/1052/1259 941/1046/1253
f 943/1049/1254 947/1055/1260 946/1054/1258 942/1048/1252
f 944/1050/1255 948/1056/1261 947/1055/1260 943/1049/1254
f 837/1051/1178 838/1057/1176 948/1056/1262 944/1050/1256
f 945/1052/1257 949/1058/1263 888/1059/1224 887/1053/1225
f 946/1054/1258 950/1060/1264 949/1058/1265 945/1052/1259
f 947/1055/1260 951/1061/1266 950/1060/1264 946/1054/1258
f 948/1056/1261 952/1062/1267 951/1061/1266 947/1055/1260
f 838/1057/1176 839/1063/1175 952/1062/1268 948/1056/1262
f 949/1058/1263 953/1064/1269 889/1065/1221 888/1059/1224
f 950/1060/1270 954/1066/1271 953/1064/1272 949/1058/1273
f 951/1061/1274 955/1067/1275 954/1066/1271 950/1060/1270
f 952/1062/1276 956/1068/1277 955/1067/1275 951/1061/1274
f 839/1063/1175 840/1069/1172 956/1068/1278 952/1062/1268
f 953/1064/1269 957/1070/1279 890/1071/1218 889/1065/1221
f 954/1066/1271 958/1072/1280 957/1070/1281 953/1064/1272
f 955/1067/1275 959/1073/1282 958/1072/1280 954/1066/1271
f 956/1068/1277 960/1074/1283 959/1073/1282 955/1067/1275
f 840/1069/1172 841/1075/1169 960/1074/1284 956/1068/1278
f 957/1070/1279 961/1076/1285 891/1077/1216 890/1071/1218
f 958/1072/1280 962/1078/1286 961/1076/1287 957/1070/1281
f 959/1073/1282 963/1079/1288 962/1078/1286 958/1072/1280
f 960/1074/1283 964/1080/1289 963/1079/1288 959/1073/1282
f 841/1075/1169 842/1081/1167 964/1080/1290 960/1074/1284
f 961/1076/1285 965/1082/1291 892/1083/1214 891/1077/1216
f 962/1078/1286 966/1084/1292 965/1082/1293 961/1076/1287
f 963/1079/1288 967/1085/1294 966/1084/1292 962/1078/1286
f 964/1080/1289 968/1086/1295 967/1085/1294 963/1079/1288
f 842/1081/1167 843/1087/1165 968/1086/1296 964/1080/1290
f 965/1082/1291 969/1088/1297 893/1089/1213 892/1083/1214
f 966/1084/1292 970/1090/1298 969/1088/1299 965/1082/1293
f 967/1085/1294 971/1091/1300 970/1090/1298 966/1084/1292
f 968/1086/1295 972/1092/1301 971/1091/1300 967/1085/1294
f 843/1087/1165 844/1093/1164 972/1092/1302 968/1086/1296
f 969/1088/1297 973/1094/1303 894/1095/1211 893/1089/1213
f 970/1090/1298 974/1096/1304 973/1094/1305 969/1088/1299
f 971/1091/1300 975/1097/1306 974/1096/1304 970/1090/1298
f 972/1092/1301 976/1098/1307 975/1097/1306 971/1091/1300
f 844/1093/1164 845/1099/1162 976/1098/1308 972/1092/1302
f 973/1094/1303 977/1100/1309 895/1101/1210 894/1095/1211
f 974/1096/1304 978/1102/1310 977/1100/1311 973/1094/1305
f 975/1097/1306 979/1103/1312 978/1102/1310 974/1096/1304
f 976/1098/1307 980/1104/1313 979/1103/1312 975/1097/1306
f 845/1099/1162 846/1105/1161 980/1104/1314 976/1098/1308
f 977/1100/1309 981/1106/1315 896/1107/1208 895/1101/1210
f 978/1102/1310 982/1108/1316 981/1106/1317 977/1100/1311
f 979/1103/1312 983/1109/1318 982/1108/1316 978/1102/1310
f 980/1104/1313 984/1110/1319 983/1109/1318 979/1103/1312
f 846/1105/1161 847/1111/1159 984/1110/1320 980/1104/1314
f 981/1106/1315 985/1112/1321 897/1113/1207 896/1107/1208
f 982/1108/1316 986/1114/1322 985/1112/1323 981/1106/1317
f 983/1109/1318 987/1115/1324 986/1114/1322 982/1108/1316
f 984/1110/1319 988/1116/1325 987/1115/1324 983/1109/1318
f 847/1111/1159 848/1117/1158 988/1116/1326 984/1110/1320
f 985/1112/1321 989/1118/1327 898/1119/1205 897/1113/1207
f 986/1114/1322 990/1120/1328 989/1118/1329 985/1112/1323
f 987/1115/1324 991/1121/1330 990/1120/1328 986/1114/1322
f 988/1116/1325 992/1122/1331 991/1121/1330 987/1115/1324
f 848/1117/1158 849/1123/1156 992/1122/1332 988/1116/1326
f 989/1118/1327 993/1124/1333 899/1125/1203 898/1119/1205
f 990/1120/1328 994/1126/1334 993/1124/1335 989/1118/1329
f 991/1121/1330 995/1127/1336 994/1126/1334 990/1120/1328
f 992/1122/1331 996/1128/1337 995/1127/1336 991/1121/1330
f 849/1123/1156 850/1129/1154 996/1128/1338 992/1122/1332
f 993/1124/1333 997/1130/1339 900/1131/1202 899/1125/1203
f 994/1126/1334 998/1132/1340 997/1130/1341 993/1124/1335
f 995/1127/1336 999/1133/1342 998/1132/1340 994/1126/1334
f 996/1128/1337 1000/1134/1343 999/1133/1342 995/1127/1336
f 850/1129/1154 851/1135/1153 1000/1134/1344 996/1128/1338
f 997/1130/1339 1001/1136/1345 901/1137/1200 900/1131/1202
f 998/1132/1340 1002/1138/1346 1001/1136/1347 997/1130/1341
f 999/1133/1342 1003/1139/1348 1002/1138/1346 998/1132/1340
f 1000/1134/1343 1004/1140/1349 1003/1139/1348 999/1133/1342
f 851/1135/1153 852/1141/1151 1004/1140/1350 1000/1134/1344
f 1001/1136/1345 1005/1142/1351 902/1143/1198 901/1137/1200
f 1002/1138/1346 1006/1144/1352 1005/1142/1353 1001/1136/1347
f 1003/1139/1348 1007/1145/1354 1006/1144/1352 1002/1138/1346
f 1004/1140/1349 1008/1146/1355 1007/1145/1354 1003/1139/1348
f 852/1141/1151 853/1147/1149 1008/1146/1356 1004/1140/1350
f 1005/1142/1351 1009/1148/1357 903/1149/1196 902/1143/1198
f 1006/1144/1352 1010/1150/1358 1009/1148/1359 1005/1142/1353
f 1007/1145/1354 1011/1151/1360 1010/1150/1358 1006/1144/1352
f 1008/1146/1355 1012/1152/1361 1011/1151/1360 1007/1145/1354
f 853/1147/1149 854/1153/1147 1012/1152/1362 1008/1146/1356
f 1009/1148/1357 1013/1154/1363 904/1155/1195 903/1149/1196
f 1010/1150/1358 1014/1156/1364 1013/1154/1365 1009/1148/1359
f 1011/1151/1360 1015/1157/1366 1014/1156/1364 1010/1150/1358
f 1012/1152/1361 1016/1158/1367 1015/1157/1366 1011/1151/1360
f 854/1153/1147 855/1159/1146 1016/1158/1368 1012/1152/1362
f 1013/1154/1363 1017/1160/1369 905/1161/1194 904/1155/1195
f 1014/1156/1364 1018/1162/1370 1017/1160/1371 1013/1154/1365
f 1015/1157/1366 1019/1163/1372 1018/1162/1370 1014/1156/1364
f 1016/1158/1367 1020/1164/1373 1019/1163/1372 1015/1157/1366
f 855/1159/1146 856/1165/1145 1020/1164/1374 1016/1158/1368
f 1017/1160/1369 1021/1166/1363 906/1167/1193 905/1161/1194
f 1018/1162/1370 1022/1168/1375 1021/1166/1376 1017/1160/1371
f 1019/1163/1372 1023/1169/1377 1022/1168/1375 1018/1162/1370
f 1020/1164/1373 1024/1170/1378 1023/1169/1377 1019/1163/1372
f 856/1165/1145 857/1171/1144 1024/1170/1368 1020/1164/1374
f 1021/1166/1363 1025/1172/1379 907/1173/1190 906/1167/1193
f 1022/1168/1375 1026/1174/1380 1025/1172/1381 1021/1166/1376
f 1023/1169/1377 1027/1175/1382 1026/1174/1380 1022/1168/1375
f 1024/1170/1378 1028/1176/1383 1027/1175/1382 1023/1169/1377
f 857/1171/1144 858/1177/1141 1028/1176/1384 1024/1170/1368
f 1025/1172/1379 1029/1178/1385 908/1179/1191 907/1173/1190
f 1026/1174/1380 1030/1180/1386 1029/1178/1376 1025/1172/1381
f 1027/1175/1382 1031/1181/1387 1030/1180/1386 1026/1174/1380
f 1028/1176/1383 1032/1182/1378 1031/1181/1387 1027/1175/1382
f 858/1177/1141 859/1183/1143 1032/1182/1388 1028/1176/1384
f 1029/1178/1385 1033/1184/1389 909/1185/1192 908/1179/1191
f 1030/1180/1390 1034/1186/1391 1033/1184/1392 1029/1178/1392
f 1031/1181/1393 1035/1187/1394 1034/1186/1391 1030/1180/1390
f 1032/1182/1395 1036/1188/1395 1035/1187/1394 1031/1181/1393
f 859/1183/1143 860/1189/1142 1036/1188/1396 1032/1182/1388
f 1033/1184/1389 1037/1190/1397 910/1191/1197 909/1185/1192
f 1034/1186/1398 1038/1192/1399 1037/1190/1400 1033/1184/1401
f 1035/1187/1402 1039/1193/1403 1038/1192/1399 1034/1186/1398
f 1036/1188/1404 1040/1194/1405 1039/1193/1403 1035/1187/1402
f 860/1189/1142 861/1195/1148 1040/1194/1406 1036/1188/1396
f 1037/1190/1397 1041/1196/1407 911/1197/1199 910/1191/1197
f 1038/1192/1399 1042/1198/1408 1041/1196/1409 1037/1190/1400
f 1039/1193/1403 1043/1199/1410 1042/1198/1408 1038/1192/1399
f 1040/1194/1405 1044/1200/1411 1043/1199/1410 1039/1193/1403
f 861/1195/1148 862/1201/1150 1044/1200/1412 1040/1194/1406
f 1041/1196/1407 1045/1202/1413 912/1203/1201 911/1197/1199
f 1042/1198/1408 1046/1204/1414 1045/1202/1415 1041/1196/1409
f 1043/1199/1410 1047/1205/1416 1046/1204/1414 1042/1198/1408
f 1044/1200/1411 1048/1206/1417 1047/1205/1416 1043/1199/1410
f 862/1201/1150 863/1207/1152 1048/1206/1418 1044/1200/1412
f 1045/1202/1413 1049/1208/1419 913/1209/1204 912/1203/1201
f 1046/1204/1414 1050/1210/1420 1049/1208/1421 1045/1202/1415
f 1047/1205/1416 1051/1211/1422 1050/1210/1420 1046/1204/1414
f 1048/1206/1417 1052/1212/1423 1051/1211/1422 1047/1205/1416
f 863/1207/1152 864/1213/1155 1052/1212/1424 1048/1206/1418
f 1049/1208/1419 1053/1214/1425 914/1215/1206 913/1209/1204
f 1050/1210/1420 1054/1216/1426 1053/1214/1427 1049/1208/1421
f 1051/1211/1422 1055/1217/1428 1054/1216/1426 1050/1210/1420
f 1052/1212/1423 1056/1218/1429 1055/1217/1428 1051/1211/1422
f 864/1213/1155 865/1219/1157 1056/1218/1430 1052/1212/1424
f 1053/1214/1425 1057/1220/1431 915/1221/1209 914/1215/1206
f 1054/1216/1426 1058/1222/1432 1057/1220/1433 1053/1214/1427
f 1055/1217/1428 1059/1223/1434 1058/1222/1432 1054/1216/1426
f 1056/1218/1429 1060/1224/1435 1059/1223/1434 1055/1217/1428
f 865/1219/1157 866/1225/1160 1060/1224/1436 1056/1218/1430
f 1057/1220/1431 1061/1226/1437 916/1227/1212 915/1221/1209
f 1058/1222/1432 1062/1228/1438 1061/1226/1439 1057/1220/1433
f 1059/1223/1434 1063/1229/1440 1062/1228/1438 1058/1222/1432
f 1060/1224/1435 1064/1230/1441 1063/1229/1440 1059/1223/1434
f 866/1225/1160 867/1231/1163 1064/1230/1442 1060/1224/1436
f 1061/1226/1437 1065/1232/1443 917/1233/1215 916/1227/1212
f 1062/1228/1438 1066/1234/1444 1065/1232/1445 1061/1226/1439
f 1063/1229/1440 1067/1235/1446 1066/1234/1444 1062/1228/1438
f 1064/1230/1441 1068/1236/1447 1067/1235/1446 1063/1229/1440
f 867/1231/1163 868/1237/1166 1068/1236/1448 1064/1230/1442
f 1065/1232/1443 1069/1238/1449 918/1239/1217 917/1233/1215
f 1066/1234/1444 1070/1240/1450 1069/1238/1451 1065/1232/1445
f 1067/1235/1446 1071/1241/1452 1070/1240/1450 1066/1234/1444
f 1068/1236/1447 1072/1242/1453 1071/1241/1452 1067/1235/1446
f 868/1237/1166 869/1243/1168 1072/1242/1454 1068/1236/1448
f 1069/1238/1449 1073/1244/1455 919/1245/1219 918/1239/1217
f 1070/1240/1450 1074/1246/1456 1073/1244/1457 1069/1238/1451
f 1071/1241/1452 1075/1247/1458 1074/1246/1456 1070/1240/1450
f 1072/1242/1453 1076/1248/1459 1075/1247/1458 1071/1241/1452
f 869/1243/1168 870/1249/1170 1076/1248/1460 1072/1242/1454
f 1073/1244/1455 1077/1250/1461 920/1251/1220 919/1245/1219
f 1074/1246/1456 1078/1252/1462 1077/1250/1463 1073/1244/1457
f 1075/1247/1458 1079/1253/1464 1078/1252/1462 1074/1246/1456
f 1076/1248/1459 1080/1254/1465 1079/1253/1464 1075/1247/1458
f 870/1249/1170 871/1255/1171 1080/1254/1466 1076/1248/1460
f 1077/1250/1461 1081/1256/1467 921/1257/1222 920/1251/1220
f 1078/1252/1462 1082/1258/1468 1081/1256/1469 1077/1250/1463
f 1079/1253/1464 1083/1259/1470 1082/1258/1468 1078/1252/1462
f 1080/1254/1465 1084/1260/1471 1083/1259/1470 1079/1253/1464
f 871/1255/1171 872/1261/1173 1084/1260/1472 1080/1254/1466
f 1081/1256/1467 1085/1262/1473 922/1263/1223 921/1257/1222
f 1082/1258/1468 1086/1264/1474 1085/1262/1475 1081/1256/1469
f 1083/1259/1470 1087/1265/1476 1086/1264/1474 1082/1258/1468
f 1084/1260/1471 1088/1266/1477 1087/1265/1476 1083/1259/1470
f 872/1261/1173 873/1267/1174 1088/1266/1478 1084/1260/1472
f 1085/1262/1473 1089/1268/1479 923/1269/1226 922/1263/1223
f 1086/1264/1474 1090/1270/1480 1089/1268/1481 1085/1262/1475
f 1087/1265/1476 1091/1271/1482 1090/1270/1480 1086/1264/1474
f 1088/1266/1477 1092/1272/1483 1091/1271/1482 1087/1265/1476
f 873/1267/1174 874/1273/1177 1092/1272/1484 1088/1266/1478
f 1089/1268/1479 1093/1274/1485 924/1275/1228 923/1269/1226
f 1090/1270/1480 1094/1276/1486 1093/1274/1487 1089/1268/1481
f 1091/1271/1482 1095/1277/1488 1094/1276/1486 1090/1270/1480
f 1092/1272/1483 1096/1278/1489 1095/1277/1488 1091/1271/1482
f 874/1273/1177 875/1279/1179 1096/1278/1490 1092/1272/1484
f 1093/1274/1485 1097/1280/1491 925/1281/1230 924/1275/1228
f 1094/1276/1486 1098/1282/1492 1097/1280/1493 1093/1274/1487
f 1095/1277/1488 1099/1283/1494 1098/1282/1492 1094/1276/1486
f 1096/1278/1489 1100/1284/1495 1099/1283/1494 1095/1277/1488
f 875/1279/1179 876/1285/1181 1100/1284/1496 1096/1278/1490
f 1097/1280/1491 1101/1286/1497 926/1287/1233 925/1281/1230
f 1098/1282/1492 1102/1288/1498 1101/1286/1499 1097/1280/1493
f 1099/1283/1494 1103/1289/1500 1102/1288/1498 1098/1282/1492
f 1100/1284/1495 1104/1290/1501 1103/1289/1500 1099/1283/1494
f 876/1285/1181 877/1291/1184 1104/1290/1502 1100/1284/1496
f 1101/1286/1497 1105/1292/1503 927/1293/1234 926/1287/1233
f 1102/1288/1498 1106/1294/1504 1105/1292/1505 1101/1286/1499
f 1103/1289/1500 1107/1295/1506 1106/1294/1504 1102/1288/1498
f 1104/1290/1501 1108/1296/1507 1107/1295/1506 1103/1289/1500
f 877/1291/1184 878/1297/1185 1108/1296/1508 1104/1290/1502
f 1105/1292/1503 1109/1298/1509 928/1299/1236 927/1293/1234
f 1106/1294/1504 1110/1300/1510 1109/1298/1511 1105/1292/1505
f 1107/1295/1506 1111/1301/1512 1110/1300/1510 1106/1294/1504
f 1108/1296/1507 1112/1302/1513 1111/1301/1512 1107/1295/1506
f 878/1297/1185 879/1303/1187 1112/1302/1514 1108/1296/1508
f 1109/1298/1509 1113/1304/1515 929/1305/1238 928/1299/1236
f 1110/1300/1510 1114/1306/1516 1113/1304/1517 1109/1298/1511
f 1111/1301/1512 1115/1307/1518 1114/1306/1516 1110/1300/1510
f 1112/1302/1513 1116/1308/1519 1115/1307/1518 1111/1301/1512
f 879/1303/1187 880/1309/1189 1116/1308/1520 1112/1302/1514
f 1113/1304/1515 1117/1310/1521 930/1311/1237 929/1305/1238
f 1114/1306/1516 1118/1312/1522 1117/1310/1523 1113/1304/1517
f 1115/1307/1518 1119/1313/1524 1118/1312/1522 1114/1306/1516
f 1116/1308/1519 1120/1314/1525 1119/1313/1524 1115/1307/1518
f 880/1309/1189 881/1315/1188 1120/1314/1526 1116/1308/1520
f 1117/1310/1521 1121/1316/1527 931/1317/1235 930/1311/1237
f 1118/1312/1522 1122/1318/1528 1121/1316/1529 1117/1310/1523
f 1119/1313/1524 1123/1319/1530 1122/1318/1528 1118/1312/1522
f 1120/1314/1525 1124/1320/1531 1123/1319/1530 1119/1313/1524
f 881/1315/1188 882/1321/1186 1124/1320/1532 1120/1314/1526
f 1121/1316/1527 1125/1322/1533 932/1323/1232 931/1317/1235
f 1122/1318/1528 1126/1324/1534 1125/1322/1535 1121/1316/1529
f 1123/1319/1530 1127/1325/1536 1126/1324/1534 1122/1318/1528
f 1124/1320/1531 1128/1326/1537 1127/1325/1536 1123/1319/1530
f 882/1321/1186 883/1327/1183 1128/1326/1538 1124/1320/1532
f 1125/1322/1533 933/1328/1239 884/1028/1231 932/1323/1232
f 1126/1324/1534 934/1329/1241 933/1328/1244 1125/1322/1535
f 1127/1325/1536 935/1330/1245 934/1329/1241 1126/1324/1534
f 1128/1326/1537 936/1331/1247 935/1330/1245 1127/1325/1536
f 883/1327/1183 835/1332/1182 936/1331/1250 1128/1326/1538
o Cowl_|_gold_nose
v -0.003069 0.090026 0.020000
v -0.007161 0.102302 0.020000
v 0.009207 0.119693 0.020000
v 0.012514 0.118271 0.020000
v 0.015981 0.117094 0.020000
v 0.019129 0.115426 0.020000
v 0.021483 0.112532 0.020000
v 0.023301 0.107043 0.020000
v 0.023457 0.101654 0.020000
v 0.021858 0.096588 0.020000
v 0.018414 0.092072 0.020000
v 0.013484 0.089403 0.020000
v 0.008065 0.089131 0.020000
v 0.002449 0.089818 0.020000
v -0.003069 0.090026 -0.020000
v -0.007161 0.102302 -0.020000
v 0.009207 0.119693 -0.020000
v 0.012514 0.118271 -0.020000
v 0.015981 0.117094 -0.020000
v 0.019129 0.115426 -0.020000
v 0.021483 0.112532 -0.020000
v 0.023301 0.107043 -0.020000
v 0.023457 0.101654 -0.020000
v 0.021858 0.096588 -0.020000
v 0.018414 0.092072 -0.020000
v 0.013484 0.089403 -0.020000
v 0.008065 0.089131 -0.020000
v 0.002449 0.089818 -0.020000
v -0.005133 0.087273 -0.018828
v -0.005988 0.086132 -0.016000
v -0.005988 0.086132 0.016000
v -0.005133 0.087273 0.018828
v -0.010379 0.103010 -0.018828
v -0.011711 0.103303 -0.016000
v -0.011711 0.103303 0.016000
v -0.010379 0.103010 0.018828
v 0.008505 0.123074 -0.018828
v 0.008214 0.124474 -0.016000
v 0.008214 0.124474 0.016000
v 0.008505 0.123074 0.018828
v 0.013529 0.120913 -0.018828
v 0.013950 0.122008 -0.016000
v 0.013950 0.122008 0.016000
v 0.013529 0.120913 0.018828
v 0.017104 0.119699 -0.018828
v 0.017570 0.120778 -0.016000
v 0.017570 0.120778 0.016000
v 0.017104 0.119699 0.018828
v 0.020961 0.117657 -0.018828
v 0.021719 0.118581 -0.016000
v 0.021719 0.118581 0.016000
v 0.020961 0.117657 0.018828
v 0.024005 0.113914 -0.018828
v 0.025050 0.114487 -0.016000
v 0.025050 0.114487 0.016000
v 0.024005 0.113914 0.018828
v 0.026116 0.107539 -0.018828
v 0.027283 0.107745 -0.016000
v 0.027283 0.107745 0.016000
v 0.026116 0.107539 0.018828
v 0.026298 0.101258 -0.018828
v 0.027475 0.101094 -0.016000
v 0.027475 0.101094 0.016000
v 0.026298 0.101258 0.018828
v 0.024407 0.095266 -0.018828
v 0.025463 0.094718 -0.016000
v 0.025463 0.094718 0.016000
v 0.024407 0.095266 0.018828
v 0.020295 0.089873 -0.018828
v 0.021074 0.088963 -0.016000
v 0.021074 0.088963 0.016000
v 0.020295 0.089873 0.018828
v 0.014267 0.086610 -0.018828
v 0.014591 0.085454 -0.016000
v 0.014591 0.085454 0.016000
v 0.014267 0.086610 0.018828
v 0.007963 0.086294 -0.018828
v 0.007921 0.085119 -0.016000
v 0.007921 0.085119 0.016000
v 0.007963 0.086294 0.018828
v 0.002224 0.086996 -0.018828
v 0.002130 0.085827 -0.016000
v 0.002130 0.085827 0.016000
v 0.002224 0.086996 0.018828
vn -0.2199 0.0484 0.9743
vn 0.0682 0.1776 0.9817
vn -0.0453 0.2182 0.9749
vn 0.0808 0.1873 0.9790
vn 0.1364 0.1661 0.9766
vn 0.1872 0.1026 0.9770
vn 0.2072 0.0365 0.9776
vn 0.2102 -0.0293 0.9772
vn -0.1338 -0.1785 0.9748
vn 0.1888 -0.0980 0.9771
vn 0.1403 -0.1640 0.9764
vn 0.0584 -0.2086 0.9763
vn -0.0151 -0.1893 0.9818
vn -0.0073 -0.2045 0.9788
vn -0.2199 0.0484 -0.9743
vn -0.0453 0.2182 -0.9749
vn 0.0682 0.1776 -0.9817
vn 0.0808 0.1873 -0.9790
vn 0.1364 0.1661 -0.9766
vn 0.1872 0.1026 -0.9770
vn 0.2072 0.0365 -0.9776
vn 0.2102 -0.0293 -0.9772
vn -0.1338 -0.1785 -0.9748
vn 0.1888 -0.0980 -0.9771
vn 0.1403 -0.1640 -0.9764
vn 0.0584 -0.2086 -0.9763
vn -0.0154 -0.6145 -0.7888
vn -0.0000 -0.8090 -0.5878
vn -0.0073 -0.2045 -0.9788
vn -0.1934 -0.2579 -0.9466
vn -0.3272 0.0720 -0.9422
vn -0.9336 -0.3112 -0.1775
vn -0.9332 -0.3111 -0.1800
vn -0.8765 -0.2922 -0.3827
vn -0.9336 -0.3112 0.1775
vn -0.9332 -0.3111 0.1800
vn -0.8765 -0.2922 0.3827
vn -0.3272 0.0720 0.9422
vn -0.1934 -0.2579 0.9466
vn -0.0653 0.3146 -0.9470
vn -0.7163 0.6742 -0.1800
vn -0.7167 0.6745 -0.1773
vn -0.6728 0.6332 -0.3827
vn -0.7163 0.6742 0.1800
vn -0.7167 0.6745 0.1773
vn -0.6728 0.6332 0.3827
vn -0.0653 0.3146 0.9470
vn 0.1371 0.3570 -0.9240
vn 0.3888 0.9041 -0.1773
vn 0.3516 0.9154 -0.1962
vn 0.3313 0.8623 -0.3829
vn 0.3650 0.8487 -0.3827
vn 0.3888 0.9041 0.1773
vn 0.3516 0.9154 0.1962
vn 0.3650 0.8487 0.3827
vn 0.3313 0.8623 0.3829
vn 0.1371 0.3570 0.9240
vn 0.1512 0.3504 -0.9243
vn 0.3886 0.9008 -0.1938
vn 0.3657 0.8479 -0.3837
vn 0.3886 0.9008 0.1938
vn 0.3657 0.8479 0.3837
vn 0.1512 0.3504 0.9243
vn 0.2387 0.2907 -0.9266
vn 0.6226 0.7582 -0.1939
vn 0.5845 0.7119 -0.3893
vn 0.6226 0.7582 0.1939
vn 0.5845 0.7119 0.3893
vn 0.2387 0.2907 0.9266
vn 0.3309 0.1813 -0.9261
vn 0.8603 0.4715 -0.1937
vn 0.8082 0.4429 -0.3881
vn 0.8603 0.4715 0.1937
vn 0.8082 0.4429 0.3881
vn 0.3309 0.1813 0.9261
vn 0.3735 0.0658 -0.9253
vn 0.9662 0.1702 -0.1935
vn 0.9084 0.1600 -0.3862
vn 0.9662 0.1702 0.1935
vn 0.9084 0.1600 0.3862
vn 0.3735 0.0658 0.9253
vn 0.3745 -0.0522 -0.9258
vn 0.9717 -0.1353 -0.1936
vn 0.9131 -0.1272 -0.3873
vn 0.9717 -0.1353 0.1936
vn 0.9131 -0.1272 0.3873
vn 0.3745 -0.0522 0.9258
vn 0.3354 -0.1740 -0.9259
vn 0.8709 -0.4518 -0.1936
vn 0.8183 -0.4245 -0.3876
vn 0.8709 -0.4518 0.1936
vn 0.8183 -0.4245 0.3876
vn 0.3354 -0.1740 0.9259
vn 0.2440 -0.2852 -0.9269
vn 0.6377 -0.7454 -0.1940
vn 0.5986 -0.6997 -0.3901
vn 0.6377 -0.7454 0.1940
vn 0.5986 -0.6997 0.3901
vn 0.2440 -0.2852 0.9269
vn 0.1010 -0.3607 -0.9272
vn 0.2646 -0.9446 -0.1942
vn 0.2483 -0.8863 -0.3909
vn 0.2646 -0.9446 0.1942
vn 0.2483 -0.8863 0.3909
vn 0.1010 -0.3607 0.9272
vn -0.0136 -0.3812 -0.9244
vn -0.0351 -0.9804 -0.1937
vn -0.0330 -0.9228 -0.3839
vn -0.0351 -0.9804 0.1937
vn -0.0330 -0.9228 0.3839
vn -0.0136 -0.3812 0.9244
vn -0.0304 -0.3812 -0.9240
vn -0.0780 -0.9774 -0.1963
vn -0.0735 -0.9208 -0.3830
vn -0.0780 -0.9774 0.1963
vn -0.0735 -0.9208 0.3830
vn -0.0304 -0.3812 0.9240
vn -0.0370 -0.9834 -0.1775
vn -0.0347 -0.9232 -0.3827
vn -0.0370 -0.9834 0.1775
vn -0.0347 -0.9232 0.3827
vt 0.076923 0.000000
vt 0.230769 0.000000
vt 0.153846 0.000000
vt 0.307692 0.000000
vt 0.384615 0.000000
vt 0.461538 0.000000
vt 0.538462 0.000000
vt 0.615385 0.000000
vt 0.000000 0.000000
vt 0.692308 0.000000
vt 0.769231 0.000000
vt 0.846154 0.000000
vt 1.000000 0.000000
vt 0.923077 0.000000
vt 0.000000 0.200000
vt 0.071429 0.200000
vt 0.071429 0.000000
vt 0.000000 0.400000
vt 0.071429 0.400000
vt 0.000000 0.600000
vt 0.071429 0.600000
vt 0.000000 0.800000
vt 0.071429 0.800000
vt 0.000000 1.000000
vt 0.071429 1.000000
vt 0.142857 0.200000
vt 0.142857 0.000000
vt 0.142857 0.400000
vt 0.142857 0.600000
vt 0.142857 0.800000
vt 0.142857 1.000000
vt 0.214286 0.200000
vt 0.214286 0.000000
vt 0.214286 0.400000
vt 0.214286 0.600000
vt 0.214286 0.800000
vt 0.214286 1.000000
vt 0.285714 0.200000
vt 0.285714 0.000000
vt 0.285714 0.400000
vt 0.285714 0.600000
vt 0.285714 0.800000
vt 0.285714 1.000000
vt 0.357143 0.200000
vt 0.357143 0.000000
vt 0.357143 0.400000
vt 0.357143 0.600000
vt 0.357143 0.800000
vt 0.357143 1.000000
vt 0.428571 0.200000
vt 0.428571 0.000000
vt 0.428571 0.400000
vt 0.428571 0.600000
vt 0.428571 0.800000
vt 0.428571 1.000000
vt 0.500000 0.200000
vt 0.500000 0.000000
vt 0.500000 0.400000
vt 0.500000 0.600000
vt 0.500000 0.800000
vt 0.500000 1.000000
vt 0.571429 0.200000
vt 0.571429 0.000000
vt 0.571429 0.400000
vt 0.571429 0.600000
vt 0.571429 0.800000
vt 0.571429 1.000000
vt 0.642857 0.200000
vt 0.642857 0.000000
vt 0.642857 0.400000
vt 0.642857 0.600000
vt 0.642857 0.800000
vt 0.642857 1.000000
vt 0.714286 0.200000
vt 0.714286 0.000000
vt 0.714286 0.400000
vt 0.714286 0.600000
vt 0.714286 0.800000
vt 0.714286 1.000000
vt 0.785714 0.200000
vt 0.785714 0.000000
vt 0.785714 0.400000
vt 0.785714 0.600000
vt 0.785714 0.800000
vt 0.785714 1.000000
vt 0.857143 0.200000
vt 0.857143 0.000000
vt 0.857143 0.400000
vt 0.857143 0.600000
vt 0.857143 0.800000
vt 0.857143 1.000000
vt 0.928571 0.200000
vt 0.928571 0.000000
vt 0.928571 0.400000
vt 0.928571 0.600000
vt 0.928571 0.800000
vt 0.928571 1.000000
vt 1.000000 0.200000
vt 1.000000 0.400000
vt 1.000000 0.600000
vt 1.000000 0.800000
vt 1.000000 1.000000
s 1
usemtl Gold_|_polished_trim
f 1130/1333/1539 1132/1334/1540 1131/1335/1541
f 1130/1333/1539 1133/1336/1542 1132/1334/1540
f 1130/1333/1539 1134/1337/1543 1133/1336/1542
f 1130/1333/1539 1135/1338/1544 1134/1337/1543
f 1130/1333/1539 1136/1339/1545 1135/1338/1544
f 1130/1333/1539 1137/1340/1546 1136/1339/1545
f 1129/1341/1547 1137/1340/1546 1130/1333/1539
f 1129/1341/1547 1138/1342/1548 1137/1340/1546
f 1129/1341/1547 1139/1343/1549 1138/1342/1548
f 1129/1341/1547 1140/1344/1550 1139/1343/1549
f 1142/1345/1551 1140/1344/1550 1129/1341/1547
f 1141/1346/1552 1140/1344/1550 1142/1345/1551
f 1144/1333/1553 1145/1335/1554 1146/1334/1555
f 1144/1333/1553 1146/1334/1555 1147/1336/1556
f 1144/1333/1553 1147/1336/1556 1148/1337/1557
f 1144/1333/1553 1148/1337/1557 1149/1338/1558
f 1144/1333/1553 1149/1338/1558 1150/1339/1559
f 1144/1333/1553 1150/1339/1559 1151/1340/1560
f 1143/1341/1561 1144/1333/1553 1151/1340/1560
f 1143/1341/1561 1151/1340/1560 1152/1342/1562
f 1143/1341/1561 1152/1342/1562 1153/1343/1563
f 1143/1341/1561 1153/1343/1563 1154/1344/1564
f 1156/1345/1565 1143/1341/1561 1154/1344/1566
f 1155/1346/1567 1156/1345/1565 1154/1344/1564
f 1157/1347/1568 1161/1348/1569 1144/1349/1553 1143/1341/1561
f 1158/1350/1570 1162/1351/1571 1161/1348/1572 1157/1347/1572
f 1159/1352/1573 1163/1353/1574 1162/1351/1571 1158/1350/1570
f 1160/1354/1575 1164/1355/1575 1163/1353/1574 1159/1352/1573
f 1129/1356/1547 1130/1357/1539 1164/1355/1576 1160/1354/1577
f 1161/1348/1569 1165/1358/1578 1145/1359/1554 1144/1349/1553
f 1162/1351/1579 1166/1360/1580 1165/1358/1581 1161/1348/1581
f 1163/1353/1582 1167/1361/1583 1166/1360/1580 1162/1351/1579
f 1164/1355/1584 1168/1362/1584 1167/1361/1583 1163/1353/1582
f 1130/1357/1539 1131/1363/1541 1168/1362/1585 1164/1355/1576
f 1165/1358/1578 1169/1364/1586 1146/1365/1555 1145/1359/1554
f 1166/1360/1587 1170/1366/1588 1169/1364/1589 1165/1358/1590
f 1167/1361/1591 1171/1367/1592 1170/1366/1588 1166/1360/1587
f 1168/1362/1593 1172/1368/1594 1171/1367/1592 1167/1361/1591
f 1131/1363/1541 1132/1369/1540 1172/1368/1595 1168/1362/1585
f 1169/1364/1586 1173/1370/1596 1147/1371/1556 1146/1365/1555
f 1170/1366/1588 1174/1372/1597 1173/1370/1598 1169/1364/1589
f 1171/1367/1592 1175/1373/1599 1174/1372/1597 1170/1366/1588
f 1172/1368/1594 1176/1374/1600 1175/1373/1599 1171/1367/1592
f 1132/1369/1540 1133/1375/1542 1176/1374/1601 1172/1368/1595
f 1173/1370/1596 1177/1376/1602 1148/1377/1557 1147/1371/1556
f 1174/1372/1597 1178/1378/1603 1177/1376/1604 1173/1370/1598
f 1175/1373/1599 1179/1379/1605 1178/1378/1603 1174/1372/1597
f 1176/1374/1600 1180/1380/1606 1179/1379/1605 1175/1373/1599
f 1133/1375/1542 1134/1381/1543 1180/1380/1607 1176/1374/1601
f 1177/1376/1602 1181/1382/1608 1149/1383/1558 1148/1377/1557
f 1178/1378/1603 1182/1384/1609 1181/1382/1610 1177/1376/1604
f 1179/1379/1605 1183/1385/1611 1182/1384/1609 1178/1378/1603
f 1180/1380/1606 1184/1386/1612 1183/1385/1611 1179/1379/1605
f 1134/1381/1543 1135/1387/1544 1184/1386/1613 1180/1380/1607
f 1181/1382/1608 1185/1388/1614 1150/1389/1559 1149/1383/1558
f 1182/1384/1609 1186/1390/1615 1185/1388/1616 1181/1382/1610
f 1183/1385/1611 1187/1391/1617 1186/1390/1615 1182/1384/1609
f 1184/1386/1612 1188/1392/1618 1187/1391/1617 1183/1385/1611
f 1135/1387/1544 1136/1393/1545 1188/1392/1619 1184/1386/1613
f 1185/1388/1614 1189/1394/1620 1151/1395/1560 1150/1389/1559
f 1186/1390/1615 1190/1396/1621 1189/1394/1622 1185/1388/1616
f 1187/1391/1617 1191/1397/1623 1190/1396/1621 1186/1390/1615
f 1188/1392/1618 1192/1398/1624 1191/1397/1623 1187/1391/1617
f 1136/1393/1545 1137/1399/1546 1192/1398/1625 1188/1392/1619
f 1189/1394/1620 1193/1400/1626 1152/1401/1562 1151/1395/1560
f 1190/1396/1621 1194/1402/1627 1193/1400/1628 1189/1394/1622
f 1191/1397/1623 1195/1403/1629 1194/1402/1627 1190/1396/1621
f 1192/1398/1624 1196/1404/1630 1195/1403/1629 1191/1397/1623
f 1137/1399/1546 1138/1405/1548 1196/1404/1631 1192/1398/1625
f 1193/1400/1626 1197/1406/1632 1153/1407/1563 1152/1401/1562
f 1194/1402/1627 1198/1408/1633 1197/1406/1634 1193/1400/1628
f 1195/1403/1629 1199/1409/1635 1198/1408/1633 1194/1402/1627
f 1196/1404/1630 1200/1410/1636 1199/1409/1635 1195/1403/1629
f 1138/1405/1548 1139/1411/1549 1200/1410/1637 1196/1404/1631
f 1197/1406/1632 1201/1412/1638 1154/1413/1564 1153/1407/1563
f 1198/1408/1633 1202/1414/1639 1201/1412/1640 1197/1406/1634
f 1199/1409/1635 1203/1415/1641 1202/1414/1639 1198/1408/1633
f 1200/1410/1636 1204/1416/1642 1203/1415/1641 1199/1409/1635
f 1139/1411/1549 1140/1417/1550 1204/1416/1643 1200/1410/1637
f 1201/1412/1638 1205/1418/1644 1155/1419/1567 1154/1413/1564
f 1202/1414/1639 1206/1420/1645 1205/1418/1646 1201/1412/1640
f 1203/1415/1641 1207/1421/1647 1206/1420/1645 1202/1414/1639
f 1204/1416/1642 1208/1422/1648 1207/1421/1647 1203/1415/1641
f 1140/1417/1550 1141/1423/1552 1208/1422/1649 1204/1416/1643
f 1205/1418/1644 1209/1424/1650 1156/1425/1565 1155/1419/1567
f 1206/1420/1645 1210/1426/1651 1209/1424/1652 1205/1418/1646
f 1207/1421/1647 1211/1427/1653 1210/1426/1651 1206/1420/1645
f 1208/1422/1648 1212/1428/1654 1211/1427/1653 1207/1421/1647
f 1141/1423/1552 1142/1429/1551 1212/1428/1655 1208/1422/1649
f 1209/1424/1650 1157/1430/1568 1143/1345/1561 1156/1425/1565
f 1210/1426/1651 1158/1431/1656 1157/1430/1657 1209/1424/1652
f 1211/1427/1653 1159/1432/1658 1158/1431/1656 1210/1426/1651
f 1212/1428/1654 1160/1433/1659 1159/1432/1658 1211/1427/1653
f 1142/1429/1551 1129/1434/1547 1160/1433/1577 1212/1428/1655
o Cowl_|_gold_hook
v 0.109463 0.143223 0.018000
v 0.107217 0.144851 0.018000
v 0.105053 0.146357 0.018000
v 0.103559 0.148086 0.018000
v 0.103325 0.150384 0.018000
v 0.105145 0.153171 0.018000
v 0.108353 0.154425 0.018000
v 0.112116 0.155064 0.018000
v 0.115601 0.156010 0.018000
v 0.124808 0.149361 0.018000
v 0.123848 0.145927 0.018000
v 0.123187 0.142251 0.018000
v 0.121929 0.139061 0.018000
v 0.119182 0.137084 0.018000
v 0.116326 0.137092 0.018000
v 0.113982 0.138574 0.018000
v 0.111809 0.140846 0.018000
v 0.109463 0.143223 -0.018000
v 0.107217 0.144851 -0.018000
v 0.105053 0.146357 -0.018000
v 0.103559 0.148086 -0.018000
v 0.103325 0.150384 -0.018000
v 0.105145 0.153171 -0.018000
v 0.108353 0.154425 -0.018000
v 0.112116 0.155064 -0.018000
v 0.115601 0.156010 -0.018000
v 0.124808 0.149361 -0.018000
v 0.123848 0.145927 -0.018000
v 0.123187 0.142251 -0.018000
v 0.121929 0.139061 -0.018000
v 0.119182 0.137084 -0.018000
v 0.116326 0.137092 -0.018000
v 0.113982 0.138574 -0.018000
v 0.111809 0.140846 -0.018000
v 0.108076 0.141608 -0.017121
v 0.107501 0.140939 -0.015000
v 0.107501 0.140939 0.015000
v 0.108076 0.141608 0.017121
v 0.105989 0.143122 -0.017121
v 0.105480 0.142406 -0.015000
v 0.105480 0.142406 0.015000
v 0.105989 0.143122 0.017121
v 0.103622 0.144768 -0.017121
v 0.103030 0.144110 -0.015000
v 0.103030 0.144110 0.015000
v 0.103622 0.144768 0.017121
v 0.101516 0.147205 -0.017121
v 0.100670 0.146840 -0.015000
v 0.100670 0.146840 0.015000
v 0.101516 0.147205 0.017121
v 0.101138 0.150915 -0.017121
v 0.100233 0.151135 -0.015000
v 0.100233 0.151135 0.015000
v 0.101138 0.150915 0.017121
v 0.103740 0.154900 -0.017121
v 0.103158 0.155616 -0.015000
v 0.103158 0.155616 0.015000
v 0.103740 0.154900 0.017121
v 0.107783 0.156480 -0.017121
v 0.107547 0.157331 -0.015000
v 0.107547 0.157331 0.015000
v 0.107783 0.156480 0.017121
v 0.111659 0.157138 -0.017121
v 0.111470 0.157997 -0.015000
v 0.111470 0.157997 0.015000
v 0.111659 0.157138 0.017121
v 0.116022 0.158323 -0.017121
v 0.116197 0.159281 -0.015000
v 0.116197 0.159281 0.015000
v 0.116022 0.158323 0.017121
v 0.127249 0.150214 -0.017121
v 0.128261 0.150568 -0.015000
v 0.128261 0.150568 0.015000
v 0.127249 0.150214 0.017121
v 0.125918 0.145453 -0.017121
v 0.126776 0.145256 -0.015000
v 0.126776 0.145256 0.015000
v 0.125918 0.145453 0.017121
v 0.125237 0.141669 -0.017121
v 0.126087 0.141427 -0.015000
v 0.126087 0.141427 0.015000
v 0.125237 0.141669 0.017121
v 0.123674 0.137703 -0.017121
v 0.124397 0.137140 -0.015000
v 0.124397 0.137140 0.015000
v 0.123674 0.137703 0.017121
v 0.119863 0.134961 -0.017121
v 0.120145 0.134082 -0.015000
v 0.120145 0.134082 0.015000
v 0.119863 0.134961 0.017121
v 0.115709 0.134972 -0.017121
v 0.115453 0.134094 -0.015000
v 0.115453 0.134094 0.015000
v 0.115709 0.134972 0.017121
v 0.112629 0.136920 -0.017121
v 0.112068 0.136234 -0.015000
v 0.112068 0.136234 0.015000
v 0.112629 0.136920 0.017121
v 0.110287 0.139367 -0.017121
v 0.109657 0.138755 -0.015000
v 0.109657 0.138755 0.015000
v 0.110287 0.139367 0.017121
vn -0.0407 0.1847 0.9820
vn 0.2104 0.0736 0.9748
vn 0.0405 0.2221 0.9742
vn -0.0551 0.1988 0.9785
vn -0.1399 0.1721 0.9751
vn -0.2168 0.0527 0.9748
vn -0.2035 -0.0877 0.9751
vn 0.1845 -0.0423 0.9819
vn -0.1395 -0.1550 0.9780
vn -0.1123 -0.1581 0.9810
vn 0.1981 -0.0563 0.9786
vn -0.1203 -0.1401 0.9828
vn -0.1392 -0.1353 0.9810
vn 0.1740 -0.1355 0.9754
vn -0.1318 -0.1611 0.9781
vn 0.0678 -0.2113 0.9751
vn -0.0616 -0.2115 0.9754
vn -0.0407 0.1847 -0.9820
vn 0.0405 0.2221 -0.9742
vn 0.2104 0.0736 -0.9748
vn -0.0551 0.1988 -0.9785
vn -0.1399 0.1721 -0.9751
vn -0.2168 0.0527 -0.9748
vn -0.2035 -0.0877 -0.9751
vn 0.1845 -0.0423 -0.9819
vn -0.1395 -0.1550 -0.9780
vn -0.1123 -0.1581 -0.9810
vn 0.1981 -0.0563 -0.9786
vn -0.1203 -0.1401 -0.9828
vn -0.1392 -0.1353 -0.9810
vn 0.1740 -0.1355 -0.9754
vn -0.1318 -0.1611 -0.9781
vn 0.0678 -0.2113 -0.9751
vn -0.0616 -0.2115 -0.9754
vn -0.2487 -0.2894 -0.9243
vn -0.2216 -0.3120 -0.9239
vn -0.6388 -0.7435 -0.1977
vn -0.5680 -0.7995 -0.1953
vn -0.5351 -0.7531 -0.3827
vn -0.6018 -0.7004 -0.3838
vn -0.6388 -0.7435 0.1977
vn -0.5680 -0.7995 0.1953
vn -0.6018 -0.7004 0.3838
vn -0.5351 -0.7531 0.3827
vn -0.2216 -0.3120 0.9239
vn -0.2487 -0.2894 0.9243
vn -0.2543 -0.2825 -0.9249
vn -0.6564 -0.7292 -0.1935
vn -0.6174 -0.6858 -0.3853
vn -0.6564 -0.7292 0.1935
vn -0.6174 -0.6858 0.3853
vn -0.2543 -0.2825 0.9249
vn -0.3374 -0.1455 -0.9301
vn -0.9004 -0.3883 -0.1961
vn -0.8423 -0.3632 -0.3984
vn -0.9004 -0.3883 0.1961
vn -0.8423 -0.3632 0.3984
vn -0.3374 -0.1455 0.9301
vn -0.3535 0.0859 -0.9315
vn -0.9774 -0.0996 -0.1864
vn -0.9191 -0.0936 -0.3827
vn -0.9774 -0.0996 0.1864
vn -0.9191 -0.0936 0.3827
vn -0.3535 0.0859 0.9315
vn -0.2314 0.2848 -0.9302
vn -0.8227 0.5371 -0.1864
vn -0.6184 0.7609 -0.1962
vn -0.5784 0.7116 -0.3989
vn -0.7736 0.5050 -0.3827
vn -0.8227 0.5371 0.1864
vn -0.6184 0.7609 0.1962
vn -0.7736 0.5050 0.3827
vn -0.5784 0.7116 0.3989
vn -0.2314 0.2848 0.9302
vn -0.1018 0.3671 -0.9246
vn -0.2620 0.9454 -0.1936
vn -0.2466 0.8896 -0.3844
vn -0.2620 0.9454 0.1936
vn -0.2466 0.8896 0.3844
vn -0.1018 0.3671 0.9246
vn -0.0822 0.3734 -0.9240
vn -0.2108 0.9576 -0.1965
vn -0.1986 0.9021 -0.3831
vn -0.2108 0.9576 0.1965
vn -0.1986 0.9021 0.3831
vn -0.0822 0.3734 0.9240
vn 0.0628 0.3445 -0.9367
vn -0.2576 0.9487 -0.1832
vn -0.2421 0.8916 -0.3827
vn -0.2576 0.9487 0.1832
vn -0.2421 0.8916 0.3827
vn 0.0628 0.3445 0.9367
vn 0.3037 0.1062 -0.9468
vn 0.5756 0.7970 -0.1832
vn 0.5762 0.7978 -0.1774
vn 0.5409 0.7490 -0.3827
vn 0.5756 0.7970 0.1832
vn 0.5762 0.7978 0.1774
vn 0.5409 0.7490 0.3827
vn 0.3037 0.1062 0.9468
vn 0.3727 -0.0854 -0.9240
vn 0.9478 -0.2649 -0.1774
vn 0.9557 -0.2191 -0.1964
vn 0.9004 -0.2064 -0.3830
vn 0.8898 -0.2487 -0.3827
vn 0.9478 -0.2649 0.1774
vn 0.9557 -0.2191 0.1964
vn 0.8898 -0.2487 0.3827
vn 0.9004 -0.2064 0.3830
vn 0.3727 -0.0854 0.9240
vn 0.3666 -0.1041 -0.9245
vn 0.9437 -0.2681 -0.1936
vn 0.8881 -0.2523 -0.3843
vn 0.9437 -0.2681 0.1936
vn 0.8881 -0.2523 0.3843
vn 0.3666 -0.1041 0.9245
vn 0.2914 -0.2268 -0.9293
vn 0.7739 -0.6023 -0.1955
vn 0.7245 -0.5639 -0.3964
vn 0.7739 -0.6023 0.1955
vn 0.7245 -0.5639 0.3964
vn 0.2914 -0.2268 0.9293
vn 0.1120 -0.3491 -0.9304
vn 0.2996 -0.9336 -0.1963
vn 0.2802 -0.8730 -0.3992
vn 0.2996 -0.9336 0.1963
vn 0.2802 -0.8730 0.3992
vn 0.1120 -0.3491 0.9304
vn -0.1033 -0.3551 -0.9291
vn -0.2741 -0.9417 -0.1954
vn -0.2566 -0.8817 -0.3959
vn -0.2741 -0.9417 0.1954
vn -0.2566 -0.8817 0.3959
vn -0.1033 -0.3551 0.9291
vn -0.2408 -0.2943 -0.9249
vn -0.6213 -0.7593 -0.1935
vn -0.5844 -0.7142 -0.3851
vn -0.6213 -0.7593 0.1935
vn -0.5844 -0.7142 0.3851
vn -0.2408 -0.2943 0.9249
vn -0.2744 -0.2667 -0.9239
vn -0.7034 -0.6835 -0.1953
vn -0.6626 -0.6438 -0.3827
vn -0.7034 -0.6835 0.1953
vn -0.6626 -0.6438 0.3827
vn -0.2744 -0.2667 0.9239
vt 0.437500 0.000000
vt 0.562500 0.000000
vt 0.500000 0.000000
vt 0.375000 0.000000
vt 0.312500 0.000000
vt 0.250000 0.000000
vt 0.187500 0.000000
vt 0.625000 0.000000
vt 0.125000 0.000000
vt 0.062500 0.000000
vt 0.687500 0.000000
vt 0.000000 0.000000
vt 1.000000 0.000000
vt 0.750000 0.000000
vt 0.937500 0.000000
vt 0.812500 0.000000
vt 0.875000 0.000000
vt 0.000000 0.200000
vt 0.058824 0.200000
vt 0.058824 0.000000
vt 0.000000 0.400000
vt 0.058824 0.400000
vt 0.000000 0.600000
vt 0.058824 0.600000
vt 0.000000 0.800000
vt 0.058824 0.800000
vt 0.000000 1.000000
vt 0.058824 1.000000
vt 0.117647 0.200000
vt 0.117647 0.000000
vt 0.117647 0.400000
vt 0.117647 0.600000
vt 0.117647 0.800000
vt 0.117647 1.000000
vt 0.176471 0.200000
vt 0.176471 0.000000
vt 0.176471 0.400000
vt 0.176471 0.600000
vt 0.176471 0.800000
vt 0.176471 1.000000
vt 0.235294 0.200000
vt 0.235294 0.000000
vt 0.235294 0.400000
vt 0.235294 0.600000
vt 0.235294 0.800000
vt 0.235294 1.000000
vt 0.294118 0.200000
vt 0.294118 0.000000
vt 0.294118 0.400000
vt 0.294118 0.600000
vt 0.294118 0.800000
vt 0.294118 1.000000
vt 0.352941 0.200000
vt 0.352941 0.000000
vt 0.352941 0.400000
vt 0.352941 0.600000
vt 0.352941 0.800000
vt 0.352941 1.000000
vt 0.411765 0.200000
vt 0.411765 0.000000
vt 0.411765 0.400000
vt 0.411765 0.600000
vt 0.411765 0.800000
vt 0.411765 1.000000
vt 0.470588 0.200000
vt 0.470588 0.000000
vt 0.470588 0.400000
vt 0.470588 0.600000
vt 0.470588 0.800000
vt 0.470588 1.000000
vt 0.529412 0.200000
vt 0.529412 0.000000
vt 0.529412 0.400000
vt 0.529412 0.600000
vt 0.529412 0.800000
vt 0.529412 1.000000
vt 0.588235 0.200000
vt 0.588235 0.000000
vt 0.588235 0.400000
vt 0.588235 0.600000
vt 0.588235 0.800000
vt 0.588235 1.000000
vt 0.647059 0.200000
vt 0.647059 0.000000
vt 0.647059 0.400000
vt 0.647059 0.600000
vt 0.647059 0.800000
vt 0.647059 1.000000
vt 0.705882 0.200000
vt 0.705882 0.000000
vt 0.705882 0.400000
vt 0.705882 0.600000
vt 0.705882 0.800000
vt 0.705882 1.000000
vt 0.764706 0.200000
vt 0.764706 0.000000
vt 0.764706 0.400000
vt 0.764706 0.600000
vt 0.764706 0.800000
vt 0.764706 1.000000
vt 0.823529 0.200000
vt 0.823529 0.000000
vt 0.823529 0.400000
vt 0.823529 0.600000
vt 0.823529 0.800000
vt 0.823529 1.000000
vt 0.882353 0.200000
vt 0.882353 0.000000
vt 0.882353 0.400000
vt 0.882353 0.600000
vt 0.882353 0.800000
vt 0.882353 1.000000
vt 0.941176 0.200000
vt 0.941176 0.000000
vt 0.941176 0.400000
vt 0.941176 0.600000
vt 0.941176 0.800000
vt 0.941176 1.000000
vt 1.000000 0.200000
vt 1.000000 0.400000
vt 1.000000 0.600000
vt 1.000000 0.800000
vt 1.000000 1.000000
s 1
usemtl Gold_|_polished_trim
f 1220/1435/1660 1222/1436/1661 1221/1437/1662
f 1219/1438/1663 1222/1436/1661 1220/1435/1660
f 1218/1439/1664 1222/1436/1661 1219/1438/1663
f 1217/1440/1665 1222/1436/1661 1218/1439/1664
f 1216/1441/1666 1222/1436/1661 1217/1440/1665
f 1216/1441/1666 1223/1442/1667 1222/1436/1661
f 1215/1443/1668 1223/1442/1667 1216/1441/1666
f 1214/1444/1669 1223/1442/1667 1215/1443/1668
f 1214/1444/1669 1224/1445/1670 1223/1442/1667
f 1213/1446/1671 1224/1445/1670 1214/1444/1669
f 1229/1447/1672 1224/1445/1670 1213/1446/1671
f 1229/1447/1672 1225/1448/1673 1224/1445/1670
f 1228/1449/1674 1225/1448/1673 1229/1447/1672
f 1228/1449/1674 1226/1450/1675 1225/1448/1673
f 1227/1451/1676 1226/1450/1675 1228/1449/1674
f 1237/1435/1677 1238/1437/1678 1239/1436/1679
f 1236/1438/1680 1237/1435/1677 1239/1436/1679
f 1235/1439/1681 1236/1438/1680 1239/1436/1679
f 1234/1440/1682 1235/1439/1681 1239/1436/1679
f 1233/1441/1683 1234/1440/1682 1239/1436/1679
f 1233/1441/1683 1239/1436/1679 1240/1442/1684
f 1232/1443/1685 1233/1441/1683 1240/1442/1684
f 1231/1444/1686 1232/1443/1685 1240/1442/1684
f 1231/1444/1686 1240/1442/1684 1241/1445/1687
f 1230/1446/1688 1231/1444/1686 1241/1445/1687
f 1246/1447/1689 1230/1446/1688 1241/1445/1687
f 1246/1447/1689 1241/1445/1687 1242/1448/1690
f 1245/1449/1691 1246/1447/1689 1242/1448/1690
f 1245/1449/1691 1242/1448/1690 1243/1450/1692
f 1244/1451/1693 1245/1449/1691 1243/1450/1692
f 1247/1452/1694 1251/1453/1695 1231/1454/1686 1230/1446/1688
f 1248/1455/1696 1252/1456/1697 1251/1453/1698 1247/1452/1699
f 1249/1457/1700 1253/1458/1701 1252/1456/1697 1248/1455/1696
f 1250/1459/1702 1254/1460/1703 1253/1458/1701 1249/1457/1700
f 1213/1461/1671 1214/1462/1669 1254/1460/1704 1250/1459/1705
f 1251/1453/1695 1255/1463/1706 1232/1464/1685 1231/1454/1686
f 1252/1456/1697 1256/1465/1707 1255/1463/1708 1251/1453/1698
f 1253/1458/1701 1257/1466/1709 1256/1465/1707 1252/1456/1697
f 1254/1460/1703 1258/1467/1710 1257/1466/1709 1253/1458/1701
f 1214/1462/1669 1215/1468/1668 1258/1467/1711 1254/1460/1704
f 1255/1463/1706 1259/1469/1712 1233/1470/1683 1232/1464/1685
f 1256/1465/1707 1260/1471/1713 1259/1469/1714 1255/1463/1708
f 1257/1466/1709 1261/1472/1715 1260/1471/1713 1256/1465/1707
f 1258/1467/1710 1262/1473/1716 1261/1472/1715 1257/1466/1709
f 1215/1468/1668 1216/1474/1666 1262/1473/1717 1258/1467/1711
f 1259/1469/1712 1263/1475/1718 1234/1476/1682 1233/1470/1683
f 1260/1471/1713 1264/1477/1719 1263/1475/1720 1259/1469/1714
f 1261/1472/1715 1265/1478/1721 1264/1477/1719 1260/1471/1713
f 1262/1473/1716 1266/1479/1722 1265/1478/1721 1261/1472/1715
f 1216/1474/1666 1217/1480/1665 1266/1479/1723 1262/1473/1717
f 1263/1475/1718 1267/1481/1724 1235/1482/1681 1234/1476/1682
f 1264/1477/1725 1268/1483/1726 1267/1481/1727 1263/1475/1728
f 1265/1478/1729 1269/1484/1730 1268/1483/1726 1264/1477/1725
f 1266/1479/1731 1270/1485/1732 1269/1484/1730 1265/1478/1729
f 1217/1480/1665 1218/1486/1664 1270/1485/1733 1266/1479/1723
f 1267/1481/1724 1271/1487/1734 1236/1488/1680 1235/1482/1681
f 1268/1483/1726 1272/1489/1735 1271/1487/1736 1267/1481/1727
f 1269/1484/1730 1273/1490/1737 1272/1489/1735 1268/1483/1726
f 1270/1485/1732 1274/1491/1738 1273/1490/1737 1269/1484/1730
f 1218/1486/1664 1219/1492/1663 1274/1491/1739 1270/1485/1733
f 1271/1487/1734 1275/1493/1740 1237/1494/1677 1236/1488/1680
f 1272/1489/1735 1276/1495/1741 1275/1493/1742 1271/1487/1736
f 1273/1490/1737 1277/1496/1743 1276/1495/1741 1272/1489/1735
f 1274/1491/1738 1278/1497/1744 1277/1496/1743 1273/1490/1737
f 1219/1492/1663 1220/1498/1660 1278/1497/1745 1274/1491/1739
f 1275/1493/1740 1279/1499/1746 1238/1500/1678 1237/1494/1677
f 1276/1495/1741 1280/1501/1747 1279/1499/1748 1275/1493/1742
f 1277/1496/1743 1281/1502/1749 1280/1501/1747 1276/1495/1741
f 1278/1497/1744 1282/1503/1750 1281/1502/1749 1277/1496/1743
f 1220/1498/1660 1221/1504/1662 1282/1503/1751 1278/1497/1745
f 1279/1499/1746 1283/1505/1752 1239/1506/1679 1238/1500/1678
f 1280/1501/1753 1284/1507/1754 1283/1505/1755 1279/1499/1755
f 1281/1502/1756 1285/1508/1757 1284/1507/1754 1280/1501/1753
f 1282/1503/1758 1286/1509/1758 1285/1508/1757 1281/1502/1756
f 1221/1504/1662 1222/1510/1661 1286/1509/1759 1282/1503/1751
f 1283/1505/1752 1287/1511/1760 1240/1512/1684 1239/1506/1679
f 1284/1507/1761 1288/1513/1762 1287/1511/1763 1283/1505/1764
f 1285/1508/1765 1289/1514/1766 1288/1513/1762 1284/1507/1761
f 1286/1509/1767 1290/1515/1768 1289/1514/1766 1285/1508/1765
f 1222/1510/1661 1223/1516/1667 1290/1515/1769 1286/1509/1759
f 1287/1511/1760 1291/1517/1770 1241/1518/1687 1240/1512/1684
f 1288/1513/1762 1292/1519/1771 1291/1517/1772 1287/1511/1763
f 1289/1514/1766 1293/1520/1773 1292/1519/1771 1288/1513/1762
f 1290/1515/1768 1294/1521/1774 1293/1520/1773 1289/1514/1766
f 1223/1516/1667 1224/1522/1670 1294/1521/1775 1290/1515/1769
f 1291/1517/1770 1295/1523/1776 1242/1524/1690 1241/1518/1687
f 1292/1519/1771 1296/1525/1777 1295/1523/1778 1291/1517/1772
f 1293/1520/1773 1297/1526/1779 1296/1525/1777 1292/1519/1771
f 1294/1521/1774 1298/1527/1780 1297/1526/1779 1293/1520/1773
f 1224/1522/1670 1225/1528/1673 1298/1527/1781 1294/1521/1775
f 1295/1523/1776 1299/1529/1782 1243/1530/1692 1242/1524/1690
f 1296/1525/1777 1300/1531/1783 1299/1529/1784 1295/1523/1778
f 1297/1526/1779 1301/1532/1785 1300/1531/1783 1296/1525/1777
f 1298/1527/1780 1302/1533/1786 1301/1532/1785 1297/1526/1779
f 1225/1528/1673 1226/1534/1675 1302/1533/1787 1298/1527/1781
f 1299/1529/1782 1303/1535/1788 1244/1536/1693 1243/1530/1692
f 1300/1531/1783 1304/1537/1789 1303/1535/1790 1299/1529/1784
f 1301/1532/1785 1305/1538/1791 1304/1537/1789 1300/1531/1783
f 1302/1533/1786 1306/1539/1792 1305/1538/1791 1301/1532/1785
f 1226/1534/1675 1227/1540/1676 1306/1539/1793 1302/1533/1787
f 1303/1535/1788 1307/1541/1794 1245/1542/1691 1244/1536/1693
f 1304/1537/1789 1308/1543/1795 1307/1541/1796 1303/1535/1790
f 1305/1538/1791 1309/1544/1797 1308/1543/1795 1304/1537/1789
f 1306/1539/1792 1310/1545/1798 1309/1544/1797 1305/1538/1791
f 1227/1540/1676 1228/1546/1674 1310/1545/1799 1306/1539/1793
f 1307/1541/1794 1311/1547/1800 1246/1548/1689 1245/1542/1691
f 1308/1543/1795 1312/1549/1801 1311/1547/1802 1307/1541/1796
f 1309/1544/1797 1313/1550/1803 1312/1549/1801 1308/1543/1795
f 1310/1545/1798 1314/1551/1804 1313/1550/1803 1309/1544/1797
f 1228/1546/1674 1229/1552/1672 1314/1551/1805 1310/1545/1799
f 1311/1547/1800 1247/1553/1694 1230/1447/1688 1246/1548/1689
f 1312/1549/1801 1248/1554/1696 1247/1553/1699 1311/1547/1802
f 1313/1550/1803 1249/1555/1700 1248/1554/1696 1312/1549/1801
f 1314/1551/1804 1250/1556/1702 1249/1555/1700 1313/1550/1803
f 1229/1552/1672 1213/1557/1671 1250/1556/1705 1314/1551/1805
o Top_rail
v 0.318159 0.107928 0.008000
v 0.127877 0.107928 0.008000
v 0.130946 0.115601 0.008000
v 0.312020 0.115601 0.008000
v 0.318159 0.107928 -0.008000
v 0.127877 0.107928 -0.008000
v 0.130946 0.115601 -0.008000
v 0.312020 0.115601 -0.008000
v 0.321101 0.106514 -0.007414
v 0.322320 0.105928 -0.006000
v 0.322320 0.105928 0.006000
v 0.321101 0.106514 0.007414
v 0.125788 0.106514 -0.007414
v 0.124923 0.105928 -0.006000
v 0.124923 0.105928 0.006000
v 0.125788 0.106514 0.007414
v 0.129989 0.117015 -0.007414
v 0.129592 0.117601 -0.006000
v 0.129592 0.117601 0.006000
v 0.129989 0.117015 0.007414
v 0.312700 0.117015 -0.007414
v 0.312982 0.117601 -0.006000
v 0.312982 0.117601 0.006000
v 0.312700 0.117015 0.007414
vn -0.1505 -0.1019 0.9834
vn 0.0978 0.2035 0.9742
vn -0.1253 0.1851 0.9747
vn 0.1353 -0.0650 0.9887
vn -0.1505 -0.1019 -0.9834
vn -0.1253 0.1851 -0.9747
vn 0.0978 0.2035 -0.9742
vn 0.1353 -0.0650 -0.9887
vn -0.0000 -0.3827 -0.9239
vn -0.0000 -0.9899 -0.1418
vn -0.0000 -0.9876 -0.1568
vn -0.0000 -0.9239 -0.3827
vn -0.0000 -0.9899 0.1418
vn -0.0000 -0.9876 0.1568
vn -0.0000 -0.9239 0.3827
vn -0.0000 -0.3827 0.9239
vn -0.3553 0.1421 -0.9239
vn -0.1819 0.2687 -0.9459
vn -0.9170 0.3668 -0.1568
vn -0.9137 0.3655 -0.1779
vn -0.8578 0.3431 -0.3827
vn -0.9170 0.3668 0.1568
vn -0.9137 0.3655 0.1779
vn -0.8578 0.3431 0.3827
vn -0.1819 0.2687 0.9459
vn -0.3553 0.1421 0.9239
vn 0.1515 0.3152 -0.9368
vn -0.0000 0.9840 -0.1779
vn -0.0000 0.9831 -0.1831
vn -0.0000 0.9239 -0.3827
vn -0.0000 0.9840 0.1779
vn -0.0000 0.9831 0.1831
vn -0.0000 0.9239 0.3827
vn 0.1515 0.3152 0.9368
vn 0.2988 0.2391 -0.9239
vn 0.7677 0.6141 -0.1831
vn 0.7730 0.6184 -0.1418
vn 0.7214 0.5771 -0.3827
vn 0.7677 0.6141 0.1831
vn 0.7730 0.6184 0.1418
vn 0.7214 0.5771 0.3827
vn 0.2988 0.2391 0.9239
vt 0.333333 0.000000
vt 1.000000 0.000000
vt 0.666667 0.000000
vt 0.000000 0.000000
vt 0.000000 0.200000
vt 0.250000 0.200000
vt 0.250000 0.000000
vt 0.000000 0.400000
vt 0.250000 0.400000
vt 0.000000 0.600000
vt 0.250000 0.600000
vt 0.000000 0.800000
vt 0.250000 0.800000
vt 0.000000 1.000000
vt 0.250000 1.000000
vt 0.500000 0.200000
vt 0.500000 0.000000
vt 0.500000 0.400000
vt 0.500000 0.600000
vt 0.500000 0.800000
vt 0.500000 1.000000
vt 0.750000 0.200000
vt 0.750000 0.000000
vt 0.750000 0.400000
vt 0.750000 0.600000
vt 0.750000 0.800000
vt 0.750000 1.000000
vt 1.000000 0.200000
vt 1.000000 0.400000
vt 1.000000 0.600000
vt 1.000000 0.800000
vt 1.000000 1.000000
s 1
usemtl Gold_|_polished_trim
f 1316/1558/1806 1318/1559/1807 1317/1560/1808
f 1316/1558/1806 1315/1561/1809 1318/1559/1807
f 1320/1558/1810 1321/1560/1811 1322/1559/1812
f 1320/1558/1810 1322/1559/1812 1319/1561/1813
f 1323/1562/1814 1327/1563/1814 1320/1564/1810 1319/1561/1813
f 1324/1565/1815 1328/1566/1816 1327/1563/1817 1323/1562/1817
f 1325/1567/1818 1329/1568/1819 1328/1566/1816 1324/1565/1815
f 1326/1569/1820 1330/1570/1820 1329/1568/1819 1325/1567/1818
f 1315/1571/1809 1316/1572/1806 1330/1570/1821 1326/1569/1821
f 1327/1563/1822 1331/1573/1823 1321/1574/1811 1320/1564/1810
f 1328/1566/1824 1332/1575/1825 1331/1573/1826 1327/1563/1826
f 1329/1568/1827 1333/1576/1828 1332/1575/1825 1328/1566/1824
f 1330/1570/1829 1334/1577/1829 1333/1576/1828 1329/1568/1827
f 1316/1572/1806 1317/1578/1808 1334/1577/1830 1330/1570/1831
f 1331/1573/1823 1335/1579/1832 1322/1580/1812 1321/1574/1811
f 1332/1575/1833 1336/1581/1834 1335/1579/1835 1331/1573/1835
f 1333/1576/1836 1337/1582/1837 1336/1581/1834 1332/1575/1833
f 1334/1577/1838 1338/1583/1838 1337/1582/1837 1333/1576/1836
f 1317/1578/1808 1318/1584/1807 1338/1583/1839 1334/1577/1830
f 1335/1579/1832 1323/1585/1840 1319/1559/1813 1322/1580/1812
f 1336/1581/1841 1324/1586/1842 1323/1585/1843 1335/1579/1843
f 1337/1582/1844 1325/1587/1845 1324/1586/1842 1336/1581/1841
f 1338/1583/1846 1326/1588/1846 1325/1587/1845 1337/1582/1844
f 1318/1584/1807 1315/1589/1809 1326/1588/1847 1338/1583/1839
o Rear_sight
v 0.163683 0.114578 0.004500
v 0.151407 0.114578 0.004500
v 0.151056 0.119097 0.004500
v 0.150471 0.123558 0.004500
v 0.150354 0.128134 0.004500
v 0.151407 0.132992 0.004500
v 0.152387 0.135568 0.004500
v 0.153574 0.137868 0.004500
v 0.155212 0.139520 0.004500
v 0.157545 0.140153 0.004500
v 0.159878 0.139520 0.004500
v 0.161516 0.137868 0.004500
v 0.162703 0.135568 0.004500
v 0.163683 0.132992 0.004500
v 0.164735 0.128134 0.004500
v 0.164618 0.123558 0.004500
v 0.164034 0.119097 0.004500
v 0.158858 0.127177 0.004500
v 0.159807 0.128120 0.004500
v 0.160391 0.129453 0.004500
v 0.160614 0.130946 0.004500
v 0.160463 0.132589 0.004500
v 0.159911 0.134091 0.004500
v 0.158943 0.135171 0.004500
v 0.157545 0.135550 0.004500
v 0.156271 0.135085 0.004500
v 0.155476 0.133988 0.004500
v 0.155076 0.132521 0.004500
v 0.154987 0.130946 0.004500
v 0.155143 0.129524 0.004500
v 0.155578 0.128224 0.004500
v 0.156358 0.127262 0.004500
v 0.157545 0.126854 0.004500
v 0.163683 0.114578 -0.004500
v 0.151407 0.114578 -0.004500
v 0.151056 0.119097 -0.004500
v 0.150471 0.123558 -0.004500
v 0.150354 0.128134 -0.004500
v 0.151407 0.132992 -0.004500
v 0.152387 0.135568 -0.004500
v 0.153574 0.137868 -0.004500
v 0.155212 0.139520 -0.004500
v 0.157545 0.140153 -0.004500
v 0.159878 0.139520 -0.004500
v 0.161516 0.137868 -0.004500
v 0.162703 0.135568 -0.004500
v 0.163683 0.132992 -0.004500
v 0.164735 0.128134 -0.004500
v 0.164618 0.123558 -0.004500
v 0.164034 0.119097 -0.004500
v 0.158858 0.127177 -0.004500
v 0.159807 0.128120 -0.004500
v 0.160391 0.129453 -0.004500
v 0.160614 0.130946 -0.004500
v 0.160463 0.132589 -0.004500
v 0.159911 0.134091 -0.004500
v 0.158943 0.135171 -0.004500
v 0.157545 0.135550 -0.004500
v 0.156271 0.135085 -0.004500
v 0.155476 0.133988 -0.004500
v 0.155076 0.132521 -0.004500
v 0.154987 0.130946 -0.004500
v 0.155143 0.129524 -0.004500
v 0.155578 0.128224 -0.004500
v 0.156358 0.127262 -0.004500
v 0.157545 0.126854 -0.004500
v 0.164664 0.113517 -0.004061
v 0.165071 0.113078 -0.003000
v 0.165071 0.113078 0.003000
v 0.164664 0.113517 0.004061
v 0.150425 0.113517 -0.004061
v 0.150019 0.113078 -0.003000
v 0.150019 0.113078 0.003000
v 0.150425 0.113517 0.004061
v 0.150001 0.118987 -0.004061
v 0.149563 0.118941 -0.003000
v 0.149563 0.118941 0.003000
v 0.150001 0.118987 0.004061
v 0.149412 0.123476 -0.004061
v 0.148974 0.123442 -0.003000
v 0.148974 0.123442 0.003000
v 0.149412 0.123476 0.004061
v 0.149291 0.128234 -0.004061
v 0.148850 0.128275 -0.003000
v 0.148850 0.128275 0.003000
v 0.149291 0.128234 0.004061
v 0.150387 0.133295 -0.004061
v 0.149965 0.133420 -0.003000
v 0.149965 0.133420 0.003000
v 0.150387 0.133295 0.004061
v 0.151417 0.136001 -0.004061
v 0.151015 0.136181 -0.003000
v 0.151015 0.136181 0.003000
v 0.151417 0.136001 0.004061
v 0.152706 0.138499 -0.004061
v 0.152347 0.138761 -0.003000
v 0.152347 0.138761 0.003000
v 0.152706 0.138499 0.004061
v 0.154659 0.140469 -0.004061
v 0.154430 0.140862 -0.003000
v 0.154430 0.140862 0.003000
v 0.154659 0.140469 0.004061
v 0.157545 0.141253 -0.004061
v 0.157545 0.141708 -0.003000
v 0.157545 0.141708 0.003000
v 0.157545 0.141253 0.004061
v 0.160430 0.140469 -0.004061
v 0.160659 0.140862 -0.003000
v 0.160659 0.140862 0.003000
v 0.160430 0.140469 0.004061
v 0.162383 0.138499 -0.004061
v 0.162743 0.138761 -0.003000
v 0.162743 0.138761 0.003000
v 0.162383 0.138499 0.004061
v 0.163673 0.136001 -0.004061
v 0.164074 0.136181 -0.003000
v 0.164074 0.136181 0.003000
v 0.163673 0.136001 0.004061
v 0.164703 0.133295 -0.004061
v 0.165125 0.133420 -0.003000
v 0.165125 0.133420 0.003000
v 0.164703 0.133295 0.004061
v 0.165799 0.128234 -0.004061
v 0.166239 0.128275 -0.003000
v 0.166239 0.128275 0.003000
v 0.165799 0.128234 0.004061
v 0.165677 0.123476 -0.004061
v 0.166116 0.123442 -0.003000
v 0.166116 0.123442 0.003000
v 0.165677 0.123476 0.004061
v 0.165089 0.118987 -0.004061
v 0.165526 0.118941 -0.003000
v 0.165526 0.118941 0.003000
v 0.165089 0.118987 0.004061
v 0.158319 0.128137 -0.004061
v 0.158096 0.128534 -0.003000
v 0.158096 0.128534 0.003000
v 0.158319 0.128137 0.004061
v 0.158916 0.128730 -0.004061
v 0.158547 0.128983 -0.003000
v 0.158547 0.128983 0.003000
v 0.158916 0.128730 0.004061
v 0.159363 0.129749 -0.004061
v 0.158937 0.129872 -0.003000
v 0.158937 0.129872 0.003000
v 0.159363 0.129749 0.004061
v 0.159546 0.130976 -0.004061
v 0.159104 0.130989 -0.003000
v 0.159104 0.130989 0.003000
v 0.159546 0.130976 0.004061
v 0.159420 0.132353 -0.004061
v 0.158987 0.132256 -0.003000
v 0.158987 0.132256 0.003000
v 0.159420 0.132353 0.004061
v 0.158986 0.133534 -0.004061
v 0.158602 0.133304 -0.003000
v 0.158602 0.133304 0.003000
v 0.158986 0.133534 0.004061
v 0.158363 0.134229 -0.004061
v 0.158122 0.133839 -0.003000
v 0.158122 0.133839 0.003000
v 0.158363 0.134229 0.004061
v 0.157592 0.134438 -0.004061
v 0.157612 0.133978 -0.003000
v 0.157612 0.133978 0.003000
v 0.157592 0.134438 0.004061
v 0.156939 0.134200 -0.004061
v 0.157216 0.133833 -0.003000
v 0.157216 0.133833 0.003000
v 0.156939 0.134200 0.004061
v 0.156448 0.133522 -0.004061
v 0.156851 0.133329 -0.003000
v 0.156851 0.133329 0.003000
v 0.156448 0.133522 0.004061
v 0.156128 0.132350 -0.004061
v 0.156564 0.132279 -0.003000
v 0.156564 0.132279 0.003000
v 0.156128 0.132350 0.004061
v 0.156051 0.130974 -0.004061
v 0.156492 0.130986 -0.003000
v 0.156492 0.130986 0.003000
v 0.156051 0.130974 0.004061
v 0.156185 0.129752 -0.004061
v 0.156616 0.129847 -0.003000
v 0.156616 0.129847 0.003000
v 0.156185 0.129752 0.004061
v 0.156523 0.128743 -0.004061
v 0.156914 0.128958 -0.003000
v 0.156914 0.128958 0.003000
v 0.156523 0.128743 0.004061
v 0.156990 0.128167 -0.004061
v 0.157252 0.128541 -0.003000
v 0.157252 0.128541 0.003000
v 0.156990 0.128167 0.004061
v 0.157595 0.127959 -0.004061
v 0.157615 0.128416 -0.003000
v 0.157615 0.128416 0.003000
v 0.157595 0.127959 0.004061
vn -0.1103 0.1894 0.9757
vn 0.1103 0.1894 0.9757
vn -0.0000 0.2193 0.9756
vn -0.1706 0.1241 0.9775
vn 0.1706 0.1241 0.9775
vn -0.1840 0.0822 0.9795
vn 0.1840 0.0822 0.9795
vn -0.1951 0.0579 0.9791
vn 0.0922 -0.1220 0.9882
vn 0.0065 -0.1511 0.9885
vn -0.0810 -0.1313 0.9880
vn 0.1951 0.0579 0.9791
vn -0.1453 -0.0874 0.9855
vn 0.1541 -0.0738 0.9853
vn -0.1737 -0.0392 0.9840
vn 0.1792 -0.0291 0.9834
vn -0.2070 0.0195 0.9781
vn 0.2070 0.0195 0.9781
vn -0.1795 0.0051 0.9837
vn 0.1846 0.0049 0.9828
vn 0.1770 0.0389 0.9834
vn -0.1708 0.0492 0.9841
vn 0.1499 0.0824 0.9853
vn -0.1400 0.0960 0.9855
vn 0.0892 0.1276 0.9878
vn 0.2005 -0.0157 0.9796
vn -0.2005 -0.0157 0.9796
vn -0.0769 0.1369 0.9876
vn 0.0070 0.1544 0.9880
vn 0.1908 -0.0199 0.9814
vn -0.1908 -0.0199 0.9814
vn 0.1450 -0.1567 0.9770
vn -0.1450 -0.1567 0.9770
vn -0.1103 0.1894 -0.9757
vn -0.0000 0.2193 -0.9756
vn 0.1103 0.1894 -0.9757
vn -0.1706 0.1241 -0.9775
vn 0.1706 0.1241 -0.9775
vn -0.1840 0.0822 -0.9795
vn 0.1840 0.0822 -0.9795
vn -0.1951 0.0579 -0.9791
vn 0.0922 -0.1220 -0.9882
vn 0.0065 -0.1510 -0.9885
vn -0.0810 -0.1313 -0.9880
vn 0.1951 0.0579 -0.9791
vn -0.1453 -0.0874 -0.9855
vn 0.1541 -0.0738 -0.9853
vn -0.1737 -0.0392 -0.9840
vn 0.1792 -0.0291 -0.9834
vn -0.2070 0.0195 -0.9781
vn 0.2070 0.0195 -0.9781
vn -0.1795 0.0051 -0.9837
vn 0.1846 0.0049 -0.9828
vn 0.1771 0.0389 -0.9834
vn -0.1708 0.0492 -0.9841
vn 0.1499 0.0824 -0.9853
vn -0.1400 0.0960 -0.9855
vn 0.0892 0.1276 -0.9878
vn 0.2005 -0.0157 -0.9796
vn -0.2005 -0.0157 -0.9796
vn -0.0769 0.1369 -0.9876
vn 0.0070 0.1544 -0.9880
vn 0.1908 -0.0199 -0.9814
vn -0.1908 -0.0199 -0.9814
vn 0.1450 -0.1567 -0.9770
vn -0.1450 -0.1567 -0.9770
vn 0.1976 -0.2135 -0.9568
vn -0.1976 -0.2135 -0.9568
vn -0.0000 -0.9852 -0.1713
vn -0.0000 -0.9239 -0.3827
vn -0.0000 -0.9852 0.1713
vn -0.0000 -0.9239 0.3827
vn -0.1976 -0.2135 0.9568
vn 0.1976 -0.2135 0.9568
vn -0.3805 -0.0397 -0.9239
vn -0.9823 -0.0762 -0.1713
vn -0.9754 -0.1017 -0.1958
vn -0.9189 -0.0958 -0.3828
vn -0.9211 -0.0715 -0.3827
vn -0.9823 -0.0762 0.1713
vn -0.9754 -0.1017 0.1958
vn -0.9211 -0.0715 0.3827
vn -0.9189 -0.0958 0.3828
vn -0.3805 -0.0397 0.9239
vn -0.3811 -0.0298 -0.9241
vn -0.9780 -0.0764 -0.1941
vn -0.9209 -0.0719 -0.3831
vn -0.9780 -0.0764 0.1941
vn -0.9209 -0.0719 0.3831
vn -0.3811 -0.0297 0.9241
vn -0.3787 0.0356 -0.9248
vn -0.9768 0.0920 -0.1935
vn -0.9188 0.0865 -0.3850
vn -0.9768 0.0920 0.1935
vn -0.9188 0.0865 0.3850
vn -0.3787 0.0356 0.9248
vn -0.3660 0.1086 -0.9243
vn -0.9405 0.2791 -0.1938
vn -0.8853 0.2627 -0.3836
vn -0.9405 0.2791 0.1938
vn -0.8853 0.2627 0.3836
vn -0.3660 0.1086 0.9243
vn -0.3489 0.1559 -0.9241
vn -0.8957 0.4001 -0.1940
vn -0.8434 0.3767 -0.3832
vn -0.8957 0.4001 0.1940
vn -0.8434 0.3767 0.3832
vn -0.3489 0.1559 0.9241
vn -0.3064 0.2229 -0.9254
vn -0.7935 0.5770 -0.1935
vn -0.7459 0.5425 -0.3865
vn -0.7935 0.5770 0.1935
vn -0.7459 0.5425 0.3865
vn -0.3064 0.2229 0.9254
vn -0.1869 0.3210 -0.9285
vn -0.4936 0.8475 -0.1949
vn -0.4625 0.7942 -0.3942
vn -0.4936 0.8475 0.1949
vn -0.4625 0.7942 0.3942
vn -0.1869 0.3210 0.9285
vn -0.0000 0.3712 -0.9286
vn -0.0000 0.9808 -0.1950
vn -0.0000 0.9189 -0.3944
vn -0.0000 0.9808 0.1950
vn -0.0000 0.9189 0.3944
vn -0.0000 0.3712 0.9286
vn 0.1869 0.3210 -0.9285
vn 0.4936 0.8475 -0.1949
vn 0.4625 0.7942 -0.3942
vn 0.4936 0.8475 0.1949
vn 0.4625 0.7942 0.3942
vn 0.1869 0.3210 0.9285
vn 0.3064 0.2228 -0.9254
vn 0.7935 0.5770 -0.1935
vn 0.7459 0.5425 -0.3865
vn 0.7935 0.5770 0.1935
vn 0.7459 0.5425 0.3865
vn 0.3064 0.2228 0.9254
vn 0.3489 0.1559 -0.9241
vn 0.8957 0.4001 -0.1940
vn 0.8434 0.3767 -0.3832
vn 0.8957 0.4001 0.1940
vn 0.8434 0.3767 0.3832
vn 0.3489 0.1559 0.9241
vn 0.3660 0.1086 -0.9243
vn 0.9405 0.2791 -0.1938
vn 0.8853 0.2627 -0.3836
vn 0.9405 0.2791 0.1938
vn 0.8853 0.2627 0.3836
vn 0.3660 0.1086 0.9243
vn 0.3787 0.0357 -0.9248
vn 0.9768 0.0920 -0.1935
vn 0.9188 0.0865 -0.3850
vn 0.9768 0.0920 0.1935
vn 0.9188 0.0865 0.3850
vn 0.3787 0.0357 0.9248
vn 0.3811 -0.0298 -0.9241
vn 0.9780 -0.0764 -0.1941
vn 0.9209 -0.0719 -0.3831
vn 0.9780 -0.0764 0.1941
vn 0.9209 -0.0719 0.3831
vn 0.3811 -0.0298 0.9241
vn 0.3805 -0.0397 -0.9239
vn 0.9754 -0.1017 -0.1958
vn 0.9189 -0.0958 -0.3828
vn 0.9754 -0.1017 0.1958
vn 0.9188 -0.0958 0.3828
vn 0.3805 -0.0397 0.9239
vn 0.9823 -0.0762 -0.1713
vn 0.9211 -0.0715 -0.3827
vn 0.9823 -0.0762 0.1713
vn 0.9211 -0.0715 0.3827
vn -0.1815 0.3232 -0.9288
vn -0.3109 0.2131 -0.9262
vn -0.4789 0.8527 -0.2087
vn -0.8077 0.5536 -0.2029
vn -0.7600 0.5210 -0.3885
vn -0.4499 0.8010 -0.3949
vn -0.4789 0.8527 0.2087
vn -0.8077 0.5536 0.2029
vn -0.4499 0.8010 0.3949
vn -0.7600 0.5210 0.3885
vn -0.3109 0.2131 0.9262
vn -0.1815 0.3232 0.9288
vn -0.3650 0.1052 -0.9251
vn -0.9415 0.2714 -0.1999
vn -0.8866 0.2555 -0.3856
vn -0.9415 0.2714 0.1999
vn -0.8866 0.2555 0.3856
vn -0.3649 0.1052 0.9251
vn -0.3802 0.0107 -0.9248
vn -0.9796 0.0276 -0.1993
vn -0.9225 0.0260 -0.3850
vn -0.9796 0.0276 0.1993
vn -0.9225 0.0260 0.3850
vn -0.3802 0.0107 0.9248
vn -0.3706 -0.0836 -0.9250
vn -0.9558 -0.2156 -0.1998
vn -0.9001 -0.2030 -0.3855
vn -0.9558 -0.2156 0.1998
vn -0.9001 -0.2030 0.3855
vn -0.3706 -0.0836 0.9250
vn -0.3230 -0.1942 -0.9263
vn -0.8392 -0.5046 -0.2030
vn -0.7897 -0.4748 -0.3886
vn -0.8392 -0.5045 0.2030
vn -0.7897 -0.4748 0.3886
vn -0.3230 -0.1942 0.9263
vn -0.1937 -0.3142 -0.9294
vn -0.5130 -0.8322 -0.2101
vn -0.4817 -0.7815 -0.3966
vn -0.5130 -0.8322 0.2101
vn -0.4817 -0.7815 0.3966
vn -0.1937 -0.3142 0.9294
vn 0.0157 -0.3669 -0.9301
vn 0.0419 -0.9764 -0.2118
vn 0.0393 -0.9163 -0.3986
vn 0.0419 -0.9764 0.2118
vn 0.0393 -0.9163 0.3986
vn 0.0157 -0.3669 0.9301
vn 0.2220 -0.2939 -0.9297
vn 0.5891 -0.7800 -0.2109
vn 0.5530 -0.7322 -0.3974
vn 0.5891 -0.7800 0.2109
vn 0.5530 -0.7322 0.3974
vn 0.2220 -0.2939 0.9297
vn 0.3403 -0.1631 -0.9261
vn 0.8831 -0.4232 -0.2025
vn 0.8311 -0.3983 -0.3881
vn 0.8831 -0.4232 0.2025
vn 0.8311 -0.3983 0.3881
vn 0.3403 -0.1631 0.9261
vn 0.3759 -0.0611 -0.9246
vn 0.9674 -0.1573 -0.1986
vn 0.9112 -0.1482 -0.3845
vn 0.9674 -0.1573 0.1986
vn 0.9112 -0.1482 0.3845
vn 0.3759 -0.0611 0.9246
vn 0.3814 0.0101 -0.9243
vn 0.9799 0.0258 -0.1977
vn 0.9231 0.0243 -0.3838
vn 0.9799 0.0258 0.1977
vn 0.9231 0.0243 0.3838
vn 0.3814 0.0101 0.9243
vn 0.3719 0.0817 -0.9247
vn 0.9573 0.2102 -0.1987
vn 0.9016 0.1980 -0.3846
vn 0.9573 0.2102 0.1987
vn 0.9016 0.1980 0.3846
vn 0.3719 0.0817 0.9247
vn 0.3308 0.1817 -0.9260
vn 0.8583 0.4716 -0.2024
vn 0.8078 0.4438 -0.3880
vn 0.8583 0.4715 0.2024
vn 0.8078 0.4438 0.3880
vn 0.3308 0.1817 0.9260
vn 0.2120 0.3031 -0.9291
vn 0.5605 0.8012 -0.2094
vn 0.5264 0.7525 -0.3957
vn 0.5605 0.8012 0.2094
vn 0.5264 0.7525 0.3957
vn 0.2120 0.3031 0.9291
vn 0.0167 0.3689 -0.9293
vn 0.0441 0.9767 -0.2100
vn 0.0414 0.9171 -0.3964
vn 0.0441 0.9767 0.2100
vn 0.0414 0.9171 0.3964
vn 0.0167 0.3689 0.9293
vt 0.250000 0.000000
vt 0.312500 0.000000
vt 0.281250 0.000000
vt 0.218750 0.000000
vt 0.343750 0.000000
vt 0.187500 0.000000
vt 0.375000 0.000000
vt 0.156250 0.000000
vt 0.781250 0.000000
vt 0.750000 0.000000
vt 0.718750 0.000000
vt 0.406250 0.000000
vt 0.687500 0.000000
vt 0.812500 0.000000
vt 0.656250 0.000000
vt 0.843750 0.000000
vt 0.125000 0.000000
vt 0.437500 0.000000
vt 0.625000 0.000000
vt 0.875000 0.000000
vt 0.906250 0.000000
vt 0.593750 0.000000
vt 0.937500 0.000000
vt 0.562500 0.000000
vt 0.968750 0.000000
vt 0.468750 0.000000
vt 0.093750 0.000000
vt 0.531250 0.000000
vt 1.000000 0.000000
vt 0.500000 0.000000
vt 0.062500 0.000000
vt 0.000000 0.000000
vt 0.031250 0.000000
vt 0.000000 0.200000
vt 0.058824 0.200000
vt 0.058824 0.000000
vt 0.000000 0.400000
vt 0.058824 0.400000
vt 0.000000 0.600000
vt 0.058824 0.600000
vt 0.000000 0.800000
vt 0.058824 0.800000
vt 0.000000 1.000000
vt 0.058824 1.000000
vt 0.117647 0.200000
vt 0.117647 0.000000
vt 0.117647 0.400000
vt 0.117647 0.600000
vt 0.117647 0.800000
vt 0.117647 1.000000
vt 0.176471 0.200000
vt 0.176471 0.000000
vt 0.176471 0.400000
vt 0.176471 0.600000
vt 0.176471 0.800000
vt 0.176471 1.000000
vt 0.235294 0.200000
vt 0.235294 0.000000
vt 0.235294 0.400000
vt 0.235294 0.600000
vt 0.235294 0.800000
vt 0.235294 1.000000
vt 0.294118 0.200000
vt 0.294118 0.000000
vt 0.294118 0.400000
vt 0.294118 0.600000
vt 0.294118 0.800000
vt 0.294118 1.000000
vt 0.352941 0.200000
vt 0.352941 0.000000
vt 0.352941 0.400000
vt 0.352941 0.600000
vt 0.352941 0.800000
vt 0.352941 1.000000
vt 0.411765 0.200000
vt 0.411765 0.000000
vt 0.411765 0.400000
vt 0.411765 0.600000
vt 0.411765 0.800000
vt 0.411765 1.000000
vt 0.470588 0.200000
vt 0.470588 0.000000
vt 0.470588 0.400000
vt 0.470588 0.600000
vt 0.470588 0.800000
vt 0.470588 1.000000
vt 0.529412 0.200000
vt 0.529412 0.000000
vt 0.529412 0.400000
vt 0.529412 0.600000
vt 0.529412 0.800000
vt 0.529412 1.000000
vt 0.588235 0.200000
vt 0.588235 0.000000
vt 0.588235 0.400000
vt 0.588235 0.600000
vt 0.588235 0.800000
vt 0.588235 1.000000
vt 0.647059 0.200000
vt 0.647059 0.000000
vt 0.647059 0.400000
vt 0.647059 0.600000
vt 0.647059 0.800000
vt 0.647059 1.000000
vt 0.705882 0.200000
vt 0.705882 0.000000
vt 0.705882 0.400000
vt 0.705882 0.600000
vt 0.705882 0.800000
vt 0.705882 1.000000
vt 0.764706 0.200000
vt 0.764706 0.000000
vt 0.764706 0.400000
vt 0.764706 0.600000
vt 0.764706 0.800000
vt 0.764706 1.000000
vt 0.823529 0.200000
vt 0.823529 0.000000
vt 0.823529 0.400000
vt 0.823529 0.600000
vt 0.823529 0.800000
vt 0.823529 1.000000
vt 0.882353 0.200000
vt 0.882353 0.000000
vt 0.882353 0.400000
vt 0.882353 0.600000
vt 0.882353 0.800000
vt 0.882353 1.000000
vt 0.941176 0.200000
vt 0.941176 0.000000
vt 0.941176 0.400000
vt 0.941176 0.600000
vt 0.941176 0.800000
vt 0.941176 1.000000
vt 1.000000 0.200000
vt 1.000000 0.400000
vt 1.000000 0.600000
vt 1.000000 0.800000
vt 1.000000 1.000000
vt 0.062500 0.200000
vt 0.062500 0.400000
vt 0.062500 0.600000
vt 0.062500 0.800000
vt 0.062500 1.000000
vt 0.125000 0.200000
vt 0.125000 0.400000
vt 0.125000 0.600000
vt 0.125000 0.800000
vt 0.125000 1.000000
vt 0.187500 0.200000
vt 0.187500 0.400000
vt 0.187500 0.600000
vt 0.187500 0.800000
vt 0.187500 1.000000
vt 0.250000 0.200000
vt 0.250000 0.400000
vt 0.250000 0.600000
vt 0.250000 0.800000
vt 0.250000 1.000000
vt 0.312500 0.200000
vt 0.312500 0.400000
vt 0.312500 0.600000
vt 0.312500 0.800000
vt 0.312500 1.000000
vt 0.375000 0.200000
vt 0.375000 0.400000
vt 0.375000 0.600000
vt 0.375000 0.800000
vt 0.375000 1.000000
vt 0.437500 0.200000
vt 0.437500 0.400000
vt 0.437500 0.600000
vt 0.437500 0.800000
vt 0.437500 1.000000
vt 0.500000 0.200000
vt 0.500000 0.400000
vt 0.500000 0.600000
vt 0.500000 0.800000
vt 0.500000 1.000000
vt 0.562500 0.200000
vt 0.562500 0.400000
vt 0.562500 0.600000
vt 0.562500 0.800000
vt 0.562500 1.000000
vt 0.625000 0.200000
vt 0.625000 0.400000
vt 0.625000 0.600000
vt 0.625000 0.800000
vt 0.625000 1.000000
vt 0.687500 0.200000
vt 0.687500 0.400000
vt 0.687500 0.600000
vt 0.687500 0.800000
vt 0.687500 1.000000
vt 0.750000 0.200000
vt 0.750000 0.400000
vt 0.750000 0.600000
vt 0.750000 0.800000
vt 0.750000 1.000000
vt 0.812500 0.200000
vt 0.812500 0.400000
vt 0.812500 0.600000
vt 0.812500 0.800000
vt 0.812500 1.000000
vt 0.875000 0.200000
vt 0.875000 0.400000
vt 0.875000 0.600000
vt 0.875000 0.800000
vt 0.875000 1.000000
vt 0.937500 0.200000
vt 0.937500 0.400000
vt 0.937500 0.600000
vt 0.937500 0.800000
vt 0.937500 1.000000
s 1
usemtl Gold_|_polished_trim
f 1347/1590/1848 1349/1591/1849 1348/1592/1850
f 1346/1593/1851 1349/1591/1849 1347/1590/1848
f 1346/1593/1851 1350/1594/1852 1349/1591/1849
f 1345/1595/1853 1350/1594/1852 1346/1593/1851
f 1345/1595/1853 1351/1596/1854 1350/1594/1852
f 1344/1597/1855 1364/1598/1856 1345/1595/1853
f 1364/1598/1856 1363/1599/1857 1345/1595/1853
f 1363/1599/1857 1351/1596/1854 1345/1595/1853
f 1363/1599/1857 1362/1600/1858 1351/1596/1854
f 1362/1600/1858 1352/1601/1859 1351/1596/1854
f 1361/1602/1860 1352/1601/1859 1362/1600/1858
f 1344/1597/1855 1365/1603/1861 1364/1598/1856
f 1360/1604/1862 1352/1601/1859 1361/1602/1860
f 1344/1597/1855 1366/1605/1863 1365/1603/1861
f 1343/1606/1864 1366/1605/1863 1344/1597/1855
f 1360/1604/1862 1353/1607/1865 1352/1601/1859
f 1359/1608/1866 1353/1607/1865 1360/1604/1862
f 1343/1606/1864 1367/1609/1867 1366/1605/1863
f 1343/1606/1864 1368/1610/1868 1367/1609/1867
f 1358/1611/1869 1353/1607/1865 1359/1608/1866
f 1343/1606/1864 1369/1612/1870 1368/1610/1868
f 1357/1613/1871 1353/1607/1865 1358/1611/1869
f 1343/1606/1864 1370/1614/1872 1369/1612/1870
f 1357/1613/1871 1354/1615/1873 1353/1607/1865
f 1342/1616/1874 1370/1614/1872 1343/1606/1864
f 1356/1617/1875 1354/1615/1873 1357/1613/1871
f 1342/1616/1874 1371/1618/1876 1370/1614/1872
f 1371/1618/1876 1354/1615/1873 1356/1617/1875
f 1342/1616/1874 1354/1615/1873 1371/1618/1876
f 1342/1616/1874 1355/1619/1877 1354/1615/1873
f 1341/1620/1878 1355/1619/1877 1342/1616/1874
f 1341/1620/1878 1339/1621/1879 1355/1619/1877
f 1340/1622/1880 1339/1621/1879 1341/1620/1878
f 1380/1590/1881 1381/1592/1882 1382/1591/1883
f 1379/1593/1884 1380/1590/1881 1382/1591/1883
f 1379/1593/1884 1382/1591/1883 1383/1594/1885
f 1378/1595/1886 1379/1593/1884 1383/1594/1885
f 1378/1595/1886 1383/1594/1885 1384/1596/1887
f 1377/1597/1888 1378/1595/1886 1397/1598/1889
f 1397/1598/1889 1378/1595/1886 1396/1599/1890
f 1396/1599/1890 1378/1595/1886 1384/1596/1887
f 1396/1599/1890 1384/1596/1887 1395/1600/1891
f 1395/1600/1891 1384/1596/1887 1385/1601/1892
f 1394/1602/1893 1395/1600/1891 1385/1601/1892
f 1377/1597/1888 1397/1598/1889 1398/1603/1894
f 1393/1604/1895 1394/1602/1893 1385/1601/1892
f 1377/1597/1888 1398/1603/1894 1399/1605/1896
f 1376/1606/1897 1377/1597/1888 1399/1605/1896
f 1393/1604/1895 1385/1601/1892 1386/1607/1898
f 1392/1608/1899 1393/1604/1895 1386/1607/1898
f 1376/1606/1897 1399/1605/1896 1400/1609/1900
f 1376/1606/1897 1400/1609/1900 1401/1610/1901
f 1391/1611/1902 1392/1608/1899 1386/1607/1898
f 1376/1606/1897 1401/1610/1901 1402/1612/1903
f 1390/1613/1904 1391/1611/1902 1386/1607/1898
f 1376/1606/1897 1402/1612/1903 1403/1614/1905
f 1390/1613/1904 1386/1607/1898 1387/1615/1906
f 1375/1616/1907 1376/1606/1897 1403/1614/1905
f 1389/1617/1908 1390/1613/1904 1387/1615/1906
f 1375/1616/1907 1403/1614/1905 1404/1618/1909
f 1404/1618/1909 1389/1617/1908 1387/1615/1906
f 1375/1616/1907 1404/1618/1909 1387/1615/1906
f 1375/1616/1907 1387/1615/1906 1388/1619/1910
f 1374/1620/1911 1375/1616/1907 1388/1619/1910
f 1374/1620/1911 1388/1619/1910 1372/1621/1912
f 1373/1622/1913 1374/1620/1911 1372/1621/1912
f 1405/1623/1914 1409/1624/1915 1373/1625/1913 1372/1621/1912
f 1406/1626/1916 1410/1627/1916 1409/1624/1917 1405/1623/1917
f 1407/1628/1918 1411/1629/1918 1410/1627/1916 1406/1626/1916
f 1408/1630/1919 1412/1631/1919 1411/1629/1918 1407/1628/1918
f 1339/1632/1879 1340/1633/1880 1412/1631/1920 1408/1630/1921
f 1409/1624/1915 1413/1634/1922 1374/1635/1911 1373/1625/1913
f 1410/1627/1923 1414/1636/1924 1413/1634/1925 1409/1624/1926
f 1411/1629/1927 1415/1637/1928 1414/1636/1924 1410/1627/1923
f 1412/1631/1929 1416/1638/1930 1415/1637/1928 1411/1629/1927
f 1340/1633/1880 1341/1639/1878 1416/1638/1931 1412/1631/1920
f 1413/1634/1922 1417/1640/1932 1375/1641/1907 1374/1635/1911
f 1414/1636/1924 1418/1642/1933 1417/1640/1934 1413/1634/1925
f 1415/1637/1928 1419/1643/1935 1418/1642/1933 1414/1636/1924
f 1416/1638/1930 1420/1644/1936 1419/1643/1935 1415/1637/1928
f 1341/1639/1878 1342/1645/1874 1420/1644/1937 1416/1638/1931
f 1417/1640/1932 1421/1646/1938 1376/1647/1897 1375/1641/1907
f 1418/1642/1933 1422/1648/1939 1421/1646/1940 1417/1640/1934
f 1419/1643/1935 1423/1649/1941 1422/1648/1939 1418/1642/1933
f 1420/1644/1936 1424/1650/1942 1423/1649/1941 1419/1643/1935
f 1342/1645/1874 1343/1651/1864 1424/1650/1943 1420/1644/1937
f 1421/1646/1938 1425/1652/1944 1377/1653/1888 1376/1647/1897
f 1422/1648/1939 1426/1654/1945 1425/1652/1946 1421/1646/1940
f 1423/1649/1941 1427/1655/1947 1426/1654/1945 1422/1648/1939
f 1424/1650/1942 1428/1656/1948 1427/1655/1947 1423/1649/1941
f 1343/1651/1864 1344/1657/1855 1428/1656/1949 1424/1650/1943
f 1425/1652/1944 1429/1658/1950 1378/1659/1886 1377/1653/1888
f 1426/1654/1945 1430/1660/1951 1429/1658/1952 1425/1652/1946
f 1427/1655/1947 1431/1661/1953 1430/1660/1951 1426/1654/1945
f 1428/1656/1948 1432/1662/1954 1431/1661/1953 1427/1655/1947
f 1344/1657/1855 1345/1663/1853 1432/1662/1955 1428/1656/1949
f 1429/1658/1950 1433/1664/1956 1379/1665/1884 1378/1659/1886
f 1430/1660/1951 1434/1666/1957 1433/1664/1958 1429/1658/1952
f 1431/1661/1953 1435/1667/1959 1434/1666/1957 1430/1660/1951
f 1432/1662/1954 1436/1668/1960 1435/1667/1959 1431/1661/1953
f 1345/1663/1853 1346/1669/1851 1436/1668/1961 1432/1662/1955
f 1433/1664/1956 1437/1670/1962 1380/1671/1881 1379/1665/1884
f 1434/1666/1957 1438/1672/1963 1437/1670/1964 1433/1664/1958
f 1435/1667/1959 1439/1673/1965 1438/1672/1963 1434/1666/1957
f 1436/1668/1960 1440/1674/1966 1439/1673/1965 1435/1667/1959
f 1346/1669/1851 1347/1675/1848 1440/1674/1967 1436/1668/1961
f 1437/1670/1962 1441/1676/1968 1381/1677/1882 1380/1671/1881
f 1438/1672/1963 1442/1678/1969 1441/1676/1970 1437/1670/1964
f 1439/1673/1965 1443/1679/1971 1442/1678/1969 1438/1672/1963
f 1440/1674/1966 1444/1680/1972 1443/1679/1971 1439/1673/1965
f 1347/1675/1848 1348/1681/1850 1444/1680/1973 1440/1674/1967
f 1441/1676/1968 1445/1682/1974 1382/1683/1883 1381/1677/1882
f 1442/1678/1969 1446/1684/1975 1445/1682/1976 1441/1676/1970
f 1443/1679/1971 1447/1685/1977 1446/1684/1975 1442/1678/1969
f 1444/1680/1972 1448/1686/1978 1447/1685/1977 1443/1679/1971
f 1348/1681/1850 1349/1687/1849 1448/1686/1979 1444/1680/1973
f 1445/1682/1974 1449/1688/1980 1383/1689/1885 1382/1683/1883
f 1446/1684/1975 1450/1690/1981 1449/1688/1982 1445/1682/1976
f 1447/1685/1977 1451/1691/1983 1450/1690/1981 1446/1684/1975
f 1448/1686/1978 1452/1692/1984 1451/1691/1983 1447/1685/1977
f 1349/1687/1849 1350/1693/1852 1452/1692/1985 1448/1686/1979
f 1449/1688/1980 1453/1694/1986 1384/1695/1887 1383/1689/1885
f 1450/1690/1981 1454/1696/1987 1453/1694/1988 1449/1688/1982
f 1451/1691/1983 1455/1697/1989 1454/1696/1987 1450/1690/1981
f 1452/1692/1984 1456/1698/1990 1455/1697/1989 1451/1691/1983
f 1350/1693/1852 1351/1699/1854 1456/1698/1991 1452/1692/1985
f 1453/1694/1986 1457/1700/1992 1385/1701/1892 1384/1695/1887
f 1454/1696/1987 1458/1702/1993 1457/1700/1994 1453/1694/1988
f 1455/1697/1989 1459/1703/1995 1458/1702/1993 1454/1696/1987
f 1456/1698/1990 1460/1704/1996 1459/1703/1995 1455/1697/1989
f 1351/1699/1854 1352/1705/1859 1460/1704/1997 1456/1698/1991
f 1457/1700/1992 1461/1706/1998 1386/1707/1898 1385/1701/1892
f 1458/1702/1993 1462/1708/1999 1461/1706/2000 1457/1700/1994
f 1459/1703/1995 1463/1709/2001 1462/1708/1999 1458/1702/1993
f 1460/1704/1996 1464/1710/2002 1463/1709/2001 1459/1703/1995
f 1352/1705/1859 1353/1711/1865 1464/1710/2003 1460/1704/1997
f 1461/1706/1998 1465/1712/2004 1387/1713/1906 1386/1707/1898
f 1462/1708/1999 1466/1714/2005 1465/1712/2006 1461/1706/2000
f 1463/1709/2001 1467/1715/2007 1466/1714/2005 1462/1708/1999
f 1464/1710/2002 1468/1716/2008 1467/1715/2007 1463/1709/2001
f 1353/1711/1865 1354/1717/1873 1468/1716/2009 1464/1710/2003
f 1465/1712/2004 1469/1718/2010 1388/1719/1910 1387/1713/1906
f 1466/1714/2005 1470/1720/2011 1469/1718/2012 1465/1712/2006
f 1467/1715/2007 1471/1721/2013 1470/1720/2011 1466/1714/2005
f 1468/1716/2008 1472/1722/2014 1471/1721/2013 1467/1715/2007
f 1354/1717/1873 1355/1723/1877 1472/1722/2015 1468/1716/2009
f 1469/1718/2010 1405/1724/1914 1372/1618/1912 1388/1719/1910
f 1470/1720/2011 1406/1725/2016 1405/1724/2017 1469/1718/2012
f 1471/1721/2013 1407/1726/2018 1406/1725/2016 1470/1720/2011
f 1472/1722/2014 1408/1727/2019 1407/1726/2018 1471/1721/2013
f 1355/1723/1877 1339/1728/1879 1408/1727/1921 1472/1722/2015
f 1473/1623/2020 1477/1729/2021 1390/1620/1904 1389/1621/1908
f 1474/1626/2022 1478/1730/2023 1477/1729/2024 1473/1623/2025
f 1475/1628/2026 1479/1731/2027 1478/1730/2023 1474/1626/2022
f 1476/1630/2028 1480/1732/2029 1479/1731/2027 1475/1628/2026
f 1356/1632/1875 1357/1733/1871 1480/1732/2030 1476/1630/2031
f 1477/1729/2021 1481/1734/2032 1391/1606/1902 1390/1620/1904
f 1478/1730/2023 1482/1735/2033 1481/1734/2034 1477/1729/2024
f 1479/1731/2027 1483/1736/2035 1482/1735/2033 1478/1730/2023
f 1480/1732/2029 1484/1737/2036 1483/1736/2035 1479/1731/2027
f 1357/1733/1871 1358/1738/1869 1484/1737/2037 1480/1732/2030
f 1481/1734/2032 1485/1739/2038 1392/1595/1899 1391/1606/1902
f 1482/1735/2033 1486/1740/2039 1485/1739/2040 1481/1734/2034
f 1483/1736/2035 1487/1741/2041 1486/1740/2039 1482/1735/2033
f 1484/1737/2036 1488/1742/2042 1487/1741/2041 1483/1736/2035
f 1358/1738/1869 1359/1743/1866 1488/1742/2043 1484/1737/2037
f 1485/1739/2038 1489/1744/2044 1393/1590/1895 1392/1595/1899
f 1486/1740/2039 1490/1745/2045 1489/1744/2046 1485/1739/2040
f 1487/1741/2041 1491/1746/2047 1490/1745/2045 1486/1740/2039
f 1488/1742/2042 1492/1747/2048 1491/1746/2047 1487/1741/2041
f 1359/1743/1866 1360/1748/1862 1492/1747/2049 1488/1742/2043
f 1489/1744/2044 1493/1749/2050 1394/1591/1893 1393/1590/1895
f 1490/1745/2045 1494/1750/2051 1493/1749/2052 1489/1744/2046
f 1491/1746/2047 1495/1751/2053 1494/1750/2051 1490/1745/2045
f 1492/1747/2048 1496/1752/2054 1495/1751/2053 1491/1746/2047
f 1360/1748/1862 1361/1753/1860 1496/1752/2055 1492/1747/2049
f 1493/1749/2050 1497/1754/2056 1395/1596/1891 1394/1591/1893
f 1494/1750/2051 1498/1755/2057 1497/1754/2058 1493/1749/2052
f 1495/1751/2053 1499/1756/2059 1498/1755/2057 1494/1750/2051
f 1496/1752/2054 1500/1757/2060 1499/1756/2059 1495/1751/2053
f 1361/1753/1860 1362/1758/1858 1500/1757/2061 1496/1752/2055
f 1497/1754/2056 1501/1759/2062 1396/1607/1890 1395/1596/1891
f 1498/1755/2057 1502/1760/2063 1501/1759/2064 1497/1754/2058
f 1499/1756/2059 1503/1761/2065 1502/1760/2063 1498/1755/2057
f 1500/1757/2060 1504/1762/2066 1503/1761/2065 1499/1756/2059
f 1362/1758/1858 1363/1763/1857 1504/1762/2067 1500/1757/2061
f 1501/1759/2062 1505/1764/2068 1397/1619/1889 1396/1607/1890
f 1502/1760/2063 1506/1765/2069 1505/1764/2070 1501/1759/2064
f 1503/1761/2065 1507/1766/2071 1506/1765/2069 1502/1760/2063
f 1504/1762/2066 1508/1767/2072 1507/1766/2071 1503/1761/2065
f 1363/1763/1857 1364/1768/1856 1508/1767/2073 1504/1762/2067
f 1505/1764/2068 1509/1769/2074 1398/1613/1894 1397/1619/1889
f 1506/1765/2069 1510/1770/2075 1509/1769/2076 1505/1764/2070
f 1507/1766/2071 1511/1771/2077 1510/1770/2075 1506/1765/2069
f 1508/1767/2072 1512/1772/2078 1511/1771/2077 1507/1766/2071
f 1364/1768/1856 1365/1773/1861 1512/1772/2079 1508/1767/2073
f 1509/1769/2074 1513/1774/2080 1399/1608/1896 1398/1613/1894
f 1510/1770/2075 1514/1775/2081 1513/1774/2082 1509/1769/2076
f 1511/1771/2077 1515/1776/2083 1514/1775/2081 1510/1770/2075
f 1512/1772/2078 1516/1777/2084 1515/1776/2083 1511/1771/2077
f 1365/1773/1861 1366/1778/1863 1516/1777/2085 1512/1772/2079
f 1513/1774/2080 1517/1779/2086 1400/1602/1900 1399/1608/1896
f 1514/1775/2081 1518/1780/2087 1517/1779/2088 1513/1774/2082
f 1515/1776/2083 1519/1781/2089 1518/1780/2087 1514/1775/2081
f 1516/1777/2084 1520/1782/2090 1519/1781/2089 1515/1776/2083
f 1366/1778/1863 1367/1783/1867 1520/1782/2091 1516/1777/2085
f 1517/1779/2086 1521/1784/2092 1401/1599/1901 1400/1602/1900
f 1518/1780/2087 1522/1785/2093 1521/1784/2094 1517/1779/2088
f 1519/1781/2089 1523/1786/2095 1522/1785/2093 1518/1780/2087
f 1520/1782/2090 1524/1787/2096 1523/1786/2095 1519/1781/2089
f 1367/1783/1867 1368/1788/1868 1524/1787/2097 1520/1782/2091
f 1521/1784/2092 1525/1789/2098 1402/1603/1903 1401/1599/1901
f 1522/1785/2093 1526/1790/2099 1525/1789/2100 1521/1784/2094
f 1523/1786/2095 1527/1791/2101 1526/1790/2099 1522/1785/2093
f 1524/1787/2096 1528/1792/2102 1527/1791/2101 1523/1786/2095
f 1368/1788/1868 1369/1793/1870 1528/1792/2103 1524/1787/2097
f 1525/1789/2098 1529/1794/2104 1403/1609/1905 1402/1603/1903
f 1526/1790/2099 1530/1795/2105 1529/1794/2106 1525/1789/2100
f 1527/1791/2101 1531/1796/2107 1530/1795/2105 1526/1790/2099
f 1528/1792/2102 1532/1797/2108 1531/1796/2107 1527/1791/2101
f 1369/1793/1870 1370/1798/1872 1532/1797/2109 1528/1792/2103
f 1529/1794/2104 1533/1799/2110 1404/1612/1909 1403/1609/1905
f 1530/1795/2105 1534/1800/2111 1533/1799/2112 1529/1794/2106
f 1531/1796/2107 1535/1801/2113 1534/1800/2111 1530/1795/2105
f 1532/1797/2108 1536/1802/2114 1535/1801/2113 1531/1796/2107
f 1370/1798/1872 1371/1803/1876 1536/1802/2115 1532/1797/2109
f 1533/1799/2110 1473/1724/2020 1389/1618/1908 1404/1612/1909
f 1534/1800/2111 1474/1725/2022 1473/1724/2025 1533/1799/2112
f 1535/1801/2113 1475/1726/2026 1474/1725/2022 1534/1800/2111
f 1536/1802/2114 1476/1727/2028 1475/1726/2026 1535/1801/2113
f 1371/1803/1876 1356/1728/1875 1476/1727/2031 1536/1802/2115
o Trigger_guard
v 0.075703 -0.010230 0.007500
v 0.073859 -0.004124 0.007500
v 0.072927 0.001591 0.007500
v 0.072360 0.007150 0.007500
v 0.071611 0.012788 0.007500
v 0.171356 0.023018 0.007500
v 0.168447 0.016720 0.007500
v 0.165729 0.010487 0.007500
v 0.162629 0.004125 0.007500
v 0.158568 -0.002558 0.007500
v 0.155065 -0.007566 0.007500
v 0.151724 -0.011809 0.007500
v 0.147968 -0.015647 0.007500
v 0.143223 -0.019437 0.007500
v 0.139484 -0.021893 0.007500
v 0.135956 -0.023690 0.007500
v 0.132225 -0.025023 0.007500
v 0.127877 -0.026087 0.007500
v 0.119797 -0.027374 0.007500
v 0.112571 -0.027695 0.007500
v 0.105326 -0.027212 0.007500
v 0.097187 -0.026087 0.007500
v 0.093155 -0.025489 0.007500
v 0.089593 -0.024790 0.007500
v 0.086248 -0.023589 0.007500
v 0.082864 -0.021483 0.007500
v 0.080272 -0.019065 0.007500
v 0.078447 -0.016483 0.007500
v 0.077040 -0.013588 0.007500
v 0.091823 -0.011068 0.007500
v 0.093867 -0.013842 0.007500
v 0.096420 -0.016088 0.007500
v 0.099744 -0.017903 0.007500
v 0.105607 -0.019736 0.007500
v 0.111102 -0.020132 0.007500
v 0.116673 -0.019413 0.007500
v 0.122762 -0.017903 0.007500
v 0.126621 -0.016692 0.007500
v 0.129910 -0.015200 0.007500
v 0.132822 -0.013141 0.007500
v 0.135550 -0.010230 0.007500
v 0.140257 -0.004162 0.007500
v 0.144083 0.002078 0.007500
v 0.145561 0.008302 0.007500
v 0.143223 0.014322 0.007500
v 0.130757 0.022998 0.007500
v 0.115593 0.024401 0.007500
v 0.100434 0.019486 0.007500
v 0.087980 0.009207 0.007500
v 0.086143 0.005235 0.007500
v 0.086379 0.001082 0.007500
v 0.087926 -0.003228 0.007500
v 0.090026 -0.007673 0.007500
v 0.075703 -0.010230 -0.007500
v 0.073859 -0.004124 -0.007500
v 0.072927 0.001591 -0.007500
v 0.072360 0.007150 -0.007500
v 0.071611 0.012788 -0.007500
v 0.171356 0.023018 -0.007500
v 0.168447 0.016720 -0.007500
v 0.165729 0.010487 -0.007500
v 0.162629 0.004125 -0.007500
v 0.158568 -0.002558 -0.007500
v 0.155065 -0.007566 -0.007500
v 0.151724 -0.011809 -0.007500
v 0.147968 -0.015647 -0.007500
v 0.143223 -0.019437 -0.007500
v 0.139484 -0.021893 -0.007500
v 0.135956 -0.023690 -0.007500
v 0.132225 -0.025023 -0.007500
v 0.127877 -0.026087 -0.007500
v 0.119797 -0.027374 -0.007500
v 0.112571 -0.027695 -0.007500
v 0.105326 -0.027212 -0.007500
v 0.097187 -0.026087 -0.007500
v 0.093155 -0.025489 -0.007500
v 0.089593 -0.024790 -0.007500
v 0.086248 -0.023589 -0.007500
v 0.082864 -0.021483 -0.007500
v 0.080272 -0.019065 -0.007500
v 0.078447 -0.016483 -0.007500
v 0.077040 -0.013588 -0.007500
v 0.091823 -0.011068 -0.007500
v 0.093867 -0.013842 -0.007500
v 0.096420 -0.016088 -0.007500
v 0.099744 -0.017903 -0.007500
v 0.105607 -0.019736 -0.007500
v 0.111102 -0.020132 -0.007500
v 0.116673 -0.019413 -0.007500
v 0.122762 -0.017903 -0.007500
v 0.126621 -0.016692 -0.007500
v 0.129910 -0.015200 -0.007500
v 0.132822 -0.013141 -0.007500
v 0.135550 -0.010230 -0.007500
v 0.140257 -0.004162 -0.007500
v 0.144083 0.002078 -0.007500
v 0.145561 0.008302 -0.007500
v 0.143223 0.014322 -0.007500
v 0.130757 0.022998 -0.007500
v 0.115593 0.024401 -0.007500
v 0.100434 0.019486 -0.007500
v 0.087980 0.009207 -0.007500
v 0.086143 0.005235 -0.007500
v 0.086379 0.001082 -0.007500
v 0.087926 -0.003228 -0.007500
v 0.090026 -0.007673 -0.007500
v 0.074701 -0.010580 -0.007061
v 0.074286 -0.010725 -0.006000
v 0.074286 -0.010725 0.006000
v 0.074701 -0.010580 0.007061
v 0.072823 -0.004364 -0.007061
v 0.072394 -0.004463 -0.006000
v 0.072394 -0.004463 0.006000
v 0.072823 -0.004364 0.007061
v 0.071875 0.001452 -0.007061
v 0.071439 0.001394 -0.006000
v 0.071439 0.001394 0.006000
v 0.071875 0.001452 0.007061
v 0.071307 0.007027 -0.007061
v 0.070870 0.006975 -0.006000
v 0.070870 0.006975 0.006000
v 0.071307 0.007027 0.007061
v 0.070416 0.013731 -0.007061
v 0.069921 0.014122 -0.006000
v 0.069921 0.014122 0.006000
v 0.070416 0.013731 0.007061
v 0.173099 0.024263 -0.007061
v 0.173821 0.024779 -0.006000
v 0.173821 0.024779 0.006000
v 0.173099 0.024263 0.007061
v 0.169414 0.016286 -0.007061
v 0.169815 0.016106 -0.006000
v 0.169815 0.016106 0.006000
v 0.169414 0.016286 0.007061
v 0.166693 0.010042 -0.007061
v 0.167092 0.009858 -0.006000
v 0.167092 0.009858 0.006000
v 0.166693 0.010042 0.007061
v 0.163560 0.003616 -0.007061
v 0.163946 0.003405 -0.006000
v 0.163946 0.003405 0.006000
v 0.163560 0.003616 0.007061
v 0.159456 -0.003138 -0.007061
v 0.159825 -0.003378 -0.006000
v 0.159825 -0.003378 0.006000
v 0.159456 -0.003138 0.007061
v 0.155917 -0.008198 -0.007061
v 0.156270 -0.008460 -0.006000
v 0.156270 -0.008460 0.006000
v 0.155917 -0.008198 0.007061
v 0.152522 -0.012510 -0.007061
v 0.152852 -0.012801 -0.006000
v 0.152852 -0.012801 0.006000
v 0.152522 -0.012510 0.007061
v 0.148681 -0.016435 -0.007061
v 0.148976 -0.016762 -0.006000
v 0.148976 -0.016762 0.006000
v 0.148681 -0.016435 0.007061
v 0.143846 -0.020297 -0.007061
v 0.144104 -0.020653 -0.006000
v 0.144104 -0.020653 0.006000
v 0.143846 -0.020297 0.007061
v 0.140017 -0.022811 -0.007061
v 0.140238 -0.023192 -0.006000
v 0.140238 -0.023192 0.006000
v 0.140017 -0.022811 0.007061
v 0.136377 -0.024665 -0.007061
v 0.136551 -0.025070 -0.006000
v 0.136551 -0.025070 0.006000
v 0.136377 -0.024665 0.007061
v 0.132531 -0.026040 -0.007061
v 0.132657 -0.026461 -0.006000
v 0.132657 -0.026461 0.006000
v 0.132531 -0.026040 0.007061
v 0.128087 -0.027128 -0.007061
v 0.128174 -0.027559 -0.006000
v 0.128174 -0.027559 0.006000
v 0.128087 -0.027128 0.007061
v 0.119904 -0.028431 -0.007061
v 0.119949 -0.028869 -0.006000
v 0.119949 -0.028869 0.006000
v 0.119904 -0.028431 0.007061
v 0.112560 -0.028757 -0.007061
v 0.112555 -0.029197 -0.006000
v 0.112555 -0.029197 0.006000
v 0.112560 -0.028757 0.007061
v 0.105218 -0.028268 -0.007061
v 0.105173 -0.028705 -0.006000
v 0.105173 -0.028705 0.006000
v 0.105218 -0.028268 0.007061
v 0.097036 -0.027137 -0.007061
v 0.096974 -0.027572 -0.006000
v 0.096974 -0.027572 0.006000
v 0.097036 -0.027137 0.007061
v 0.092975 -0.026534 -0.007061
v 0.092900 -0.026967 -0.006000
v 0.092900 -0.026967 0.006000
v 0.092975 -0.026534 0.007061
v 0.089310 -0.025816 -0.007061
v 0.089193 -0.026240 -0.006000
v 0.089193 -0.026240 0.006000
v 0.089310 -0.025816 0.007061
v 0.085783 -0.024549 -0.007061
v 0.085590 -0.024947 -0.006000
v 0.085590 -0.024947 0.006000
v 0.085783 -0.024549 0.007061
v 0.082216 -0.022329 -0.007061
v 0.081948 -0.022680 -0.006000
v 0.081948 -0.022680 0.006000
v 0.082216 -0.022329 0.007061
v 0.079469 -0.019766 -0.007061
v 0.079136 -0.020056 -0.006000
v 0.079136 -0.020056 0.006000
v 0.079469 -0.019766 0.007061
v 0.077531 -0.017025 -0.007061
v 0.077151 -0.017249 -0.006000
v 0.077151 -0.017249 0.006000
v 0.077531 -0.017025 0.007061
v 0.076069 -0.014017 -0.007061
v 0.075667 -0.014194 -0.006000
v 0.075667 -0.014194 0.006000
v 0.076069 -0.014017 0.007061
v 0.092723 -0.010502 -0.007061
v 0.093096 -0.010268 -0.006000
v 0.093096 -0.010268 0.006000
v 0.092723 -0.010502 0.007061
v 0.094653 -0.013121 -0.007061
v 0.094979 -0.012822 -0.006000
v 0.094979 -0.012822 0.006000
v 0.094653 -0.013121 0.007061
v 0.097032 -0.015214 -0.007061
v 0.097286 -0.014852 -0.006000
v 0.097286 -0.014852 0.006000
v 0.097032 -0.015214 0.007061
v 0.100161 -0.016922 -0.007061
v 0.100333 -0.016515 -0.006000
v 0.100333 -0.016515 0.006000
v 0.100161 -0.016922 0.007061
v 0.105806 -0.018687 -0.007061
v 0.105888 -0.018252 -0.006000
v 0.105888 -0.018252 0.006000
v 0.105806 -0.018687 0.007061
v 0.111072 -0.019066 -0.007061
v 0.111060 -0.018625 -0.006000
v 0.111060 -0.018625 0.006000
v 0.111072 -0.019066 0.007061
v 0.116477 -0.018369 -0.007061
v 0.116396 -0.017937 -0.006000
v 0.116396 -0.017937 0.006000
v 0.116477 -0.018369 0.007061
v 0.122475 -0.016881 -0.007061
v 0.122357 -0.016458 -0.006000
v 0.122357 -0.016458 0.006000
v 0.122475 -0.016881 0.007061
v 0.126242 -0.015699 -0.007061
v 0.126085 -0.015288 -0.006000
v 0.126085 -0.015288 0.006000
v 0.126242 -0.015699 0.007061
v 0.129380 -0.014275 -0.007061
v 0.129161 -0.013892 -0.006000
v 0.129161 -0.013892 0.006000
v 0.129380 -0.014275 0.007061
v 0.132122 -0.012337 -0.007061
v 0.131832 -0.012004 -0.006000
v 0.131832 -0.012004 0.006000
v 0.132122 -0.012337 0.007061
v 0.134742 -0.009541 -0.007061
v 0.134408 -0.009256 -0.006000
v 0.134408 -0.009256 0.006000
v 0.134742 -0.009541 0.007061
v 0.139383 -0.003558 -0.007061
v 0.139021 -0.003308 -0.006000
v 0.139021 -0.003308 0.006000
v 0.139383 -0.003558 0.007061
v 0.143090 0.002488 -0.007061
v 0.142679 0.002658 -0.006000
v 0.142679 0.002658 0.006000
v 0.143090 0.002488 0.007061
v 0.144453 0.008226 -0.007061
v 0.143994 0.008194 -0.006000
v 0.143994 0.008194 0.006000
v 0.144453 0.008226 0.007061
v 0.142351 0.013637 -0.007061
v 0.141990 0.013353 -0.006000
v 0.141990 0.013353 0.006000
v 0.142351 0.013637 0.007061
v 0.130381 0.021968 -0.007061
v 0.130225 0.021541 -0.006000
v 0.130225 0.021541 0.006000
v 0.130381 0.021968 0.007061
v 0.115713 0.023325 -0.007061
v 0.115763 0.022879 -0.006000
v 0.115763 0.022879 0.006000
v 0.115713 0.023325 0.007061
v 0.100953 0.018539 -0.007061
v 0.101168 0.018147 -0.006000
v 0.101168 0.018147 0.006000
v 0.100953 0.018539 0.007061
v 0.088841 0.008543 -0.007061
v 0.089198 0.008268 -0.006000
v 0.089198 0.008268 0.006000
v 0.088841 0.008543 0.007061
v 0.087217 0.005030 -0.007061
v 0.087662 0.004945 -0.006000
v 0.087662 0.004945 0.006000
v 0.087217 0.005030 0.007061
v 0.087429 0.001296 -0.007061
v 0.087864 0.001384 -0.006000
v 0.087864 0.001384 0.006000
v 0.087429 0.001296 0.007061
v 0.088907 -0.002821 -0.007061
v 0.089314 -0.002653 -0.006000
v 0.089314 -0.002653 0.006000
v 0.088907 -0.002821 0.007061
v 0.090974 -0.007198 -0.007061
v 0.091367 -0.007001 -0.006000
v 0.091367 -0.007001 0.006000
v 0.090974 -0.007198 0.007061
vn -0.0000 -0.0000 -1.0000
vn -0.1631 0.1288 0.9782
vn 0.1768 -0.0794 0.9810
vn 0.1353 0.0966 0.9861
vn 0.1794 -0.0828 0.9803
vn -0.1919 -0.0225 0.9812
vn 0.1169 -0.0902 0.9890
vn -0.1276 -0.0088 0.9918
vn 0.1759 -0.0960 0.9797
vn 0.1582 -0.0301 0.9869
vn -0.1609 0.0664 0.9847
vn -0.1969 -0.0261 0.9801
vn 0.1726 0.0351 0.9844
vn 0.1665 -0.1087 0.9800
vn -0.1549 0.1071 0.9821
vn -0.1973 -0.0457 0.9793
vn 0.1747 0.0724 0.9820
vn 0.1593 -0.1183 0.9801
vn 0.1720 0.0861 0.9813
vn -0.1888 -0.0660 0.9798
vn -0.1440 0.1229 0.9819
vn 0.1512 -0.1328 0.9795
vn 0.1573 0.0988 0.9826
vn -0.1824 -0.0805 0.9799
vn -0.1196 0.1373 0.9833
vn 0.1336 0.1225 0.9834
vn 0.1355 -0.1499 0.9794
vn -0.0910 0.1587 0.9831
vn -0.1758 -0.1039 0.9789
vn 0.1036 0.1481 0.9835
vn -0.0669 0.1751 0.9823
vn 0.1177 -0.1623 0.9797
vn 0.0713 0.1680 0.9832
vn -0.1554 -0.1357 0.9785
vn -0.0517 0.1842 0.9815
vn 0.0336 0.1770 0.9836
vn -0.0347 0.1847 0.9822
vn -0.1251 -0.1633 0.9786
vn -0.0051 0.1822 0.9832
vn 0.1011 -0.1741 0.9795
vn -0.0900 -0.1860 0.9784
vn 0.0801 -0.1858 0.9793
vn -0.0541 -0.1962 0.9791
vn 0.0578 -0.1925 0.9796
vn -0.0336 -0.1949 0.9802
vn 0.0395 -0.1959 0.9798
vn -0.0278 -0.1937 0.9807
vn -0.0203 -0.1982 0.9800
vn 0.0204 -0.2005 0.9795
vn -0.0022 -0.2014 0.9795
vn -0.0000 -0.0000 1.0000
vn -0.1631 0.1288 -0.9782
vn 0.1353 0.0966 -0.9861
vn 0.1768 -0.0794 -0.9810
vn 0.1794 -0.0828 -0.9803
vn -0.1919 -0.0225 -0.9812
vn 0.1169 -0.0902 -0.9890
vn -0.1276 -0.0088 -0.9918
vn 0.1759 -0.0960 -0.9797
vn 0.1582 -0.0301 -0.9869
vn -0.1609 0.0664 -0.9847
vn -0.1969 -0.0261 -0.9801
vn 0.1726 0.0351 -0.9844
vn 0.1665 -0.1087 -0.9800
vn -0.1549 0.1071 -0.9821
vn -0.1973 -0.0457 -0.9793
vn 0.1747 0.0724 -0.9820
vn 0.1593 -0.1183 -0.9801
vn 0.1720 0.0861 -0.9813
vn -0.1888 -0.0660 -0.9798
vn -0.1440 0.1229 -0.9819
vn 0.1512 -0.1328 -0.9795
vn 0.1573 0.0988 -0.9826
vn -0.1824 -0.0805 -0.9799
vn -0.1196 0.1373 -0.9833
vn 0.1336 0.1225 -0.9834
vn 0.1355 -0.1499 -0.9794
vn -0.0910 0.1587 -0.9831
vn -0.1758 -0.1039 -0.9789
vn 0.1036 0.1481 -0.9835
vn -0.0669 0.1751 -0.9823
vn 0.1177 -0.1623 -0.9797
vn 0.0713 0.1680 -0.9832
vn -0.1554 -0.1357 -0.9785
vn -0.0517 0.1842 -0.9815
vn 0.0336 0.1770 -0.9836
vn -0.0347 0.1847 -0.9822
vn -0.1251 -0.1633 -0.9786
vn -0.0051 0.1822 -0.9833
vn 0.1011 -0.1741 -0.9795
vn -0.0900 -0.1860 -0.9784
vn 0.0801 -0.1858 -0.9793
vn -0.0541 -0.1962 -0.9791
vn 0.0578 -0.1925 -0.9796
vn -0.0336 -0.1949 -0.9802
vn 0.0395 -0.1959 -0.9798
vn -0.0278 -0.1937 -0.9807
vn -0.0203 -0.1982 -0.9800
vn 0.0204 -0.2005 -0.9795
vn -0.0022 -0.2014 -0.9795
vn -0.3610 -0.1261 -0.9240
vn -0.3721 -0.0862 -0.9242
vn -0.9261 -0.3235 -0.1942
vn -0.9557 -0.2213 -0.1939
vn -0.8998 -0.2083 -0.3834
vn -0.8721 -0.3047 -0.3830
vn -0.9261 -0.3235 0.1942
vn -0.9557 -0.2213 0.1939
vn -0.8721 -0.3047 0.3830
vn -0.8998 -0.2083 0.3834
vn -0.3721 -0.0862 0.9242
vn -0.3610 -0.1261 0.9240
vn -0.3792 -0.0502 -0.9239
vn -0.9724 -0.1287 -0.1945
vn -0.9158 -0.1212 -0.3828
vn -0.9724 -0.1287 0.1945
vn -0.9158 -0.1212 0.3828
vn -0.3792 -0.0502 0.9239
vn -0.3800 -0.0446 -0.9239
vn -0.9740 -0.1143 -0.1955
vn -0.9176 -0.1077 -0.3827
vn -0.9740 -0.1143 0.1955
vn -0.9176 -0.1077 0.3827
vn -0.3800 -0.0446 0.9239
vn -0.2176 0.1717 -0.9608
vn -0.9771 -0.1298 -0.1685
vn -0.9158 -0.1217 -0.3827
vn -0.9771 -0.1298 0.1685
vn -0.9158 -0.1217 0.3827
vn -0.2176 0.1717 0.9608
vn -0.0390 0.3807 -0.9239
vn -0.1006 0.9806 -0.1685
vn -0.1009 0.9836 -0.1497
vn -0.0943 0.9191 -0.3827
vn -0.1006 0.9806 0.1685
vn -0.1009 0.9836 0.1497
vn -0.0943 0.9191 0.3827
vn -0.0390 0.3807 0.9239
vn 0.3474 -0.1605 -0.9239
vn 0.3491 -0.1567 -0.9239
vn 0.8976 -0.4146 -0.1497
vn 0.8947 -0.4016 -0.1954
vn 0.8429 -0.3783 -0.3827
vn 0.8387 -0.3874 -0.3827
vn 0.8976 -0.4146 0.1497
vn 0.8947 -0.4016 0.1954
vn 0.8387 -0.3874 0.3827
vn 0.8429 -0.3783 0.3827
vn 0.3491 -0.1567 0.9239
vn 0.3474 -0.1605 0.9239
vn 0.3474 -0.1603 -0.9239
vn 0.8906 -0.4109 -0.1946
vn 0.8389 -0.3870 -0.3828
vn 0.8906 -0.4109 0.1946
vn 0.8389 -0.3871 0.3828
vn 0.3474 -0.1603 0.9239
vn 0.3356 -0.1832 -0.9240
vn 0.8610 -0.4701 -0.1942
vn 0.8107 -0.4427 -0.3830
vn 0.8610 -0.4701 0.1942
vn 0.8107 -0.4427 0.3830
vn 0.3356 -0.1832 0.9240
vn 0.3203 -0.2090 -0.9239
vn 0.8215 -0.5361 -0.1944
vn 0.7736 -0.5049 -0.3829
vn 0.8215 -0.5361 0.1944
vn 0.7736 -0.5049 0.3829
vn 0.3203 -0.2090 0.9239
vn 0.3072 -0.2280 -0.9239
vn 0.7876 -0.5847 -0.1945
vn 0.7417 -0.5507 -0.3828
vn 0.7876 -0.5847 0.1945
vn 0.7417 -0.5507 0.3828
vn 0.3072 -0.2280 0.9239
vn 0.2872 -0.2522 -0.9241
vn 0.7370 -0.6474 -0.1941
vn 0.6940 -0.6096 -0.3832
vn 0.7370 -0.6474 0.1941
vn 0.6940 -0.6096 0.3832
vn 0.2872 -0.2522 0.9241
vn 0.2562 -0.2834 -0.9241
vn 0.6579 -0.7277 -0.1940
vn 0.6194 -0.6851 -0.3833
vn 0.6579 -0.7277 0.1940
vn 0.6194 -0.6851 0.3833
vn 0.2562 -0.2834 0.9241
vn 0.2245 -0.3095 -0.9240
vn 0.5759 -0.7941 -0.1942
vn 0.5423 -0.7478 -0.3830
vn 0.5759 -0.7941 0.1942
vn 0.5423 -0.7478 0.3830
vn 0.2245 -0.3095 0.9240
vn 0.1919 -0.3305 -0.9241
vn 0.4926 -0.8483 -0.1941
vn 0.4638 -0.7988 -0.3832
vn 0.4926 -0.8483 0.1941
vn 0.4638 -0.7988 0.3832
vn 0.1919 -0.3305 0.9241
vn 0.1513 -0.3508 -0.9242
vn 0.3885 -0.9008 -0.1939
vn 0.3658 -0.8481 -0.3834
vn 0.3885 -0.9008 0.1939
vn 0.3658 -0.8481 0.3834
vn 0.1513 -0.3508 0.9242
vn 0.1099 -0.3661 -0.9241
vn 0.2820 -0.9396 -0.1941
vn 0.2656 -0.8847 -0.3831
vn 0.2820 -0.9396 0.1941
vn 0.2656 -0.8847 0.3831
vn 0.1099 -0.3661 0.9241
vn 0.0756 -0.3749 -0.9240
vn 0.1939 -0.9616 -0.1943
vn 0.1826 -0.9055 -0.3830
vn 0.1939 -0.9616 0.1943
vn 0.1826 -0.9055 0.3830
vn 0.0756 -0.3749 0.9240
vn 0.0386 -0.3802 -0.9241
vn 0.0991 -0.9760 -0.1940
vn 0.0933 -0.9189 -0.3832
vn 0.0991 -0.9760 0.1940
vn 0.0933 -0.9189 0.3832
vn 0.0386 -0.3802 0.9241
vn -0.0042 -0.3822 -0.9241
vn -0.0109 -0.9809 -0.1941
vn -0.0103 -0.9236 -0.3832
vn -0.0109 -0.9809 0.1941
vn -0.0103 -0.9236 0.3832
vn -0.0042 -0.3822 0.9241
vn -0.0389 -0.3805 -0.9240
vn -0.0998 -0.9758 -0.1944
vn -0.0940 -0.9190 -0.3829
vn -0.0998 -0.9758 0.1944
vn -0.0940 -0.9190 0.3829
vn -0.0389 -0.3805 0.9240
vn -0.0543 -0.3788 -0.9239
vn -0.1391 -0.9709 -0.1950
vn -0.1310 -0.9145 -0.3827
vn -0.1391 -0.9709 0.1950
vn -0.1310 -0.9145 0.3827
vn -0.0543 -0.3788 0.9239
vn -0.0649 -0.3770 -0.9239
vn -0.1664 -0.9667 -0.1946
vn -0.1567 -0.9104 -0.3828
vn -0.1664 -0.9667 0.1946
vn -0.1567 -0.9104 0.3828
vn -0.0649 -0.3770 0.9239
vn -0.1015 -0.3680 -0.9243
vn -0.2609 -0.9457 -0.1938
vn -0.2456 -0.8902 -0.3836
vn -0.2609 -0.9457 0.1938
vn -0.2456 -0.8902 0.3836
vn -0.1015 -0.3680 0.9243
vn -0.1659 -0.3428 -0.9246
vn -0.4274 -0.8831 -0.1936
vn -0.4021 -0.8309 -0.3845
vn -0.4274 -0.8831 0.1936
vn -0.4021 -0.8309 0.3845
vn -0.1659 -0.3428 0.9246
vn -0.2318 -0.3026 -0.9245
vn -0.5967 -0.7788 -0.1936
vn -0.5615 -0.7329 -0.3842
vn -0.5967 -0.7788 0.1936
vn -0.5615 -0.7329 0.3842
vn -0.2318 -0.3026 0.9245
vn -0.2870 -0.2506 -0.9246
vn -0.7390 -0.6452 -0.1936
vn -0.6954 -0.6072 -0.3844
vn -0.7390 -0.6452 0.1936
vn -0.6954 -0.6072 0.3844
vn -0.2870 -0.2506 0.9246
vn -0.3285 -0.1942 -0.9243
vn -0.8445 -0.4993 -0.1938
vn -0.7949 -0.4700 -0.3838
vn -0.8445 -0.4993 0.1938
vn -0.7949 -0.4700 0.3838
vn -0.3285 -0.1942 0.9243
vn -0.3499 -0.1544 -0.9240
vn -0.8974 -0.3960 -0.1943
vn -0.8451 -0.3730 -0.3829
vn -0.8974 -0.3960 0.1943
vn -0.8451 -0.3730 0.3829
vn -0.3499 -0.1544 0.9240
vn 0.3233 0.2031 -0.9243
vn 0.2807 0.2574 -0.9247
vn 0.8301 0.5215 -0.1974
vn 0.7223 0.6624 -0.1987
vn 0.6803 0.6239 -0.3846
vn 0.7820 0.4913 -0.3836
vn 0.8301 0.5215 0.1974
vn 0.7223 0.6624 0.1987
vn 0.7820 0.4913 0.3836
vn 0.6803 0.6239 0.3846
vn 0.2807 0.2574 0.9247
vn 0.3233 0.2031 0.9243
vn 0.2183 0.3119 -0.9247
vn 0.5619 0.8029 -0.1989
vn 0.5293 0.7562 -0.3847
vn 0.5619 0.8029 0.1989
vn 0.5293 0.7562 0.3847
vn 0.2183 0.3119 0.9247
vn 0.1489 0.3508 -0.9245
vn 0.3829 0.9023 -0.1983
vn 0.3607 0.8499 -0.3843
vn 0.3829 0.9023 0.1983
vn 0.3607 0.8499 0.3843
vn 0.1489 0.3508 0.9245
vn 0.0709 0.3738 -0.9248
vn 0.1827 0.9628 -0.1991
vn 0.1720 0.9068 -0.3849
vn 0.1827 0.9628 0.1991
vn 0.1720 0.9068 0.3849
vn 0.0709 0.3738 0.9248
vn -0.0107 0.3809 -0.9246
vn -0.0276 0.9797 -0.1984
vn -0.0260 0.9228 -0.3843
vn -0.0276 0.9797 0.1984
vn -0.0260 0.9228 0.3843
vn -0.0107 0.3809 0.9246
vn -0.0706 0.3756 -0.9241
vn -0.1810 0.9636 -0.1968
vn -0.1705 0.9078 -0.3832
vn -0.1810 0.9636 0.1968
vn -0.1705 0.9078 0.3832
vn -0.0706 0.3756 0.9241
vn -0.1034 0.3683 -0.9239
vn -0.2650 0.9441 -0.1959
vn -0.2496 0.8894 -0.3828
vn -0.2650 0.9441 0.1959
vn -0.2496 0.8894 0.3828
vn -0.1034 0.3683 0.9239
vn -0.1364 0.3569 -0.9241
vn -0.3500 0.9158 -0.1969
vn -0.3297 0.8628 -0.3833
vn -0.3500 0.9158 0.1969
vn -0.3297 0.8628 0.3833
vn -0.1364 0.3569 0.9241
vn -0.1896 0.3307 -0.9245
vn -0.4876 0.8503 -0.1982
vn -0.4593 0.8009 -0.3842
vn -0.4876 0.8503 0.1982
vn -0.4593 0.8009 0.3842
vn -0.1896 0.3307 0.9245
vn -0.2503 0.2873 -0.9246
vn -0.6438 0.7390 -0.1984
vn -0.6064 0.6961 -0.3844
vn -0.6438 0.7390 0.1984
vn -0.6064 0.6961 0.3844
vn -0.2503 0.2873 0.9246
vn -0.2908 0.2482 -0.9240
vn -0.7459 0.6364 -0.1964
vn -0.7027 0.5996 -0.3830
vn -0.7459 0.6364 0.1964
vn -0.7027 0.5996 0.3830
vn -0.2908 0.2482 0.9240
vn -0.3144 0.2174 -0.9241
vn -0.8065 0.5576 -0.1967
vn -0.7598 0.5253 -0.3832
vn -0.8065 0.5576 0.1967
vn -0.7598 0.5253 0.3832
vn -0.3144 0.2174 0.9241
vn -0.3499 0.1445 -0.9256
vn -0.9054 0.3739 -0.2012
vn -0.8523 0.3520 -0.3868
vn -0.9054 0.3739 0.2012
vn -0.8523 0.3520 0.3868
vn -0.3499 0.1445 0.9256
vn -0.3669 -0.0252 -0.9299
vn -0.9751 -0.0671 -0.2113
vn -0.9152 -0.0630 -0.3980
vn -0.9751 -0.0671 0.2113
vn -0.9152 -0.0630 0.3980
vn -0.3669 -0.0252 0.9299
vn -0.2895 -0.2278 -0.9297
vn -0.7682 -0.6045 -0.2108
vn -0.7212 -0.5674 -0.3974
vn -0.7682 -0.6045 0.2108
vn -0.7212 -0.5674 0.3974
vn -0.2895 -0.2278 0.9297
vn -0.1275 -0.3492 -0.9283
vn -0.3356 -0.9188 -0.2077
vn -0.3153 -0.8634 -0.3938
vn -0.3356 -0.9188 0.2077
vn -0.3153 -0.8634 0.3938
vn -0.1275 -0.3492 0.9283
vn 0.0415 -0.3737 -0.9266
vn 0.1081 -0.9730 -0.2039
vn 0.1017 -0.9154 -0.3895
vn 0.1081 -0.9730 0.2039
vn 0.1017 -0.9154 0.3895
vn 0.0415 -0.3737 0.9266
vn 0.1813 -0.3304 -0.9263
vn 0.4710 -0.8585 -0.2029
vn 0.4432 -0.8079 -0.3885
vn 0.4710 -0.8585 0.2029
vn 0.4432 -0.8079 0.3885
vn 0.1813 -0.3304 0.9263
vn 0.2965 -0.2287 -0.9272
vn 0.7750 -0.5977 -0.2053
vn 0.7288 -0.5621 -0.3910
vn 0.7750 -0.5977 0.2053
vn 0.7288 -0.5621 0.3910
vn 0.2965 -0.2287 0.9272
vn 0.3663 -0.0698 -0.9279
vn 0.9611 -0.1830 -0.2067
vn 0.9034 -0.1721 -0.3927
vn 0.9611 -0.1830 0.2067
vn 0.9034 -0.1721 0.3927
vn 0.3663 -0.0698 0.9279
vn 0.3717 0.0756 -0.9253
vn 0.9600 0.1953 -0.2005
vn 0.9039 0.1839 -0.3861
vn 0.9600 0.1953 0.2005
vn 0.9039 0.1839 0.3861
vn 0.3717 0.0756 0.9253
vn 0.3532 0.1464 -0.9240
vn 0.9058 0.3755 -0.1964
vn 0.8533 0.3538 -0.3831
vn 0.9058 0.3755 0.1965
vn 0.8533 0.3538 0.3831
vn 0.3532 0.1464 0.9240
vn 0.3421 0.1712 -0.9239
vn 0.8770 0.4389 -0.1957
vn 0.8262 0.4135 -0.3828
vn 0.8770 0.4389 0.1957
vn 0.8262 0.4135 0.3828
vn 0.3421 0.1712 0.9239
vt 0.903846 0.000000
vt 0.884615 0.000000
vt 0.865385 0.000000
vt 0.076923 0.000000
vt 0.115385 0.000000
vt 0.096154 0.000000
vt 0.846154 0.000000
vt 0.923077 0.000000
vt 0.134615 0.000000
vt 0.826923 0.000000
vt 0.057692 0.000000
vt 0.153846 0.000000
vt 0.942308 0.000000
vt 0.807692 0.000000
vt 0.038462 0.000000
vt 0.961538 0.000000
vt 0.173077 0.000000
vt 0.788462 0.000000
vt 0.019231 0.000000
vt 0.980769 0.000000
vt 0.192308 0.000000
vt 1.000000 0.000000
vt 0.000000 0.000000
vt 0.769231 0.000000
vt 0.211538 0.000000
vt 0.557692 0.000000
vt 0.538462 0.000000
vt 0.750000 0.000000
vt 0.576923 0.000000
vt 0.230769 0.000000
vt 0.730769 0.000000
vt 0.519231 0.000000
vt 0.596154 0.000000
vt 0.711538 0.000000
vt 0.250000 0.000000
vt 0.615385 0.000000
vt 0.500000 0.000000
vt 0.692308 0.000000
vt 0.634615 0.000000
vt 0.673077 0.000000
vt 0.480769 0.000000
vt 0.653846 0.000000
vt 0.269231 0.000000
vt 0.461538 0.000000
vt 0.288462 0.000000
vt 0.442308 0.000000
vt 0.307692 0.000000
vt 0.423077 0.000000
vt 0.326923 0.000000
vt 0.403846 0.000000
vt 0.384615 0.000000
vt 0.346154 0.000000
vt 0.365385 0.000000
vt 0.000000 0.200000
vt 0.034483 0.200000
vt 0.034483 0.000000
vt 0.000000 0.400000
vt 0.034483 0.400000
vt 0.000000 0.600000
vt 0.034483 0.600000
vt 0.000000 0.800000
vt 0.034483 0.800000
vt 0.000000 1.000000
vt 0.034483 1.000000
vt 0.068966 0.200000
vt 0.068966 0.000000
vt 0.068966 0.400000
vt 0.068966 0.600000
vt 0.068966 0.800000
vt 0.068966 1.000000
vt 0.103448 0.200000
vt 0.103448 0.000000
vt 0.103448 0.400000
vt 0.103448 0.600000
vt 0.103448 0.800000
vt 0.103448 1.000000
vt 0.137931 0.200000
vt 0.137931 0.000000
vt 0.137931 0.400000
vt 0.137931 0.600000
vt 0.137931 0.800000
vt 0.137931 1.000000
vt 0.172414 0.200000
vt 0.172414 0.000000
vt 0.172414 0.400000
vt 0.172414 0.600000
vt 0.172414 0.800000
vt 0.172414 1.000000
vt 0.206897 0.200000
vt 0.206897 0.000000
vt 0.206897 0.400000
vt 0.206897 0.600000
vt 0.206897 0.800000
vt 0.206897 1.000000
vt 0.241379 0.200000
vt 0.241379 0.000000
vt 0.241379 0.400000
vt 0.241379 0.600000
vt 0.241379 0.800000
vt 0.241379 1.000000
vt 0.275862 0.200000
vt 0.275862 0.000000
vt 0.275862 0.400000
vt 0.275862 0.600000
vt 0.275862 0.800000
vt 0.275862 1.000000
vt 0.310345 0.200000
vt 0.310345 0.000000
vt 0.310345 0.400000
vt 0.310345 0.600000
vt 0.310345 0.800000
vt 0.310345 1.000000
vt 0.344828 0.200000
vt 0.344828 0.000000
vt 0.344828 0.400000
vt 0.344828 0.600000
vt 0.344828 0.800000
vt 0.344828 1.000000
vt 0.379310 0.200000
vt 0.379310 0.000000
vt 0.379310 0.400000
vt 0.379310 0.600000
vt 0.379310 0.800000
vt 0.379310 1.000000
vt 0.413793 0.200000
vt 0.413793 0.000000
vt 0.413793 0.400000
vt 0.413793 0.600000
vt 0.413793 0.800000
vt 0.413793 1.000000
vt 0.448276 0.200000
vt 0.448276 0.000000
vt 0.448276 0.400000
vt 0.448276 0.600000
vt 0.448276 0.800000
vt 0.448276 1.000000
vt 0.482759 0.200000
vt 0.482759 0.000000
vt 0.482759 0.400000
vt 0.482759 0.600000
vt 0.482759 0.800000
vt 0.482759 1.000000
vt 0.517241 0.200000
vt 0.517241 0.000000
vt 0.517241 0.400000
vt 0.517241 0.600000
vt 0.517241 0.800000
vt 0.517241 1.000000
vt 0.551724 0.200000
vt 0.551724 0.000000
vt 0.551724 0.400000
vt 0.551724 0.600000
vt 0.551724 0.800000
vt 0.551724 1.000000
vt 0.586207 0.200000
vt 0.586207 0.000000
vt 0.586207 0.400000
vt 0.586207 0.600000
vt 0.586207 0.800000
vt 0.586207 1.000000
vt 0.620690 0.200000
vt 0.620690 0.000000
vt 0.620690 0.400000
vt 0.620690 0.600000
vt 0.620690 0.800000
vt 0.620690 1.000000
vt 0.655172 0.200000
vt 0.655172 0.000000
vt 0.655172 0.400000
vt 0.655172 0.600000
vt 0.655172 0.800000
vt 0.655172 1.000000
vt 0.689655 0.200000
vt 0.689655 0.000000
vt 0.689655 0.400000
vt 0.689655 0.600000
vt 0.689655 0.800000
vt 0.689655 1.000000
vt 0.724138 0.200000
vt 0.724138 0.000000
vt 0.724138 0.400000
vt 0.724138 0.600000
vt 0.724138 0.800000
vt 0.724138 1.000000
vt 0.758621 0.200000
vt 0.758621 0.000000
vt 0.758621 0.400000
vt 0.758621 0.600000
vt 0.758621 0.800000
vt 0.758621 1.000000
vt 0.793103 0.200000
vt 0.793103 0.000000
vt 0.793103 0.400000
vt 0.793103 0.600000
vt 0.793103 0.800000
vt 0.793103 1.000000
vt 0.827586 0.200000
vt 0.827586 0.000000
vt 0.827586 0.400000
vt 0.827586 0.600000
vt 0.827586 0.800000
vt 0.827586 1.000000
vt 0.862069 0.200000
vt 0.862069 0.000000
vt 0.862069 0.400000
vt 0.862069 0.600000
vt 0.862069 0.800000
vt 0.862069 1.000000
vt 0.896552 0.200000
vt 0.896552 0.000000
vt 0.896552 0.400000
vt 0.896552 0.600000
vt 0.896552 0.800000
vt 0.896552 1.000000
vt 0.931035 0.200000
vt 0.931035 0.000000
vt 0.931035 0.400000
vt 0.931035 0.600000
vt 0.931035 0.800000
vt 0.931035 1.000000
vt 0.965517 0.200000
vt 0.965517 0.000000
vt 0.965517 0.400000
vt 0.965517 0.600000
vt 0.965517 0.800000
vt 0.965517 1.000000
vt 1.000000 0.200000
vt 1.000000 0.400000
vt 1.000000 0.600000
vt 1.000000 0.800000
vt 1.000000 1.000000
vt 0.041667 0.200000
vt 0.041667 0.000000
vt 0.041667 0.400000
vt 0.041667 0.600000
vt 0.041667 0.800000
vt 0.041667 1.000000
vt 0.083333 0.200000
vt 0.083333 0.000000
vt 0.083333 0.400000
vt 0.083333 0.600000
vt 0.083333 0.800000
vt 0.083333 1.000000
vt 0.125000 0.200000
vt 0.125000 0.000000
vt 0.125000 0.400000
vt 0.125000 0.600000
vt 0.125000 0.800000
vt 0.125000 1.000000
vt 0.166667 0.200000
vt 0.166667 0.000000
vt 0.166667 0.400000
vt 0.166667 0.600000
vt 0.166667 0.800000
vt 0.166667 1.000000
vt 0.208333 0.200000
vt 0.208333 0.000000
vt 0.208333 0.400000
vt 0.208333 0.600000
vt 0.208333 0.800000
vt 0.208333 1.000000
vt 0.250000 0.200000
vt 0.250000 0.400000
vt 0.250000 0.600000
vt 0.250000 0.800000
vt 0.250000 1.000000
vt 0.291667 0.200000
vt 0.291667 0.000000
vt 0.291667 0.400000
vt 0.291667 0.600000
vt 0.291667 0.800000
vt 0.291667 1.000000
vt 0.333333 0.200000
vt 0.333333 0.000000
vt 0.333333 0.400000
vt 0.333333 0.600000
vt 0.333333 0.800000
vt 0.333333 1.000000
vt 0.375000 0.200000
vt 0.375000 0.000000
vt 0.375000 0.400000
vt 0.375000 0.600000
vt 0.375000 0.800000
vt 0.375000 1.000000
vt 0.416667 0.200000
vt 0.416667 0.000000
vt 0.416667 0.400000
vt 0.416667 0.600000
vt 0.416667 0.800000
vt 0.416667 1.000000
vt 0.458333 0.200000
vt 0.458333 0.000000
vt 0.458333 0.400000
vt 0.458333 0.600000
vt 0.458333 0.800000
vt 0.458333 1.000000
vt 0.500000 0.200000
vt 0.500000 0.400000
vt 0.500000 0.600000
vt 0.500000 0.800000
vt 0.500000 1.000000
vt 0.541667 0.200000
vt 0.541667 0.000000
vt 0.541667 0.400000
vt 0.541667 0.600000
vt 0.541667 0.800000
vt 0.541667 1.000000
vt 0.583333 0.200000
vt 0.583333 0.000000
vt 0.583333 0.400000
vt 0.583333 0.600000
vt 0.583333 0.800000
vt 0.583333 1.000000
vt 0.625000 0.200000
vt 0.625000 0.000000
vt 0.625000 0.400000
vt 0.625000 0.600000
vt 0.625000 0.800000
vt 0.625000 1.000000
vt 0.666667 0.200000
vt 0.666667 0.000000
vt 0.666667 0.400000
vt 0.666667 0.600000
vt 0.666667 0.800000
vt 0.666667 1.000000
vt 0.708333 0.200000
vt 0.708333 0.000000
vt 0.708333 0.400000
vt 0.708333 0.600000
vt 0.708333 0.800000
vt 0.708333 1.000000
vt 0.750000 0.200000
vt 0.750000 0.400000
vt 0.750000 0.600000
vt 0.750000 0.800000
vt 0.750000 1.000000
vt 0.791667 0.200000
vt 0.791667 0.000000
vt 0.791667 0.400000
vt 0.791667 0.600000
vt 0.791667 0.800000
vt 0.791667 1.000000
vt 0.833333 0.200000
vt 0.833333 0.000000
vt 0.833333 0.400000
vt 0.833333 0.600000
vt 0.833333 0.800000
vt 0.833333 1.000000
vt 0.875000 0.200000
vt 0.875000 0.000000
vt 0.875000 0.400000
vt 0.875000 0.600000
vt 0.875000 0.800000
vt 0.875000 1.000000
vt 0.916667 0.200000
vt 0.916667 0.000000
vt 0.916667 0.400000
vt 0.916667 0.600000
vt 0.916667 0.800000
vt 0.916667 1.000000
vt 0.958333 0.200000
vt 0.958333 0.000000
vt 0.958333 0.400000
vt 0.958333 0.600000
vt 0.958333 0.800000
vt 0.958333 1.000000
s 1
usemtl Gold_|_polished_trim
f 1584/1804/2116 1583/1805/2116 1582/1806/2116
f 1541/1807/2117 1543/1808/2118 1542/1809/2119
f 1584/1804/2116 1582/1806/2116 1581/1810/2116
f 1585/1811/2116 1584/1804/2116 1581/1810/2116
f 1541/1807/2117 1544/1812/2120 1543/1808/2118
f 1585/1811/2116 1581/1810/2116 1580/1813/2116
f 1540/1814/2121 1585/1811/2122 1541/1807/2117
f 1585/1811/2122 1544/1812/2120 1541/1807/2117
f 1585/1811/2122 1580/1813/2123 1544/1812/2120
f 1580/1813/2123 1545/1815/2124 1544/1812/2120
f 1540/1814/2121 1586/1816/2125 1585/1811/2122
f 1579/1817/2126 1545/1815/2124 1580/1813/2123
f 1539/1818/2127 1586/1816/2125 1540/1814/2121
f 1539/1818/2127 1587/1819/2128 1586/1816/2125
f 1579/1817/2126 1546/1820/2129 1545/1815/2124
f 1578/1821/2130 1546/1820/2129 1579/1817/2126
f 1538/1822/2131 1587/1819/2128 1539/1818/2127
f 1538/1822/2131 1588/1823/2132 1587/1819/2128
f 1578/1821/2130 1547/1824/2133 1546/1820/2129
f 1538/1822/2131 1589/1825/2134 1588/1823/2132
f 1537/1826/2135 1589/1825/2134 1538/1822/2131
f 1577/1827/2136 1547/1824/2133 1578/1821/2130
f 1577/1827/2136 1548/1828/2137 1547/1824/2133
f 1537/1826/2135 1566/1829/2138 1589/1825/2134
f 1565/1830/2139 1566/1829/2138 1537/1826/2135
f 1576/1831/2140 1548/1828/2137 1577/1827/2136
f 1565/1830/2139 1567/1832/2141 1566/1829/2138
f 1576/1831/2140 1549/1833/2142 1548/1828/2137
f 1575/1834/2143 1549/1833/2142 1576/1831/2140
f 1564/1835/2144 1567/1832/2141 1565/1830/2139
f 1564/1835/2144 1568/1836/2145 1567/1832/2141
f 1574/1837/2146 1549/1833/2142 1575/1834/2143
f 1574/1837/2146 1550/1838/2147 1549/1833/2142
f 1564/1835/2144 1569/1839/2148 1568/1836/2145
f 1563/1840/2149 1569/1839/2148 1564/1835/2144
f 1573/1841/2150 1550/1838/2147 1574/1837/2146
f 1563/1840/2149 1570/1842/2151 1569/1839/2148
f 1572/1843/2152 1550/1838/2147 1573/1841/2150
f 1562/1844/2153 1570/1842/2151 1563/1840/2149
f 1571/1845/2154 1550/1838/2147 1572/1843/2152
f 1571/1845/2154 1551/1846/2155 1550/1838/2147
f 1562/1844/2153 1571/1845/2154 1570/1842/2151
f 1562/1844/2153 1551/1846/2155 1571/1845/2154
f 1561/1847/2156 1551/1846/2155 1562/1844/2153
f 1561/1847/2156 1552/1848/2157 1551/1846/2155
f 1560/1849/2158 1552/1848/2157 1561/1847/2156
f 1560/1849/2158 1553/1850/2159 1552/1848/2157
f 1559/1851/2160 1553/1850/2159 1560/1849/2158
f 1559/1851/2160 1554/1852/2161 1553/1850/2159
f 1558/1853/2162 1554/1852/2161 1559/1851/2160
f 1557/1854/2163 1554/1852/2161 1558/1853/2162
f 1557/1854/2163 1555/1855/2164 1554/1852/2161
f 1556/1856/2165 1555/1855/2164 1557/1854/2163
f 1637/1804/2166 1635/1806/2166 1636/1805/2166
f 1594/1807/2167 1595/1809/2168 1596/1808/2169
f 1637/1804/2166 1634/1810/2166 1635/1806/2166
f 1638/1811/2166 1634/1810/2166 1637/1804/2166
f 1594/1807/2167 1596/1808/2169 1597/1812/2170
f 1638/1811/2166 1633/1813/2166 1634/1810/2166
f 1593/1814/2171 1594/1807/2167 1638/1811/2172
f 1638/1811/2172 1594/1807/2167 1597/1812/2170
f 1638/1811/2172 1597/1812/2170 1633/1813/2173
f 1633/1813/2173 1597/1812/2170 1598/1815/2174
f 1593/1814/2171 1638/1811/2172 1639/1816/2175
f 1632/1817/2176 1633/1813/2173 1598/1815/2174
f 1592/1818/2177 1593/1814/2171 1639/1816/2175
f 1592/1818/2177 1639/1816/2175 1640/1819/2178
f 1632/1817/2176 1598/1815/2174 1599/1820/2179
f 1631/1821/2180 1632/1817/2176 1599/1820/2179
f 1591/1822/2181 1592/1818/2177 1640/1819/2178
f 1591/1822/2181 1640/1819/2178 1641/1823/2182
f 1631/1821/2180 1599/1820/2179 1600/1824/2183
f 1591/1822/2181 1641/1823/2182 1642/1825/2184
f 1590/1826/2185 1591/1822/2181 1642/1825/2184
f 1630/1827/2186 1631/1821/2180 1600/1824/2183
f 1630/1827/2186 1600/1824/2183 1601/1828/2187
f 1590/1826/2185 1642/1825/2184 1619/1829/2188
f 1618/1830/2189 1590/1826/2185 1619/1829/2188
f 1629/1831/2190 1630/1827/2186 1601/1828/2187
f 1618/1830/2189 1619/1829/2188 1620/1832/2191
f 1629/1831/2190 1601/1828/2187 1602/1833/2192
f 1628/1834/2193 1629/1831/2190 1602/1833/2192
f 1617/1835/2194 1618/1830/2189 1620/1832/2191
f 1617/1835/2194 1620/1832/2191 1621/1836/2195
f 1627/1837/2196 1628/1834/2193 1602/1833/2192
f 1627/1837/2196 1602/1833/2192 1603/1838/2197
f 1617/1835/2194 1621/1836/2195 1622/1839/2198
f 1616/1840/2199 1617/1835/2194 1622/1839/2198
f 1626/1841/2200 1627/1837/2196 1603/1838/2197
f 1616/1840/2199 1622/1839/2198 1623/1842/2201
f 1625/1843/2202 1626/1841/2200 1603/1838/2197
f 1615/1844/2203 1616/1840/2199 1623/1842/2201
f 1624/1845/2204 1625/1843/2202 1603/1838/2197
f 1624/1845/2204 1603/1838/2197 1604/1846/2205
f 1615/1844/2203 1623/1842/2201 1624/1845/2204
f 1615/1844/2203 1624/1845/2204 1604/1846/2205
f 1614/1847/2206 1615/1844/2203 1604/1846/2205
f 1614/1847/2206 1604/1846/2205 1605/1848/2207
f 1613/1849/2208 1614/1847/2206 1605/1848/2207
f 1613/1849/2208 1605/1848/2207 1606/1850/2209
f 1612/1851/2210 1613/1849/2208 1606/1850/2209
f 1612/1851/2210 1606/1850/2209 1607/1852/2211
f 1611/1853/2212 1612/1851/2210 1607/1852/2211
f 1610/1854/2213 1611/1853/2212 1607/1852/2211
f 1610/1854/2213 1607/1852/2211 1608/1855/2214
f 1609/1856/2215 1610/1854/2213 1608/1855/2214
f 1643/1857/2216 1647/1858/2217 1591/1859/2181 1590/1826/2185
f 1644/1860/2218 1648/1861/2219 1647/1858/2220 1643/1857/2221
f 1645/1862/2222 1649/1863/2223 1648/1861/2219 1644/1860/2218
f 1646/1864/2224 1650/1865/2225 1649/1863/2223 1645/1862/2222
f 1537/1866/2135 1538/1867/2131 1650/1865/2226 1646/1864/2227
f 1647/1858/2217 1651/1868/2228 1592/1869/2177 1591/1859/2181
f 1648/1861/2219 1652/1870/2229 1651/1868/2230 1647/1858/2220
f 1649/1863/2223 1653/1871/2231 1652/1870/2229 1648/1861/2219
f 1650/1865/2225 1654/1872/2232 1653/1871/2231 1649/1863/2223
f 1538/1867/2131 1539/1873/2127 1654/1872/2233 1650/1865/2226
f 1651/1868/2228 1655/1874/2234 1593/1875/2171 1592/1869/2177
f 1652/1870/2229 1656/1876/2235 1655/1874/2236 1651/1868/2230
f 1653/1871/2231 1657/1877/2237 1656/1876/2235 1652/1870/2229
f 1654/1872/2232 1658/1878/2238 1657/1877/2237 1653/1871/2231
f 1539/1873/2127 1540/1879/2121 1658/1878/2239 1654/1872/2233
f 1655/1874/2234 1659/1880/2240 1594/1881/2167 1593/1875/2171
f 1656/1876/2235 1660/1882/2241 1659/1880/2242 1655/1874/2236
f 1657/1877/2237 1661/1883/2243 1660/1882/2241 1656/1876/2235
f 1658/1878/2238 1662/1884/2244 1661/1883/2243 1657/1877/2237
f 1540/1879/2121 1541/1885/2117 1662/1884/2245 1658/1878/2239
f 1659/1880/2240 1663/1886/2246 1595/1887/2168 1594/1881/2167
f 1660/1882/2247 1664/1888/2248 1663/1886/2249 1659/1880/2249
f 1661/1883/2250 1665/1889/2251 1664/1888/2248 1660/1882/2247
f 1662/1884/2252 1666/1890/2252 1665/1889/2251 1661/1883/2250
f 1541/1885/2117 1542/1891/2119 1666/1890/2253 1662/1884/2245
f 1663/1886/2254 1667/1892/2255 1596/1893/2169 1595/1887/2168
f 1664/1888/2256 1668/1894/2257 1667/1892/2258 1663/1886/2259
f 1665/1889/2260 1669/1895/2261 1668/1894/2257 1664/1888/2256
f 1666/1890/2262 1670/1896/2263 1669/1895/2261 1665/1889/2260
f 1542/1891/2119 1543/1897/2118 1670/1896/2264 1666/1890/2265
f 1667/1892/2255 1671/1898/2266 1597/1899/2170 1596/1893/2169
f 1668/1894/2257 1672/1900/2267 1671/1898/2268 1667/1892/2258
f 1669/1895/2261 1673/1901/2269 1672/1900/2267 1668/1894/2257
f 1670/1896/2263 1674/1902/2270 1673/1901/2269 1669/1895/2261
f 1543/1897/2118 1544/1903/2120 1674/1902/2271 1670/1896/2264
f 1671/1898/2266 1675/1904/2272 1598/1905/2174 1597/1899/2170
f 1672/1900/2267 1676/1906/2273 1675/1904/2274 1671/1898/2268
f 1673/1901/2269 1677/1907/2275 1676/1906/2273 1672/1900/2267
f 1674/1902/2270 1678/1908/2276 1677/1907/2275 1673/1901/2269
f 1544/1903/2120 1545/1909/2124 1678/1908/2277 1674/1902/2271
f 1675/1904/2272 1679/1910/2278 1599/1911/2179 1598/1905/2174
f 1676/1906/2273 1680/1912/2279 1679/1910/2280 1675/1904/2274
f 1677/1907/2275 1681/1913/2281 1680/1912/2279 1676/1906/2273
f 1678/1908/2276 1682/1914/2282 1681/1913/2281 1677/1907/2275
f 1545/1909/2124 1546/1915/2129 1682/1914/2283 1678/1908/2277
f 1679/1910/2278 1683/1916/2284 1600/1917/2183 1599/1911/2179
f 1680/1912/2279 1684/1918/2285 1683/1916/2286 1679/1910/2280
f 1681/1913/2281 1685/1919/2287 1684/1918/2285 1680/1912/2279
f 1682/1914/2282 1686/1920/2288 1685/1919/2287 1681/1913/2281
f 1546/1915/2129 1547/1921/2133 1686/1920/2289 1682/1914/2283
f 1683/1916/2284 1687/1922/2290 1601/1923/2187 1600/1917/2183
f 1684/1918/2285 1688/1924/2291 1687/1922/2292 1683/1916/2286
f 1685/1919/2287 1689/1925/2293 1688/1924/2291 1684/1918/2285
f 1686/1920/2288 1690/1926/2294 1689/1925/2293 1685/1919/2287
f 1547/1921/2133 1548/1927/2137 1690/1926/2295 1686/1920/2289
f 1687/1922/2290 1691/1928/2296 1602/1929/2192 1601/1923/2187
f 1688/1924/2291 1692/1930/2297 1691/1928/2298 1687/1922/2292
f 1689/1925/2293 1693/1931/2299 1692/1930/2297 1688/1924/2291
f 1690/1926/2294 1694/1932/2300 1693/1931/2299 1689/1925/2293
f 1548/1927/2137 1549/1933/2142 1694/1932/2301 1690/1926/2295
f 1691/1928/2296 1695/1934/2302 1603/1935/2197 1602/1929/2192
f 1692/1930/2297 1696/1936/2303 1695/1934/2304 1691/1928/2298
f 1693/1931/2299 1697/1937/2305 1696/1936/2303 1692/1930/2297
f 1694/1932/2300 1698/1938/2306 1697/1937/2305 1693/1931/2299
f 1549/1933/2142 1550/1939/2147 1698/1938/2307 1694/1932/2301
f 1695/1934/2302 1699/1940/2308 1604/1941/2205 1603/1935/2197
f 1696/1936/2303 1700/1942/2309 1699/1940/2310 1695/1934/2304
f 1697/1937/2305 1701/1943/2311 1700/1942/2309 1696/1936/2303
f 1698/1938/2306 1702/1944/2312 1701/1943/2311 1697/1937/2305
f 1550/1939/2147 1551/1945/2155 1702/1944/2313 1698/1938/2307
f 1699/1940/2308 1703/1946/2314 1605/1947/2207 1604/1941/2205
f 1700/1942/2309 1704/1948/2315 1703/1946/2316 1699/1940/2310
f 1701/1943/2311 1705/1949/2317 1704/1948/2315 1700/1942/2309
f 1702/1944/2312 1706/1950/2318 1705/1949/2317 1701/1943/2311
f 1551/1945/2155 1552/1951/2157 1706/1950/2319 1702/1944/2313
f 1703/1946/2314 1707/1952/2320 1606/1953/2209 1605/1947/2207
f 1704/1948/2315 1708/1954/2321 1707/1952/2322 1703/1946/2316
f 1705/1949/2317 1709/1955/2323 1708/1954/2321 1704/1948/2315
f 1706/1950/2318 1710/1956/2324 1709/1955/2323 1705/1949/2317
f 1552/1951/2157 1553/1957/2159 1710/1956/2325 1706/1950/2319
f 1707/1952/2320 1711/1958/2326 1607/1959/2211 1606/1953/2209
f 1708/1954/2321 1712/1960/2327 1711/1958/2328 1707/1952/2322
f 1709/1955/2323 1713/1961/2329 1712/1960/2327 1708/1954/2321
f 1710/1956/2324 1714/1962/2330 1713/1961/2329 1709/1955/2323
f 1553/1957/2159 1554/1963/2161 1714/1962/2331 1710/1956/2325
f 1711/1958/2326 1715/1964/2332 1608/1965/2214 1607/1959/2211
f 1712/1960/2327 1716/1966/2333 1715/1964/2334 1711/1958/2328
f 1713/1961/2329 1717/1967/2335 1716/1966/2333 1712/1960/2327
f 1714/1962/2330 1718/1968/2336 1717/1967/2335 1713/1961/2329
f 1554/1963/2161 1555/1969/2164 1718/1968/2337 1714/1962/2331
f 1715/1964/2332 1719/1970/2338 1609/1971/2215 1608/1965/2214
f 1716/1966/2333 1720/1972/2339 1719/1970/2340 1715/1964/2334
f 1717/1967/2335 1721/1973/2341 1720/1972/2339 1716/1966/2333
f 1718/1968/2336 1722/1974/2342 1721/1973/2341 1717/1967/2335
f 1555/1969/2164 1556/1975/2165 1722/1974/2343 1718/1968/2337
f 1719/1970/2338 1723/1976/2344 1610/1977/2213 1609/1971/2215
f 1720/1972/2339 1724/1978/2345 1723/1976/2346 1719/1970/2340
f 1721/1973/2341 1725/1979/2347 1724/1978/2345 1720/1972/2339
f 1722/1974/2342 1726/1980/2348 1725/1979/2347 1721/1973/2341
f 1556/1975/2165 1557/1981/2163 1726/1980/2349 1722/1974/2343
f 1723/1976/2344 1727/1982/2350 1611/1983/2212 1610/1977/2213
f 1724/1978/2345 1728/1984/2351 1727/1982/2352 1723/1976/2346
f 1725/1979/2347 1729/1985/2353 1728/1984/2351 1724/1978/2345
f 1726/1980/2348 1730/1986/2354 1729/1985/2353 1725/1979/2347
f 1557/1981/2163 1558/1987/2162 1730/1986/2355 1726/1980/2349
f 1727/1982/2350 1731/1988/2356 1612/1989/2210 1611/1983/2212
f 1728/1984/2351 1732/1990/2357 1731/1988/2358 1727/1982/2352
f 1729/1985/2353 1733/1991/2359 1732/1990/2357 1728/1984/2351
f 1730/1986/2354 1734/1992/2360 1733/1991/2359 1729/1985/2353
f 1558/1987/2162 1559/1993/2160 1734/1992/2361 1730/1986/2355
f 1731/1988/2356 1735/1994/2362 1613/1995/2208 1612/1989/2210
f 1732/1990/2357 1736/1996/2363 1735/1994/2364 1731/1988/2358
f 1733/1991/2359 1737/1997/2365 1736/1996/2363 1732/1990/2357
f 1734/1992/2360 1738/1998/2366 1737/1997/2365 1733/1991/2359
f 1559/1993/2160 1560/1999/2158 1738/1998/2367 1734/1992/2361
f 1735/1994/2362 1739/2000/2368 1614/2001/2206 1613/1995/2208
f 1736/1996/2363 1740/2002/2369 1739/2000/2370 1735/1994/2364
f 1737/1997/2365 1741/2003/2371 1740/2002/2369 1736/1996/2363
f 1738/1998/2366 1742/2004/2372 1741/2003/2371 1737/1997/2365
f 1560/1999/2158 1561/2005/2156 1742/2004/2373 1738/1998/2367
f 1739/2000/2368 1743/2006/2374 1615/2007/2203 1614/2001/2206
f 1740/2002/2369 1744/2008/2375 1743/2006/2376 1739/2000/2370
f 1741/2003/2371 1745/2009/2377 1744/2008/2375 1740/2002/2369
f 1742/2004/2372 1746/2010/2378 1745/2009/2377 1741/2003/2371
f 1561/2005/2156 1562/2011/2153 1746/2010/2379 1742/2004/2373
f 1743/2006/2374 1747/2012/2380 1616/2013/2199 1615/2007/2203
f 1744/2008/2375 1748/2014/2381 1747/2012/2382 1743/2006/2376
f 1745/2009/2377 1749/2015/2383 1748/2014/2381 1744/2008/2375
f 1746/2010/2378 1750/2016/2384 1749/2015/2383 1745/2009/2377
f 1562/2011/2153 1563/2017/2149 1750/2016/2385 1746/2010/2379
f 1747/2012/2380 1751/2018/2386 1617/2019/2194 1616/2013/2199
f 1748/2014/2381 1752/2020/2387 1751/2018/2388 1747/2012/2382
f 1749/2015/2383 1753/2021/2389 1752/2020/2387 1748/2014/2381
f 1750/2016/2384 1754/2022/2390 1753/2021/2389 1749/2015/2383
f 1563/2017/2149 1564/2023/2144 1754/2022/2391 1750/2016/2385
f 1751/2018/2386 1755/2024/2392 1618/2025/2189 1617/2019/2194
f 1752/2020/2387 1756/2026/2393 1755/2024/2394 1751/2018/2388
f 1753/2021/2389 1757/2027/2395 1756/2026/2393 1752/2020/2387
f 1754/2022/2390 1758/2028/2396 1757/2027/2395 1753/2021/2389
f 1564/2023/2144 1565/2029/2139 1758/2028/2397 1754/2022/2391
f 1755/2024/2392 1643/2030/2216 1590/1825/2185 1618/2025/2189
f 1756/2026/2393 1644/2031/2218 1643/2030/2221 1755/2024/2394
f 1757/2027/2395 1645/2032/2222 1644/2031/2218 1756/2026/2393
f 1758/2028/2396 1646/2033/2224 1645/2032/2222 1757/2027/2395
f 1565/2029/2139 1537/2034/2135 1646/2033/2227 1758/2028/2397
f 1759/1857/2398 1763/2035/2399 1620/2036/2191 1619/1826/2188
f 1760/1860/2400 1764/2037/2401 1763/2035/2402 1759/1857/2403
f 1761/1862/2404 1765/2038/2405 1764/2037/2401 1760/1860/2400
f 1762/1864/2406 1766/2039/2407 1765/2038/2405 1761/1862/2404
f 1566/1866/2138 1567/2040/2141 1766/2039/2408 1762/1864/2409
f 1763/2035/2399 1767/2041/2410 1621/2042/2195 1620/2036/2191
f 1764/2037/2401 1768/2043/2411 1767/2041/2412 1763/2035/2402
f 1765/2038/2405 1769/2044/2413 1768/2043/2411 1764/2037/2401
f 1766/2039/2407 1770/2045/2414 1769/2044/2413 1765/2038/2405
f 1567/2040/2141 1568/2046/2145 1770/2045/2415 1766/2039/2408
f 1767/2041/2410 1771/2047/2416 1622/2048/2198 1621/2042/2195
f 1768/2043/2411 1772/2049/2417 1771/2047/2418 1767/2041/2412
f 1769/2044/2413 1773/2050/2419 1772/2049/2417 1768/2043/2411
f 1770/2045/2414 1774/2051/2420 1773/2050/2419 1769/2044/2413
f 1568/2046/2145 1569/2052/2148 1774/2051/2421 1770/2045/2415
f 1771/2047/2416 1775/2053/2422 1623/2054/2201 1622/2048/2198
f 1772/2049/2417 1776/2055/2423 1775/2053/2424 1771/2047/2418
f 1773/2050/2419 1777/2056/2425 1776/2055/2423 1772/2049/2417
f 1774/2051/2420 1778/2057/2426 1777/2056/2425 1773/2050/2419
f 1569/2052/2148 1570/2058/2151 1778/2057/2427 1774/2051/2421
f 1775/2053/2422 1779/2059/2428 1624/2060/2204 1623/2054/2201
f 1776/2055/2423 1780/2061/2429 1779/2059/2430 1775/2053/2424
f 1777/2056/2425 1781/2062/2431 1780/2061/2429 1776/2055/2423
f 1778/2057/2426 1782/2063/2432 1781/2062/2431 1777/2056/2425
f 1570/2058/2151 1571/2064/2154 1782/2063/2433 1778/2057/2427
f 1779/2059/2428 1783/2065/2434 1625/1838/2202 1624/2060/2204
f 1780/2061/2429 1784/2066/2435 1783/2065/2436 1779/2059/2430
f 1781/2062/2431 1785/2067/2437 1784/2066/2435 1780/2061/2429
f 1782/2063/2432 1786/2068/2438 1785/2067/2437 1781/2062/2431
f 1571/2064/2154 1572/2069/2152 1786/2068/2439 1782/2063/2433
f 1783/2065/2434 1787/2070/2440 1626/2071/2200 1625/1838/2202
f 1784/2066/2435 1788/2072/2441 1787/2070/2442 1783/2065/2436
f 1785/2067/2437 1789/2073/2443 1788/2072/2441 1784/2066/2435
f 1786/2068/2438 1790/2074/2444 1789/2073/2443 1785/2067/2437
f 1572/2069/2152 1573/2075/2150 1790/2074/2445 1786/2068/2439
f 1787/2070/2440 1791/2076/2446 1627/2077/2196 1626/2071/2200
f 1788/2072/2441 1792/2078/2447 1791/2076/2448 1787/2070/2442
f 1789/2073/2443 1793/2079/2449 1792/2078/2447 1788/2072/2441
f 1790/2074/2444 1794/2080/2450 1793/2079/2449 1789/2073/2443
f 1573/2075/2150 1574/2081/2146 1794/2080/2451 1790/2074/2445
f 1791/2076/2446 1795/2082/2452 1628/2083/2193 1627/2077/2196
f 1792/2078/2447 1796/2084/2453 1795/2082/2454 1791/2076/2448
f 1793/2079/2449 1797/2085/2455 1796/2084/2453 1792/2078/2447
f 1794/2080/2450 1798/2086/2456 1797/2085/2455 1793/2079/2449
f 1574/2081/2146 1575/2087/2143 1798/2086/2457 1794/2080/2451
f 1795/2082/2452 1799/2088/2458 1629/2089/2190 1628/2083/2193
f 1796/2084/2453 1800/2090/2459 1799/2088/2460 1795/2082/2454
f 1797/2085/2455 1801/2091/2461 1800/2090/2459 1796/2084/2453
f 1798/2086/2456 1802/2092/2462 1801/2091/2461 1797/2085/2455
f 1575/2087/2143 1576/2093/2140 1802/2092/2463 1798/2086/2457
f 1799/2088/2458 1803/2094/2464 1630/2095/2186 1629/2089/2190
f 1800/2090/2459 1804/2096/2465 1803/2094/2466 1799/2088/2460
f 1801/2091/2461 1805/2097/2467 1804/2096/2465 1800/2090/2459
f 1802/2092/2462 1806/2098/2468 1805/2097/2467 1801/2091/2461
f 1576/2093/2140 1577/2099/2136 1806/2098/2469 1802/2092/2463
f 1803/2094/2464 1807/2100/2470 1631/1840/2180 1630/2095/2186
f 1804/2096/2465 1808/2101/2471 1807/2100/2472 1803/2094/2466
f 1805/2097/2467 1809/2102/2473 1808/2101/2471 1804/2096/2465
f 1806/2098/2468 1810/2103/2474 1809/2102/2473 1805/2097/2467
f 1577/2099/2136 1578/2104/2130 1810/2103/2475 1806/2098/2469
f 1807/2100/2470 1811/2105/2476 1632/2106/2176 1631/1840/2180
f 1808/2101/2471 1812/2107/2477 1811/2105/2478 1807/2100/2472
f 1809/2102/2473 1813/2108/2479 1812/2107/2477 1808/2101/2471
f 1810/2103/2474 1814/2109/2480 1813/2108/2479 1809/2102/2473
f 1578/2104/2130 1579/2110/2126 1814/2109/2481 1810/2103/2475
f 1811/2105/2476 1815/2111/2482 1633/2112/2173 1632/2106/2176
f 1812/2107/2477 1816/2113/2483 1815/2111/2484 1811/2105/2478
f 1813/2108/2479 1817/2114/2485 1816/2113/2483 1812/2107/2477
f 1814/2109/2480 1818/2115/2486 1817/2114/2485 1813/2108/2479
f 1579/2110/2126 1580/2116/2123 1818/2115/2487 1814/2109/2481
f 1815/2111/2482 1819/2117/2488 1634/2118/2488 1633/2112/2173
f 1816/2113/2483 1820/2119/2489 1819/2117/2490 1815/2111/2484
f 1817/2114/2485 1821/2120/2491 1820/2119/2489 1816/2113/2483
f 1818/2115/2486 1822/2121/2492 1821/2120/2491 1817/2114/2485
f 1580/2116/2123 1581/2122/2493 1822/2121/2493 1818/2115/2487
f 1819/2117/2488 1823/2123/2494 1635/2124/2494 1634/2118/2488
f 1820/2119/2489 1824/2125/2495 1823/2123/2496 1819/2117/2490
f 1821/2120/2491 1825/2126/2497 1824/2125/2495 1820/2119/2489
f 1822/2121/2492 1826/2127/2498 1825/2126/2497 1821/2120/2491
f 1581/2122/2493 1582/2128/2499 1826/2127/2499 1822/2121/2493
f 1823/2123/2494 1827/2129/2500 1636/2130/2500 1635/2124/2494
f 1824/2125/2495 1828/2131/2501 1827/2129/2502 1823/2123/2496
f 1825/2126/2497 1829/2132/2503 1828/2131/2501 1824/2125/2495
f 1826/2127/2498 1830/2133/2504 1829/2132/2503 1825/2126/2497
f 1582/2128/2499 1583/2134/2505 1830/2133/2505 1826/2127/2499
f 1827/2129/2500 1831/2135/2506 1637/1831/2506 1636/2130/2500
f 1828/2131/2501 1832/2136/2507 1831/2135/2508 1827/2129/2502
f 1829/2132/2503 1833/2137/2509 1832/2136/2507 1828/2131/2501
f 1830/2133/2504 1834/2138/2510 1833/2137/2509 1829/2132/2503
f 1583/2134/2505 1584/2139/2511 1834/2138/2511 1830/2133/2505
f 1831/2135/2506 1835/2140/2512 1638/2141/2172 1637/1831/2506
f 1832/2136/2507 1836/2142/2513 1835/2140/2514 1831/2135/2508
f 1833/2137/2509 1837/2143/2515 1836/2142/2513 1832/2136/2507
f 1834/2138/2510 1838/2144/2516 1837/2143/2515 1833/2137/2509
f 1584/2139/2511 1585/2145/2122 1838/2144/2517 1834/2138/2511
f 1835/2140/2512 1839/2146/2518 1639/2147/2175 1638/2141/2172
f 1836/2142/2513 1840/2148/2519 1839/2146/2520 1835/2140/2514
f 1837/2143/2515 1841/2149/2521 1840/2148/2519 1836/2142/2513
f 1838/2144/2516 1842/2150/2522 1841/2149/2521 1837/2143/2515
f 1585/2145/2122 1586/2151/2125 1842/2150/2523 1838/2144/2517
f 1839/2146/2518 1843/2152/2524 1640/2153/2178 1639/2147/2175
f 1840/2148/2519 1844/2154/2525 1843/2152/2526 1839/2146/2520
f 1841/2149/2521 1845/2155/2527 1844/2154/2525 1840/2148/2519
f 1842/2150/2522 1846/2156/2528 1845/2155/2527 1841/2149/2521
f 1586/2151/2125 1587/2157/2128 1846/2156/2529 1842/2150/2523
f 1843/2152/2524 1847/2158/2530 1641/2159/2182 1640/2153/2178
f 1844/2154/2525 1848/2160/2531 1847/2158/2532 1843/2152/2526
f 1845/2155/2527 1849/2161/2533 1848/2160/2531 1844/2154/2525
f 1846/2156/2528 1850/2162/2534 1849/2161/2533 1845/2155/2527
f 1587/2157/2128 1588/2163/2132 1850/2162/2535 1846/2156/2529
f 1847/2158/2530 1851/2164/2536 1642/2165/2184 1641/2159/2182
f 1848/2160/2531 1852/2166/2537 1851/2164/2538 1847/2158/2532
f 1849/2161/2533 1853/2167/2539 1852/2166/2537 1848/2160/2531
f 1850/2162/2534 1854/2168/2540 1853/2167/2539 1849/2161/2533
f 1588/2163/2132 1589/2169/2134 1854/2168/2541 1850/2162/2535
f 1851/2164/2536 1759/2030/2398 1619/1825/2188 1642/2165/2184
f 1852/2166/2537 1760/2031/2400 1759/2030/2403 1851/2164/2538
f 1853/2167/2539 1761/2032/2404 1760/2031/2400 1852/2166/2537
f 1854/2168/2540 1762/2033/2406 1761/2032/2404 1853/2167/2539
f 1589/2169/2134 1566/2034/2138 1762/2033/2409 1854/2168/2541
o Trigger
v 0.087980 0.004092 0.005000
v 0.088524 0.006491 0.005000
v 0.089600 0.008498 0.005000
v 0.090889 0.010348 0.005000
v 0.092072 0.012276 0.005000
v 0.094117 0.009392 0.005000
v 0.096246 0.006630 0.005000
v 0.098207 0.003623 0.005000
v 0.099744 0.000000 0.005000
v 0.100225 -0.003763 0.005000
v 0.099841 -0.007217 0.005000
v 0.099537 -0.010642 0.005000
v 0.100256 -0.014322 0.005000
v 0.101699 -0.016883 0.005000
v 0.103528 -0.018871 0.005000
v 0.105511 -0.020632 0.005000
v 0.107417 -0.022506 0.005000
v 0.104551 -0.022454 0.005000
v 0.101651 -0.022623 0.005000
v 0.098821 -0.022350 0.005000
v 0.096164 -0.020972 0.005000
v 0.094015 -0.018137 0.005000
v 0.093199 -0.014940 0.005000
v 0.092842 -0.011434 0.005000
v 0.092072 -0.007673 0.005000
v 0.090749 -0.004567 0.005000
v 0.089340 -0.001877 0.005000
v 0.088274 0.000856 0.005000
v 0.087980 0.004092 -0.005000
v 0.088524 0.006491 -0.005000
v 0.089600 0.008498 -0.005000
v 0.090889 0.010348 -0.005000
v 0.092072 0.012276 -0.005000
v 0.094117 0.009392 -0.005000
v 0.096246 0.006630 -0.005000
v 0.098207 0.003623 -0.005000
v 0.099744 -0.000000 -0.005000
v 0.100225 -0.003763 -0.005000
v 0.099841 -0.007217 -0.005000
v 0.099537 -0.010642 -0.005000
v 0.100256 -0.014322 -0.005000
v 0.101699 -0.016883 -0.005000
v 0.103528 -0.018871 -0.005000
v 0.105511 -0.020632 -0.005000
v 0.107417 -0.022506 -0.005000
v 0.104551 -0.022454 -0.005000
v 0.101651 -0.022623 -0.005000
v 0.098821 -0.022350 -0.005000
v 0.096164 -0.020972 -0.005000
v 0.094015 -0.018137 -0.005000
v 0.093199 -0.014940 -0.005000
v 0.092842 -0.011434 -0.005000
v 0.092072 -0.007673 -0.005000
v 0.090749 -0.004567 -0.005000
v 0.089340 -0.001877 -0.005000
v 0.088274 0.000856 -0.005000
v 0.087265 0.004139 -0.004707
v 0.086969 0.004159 -0.004000
v 0.086969 0.004159 0.004000
v 0.087265 0.004139 0.004707
v 0.087856 0.006741 -0.004707
v 0.087579 0.006845 -0.004000
v 0.087579 0.006845 0.004000
v 0.087856 0.006741 0.004707
v 0.088997 0.008868 -0.004707
v 0.088747 0.009022 -0.004000
v 0.088747 0.009022 0.004000
v 0.088997 0.008868 0.004707
v 0.090297 0.010735 -0.004707
v 0.090052 0.010896 -0.004000
v 0.090052 0.010896 0.004000
v 0.090297 0.010735 0.004707
v 0.092029 0.013559 -0.004707
v 0.092011 0.014091 -0.004000
v 0.092011 0.014091 0.004000
v 0.092029 0.013559 0.004707
v 0.094685 0.009812 -0.004707
v 0.094921 0.009986 -0.004000
v 0.094921 0.009986 0.004000
v 0.094685 0.009812 0.004707
v 0.096823 0.007040 -0.004707
v 0.097063 0.007209 -0.004000
v 0.097063 0.007209 0.004000
v 0.096823 0.007040 0.004707
v 0.098833 0.003956 -0.004707
v 0.099093 0.004095 -0.004000
v 0.099093 0.004095 0.004000
v 0.098833 0.003956 0.004707
v 0.100433 0.000186 -0.004707
v 0.100719 0.000264 -0.004000
v 0.100719 0.000264 0.004000
v 0.100433 0.000186 0.004707
v 0.100938 -0.003758 -0.004707
v 0.101233 -0.003755 -0.004000
v 0.101233 -0.003755 0.004000
v 0.100938 -0.003758 0.004707
v 0.100545 -0.007287 -0.004707
v 0.100837 -0.007316 -0.004000
v 0.100837 -0.007316 0.004000
v 0.100545 -0.007287 0.004707
v 0.100250 -0.010605 -0.004707
v 0.100545 -0.010590 -0.004000
v 0.100545 -0.010590 0.004000
v 0.100250 -0.010605 0.004707
v 0.100928 -0.014075 -0.004707
v 0.101206 -0.013972 -0.004000
v 0.101206 -0.013972 0.004000
v 0.100928 -0.014075 0.004707
v 0.102275 -0.016464 -0.004707
v 0.102513 -0.016291 -0.004000
v 0.102513 -0.016291 0.004000
v 0.102275 -0.016464 0.004707
v 0.104024 -0.018366 -0.004707
v 0.104229 -0.018157 -0.004000
v 0.104229 -0.018157 0.004000
v 0.104024 -0.018366 0.004707
v 0.105994 -0.020115 -0.004707
v 0.106194 -0.019901 -0.004000
v 0.106194 -0.019901 0.004000
v 0.105994 -0.020115 0.004707
v 0.109177 -0.023246 -0.004707
v 0.109906 -0.023552 -0.004000
v 0.109906 -0.023552 0.004000
v 0.109177 -0.023246 0.004707
v 0.104566 -0.023162 -0.004707
v 0.104571 -0.023455 -0.004000
v 0.104571 -0.023455 0.004000
v 0.104566 -0.023162 0.004707
v 0.101638 -0.023333 -0.004707
v 0.101632 -0.023626 -0.004000
v 0.101632 -0.023626 0.004000
v 0.101638 -0.023333 0.004707
v 0.098616 -0.023041 -0.004707
v 0.098532 -0.023327 -0.004000
v 0.098532 -0.023327 0.004000
v 0.098616 -0.023041 0.004707
v 0.095696 -0.021526 -0.004707
v 0.095503 -0.021756 -0.004000
v 0.095503 -0.021756 0.004000
v 0.095696 -0.021526 0.004707
v 0.093365 -0.018450 -0.004707
v 0.093096 -0.018580 -0.004000
v 0.093096 -0.018580 0.004000
v 0.093365 -0.018450 0.004707
v 0.092501 -0.015064 -0.004707
v 0.092212 -0.015115 -0.004000
v 0.092212 -0.015115 0.004000
v 0.092501 -0.015064 0.004707
v 0.092142 -0.011541 -0.004707
v 0.091852 -0.011585 -0.004000
v 0.091852 -0.011585 0.004000
v 0.092142 -0.011541 0.004707
v 0.091393 -0.007884 -0.004707
v 0.091112 -0.007972 -0.004000
v 0.091112 -0.007972 0.004000
v 0.091393 -0.007884 0.004707
v 0.090110 -0.004870 -0.004707
v 0.089845 -0.004996 -0.004000
v 0.089845 -0.004996 0.004000
v 0.090110 -0.004870 0.004707
v 0.088696 -0.002171 -0.004707
v 0.088429 -0.002292 -0.004000
v 0.088429 -0.002292 0.004000
v 0.088696 -0.002171 0.004707
v 0.087579 0.000693 -0.004707
v 0.087291 0.000625 -0.004000
v 0.087291 0.000625 0.004000
v 0.087579 0.000693 0.004707
vn -0.1603 0.1048 0.9815
vn 0.1549 0.1146 0.9813
vn -0.0060 0.1794 0.9838
vn -0.1719 0.1055 0.9794
vn 0.1628 0.1156 0.9799
vn -0.1961 0.0733 0.9778
vn 0.1808 0.0963 0.9788
vn -0.2109 0.0140 0.9774
vn -0.2043 -0.0481 0.9777
vn 0.2023 0.0547 0.9778
vn -0.1833 -0.0835 0.9795
vn 0.2079 0.0017 0.9781
vn -0.1719 -0.0814 0.9818
vn 0.1928 -0.0193 0.9810
vn -0.1740 -0.0543 0.9833
vn 0.1763 0.0092 0.9843
vn -0.1867 -0.0285 0.9820
vn 0.1631 0.0601 0.9848
vn -0.2003 -0.0356 0.9791
vn 0.1458 0.1059 0.9836
vn -0.1935 -0.0933 0.9766
vn 0.1323 0.1347 0.9820
vn -0.1396 -0.1655 0.9763
vn 0.1352 0.1447 0.9802
vn 0.2128 0.2164 0.9528
vn -0.0607 -0.2054 0.9768
vn -0.0039 -0.2037 0.9790
vn 0.0075 -0.3738 0.9275
vn -0.0000 -0.0000 -1.0000
vn -0.1603 0.1048 -0.9815
vn -0.0060 0.1794 -0.9838
vn 0.1549 0.1146 -0.9813
vn -0.1719 0.1055 -0.9794
vn 0.1628 0.1156 -0.9799
vn -0.1961 0.0733 -0.9778
vn 0.1808 0.0963 -0.9788
vn -0.2109 0.0140 -0.9774
vn -0.2043 -0.0481 -0.9777
vn 0.2023 0.0547 -0.9778
vn -0.1833 -0.0835 -0.9795
vn 0.2079 0.0017 -0.9781
vn -0.1719 -0.0814 -0.9818
vn 0.1928 -0.0193 -0.9810
vn -0.1740 -0.0543 -0.9833
vn 0.1763 0.0092 -0.9843
vn -0.1867 -0.0285 -0.9820
vn 0.1631 0.0601 -0.9848
vn -0.2003 -0.0356 -0.9791
vn 0.1458 0.1059 -0.9836
vn -0.1935 -0.0933 -0.9766
vn 0.1323 0.1347 -0.9820
vn -0.1396 -0.1655 -0.9763
vn 0.1352 0.1447 -0.9802
vn 0.2128 0.2164 -0.9528
vn -0.0607 -0.2054 -0.9768
vn -0.0039 -0.2037 -0.9790
vn 0.0075 -0.3738 -0.9275
vn -0.0000 -0.0000 1.0000
vn -0.3778 0.0251 -0.9255
vn -0.3557 0.1330 -0.9251
vn -0.9789 0.0650 -0.1936
vn -0.9190 0.3435 -0.1935
vn -0.8642 0.3231 -0.3857
vn -0.9202 0.0611 -0.3867
vn -0.9789 0.0650 0.1936
vn -0.9190 0.3435 0.1935
vn -0.9202 0.0611 0.3867
vn -0.8642 0.3231 0.3857
vn -0.3557 0.1330 0.9251
vn -0.3778 0.0251 0.9255
vn -0.3257 0.1999 -0.9241
vn -0.8361 0.5131 -0.1940
vn -0.7873 0.4831 -0.3832
vn -0.8361 0.5131 0.1940
vn -0.7873 0.4831 0.3832
vn -0.3257 0.1999 0.9241
vn -0.3201 0.2094 -0.9239
vn -0.8206 0.5368 -0.1959
vn -0.7731 0.5057 -0.3828
vn -0.8206 0.5368 0.1959
vn -0.7731 0.5057 0.3828
vn -0.3201 0.2094 0.9239
vn -0.3262 0.2000 -0.9239
vn -0.8421 0.5164 -0.1558
vn -0.7876 0.4830 -0.3827
vn -0.8421 0.5164 0.1558
vn -0.7876 0.4830 0.3827
vn -0.3262 0.2000 0.9239
vn 0.3122 0.2213 -0.9239
vn 0.3076 0.2275 -0.9239
vn 0.8058 0.5713 -0.1558
vn 0.7885 0.5832 -0.1956
vn 0.7428 0.5494 -0.3827
vn 0.7537 0.5343 -0.3827
vn 0.8058 0.5713 0.1558
vn 0.7885 0.5832 0.1956
vn 0.7537 0.5343 0.3827
vn 0.7428 0.5494 0.3827
vn 0.3076 0.2275 0.9239
vn 0.3122 0.2213 0.9239
vn 0.3118 0.2214 -0.9240
vn 0.7999 0.5678 -0.1943
vn 0.7533 0.5347 -0.3829
vn 0.7999 0.5678 0.1943
vn 0.7533 0.5347 0.3829
vn 0.3118 0.2214 0.9240
vn 0.3366 0.1793 -0.9244
vn 0.8659 0.4613 -0.1937
vn 0.8149 0.4342 -0.3840
vn 0.8659 0.4613 0.1937
vn 0.8149 0.4342 0.3840
vn 0.3366 0.1793 0.9244
vn 0.3664 0.0992 -0.9251
vn 0.9470 0.2563 -0.1935
vn 0.8906 0.2410 -0.3858
vn 0.9470 0.2563 0.1935
vn 0.8906 0.2410 0.3858
vn 0.3664 0.0992 0.9251
vn 0.3804 0.0031 -0.9248
vn 0.9811 0.0081 -0.1935
vn 0.9229 0.0076 -0.3850
vn 0.9811 0.0081 0.1935
vn 0.9229 0.0076 0.3850
vn 0.3804 0.0031 0.9248
vn 0.3808 -0.0381 -0.9239
vn 0.9759 -0.0977 -0.1954
vn 0.9193 -0.0920 -0.3827
vn 0.9759 -0.0977 0.1954
vn 0.9193 -0.0920 0.3827
vn 0.3808 -0.0381 0.9239
vn 0.3789 0.0198 -0.9252
vn 0.9784 0.0510 -0.2003
vn 0.9213 0.0481 -0.3859
vn 0.9784 0.0510 0.2003
vn 0.9213 0.0481 0.3859
vn 0.3789 0.0198 0.9252
vn 0.3551 0.1309 -0.9256
vn 0.9191 0.3387 -0.2013
vn 0.8652 0.3189 -0.3869
vn 0.9191 0.3387 0.2013
vn 0.8652 0.3189 0.3869
vn 0.3551 0.1309 0.9256
vn 0.3078 0.2237 -0.9248
vn 0.7928 0.5761 -0.1991
vn 0.7467 0.5426 -0.3849
vn 0.7928 0.5761 0.1991
vn 0.7467 0.5426 0.3849
vn 0.3078 0.2237 0.9248
vn 0.2679 0.2727 -0.9241
vn 0.6872 0.6994 -0.1965
vn 0.6474 0.6589 -0.3831
vn 0.6872 0.6994 0.1965
vn 0.6474 0.6589 0.3831
vn 0.2679 0.2727 0.9241
vn 0.2612 0.2795 -0.9239
vn 0.6697 0.7167 -0.1945
vn 0.6307 0.6750 -0.3828
vn 0.6697 0.7167 0.1945
vn 0.6307 0.6750 0.3828
vn 0.2612 0.2795 0.9239
vn 0.2683 0.2728 -0.9239
vn 0.6951 0.7067 -0.1321
vn 0.6478 0.6587 -0.3827
vn 0.6951 0.7067 0.1321
vn 0.6478 0.6587 0.3827
vn 0.2683 0.2728 0.9239
vn -0.0069 -0.3826 -0.9239
vn 0.0077 -0.3824 -0.9240
vn -0.0180 -0.9911 -0.1321
vn 0.0197 -0.9804 -0.1961
vn 0.0185 -0.9236 -0.3829
vn -0.0168 -0.9237 -0.3827
vn -0.0180 -0.9911 0.1321
vn 0.0197 -0.9804 0.1961
vn -0.0168 -0.9237 0.3827
vn 0.0185 -0.9236 0.3829
vn -0.0069 -0.3826 0.9239
vn 0.0077 -0.3824 0.9240
vn -0.0072 -0.3816 -0.9243
vn -0.0186 -0.9809 -0.1938
vn -0.0175 -0.9233 -0.3837
vn -0.0186 -0.9809 0.1938
vn -0.0175 -0.9233 0.3837
vn -0.0072 -0.3816 0.9243
vn -0.1068 -0.3613 -0.9263
vn -0.2781 -0.9408 -0.1938
vn -0.2612 -0.8836 -0.3887
vn -0.2781 -0.9408 0.1938
vn -0.2612 -0.8836 0.3887
vn -0.1068 -0.3613 0.9263
vn -0.2415 -0.2864 -0.9272
vn -0.6323 -0.7500 -0.1942
vn -0.5933 -0.7037 -0.3908
vn -0.6323 -0.7500 0.1942
vn -0.5933 -0.7037 0.3908
vn -0.2415 -0.2864 0.9272
vn -0.3389 -0.1634 -0.9265
vn -0.8837 -0.4260 -0.1939
vn -0.8297 -0.4000 -0.3892
vn -0.8837 -0.4260 0.1939
vn -0.8297 -0.4000 0.3892
vn -0.3389 -0.1634 0.9265
vn -0.3759 -0.0667 -0.9243
vn -0.9659 -0.1715 -0.1938
vn -0.9093 -0.1614 -0.3836
vn -0.9659 -0.1715 0.1938
vn -0.9093 -0.1614 0.3836
vn -0.3759 -0.0667 0.9243
vn -0.3779 -0.0578 -0.9241
vn -0.9692 -0.1482 -0.1965
vn -0.9131 -0.1396 -0.3831
vn -0.9692 -0.1482 0.1965
vn -0.9131 -0.1396 0.3831
vn -0.3779 -0.0578 0.9241
vn -0.3638 -0.1134 -0.9246
vn -0.9357 -0.2918 -0.1984
vn -0.8813 -0.2748 -0.3843
vn -0.9357 -0.2918 0.1984
vn -0.8813 -0.2748 0.3843
vn -0.3638 -0.1134 0.9246
vn -0.3456 -0.1638 -0.9240
vn -0.8861 -0.4199 -0.1962
vn -0.8348 -0.3956 -0.3829
vn -0.8861 -0.4199 0.1962
vn -0.8348 -0.3956 0.3829
vn -0.3456 -0.1638 0.9240
vn -0.3478 -0.1584 -0.9241
vn -0.8928 -0.4065 -0.1941
vn -0.8406 -0.3827 -0.3832
vn -0.8928 -0.4065 0.1941
vn -0.8406 -0.3827 0.3832
vn -0.3478 -0.1584 0.9241
vn -0.3693 -0.0870 -0.9252
vn -0.9550 -0.2250 -0.1935
vn -0.8979 -0.2115 -0.3859
vn -0.9550 -0.2250 0.1935
vn -0.8979 -0.2115 0.3859
vn -0.3693 -0.0870 0.9252
vt 0.111111 0.000000
vt 0.185185 0.000000
vt 0.148148 0.000000
vt 0.074074 0.000000
vt 0.222222 0.000000
vt 0.037037 0.000000
vt 0.259259 0.000000
vt 0.000000 0.000000
vt 1.000000 0.000000
vt 0.296296 0.000000
vt 0.962963 0.000000
vt 0.333333 0.000000
vt 0.925926 0.000000
vt 0.370370 0.000000
vt 0.888889 0.000000
vt 0.407407 0.000000
vt 0.851852 0.000000
vt 0.444444 0.000000
vt 0.814815 0.000000
vt 0.481481 0.000000
vt 0.777778 0.000000
vt 0.518519 0.000000
vt 0.740741 0.000000
vt 0.555556 0.000000
vt 0.592593 0.000000
vt 0.703704 0.000000
vt 0.666667 0.000000
vt 0.629630 0.000000
vt 0.000000 0.200000
vt 0.035714 0.200000
vt 0.035714 0.000000
vt 0.000000 0.400000
vt 0.035714 0.400000
vt 0.000000 0.600000
vt 0.035714 0.600000
vt 0.000000 0.800000
vt 0.035714 0.800000
vt 0.000000 1.000000
vt 0.035714 1.000000
vt 0.071429 0.200000
vt 0.071429 0.000000
vt 0.071429 0.400000
vt 0.071429 0.600000
vt 0.071429 0.800000
vt 0.071429 1.000000
vt 0.107143 0.200000
vt 0.107143 0.000000
vt 0.107143 0.400000
vt 0.107143 0.600000
vt 0.107143 0.800000
vt 0.107143 1.000000
vt 0.142857 0.200000
vt 0.142857 0.000000
vt 0.142857 0.400000
vt 0.142857 0.600000
vt 0.142857 0.800000
vt 0.142857 1.000000
vt 0.178571 0.200000
vt 0.178571 0.000000
vt 0.178571 0.400000
vt 0.178571 0.600000
vt 0.178571 0.800000
vt 0.178571 1.000000
vt 0.214286 0.200000
vt 0.214286 0.000000
vt 0.214286 0.400000
vt 0.214286 0.600000
vt 0.214286 0.800000
vt 0.214286 1.000000
vt 0.250000 0.200000
vt 0.250000 0.000000
vt 0.250000 0.400000
vt 0.250000 0.600000
vt 0.250000 0.800000
vt 0.250000 1.000000
vt 0.285714 0.200000
vt 0.285714 0.000000
vt 0.285714 0.400000
vt 0.285714 0.600000
vt 0.285714 0.800000
vt 0.285714 1.000000
vt 0.321429 0.200000
vt 0.321429 0.000000
vt 0.321429 0.400000
vt 0.321429 0.600000
vt 0.321429 0.800000
vt 0.321429 1.000000
vt 0.357143 0.200000
vt 0.357143 0.000000
vt 0.357143 0.400000
vt 0.357143 0.600000
vt 0.357143 0.800000
vt 0.357143 1.000000
vt 0.392857 0.200000
vt 0.392857 0.000000
vt 0.392857 0.400000
vt 0.392857 0.600000
vt 0.392857 0.800000
vt 0.392857 1.000000
vt 0.428571 0.200000
vt 0.428571 0.000000
vt 0.428571 0.400000
vt 0.428571 0.600000
vt 0.428571 0.800000
vt 0.428571 1.000000
vt 0.464286 0.200000
vt 0.464286 0.000000
vt 0.464286 0.400000
vt 0.464286 0.600000
vt 0.464286 0.800000
vt 0.464286 1.000000
vt 0.500000 0.200000
vt 0.500000 0.000000
vt 0.500000 0.400000
vt 0.500000 0.600000
vt 0.500000 0.800000
vt 0.500000 1.000000
vt 0.535714 0.200000
vt 0.535714 0.000000
vt 0.535714 0.400000
vt 0.535714 0.600000
vt 0.535714 0.800000
vt 0.535714 1.000000
vt 0.571429 0.200000
vt 0.571429 0.000000
vt 0.571429 0.400000
vt 0.571429 0.600000
vt 0.571429 0.800000
vt 0.571429 1.000000
vt 0.607143 0.200000
vt 0.607143 0.000000
vt 0.607143 0.400000
vt 0.607143 0.600000
vt 0.607143 0.800000
vt 0.607143 1.000000
vt 0.642857 0.200000
vt 0.642857 0.000000
vt 0.642857 0.400000
vt 0.642857 0.600000
vt 0.642857 0.800000
vt 0.642857 1.000000
vt 0.678571 0.200000
vt 0.678571 0.000000
vt 0.678571 0.400000
vt 0.678571 0.600000
vt 0.678571 0.800000
vt 0.678571 1.000000
vt 0.714286 0.200000
vt 0.714286 0.000000
vt 0.714286 0.400000
vt 0.714286 0.600000
vt 0.714286 0.800000
vt 0.714286 1.000000
vt 0.750000 0.200000
vt 0.750000 0.000000
vt 0.750000 0.400000
vt 0.750000 0.600000
vt 0.750000 0.800000
vt 0.750000 1.000000
vt 0.785714 0.200000
vt 0.785714 0.000000
vt 0.785714 0.400000
vt 0.785714 0.600000
vt 0.785714 0.800000
vt 0.785714 1.000000
vt 0.821429 0.200000
vt 0.821429 0.000000
vt 0.821429 0.400000
vt 0.821429 0.600000
vt 0.821429 0.800000
vt 0.821429 1.000000
vt 0.857143 0.200000
vt 0.857143 0.000000
vt 0.857143 0.400000
vt 0.857143 0.600000
vt 0.857143 0.800000
vt 0.857143 1.000000
vt 0.892857 0.200000
vt 0.892857 0.000000
vt 0.892857 0.400000
vt 0.892857 0.600000
vt 0.892857 0.800000
vt 0.892857 1.000000
vt 0.928571 0.200000
vt 0.928571 0.000000
vt 0.928571 0.400000
vt 0.928571 0.600000
vt 0.928571 0.800000
vt 0.928571 1.000000
vt 0.964286 0.200000
vt 0.964286 0.000000
vt 0.964286 0.400000
vt 0.964286 0.600000
vt 0.964286 0.800000
vt 0.964286 1.000000
vt 1.000000 0.200000
vt 1.000000 0.400000
vt 1.000000 0.600000
vt 1.000000 0.800000
vt 1.000000 1.000000
s 1
usemtl Gold_|_polished_trim
f 1858/2170/2542 1860/2171/2543 1859/2172/2544
f 1857/2173/2545 1860/2171/2543 1858/2170/2542
f 1857/2173/2545 1861/2174/2546 1860/2171/2543
f 1856/2175/2547 1861/2174/2546 1857/2173/2545
f 1856/2175/2547 1862/2176/2548 1861/2174/2546
f 1855/2177/2549 1862/2176/2548 1856/2175/2547
f 1882/2178/2550 1862/2176/2548 1855/2177/2549
f 1882/2178/2550 1863/2179/2551 1862/2176/2548
f 1881/2180/2552 1863/2179/2551 1882/2178/2550
f 1881/2180/2552 1864/2181/2553 1863/2179/2551
f 1880/2182/2554 1864/2181/2553 1881/2180/2552
f 1880/2182/2554 1865/2183/2555 1864/2181/2553
f 1879/2184/2556 1865/2183/2555 1880/2182/2554
f 1879/2184/2556 1866/2185/2557 1865/2183/2555
f 1878/2186/2558 1866/2185/2557 1879/2184/2556
f 1878/2186/2558 1867/2187/2559 1866/2185/2557
f 1877/2188/2560 1867/2187/2559 1878/2186/2558
f 1877/2188/2560 1868/2189/2561 1867/2187/2559
f 1876/2190/2562 1868/2189/2561 1877/2188/2560
f 1876/2190/2562 1869/2191/2563 1868/2189/2561
f 1875/2192/2564 1869/2191/2563 1876/2190/2562
f 1875/2192/2564 1870/2193/2565 1869/2191/2563
f 1875/2192/2564 1871/2194/2566 1870/2193/2565
f 1874/2195/2567 1871/2194/2566 1875/2192/2564
f 1873/2196/2568 1872/2197/2569 1874/2195/2567
f 1872/2197/2570 1871/2194/2570 1874/2195/2570
f 1886/2170/2571 1887/2172/2572 1888/2171/2573
f 1885/2173/2574 1886/2170/2571 1888/2171/2573
f 1885/2173/2574 1888/2171/2573 1889/2174/2575
f 1884/2175/2576 1885/2173/2574 1889/2174/2575
f 1884/2175/2576 1889/2174/2575 1890/2176/2577
f 1883/2177/2578 1884/2175/2576 1890/2176/2577
f 1910/2178/2579 1883/2177/2578 1890/2176/2577
f 1910/2178/2579 1890/2176/2577 1891/2179/2580
f 1909/2180/2581 1910/2178/2579 1891/2179/2580
f 1909/2180/2581 1891/2179/2580 1892/2181/2582
f 1908/2182/2583 1909/2180/2581 1892/2181/2582
f 1908/2182/2583 1892/2181/2582 1893/2183/2584
f 1907/2184/2585 1908/2182/2583 1893/2183/2584
f 1907/2184/2585 1893/2183/2584 1894/2185/2586
f 1906/2186/2587 1907/2184/2585 1894/2185/2586
f 1906/2186/2587 1894/2185/2586 1895/2187/2588
f 1905/2188/2589 1906/2186/2587 1895/2187/2588
f 1905/2188/2589 1895/2187/2588 1896/2189/2590
f 1904/2190/2591 1905/2188/2589 1896/2189/2590
f 1904/2190/2591 1896/2189/2590 1897/2191/2592
f 1903/2192/2593 1904/2190/2591 1897/2191/2592
f 1903/2192/2593 1897/2191/2592 1898/2193/2594
f 1903/2192/2593 1898/2193/2594 1899/2194/2595
f 1902/2195/2596 1903/2192/2593 1899/2194/2595
f 1901/2196/2597 1902/2195/2596 1900/2197/2598
f 1900/2197/2599 1902/2195/2599 1899/2194/2599
f 1911/2198/2600 1915/2199/2601 1884/2200/2576 1883/2177/2578
f 1912/2201/2602 1916/2202/2603 1915/2199/2604 1911/2198/2605
f 1913/2203/2606 1917/2204/2607 1916/2202/2603 1912/2201/2602
f 1914/2205/2608 1918/2206/2609 1917/2204/2607 1913/2203/2606
f 1855/2207/2549 1856/2208/2547 1918/2206/2610 1914/2205/2611
f 1915/2199/2601 1919/2209/2612 1885/2210/2574 1884/2200/2576
f 1916/2202/2603 1920/2211/2613 1919/2209/2614 1915/2199/2604
f 1917/2204/2607 1921/2212/2615 1920/2211/2613 1916/2202/2603
f 1918/2206/2609 1922/2213/2616 1921/2212/2615 1917/2204/2607
f 1856/2208/2547 1857/2214/2545 1922/2213/2617 1918/2206/2610
f 1919/2209/2612 1923/2215/2618 1886/2216/2571 1885/2210/2574
f 1920/2211/2613 1924/2217/2619 1923/2215/2620 1919/2209/2614
f 1921/2212/2615 1925/2218/2621 1924/2217/2619 1920/2211/2613
f 1922/2213/2616 1926/2219/2622 1925/2218/2621 1921/2212/2615
f 1857/2214/2545 1858/2220/2542 1926/2219/2623 1922/2213/2617
f 1923/2215/2618 1927/2221/2624 1887/2222/2572 1886/2216/2571
f 1924/2217/2619 1928/2223/2625 1927/2221/2626 1923/2215/2620
f 1925/2218/2621 1929/2224/2627 1928/2223/2625 1924/2217/2619
f 1926/2219/2622 1930/2225/2628 1929/2224/2627 1925/2218/2621
f 1858/2220/2542 1859/2226/2544 1930/2225/2629 1926/2219/2623
f 1927/2221/2630 1931/2227/2631 1888/2228/2573 1887/2222/2572
f 1928/2223/2632 1932/2229/2633 1931/2227/2634 1927/2221/2635
f 1929/2224/2636 1933/2230/2637 1932/2229/2633 1928/2223/2632
f 1930/2225/2638 1934/2231/2639 1933/2230/2637 1929/2224/2636
f 1859/2226/2544 1860/2232/2543 1934/2231/2640 1930/2225/2641
f 1931/2227/2631 1935/2233/2642 1889/2234/2575 1888/2228/2573
f 1932/2229/2633 1936/2235/2643 1935/2233/2644 1931/2227/2634
f 1933/2230/2637 1937/2236/2645 1936/2235/2643 1932/2229/2633
f 1934/2231/2639 1938/2237/2646 1937/2236/2645 1933/2230/2637
f 1860/2232/2543 1861/2238/2546 1938/2237/2647 1934/2231/2640
f 1935/2233/2642 1939/2239/2648 1890/2240/2577 1889/2234/2575
f 1936/2235/2643 1940/2241/2649 1939/2239/2650 1935/2233/2644
f 1937/2236/2645 1941/2242/2651 1940/2241/2649 1936/2235/2643
f 1938/2237/2646 1942/2243/2652 1941/2242/2651 1937/2236/2645
f 1861/2238/2546 1862/2244/2548 1942/2243/2653 1938/2237/2647
f 1939/2239/2648 1943/2245/2654 1891/2246/2580 1890/2240/2577
f 1940/2241/2649 1944/2247/2655 1943/2245/2656 1939/2239/2650
f 1941/2242/2651 1945/2248/2657 1944/2247/2655 1940/2241/2649
f 1942/2243/2652 1946/2249/2658 1945/2248/2657 1941/2242/2651
f 1862/2244/2548 1863/2250/2551 1946/2249/2659 1942/2243/2653
f 1943/2245/2654 1947/2251/2660 1892/2252/2582 1891/2246/2580
f 1944/2247/2655 1948/2253/2661 1947/2251/2662 1943/2245/2656
f 1945/2248/2657 1949/2254/2663 1948/2253/2661 1944/2247/2655
f 1946/2249/2658 1950/2255/2664 1949/2254/2663 1945/2248/2657
f 1863/2250/2551 1864/2256/2553 1950/2255/2665 1946/2249/2659
f 1947/2251/2660 1951/2257/2666 1893/2258/2584 1892/2252/2582
f 1948/2253/2661 1952/2259/2667 1951/2257/2668 1947/2251/2662
f 1949/2254/2663 1953/2260/2669 1952/2259/2667 1948/2253/2661
f 1950/2255/2664 1954/2261/2670 1953/2260/2669 1949/2254/2663
f 1864/2256/2553 1865/2262/2555 1954/2261/2671 1950/2255/2665
f 1951/2257/2666 1955/2263/2672 1894/2264/2586 1893/2258/2584
f 1952/2259/2667 1956/2265/2673 1955/2263/2674 1951/2257/2668
f 1953/2260/2669 1957/2266/2675 1956/2265/2673 1952/2259/2667
f 1954/2261/2670 1958/2267/2676 1957/2266/2675 1953/2260/2669
f 1865/2262/2555 1866/2268/2557 1958/2267/2677 1954/2261/2671
f 1955/2263/2672 1959/2269/2678 1895/2270/2588 1894/2264/2586
f 1956/2265/2673 1960/2271/2679 1959/2269/2680 1955/2263/2674
f 1957/2266/2675 1961/2272/2681 1960/2271/2679 1956/2265/2673
f 1958/2267/2676 1962/2273/2682 1961/2272/2681 1957/2266/2675
f 1866/2268/2557 1867/2274/2559 1962/2273/2683 1958/2267/2677
f 1959/2269/2678 1963/2275/2684 1896/2276/2590 1895/2270/2588
f 1960/2271/2679 1964/2277/2685 1963/2275/2686 1959/2269/2680
f 1961/2272/2681 1965/2278/2687 1964/2277/2685 1960/2271/2679
f 1962/2273/2682 1966/2279/2688 1965/2278/2687 1961/2272/2681
f 1867/2274/2559 1868/2280/2561 1966/2279/2689 1962/2273/2683
f 1963/2275/2684 1967/2281/2690 1897/2282/2592 1896/2276/2590
f 1964/2277/2685 1968/2283/2691 1967/2281/2692 1963/2275/2686
f 1965/2278/2687 1969/2284/2693 1968/2283/2691 1964/2277/2685
f 1966/2279/2688 1970/2285/2694 1969/2284/2693 1965/2278/2687
f 1868/2280/2561 1869/2286/2563 1970/2285/2695 1966/2279/2689
f 1967/2281/2690 1971/2287/2696 1898/2288/2594 1897/2282/2592
f 1968/2283/2691 1972/2289/2697 1971/2287/2698 1967/2281/2692
f 1969/2284/2693 1973/2290/2699 1972/2289/2697 1968/2283/2691
f 1970/2285/2694 1974/2291/2700 1973/2290/2699 1969/2284/2693
f 1869/2286/2563 1870/2292/2565 1974/2291/2701 1970/2285/2695
f 1971/2287/2696 1975/2293/2702 1899/2294/2595 1898/2288/2594
f 1972/2289/2697 1976/2295/2703 1975/2293/2704 1971/2287/2698
f 1973/2290/2699 1977/2296/2705 1976/2295/2703 1972/2289/2697
f 1974/2291/2700 1978/2297/2706 1977/2296/2705 1973/2290/2699
f 1870/2292/2565 1871/2298/2566 1978/2297/2707 1974/2291/2701
f 1975/2293/2708 1979/2299/2709 1900/2300/2598 1899/2294/2708
f 1976/2295/2710 1980/2301/2711 1979/2299/2712 1975/2293/2713
f 1977/2296/2714 1981/2302/2715 1980/2301/2711 1976/2295/2710
f 1978/2297/2716 1982/2303/2717 1981/2302/2715 1977/2296/2714
f 1871/2298/2718 1872/2304/2569 1982/2303/2719 1978/2297/2718
f 1979/2299/2709 1983/2305/2720 1901/2306/2597 1900/2300/2598
f 1980/2301/2711 1984/2307/2721 1983/2305/2722 1979/2299/2712
f 1981/2302/2715 1985/2308/2723 1984/2307/2721 1980/2301/2711
f 1982/2303/2717 1986/2309/2724 1985/2308/2723 1981/2302/2715
f 1872/2304/2569 1873/2310/2568 1986/2309/2725 1982/2303/2719
f 1983/2305/2720 1987/2311/2726 1902/2312/2596 1901/2306/2597
f 1984/2307/2721 1988/2313/2727 1987/2311/2728 1983/2305/2722
f 1985/2308/2723 1989/2314/2729 1988/2313/2727 1984/2307/2721
f 1986/2309/2724 1990/2315/2730 1989/2314/2729 1985/2308/2723
f 1873/2310/2568 1874/2316/2567 1990/2315/2731 1986/2309/2725
f 1987/2311/2726 1991/2317/2732 1903/2318/2593 1902/2312/2596
f 1988/2313/2727 1992/2319/2733 1991/2317/2734 1987/2311/2728
f 1989/2314/2729 1993/2320/2735 1992/2319/2733 1988/2313/2727
f 1990/2315/2730 1994/2321/2736 1993/2320/2735 1989/2314/2729
f 1874/2316/2567 1875/2322/2564 1994/2321/2737 1990/2315/2731
f 1991/2317/2732 1995/2323/2738 1904/2324/2591 1903/2318/2593
f 1992/2319/2733 1996/2325/2739 1995/2323/2740 1991/2317/2734
f 1993/2320/2735 1997/2326/2741 1996/2325/2739 1992/2319/2733
f 1994/2321/2736 1998/2327/2742 1997/2326/2741 1993/2320/2735
f 1875/2322/2564 1876/2328/2562 1998/2327/2743 1994/2321/2737
f 1995/2323/2738 1999/2329/2744 1905/2330/2589 1904/2324/2591
f 1996/2325/2739 2000/2331/2745 1999/2329/2746 1995/2323/2740
f 1997/2326/2741 2001/2332/2747 2000/2331/2745 1996/2325/2739
f 1998/2327/2742 2002/2333/2748 2001/2332/2747 1997/2326/2741
f 1876/2328/2562 1877/2334/2560 2002/2333/2749 1998/2327/2743
f 1999/2329/2744 2003/2335/2750 1906/2336/2587 1905/2330/2589
f 2000/2331/2745 2004/2337/2751 2003/2335/2752 1999/2329/2746
f 2001/2332/2747 2005/2338/2753 2004/2337/2751 2000/2331/2745
f 2002/2333/2748 2006/2339/2754 2005/2338/2753 2001/2332/2747
f 1877/2334/2560 1878/2340/2558 2006/2339/2755 2002/2333/2749
f 2003/2335/2750 2007/2341/2756 1907/2342/2585 1906/2336/2587
f 2004/2337/2751 2008/2343/2757 2007/2341/2758 2003/2335/2752
f 2005/2338/2753 2009/2344/2759 2008/2343/2757 2004/2337/2751
f 2006/2339/2754 2010/2345/2760 2009/2344/2759 2005/2338/2753
f 1878/2340/2558 1879/2346/2556 2010/2345/2761 2006/2339/2755
f 2007/2341/2756 2011/2347/2762 1908/2348/2583 1907/2342/2585
f 2008/2343/2757 2012/2349/2763 2011/2347/2764 2007/2341/2758
f 2009/2344/2759 2013/2350/2765 2012/2349/2763 2008/2343/2757
f 2010/2345/2760 2014/2351/2766 2013/2350/2765 2009/2344/2759
f 1879/2346/2556 1880/2352/2554 2014/2351/2767 2010/2345/2761
f 2011/2347/2762 2015/2353/2768 1909/2354/2581 1908/2348/2583
f 2012/2349/2763 2016/2355/2769 2015/2353/2770 2011/2347/2764
f 2013/2350/2765 2017/2356/2771 2016/2355/2769 2012/2349/2763
f 2014/2351/2766 2018/2357/2772 2017/2356/2771 2013/2350/2765
f 1880/2352/2554 1881/2358/2552 2018/2357/2773 2014/2351/2767
f 2015/2353/2768 2019/2359/2774 1910/2360/2579 1909/2354/2581
f 2016/2355/2769 2020/2361/2775 2019/2359/2776 2015/2353/2770
f 2017/2356/2771 2021/2362/2777 2020/2361/2775 2016/2355/2769
f 2018/2357/2772 2022/2363/2778 2021/2362/2777 2017/2356/2771
f 1881/2358/2552 1882/2364/2550 2022/2363/2779 2018/2357/2773
f 2019/2359/2774 1911/2365/2600 1883/2178/2578 1910/2360/2579
f 2020/2361/2775 1912/2366/2602 1911/2365/2605 2019/2359/2776
f 2021/2362/2777 1913/2367/2606 1912/2366/2602 2020/2361/2775
f 2022/2363/2778 1914/2368/2608 1913/2367/2606 2021/2362/2777
f 1882/2364/2550 1855/2369/2549 1914/2368/2611 2022/2363/2779
o Coupling_ring
v 0.348849 0.080570 -0.040417
v 0.348849 0.092746 -0.036461
v 0.348849 0.103104 -0.028935
v 0.348849 0.110629 -0.018578
v 0.348849 0.114586 -0.006401
v 0.348849 0.114586 0.006401
v 0.348849 0.110629 0.018578
v 0.348849 0.103104 0.028935
v 0.348849 0.092746 0.036461
v 0.348849 0.080570 0.040417
v 0.348849 0.067767 0.040417
v 0.348849 0.055591 0.036461
v 0.348849 0.045233 0.028935
v 0.348849 0.037708 0.018578
v 0.348849 0.033752 0.006401
v 0.348849 0.033752 -0.006401
v 0.348849 0.037708 -0.018578
v 0.348849 0.045233 -0.028935
v 0.348849 0.055591 -0.036461
v 0.348849 0.067767 -0.040417
v 0.350895 0.081210 -0.044459
v 0.350895 0.094604 -0.040107
v 0.350895 0.105998 -0.031829
v 0.350895 0.114275 -0.020435
v 0.350895 0.118627 -0.007042
v 0.350895 0.118627 0.007042
v 0.350895 0.114275 0.020435
v 0.350895 0.105998 0.031829
v 0.350895 0.094604 0.040107
v 0.350895 0.081210 0.044459
v 0.350895 0.067127 0.044459
v 0.350895 0.053733 0.040107
v 0.350895 0.042340 0.031829
v 0.350895 0.034062 0.020435
v 0.350895 0.029710 0.007042
v 0.350895 0.029710 -0.007042
v 0.350895 0.034062 -0.020435
v 0.350895 0.042340 -0.031829
v 0.350895 0.053733 -0.040107
v 0.350895 0.067127 -0.044459
v 0.362148 0.081210 -0.044459
v 0.362148 0.094604 -0.040107
v 0.362148 0.105998 -0.031829
v 0.362148 0.114275 -0.020435
v 0.362148 0.118627 -0.007042
v 0.362148 0.118627 0.007042
v 0.362148 0.114275 0.020435
v 0.362148 0.105998 0.031829
v 0.362148 0.094604 0.040107
v 0.362148 0.081210 0.044459
v 0.362148 0.067127 0.044459
v 0.362148 0.053733 0.040107
v 0.362148 0.042340 0.031829
v 0.362148 0.034062 0.020435
v 0.362148 0.029710 0.007042
v 0.362148 0.029710 -0.007042
v 0.362148 0.034062 -0.020435
v 0.362148 0.042340 -0.031829
v 0.362148 0.053733 -0.040107
v 0.362148 0.067127 -0.044459
v 0.364194 0.080570 -0.040417
v 0.364194 0.092746 -0.036461
v 0.364194 0.103104 -0.028935
v 0.364194 0.110629 -0.018578
v 0.364194 0.114586 -0.006401
v 0.364194 0.114586 0.006401
v 0.364194 0.110629 0.018578
v 0.364194 0.103104 0.028935
v 0.364194 0.092746 0.036461
v 0.364194 0.080570 0.040417
v 0.364194 0.067767 0.040417
v 0.364194 0.055591 0.036461
v 0.364194 0.045233 0.028935
v 0.364194 0.037708 0.018578
v 0.364194 0.033752 0.006401
v 0.364194 0.033752 -0.006401
v 0.364194 0.037708 -0.018578
v 0.364194 0.045233 -0.028935
v 0.364194 0.055591 -0.036461
v 0.364194 0.067767 -0.040417
vn -0.9679 0.0393 -0.2482
vn -0.9679 0.1141 -0.2239
vn -0.8944 0.2030 -0.3985
vn -0.8944 0.0700 -0.4417
vn -0.9679 0.1777 -0.1777
vn -0.8944 0.3162 -0.3162
vn -0.9679 0.2239 -0.1141
vn -0.8944 0.3985 -0.2030
vn -0.9679 0.2482 -0.0393
vn -0.8944 0.4417 -0.0700
vn -0.9679 0.2482 0.0393
vn -0.8944 0.4417 0.0700
vn -0.9679 0.2239 0.1141
vn -0.8944 0.3985 0.2030
vn -0.9679 0.1777 0.1777
vn -0.8944 0.3162 0.3162
vn -0.9679 0.1141 0.2239
vn -0.8944 0.2030 0.3985
vn -0.9679 0.0393 0.2482
vn -0.8944 0.0700 0.4417
vn -0.9679 -0.0393 0.2482
vn -0.8944 -0.0700 0.4417
vn -0.9679 -0.1141 0.2239
vn -0.8944 -0.2030 0.3985
vn -0.9679 -0.1777 0.1777
vn -0.8944 -0.3162 0.3162
vn -0.9679 -0.2239 0.1141
vn -0.8944 -0.3985 0.2030
vn -0.9679 -0.2482 0.0393
vn -0.8944 -0.4417 0.0700
vn -0.9679 -0.2482 -0.0393
vn -0.8944 -0.4417 -0.0700
vn -0.9679 -0.2239 -0.1141
vn -0.8944 -0.3985 -0.2030
vn -0.9679 -0.1777 -0.1777
vn -0.8944 -0.3162 -0.3162
vn -0.9679 -0.1141 -0.2239
vn -0.8944 -0.2030 -0.3985
vn -0.9679 -0.0393 -0.2482
vn -0.8944 -0.0700 -0.4417
vn -0.0000 0.1564 -0.9877
vn -0.0000 0.4540 -0.8910
vn -0.0000 0.7071 -0.7071
vn -0.0000 0.8910 -0.4540
vn -0.0000 0.9877 -0.1564
vn -0.0000 0.9877 0.1564
vn -0.0000 0.8910 0.4540
vn -0.0000 0.7071 0.7071
vn -0.0000 0.4540 0.8910
vn -0.0000 0.1564 0.9877
vn -0.0000 -0.1564 0.9877
vn -0.0000 -0.4540 0.8910
vn -0.0000 -0.7071 0.7071
vn -0.0000 -0.8910 0.4540
vn -0.0000 -0.9877 0.1564
vn -0.0000 -0.9877 -0.1564
vn -0.0000 -0.8910 -0.4540
vn -0.0000 -0.7071 -0.7071
vn -0.0000 -0.4540 -0.8910
vn -0.0000 -0.1564 -0.9877
vn 0.8944 0.0700 -0.4417
vn 0.8944 0.2030 -0.3985
vn 0.9679 0.1141 -0.2239
vn 0.9679 0.0393 -0.2482
vn 0.8944 0.3162 -0.3162
vn 0.9679 0.1777 -0.1777
vn 0.8944 0.3985 -0.2030
vn 0.9679 0.2239 -0.1141
vn 0.8944 0.4417 -0.0700
vn 0.9679 0.2482 -0.0393
vn 0.8944 0.4417 0.0700
vn 0.9679 0.2482 0.0393
vn 0.8944 0.3985 0.2030
vn 0.9679 0.2239 0.1141
vn 0.8944 0.3162 0.3162
vn 0.9679 0.1777 0.1777
vn 0.8944 0.2030 0.3985
vn 0.9679 0.1141 0.2239
vn 0.8944 0.0700 0.4417
vn 0.9679 0.0393 0.2482
vn 0.8944 -0.0700 0.4417
vn 0.9679 -0.0393 0.2482
vn 0.8944 -0.2030 0.3985
vn 0.9679 -0.1141 0.2239
vn 0.8944 -0.3162 0.3162
vn 0.9679 -0.1777 0.1777
vn 0.8944 -0.3985 0.2030
vn 0.9679 -0.2239 0.1141
vn 0.8944 -0.4417 0.0700
vn 0.9679 -0.2482 0.0393
vn 0.8944 -0.4417 -0.0700
vn 0.9679 -0.2482 -0.0393
vn 0.8944 -0.3985 -0.2030
vn 0.9679 -0.2239 -0.1141
vn 0.8944 -0.3162 -0.3162
vn 0.9679 -0.1777 -0.1777
vn 0.8944 -0.2030 -0.3985
vn 0.9679 -0.1141 -0.2239
vn 0.8944 -0.0700 -0.4417
vn 0.9679 -0.0393 -0.2482
s 1
usemtl Gold_|_polished_trim
f 2023//2780 2024//2781 2044//2782 2043//2783
f 2024//2781 2025//2784 2045//2785 2044//2782
f 2025//2784 2026//2786 2046//2787 2045//2785
f 2026//2786 2027//2788 2047//2789 2046//2787
f 2027//2788 2028//2790 2048//2791 2047//2789
f 2028//2790 2029//2792 2049//2793 2048//2791
f 2029//2792 2030//2794 2050//2795 2049//2793
f 2030//2794 2031//2796 2051//2797 2050//2795
f 2031//2796 2032//2798 2052//2799 2051//2797
f 2032//2798 2033//2800 2053//2801 2052//2799
f 2033//2800 2034//2802 2054//2803 2053//2801
f 2034//2802 2035//2804 2055//2805 2054//2803
f 2035//2804 2036//2806 2056//2807 2055//2805
f 2036//2806 2037//2808 2057//2809 2056//2807
f 2037//2808 2038//2810 2058//2811 2057//2809
f 2038//2810 2039//2812 2059//2813 2058//2811
f 2039//2812 2040//2814 2060//2815 2059//2813
f 2040//2814 2041//2816 2061//2817 2060//2815
f 2041//2816 2042//2818 2062//2819 2061//2817
f 2042//2818 2023//2780 2043//2783 2062//2819
f 2043//2820 2044//2821 2064//2821 2063//2820
f 2044//2821 2045//2822 2065//2822 2064//2821
f 2045//2822 2046//2823 2066//2823 2065//2822
f 2046//2823 2047//2824 2067//2824 2066//2823
f 2047//2824 2048//2825 2068//2825 2067//2824
f 2048//2825 2049//2826 2069//2826 2068//2825
f 2049//2826 2050//2827 2070//2827 2069//2826
f 2050//2827 2051//2828 2071//2828 2070//2827
f 2051//2828 2052//2829 2072//2829 2071//2828
f 2052//2829 2053//2830 2073//2830 2072//2829
f 2053//2830 2054//2831 2074//2831 2073//2830
f 2054//2831 2055//2832 2075//2832 2074//2831
f 2055//2832 2056//2833 2076//2833 2075//2832
f 2056//2833 2057//2834 2077//2834 2076//2833
f 2057//2834 2058//2835 2078//2835 2077//2834
f 2058//2835 2059//2836 2079//2836 2078//2835
f 2059//2836 2060//2837 2080//2837 2079//2836
f 2060//2837 2061//2838 2081//2838 2080//2837
f 2061//2838 2062//2839 2082//2839 2081//2838
f 2062//2839 2043//2820 2063//2820 2082//2839
f 2063//2840 2064//2841 2084//2842 2083//2843
f 2064//2841 2065//2844 2085//2845 2084//2842
f 2065//2844 2066//2846 2086//2847 2085//2845
f 2066//2846 2067//2848 2087//2849 2086//2847
f 2067//2848 2068//2850 2088//2851 2087//2849
f 2068//2850 2069//2852 2089//2853 2088//2851
f 2069//2852 2070//2854 2090//2855 2089//2853
f 2070//2854 2071//2856 2091//2857 2090//2855
f 2071//2856 2072//2858 2092//2859 2091//2857
f 2072//2858 2073//2860 2093//2861 2092//2859
f 2073//2860 2074//2862 2094//2863 2093//2861
f 2074//2862 2075//2864 2095//2865 2094//2863
f 2075//2864 2076//2866 2096//2867 2095//2865
f 2076//2866 2077//2868 2097//2869 2096//2867
f 2077//2868 2078//2870 2098//2871 2097//2869
f 2078//2870 2079//2872 2099//2873 2098//2871
f 2079//2872 2080//2874 2100//2875 2099//2873
f 2080//2874 2081//2876 2101//2877 2100//2875
f 2081//2876 2082//2878 2102//2879 2101//2877
f 2082//2878 2063//2840 2083//2843 2102//2879
f 2023//2780 2042//2818 2041//2816 2040//2814 2039//2812 2038//2810 2037//2808 2036//2806 2035//2804 2034//2802 2033//2800 2032//2798 2031//2796 2030//2794 2029//2792 2028//2790 2027//2788 2026//2786 2025//2784 2024//2781
f 2083//2843 2084//2842 2085//2845 2086//2847 2087//2849 2088//2851 2089//2853 2090//2855 2091//2857 2092//2859 2093//2861 2094//2863 2095//2865 2096//2867 2097//2869 2098//2871 2099//2873 2100//2875 2101//2877 2102//2879
o Barrel_shroud
v 0.360614 0.080570 -0.040417
v 0.360614 0.092746 -0.036461
v 0.360614 0.103104 -0.028935
v 0.360614 0.110629 -0.018578
v 0.360614 0.114586 -0.006401
v 0.360614 0.114586 0.006401
v 0.360614 0.110629 0.018578
v 0.360614 0.103104 0.028935
v 0.360614 0.092746 0.036461
v 0.360614 0.080570 0.040417
v 0.360614 0.067767 0.040417
v 0.360614 0.055591 0.036461
v 0.360614 0.045233 0.028935
v 0.360614 0.037708 0.018578
v 0.360614 0.033752 0.006401
v 0.360614 0.033752 -0.006401
v 0.360614 0.037708 -0.018578
v 0.360614 0.045233 -0.028935
v 0.360614 0.055591 -0.036461
v 0.360614 0.067767 -0.040417
v 0.506394 0.083511 -0.036375
v 0.506394 0.094469 -0.032815
v 0.506394 0.103791 -0.026042
v 0.506394 0.110564 -0.016720
v 0.506394 0.114125 -0.005761
v 0.506394 0.114125 0.005761
v 0.506394 0.110564 0.016720
v 0.506394 0.103791 0.026042
v 0.506394 0.094469 0.032815
v 0.506394 0.083511 0.036375
v 0.506394 0.071988 0.036375
v 0.506394 0.061030 0.032815
v 0.506394 0.051708 0.026042
v 0.506394 0.044935 0.016720
v 0.506394 0.041374 0.005761
v 0.506394 0.041374 -0.005761
v 0.506394 0.044935 -0.016720
v 0.506394 0.051708 -0.026042
v 0.506394 0.061030 -0.032815
v 0.506394 0.071988 -0.036375
v 0.654731 0.086883 -0.031828
v 0.654731 0.096471 -0.028713
v 0.654731 0.104628 -0.022787
v 0.654731 0.110554 -0.014630
v 0.654731 0.113670 -0.005041
v 0.654731 0.113670 0.005041
v 0.654731 0.110554 0.014630
v 0.654731 0.104628 0.022787
v 0.654731 0.096471 0.028713
v 0.654731 0.086883 0.031828
v 0.654731 0.076800 0.031828
v 0.654731 0.067212 0.028713
v 0.654731 0.059055 0.022787
v 0.654731 0.053129 0.014630
v 0.654731 0.050013 0.005041
v 0.654731 0.050013 -0.005041
v 0.654731 0.053129 -0.014630
v 0.654731 0.059055 -0.022787
v 0.654731 0.067212 -0.028713
v 0.654731 0.076800 -0.031828
vn 0.0243 0.1540 -0.9878
vn 0.0170 0.4520 -0.8919
vn 0.0177 0.4538 -0.8909
vn 0.0255 0.1563 -0.9874
vn 0.0107 0.7058 -0.7083
vn 0.0111 0.7070 -0.7071
vn 0.0062 0.8905 -0.4550
vn 0.0063 0.8910 -0.4540
vn 0.0038 0.9876 -0.1568
vn 0.0038 0.9877 -0.1565
vn 0.0038 0.9876 0.1568
vn 0.0038 0.9877 0.1565
vn 0.0062 0.8905 0.4550
vn 0.0063 0.8910 0.4540
vn 0.0107 0.7058 0.7083
vn 0.0111 0.7070 0.7071
vn 0.0170 0.4520 0.8919
vn 0.0177 0.4538 0.8909
vn 0.0243 0.1540 0.9878
vn 0.0255 0.1563 0.9874
vn 0.0320 -0.1587 0.9868
vn 0.0336 -0.1565 0.9871
vn 0.0392 -0.4556 0.8893
vn 0.0414 -0.4537 0.8902
vn 0.0454 -0.7076 0.7052
vn 0.0479 -0.7064 0.7062
vn 0.0499 -0.8904 0.4524
vn 0.0527 -0.8898 0.4533
vn 0.0523 -0.9864 0.1558
vn 0.0552 -0.9862 0.1562
vn 0.0523 -0.9864 -0.1558
vn 0.0552 -0.9862 -0.1562
vn 0.0499 -0.8904 -0.4524
vn 0.0527 -0.8898 -0.4533
vn 0.0454 -0.7076 -0.7052
vn 0.0479 -0.7064 -0.7062
vn 0.0392 -0.4556 -0.8893
vn 0.0414 -0.4537 -0.8902
vn 0.0320 -0.1587 -0.9868
vn 0.0336 -0.1565 -0.9871
vn 0.0184 0.4561 -0.8897
vn 0.0266 0.1591 -0.9869
vn 0.0115 0.7084 -0.7057
vn 0.0064 0.8916 -0.4529
vn 0.0038 0.9877 -0.1560
vn 0.0038 0.9877 0.1560
vn 0.0064 0.8916 0.4529
vn 0.0115 0.7084 0.7057
vn 0.0184 0.4561 0.8897
vn 0.0266 0.1591 0.9869
vn 0.0353 -0.1536 0.9875
vn 0.0435 -0.4514 0.8913
vn 0.0504 -0.7048 0.7076
vn 0.0555 -0.8891 0.4544
vn 0.0582 -0.9859 0.1566
vn 0.0582 -0.9859 -0.1566
vn 0.0555 -0.8891 -0.4544
vn 0.0504 -0.7048 -0.7076
vn 0.0435 -0.4514 -0.8913
vn 0.0353 -0.1536 -0.9875
vn -1.0000 -0.0000 -0.0000
vn 1.0000 -0.0000 -0.0000
s 1
usemtl Enamel_|_ivory
f 2103//2880 2104//2881 2124//2882 2123//2883
f 2104//2881 2105//2884 2125//2885 2124//2882
f 2105//2884 2106//2886 2126//2887 2125//2885
f 2106//2886 2107//2888 2127//2889 2126//2887
f 2107//2888 2108//2890 2128//2891 2127//2889
f 2108//2890 2109//2892 2129//2893 2128//2891
f 2109//2892 2110//2894 2130//2895 2129//2893
f 2110//2894 2111//2896 2131//2897 2130//2895
f 2111//2896 2112//2898 2132//2899 2131//2897
f 2112//2898 2113//2900 2133//2901 2132//2899
f 2113//2900 2114//2902 2134//2903 2133//2901
f 2114//2902 2115//2904 2135//2905 2134//2903
f 2115//2904 2116//2906 2136//2907 2135//2905
f 2116//2906 2117//2908 2137//2909 2136//2907
f 2117//2908 2118//2910 2138//2911 2137//2909
f 2118//2910 2119//2912 2139//2913 2138//2911
f 2119//2912 2120//2914 2140//2915 2139//2913
f 2120//2914 2121//2916 2141//2917 2140//2915
f 2121//2916 2122//2918 2142//2919 2141//2917
f 2122//2918 2103//2880 2123//2883 2142//2919
f 2123//2883 2124//2882 2144//2920 2143//2921
f 2124//2882 2125//2885 2145//2922 2144//2920
f 2125//2885 2126//2887 2146//2923 2145//2922
f 2126//2887 2127//2889 2147//2924 2146//2923
f 2127//2889 2128//2891 2148//2925 2147//2924
f 2128//2891 2129//2893 2149//2926 2148//2925
f 2129//2893 2130//2895 2150//2927 2149//2926
f 2130//2895 2131//2897 2151//2928 2150//2927
f 2131//2897 2132//2899 2152//2929 2151//2928
f 2132//2899 2133//2901 2153//2930 2152//2929
f 2133//2901 2134//2903 2154//2931 2153//2930
f 2134//2903 2135//2905 2155//2932 2154//2931
f 2135//2905 2136//2907 2156//2933 2155//2932
f 2136//2907 2137//2909 2157//2934 2156//2933
f 2137//2909 2138//2911 2158//2935 2157//2934
f 2138//2911 2139//2913 2159//2936 2158//2935
f 2139//2913 2140//2915 2160//2937 2159//2936
f 2140//2915 2141//2917 2161//2938 2160//2937
f 2141//2917 2142//2919 2162//2939 2161//2938
f 2142//2919 2123//2883 2143//2921 2162//2939
f 2103//2940 2122//2940 2121//2940 2120//2940 2119//2940 2118//2940 2117//2940 2116//2940 2115//2940 2114//2940 2113//2940 2112//2940 2111//2940 2110//2940 2109//2940 2108//2940 2107//2940 2106//2940 2105//2940 2104//2940
f 2143//2941 2144//2941 2145//2941 2146//2941 2147//2941 2148//2941 2149//2941 2150//2941 2151//2941 2152//2941 2153//2941 2154//2941 2155//2941 2156//2941 2157//2941 2158//2941 2159//2941 2160//2941 2161//2941 2162//2941
o Under_pod
v 0.373402 0.025575 0.000000
v 0.384655 0.030016 -0.012040
v 0.384655 0.034442 -0.010207
v 0.384655 0.037829 -0.006820
v 0.384655 0.039662 -0.002395
v 0.384655 0.039662 0.002395
v 0.384655 0.037829 0.006820
v 0.384655 0.034442 0.010207
v 0.384655 0.030016 0.012040
v 0.384655 0.025227 0.012040
v 0.384655 0.020801 0.010207
v 0.384655 0.017414 0.006820
v 0.384655 0.015581 0.002395
v 0.384655 0.015581 -0.002395
v 0.384655 0.017414 -0.006820
v 0.384655 0.020801 -0.010207
v 0.384655 0.025227 -0.012040
v 0.404092 0.034682 -0.020067
v 0.404092 0.042058 -0.017012
v 0.404092 0.047703 -0.011367
v 0.404092 0.050758 -0.003992
v 0.404092 0.050758 0.003992
v 0.404092 0.047703 0.011367
v 0.404092 0.042058 0.017012
v 0.404092 0.034682 0.020067
v 0.404092 0.026699 0.020067
v 0.404092 0.019323 0.017012
v 0.404092 0.013678 0.011367
v 0.404092 0.010623 0.003992
v 0.404092 0.010623 -0.003992
v 0.404092 0.013678 -0.011367
v 0.404092 0.019323 -0.017012
v 0.404092 0.026699 -0.020067
v 0.480818 0.038575 -0.019064
v 0.480818 0.045581 -0.016162
v 0.480818 0.050944 -0.010799
v 0.480818 0.053846 -0.003792
v 0.480818 0.053846 0.003792
v 0.480818 0.050944 0.010799
v 0.480818 0.045581 0.016162
v 0.480818 0.038575 0.019064
v 0.480818 0.030991 0.019064
v 0.480818 0.023984 0.016162
v 0.480818 0.018621 0.010799
v 0.480818 0.015719 0.003792
v 0.480818 0.015719 -0.003792
v 0.480818 0.018621 -0.010799
v 0.480818 0.023984 -0.016162
v 0.480818 0.030991 -0.019064
v 0.557545 0.042891 -0.015050
v 0.557545 0.048423 -0.012759
v 0.557545 0.052657 -0.008525
v 0.557545 0.054948 -0.002994
v 0.557545 0.054948 0.002994
v 0.557545 0.052657 0.008525
v 0.557545 0.048423 0.012759
v 0.557545 0.042891 0.015050
v 0.557545 0.036904 0.015050
v 0.557545 0.031372 0.012759
v 0.557545 0.027139 0.008525
v 0.557545 0.024847 0.002994
v 0.557545 0.024847 -0.002994
v 0.557545 0.027139 -0.008525
v 0.557545 0.031372 -0.012759
v 0.557545 0.036904 -0.015050
v 0.585678 0.044364 -0.007024
v 0.585678 0.046945 -0.005954
v 0.585678 0.048921 -0.003979
v 0.585678 0.049990 -0.001397
v 0.585678 0.049990 0.001397
v 0.585678 0.048921 0.003979
v 0.585678 0.046945 0.005954
v 0.585678 0.044364 0.007024
v 0.585678 0.041570 0.007024
v 0.585678 0.038988 0.005954
v 0.585678 0.037012 0.003979
v 0.585678 0.035943 0.001397
v 0.585678 0.035943 -0.001397
v 0.585678 0.037012 -0.003979
v 0.585678 0.038988 -0.005954
v 0.585678 0.041570 -0.007024
v 0.594373 0.045013 0.000000
vn -0.9964 -0.0846 -0.0000
vn -0.5801 0.1537 -0.7999
vn -0.6100 0.4365 -0.6613
vn -0.6315 0.6430 -0.4332
vn -0.6427 0.7512 -0.1505
vn -0.6427 0.7512 0.1505
vn -0.6315 0.6430 0.4332
vn -0.6100 0.4365 0.6613
vn -0.5801 0.1537 0.7999
vn -0.5453 -0.1687 0.8211
vn -0.5108 -0.4813 0.7123
vn -0.4830 -0.7297 0.4841
vn -0.4673 -0.8673 0.1715
vn -0.4673 -0.8673 -0.1715
vn -0.4830 -0.7297 -0.4841
vn -0.5108 -0.4813 -0.7123
vn -0.5453 -0.1687 -0.8211
vn -0.2048 0.1948 -0.9592
vn -0.2353 0.5425 -0.8064
vn -0.2577 0.8044 -0.5353
vn -0.2695 0.9446 -0.1873
vn -0.2695 0.9446 0.1873
vn -0.2577 0.8044 0.5353
vn -0.2353 0.5425 0.8064
vn -0.2048 0.1948 0.9592
vn -0.1701 -0.1879 0.9673
vn -0.1366 -0.5470 0.8259
vn -0.1100 -0.8248 0.5546
vn -0.0953 -0.9761 0.1952
vn -0.0953 -0.9761 -0.1952
vn -0.1100 -0.8248 -0.5546
vn -0.1366 -0.5470 -0.8259
vn -0.1701 -0.1879 -0.9673
vn 0.0217 0.1943 -0.9807
vn 0.0001 0.5550 -0.8318
vn -0.0165 0.8311 -0.5559
vn -0.0255 0.9804 -0.1952
vn -0.0255 0.9804 0.1952
vn -0.0165 0.8311 0.5559
vn 0.0001 0.5550 0.8318
vn 0.0217 0.1943 0.9807
vn 0.0449 -0.1956 0.9797
vn 0.0663 -0.5548 0.8293
vn 0.0826 -0.8288 0.5534
vn 0.0914 -0.9767 0.1942
vn 0.0914 -0.9767 -0.1942
vn 0.0826 -0.8288 -0.5534
vn 0.0663 -0.5548 -0.8293
vn 0.0449 -0.1956 -0.9797
vn 0.1495 0.1913 -0.9701
vn 0.1197 0.5503 -0.8264
vn 0.0965 0.8270 -0.5539
vn 0.0838 0.9773 -0.1948
vn 0.0838 0.9773 0.1948
vn 0.0965 0.8270 0.5539
vn 0.1197 0.5503 0.8264
vn 0.1495 0.1913 0.9701
vn 0.1811 -0.1933 0.9643
vn 0.2095 -0.5441 0.8124
vn 0.2308 -0.8094 0.5401
vn 0.2421 -0.9516 0.1891
vn 0.2421 -0.9516 -0.1891
vn 0.2308 -0.8094 -0.5401
vn 0.2095 -0.5441 -0.8124
vn 0.1811 -0.1933 -0.9643
vn 0.4369 0.1748 -0.8823
vn 0.3963 0.5091 -0.7640
vn 0.3629 0.7741 -0.5187
vn 0.3439 0.9209 -0.1837
vn 0.3439 0.9209 0.1837
vn 0.3629 0.7741 0.5187
vn 0.3963 0.5091 0.7640
vn 0.4369 0.1748 0.8823
vn 0.4773 -0.1715 0.8618
vn 0.5116 -0.4770 0.7147
vn 0.5360 -0.7017 0.4694
vn 0.5487 -0.8199 0.1633
vn 0.5487 -0.8199 -0.1633
vn 0.5360 -0.7017 -0.4694
vn 0.5116 -0.4770 -0.7147
vn 0.4773 -0.1715 -0.8618
vn 0.9899 0.1421 -0.0000
s 1
usemtl Enamel_|_ivory
f 2164//2943 2165//2944 2181//2960 2180//2959
f 2165//2944 2166//2945 2182//2961 2181//2960
f 2166//2945 2167//2946 2183//2962 2182//2961
f 2167//2946 2168//2947 2184//2963 2183//2962
f 2168//2947 2169//2948 2185//2964 2184//2963
f 2169//2948 2170//2949 2186//2965 2185//2964
f 2170//2949 2171//2950 2187//2966 2186//2965
f 2171//2950 2172//2951 2188//2967 2187//2966
f 2172//2951 2173//2952 2189//2968 2188//2967
f 2173//2952 2174//2953 2190//2969 2189//2968
f 2174//2953 2175//2954 2191//2970 2190//2969
f 2175//2954 2176//2955 2192//2971 2191//2970
f 2176//2955 2177//2956 2193//2972 2192//2971
f 2177//2956 2178//2957 2194//2973 2193//2972
f 2178//2957 2179//2958 2195//2974 2194//2973
f 2179//2958 2164//2943 2180//2959 2195//2974
f 2180//2959 2181//2960 2197//2976 2196//2975
f 2181//2960 2182//2961 2198//2977 2197//2976
f 2182//2961 2183//2962 2199//2978 2198//2977
f 2183//2962 2184//2963 2200//2979 2199//2978
f 2184//2963 2185//2964 2201//2980 2200//2979
f 2185//2964 2186//2965 2202//2981 2201//2980
f 2186//2965 2187//2966 2203//2982 2202//2981
f 2187//2966 2188//2967 2204//2983 2203//2982
f 2188//2967 2189//2968 2205//2984 2204//2983
f 2189//2968 2190//2969 2206//2985 2205//2984
f 2190//2969 2191//2970 2207//2986 2206//2985
f 2191//2970 2192//2971 2208//2987 2207//2986
f 2192//2971 2193//2972 2209//2988 2208//2987
f 2193//2972 2194//2973 2210//2989 2209//2988
f 2194//2973 2195//2974 2211//2990 2210//2989
f 2195//2974 2180//2959 2196//2975 2211//2990
f 2196//2975 2197//2976 2213//2992 2212//2991
f 2197//2976 2198//2977 2214//2993 2213//2992
f 2198//2977 2199//2978 2215//2994 2214//2993
f 2199//2978 2200//2979 2216//2995 2215//2994
f 2200//2979 2201//2980 2217//2996 2216//2995
f 2201//2980 2202//2981 2218//2997 2217//2996
f 2202//2981 2203//2982 2219//2998 2218//2997
f 2203//2982 2204//2983 2220//2999 2219//2998
f 2204//2983 2205//2984 2221//3000 2220//2999
f 2205//2984 2206//2985 2222//3001 2221//3000
f 2206//2985 2207//2986 2223//3002 2222//3001
f 2207//2986 2208//2987 2224//3003 2223//3002
f 2208//2987 2209//2988 2225//3004 2224//3003
f 2209//2988 2210//2989 2226//3005 2225//3004
f 2210//2989 2211//2990 2227//3006 2226//3005
f 2211//2990 2196//2975 2212//2991 2227//3006
usemtl Gold_|_polished_trim
f 2163//2942 2165//2944 2164//2943
f 2163//2942 2166//2945 2165//2944
f 2163//2942 2167//2946 2166//2945
f 2163//2942 2168//2947 2167//2946
f 2163//2942 2169//2948 2168//2947
f 2163//2942 2170//2949 2169//2948
f 2163//2942 2171//2950 2170//2949
f 2163//2942 2172//2951 2171//2950
f 2163//2942 2173//2952 2172//2951
f 2163//2942 2174//2953 2173//2952
f 2163//2942 2175//2954 2174//2953
f 2163//2942 2176//2955 2175//2954
f 2163//2942 2177//2956 2176//2955
f 2163//2942 2178//2957 2177//2956
f 2163//2942 2179//2958 2178//2957
f 2163//2942 2164//2943 2179//2958
f 2212//2991 2213//2992 2229//3008 2228//3007
f 2213//2992 2214//2993 2230//3009 2229//3008
f 2214//2993 2215//2994 2231//3010 2230//3009
f 2215//2994 2216//2995 2232//3011 2231//3010
f 2216//2995 2217//2996 2233//3012 2232//3011
f 2217//2996 2218//2997 2234//3013 2233//3012
f 2218//2997 2219//2998 2235//3014 2234//3013
f 2219//2998 2220//2999 2236//3015 2235//3014
f 2220//2999 2221//3000 2237//3016 2236//3015
f 2221//3000 2222//3001 2238//3017 2237//3016
f 2222//3001 2223//3002 2239//3018 2238//3017
f 2223//3002 2224//3003 2240//3019 2239//3018
f 2224//3003 2225//3004 2241//3020 2240//3019
f 2225//3004 2226//3005 2242//3021 2241//3020
f 2226//3005 2227//3006 2243//3022 2242//3021
f 2227//3006 2212//2991 2228//3007 2243//3022
f 2228//3007 2229//3008 2244//3023
f 2229//3008 2230//3009 2244//3023
f 2230//3009 2231//3010 2244//3023
f 2231//3010 2232//3011 2244//3023
f 2232//3011 2233//3012 2244//3023
f 2233//3012 2234//3013 2244//3023
f 2234//3013 2235//3014 2244//3023
f 2235//3014 2236//3015 2244//3023
f 2236//3015 2237//3016 2244//3023
f 2237//3016 2238//3017 2244//3023
f 2238//3017 2239//3018 2244//3023
f 2239//3018 2240//3019 2244//3023
f 2240//3019 2241//3020 2244//3023
f 2241//3020 2242//3021 2244//3023
f 2242//3021 2243//3022 2244//3023
f 2243//3022 2228//3007 2244//3023
o Nose_cone_and_spike
v 0.650639 0.088977 -0.035365
v 0.650639 0.099631 -0.031903
v 0.650639 0.108694 -0.025318
v 0.650639 0.115279 -0.016255
v 0.650639 0.118741 -0.005601
v 0.650639 0.118741 0.005601
v 0.650639 0.115279 0.016255
v 0.650639 0.108694 0.025318
v 0.650639 0.099631 0.031903
v 0.650639 0.088977 0.035365
v 0.650639 0.077775 0.035365
v 0.650639 0.067121 0.031903
v 0.650639 0.058058 0.025318
v 0.650639 0.051473 0.016255
v 0.650639 0.048011 0.005601
v 0.650639 0.048011 -0.005601
v 0.650639 0.051473 -0.016255
v 0.650639 0.058058 -0.025318
v 0.650639 0.067121 -0.031903
v 0.650639 0.077775 -0.035365
v 0.659847 0.089137 -0.036375
v 0.659847 0.100096 -0.032815
v 0.659847 0.109418 -0.026042
v 0.659847 0.116191 -0.016720
v 0.659847 0.119751 -0.005761
v 0.659847 0.119751 0.005761
v 0.659847 0.116191 0.016720
v 0.659847 0.109418 0.026042
v 0.659847 0.100096 0.032815
v 0.659847 0.089137 0.036375
v 0.659847 0.077615 0.036375
v 0.659847 0.066656 0.032815
v 0.659847 0.057334 0.026042
v 0.659847 0.050561 0.016720
v 0.659847 0.047001 0.005761
v 0.659847 0.047001 -0.005761
v 0.659847 0.050561 -0.016720
v 0.659847 0.057334 -0.026042
v 0.659847 0.066656 -0.032815
v 0.659847 0.077615 -0.036375
v 0.665985 0.088497 -0.032334
v 0.665985 0.098238 -0.029168
v 0.665985 0.106524 -0.023148
v 0.665985 0.112544 -0.014862
v 0.665985 0.115709 -0.005121
v 0.665985 0.115709 0.005121
v 0.665985 0.112544 0.014862
v 0.665985 0.106524 0.023148
v 0.665985 0.098238 0.029168
v 0.665985 0.088497 0.032334
v 0.665985 0.078255 0.032334
v 0.665985 0.068514 0.029168
v 0.665985 0.060228 0.023148
v 0.665985 0.054207 0.014862
v 0.665985 0.051042 0.005121
v 0.665985 0.051042 -0.005121
v 0.665985 0.054207 -0.014862
v 0.665985 0.060228 -0.023148
v 0.665985 0.068514 -0.029168
v 0.665985 0.078255 -0.032334
v 0.680307 0.087697 -0.027281
v 0.680307 0.095916 -0.024611
v 0.680307 0.102907 -0.019531
v 0.680307 0.107987 -0.012540
v 0.680307 0.110657 -0.004321
v 0.680307 0.110657 0.004321
v 0.680307 0.107987 0.012540
v 0.680307 0.102907 0.019531
v 0.680307 0.095916 0.024611
v 0.680307 0.087697 0.027281
v 0.680307 0.079055 0.027281
v 0.680307 0.070836 0.024611
v 0.680307 0.063845 0.019531
v 0.680307 0.058765 0.012540
v 0.680307 0.056095 0.004321
v 0.680307 0.056095 -0.004321
v 0.680307 0.058765 -0.012540
v 0.680307 0.063845 -0.019531
v 0.680307 0.070836 -0.024611
v 0.680307 0.079055 -0.027281
v 0.693606 0.086737 -0.021219
v 0.693606 0.093129 -0.019142
v 0.693606 0.098567 -0.015191
v 0.693606 0.102518 -0.009753
v 0.693606 0.104595 -0.003361
v 0.693606 0.104595 0.003361
v 0.693606 0.102518 0.009753
v 0.693606 0.098567 0.015191
v 0.693606 0.093129 0.019142
v 0.693606 0.086737 0.021219
v 0.693606 0.080015 0.021219
v 0.693606 0.073623 0.019142
v 0.693606 0.068185 0.015191
v 0.693606 0.064234 0.009753
v 0.693606 0.062157 0.003361
v 0.693606 0.062157 -0.003361
v 0.693606 0.064234 -0.009753
v 0.693606 0.068185 -0.015191
v 0.693606 0.073623 -0.019142
v 0.693606 0.080015 -0.021219
v 0.702813 0.085776 -0.015156
v 0.702813 0.090343 -0.013673
v 0.702813 0.094227 -0.010851
v 0.702813 0.097049 -0.006967
v 0.702813 0.098532 -0.002401
v 0.702813 0.098532 0.002401
v 0.702813 0.097049 0.006967
v 0.702813 0.094227 0.010851
v 0.702813 0.090343 0.013673
v 0.702813 0.085776 0.015156
v 0.702813 0.080975 0.015156
v 0.702813 0.076409 0.013673
v 0.702813 0.072525 0.010851
v 0.702813 0.069703 0.006967
v 0.702813 0.068220 0.002401
v 0.702813 0.068220 -0.002401
v 0.702813 0.069703 -0.006967
v 0.702813 0.072525 -0.010851
v 0.702813 0.076409 -0.013673
v 0.702813 0.080975 -0.015156
v 0.704859 0.084656 -0.008083
v 0.704859 0.087091 -0.007292
v 0.704859 0.089163 -0.005787
v 0.704859 0.090668 -0.003716
v 0.704859 0.091459 -0.001280
v 0.704859 0.091459 0.001280
v 0.704859 0.090668 0.003716
v 0.704859 0.089163 0.005787
v 0.704859 0.087091 0.007292
v 0.704859 0.084656 0.008083
v 0.704859 0.082096 0.008083
v 0.704859 0.079660 0.007292
v 0.704859 0.077589 0.005787
v 0.704859 0.076084 0.003716
v 0.704859 0.075293 0.001280
v 0.704859 0.075293 -0.001280
v 0.704859 0.076084 -0.003716
v 0.704859 0.077589 -0.005787
v 0.704859 0.079660 -0.007292
v 0.704859 0.082096 -0.008083
v 0.736573 0.084496 -0.007073
v 0.736573 0.086627 -0.006381
v 0.736573 0.088440 -0.005064
v 0.736573 0.089757 -0.003251
v 0.736573 0.090449 -0.001120
v 0.736573 0.090449 0.001120
v 0.736573 0.089757 0.003251
v 0.736573 0.088440 0.005064
v 0.736573 0.086627 0.006381
v 0.736573 0.084496 0.007073
v 0.736573 0.082256 0.007073
v 0.736573 0.080125 0.006381
v 0.736573 0.078312 0.005064
v 0.736573 0.076995 0.003251
v 0.736573 0.076303 0.001120
v 0.736573 0.076303 -0.001120
v 0.736573 0.076995 -0.003251
v 0.736573 0.078312 -0.005064
v 0.736573 0.080125 -0.006381
v 0.736573 0.082256 -0.007073
v 0.742711 0.084096 -0.004547
v 0.742711 0.085466 -0.004102
v 0.742711 0.086631 -0.003255
v 0.742711 0.087478 -0.002090
v 0.742711 0.087923 -0.000720
v 0.742711 0.087923 0.000720
v 0.742711 0.087478 0.002090
v 0.742711 0.086631 0.003255
v 0.742711 0.085466 0.004102
v 0.742711 0.084096 0.004547
v 0.742711 0.082656 0.004547
v 0.742711 0.081286 0.004102
v 0.742711 0.080121 0.003255
v 0.742711 0.079274 0.002090
v 0.742711 0.078829 0.000720
v 0.742711 0.078829 -0.000720
v 0.742711 0.079274 -0.002090
v 0.742711 0.080121 -0.003255
v 0.742711 0.081286 -0.004102
v 0.742711 0.082656 -0.004547
v 0.749361 0.083376 0.000000
vn -0.1104 0.1555 -0.9816
vn -0.1104 0.4512 -0.8856
vn -0.1104 0.7028 -0.7028
vn -0.1104 0.8856 -0.4512
vn -0.1104 0.9816 -0.1555
vn -0.1104 0.9816 0.1555
vn -0.1104 0.8856 0.4512
vn -0.1104 0.7028 0.7028
vn -0.1104 0.4512 0.8856
vn -0.1104 0.1555 0.9816
vn -0.1104 -0.1555 0.9816
vn -0.1104 -0.4512 0.8856
vn -0.1104 -0.7028 0.7028
vn -0.1104 -0.8856 0.4512
vn -0.1104 -0.9816 0.1555
vn -0.1104 -0.9816 -0.1555
vn -0.1104 -0.8856 -0.4512
vn -0.1104 -0.7028 -0.7028
vn -0.1104 -0.4512 -0.8856
vn -0.1104 -0.1555 -0.9816
vn 0.5547 0.1302 -0.8218
vn 0.5547 0.3777 -0.7414
vn 0.4538 0.4045 -0.7940
vn 0.4538 0.1394 -0.8801
vn 0.5547 0.5883 -0.5883
vn 0.4538 0.6301 -0.6301
vn 0.5547 0.7414 -0.3777
vn 0.4538 0.7940 -0.4045
vn 0.5547 0.8218 -0.1302
vn 0.4538 0.8801 -0.1394
vn 0.5547 0.8218 0.1302
vn 0.4538 0.8801 0.1394
vn 0.5547 0.7414 0.3777
vn 0.4538 0.7940 0.4045
vn 0.5547 0.5883 0.5883
vn 0.4538 0.6301 0.6301
vn 0.5547 0.3777 0.7414
vn 0.4538 0.4045 0.7940
vn 0.5547 0.1302 0.8218
vn 0.4538 0.1394 0.8801
vn 0.5547 -0.1302 0.8218
vn 0.4538 -0.1394 0.8801
vn 0.5547 -0.3777 0.7414
vn 0.4538 -0.4045 0.7940
vn 0.5547 -0.5883 0.5883
vn 0.4538 -0.6301 0.6301
vn 0.5547 -0.7414 0.3777
vn 0.4538 -0.7940 0.4045
vn 0.5547 -0.8218 0.1302
vn 0.4538 -0.8801 0.1394
vn 0.5547 -0.8218 -0.1302
vn 0.4538 -0.8801 -0.1394
vn 0.5547 -0.7414 -0.3777
vn 0.4538 -0.7940 -0.4045
vn 0.5547 -0.5883 -0.5883
vn 0.4538 -0.6301 -0.6301
vn 0.5547 -0.3777 -0.7414
vn 0.4538 -0.4045 -0.7940
vn 0.5547 -0.1302 -0.8218
vn 0.4538 -0.1394 -0.8801
vn 0.3765 0.4206 -0.8254
vn 0.3765 0.1449 -0.9150
vn 0.3765 0.6551 -0.6551
vn 0.3765 0.8254 -0.4206
vn 0.3765 0.9150 -0.1449
vn 0.3765 0.9150 0.1449
vn 0.3765 0.8254 0.4206
vn 0.3765 0.6551 0.6551
vn 0.3765 0.4206 0.8254
vn 0.3765 0.1449 0.9150
vn 0.3765 -0.1449 0.9150
vn 0.3765 -0.4206 0.8254
vn 0.3765 -0.6551 0.6551
vn 0.3765 -0.8254 0.4206
vn 0.3765 -0.9150 0.1449
vn 0.3765 -0.9150 -0.1449
vn 0.3765 -0.8254 -0.4206
vn 0.3765 -0.6551 -0.6551
vn 0.3765 -0.4206 -0.8254
vn 0.3765 -0.1449 -0.9150
vn 0.4851 0.3970 -0.7792
vn 0.4851 0.1368 -0.8637
vn 0.4851 0.6183 -0.6183
vn 0.4851 0.7792 -0.3970
vn 0.4851 0.8637 -0.1368
vn 0.4851 0.8637 0.1368
vn 0.4851 0.7792 0.3970
vn 0.4851 0.6183 0.6183
vn 0.4851 0.3970 0.7792
vn 0.4851 0.1368 0.8637
vn 0.4851 -0.1368 0.8637
vn 0.4851 -0.3970 0.7792
vn 0.4851 -0.6183 0.6183
vn 0.4851 -0.7792 0.3970
vn 0.4851 -0.8637 0.1368
vn 0.4851 -0.8637 -0.1368
vn 0.4851 -0.7792 -0.3970
vn 0.4851 -0.6183 -0.6183
vn 0.4851 -0.3970 -0.7792
vn 0.4851 -0.1368 -0.8637
vn 0.5547 0.5883 -0.5884
vn 0.9615 0.0430 -0.2713
vn 0.9615 0.1247 -0.2448
vn 0.9615 0.1943 -0.1943
vn 0.9615 0.2448 -0.1247
vn 0.9615 0.2713 -0.0430
vn 0.9615 0.2713 0.0430
vn 0.9615 0.2448 0.1247
vn 0.9615 0.1943 0.1942
vn 0.9615 0.1247 0.2448
vn 0.9615 0.0430 0.2713
vn 0.9615 -0.0430 0.2713
vn 0.9615 -0.1247 0.2448
vn 0.9615 -0.1943 0.1943
vn 0.9615 -0.2448 0.1247
vn 0.9615 -0.2713 0.0430
vn 0.9615 -0.2713 -0.0430
vn 0.9615 -0.2448 -0.1247
vn 0.9615 -0.1943 -0.1942
vn 0.9615 -0.1247 -0.2448
vn 0.9615 -0.0430 -0.2713
vn 0.0322 0.1564 -0.9872
vn 0.0322 0.4538 -0.8905
vn 0.2083 0.4440 -0.8715
vn 0.2083 0.1530 -0.9660
vn 0.0322 0.7067 -0.7067
vn 0.2083 0.6916 -0.6916
vn 0.0322 0.8905 -0.4538
vn 0.2083 0.8715 -0.4440
vn 0.0322 0.9872 -0.1564
vn 0.2083 0.9660 -0.1530
vn 0.0322 0.9872 0.1564
vn 0.2083 0.9660 0.1530
vn 0.0322 0.8905 0.4538
vn 0.2083 0.8715 0.4440
vn 0.0322 0.7067 0.7067
vn 0.2083 0.6916 0.6916
vn 0.0322 0.4538 0.8905
vn 0.2083 0.4440 0.8715
vn 0.0322 0.1564 0.9872
vn 0.2083 0.1530 0.9660
vn 0.0322 -0.1564 0.9872
vn 0.2083 -0.1530 0.9660
vn 0.0322 -0.4538 0.8905
vn 0.2083 -0.4440 0.8715
vn 0.0322 -0.7067 0.7067
vn 0.2083 -0.6916 0.6916
vn 0.0322 -0.8905 0.4538
vn 0.2083 -0.8715 0.4440
vn 0.0322 -0.9872 0.1564
vn 0.2083 -0.9660 0.1530
vn 0.0322 -0.9872 -0.1564
vn 0.2083 -0.9660 -0.1530
vn 0.0322 -0.8905 -0.4538
vn 0.2083 -0.8715 -0.4440
vn 0.0322 -0.7067 -0.7067
vn 0.2083 -0.6916 -0.6916
vn 0.0322 -0.4538 -0.8905
vn 0.2083 -0.4440 -0.8715
vn 0.0322 -0.1564 -0.9872
vn 0.2083 -0.1530 -0.9660
vn 0.4752 0.3995 -0.7840
vn 0.4752 0.1376 -0.8690
vn 0.4752 0.6222 -0.6222
vn 0.4752 0.7840 -0.3995
vn 0.4752 0.8690 -0.1376
vn 0.4752 0.8690 0.1376
vn 0.4752 0.7840 0.3995
vn 0.4752 0.6222 0.6222
vn 0.4752 0.3995 0.7840
vn 0.4752 0.1376 0.8690
vn 0.4752 -0.1376 0.8690
vn 0.4752 -0.3995 0.7840
vn 0.4752 -0.6222 0.6222
vn 0.4752 -0.7840 0.3995
vn 0.4752 -0.8690 0.1376
vn 0.4752 -0.8690 -0.1376
vn 0.4752 -0.7840 -0.3995
vn 0.4752 -0.6222 -0.6222
vn 0.4752 -0.3995 -0.7840
vn 0.4752 -0.1376 -0.8690
vn 1.0000 -0.0000 -0.0000
vn -1.0000 -0.0000 -0.0000
s 1
usemtl Gold_|_polished_trim
f 2245//3024 2246//3025 2266//3025 2265//3024
f 2246//3025 2247//3026 2267//3026 2266//3025
f 2247//3026 2248//3027 2268//3027 2267//3026
f 2248//3027 2249//3028 2269//3028 2268//3027
f 2249//3028 2250//3029 2270//3029 2269//3028
f 2250//3029 2251//3030 2271//3030 2270//3029
f 2251//3030 2252//3031 2272//3031 2271//3030
f 2252//3031 2253//3032 2273//3032 2272//3031
f 2253//3032 2254//3033 2274//3033 2273//3032
f 2254//3033 2255//3034 2275//3034 2274//3033
f 2255//3034 2256//3035 2276//3035 2275//3034
f 2256//3035 2257//3036 2277//3036 2276//3035
f 2257//3036 2258//3037 2278//3037 2277//3036
f 2258//3037 2259//3038 2279//3038 2278//3037
f 2259//3038 2260//3039 2280//3039 2279//3038
f 2260//3039 2261//3040 2281//3040 2280//3039
f 2261//3040 2262//3041 2282//3041 2281//3040
f 2262//3041 2263//3042 2283//3042 2282//3041
f 2263//3042 2264//3043 2284//3043 2283//3042
f 2264//3043 2245//3024 2265//3024 2284//3043
f 2265//3044 2266//3045 2286//3046 2285//3047
f 2266//3045 2267//3048 2287//3049 2286//3046
f 2267//3048 2268//3050 2288//3051 2287//3049
f 2268//3050 2269//3052 2289//3053 2288//3051
f 2269//3052 2270//3054 2290//3055 2289//3053
f 2270//3054 2271//3056 2291//3057 2290//3055
f 2271//3056 2272//3058 2292//3059 2291//3057
f 2272//3058 2273//3060 2293//3061 2292//3059
f 2273//3060 2274//3062 2294//3063 2293//3061
f 2274//3062 2275//3064 2295//3065 2294//3063
f 2275//3064 2276//3066 2296//3067 2295//3065
f 2276//3066 2277//3068 2297//3069 2296//3067
f 2277//3068 2278//3070 2298//3071 2297//3069
f 2278//3070 2279//3072 2299//3073 2298//3071
f 2279//3072 2280//3074 2300//3075 2299//3073
f 2280//3074 2281//3076 2301//3077 2300//3075
f 2281//3076 2282//3078 2302//3079 2301//3077
f 2282//3078 2283//3080 2303//3081 2302//3079
f 2283//3080 2284//3082 2304//3083 2303//3081
f 2284//3082 2265//3044 2285//3047 2304//3083
f 2285//3047 2286//3046 2306//3084 2305//3085
f 2286//3046 2287//3049 2307//3086 2306//3084
f 2287//3049 2288//3051 2308//3087 2307//3086
f 2288//3051 2289//3053 2309//3088 2308//3087
f 2289//3053 2290//3055 2310//3089 2309//3088
f 2290//3055 2291//3057 2311//3090 2310//3089
f 2291//3057 2292//3059 2312//3091 2311//3090
f 2292//3059 2293//3061 2313//3092 2312//3091
f 2293//3061 2294//3063 2314//3093 2313//3092
f 2294//3063 2295//3065 2315//3094 2314//3093
f 2295//3065 2296//3067 2316//3095 2315//3094
f 2296//3067 2297//3069 2317//3096 2316//3095
f 2297//3069 2298//3071 2318//3097 2317//3096
f 2298//3071 2299//3073 2319//3098 2318//3097
f 2299//3073 2300//3075 2320//3099 2319//3098
f 2300//3075 2301//3077 2321//3100 2320//3099
f 2301//3077 2302//3079 2322//3101 2321//3100
f 2302//3079 2303//3081 2323//3102 2322//3101
f 2303//3081 2304//3083 2324//3103 2323//3102
f 2304//3083 2285//3047 2305//3085 2324//3103
f 2305//3085 2306//3084 2326//3104 2325//3105
f 2306//3084 2307//3086 2327//3106 2326//3104
f 2307//3086 2308//3087 2328//3107 2327//3106
f 2308//3087 2309//3088 2329//3108 2328//3107
f 2309//3088 2310//3089 2330//3109 2329//3108
f 2310//3089 2311//3090 2331//3110 2330//3109
f 2311//3090 2312//3091 2332//3111 2331//3110
f 2312//3091 2313//3092 2333//3112 2332//3111
f 2313//3092 2314//3093 2334//3113 2333//3112
f 2314//3093 2315//3094 2335//3114 2334//3113
f 2315//3094 2316//3095 2336//3115 2335//3114
f 2316//3095 2317//3096 2337//3116 2336//3115
f 2317//3096 2318//3097 2338//3117 2337//3116
f 2318//3097 2319//3098 2339//3118 2338//3117
f 2319//3098 2320//3099 2340//3119 2339//3118
f 2320//3099 2321//3100 2341//3120 2340//3119
f 2321//3100 2322//3101 2342//3121 2341//3120
f 2322//3101 2323//3102 2343//3122 2342//3121
f 2323//3102 2324//3103 2344//3123 2343//3122
f 2324//3103 2305//3085 2325//3105 2344//3123
f 2325//3105 2326//3104 2346//3045 2345//3044
f 2326//3104 2327//3106 2347//3124 2346//3045
f 2327//3106 2328//3107 2348//3050 2347//3124
f 2328//3107 2329//3108 2349//3052 2348//3050
f 2329//3108 2330//3109 2350//3054 2349//3052
f 2330//3109 2331//3110 2351//3056 2350//3054
f 2331//3110 2332//3111 2352//3058 2351//3056
f 2332//3111 2333//3112 2353//3060 2352//3058
f 2333//3112 2334//3113 2354//3062 2353//3060
f 2334//3113 2335//3114 2355//3064 2354//3062
f 2335//3114 2336//3115 2356//3066 2355//3064
f 2336//3115 2337//3116 2357//3068 2356//3066
f 2337//3116 2338//3117 2358//3070 2357//3068
f 2338//3117 2339//3118 2359//3072 2358//3070
f 2339//3118 2340//3119 2360//3074 2359//3072
f 2340//3119 2341//3120 2361//3076 2360//3074
f 2341//3120 2342//3121 2362//3078 2361//3076
f 2342//3121 2343//3122 2363//3080 2362//3078
f 2343//3122 2344//3123 2364//3082 2363//3080
f 2344//3123 2325//3105 2345//3044 2364//3082
f 2345//3125 2346//3126 2366//3126 2365//3125
f 2346//3126 2347//3127 2367//3127 2366//3126
f 2347//3127 2348//3128 2368//3128 2367//3127
f 2348//3128 2349//3129 2369//3129 2368//3128
f 2349//3129 2350//3130 2370//3130 2369//3129
f 2350//3130 2351//3131 2371//3131 2370//3130
f 2351//3131 2352//3132 2372//3132 2371//3131
f 2352//3132 2353//3133 2373//3133 2372//3132
f 2353//3133 2354//3134 2374//3134 2373//3133
f 2354//3134 2355//3135 2375//3135 2374//3134
f 2355//3135 2356//3136 2376//3136 2375//3135
f 2356//3136 2357//3137 2377//3137 2376//3136
f 2357//3137 2358//3138 2378//3138 2377//3137
f 2358//3138 2359//3139 2379//3139 2378//3138
f 2359//3139 2360//3140 2380//3140 2379//3139
f 2360//3140 2361//3141 2381//3141 2380//3140
f 2361//3141 2362//3142 2382//3142 2381//3141
f 2362//3142 2363//3143 2383//3143 2382//3142
f 2363//3143 2364//3144 2384//3144 2383//3143
f 2364//3144 2345//3125 2365//3125 2384//3144
f 2365//3145 2366//3146 2386//3147 2385//3148
f 2366//3146 2367//3149 2387//3150 2386//3147
f 2367//3149 2368//3151 2388//3152 2387//3150
f 2368//3151 2369//3153 2389//3154 2388//3152
f 2369//3153 2370//3155 2390//3156 2389//3154
f 2370//3155 2371//3157 2391//3158 2390//3156
f 2371//3157 2372//3159 2392//3160 2391//3158
f 2372//3159 2373//3161 2393//3162 2392//3160
f 2373//3161 2374//3163 2394//3164 2393//3162
f 2374//3163 2375//3165 2395//3166 2394//3164
f 2375//3165 2376//3167 2396//3168 2395//3166
f 2376//3167 2377//3169 2397//3170 2396//3168
f 2377//3169 2378//3171 2398//3172 2397//3170
f 2378//3171 2379//3173 2399//3174 2398//3172
f 2379//3173 2380//3175 2400//3176 2399//3174
f 2380//3175 2381//3177 2401//3178 2400//3176
f 2381//3177 2382//3179 2402//3180 2401//3178
f 2382//3179 2383//3181 2403//3182 2402//3180
f 2383//3181 2384//3183 2404//3184 2403//3182
f 2384//3183 2365//3145 2385//3148 2404//3184
f 2385//3148 2386//3147 2406//3185 2405//3186
f 2386//3147 2387//3150 2407//3187 2406//3185
f 2387//3150 2388//3152 2408//3188 2407//3187
f 2388//3152 2389//3154 2409//3189 2408//3188
f 2389//3154 2390//3156 2410//3190 2409//3189
f 2390//3156 2391//3158 2411//3191 2410//3190
f 2391//3158 2392//3160 2412//3192 2411//3191
f 2392//3160 2393//3162 2413//3193 2412//3192
f 2393//3162 2394//3164 2414//3194 2413//3193
f 2394//3164 2395//3166 2415//3195 2414//3194
f 2395//3166 2396//3168 2416//3196 2415//3195
f 2396//3168 2397//3170 2417//3197 2416//3196
f 2397//3170 2398//3172 2418//3198 2417//3197
f 2398//3172 2399//3174 2419//3199 2418//3198
f 2399//3174 2400//3176 2420//3200 2419//3199
f 2400//3176 2401//3178 2421//3201 2420//3200
f 2401//3178 2402//3180 2422//3202 2421//3201
f 2402//3180 2403//3182 2423//3203 2422//3202
f 2403//3182 2404//3184 2424//3204 2423//3203
f 2404//3184 2385//3148 2405//3186 2424//3204
f 2405//3186 2406//3185 2425//3205
f 2406//3185 2407//3187 2425//3205
f 2407//3187 2408//3188 2425//3205
f 2408//3188 2409//3189 2425//3205
f 2409//3189 2410//3190 2425//3205
f 2410//3190 2411//3191 2425//3205
f 2411//3191 2412//3192 2425//3205
f 2412//3192 2413//3193 2425//3205
f 2413//3193 2414//3194 2425//3205
f 2414//3194 2415//3195 2425//3205
f 2415//3195 2416//3196 2425//3205
f 2416//3196 2417//3197 2425//3205
f 2417//3197 2418//3198 2425//3205
f 2418//3198 2419//3199 2425//3205
f 2419//3199 2420//3200 2425//3205
f 2420//3200 2421//3201 2425//3205
f 2421//3201 2422//3202 2425//3205
f 2422//3202 2423//3203 2425//3205
f 2423//3203 2424//3204 2425//3205
f 2424//3204 2405//3186 2425//3205
f 2245//3206 2264//3206 2263//3206 2262//3206 2261//3206 2260//3206 2259//3206 2258//3206 2257//3206 2256//3206 2255//3206 2254//3206 2253//3206 2252//3206 2251//3206 2250//3206 2249//3206 2248//3206 2247//3206 2246//3206
o Front_fin
v 0.639386 0.131969 0.005500
v 0.635584 0.135597 0.005500
v 0.632170 0.138888 0.005500
v 0.628912 0.142045 0.005500
v 0.625575 0.145269 0.005500
v 0.631417 0.144526 0.005500
v 0.637146 0.143884 0.005500
v 0.643100 0.143040 0.005500
v 0.649616 0.141688 0.005500
v 0.658036 0.139565 0.005500
v 0.665383 0.137416 0.005500
v 0.672519 0.134717 0.005500
v 0.680307 0.130946 0.005500
v 0.686239 0.127570 0.005500
v 0.691224 0.124189 0.005500
v 0.695865 0.120351 0.005500
v 0.700767 0.115601 0.005500
v 0.703912 0.111961 0.005500
v 0.706404 0.108387 0.005500
v 0.708636 0.104840 0.005500
v 0.710997 0.101279 0.005500
v 0.702251 0.102168 0.005500
v 0.693641 0.102798 0.005500
v 0.684758 0.103947 0.005500
v 0.675192 0.106394 0.005500
v 0.669385 0.108619 0.005500
v 0.664488 0.111098 0.005500
v 0.659827 0.114039 0.005500
v 0.654731 0.117647 0.005500
v 0.650370 0.121120 0.005500
v 0.646800 0.124497 0.005500
v 0.643360 0.128029 0.005500
v 0.639386 0.131969 -0.005500
v 0.635584 0.135597 -0.005500
v 0.632170 0.138888 -0.005500
v 0.628912 0.142045 -0.005500
v 0.625575 0.145269 -0.005500
v 0.631417 0.144526 -0.005500
v 0.637146 0.143884 -0.005500
v 0.643100 0.143040 -0.005500
v 0.649616 0.141688 -0.005500
v 0.658036 0.139565 -0.005500
v 0.665383 0.137416 -0.005500
v 0.672519 0.134717 -0.005500
v 0.680307 0.130946 -0.005500
v 0.686239 0.127570 -0.005500
v 0.691224 0.124189 -0.005500
v 0.695865 0.120351 -0.005500
v 0.700767 0.115601 -0.005500
v 0.703912 0.111961 -0.005500
v 0.706404 0.108387 -0.005500
v 0.708636 0.104840 -0.005500
v 0.710997 0.101279 -0.005500
v 0.702251 0.102168 -0.005500
v 0.693641 0.102798 -0.005500
v 0.684758 0.103947 -0.005500
v 0.675192 0.106394 -0.005500
v 0.669385 0.108619 -0.005500
v 0.664488 0.111098 -0.005500
v 0.659827 0.114039 -0.005500
v 0.654731 0.117647 -0.005500
v 0.650370 0.121120 -0.005500
v 0.646800 0.124497 -0.005500
v 0.643360 0.128029 -0.005500
v 0.638647 0.131209 -0.005061
v 0.638340 0.130894 -0.004000
v 0.638340 0.130894 0.004000
v 0.638647 0.131209 0.005061
v 0.634850 0.134831 -0.005061
v 0.634546 0.134514 -0.004000
v 0.634546 0.134514 0.004000
v 0.634850 0.134831 0.005061
v 0.631433 0.138125 -0.005061
v 0.631128 0.137809 -0.004000
v 0.631128 0.137809 0.004000
v 0.631433 0.138125 0.005061
v 0.628174 0.141282 -0.005061
v 0.627869 0.140967 -0.004000
v 0.627869 0.140967 0.004000
v 0.628174 0.141282 0.005061
v 0.622544 0.146723 -0.005061
v 0.621288 0.147326 -0.004000
v 0.621288 0.147326 0.004000
v 0.622544 0.146723 0.005061
v 0.631543 0.145579 -0.005061
v 0.631595 0.146015 -0.004000
v 0.631595 0.146015 0.004000
v 0.631543 0.145579 0.005061
v 0.637280 0.144937 -0.005061
v 0.637335 0.145373 -0.004000
v 0.637335 0.145373 0.004000
v 0.637280 0.144937 0.005061
v 0.643283 0.144085 -0.005061
v 0.643358 0.144518 -0.004000
v 0.643358 0.144518 0.004000
v 0.643283 0.144085 0.005061
v 0.649854 0.142722 -0.005061
v 0.649952 0.143150 -0.004000
v 0.649952 0.143150 0.004000
v 0.649854 0.142722 0.005061
v 0.658315 0.140589 -0.005061
v 0.658430 0.141013 -0.004000
v 0.658430 0.141013 0.004000
v 0.658315 0.140589 0.005061
v 0.665720 0.138422 -0.005061
v 0.665860 0.138839 -0.004000
v 0.665860 0.138839 0.004000
v 0.665720 0.138422 0.005061
v 0.672939 0.135693 -0.005061
v 0.673113 0.136097 -0.004000
v 0.673113 0.136097 0.004000
v 0.672939 0.135693 0.005061
v 0.680801 0.131886 -0.005061
v 0.681006 0.132275 -0.004000
v 0.681006 0.132275 0.004000
v 0.680801 0.131886 0.005061
v 0.686800 0.128471 -0.005061
v 0.687032 0.128845 -0.004000
v 0.687032 0.128845 0.004000
v 0.686800 0.128471 0.005061
v 0.691861 0.125039 -0.005061
v 0.692125 0.125391 -0.004000
v 0.692125 0.125391 0.004000
v 0.691861 0.125039 0.005061
v 0.696573 0.121142 -0.005061
v 0.696867 0.121469 -0.004000
v 0.696867 0.121469 0.004000
v 0.696573 0.121142 0.005061
v 0.701539 0.116330 -0.005061
v 0.701859 0.116632 -0.004000
v 0.701859 0.116632 0.004000
v 0.701539 0.116330 0.005061
v 0.704751 0.112613 -0.005061
v 0.705098 0.112883 -0.004000
v 0.705098 0.112883 0.004000
v 0.704751 0.112613 0.005061
v 0.707289 0.108973 -0.005061
v 0.707655 0.109216 -0.004000
v 0.707655 0.109216 0.004000
v 0.707289 0.108973 0.005061
v 0.709527 0.105415 -0.005061
v 0.709896 0.105654 -0.004000
v 0.709896 0.105654 0.004000
v 0.709527 0.105415 0.005061
v 0.713121 0.099997 -0.005061
v 0.714000 0.099466 -0.004000
v 0.714000 0.099466 0.004000
v 0.713121 0.099997 0.005061
v 0.702159 0.101111 -0.005061
v 0.702120 0.100674 -0.004000
v 0.702120 0.100674 0.004000
v 0.702159 0.101111 0.005061
v 0.693535 0.101742 -0.005061
v 0.693490 0.101305 -0.004000
v 0.693490 0.101305 0.004000
v 0.693535 0.101742 0.005061
v 0.684558 0.102903 -0.005061
v 0.684475 0.102471 -0.004000
v 0.684475 0.102471 0.004000
v 0.684558 0.102903 0.005061
v 0.674870 0.105381 -0.005061
v 0.674736 0.104962 -0.004000
v 0.674736 0.104962 0.004000
v 0.674870 0.105381 0.005061
v 0.668955 0.107648 -0.005061
v 0.668777 0.107245 -0.004000
v 0.668777 0.107245 0.004000
v 0.668955 0.107648 0.005061
v 0.663964 0.110174 -0.005061
v 0.663747 0.109792 -0.004000
v 0.663747 0.109792 0.004000
v 0.663964 0.110174 0.005061
v 0.659237 0.113157 -0.005061
v 0.658993 0.112791 -0.004000
v 0.658993 0.112791 0.004000
v 0.659237 0.113157 0.005061
v 0.654094 0.116799 -0.005061
v 0.653830 0.116447 -0.004000
v 0.653830 0.116447 0.004000
v 0.654094 0.116799 0.005061
v 0.649674 0.120319 -0.005061
v 0.649386 0.119987 -0.004000
v 0.649386 0.119987 0.004000
v 0.649674 0.120319 0.005061
v 0.646056 0.123741 -0.005061
v 0.645747 0.123428 -0.004000
v 0.645747 0.123428 0.004000
v 0.646056 0.123741 0.005061
v 0.642606 0.127282 -0.005061
v 0.642294 0.126973 -0.004000
v 0.642294 0.126973 0.004000
v 0.642606 0.127282 0.005061
vn -0.1356 -0.1401 0.9808
vn 0.0230 0.1928 0.9810
vn -0.1041 0.0499 0.9933
vn 0.0248 0.1953 0.9804
vn 0.0342 0.1958 0.9800
vn 0.0442 0.1926 0.9803
vn -0.1357 -0.1404 0.9808
vn 0.0518 0.1904 0.9803
vn 0.0633 0.1892 0.9799
vn -0.1353 -0.1410 0.9807
vn 0.0791 0.1839 0.9797
vn -0.1352 -0.1390 0.9810
vn 0.0926 0.1761 0.9800
vn -0.1378 -0.1366 0.9810
vn 0.1055 0.1695 0.9799
vn -0.1386 -0.1407 0.9803
vn 0.1203 0.1604 0.9797
vn -0.1311 -0.1510 0.9798
vn 0.1332 0.1487 0.9799
vn -0.1192 -0.1586 0.9801
vn 0.1455 0.1375 0.9798
vn -0.1102 -0.1648 0.9802
vn 0.1587 0.1234 0.9796
vn -0.0989 -0.1744 0.9797
vn 0.1649 0.1093 0.9802
vn -0.0814 -0.1837 0.9796
vn -0.0612 -0.1922 0.9795
vn 0.1626 0.1051 0.9811
vn -0.0381 -0.1984 0.9794
vn -0.0168 -0.1926 0.9811
vn 0.1272 -0.0768 0.9889
vn -0.0200 -0.1973 0.9801
vn -0.1356 -0.1402 -0.9808
vn -0.1041 0.0499 -0.9933
vn 0.0230 0.1928 -0.9810
vn 0.0248 0.1953 -0.9804
vn 0.0342 0.1958 -0.9800
vn 0.0442 0.1926 -0.9803
vn -0.1357 -0.1404 -0.9808
vn 0.0518 0.1904 -0.9803
vn 0.0633 0.1892 -0.9799
vn -0.1353 -0.1410 -0.9807
vn 0.0791 0.1839 -0.9797
vn -0.1352 -0.1390 -0.9810
vn 0.0926 0.1761 -0.9800
vn -0.1378 -0.1366 -0.9810
vn 0.1055 0.1695 -0.9799
vn -0.1386 -0.1407 -0.9803
vn 0.1203 0.1604 -0.9797
vn -0.1311 -0.1510 -0.9798
vn 0.1332 0.1487 -0.9799
vn -0.1192 -0.1586 -0.9801
vn 0.1455 0.1375 -0.9798
vn -0.1102 -0.1647 -0.9802
vn 0.1587 0.1234 -0.9796
vn -0.0989 -0.1744 -0.9797
vn 0.1649 0.1093 -0.9802
vn -0.0814 -0.1837 -0.9796
vn -0.0612 -0.1922 -0.9795
vn 0.1626 0.1051 -0.9811
vn -0.0381 -0.1984 -0.9794
vn -0.0168 -0.1926 -0.9811
vn 0.1272 -0.0768 -0.9889
vn -0.0200 -0.1973 -0.9801
vn -0.2668 -0.2743 -0.9239
vn -0.2649 -0.2762 -0.9239
vn -0.6838 -0.7030 -0.1953
vn -0.6789 -0.7079 -0.1950
vn -0.6395 -0.6668 -0.3827
vn -0.6442 -0.6623 -0.3827
vn -0.6838 -0.7030 0.1953
vn -0.6789 -0.7079 0.1950
vn -0.6442 -0.6623 0.3827
vn -0.6395 -0.6668 0.3827
vn -0.2649 -0.2762 0.9239
vn -0.2668 -0.2743 0.9239
vn -0.2659 -0.2752 -0.9239
vn -0.6816 -0.7053 -0.1951
vn -0.6420 -0.6643 -0.3827
vn -0.6816 -0.7053 0.1951
vn -0.6420 -0.6643 0.3827
vn -0.2659 -0.2752 0.9239
vn -0.2661 -0.2750 -0.9239
vn -0.6820 -0.7048 -0.1951
vn -0.6424 -0.6639 -0.3827
vn -0.6820 -0.7048 0.1951
vn -0.6424 -0.6639 0.3827
vn -0.2661 -0.2750 0.9239
vn -0.6897 -0.7137 -0.1217
vn -0.6420 -0.6644 -0.3827
vn -0.6897 -0.7137 0.1217
vn 0.0483 0.3796 -0.9239
vn 0.0454 0.3800 -0.9239
vn 0.1252 0.9846 -0.1217
vn 0.1164 0.9738 -0.1953
vn 0.1097 0.9173 -0.3827
vn 0.1165 0.9165 -0.3827
vn 0.1252 0.9846 0.1217
vn 0.1164 0.9738 0.1953
vn 0.1165 0.9165 0.3827
vn 0.1097 0.9173 0.3827
vn 0.0454 0.3800 0.9239
vn 0.0483 0.3796 0.9239
vn 0.0482 0.3796 -0.9239
vn 0.1234 0.9731 -0.1948
vn 0.1163 0.9165 -0.3827
vn 0.1234 0.9731 0.1948
vn 0.1163 0.9165 0.3827
vn 0.0482 0.3796 0.9239
vn 0.0657 0.3768 -0.9239
vn 0.1686 0.9663 -0.1944
vn 0.1588 0.9101 -0.3829
vn 0.1686 0.9663 0.1944
vn 0.1588 0.9101 0.3829
vn 0.0657 0.3768 0.9239
vn 0.0857 0.3729 -0.9239
vn 0.2196 0.9560 -0.1946
vn 0.2068 0.9004 -0.3828
vn 0.2196 0.9560 0.1946
vn 0.2068 0.9004 0.3828
vn 0.0857 0.3729 0.9239
vn 0.1005 0.3692 -0.9239
vn 0.2576 0.9464 -0.1947
vn 0.2427 0.8914 -0.3827
vn 0.2576 0.9464 0.1947
vn 0.2427 0.8914 0.3827
vn 0.1005 0.3692 0.9239
vn 0.1214 0.3627 -0.9240
vn 0.3114 0.9302 -0.1943
vn 0.2933 0.8760 -0.3829
vn 0.3114 0.9302 0.1943
vn 0.2933 0.8760 0.3829
vn 0.1214 0.3627 0.9240
vn 0.1511 0.3512 -0.9240
vn 0.3876 0.9011 -0.1942
vn 0.3650 0.8486 -0.3830
vn 0.3876 0.9011 0.1942
vn 0.3650 0.8486 0.3830
vn 0.1511 0.3512 0.9240
vn 0.1780 0.3385 -0.9240
vn 0.4566 0.8682 -0.1944
vn 0.4300 0.8176 -0.3829
vn 0.4566 0.8682 0.1944
vn 0.4300 0.8176 0.3829
vn 0.1780 0.3385 0.9240
vn 0.2021 0.3247 -0.9240
vn 0.5183 0.8328 -0.1943
vn 0.4881 0.7843 -0.3829
vn 0.5183 0.8328 0.1943
vn 0.4881 0.7843 0.3829
vn 0.2021 0.3247 0.9240
vn 0.2294 0.3059 -0.9240
vn 0.5886 0.7848 -0.1942
vn 0.5542 0.7390 -0.3831
vn 0.5886 0.7848 0.1942
vn 0.5542 0.7390 0.3831
vn 0.2294 0.3059 0.9240
vn 0.2551 0.2849 -0.9240
vn 0.6544 0.7308 -0.1943
vn 0.6163 0.6882 -0.3829
vn 0.6544 0.7308 0.1943
vn 0.6163 0.6882 0.3829
vn 0.2551 0.2849 0.9240
vn 0.2780 0.2625 -0.9240
vn 0.7132 0.6736 -0.1942
vn 0.6716 0.6343 -0.3830
vn 0.7132 0.6736 0.1942
vn 0.6716 0.6343 0.3830
vn 0.2780 0.2625 0.9240
vn 0.3018 0.2346 -0.9241
vn 0.7745 0.6020 -0.1941
vn 0.7293 0.5669 -0.3831
vn 0.7745 0.6020 0.1941
vn 0.7293 0.5669 0.3831
vn 0.3018 0.2346 0.9241
vn 0.3189 0.2113 -0.9239
vn 0.8177 0.5418 -0.1946
vn 0.7701 0.5103 -0.3827
vn 0.8177 0.5418 0.1946
vn 0.7701 0.5103 0.3827
vn 0.3189 0.2113 0.9239
vn 0.3214 0.2076 -0.9239
vn 0.8238 0.5322 -0.1954
vn 0.7760 0.5013 -0.3827
vn 0.8238 0.5322 0.1954
vn 0.7760 0.5013 0.3827
vn 0.3214 0.2076 0.9239
vn 0.3189 0.2115 -0.9239
vn 0.8250 0.5472 -0.1410
vn 0.7699 0.5107 -0.3827
vn 0.8250 0.5472 0.1410
vn 0.7699 0.5107 0.3827
vn 0.3189 0.2115 0.9239
vn -0.0387 -0.3807 -0.9239
vn -0.0333 -0.3812 -0.9239
vn -0.1002 -0.9849 -0.1410
vn -0.0854 -0.9770 -0.1954
vn -0.0804 -0.9204 -0.3827
vn -0.0935 -0.9191 -0.3827
vn -0.1002 -0.9849 0.1410
vn -0.0854 -0.9770 0.1954
vn -0.0935 -0.9191 0.3827
vn -0.0804 -0.9204 0.3827
vn -0.0333 -0.3812 0.9239
vn -0.0387 -0.3807 0.9239
vn -0.0385 -0.3806 -0.9239
vn -0.0987 -0.9759 -0.1945
vn -0.0930 -0.9191 -0.3828
vn -0.0987 -0.9759 0.1945
vn -0.0930 -0.9191 0.3828
vn -0.0385 -0.3806 0.9239
vn -0.0720 -0.3752 -0.9241
vn -0.1848 -0.9634 -0.1940
vn -0.1740 -0.9071 -0.3833
vn -0.1848 -0.9634 0.1940
vn -0.1740 -0.9071 0.3833
vn -0.0720 -0.3752 0.9241
vn -0.1159 -0.3641 -0.9241
vn -0.2975 -0.9348 -0.1940
vn -0.2801 -0.8801 -0.3832
vn -0.2975 -0.9348 0.1940
vn -0.2801 -0.8802 0.3832
vn -0.1159 -0.3641 0.9241
vn -0.1549 -0.3495 -0.9241
vn -0.3976 -0.8968 -0.1941
vn -0.3743 -0.8444 -0.3831
vn -0.3976 -0.8968 0.1941
vn -0.3743 -0.8444 0.3831
vn -0.1549 -0.3494 0.9241
vn -0.1886 -0.3326 -0.9240
vn -0.4838 -0.8534 -0.1942
vn -0.4556 -0.8036 -0.3830
vn -0.4838 -0.8534 0.1942
vn -0.4556 -0.8036 0.3830
vn -0.1886 -0.3326 0.9240
vn -0.2127 -0.3180 -0.9239
vn -0.5453 -0.8153 -0.1945
vn -0.5136 -0.7679 -0.3828
vn -0.5453 -0.8153 0.1945
vn -0.5136 -0.7679 0.3828
vn -0.2127 -0.3180 0.9239
vn -0.2298 -0.3058 -0.9239
vn -0.5892 -0.7842 -0.1945
vn -0.5549 -0.7386 -0.3828
vn -0.5892 -0.7842 0.1945
vn -0.5549 -0.7386 0.3828
vn -0.2298 -0.3058 0.9239
vn -0.2507 -0.2887 -0.9240
vn -0.6432 -0.7407 -0.1942
vn -0.6057 -0.6975 -0.3830
vn -0.6432 -0.7407 0.1942
vn -0.6057 -0.6975 0.3830
vn -0.2507 -0.2887 0.9240
vn -0.2685 -0.2725 -0.9239
vn -0.6885 -0.6987 -0.1946
vn -0.6484 -0.6581 -0.3827
vn -0.6885 -0.6987 0.1946
vn -0.6484 -0.6581 0.3827
vn -0.2685 -0.2725 0.9239
vn -0.2718 -0.2694 -0.9239
vn -0.6966 -0.6904 -0.1953
vn -0.6562 -0.6504 -0.3827
vn -0.6966 -0.6904 0.1953
vn -0.6562 -0.6504 0.3827
vn -0.2718 -0.2694 0.9239
vt 0.096774 0.000000
vt 0.161290 0.000000
vt 0.129032 0.000000
vt 0.193548 0.000000
vt 0.225806 0.000000
vt 0.258065 0.000000
vt 0.064516 0.000000
vt 0.290323 0.000000
vt 0.322581 0.000000
vt 0.032258 0.000000
vt 0.354839 0.000000
vt 0.000000 0.000000
vt 0.387097 0.000000
vt 1.000000 0.000000
vt 0.419355 0.000000
vt 0.967742 0.000000
vt 0.451613 0.000000
vt 0.935484 0.000000
vt 0.483871 0.000000
vt 0.903226 0.000000
vt 0.516129 0.000000
vt 0.870968 0.000000
vt 0.548387 0.000000
vt 0.838710 0.000000
vt 0.580645 0.000000
vt 0.806452 0.000000
vt 0.774194 0.000000
vt 0.612903 0.000000
vt 0.741935 0.000000
vt 0.677419 0.000000
vt 0.645161 0.000000
vt 0.709677 0.000000
vt 0.000000 0.200000
vt 0.031250 0.200000
vt 0.031250 0.000000
vt 0.000000 0.400000
vt 0.031250 0.400000
vt 0.000000 0.600000
vt 0.031250 0.600000
vt 0.000000 0.800000
vt 0.031250 0.800000
vt 0.000000 1.000000
vt 0.031250 1.000000
vt 0.062500 0.200000
vt 0.062500 0.000000
vt 0.062500 0.400000
vt 0.062500 0.600000
vt 0.062500 0.800000
vt 0.062500 1.000000
vt 0.093750 0.200000
vt 0.093750 0.000000
vt 0.093750 0.400000
vt 0.093750 0.600000
vt 0.093750 0.800000
vt 0.093750 1.000000
vt 0.125000 0.200000
vt 0.125000 0.000000
vt 0.125000 0.400000
vt 0.125000 0.600000
vt 0.125000 0.800000
vt 0.125000 1.000000
vt 0.156250 0.200000
vt 0.156250 0.000000
vt 0.156250 0.400000
vt 0.156250 0.600000
vt 0.156250 0.800000
vt 0.156250 1.000000
vt 0.187500 0.200000
vt 0.187500 0.000000
vt 0.187500 0.400000
vt 0.187500 0.600000
vt 0.187500 0.800000
vt 0.187500 1.000000
vt 0.218750 0.200000
vt 0.218750 0.000000
vt 0.218750 0.400000
vt 0.218750 0.600000
vt 0.218750 0.800000
vt 0.218750 1.000000
vt 0.250000 0.200000
vt 0.250000 0.000000
vt 0.250000 0.400000
vt 0.250000 0.600000
vt 0.250000 0.800000
vt 0.250000 1.000000
vt 0.281250 0.200000
vt 0.281250 0.000000
vt 0.281250 0.400000
vt 0.281250 0.600000
vt 0.281250 0.800000
vt 0.281250 1.000000
vt 0.312500 0.200000
vt 0.312500 0.000000
vt 0.312500 0.400000
vt 0.312500 0.600000
vt 0.312500 0.800000
vt 0.312500 1.000000
vt 0.343750 0.200000
vt 0.343750 0.000000
vt 0.343750 0.400000
vt 0.343750 0.600000
vt 0.343750 0.800000
vt 0.343750 1.000000
vt 0.375000 0.200000
vt 0.375000 0.000000
vt 0.375000 0.400000
vt 0.375000 0.600000
vt 0.375000 0.800000
vt 0.375000 1.000000
vt 0.406250 0.200000
vt 0.406250 0.000000
vt 0.406250 0.400000
vt 0.406250 0.600000
vt 0.406250 0.800000
vt 0.406250 1.000000
vt 0.437500 0.200000
vt 0.437500 0.000000
vt 0.437500 0.400000
vt 0.437500 0.600000
vt 0.437500 0.800000
vt 0.437500 1.000000
vt 0.468750 0.200000
vt 0.468750 0.000000
vt 0.468750 0.400000
vt 0.468750 0.600000
vt 0.468750 0.800000
vt 0.468750 1.000000
vt 0.500000 0.200000
vt 0.500000 0.000000
vt 0.500000 0.400000
vt 0.500000 0.600000
vt 0.500000 0.800000
vt 0.500000 1.000000
vt 0.531250 0.200000
vt 0.531250 0.000000
vt 0.531250 0.400000
vt 0.531250 0.600000
vt 0.531250 0.800000
vt 0.531250 1.000000
vt 0.562500 0.200000
vt 0.562500 0.000000
vt 0.562500 0.400000
vt 0.562500 0.600000
vt 0.562500 0.800000
vt 0.562500 1.000000
vt 0.593750 0.200000
vt 0.593750 0.000000
vt 0.593750 0.400000
vt 0.593750 0.600000
vt 0.593750 0.800000
vt 0.593750 1.000000
vt 0.625000 0.200000
vt 0.625000 0.000000
vt 0.625000 0.400000
vt 0.625000 0.600000
vt 0.625000 0.800000
vt 0.625000 1.000000
vt 0.656250 0.200000
vt 0.656250 0.000000
vt 0.656250 0.400000
vt 0.656250 0.600000
vt 0.656250 0.800000
vt 0.656250 1.000000
vt 0.687500 0.200000
vt 0.687500 0.000000
vt 0.687500 0.400000
vt 0.687500 0.600000
vt 0.687500 0.800000
vt 0.687500 1.000000
vt 0.718750 0.200000
vt 0.718750 0.000000
vt 0.718750 0.400000
vt 0.718750 0.600000
vt 0.718750 0.800000
vt 0.718750 1.000000
vt 0.750000 0.200000
vt 0.750000 0.000000
vt 0.750000 0.400000
vt 0.750000 0.600000
vt 0.750000 0.800000
vt 0.750000 1.000000
vt 0.781250 0.200000
vt 0.781250 0.000000
vt 0.781250 0.400000
vt 0.781250 0.600000
vt 0.781250 0.800000
vt 0.781250 1.000000
vt 0.812500 0.200000
vt 0.812500 0.000000
vt 0.812500 0.400000
vt 0.812500 0.600000
vt 0.812500 0.800000
vt 0.812500 1.000000
vt 0.843750 0.200000
vt 0.843750 0.000000
vt 0.843750 0.400000
vt 0.843750 0.600000
vt 0.843750 0.800000
vt 0.843750 1.000000
vt 0.875000 0.200000
vt 0.875000 0.000000
vt 0.875000 0.400000
vt 0.875000 0.600000
vt 0.875000 0.800000
vt 0.875000 1.000000
vt 0.906250 0.200000
vt 0.906250 0.000000
vt 0.906250 0.400000
vt 0.906250 0.600000
vt 0.906250 0.800000
vt 0.906250 1.000000
vt 0.937500 0.200000
vt 0.937500 0.000000
vt 0.937500 0.400000
vt 0.937500 0.600000
vt 0.937500 0.800000
vt 0.937500 1.000000
vt 0.968750 0.200000
vt 0.968750 0.000000
vt 0.968750 0.400000
vt 0.968750 0.600000
vt 0.968750 0.800000
vt 0.968750 1.000000
vt 1.000000 0.200000
vt 1.000000 0.400000
vt 1.000000 0.600000
vt 1.000000 0.800000
vt 1.000000 1.000000
s 1
usemtl Gold_|_polished_trim
f 2429/2370/3207 2431/2371/3208 2430/2372/3209
f 2429/2370/3207 2432/2373/3210 2431/2371/3208
f 2429/2370/3207 2433/2374/3211 2432/2373/3210
f 2429/2370/3207 2434/2375/3212 2433/2374/3211
f 2428/2376/3213 2434/2375/3212 2429/2370/3207
f 2428/2376/3213 2435/2377/3214 2434/2375/3212
f 2428/2376/3213 2436/2378/3215 2435/2377/3214
f 2427/2379/3216 2436/2378/3215 2428/2376/3213
f 2427/2379/3216 2437/2380/3217 2436/2378/3215
f 2426/2381/3218 2437/2380/3217 2427/2379/3216
f 2426/2381/3218 2438/2382/3219 2437/2380/3217
f 2457/2383/3220 2438/2382/3219 2426/2381/3218
f 2457/2383/3220 2439/2384/3221 2438/2382/3219
f 2456/2385/3222 2439/2384/3221 2457/2383/3220
f 2456/2385/3222 2440/2386/3223 2439/2384/3221
f 2455/2387/3224 2440/2386/3223 2456/2385/3222
f 2455/2387/3224 2441/2388/3225 2440/2386/3223
f 2454/2389/3226 2441/2388/3225 2455/2387/3224
f 2454/2389/3226 2442/2390/3227 2441/2388/3225
f 2453/2391/3228 2442/2390/3227 2454/2389/3226
f 2453/2391/3228 2443/2392/3229 2442/2390/3227
f 2452/2393/3230 2443/2392/3229 2453/2391/3228
f 2452/2393/3230 2444/2394/3231 2443/2392/3229
f 2451/2395/3232 2444/2394/3231 2452/2393/3230
f 2450/2396/3233 2444/2394/3231 2451/2395/3232
f 2450/2396/3233 2445/2397/3234 2444/2394/3231
f 2449/2398/3235 2445/2397/3234 2450/2396/3233
f 2449/2398/3235 2447/2399/3236 2445/2397/3234
f 2447/2399/3236 2446/2400/3237 2445/2397/3234
f 2448/2401/3238 2447/2399/3236 2449/2398/3235
f 2461/2370/3239 2462/2372/3240 2463/2371/3241
f 2461/2370/3239 2463/2371/3241 2464/2373/3242
f 2461/2370/3239 2464/2373/3242 2465/2374/3243
f 2461/2370/3239 2465/2374/3243 2466/2375/3244
f 2460/2376/3245 2461/2370/3239 2466/2375/3244
f 2460/2376/3245 2466/2375/3244 2467/2377/3246
f 2460/2376/3245 2467/2377/3246 2468/2378/3247
f 2459/2379/3248 2460/2376/3245 2468/2378/3247
f 2459/2379/3248 2468/2378/3247 2469/2380/3249
f 2458/2381/3250 2459/2379/3248 2469/2380/3249
f 2458/2381/3250 2469/2380/3249 2470/2382/3251
f 2489/2383/3252 2458/2381/3250 2470/2382/3251
f 2489/2383/3252 2470/2382/3251 2471/2384/3253
f 2488/2385/3254 2489/2383/3252 2471/2384/3253
f 2488/2385/3254 2471/2384/3253 2472/2386/3255
f 2487/2387/3256 2488/2385/3254 2472/2386/3255
f 2487/2387/3256 2472/2386/3255 2473/2388/3257
f 2486/2389/3258 2487/2387/3256 2473/2388/3257
f 2486/2389/3258 2473/2388/3257 2474/2390/3259
f 2485/2391/3260 2486/2389/3258 2474/2390/3259
f 2485/2391/3260 2474/2390/3259 2475/2392/3261
f 2484/2393/3262 2485/2391/3260 2475/2392/3261
f 2484/2393/3262 2475/2392/3261 2476/2394/3263
f 2483/2395/3264 2484/2393/3262 2476/2394/3263
f 2482/2396/3265 2483/2395/3264 2476/2394/3263
f 2482/2396/3265 2476/2394/3263 2477/2397/3266
f 2481/2398/3267 2482/2396/3265 2477/2397/3266
f 2481/2398/3267 2477/2397/3266 2479/2399/3268
f 2479/2399/3268 2477/2397/3266 2478/2400/3269
f 2480/2401/3270 2481/2398/3267 2479/2399/3268
f 2490/2402/3271 2494/2403/3272 2459/2404/3248 2458/2381/3250
f 2491/2405/3273 2495/2406/3274 2494/2403/3275 2490/2402/3276
f 2492/2407/3277 2496/2408/3278 2495/2406/3274 2491/2405/3273
f 2493/2409/3279 2497/2410/3280 2496/2408/3278 2492/2407/3277
f 2426/2411/3218 2427/2412/3216 2497/2410/3281 2493/2409/3282
f 2494/2403/3272 2498/2413/3283 2460/2414/3245 2459/2404/3248
f 2495/2406/3274 2499/2415/3284 2498/2413/3285 2494/2403/3275
f 2496/2408/3278 2500/2416/3286 2499/2415/3284 2495/2406/3274
f 2497/2410/3280 2501/2417/3287 2500/2416/3286 2496/2408/3278
f 2427/2412/3216 2428/2418/3213 2501/2417/3288 2497/2410/3281
f 2498/2413/3283 2502/2419/3289 2461/2420/3239 2460/2414/3245
f 2499/2415/3284 2503/2421/3290 2502/2419/3291 2498/2413/3285
f 2500/2416/3286 2504/2422/3292 2503/2421/3290 2499/2415/3284
f 2501/2417/3287 2505/2423/3293 2504/2422/3292 2500/2416/3286
f 2428/2418/3213 2429/2424/3207 2505/2423/3294 2501/2417/3288
f 2502/2419/3289 2506/2425/3283 2462/2426/3240 2461/2420/3239
f 2503/2421/3290 2507/2427/3295 2506/2425/3296 2502/2419/3291
f 2504/2422/3292 2508/2428/3297 2507/2427/3295 2503/2421/3290
f 2505/2423/3293 2509/2429/3287 2508/2428/3297 2504/2422/3292
f 2429/2424/3207 2430/2430/3209 2509/2429/3288 2505/2423/3294
f 2506/2425/3298 2510/2431/3299 2463/2432/3241 2462/2426/3240
f 2507/2427/3300 2511/2433/3301 2510/2431/3302 2506/2425/3303
f 2508/2428/3304 2512/2434/3305 2511/2433/3301 2507/2427/3300
f 2509/2429/3306 2513/2435/3307 2512/2434/3305 2508/2428/3304
f 2430/2430/3209 2431/2436/3208 2513/2435/3308 2509/2429/3309
f 2510/2431/3299 2514/2437/3310 2464/2438/3242 2463/2432/3241
f 2511/2433/3301 2515/2439/3311 2514/2437/3312 2510/2431/3302
f 2512/2434/3305 2516/2440/3313 2515/2439/3311 2511/2433/3301
f 2513/2435/3307 2517/2441/3314 2516/2440/3313 2512/2434/3305
f 2431/2436/3208 2432/2442/3210 2517/2441/3315 2513/2435/3308
f 2514/2437/3310 2518/2443/3316 2465/2444/3243 2464/2438/3242
f 2515/2439/3311 2519/2445/3317 2518/2443/3318 2514/2437/3312
f 2516/2440/3313 2520/2446/3319 2519/2445/3317 2515/2439/3311
f 2517/2441/3314 2521/2447/3320 2520/2446/3319 2516/2440/3313
f 2432/2442/3210 2433/2448/3211 2521/2447/3321 2517/2441/3315
f 2518/2443/3316 2522/2449/3322 2466/2450/3244 2465/2444/3243
f 2519/2445/3317 2523/2451/3323 2522/2449/3324 2518/2443/3318
f 2520/2446/3319 2524/2452/3325 2523/2451/3323 2519/2445/3317
f 2521/2447/3320 2525/2453/3326 2524/2452/3325 2520/2446/3319
f 2433/2448/3211 2434/2454/3212 2525/2453/3327 2521/2447/3321
f 2522/2449/3322 2526/2455/3328 2467/2456/3246 2466/2450/3244
f 2523/2451/3323 2527/2457/3329 2526/2455/3330 2522/2449/3324
f 2524/2452/3325 2528/2458/3331 2527/2457/3329 2523/2451/3323
f 2525/2453/3326 2529/2459/3332 2528/2458/3331 2524/2452/3325
f 2434/2454/3212 2435/2460/3214 2529/2459/3333 2525/2453/3327
f 2526/2455/3328 2530/2461/3334 2468/2462/3247 2467/2456/3246
f 2527/2457/3329 2531/2463/3335 2530/2461/3336 2526/2455/3330
f 2528/2458/3331 2532/2464/3337 2531/2463/3335 2527/2457/3329
f 2529/2459/3332 2533/2465/3338 2532/2464/3337 2528/2458/3331
f 2435/2460/3214 2436/2466/3215 2533/2465/3339 2529/2459/3333
f 2530/2461/3334 2534/2467/3340 2469/2468/3249 2468/2462/3247
f 2531/2463/3335 2535/2469/3341 2534/2467/3342 2530/2461/3336
f 2532/2464/3337 2536/2470/3343 2535/2469/3341 2531/2463/3335
f 2533/2465/3338 2537/2471/3344 2536/2470/3343 2532/2464/3337
f 2436/2466/3215 2437/2472/3217 2537/2471/3345 2533/2465/3339
f 2534/2467/3340 2538/2473/3346 2470/2474/3251 2469/2468/3249
f 2535/2469/3341 2539/2475/3347 2538/2473/3348 2534/2467/3342
f 2536/2470/3343 2540/2476/3349 2539/2475/3347 2535/2469/3341
f 2537/2471/3344 2541/2477/3350 2540/2476/3349 2536/2470/3343
f 2437/2472/3217 2438/2478/3219 2541/2477/3351 2537/2471/3345
f 2538/2473/3346 2542/2479/3352 2471/2480/3253 2470/2474/3251
f 2539/2475/3347 2543/2481/3353 2542/2479/3354 2538/2473/3348
f 2540/2476/3349 2544/2482/3355 2543/2481/3353 2539/2475/3347
f 2541/2477/3350 2545/2483/3356 2544/2482/3355 2540/2476/3349
f 2438/2478/3219 2439/2484/3221 2545/2483/3357 2541/2477/3351
f 2542/2479/3352 2546/2485/3358 2472/2486/3255 2471/2480/3253
f 2543/2481/3353 2547/2487/3359 2546/2485/3360 2542/2479/3354
f 2544/2482/3355 2548/2488/3361 2547/2487/3359 2543/2481/3353
f 2545/2483/3356 2549/2489/3362 2548/2488/3361 2544/2482/3355
f 2439/2484/3221 2440/2490/3223 2549/2489/3363 2545/2483/3357
f 2546/2485/3358 2550/2491/3364 2473/2492/3257 2472/2486/3255
f 2547/2487/3359 2551/2493/3365 2550/2491/3366 2546/2485/3360
f 2548/2488/3361 2552/2494/3367 2551/2493/3365 2547/2487/3359
f 2549/2489/3362 2553/2495/3368 2552/2494/3367 2548/2488/3361
f 2440/2490/3223 2441/2496/3225 2553/2495/3369 2549/2489/3363
f 2550/2491/3364 2554/2497/3370 2474/2498/3259 2473/2492/3257
f 2551/2493/3365 2555/2499/3371 2554/2497/3372 2550/2491/3366
f 2552/2494/3367 2556/2500/3373 2555/2499/3371 2551/2493/3365
f 2553/2495/3368 2557/2501/3374 2556/2500/3373 2552/2494/3367
f 2441/2496/3225 2442/2502/3227 2557/2501/3375 2553/2495/3369
f 2554/2497/3370 2558/2503/3376 2475/2504/3261 2474/2498/3259
f 2555/2499/3371 2559/2505/3377 2558/2503/3378 2554/2497/3372
f 2556/2500/3373 2560/2506/3379 2559/2505/3377 2555/2499/3371
f 2557/2501/3374 2561/2507/3380 2560/2506/3379 2556/2500/3373
f 2442/2502/3227 2443/2508/3229 2561/2507/3381 2557/2501/3375
f 2558/2503/3376 2562/2509/3382 2476/2510/3263 2475/2504/3261
f 2559/2505/3377 2563/2511/3383 2562/2509/3384 2558/2503/3378
f 2560/2506/3379 2564/2512/3385 2563/2511/3383 2559/2505/3377
f 2561/2507/3380 2565/2513/3386 2564/2512/3385 2560/2506/3379
f 2443/2508/3229 2444/2514/3231 2565/2513/3387 2561/2507/3381
f 2562/2509/3382 2566/2515/3388 2477/2516/3266 2476/2510/3263
f 2563/2511/3383 2567/2517/3389 2566/2515/3390 2562/2509/3384
f 2564/2512/3385 2568/2518/3391 2567/2517/3389 2563/2511/3383
f 2565/2513/3386 2569/2519/3392 2568/2518/3391 2564/2512/3385
f 2444/2514/3231 2445/2520/3234 2569/2519/3393 2565/2513/3387
f 2566/2515/3388 2570/2521/3394 2478/2522/3269 2477/2516/3266
f 2567/2517/3389 2571/2523/3395 2570/2521/3396 2566/2515/3390
f 2568/2518/3391 2572/2524/3397 2571/2523/3395 2567/2517/3389
f 2569/2519/3392 2573/2525/3398 2572/2524/3397 2568/2518/3391
f 2445/2520/3234 2446/2526/3237 2573/2525/3399 2569/2519/3393
f 2570/2521/3400 2574/2527/3401 2479/2528/3268 2478/2522/3269
f 2571/2523/3402 2575/2529/3403 2574/2527/3404 2570/2521/3405
f 2572/2524/3406 2576/2530/3407 2575/2529/3403 2571/2523/3402
f 2573/2525/3408 2577/2531/3409 2576/2530/3407 2572/2524/3406
f 2446/2526/3237 2447/2532/3236 2577/2531/3410 2573/2525/3411
f 2574/2527/3401 2578/2533/3412 2480/2534/3270 2479/2528/3268
f 2575/2529/3403 2579/2535/3413 2578/2533/3414 2574/2527/3404
f 2576/2530/3407 2580/2536/3415 2579/2535/3413 2575/2529/3403
f 2577/2531/3409 2581/2537/3416 2580/2536/3415 2576/2530/3407
f 2447/2532/3236 2448/2538/3238 2581/2537/3417 2577/2531/3410
f 2578/2533/3412 2582/2539/3418 2481/2540/3267 2480/2534/3270
f 2579/2535/3413 2583/2541/3419 2582/2539/3420 2578/2533/3414
f 2580/2536/3415 2584/2542/3421 2583/2541/3419 2579/2535/3413
f 2581/2537/3416 2585/2543/3422 2584/2542/3421 2580/2536/3415
f 2448/2538/3238 2449/2544/3235 2585/2543/3423 2581/2537/3417
f 2582/2539/3418 2586/2545/3424 2482/2546/3265 2481/2540/3267
f 2583/2541/3419 2587/2547/3425 2586/2545/3426 2582/2539/3420
f 2584/2542/3421 2588/2548/3427 2587/2547/3425 2583/2541/3419
f 2585/2543/3422 2589/2549/3428 2588/2548/3427 2584/2542/3421
f 2449/2544/3235 2450/2550/3233 2589/2549/3429 2585/2543/3423
f 2586/2545/3424 2590/2551/3430 2483/2552/3264 2482/2546/3265
f 2587/2547/3425 2591/2553/3431 2590/2551/3432 2586/2545/3426
f 2588/2548/3427 2592/2554/3433 2591/2553/3431 2587/2547/3425
f 2589/2549/3428 2593/2555/3434 2592/2554/3433 2588/2548/3427
f 2450/2550/3233 2451/2556/3232 2593/2555/3435 2589/2549/3429
f 2590/2551/3430 2594/2557/3436 2484/2558/3262 2483/2552/3264
f 2591/2553/3431 2595/2559/3437 2594/2557/3438 2590/2551/3432
f 2592/2554/3433 2596/2560/3439 2595/2559/3437 2591/2553/3431
f 2593/2555/3434 2597/2561/3440 2596/2560/3439 2592/2554/3433
f 2451/2556/3232 2452/2562/3230 2597/2561/3441 2593/2555/3435
f 2594/2557/3436 2598/2563/3442 2485/2564/3260 2484/2558/3262
f 2595/2559/3437 2599/2565/3443 2598/2563/3444 2594/2557/3438
f 2596/2560/3439 2600/2566/3445 2599/2565/3443 2595/2559/3437
f 2597/2561/3440 2601/2567/3446 2600/2566/3445 2596/2560/3439
f 2452/2562/3230 2453/2568/3228 2601/2567/3447 2597/2561/3441
f 2598/2563/3442 2602/2569/3448 2486/2570/3258 2485/2564/3260
f 2599/2565/3443 2603/2571/3449 2602/2569/3450 2598/2563/3444
f 2600/2566/3445 2604/2572/3451 2603/2571/3449 2599/2565/3443
f 2601/2567/3446 2605/2573/3452 2604/2572/3451 2600/2566/3445
f 2453/2568/3228 2454/2574/3226 2605/2573/3453 2601/2567/3447
f 2602/2569/3448 2606/2575/3454 2487/2576/3256 2486/2570/3258
f 2603/2571/3449 2607/2577/3455 2606/2575/3456 2602/2569/3450
f 2604/2572/3451 2608/2578/3457 2607/2577/3455 2603/2571/3449
f 2605/2573/3452 2609/2579/3458 2608/2578/3457 2604/2572/3451
f 2454/2574/3226 2455/2580/3224 2609/2579/3459 2605/2573/3453
f 2606/2575/3454 2610/2581/3460 2488/2582/3254 2487/2576/3256
f 2607/2577/3455 2611/2583/3461 2610/2581/3462 2606/2575/3456
f 2608/2578/3457 2612/2584/3463 2611/2583/3461 2607/2577/3455
f 2609/2579/3458 2613/2585/3464 2612/2584/3463 2608/2578/3457
f 2455/2580/3224 2456/2586/3222 2613/2585/3465 2609/2579/3459
f 2610/2581/3460 2614/2587/3466 2489/2588/3252 2488/2582/3254
f 2611/2583/3461 2615/2589/3467 2614/2587/3468 2610/2581/3462
f 2612/2584/3463 2616/2590/3469 2615/2589/3467 2611/2583/3461
f 2613/2585/3464 2617/2591/3470 2616/2590/3469 2612/2584/3463
f 2456/2586/3222 2457/2592/3220 2617/2591/3471 2613/2585/3465
f 2614/2587/3466 2490/2593/3271 2458/2383/3250 2489/2588/3252
f 2615/2589/3467 2491/2594/3273 2490/2593/3276 2614/2587/3468
f 2616/2590/3469 2492/2595/3277 2491/2594/3273 2615/2589/3467
f 2617/2591/3470 2493/2596/3279 2492/2595/3277 2616/2590/3469
f 2457/2592/3220 2426/2597/3218 2493/2596/3282 2617/2591/3471
o Shroud_top_slot_1290
v 0.450128 0.115939 -0.002558
v 0.450128 0.115939 0.002558
v 0.450128 0.111509 0.005115
v 0.450128 0.107079 0.002558
v 0.450128 0.107079 -0.002558
v 0.450128 0.111509 -0.005115
v 0.398977 0.115939 -0.002558
v 0.398977 0.115939 0.002558
v 0.398977 0.111509 0.005115
v 0.398977 0.107079 0.002558
v 0.398977 0.107079 -0.002558
v 0.398977 0.111509 -0.005115
v 0.416676 0.115939 -0.002558
v 0.416676 0.115939 0.002558
v 0.416676 0.111509 0.005115
v 0.416676 0.107079 0.002558
v 0.416676 0.107079 -0.002558
v 0.416676 0.111509 -0.005115
v 0.432429 0.115939 -0.002558
v 0.432429 0.115939 0.002558
v 0.432429 0.111509 0.005115
v 0.432429 0.107079 0.002558
v 0.432429 0.107079 -0.002558
v 0.432429 0.111509 -0.005115
vn 1.0000 -0.0000 -0.0000
vn -1.0000 -0.0000 -0.0000
vn -0.0000 0.8660 -0.5000
vn -0.0000 -0.0000 -1.0000
vn -0.0000 0.5000 -0.8660
vn -0.0000 0.8660 0.5000
vn -0.0000 0.5000 0.8660
vn -0.0000 -0.0000 1.0000
vn -0.0000 -0.8660 0.5000
vn -0.0000 -0.5000 0.8660
vn -0.0000 -0.8660 -0.5000
vn -0.0000 -0.5000 -0.8660
vt 1.000000 0.000000
vt 0.600000 0.000000
vt 0.800000 0.000000
vt 0.400000 0.000000
vt 0.000000 0.000000
vt 0.200000 0.000000
vt 0.000000 1.000000
vt 0.333333 1.000000
vt 0.333333 0.833333
vt 0.000000 0.833333
vt 0.000000 0.166667
vt 0.333333 0.166667
vt 0.333333 0.000000
vt 0.000000 0.333333
vt 0.333333 0.333333
vt 0.000000 0.500000
vt 0.333333 0.500000
vt 0.000000 0.666667
vt 0.333333 0.666667
vt 0.666667 1.000000
vt 0.666667 0.833333
vt 0.666667 0.166667
vt 0.666667 0.000000
vt 0.666667 0.333333
vt 0.666667 0.500000
vt 0.666667 0.666667
vt 1.000000 1.000000
vt 1.000000 0.833333
vt 1.000000 0.166667
vt 1.000000 0.333333
vt 1.000000 0.500000
vt 1.000000 0.666667
s 1
usemtl Gold_|_polished_trim
f 2623/2598/3472 2621/2599/3472 2622/2600/3472
f 2623/2598/3472 2620/2601/3472 2621/2599/3472
f 2618/2602/3472 2620/2601/3472 2623/2598/3472
f 2618/2602/3472 2619/2603/3472 2620/2601/3472
f 2626/2601/3473 2628/2600/3473 2627/2599/3473
f 2626/2601/3473 2629/2598/3473 2628/2600/3473
f 2625/2603/3473 2629/2598/3473 2626/2601/3473
f 2625/2603/3473 2624/2602/3473 2629/2598/3473
f 2624/2604/3474 2630/2605/3474 2635/2606/3475 2629/2607/3476
f 2625/2608/3477 2631/2609/3477 2630/2610/3474 2624/2602/3474
f 2626/2611/3478 2632/2612/3479 2631/2609/3477 2625/2608/3477
f 2627/2613/3480 2633/2614/3480 2632/2612/3479 2626/2611/3481
f 2628/2615/3482 2634/2616/3482 2633/2614/3480 2627/2613/3480
f 2629/2607/3483 2635/2606/3475 2634/2616/3482 2628/2615/3482
f 2630/2605/3474 2636/2617/3474 2641/2618/3475 2635/2606/3475
f 2631/2609/3477 2637/2619/3477 2636/2620/3474 2630/2610/3474
f 2632/2612/3479 2638/2621/3479 2637/2619/3477 2631/2609/3477
f 2633/2614/3480 2639/2622/3480 2638/2621/3479 2632/2612/3479
f 2634/2616/3482 2640/2623/3482 2639/2622/3480 2633/2614/3480
f 2635/2606/3475 2641/2618/3475 2640/2623/3482 2634/2616/3482
f 2636/2617/3474 2618/2624/3474 2623/2625/3476 2641/2618/3475
f 2637/2619/3477 2619/2626/3477 2618/2598/3474 2636/2620/3474
f 2638/2621/3479 2620/2627/3478 2619/2626/3477 2637/2619/3477
f 2639/2622/3480 2621/2628/3480 2620/2627/3481 2638/2621/3479
f 2640/2623/3482 2622/2629/3482 2621/2628/3480 2639/2622/3480
f 2641/2618/3475 2623/2625/3483 2622/2629/3482 2640/2623/3482
o Shroud_top_slot_1462
v 0.541176 0.115939 -0.002558
v 0.541176 0.115939 0.002558
v 0.541176 0.111509 0.005115
v 0.541176 0.107079 0.002558
v 0.541176 0.107079 -0.002558
v 0.541176 0.111509 -0.005115
v 0.486957 0.115939 -0.002558
v 0.486957 0.115939 0.002558
v 0.486957 0.111509 0.005115
v 0.486957 0.107079 0.002558
v 0.486957 0.107079 -0.002558
v 0.486957 0.111509 -0.005115
v 0.505718 0.115939 -0.002558
v 0.505718 0.115939 0.002558
v 0.505718 0.111509 0.005115
v 0.505718 0.107079 0.002558
v 0.505718 0.107079 -0.002558
v 0.505718 0.111509 -0.005115
v 0.522415 0.115939 -0.002558
v 0.522415 0.115939 0.002558
v 0.522415 0.111509 0.005115
v 0.522415 0.107079 0.002558
v 0.522415 0.107079 -0.002558
v 0.522415 0.111509 -0.005115
vn 1.0000 -0.0000 -0.0000
vn -1.0000 -0.0000 -0.0000
vn -0.0000 0.8660 -0.5000
vn -0.0000 0.5000 -0.8660
vn -0.0000 0.8660 0.5000
vn -0.0000 0.5000 0.8660
vn -0.0000 -0.8660 0.5000
vn -0.0000 -0.5000 0.8660
vn -0.0000 -0.8660 -0.5000
vn -0.0000 -0.5000 -0.8660
vn -0.0000 -0.0000 -1.0000
vn -0.0000 -0.0000 1.0000
vn -0.0000 1.0000 -0.0000
vn -0.0000 -1.0000 -0.0000
vt 1.000000 0.000000
vt 0.600000 0.000000
vt 0.800000 0.000000
vt 0.400000 0.000000
vt 0.000000 0.000000
vt 0.200000 0.000000
vt 0.000000 1.000000
vt 0.333333 1.000000
vt 0.333333 0.833333
vt 0.000000 0.833333
vt 0.000000 0.166667
vt 0.333333 0.166667
vt 0.333333 0.000000
vt 0.000000 0.333333
vt 0.333333 0.333333
vt 0.000000 0.500000
vt 0.333333 0.500000
vt 0.000000 0.666667
vt 0.333333 0.666667
vt 0.666667 1.000000
vt 0.666667 0.833333
vt 0.666667 0.166667
vt 0.666667 0.000000
vt 0.666667 0.333333
vt 0.666667 0.500000
vt 0.666667 0.666667
vt 1.000000 1.000000
vt 1.000000 0.833333
vt 1.000000 0.166667
vt 1.000000 0.333333
vt 1.000000 0.500000
vt 1.000000 0.666667
s 1
usemtl Gold_|_polished_trim
f 2647/2630/3484 2645/2631/3484 2646/2632/3484
f 2647/2630/3484 2644/2633/3484 2645/2631/3484
f 2642/2634/3484 2644/2633/3484 2647/2630/3484
f 2642/2634/3484 2643/2635/3484 2644/2633/3484
f 2650/2633/3485 2652/2632/3485 2651/2631/3485
f 2650/2633/3485 2653/2630/3485 2652/2632/3485
f 2649/2635/3485 2653/2630/3485 2650/2633/3485
f 2649/2635/3485 2648/2634/3485 2653/2630/3485
f 2648/2636/3486 2654/2637/3486 2659/2638/3487 2653/2639/3487
f 2649/2640/3488 2655/2641/3488 2654/2642/3486 2648/2634/3486
f 2650/2643/3489 2656/2644/3489 2655/2641/3488 2649/2640/3488
f 2651/2645/3490 2657/2646/3490 2656/2644/3491 2650/2643/3491
f 2652/2647/3492 2658/2648/3492 2657/2646/3490 2651/2645/3490
f 2653/2639/3493 2659/2638/3493 2658/2648/3492 2652/2647/3492
f 2654/2637/3486 2660/2649/3486 2665/2650/3494 2659/2638/3487
f 2655/2641/3488 2661/2651/3488 2660/2652/3486 2654/2642/3486
f 2656/2644/3489 2662/2653/3495 2661/2651/3488 2655/2641/3488
f 2657/2646/3490 2663/2654/3490 2662/2653/3495 2656/2644/3491
f 2658/2648/3492 2664/2655/3492 2663/2654/3490 2657/2646/3490
f 2659/2638/3493 2665/2650/3494 2664/2655/3492 2658/2648/3492
f 2660/2649/3486 2642/2656/3487 2647/2657/3494 2665/2650/3494
f 2661/2651/3488 2643/2658/3496 2642/2630/3496 2660/2652/3486
f 2662/2653/3495 2644/2659/3495 2643/2658/3489 2661/2651/3488
f 2663/2654/3490 2645/2660/3491 2644/2659/3495 2662/2653/3495
f 2664/2655/3492 2646/2661/3497 2645/2660/3497 2663/2654/3490
f 2665/2650/3494 2647/2657/3494 2646/2661/3493 2664/2655/3492
o Shroud_top_slot_1628
v 0.623018 0.115939 -0.002558
v 0.623018 0.115939 0.002558
v 0.623018 0.111509 0.005115
v 0.623018 0.107079 0.002558
v 0.623018 0.107079 -0.002558
v 0.623018 0.111509 -0.005115
v 0.571867 0.115939 -0.002558
v 0.571867 0.115939 0.002558
v 0.571867 0.111509 0.005115
v 0.571867 0.107079 0.002558
v 0.571867 0.107079 -0.002558
v 0.571867 0.111509 -0.005115
v 0.589566 0.115939 -0.002558
v 0.589566 0.115939 0.002558
v 0.589566 0.111509 0.005115
v 0.589566 0.107079 0.002558
v 0.589566 0.107079 -0.002558
v 0.589566 0.111509 -0.005115
v 0.605319 0.115939 -0.002558
v 0.605319 0.115939 0.002558
v 0.605319 0.111509 0.005115
v 0.605319 0.107079 0.002558
v 0.605319 0.107079 -0.002558
v 0.605319 0.111509 -0.005115
vn 1.0000 -0.0000 -0.0000
vn -1.0000 -0.0000 -0.0000
vn -0.0000 0.8660 -0.5000
vn -0.0000 -0.0000 -1.0000
vn -0.0000 0.5000 -0.8660
vn -0.0000 0.8660 0.5000
vn -0.0000 0.5000 0.8660
vn -0.0000 -0.0000 1.0000
vn -0.0000 -0.8660 0.5000
vn -0.0000 -0.5000 0.8660
vn -0.0000 -0.8660 -0.5000
vn -0.0000 -0.5000 -0.8660
vt 1.000000 0.000000
vt 0.600000 0.000000
vt 0.800000 0.000000
vt 0.400000 0.000000
vt 0.000000 0.000000
vt 0.200000 0.000000
vt 0.000000 1.000000
vt 0.333333 1.000000
vt 0.333333 0.833333
vt 0.000000 0.833333
vt 0.000000 0.166667
vt 0.333333 0.166667
vt 0.333333 0.000000
vt 0.000000 0.333333
vt 0.333333 0.333333
vt 0.000000 0.500000
vt 0.333333 0.500000
vt 0.000000 0.666667
vt 0.333333 0.666667
vt 0.666667 1.000000
vt 0.666667 0.833333
vt 0.666667 0.166667
vt 0.666667 0.000000
vt 0.666667 0.333333
vt 0.666667 0.500000
vt 0.666667 0.666667
vt 1.000000 1.000000
vt 1.000000 0.833333
vt 1.000000 0.166667
vt 1.000000 0.333333
vt 1.000000 0.500000
vt 1.000000 0.666667
s 1
usemtl Gold_|_polished_trim
f 2671/2662/3498 2669/2663/3498 2670/2664/3498
f 2671/2662/3498 2668/2665/3498 2669/2663/3498
f 2666/2666/3498 2668/2665/3498 2671/2662/3498
f 2666/2666/3498 2667/2667/3498 2668/2665/3498
f 2674/2665/3499 2676/2664/3499 2675/2663/3499
f 2674/2665/3499 2677/2662/3499 2676/2664/3499
f 2673/2667/3499 2677/2662/3499 2674/2665/3499
f 2673/2667/3499 2672/2666/3499 2677/2662/3499
f 2672/2668/3500 2678/2669/3500 2683/2670/3501 2677/2671/3502
f 2673/2672/3503 2679/2673/3503 2678/2674/3500 2672/2666/3500
f 2674/2675/3504 2680/2676/3505 2679/2673/3503 2673/2672/3503
f 2675/2677/3506 2681/2678/3506 2680/2676/3505 2674/2675/3507
f 2676/2679/3508 2682/2680/3508 2681/2678/3506 2675/2677/3506
f 2677/2671/3509 2683/2670/3501 2682/2680/3508 2676/2679/3508
f 2678/2669/3500 2684/2681/3500 2689/2682/3501 2683/2670/3501
f 2679/2673/3503 2685/2683/3503 2684/2684/3500 2678/2674/3500
f 2680/2676/3505 2686/2685/3505 2685/2683/3503 2679/2673/3503
f 2681/2678/3506 2687/2686/3506 2686/2685/3505 2680/2676/3505
f 2682/2680/3508 2688/2687/3508 2687/2686/3506 2681/2678/3506
f 2683/2670/3501 2689/2682/3501 2688/2687/3508 2682/2680/3508
f 2684/2681/3500 2666/2688/3500 2671/2689/3502 2689/2682/3501
f 2685/2683/3503 2667/2690/3503 2666/2662/3500 2684/2684/3500
f 2686/2685/3505 2668/2691/3504 2667/2690/3503 2685/2683/3503
f 2687/2686/3506 2669/2692/3506 2668/2691/3507 2686/2685/3505
f 2688/2687/3508 2670/2693/3508 2669/2692/3506 2687/2686/3506
f 2689/2682/3501 2671/2689/3509 2670/2693/3508 2688/2687/3508
o Vent_|_left_gold_frame
v 0.127877 0.052174 -0.023200
v 0.123626 0.055448 -0.023200
v 0.120377 0.059111 -0.023200
v 0.118320 0.063398 -0.023200
v 0.117647 0.068542 -0.023200
v 0.118449 0.073414 -0.023200
v 0.120558 0.077412 -0.023200
v 0.123770 0.080812 -0.023200
v 0.127877 0.083887 -0.023200
v 0.132787 0.086353 -0.023200
v 0.137599 0.087403 -0.023200
v 0.142666 0.087719 -0.023200
v 0.148338 0.087980 -0.023200
v 0.168805 0.089195 -0.023200
v 0.186885 0.089229 -0.023200
v 0.204872 0.087743 -0.023200
v 0.225064 0.084399 -0.023200
v 0.237429 0.081162 -0.023200
v 0.248275 0.077117 -0.023200
v 0.258512 0.072749 -0.023200
v 0.269054 0.068542 -0.023200
v 0.258502 0.064489 -0.023200
v 0.248248 0.060292 -0.023200
v 0.237399 0.056383 -0.023200
v 0.225064 0.053197 -0.023200
v 0.204876 0.049751 -0.023200
v 0.186902 0.048047 -0.023200
v 0.168828 0.047767 -0.023200
v 0.148338 0.048593 -0.023200
v 0.142671 0.048710 -0.023200
v 0.137594 0.048857 -0.023200
v 0.132773 0.049768 -0.023200
v 0.127877 0.052174 -0.026800
v 0.123626 0.055448 -0.026800
v 0.120377 0.059111 -0.026800
v 0.118320 0.063398 -0.026800
v 0.117647 0.068542 -0.026800
v 0.118449 0.073414 -0.026800
v 0.120558 0.077412 -0.026800
v 0.123770 0.080812 -0.026800
v 0.127877 0.083887 -0.026800
v 0.132787 0.086353 -0.026800
v 0.137599 0.087403 -0.026800
v 0.142666 0.087719 -0.026800
v 0.148338 0.087980 -0.026800
v 0.168805 0.089195 -0.026800
v 0.186885 0.089229 -0.026800
v 0.204872 0.087743 -0.026800
v 0.225064 0.084399 -0.026800
v 0.237429 0.081162 -0.026800
v 0.248275 0.077117 -0.026800
v 0.258512 0.072749 -0.026800
v 0.269054 0.068542 -0.026800
v 0.258502 0.064489 -0.026800
v 0.248248 0.060292 -0.026800
v 0.237399 0.056383 -0.026800
v 0.225064 0.053197 -0.026800
v 0.204876 0.049751 -0.026800
v 0.186902 0.048047 -0.026800
v 0.168828 0.047767 -0.026800
v 0.148338 0.048593 -0.026800
v 0.142671 0.048710 -0.026800
v 0.137594 0.048857 -0.026800
v 0.132773 0.049768 -0.026800
v 0.127652 0.051812 -0.026624
v 0.127559 0.051662 -0.026200
v 0.127559 0.051662 -0.023800
v 0.127652 0.051812 -0.023376
v 0.123336 0.055136 -0.026624
v 0.123215 0.055007 -0.026200
v 0.123215 0.055007 -0.023800
v 0.123336 0.055136 -0.023376
v 0.120020 0.058874 -0.026624
v 0.119872 0.058776 -0.026200
v 0.119872 0.058776 -0.023800
v 0.120020 0.058874 -0.023376
v 0.117908 0.063275 -0.026624
v 0.117737 0.063225 -0.026200
v 0.117737 0.063225 -0.023800
v 0.117908 0.063275 -0.023376
v 0.117218 0.068549 -0.026624
v 0.117041 0.068552 -0.026200
v 0.117041 0.068552 -0.023800
v 0.117218 0.068549 -0.023376
v 0.118041 0.073551 -0.026624
v 0.117873 0.073607 -0.026200
v 0.117873 0.073607 -0.023800
v 0.118041 0.073551 -0.023376
v 0.120210 0.077661 -0.026624
v 0.120066 0.077765 -0.026200
v 0.120066 0.077765 -0.023800
v 0.120210 0.077661 -0.023376
v 0.123486 0.081130 -0.026624
v 0.123369 0.081261 -0.026200
v 0.123369 0.081261 -0.023800
v 0.123486 0.081130 -0.023376
v 0.127653 0.084250 -0.026624
v 0.127560 0.084400 -0.026200
v 0.127560 0.084400 -0.023800
v 0.127653 0.084250 -0.023376
v 0.132645 0.086756 -0.026624
v 0.132586 0.086923 -0.026200
v 0.132586 0.086923 -0.023800
v 0.132645 0.086756 -0.023376
v 0.137541 0.087825 -0.026624
v 0.137516 0.087999 -0.026200
v 0.137516 0.087999 -0.023800
v 0.137541 0.087825 -0.023376
v 0.142643 0.088142 -0.026624
v 0.142633 0.088318 -0.026200
v 0.142633 0.088318 -0.023800
v 0.142643 0.088142 -0.023376
v 0.148315 0.088403 -0.026624
v 0.148306 0.088579 -0.026200
v 0.148306 0.088579 -0.023800
v 0.148315 0.088403 -0.023376
v 0.168792 0.089620 -0.026624
v 0.168787 0.089795 -0.026200
v 0.168787 0.089795 -0.023800
v 0.168792 0.089620 -0.023376
v 0.186902 0.089654 -0.026624
v 0.186909 0.089829 -0.026200
v 0.186909 0.089829 -0.023800
v 0.186902 0.089654 -0.023376
v 0.204925 0.088165 -0.026624
v 0.204946 0.088339 -0.026200
v 0.204946 0.088339 -0.023800
v 0.204925 0.088165 -0.023376
v 0.225153 0.084814 -0.026624
v 0.225189 0.084986 -0.026200
v 0.225189 0.084986 -0.023800
v 0.225153 0.084814 -0.023376
v 0.237557 0.081568 -0.026624
v 0.237610 0.081735 -0.026200
v 0.237610 0.081735 -0.023800
v 0.237557 0.081568 -0.023376
v 0.248432 0.077512 -0.026624
v 0.248497 0.077675 -0.026200
v 0.248497 0.077675 -0.023800
v 0.248432 0.077512 -0.023376
v 0.258674 0.073141 -0.026624
v 0.258741 0.073304 -0.026200
v 0.258741 0.073304 -0.023800
v 0.258674 0.073141 -0.023376
v 0.270217 0.068535 -0.026624
v 0.270699 0.068532 -0.026200
v 0.270699 0.068532 -0.023800
v 0.270217 0.068535 -0.023376
v 0.258659 0.064095 -0.026624
v 0.258723 0.063931 -0.026200
v 0.258723 0.063931 -0.023800
v 0.258659 0.064095 -0.023376
v 0.248400 0.059896 -0.026624
v 0.248463 0.059732 -0.026200
v 0.248463 0.059732 -0.023800
v 0.248400 0.059896 -0.023376
v 0.237524 0.055977 -0.026624
v 0.237576 0.055809 -0.026200
v 0.237576 0.055809 -0.023800
v 0.237524 0.055977 -0.023376
v 0.225153 0.052782 -0.026624
v 0.225190 0.052610 -0.026200
v 0.225190 0.052610 -0.023800
v 0.225153 0.052782 -0.023376
v 0.204931 0.049330 -0.026624
v 0.204954 0.049156 -0.026200
v 0.204954 0.049156 -0.023800
v 0.204931 0.049330 -0.023376
v 0.186925 0.047623 -0.026624
v 0.186935 0.047447 -0.026200
v 0.186935 0.047447 -0.023800
v 0.186925 0.047623 -0.023376
v 0.168823 0.047342 -0.026624
v 0.168821 0.047166 -0.026200
v 0.168821 0.047166 -0.023800
v 0.168823 0.047342 -0.023376
v 0.148325 0.048169 -0.026624
v 0.148319 0.047994 -0.026200
v 0.148319 0.047994 -0.023800
v 0.148325 0.048169 -0.023376
v 0.142660 0.048285 -0.026624
v 0.142656 0.048110 -0.026200
v 0.142656 0.048110 -0.023800
v 0.142660 0.048285 -0.023376
v 0.137548 0.048434 -0.026624
v 0.137529 0.048259 -0.026200
v 0.137529 0.048259 -0.023800
v 0.137548 0.048434 -0.023376
v 0.132638 0.049362 -0.026624
v 0.132582 0.049193 -0.026200
v 0.132582 0.049193 -0.023800
v 0.132638 0.049362 -0.023376
vn -0.0061 0.1983 0.9801
vn 0.0246 0.1983 0.9798
vn 0.0080 0.1998 0.9798
vn -0.0102 0.1940 0.9809
vn -0.0106 0.1958 0.9806
vn 0.0418 0.1960 0.9797
vn -0.0281 0.2017 0.9790
vn -0.0696 0.1966 0.9780
vn -0.1078 0.1743 0.9788
vn 0.0606 0.1915 0.9796
vn -0.1362 0.1527 0.9788
vn 0.0734 0.1837 0.9802
vn -0.1703 0.1219 0.9778
vn -0.2007 0.0675 0.9773
vn 0.0739 0.1790 0.9811
vn -0.2104 0.0035 0.9776
vn 0.1305 -0.0008 0.9914
vn -0.2028 -0.0602 0.9774
vn 0.0715 -0.1801 0.9810
vn 0.0709 -0.1844 0.9803
vn -0.1747 -0.1161 0.9777
vn 0.0591 -0.1915 0.9797
vn -0.1402 -0.1503 0.9787
vn 0.0419 -0.1955 0.9798
vn -0.1088 -0.1749 0.9785
vn 0.0262 -0.1977 0.9799
vn -0.0662 -0.1987 0.9778
vn -0.0220 -0.2027 0.9790
vn 0.0110 -0.1994 0.9799
vn -0.0048 -0.1955 0.9807
vn -0.0059 -0.1938 0.9810
vn -0.0025 -0.1983 0.9801
vn -0.0061 0.1983 -0.9801
vn 0.0080 0.1998 -0.9798
vn 0.0246 0.1983 -0.9798
vn -0.0102 0.1940 -0.9809
vn -0.0106 0.1958 -0.9806
vn 0.0418 0.1960 -0.9797
vn -0.0281 0.2017 -0.9790
vn -0.0696 0.1966 -0.9780
vn -0.1078 0.1743 -0.9788
vn 0.0606 0.1915 -0.9796
vn -0.1362 0.1527 -0.9788
vn 0.0734 0.1837 -0.9802
vn -0.1703 0.1219 -0.9778
vn -0.2007 0.0675 -0.9773
vn 0.0739 0.1790 -0.9811
vn -0.2104 0.0035 -0.9776
vn 0.1305 -0.0008 -0.9914
vn -0.2028 -0.0602 -0.9774
vn 0.0715 -0.1801 -0.9810
vn 0.0709 -0.1844 -0.9803
vn -0.1747 -0.1161 -0.9777
vn 0.0591 -0.1915 -0.9797
vn -0.1402 -0.1503 -0.9787
vn 0.0419 -0.1955 -0.9798
vn -0.1088 -0.1749 -0.9785
vn 0.0262 -0.1977 -0.9799
vn -0.0662 -0.1987 -0.9778
vn -0.0220 -0.2027 -0.9790
vn 0.0110 -0.1994 -0.9799
vn -0.0048 -0.1955 -0.9807
vn -0.0059 -0.1938 -0.9810
vn -0.0025 -0.1983 -0.9801
vn -0.2013 -0.3236 -0.9245
vn -0.2601 -0.2788 -0.9245
vn -0.5182 -0.8330 -0.1936
vn -0.6693 -0.7174 -0.1936
vn -0.6298 -0.6751 -0.3841
vn -0.4877 -0.7839 -0.3843
vn -0.5182 -0.8330 0.1936
vn -0.6693 -0.7174 0.1936
vn -0.4877 -0.7839 0.3843
vn -0.6298 -0.6751 0.3841
vn -0.2601 -0.2788 0.9245
vn -0.2013 -0.3236 0.9246
vn -0.3161 -0.2100 -0.9252
vn -0.8171 -0.5430 -0.1935
vn -0.7684 -0.5106 -0.3859
vn -0.8171 -0.5430 0.1935
vn -0.7684 -0.5106 0.3859
vn -0.3161 -0.2100 0.9252
vn -0.3629 -0.1078 -0.9256
vn -0.9405 -0.2793 -0.1936
vn -0.8840 -0.2625 -0.3868
vn -0.9405 -0.2793 0.1936
vn -0.8840 -0.2625 0.3868
vn -0.3629 -0.1078 0.9256
vn -0.3791 0.0063 -0.9253
vn -0.9810 0.0162 -0.1935
vn -0.9223 0.0153 -0.3862
vn -0.9810 0.0162 0.1935
vn -0.9223 0.0153 0.3862
vn -0.3791 0.0063 0.9253
vn -0.3587 0.1206 -0.9256
vn -0.9299 0.3126 -0.1936
vn -0.8740 0.2938 -0.3870
vn -0.9299 0.3126 0.1936
vn -0.8740 0.2938 0.3870
vn -0.3587 0.1206 0.9256
vn -0.3088 0.2210 -0.9251
vn -0.7978 0.5710 -0.1935
vn -0.7503 0.5370 -0.3857
vn -0.7978 0.5710 0.1935
vn -0.7503 0.5370 0.3857
vn -0.3087 0.2210 0.9251
vn -0.2539 0.2847 -0.9244
vn -0.6530 0.7322 -0.1937
vn -0.6146 0.6891 -0.3839
vn -0.6530 0.7322 0.1937
vn -0.6146 0.6891 0.3839
vn -0.2539 0.2847 0.9244
vn -0.2007 0.3243 -0.9244
vn -0.5161 0.8343 -0.1937
vn -0.4858 0.7852 -0.3840
vn -0.5161 0.8343 0.1937
vn -0.4858 0.7852 0.3840
vn -0.2007 0.3243 0.9244
vn -0.1268 0.3583 -0.9249
vn -0.3273 0.9249 -0.1935
vn -0.3078 0.8699 -0.3853
vn -0.3273 0.9249 0.1935
vn -0.3078 0.8699 0.3853
vn -0.1268 0.3583 0.9249
vn -0.0527 0.3781 -0.9243
vn -0.1355 0.9716 -0.1938
vn -0.1275 0.9146 -0.3836
vn -0.1355 0.9716 0.1938
vn -0.1275 0.9146 0.3836
vn -0.0527 0.3781 0.9243
vn -0.0207 0.3821 -0.9239
vn -0.0530 0.9794 -0.1949
vn -0.0499 0.9225 -0.3827
vn -0.0530 0.9794 0.1949
vn -0.0499 0.9225 0.3827
vn -0.0207 0.3821 0.9239
vn -0.0201 0.3821 -0.9239
vn -0.0516 0.9794 -0.1953
vn -0.0486 0.9226 -0.3827
vn -0.0516 0.9794 0.1953
vn -0.0486 0.9226 0.3827
vn -0.0201 0.3821 0.9239
vn -0.0117 0.3824 -0.9239
vn -0.0300 0.9804 -0.1945
vn -0.0283 0.9234 -0.3828
vn -0.0300 0.9804 0.1945
vn -0.0283 0.9234 0.3828
vn -0.0117 0.3824 0.9239
vn 0.0154 0.3821 -0.9240
vn 0.0395 0.9802 -0.1942
vn 0.0372 0.9230 -0.3830
vn 0.0395 0.9802 0.1942
vn 0.0372 0.9230 0.3830
vn 0.0154 0.3821 0.9240
vn 0.0470 0.3795 -0.9240
vn 0.1206 0.9735 -0.1943
vn 0.1136 0.9168 -0.3830
vn 0.1206 0.9735 0.1943
vn 0.1136 0.9168 0.3830
vn 0.0470 0.3795 0.9240
vn 0.0797 0.3739 -0.9240
vn 0.2046 0.9594 -0.1942
vn 0.1926 0.9034 -0.3830
vn 0.2046 0.9594 0.1942
vn 0.1926 0.9034 0.3830
vn 0.0797 0.3739 0.9240
vn 0.1153 0.3644 -0.9241
vn 0.2960 0.9353 -0.1941
vn 0.2787 0.8807 -0.3831
vn 0.2960 0.9353 0.1941
vn 0.2787 0.8807 0.3831
vn 0.1153 0.3645 0.9241
vn 0.1420 0.3553 -0.9239
vn 0.3640 0.9109 -0.1946
vn 0.3428 0.8579 -0.3828
vn 0.3640 0.9109 0.1946
vn 0.3428 0.8579 0.3828
vn 0.1420 0.3553 0.9239
vn 0.1460 0.3537 -0.9239
vn 0.3742 0.9065 -0.1954
vn 0.3525 0.8540 -0.3827
vn 0.3742 0.9065 0.1954
vn 0.3525 0.8540 0.3827
vn 0.1460 0.3537 0.9239
vn 0.1418 0.3554 -0.9239
vn 0.3674 0.9208 -0.1311
vn 0.3424 0.8581 -0.3827
vn 0.3674 0.9208 0.1311
vn 0.3424 0.8581 0.3827
vn 0.1418 0.3554 0.9239
vn 0.1372 -0.3572 -0.9239
vn 0.1411 -0.3557 -0.9239
vn 0.3555 -0.9255 -0.1310
vn 0.3616 -0.9116 -0.1954
vn 0.3407 -0.8588 -0.3827
vn 0.3313 -0.8624 -0.3827
vn 0.3555 -0.9255 0.1310
vn 0.3616 -0.9116 0.1954
vn 0.3313 -0.8624 0.3827
vn 0.3407 -0.8588 0.3827
vn 0.1411 -0.3557 0.9239
vn 0.1372 -0.3572 0.9239
vn 0.1373 -0.3571 -0.9239
vn 0.3521 -0.9155 -0.1946
vn 0.3316 -0.8623 -0.3828
vn 0.3521 -0.9155 0.1946
vn 0.3316 -0.8623 0.3828
vn 0.1373 -0.3571 0.9239
vn 0.1127 -0.3653 -0.9240
vn 0.2892 -0.9374 -0.1942
vn 0.2724 -0.8827 -0.3830
vn 0.2892 -0.9374 0.1942
vn 0.2724 -0.8827 0.3830
vn 0.1127 -0.3653 0.9240
vn 0.0801 -0.3739 -0.9240
vn 0.2054 -0.9592 -0.1943
vn 0.1934 -0.9033 -0.3830
vn 0.2054 -0.9592 0.1943
vn 0.1934 -0.9033 0.3830
vn 0.0801 -0.3739 0.9240
vn 0.0503 -0.3791 -0.9240
vn 0.1289 -0.9724 -0.1943
vn 0.1214 -0.9158 -0.3829
vn 0.1289 -0.9724 0.1943
vn 0.1214 -0.9158 0.3829
vn 0.0503 -0.3791 0.9240
vn 0.0210 -0.3819 -0.9240
vn 0.0539 -0.9795 -0.1943
vn 0.0508 -0.9224 -0.3829
vn 0.0539 -0.9795 0.1943
vn 0.0508 -0.9224 0.3829
vn 0.0210 -0.3819 0.9240
vn -0.0047 -0.3825 -0.9239
vn -0.0122 -0.9808 -0.1945
vn -0.0115 -0.9238 -0.3828
vn -0.0122 -0.9808 0.1945
vn -0.0115 -0.9238 0.3828
vn -0.0047 -0.3825 0.9239
vn -0.0116 -0.3825 -0.9239
vn -0.0298 -0.9803 -0.1953
vn -0.0281 -0.9234 -0.3827
vn -0.0298 -0.9803 0.1953
vn -0.0281 -0.9234 0.3827
vn -0.0116 -0.3825 0.9239
vn -0.0095 -0.3826 -0.9239
vn -0.0243 -0.9805 -0.1950
vn -0.0229 -0.9236 -0.3827
vn -0.0243 -0.9805 0.1950
vn -0.0229 -0.9236 0.3827
vn -0.0095 -0.3826 0.9239
vn -0.0411 -0.3794 -0.9243
vn -0.1057 -0.9753 -0.1938
vn -0.0995 -0.9181 -0.3837
vn -0.1057 -0.9753 0.1938
vn -0.0995 -0.9181 0.3837
vn -0.0411 -0.3794 0.9243
vn -0.1201 -0.3602 -0.9251
vn -0.3103 -0.9307 -0.1935
vn -0.2918 -0.8753 -0.3857
vn -0.3103 -0.9307 0.1935
vn -0.2918 -0.8753 0.3857
vn -0.1201 -0.3602 0.9251
vt 0.419355 0.000000
vt 0.483871 0.000000
vt 0.451613 0.000000
vt 0.387097 0.000000
vt 0.354839 0.000000
vt 0.516129 0.000000
vt 0.322581 0.000000
vt 0.290323 0.000000
vt 0.258065 0.000000
vt 0.548387 0.000000
vt 0.225806 0.000000
vt 0.580645 0.000000
vt 0.193548 0.000000
vt 0.161290 0.000000
vt 0.612903 0.000000
vt 0.129032 0.000000
vt 0.645161 0.000000
vt 0.096774 0.000000
vt 0.677419 0.000000
vt 0.709677 0.000000
vt 0.064516 0.000000
vt 0.741935 0.000000
vt 0.032258 0.000000
vt 0.774194 0.000000
vt 0.000000 0.000000
vt 0.806452 0.000000
vt 1.000000 0.000000
vt 0.967742 0.000000
vt 0.838710 0.000000
vt 0.935484 0.000000
vt 0.903226 0.000000
vt 0.870968 0.000000
vt 0.000000 0.200000
vt 0.031250 0.200000
vt 0.031250 0.000000
vt 0.000000 0.400000
vt 0.031250 0.400000
vt 0.000000 0.600000
vt 0.031250 0.600000
vt 0.000000 0.800000
vt 0.031250 0.800000
vt 0.000000 1.000000
vt 0.031250 1.000000
vt 0.062500 0.200000
vt 0.062500 0.000000
vt 0.062500 0.400000
vt 0.062500 0.600000
vt 0.062500 0.800000
vt 0.062500 1.000000
vt 0.093750 0.200000
vt 0.093750 0.000000
vt 0.093750 0.400000
vt 0.093750 0.600000
vt 0.093750 0.800000
vt 0.093750 1.000000
vt 0.125000 0.200000
vt 0.125000 0.000000
vt 0.125000 0.400000
vt 0.125000 0.600000
vt 0.125000 0.800000
vt 0.125000 1.000000
vt 0.156250 0.200000
vt 0.156250 0.000000
vt 0.156250 0.400000
vt 0.156250 0.600000
vt 0.156250 0.800000
vt 0.156250 1.000000
vt 0.187500 0.200000
vt 0.187500 0.000000
vt 0.187500 0.400000
vt 0.187500 0.600000
vt 0.187500 0.800000
vt 0.187500 1.000000
vt 0.218750 0.200000
vt 0.218750 0.000000
vt 0.218750 0.400000
vt 0.218750 0.600000
vt 0.218750 0.800000
vt 0.218750 1.000000
vt 0.250000 0.200000
vt 0.250000 0.000000
vt 0.250000 0.400000
vt 0.250000 0.600000
vt 0.250000 0.800000
vt 0.250000 1.000000
vt 0.281250 0.200000
vt 0.281250 0.000000
vt 0.281250 0.400000
vt 0.281250 0.600000
vt 0.281250 0.800000
vt 0.281250 1.000000
vt 0.312500 0.200000
vt 0.312500 0.000000
vt 0.312500 0.400000
vt 0.312500 0.600000
vt 0.312500 0.800000
vt 0.312500 1.000000
vt 0.343750 0.200000
vt 0.343750 0.000000
vt 0.343750 0.400000
vt 0.343750 0.600000
vt 0.343750 0.800000
vt 0.343750 1.000000
vt 0.375000 0.200000
vt 0.375000 0.000000
vt 0.375000 0.400000
vt 0.375000 0.600000
vt 0.375000 0.800000
vt 0.375000 1.000000
vt 0.406250 0.200000
vt 0.406250 0.000000
vt 0.406250 0.400000
vt 0.406250 0.600000
vt 0.406250 0.800000
vt 0.406250 1.000000
vt 0.437500 0.200000
vt 0.437500 0.000000
vt 0.437500 0.400000
vt 0.437500 0.600000
vt 0.437500 0.800000
vt 0.437500 1.000000
vt 0.468750 0.200000
vt 0.468750 0.000000
vt 0.468750 0.400000
vt 0.468750 0.600000
vt 0.468750 0.800000
vt 0.468750 1.000000
vt 0.500000 0.200000
vt 0.500000 0.000000
vt 0.500000 0.400000
vt 0.500000 0.600000
vt 0.500000 0.800000
vt 0.500000 1.000000
vt 0.531250 0.200000
vt 0.531250 0.000000
vt 0.531250 0.400000
vt 0.531250 0.600000
vt 0.531250 0.800000
vt 0.531250 1.000000
vt 0.562500 0.200000
vt 0.562500 0.000000
vt 0.562500 0.400000
vt 0.562500 0.600000
vt 0.562500 0.800000
vt 0.562500 1.000000
vt 0.593750 0.200000
vt 0.593750 0.000000
vt 0.593750 0.400000
vt 0.593750 0.600000
vt 0.593750 0.800000
vt 0.593750 1.000000
vt 0.625000 0.200000
vt 0.625000 0.000000
vt 0.625000 0.400000
vt 0.625000 0.600000
vt 0.625000 0.800000
vt 0.625000 1.000000
vt 0.656250 0.200000
vt 0.656250 0.000000
vt 0.656250 0.400000
vt 0.656250 0.600000
vt 0.656250 0.800000
vt 0.656250 1.000000
vt 0.687500 0.200000
vt 0.687500 0.000000
vt 0.687500 0.400000
vt 0.687500 0.600000
vt 0.687500 0.800000
vt 0.687500 1.000000
vt 0.718750 0.200000
vt 0.718750 0.000000
vt 0.718750 0.400000
vt 0.718750 0.600000
vt 0.718750 0.800000
vt 0.718750 1.000000
vt 0.750000 0.200000
vt 0.750000 0.000000
vt 0.750000 0.400000
vt 0.750000 0.600000
vt 0.750000 0.800000
vt 0.750000 1.000000
vt 0.781250 0.200000
vt 0.781250 0.000000
vt 0.781250 0.400000
vt 0.781250 0.600000
vt 0.781250 0.800000
vt 0.781250 1.000000
vt 0.812500 0.200000
vt 0.812500 0.000000
vt 0.812500 0.400000
vt 0.812500 0.600000
vt 0.812500 0.800000
vt 0.812500 1.000000
vt 0.843750 0.200000
vt 0.843750 0.000000
vt 0.843750 0.400000
vt 0.843750 0.600000
vt 0.843750 0.800000
vt 0.843750 1.000000
vt 0.875000 0.200000
vt 0.875000 0.000000
vt 0.875000 0.400000
vt 0.875000 0.600000
vt 0.875000 0.800000
vt 0.875000 1.000000
vt 0.906250 0.200000
vt 0.906250 0.000000
vt 0.906250 0.400000
vt 0.906250 0.600000
vt 0.906250 0.800000
vt 0.906250 1.000000
vt 0.937500 0.200000
vt 0.937500 0.000000
vt 0.937500 0.400000
vt 0.937500 0.600000
vt 0.937500 0.800000
vt 0.937500 1.000000
vt 0.968750 0.200000
vt 0.968750 0.000000
vt 0.968750 0.400000
vt 0.968750 0.600000
vt 0.968750 0.800000
vt 0.968750 1.000000
vt 1.000000 0.200000
vt 1.000000 0.400000
vt 1.000000 0.600000
vt 1.000000 0.800000
vt 1.000000 1.000000
s 1
usemtl Gold_|_polished_trim
f 2703/2694/3510 2705/2695/3511 2704/2696/3512
f 2702/2697/3513 2705/2695/3511 2703/2694/3510
f 2701/2698/3514 2705/2695/3511 2702/2697/3513
f 2701/2698/3514 2706/2699/3515 2705/2695/3511
f 2700/2700/3516 2706/2699/3515 2701/2698/3514
f 2699/2701/3517 2706/2699/3515 2700/2700/3516
f 2698/2702/3518 2706/2699/3515 2699/2701/3517
f 2698/2702/3518 2707/2703/3519 2706/2699/3515
f 2697/2704/3520 2707/2703/3519 2698/2702/3518
f 2697/2704/3520 2708/2705/3521 2707/2703/3519
f 2696/2706/3522 2708/2705/3521 2697/2704/3520
f 2695/2707/3523 2708/2705/3521 2696/2706/3522
f 2695/2707/3523 2709/2708/3524 2708/2705/3521
f 2694/2709/3525 2709/2708/3524 2695/2707/3523
f 2694/2709/3525 2710/2710/3526 2709/2708/3524
f 2693/2711/3527 2710/2710/3526 2694/2709/3525
f 2693/2711/3527 2711/2712/3528 2710/2710/3526
f 2693/2711/3527 2712/2713/3529 2711/2712/3528
f 2692/2714/3530 2712/2713/3529 2693/2711/3527
f 2692/2714/3530 2713/2715/3531 2712/2713/3529
f 2691/2716/3532 2713/2715/3531 2692/2714/3530
f 2691/2716/3532 2714/2717/3533 2713/2715/3531
f 2690/2718/3534 2714/2717/3533 2691/2716/3532
f 2690/2718/3534 2715/2719/3535 2714/2717/3533
f 2721/2720/3536 2715/2719/3535 2690/2718/3534
f 2720/2721/3537 2715/2719/3535 2721/2720/3536
f 2720/2721/3537 2716/2722/3538 2715/2719/3535
f 2719/2723/3539 2716/2722/3538 2720/2721/3537
f 2718/2724/3540 2716/2722/3538 2719/2723/3539
f 2717/2725/3541 2716/2722/3538 2718/2724/3540
f 2735/2694/3542 2736/2696/3543 2737/2695/3544
f 2734/2697/3545 2735/2694/3542 2737/2695/3544
f 2733/2698/3546 2734/2697/3545 2737/2695/3544
f 2733/2698/3546 2737/2695/3544 2738/2699/3547
f 2732/2700/3548 2733/2698/3546 2738/2699/3547
f 2731/2701/3549 2732/2700/3548 2738/2699/3547
f 2730/2702/3550 2731/2701/3549 2738/2699/3547
f 2730/2702/3550 2738/2699/3547 2739/2703/3551
f 2729/2704/3552 2730/2702/3550 2739/2703/3551
f 2729/2704/3552 2739/2703/3551 2740/2705/3553
f 2728/2706/3554 2729/2704/3552 2740/2705/3553
f 2727/2707/3555 2728/2706/3554 2740/2705/3553
f 2727/2707/3555 2740/2705/3553 2741/2708/3556
f 2726/2709/3557 2727/2707/3555 2741/2708/3556
f 2726/2709/3557 2741/2708/3556 2742/2710/3558
f 2725/2711/3559 2726/2709/3557 2742/2710/3558
f 2725/2711/3559 2742/2710/3558 2743/2712/3560
f 2725/2711/3559 2743/2712/3560 2744/2713/3561
f 2724/2714/3562 2725/2711/3559 2744/2713/3561
f 2724/2714/3562 2744/2713/3561 2745/2715/3563
f 2723/2716/3564 2724/2714/3562 2745/2715/3563
f 2723/2716/3564 2745/2715/3563 2746/2717/3565
f 2722/2718/3566 2723/2716/3564 2746/2717/3565
f 2722/2718/3566 2746/2717/3565 2747/2719/3567
f 2753/2720/3568 2722/2718/3566 2747/2719/3567
f 2752/2721/3569 2753/2720/3568 2747/2719/3567
f 2752/2721/3569 2747/2719/3567 2748/2722/3570
f 2751/2723/3571 2752/2721/3569 2748/2722/3570
f 2750/2724/3572 2751/2723/3571 2748/2722/3570
f 2749/2725/3573 2750/2724/3572 2748/2722/3570
f 2754/2726/3574 2758/2727/3575 2723/2728/3564 2722/2718/3566
f 2755/2729/3576 2759/2730/3577 2758/2727/3578 2754/2726/3579
f 2756/2731/3580 2760/2732/3581 2759/2730/3577 2755/2729/3576
f 2757/2733/3582 2761/2734/3583 2760/2732/3581 2756/2731/3580
f 2690/2735/3534 2691/2736/3532 2761/2734/3584 2757/2733/3585
f 2758/2727/3575 2762/2737/3586 2724/2738/3562 2723/2728/3564
f 2759/2730/3577 2763/2739/3587 2762/2737/3588 2758/2727/3578
f 2760/2732/3581 2764/2740/3589 2763/2739/3587 2759/2730/3577
f 2761/2734/3583 2765/2741/3590 2764/2740/3589 2760/2732/3581
f 2691/2736/3532 2692/2742/3530 2765/2741/3591 2761/2734/3584
f 2762/2737/3586 2766/2743/3592 2725/2744/3559 2724/2738/3562
f 2763/2739/3587 2767/2745/3593 2766/2743/3594 2762/2737/3588
f 2764/2740/3589 2768/2746/3595 2767/2745/3593 2763/2739/3587
f 2765/2741/3590 2769/2747/3596 2768/2746/3595 2764/2740/3589
f 2692/2742/3530 2693/2748/3527 2769/2747/3597 2765/2741/3591
f 2766/2743/3592 2770/2749/3598 2726/2750/3557 2725/2744/3559
f 2767/2745/3593 2771/2751/3599 2770/2749/3600 2766/2743/3594
f 2768/2746/3595 2772/2752/3601 2771/2751/3599 2767/2745/3593
f 2769/2747/3596 2773/2753/3602 2772/2752/3601 2768/2746/3595
f 2693/2748/3527 2694/2754/3525 2773/2753/3603 2769/2747/3597
f 2770/2749/3598 2774/2755/3604 2727/2756/3555 2726/2750/3557
f 2771/2751/3599 2775/2757/3605 2774/2755/3606 2770/2749/3600
f 2772/2752/3601 2776/2758/3607 2775/2757/3605 2771/2751/3599
f 2773/2753/3602 2777/2759/3608 2776/2758/3607 2772/2752/3601
f 2694/2754/3525 2695/2760/3523 2777/2759/3609 2773/2753/3603
f 2774/2755/3604 2778/2761/3610 2728/2762/3554 2727/2756/3555
f 2775/2757/3605 2779/2763/3611 2778/2761/3612 2774/2755/3606
f 2776/2758/3607 2780/2764/3613 2779/2763/3611 2775/2757/3605
f 2777/2759/3608 2781/2765/3614 2780/2764/3613 2776/2758/3607
f 2695/2760/3523 2696/2766/3522 2781/2765/3615 2777/2759/3609
f 2778/2761/3610 2782/2767/3616 2729/2768/3552 2728/2762/3554
f 2779/2763/3611 2783/2769/3617 2782/2767/3618 2778/2761/3612
f 2780/2764/3613 2784/2770/3619 2783/2769/3617 2779/2763/3611
f 2781/2765/3614 2785/2771/3620 2784/2770/3619 2780/2764/3613
f 2696/2766/3522 2697/2772/3520 2785/2771/3621 2781/2765/3615
f 2782/2767/3616 2786/2773/3622 2730/2774/3550 2729/2768/3552
f 2783/2769/3617 2787/2775/3623 2786/2773/3624 2782/2767/3618
f 2784/2770/3619 2788/2776/3625 2787/2775/3623 2783/2769/3617
f 2785/2771/3620 2789/2777/3626 2788/2776/3625 2784/2770/3619
f 2697/2772/3520 2698/2778/3518 2789/2777/3627 2785/2771/3621
f 2786/2773/3622 2790/2779/3628 2731/2780/3549 2730/2774/3550
f 2787/2775/3623 2791/2781/3629 2790/2779/3630 2786/2773/3624
f 2788/2776/3625 2792/2782/3631 2791/2781/3629 2787/2775/3623
f 2789/2777/3626 2793/2783/3632 2792/2782/3631 2788/2776/3625
f 2698/2778/3518 2699/2784/3517 2793/2783/3633 2789/2777/3627
f 2790/2779/3628 2794/2785/3634 2732/2786/3548 2731/2780/3549
f 2791/2781/3629 2795/2787/3635 2794/2785/3636 2790/2779/3630
f 2792/2782/3631 2796/2788/3637 2795/2787/3635 2791/2781/3629
f 2793/2783/3632 2797/2789/3638 2796/2788/3637 2792/2782/3631
f 2699/2784/3517 2700/2790/3516 2797/2789/3639 2793/2783/3633
f 2794/2785/3634 2798/2791/3640 2733/2792/3546 2732/2786/3548
f 2795/2787/3635 2799/2793/3641 2798/2791/3642 2794/2785/3636
f 2796/2788/3637 2800/2794/3643 2799/2793/3641 2795/2787/3635
f 2797/2789/3638 2801/2795/3644 2800/2794/3643 2796/2788/3637
f 2700/2790/3516 2701/2796/3514 2801/2795/3645 2797/2789/3639
f 2798/2791/3640 2802/2797/3646 2734/2798/3545 2733/2792/3546
f 2799/2793/3641 2803/2799/3647 2802/2797/3648 2798/2791/3642
f 2800/2794/3643 2804/2800/3649 2803/2799/3647 2799/2793/3641
f 2801/2795/3644 2805/2801/3650 2804/2800/3649 2800/2794/3643
f 2701/2796/3514 2702/2802/3513 2805/2801/3651 2801/2795/3645
f 2802/2797/3646 2806/2803/3652 2735/2804/3542 2734/2798/3545
f 2803/2799/3647 2807/2805/3653 2806/2803/3654 2802/2797/3648
f 2804/2800/3649 2808/2806/3655 2807/2805/3653 2803/2799/3647
f 2805/2801/3650 2809/2807/3656 2808/2806/3655 2804/2800/3649
f 2702/2802/3513 2703/2808/3510 2809/2807/3657 2805/2801/3651
f 2806/2803/3652 2810/2809/3658 2736/2810/3543 2735/2804/3542
f 2807/2805/3653 2811/2811/3659 2810/2809/3660 2806/2803/3654
f 2808/2806/3655 2812/2812/3661 2811/2811/3659 2807/2805/3653
f 2809/2807/3656 2813/2813/3662 2812/2812/3661 2808/2806/3655
f 2703/2808/3510 2704/2814/3512 2813/2813/3663 2809/2807/3657
f 2810/2809/3658 2814/2815/3664 2737/2816/3544 2736/2810/3543
f 2811/2811/3659 2815/2817/3665 2814/2815/3666 2810/2809/3660
f 2812/2812/3661 2816/2818/3667 2815/2817/3665 2811/2811/3659
f 2813/2813/3662 2817/2819/3668 2816/2818/3667 2812/2812/3661
f 2704/2814/3512 2705/2820/3511 2817/2819/3669 2813/2813/3663
f 2814/2815/3664 2818/2821/3670 2738/2822/3547 2737/2816/3544
f 2815/2817/3665 2819/2823/3671 2818/2821/3672 2814/2815/3666
f 2816/2818/3667 2820/2824/3673 2819/2823/3671 2815/2817/3665
f 2817/2819/3668 2821/2825/3674 2820/2824/3673 2816/2818/3667
f 2705/2820/3511 2706/2826/3515 2821/2825/3675 2817/2819/3669
f 2818/2821/3670 2822/2827/3676 2739/2828/3551 2738/2822/3547
f 2819/2823/3671 2823/2829/3677 2822/2827/3678 2818/2821/3672
f 2820/2824/3673 2824/2830/3679 2823/2829/3677 2819/2823/3671
f 2821/2825/3674 2825/2831/3680 2824/2830/3679 2820/2824/3673
f 2706/2826/3515 2707/2832/3519 2825/2831/3681 2821/2825/3675
f 2822/2827/3676 2826/2833/3682 2740/2834/3553 2739/2828/3551
f 2823/2829/3677 2827/2835/3683 2826/2833/3684 2822/2827/3678
f 2824/2830/3679 2828/2836/3685 2827/2835/3683 2823/2829/3677
f 2825/2831/3680 2829/2837/3686 2828/2836/3685 2824/2830/3679
f 2707/2832/3519 2708/2838/3521 2829/2837/3687 2825/2831/3681
f 2826/2833/3682 2830/2839/3688 2741/2840/3556 2740/2834/3553
f 2827/2835/3683 2831/2841/3689 2830/2839/3690 2826/2833/3684
f 2828/2836/3685 2832/2842/3691 2831/2841/3689 2827/2835/3683
f 2829/2837/3686 2833/2843/3692 2832/2842/3691 2828/2836/3685
f 2708/2838/3521 2709/2844/3524 2833/2843/3693 2829/2837/3687
f 2830/2839/3688 2834/2845/3694 2742/2846/3558 2741/2840/3556
f 2831/2841/3689 2835/2847/3695 2834/2845/3696 2830/2839/3690
f 2832/2842/3691 2836/2848/3697 2835/2847/3695 2831/2841/3689
f 2833/2843/3692 2837/2849/3698 2836/2848/3697 2832/2842/3691
f 2709/2844/3524 2710/2850/3526 2837/2849/3699 2833/2843/3693
f 2834/2845/3700 2838/2851/3701 2743/2852/3560 2742/2846/3558
f 2835/2847/3702 2839/2853/3703 2838/2851/3704 2834/2845/3705
f 2836/2848/3706 2840/2854/3707 2839/2853/3703 2835/2847/3702
f 2837/2849/3708 2841/2855/3709 2840/2854/3707 2836/2848/3706
f 2710/2850/3526 2711/2856/3528 2841/2855/3710 2837/2849/3711
f 2838/2851/3701 2842/2857/3712 2744/2858/3561 2743/2852/3560
f 2839/2853/3703 2843/2859/3713 2842/2857/3714 2838/2851/3704
f 2840/2854/3707 2844/2860/3715 2843/2859/3713 2839/2853/3703
f 2841/2855/3709 2845/2861/3716 2844/2860/3715 2840/2854/3707
f 2711/2856/3528 2712/2862/3529 2845/2861/3717 2841/2855/3710
f 2842/2857/3712 2846/2863/3718 2745/2864/3563 2744/2858/3561
f 2843/2859/3713 2847/2865/3719 2846/2863/3720 2842/2857/3714
f 2844/2860/3715 2848/2866/3721 2847/2865/3719 2843/2859/3713
f 2845/2861/3716 2849/2867/3722 2848/2866/3721 2844/2860/3715
f 2712/2862/3529 2713/2868/3531 2849/2867/3723 2845/2861/3717
f 2846/2863/3718 2850/2869/3724 2746/2870/3565 2745/2864/3563
f 2847/2865/3719 2851/2871/3725 2850/2869/3726 2846/2863/3720
f 2848/2866/3721 2852/2872/3727 2851/2871/3725 2847/2865/3719
f 2849/2867/3722 2853/2873/3728 2852/2872/3727 2848/2866/3721
f 2713/2868/3531 2714/2874/3533 2853/2873/3729 2849/2867/3723
f 2850/2869/3724 2854/2875/3730 2747/2876/3567 2746/2870/3565
f 2851/2871/3725 2855/2877/3731 2854/2875/3732 2850/2869/3726
f 2852/2872/3727 2856/2878/3733 2855/2877/3731 2851/2871/3725
f 2853/2873/3728 2857/2879/3734 2856/2878/3733 2852/2872/3727
f 2714/2874/3533 2715/2880/3535 2857/2879/3735 2853/2873/3729
f 2854/2875/3730 2858/2881/3736 2748/2882/3570 2747/2876/3567
f 2855/2877/3731 2859/2883/3737 2858/2881/3738 2854/2875/3732
f 2856/2878/3733 2860/2884/3739 2859/2883/3737 2855/2877/3731
f 2857/2879/3734 2861/2885/3740 2860/2884/3739 2856/2878/3733
f 2715/2880/3535 2716/2886/3538 2861/2885/3741 2857/2879/3735
f 2858/2881/3736 2862/2887/3742 2749/2888/3573 2748/2882/3570
f 2859/2883/3737 2863/2889/3743 2862/2887/3744 2858/2881/3738
f 2860/2884/3739 2864/2890/3745 2863/2889/3743 2859/2883/3737
f 2861/2885/3740 2865/2891/3746 2864/2890/3745 2860/2884/3739
f 2716/2886/3538 2717/2892/3541 2865/2891/3747 2861/2885/3741
f 2862/2887/3742 2866/2893/3748 2750/2894/3572 2749/2888/3573
f 2863/2889/3743 2867/2895/3749 2866/2893/3750 2862/2887/3744
f 2864/2890/3745 2868/2896/3751 2867/2895/3749 2863/2889/3743
f 2865/2891/3746 2869/2897/3752 2868/2896/3751 2864/2890/3745
f 2717/2892/3541 2718/2898/3540 2869/2897/3753 2865/2891/3747
f 2866/2893/3748 2870/2899/3754 2751/2900/3571 2750/2894/3572
f 2867/2895/3749 2871/2901/3755 2870/2899/3756 2866/2893/3750
f 2868/2896/3751 2872/2902/3757 2871/2901/3755 2867/2895/3749
f 2869/2897/3752 2873/2903/3758 2872/2902/3757 2868/2896/3751
f 2718/2898/3540 2719/2904/3539 2873/2903/3759 2869/2897/3753
f 2870/2899/3754 2874/2905/3760 2752/2906/3569 2751/2900/3571
f 2871/2901/3755 2875/2907/3761 2874/2905/3762 2870/2899/3756
f 2872/2902/3757 2876/2908/3763 2875/2907/3761 2871/2901/3755
f 2873/2903/3758 2877/2909/3764 2876/2908/3763 2872/2902/3757
f 2719/2904/3539 2720/2910/3537 2877/2909/3765 2873/2903/3759
f 2874/2905/3760 2878/2911/3766 2753/2912/3568 2752/2906/3569
f 2875/2907/3761 2879/2913/3767 2878/2911/3768 2874/2905/3762
f 2876/2908/3763 2880/2914/3769 2879/2913/3767 2875/2907/3761
f 2877/2909/3764 2881/2915/3770 2880/2914/3769 2876/2908/3763
f 2720/2910/3537 2721/2916/3536 2881/2915/3771 2877/2909/3765
f 2878/2911/3766 2754/2917/3574 2722/2720/3566 2753/2912/3568
f 2879/2913/3767 2755/2918/3576 2754/2917/3579 2878/2911/3768
f 2880/2914/3769 2756/2919/3580 2755/2918/3576 2879/2913/3767
f 2881/2915/3770 2757/2920/3582 2756/2919/3580 2880/2914/3769
f 2721/2916/3536 2690/2921/3534 2757/2920/3585 2881/2915/3771
o Vent_|_left_grille
v 0.135038 0.056777 -0.024400
v 0.132034 0.059121 -0.024400
v 0.129782 0.061764 -0.024400
v 0.128368 0.064856 -0.024400
v 0.127877 0.068542 -0.024400
v 0.128361 0.072238 -0.024400
v 0.129765 0.075346 -0.024400
v 0.132015 0.077993 -0.024400
v 0.135038 0.080307 -0.024400
v 0.138972 0.082066 -0.024400
v 0.142837 0.082544 -0.024400
v 0.146895 0.082415 -0.024400
v 0.151407 0.082353 -0.024400
v 0.170379 0.083024 -0.024400
v 0.187104 0.083039 -0.024400
v 0.203755 0.081945 -0.024400
v 0.222506 0.079284 -0.024400
v 0.232081 0.077088 -0.024400
v 0.240537 0.074348 -0.024400
v 0.248546 0.071391 -0.024400
v 0.256777 0.068542 -0.024400
v 0.248544 0.065701 -0.024400
v 0.240534 0.062755 -0.024400
v 0.232078 0.060017 -0.024400
v 0.222506 0.057801 -0.024400
v 0.203758 0.054972 -0.024400
v 0.187105 0.053630 -0.024400
v 0.170378 0.053478 -0.024400
v 0.151407 0.054220 -0.024400
v 0.146880 0.054257 -0.024400
v 0.142816 0.054277 -0.024400
v 0.138956 0.054908 -0.024400
v 0.135038 0.056777 -0.028000
v 0.132034 0.059121 -0.028000
v 0.129782 0.061764 -0.028000
v 0.128368 0.064856 -0.028000
v 0.127877 0.068542 -0.028000
v 0.128361 0.072238 -0.028000
v 0.129765 0.075346 -0.028000
v 0.132015 0.077993 -0.028000
v 0.135038 0.080307 -0.028000
v 0.138972 0.082066 -0.028000
v 0.142837 0.082544 -0.028000
v 0.146895 0.082415 -0.028000
v 0.151407 0.082353 -0.028000
v 0.170379 0.083024 -0.028000
v 0.187104 0.083039 -0.028000
v 0.203755 0.081945 -0.028000
v 0.222506 0.079284 -0.028000
v 0.232081 0.077088 -0.028000
v 0.240537 0.074348 -0.028000
v 0.248546 0.071391 -0.028000
v 0.256777 0.068542 -0.028000
v 0.248544 0.065701 -0.028000
v 0.240534 0.062755 -0.028000
v 0.232078 0.060017 -0.028000
v 0.222506 0.057801 -0.028000
v 0.203758 0.054972 -0.028000
v 0.187105 0.053630 -0.028000
v 0.170378 0.053478 -0.028000
v 0.151407 0.054220 -0.028000
v 0.146880 0.054257 -0.028000
v 0.142816 0.054277 -0.028000
v 0.138956 0.054908 -0.028000
v 0.134814 0.056414 -0.027824
v 0.134721 0.056264 -0.027400
v 0.134721 0.056264 -0.025000
v 0.134814 0.056414 -0.024576
v 0.131739 0.058813 -0.027824
v 0.131617 0.058685 -0.027400
v 0.131617 0.058685 -0.025000
v 0.131739 0.058813 -0.024576
v 0.129420 0.061534 -0.027824
v 0.129271 0.061439 -0.027400
v 0.129271 0.061439 -0.025000
v 0.129420 0.061534 -0.024576
v 0.127955 0.064737 -0.027824
v 0.127785 0.064688 -0.027400
v 0.127785 0.064688 -0.025000
v 0.127955 0.064737 -0.024576
v 0.127449 0.068542 -0.027824
v 0.127272 0.068542 -0.027400
v 0.127272 0.068542 -0.025000
v 0.127449 0.068542 -0.024576
v 0.127949 0.072356 -0.027824
v 0.127778 0.072404 -0.027400
v 0.127778 0.072404 -0.025000
v 0.127949 0.072356 -0.024576
v 0.129403 0.075575 -0.027824
v 0.129253 0.075670 -0.027400
v 0.129253 0.075670 -0.025000
v 0.129403 0.075575 -0.024576
v 0.131721 0.078302 -0.027824
v 0.131599 0.078430 -0.027400
v 0.131599 0.078430 -0.025000
v 0.131721 0.078302 -0.024576
v 0.134820 0.080674 -0.027824
v 0.134729 0.080826 -0.027400
v 0.134729 0.080826 -0.025000
v 0.134820 0.080674 -0.024576
v 0.138857 0.082479 -0.027824
v 0.138809 0.082650 -0.027400
v 0.138809 0.082650 -0.025000
v 0.138857 0.082479 -0.024576
v 0.142818 0.082969 -0.027824
v 0.142810 0.083145 -0.027400
v 0.142810 0.083145 -0.025000
v 0.142818 0.082969 -0.024576
v 0.146904 0.082839 -0.027824
v 0.146908 0.083015 -0.027400
v 0.146908 0.083015 -0.025000
v 0.146904 0.082839 -0.024576
v 0.151402 0.082777 -0.027824
v 0.151400 0.082953 -0.027400
v 0.151400 0.082953 -0.025000
v 0.151402 0.082777 -0.024576
v 0.170371 0.083448 -0.027824
v 0.170368 0.083623 -0.027400
v 0.170368 0.083623 -0.025000
v 0.170371 0.083448 -0.024576
v 0.187118 0.083464 -0.027824
v 0.187124 0.083639 -0.027400
v 0.187124 0.083639 -0.025000
v 0.187118 0.083464 -0.024576
v 0.203799 0.082367 -0.027824
v 0.203817 0.082542 -0.027400
v 0.203817 0.082542 -0.025000
v 0.203799 0.082367 -0.024576
v 0.222584 0.079701 -0.027824
v 0.222616 0.079874 -0.027400
v 0.222616 0.079874 -0.025000
v 0.222584 0.079701 -0.024576
v 0.232194 0.077498 -0.027824
v 0.232241 0.077667 -0.027400
v 0.232241 0.077667 -0.025000
v 0.232194 0.077498 -0.024576
v 0.240676 0.074749 -0.027824
v 0.240734 0.074915 -0.027400
v 0.240734 0.074915 -0.025000
v 0.240676 0.074749 -0.024576
v 0.248688 0.071790 -0.027824
v 0.248748 0.071956 -0.027400
v 0.248748 0.071956 -0.025000
v 0.248688 0.071790 -0.024576
v 0.258076 0.068542 -0.027824
v 0.258614 0.068541 -0.027400
v 0.258614 0.068541 -0.025000
v 0.258076 0.068542 -0.024576
v 0.248687 0.065301 -0.027824
v 0.248746 0.065135 -0.027400
v 0.248746 0.065135 -0.025000
v 0.248687 0.065301 -0.024576
v 0.240673 0.062354 -0.027824
v 0.240730 0.062187 -0.027400
v 0.240730 0.062187 -0.025000
v 0.240673 0.062354 -0.024576
v 0.232191 0.059608 -0.027824
v 0.232238 0.059438 -0.027400
v 0.232238 0.059438 -0.025000
v 0.232191 0.059608 -0.024576
v 0.222586 0.057383 -0.027824
v 0.222619 0.057211 -0.027400
v 0.222619 0.057211 -0.025000
v 0.222586 0.057383 -0.024576
v 0.203807 0.054550 -0.027824
v 0.203827 0.054375 -0.027400
v 0.203827 0.054375 -0.025000
v 0.203807 0.054550 -0.024576
v 0.187124 0.053205 -0.027824
v 0.187132 0.053030 -0.027400
v 0.187132 0.053030 -0.025000
v 0.187124 0.053205 -0.024576
v 0.170372 0.053053 -0.027824
v 0.170369 0.052878 -0.027400
v 0.170369 0.052878 -0.025000
v 0.170372 0.053053 -0.024576
v 0.151397 0.053796 -0.027824
v 0.151392 0.053620 -0.027400
v 0.151392 0.053620 -0.025000
v 0.151397 0.053796 -0.024576
v 0.146877 0.053832 -0.027824
v 0.146876 0.053657 -0.027400
v 0.146876 0.053657 -0.025000
v 0.146877 0.053832 -0.024576
v 0.142781 0.053853 -0.027824
v 0.142766 0.053677 -0.027400
v 0.142766 0.053677 -0.025000
v 0.142781 0.053853 -0.024576
v 0.138828 0.054500 -0.027824
v 0.138775 0.054330 -0.027400
v 0.138775 0.054330 -0.025000
v 0.138828 0.054500 -0.024576
vn -0.0036 0.1971 0.9804
vn 0.0206 0.1984 0.9799
vn 0.0064 0.1989 0.9800
vn -0.0021 0.1921 0.9814
vn -0.0565 0.2029 0.9776
vn 0.0044 0.1940 0.9810
vn -0.0093 0.2035 0.9790
vn -0.1062 0.1785 0.9782
vn 0.0364 0.1966 0.9798
vn -0.1424 0.1499 0.9784
vn 0.0533 0.1929 0.9798
vn -0.1773 0.1123 0.9777
vn 0.0647 0.1866 0.9803
vn -0.2025 0.0576 0.9776
vn 0.0653 0.1825 0.9810
vn -0.2091 -0.0002 0.9779
vn 0.1190 -0.0000 0.9929
vn -0.2024 -0.0583 0.9776
vn 0.0651 -0.1826 0.9810
vn 0.0645 -0.1866 0.9803
vn -0.1769 -0.1127 0.9778
vn 0.0534 -0.1928 0.9798
vn -0.1426 -0.1489 0.9785
vn 0.0374 -0.1961 0.9799
vn -0.1088 -0.1760 0.9784
vn 0.0229 -0.1978 0.9800
vn -0.0628 -0.2004 0.9777
vn 0.0089 -0.1990 0.9800
vn -0.0170 -0.2032 0.9790
vn -0.0013 -0.1949 0.9808
vn -0.0046 -0.1932 0.9812
vn -0.0030 -0.1979 0.9802
vn -0.0036 0.1971 -0.9804
vn 0.0064 0.1989 -0.9800
vn 0.0206 0.1984 -0.9799
vn -0.0021 0.1921 -0.9814
vn -0.0565 0.2029 -0.9776
vn -0.0093 0.2035 -0.9790
vn 0.0044 0.1940 -0.9810
vn -0.1062 0.1785 -0.9782
vn 0.0364 0.1966 -0.9798
vn -0.1424 0.1499 -0.9784
vn 0.0533 0.1929 -0.9798
vn -0.1773 0.1123 -0.9777
vn 0.0647 0.1866 -0.9803
vn -0.2025 0.0576 -0.9776
vn 0.0653 0.1825 -0.9810
vn -0.2091 -0.0002 -0.9779
vn 0.1190 -0.0000 -0.9929
vn -0.2024 -0.0583 -0.9776
vn 0.0651 -0.1826 -0.9810
vn 0.0645 -0.1866 -0.9803
vn -0.1769 -0.1127 -0.9778
vn 0.0534 -0.1928 -0.9798
vn -0.1426 -0.1489 -0.9785
vn 0.0374 -0.1961 -0.9799
vn -0.1088 -0.1760 -0.9784
vn 0.0229 -0.1978 -0.9800
vn -0.0628 -0.2004 -0.9777
vn 0.0089 -0.1990 -0.9800
vn -0.0170 -0.2032 -0.9790
vn -0.0013 -0.1949 -0.9808
vn -0.0046 -0.1932 -0.9812
vn -0.0030 -0.1979 -0.9802
vn -0.2002 -0.3239 -0.9247
vn -0.2635 -0.2752 -0.9246
vn -0.5159 -0.8345 -0.1936
vn -0.6786 -0.7086 -0.1936
vn -0.6385 -0.6667 -0.3844
vn -0.4854 -0.7851 -0.3846
vn -0.5159 -0.8345 0.1936
vn -0.6786 -0.7086 0.1936
vn -0.4854 -0.7851 0.3846
vn -0.6385 -0.6667 0.3844
vn -0.2635 -0.2752 0.9246
vn -0.2002 -0.3239 0.9247
vn -0.3201 -0.2040 -0.9252
vn -0.8274 -0.5272 -0.1935
vn -0.7781 -0.4957 -0.3858
vn -0.8274 -0.5272 0.1935
vn -0.7781 -0.4958 0.3858
vn -0.3201 -0.2040 0.9252
vn -0.3642 -0.1050 -0.9254
vn -0.9427 -0.2717 -0.1935
vn -0.8863 -0.2555 -0.3863
vn -0.9427 -0.2717 0.1935
vn -0.8863 -0.2555 0.3863
vn -0.3642 -0.1050 0.9254
vn -0.3799 -0.0004 -0.9250
vn -0.9811 -0.0010 -0.1935
vn -0.9227 -0.0009 -0.3855
vn -0.9811 -0.0010 0.1935
vn -0.9227 -0.0009 0.3855
vn -0.3799 -0.0004 0.9250
vn -0.3647 0.1038 -0.9253
vn -0.9436 0.2685 -0.1935
vn -0.8872 0.2524 -0.3862
vn -0.9436 0.2685 0.1935
vn -0.8872 0.2524 0.3862
vn -0.3647 0.1038 0.9253
vn -0.3206 0.2030 -0.9252
vn -0.8290 0.5248 -0.1935
vn -0.7795 0.4934 -0.3859
vn -0.8290 0.5248 0.1935
vn -0.7795 0.4934 0.3859
vn -0.3206 0.2030 0.9252
vn -0.2623 0.2761 -0.9246
vn -0.6757 0.7113 -0.1936
vn -0.6358 0.6692 -0.3845
vn -0.6757 0.7113 0.1936
vn -0.6358 0.6692 0.3845
vn -0.2623 0.2761 0.9246
vn -0.1946 0.3269 -0.9248
vn -0.5017 0.8431 -0.1935
vn -0.4720 0.7931 -0.3849
vn -0.5017 0.8431 0.1935
vn -0.4720 0.7931 0.3849
vn -0.1946 0.3269 0.9248
vn -0.1017 0.3652 -0.9254
vn -0.2633 0.9451 -0.1935
vn -0.2476 0.8885 -0.3863
vn -0.2633 0.9451 0.1935
vn -0.2476 0.8885 0.3863
vn -0.1017 0.3652 0.9254
vn -0.0174 0.3813 -0.9243
vn -0.0448 0.9800 -0.1938
vn -0.0422 0.9225 -0.3837
vn -0.0448 0.9800 0.1938
vn -0.0422 0.9225 0.3837
vn -0.0174 0.3813 0.9243
vn 0.0087 0.3826 -0.9239
vn 0.0223 0.9805 -0.1953
vn 0.0210 0.9236 -0.3827
vn 0.0223 0.9805 0.1953
vn 0.0210 0.9236 0.3827
vn 0.0087 0.3826 0.9239
vn -0.0041 0.3826 -0.9239
vn -0.0106 0.9806 -0.1957
vn -0.0100 0.9238 -0.3828
vn -0.0106 0.9806 0.1957
vn -0.0100 0.9238 0.3828
vn -0.0041 0.3826 0.9239
vn -0.0069 0.3826 -0.9239
vn -0.0178 0.9807 -0.1947
vn -0.0168 0.9237 -0.3827
vn -0.0178 0.9807 0.1947
vn -0.0168 0.9237 0.3827
vn -0.0069 0.3826 0.9239
vn 0.0124 0.3823 -0.9240
vn 0.0317 0.9804 -0.1944
vn 0.0299 0.9233 -0.3829
vn 0.0317 0.9804 0.1944
vn 0.0299 0.9233 0.3829
vn 0.0124 0.3823 0.9240
vn 0.0394 0.3804 -0.9240
vn 0.1012 0.9757 -0.1943
vn 0.0953 0.9189 -0.3829
vn 0.1012 0.9757 0.1943
vn 0.0953 0.9189 0.3829
vn 0.0394 0.3804 0.9240
vn 0.0697 0.3760 -0.9240
vn 0.1787 0.9645 -0.1942
vn 0.1683 0.9083 -0.3830
vn 0.1787 0.9645 0.1943
vn 0.1683 0.9083 0.3830
vn 0.0697 0.3760 0.9240
vn 0.1018 0.3686 -0.9240
vn 0.2611 0.9456 -0.1942
vn 0.2458 0.8904 -0.3830
vn 0.2611 0.9456 0.1942
vn 0.2458 0.8904 0.3830
vn 0.1018 0.3686 0.9240
vn 0.1253 0.3615 -0.9239
vn 0.3211 0.9268 -0.1947
vn 0.3025 0.8729 -0.3828
vn 0.3211 0.9268 0.1947
vn 0.3025 0.8729 0.3828
vn 0.1253 0.3615 0.9239
vn 0.1289 0.3603 -0.9239
vn 0.3303 0.9235 -0.1953
vn 0.3111 0.8699 -0.3827
vn 0.3303 0.9235 0.1953
vn 0.3111 0.8699 0.3827
vn 0.1289 0.3603 0.9239
vn 0.1251 0.3616 -0.9239
vn 0.3245 0.9377 -0.1240
vn 0.3021 0.8731 -0.3827
vn 0.3245 0.9377 0.1240
vn 0.3021 0.8731 0.3827
vn 0.1251 0.3616 0.9239
vn 0.1249 -0.3617 -0.9239
vn 0.1285 -0.3605 -0.9239
vn 0.3237 -0.9380 -0.1240
vn 0.3293 -0.9238 -0.1953
vn 0.3102 -0.8703 -0.3827
vn 0.3014 -0.8733 -0.3827
vn 0.3237 -0.9380 0.1240
vn 0.3293 -0.9238 0.1953
vn 0.3014 -0.8733 0.3827
vn 0.3102 -0.8703 0.3827
vn 0.1285 -0.3605 0.9239
vn 0.1249 -0.3617 0.9239
vn 0.1250 -0.3616 -0.9239
vn 0.3204 -0.9271 -0.1947
vn 0.3018 -0.8732 -0.3827
vn 0.3204 -0.9271 0.1947
vn 0.3018 -0.8732 0.3827
vn 0.1250 -0.3616 0.9239
vn 0.1021 -0.3685 -0.9240
vn 0.2620 -0.9453 -0.1942
vn 0.2467 -0.8902 -0.3830
vn 0.2620 -0.9453 0.1942
vn 0.2467 -0.8902 0.3830
vn 0.1021 -0.3685 0.9240
vn 0.0717 -0.3757 -0.9240
vn 0.1840 -0.9635 -0.1943
vn 0.1733 -0.9074 -0.3829
vn 0.1840 -0.9635 0.1943
vn 0.1733 -0.9074 0.3829
vn 0.0717 -0.3757 0.9240
vn 0.0439 -0.3800 -0.9240
vn 0.1126 -0.9744 -0.1944
vn 0.1061 -0.9177 -0.3829
vn 0.1126 -0.9744 0.1944
vn 0.1061 -0.9177 0.3829
vn 0.0439 -0.3800 0.9240
vn 0.0171 -0.3821 -0.9240
vn 0.0439 -0.9799 -0.1944
vn 0.0413 -0.9229 -0.3829
vn 0.0439 -0.9799 0.1944
vn 0.0413 -0.9229 0.3829
vn 0.0171 -0.3821 0.9240
vn -0.0057 -0.3826 -0.9239
vn -0.0147 -0.9808 -0.1946
vn -0.0139 -0.9237 -0.3828
vn -0.0147 -0.9808 0.1946
vn -0.0139 -0.9237 0.3828
vn -0.0057 -0.3825 0.9239
vn -0.0090 -0.3825 -0.9239
vn -0.0231 -0.9804 -0.1955
vn -0.0218 -0.9236 -0.3827
vn -0.0231 -0.9804 0.1955
vn -0.0218 -0.9236 0.3827
vn -0.0090 -0.3825 0.9239
vn -0.0025 -0.3827 -0.9239
vn -0.0065 -0.9808 -0.1951
vn -0.0061 -0.9239 -0.3827
vn -0.0065 -0.9808 0.1951
vn -0.0061 -0.9239 0.3827
vn -0.0025 -0.3827 0.9239
vn -0.0319 -0.3803 -0.9243
vn -0.0819 -0.9776 -0.1938
vn -0.0771 -0.9202 -0.3837
vn -0.0819 -0.9776 0.1938
vn -0.0771 -0.9202 0.3837
vn -0.0319 -0.3803 0.9243
vn -0.1134 -0.3621 -0.9252
vn -0.2933 -0.9362 -0.1935
vn -0.2758 -0.8803 -0.3860
vn -0.2933 -0.9362 0.1935
vn -0.2758 -0.8803 0.3860
vn -0.1134 -0.3621 0.9252
vt 0.419355 0.000000
vt 0.483871 0.000000
vt 0.451613 0.000000
vt 0.387097 0.000000
vt 0.290323 0.000000
vt 0.354839 0.000000
vt 0.322581 0.000000
vt 0.258065 0.000000
vt 0.516129 0.000000
vt 0.225806 0.000000
vt 0.548387 0.000000
vt 0.193548 0.000000
vt 0.580645 0.000000
vt 0.161290 0.000000
vt 0.612903 0.000000
vt 0.129032 0.000000
vt 0.645161 0.000000
vt 0.096774 0.000000
vt 0.677419 0.000000
vt 0.709677 0.000000
vt 0.064516 0.000000
vt 0.741935 0.000000
vt 0.032258 0.000000
vt 0.774194 0.000000
vt 0.000000 0.000000
vt 0.806452 0.000000
vt 1.000000 0.000000
vt 0.838710 0.000000
vt 0.967742 0.000000
vt 0.935484 0.000000
vt 0.903226 0.000000
vt 0.870968 0.000000
vt 0.000000 0.200000
vt 0.031250 0.200000
vt 0.031250 0.000000
vt 0.000000 0.400000
vt 0.031250 0.400000
vt 0.000000 0.600000
vt 0.031250 0.600000
vt 0.000000 0.800000
vt 0.031250 0.800000
vt 0.000000 1.000000
vt 0.031250 1.000000
vt 0.062500 0.200000
vt 0.062500 0.000000
vt 0.062500 0.400000
vt 0.062500 0.600000
vt 0.062500 0.800000
vt 0.062500 1.000000
vt 0.093750 0.200000
vt 0.093750 0.000000
vt 0.093750 0.400000
vt 0.093750 0.600000
vt 0.093750 0.800000
vt 0.093750 1.000000
vt 0.125000 0.200000
vt 0.125000 0.000000
vt 0.125000 0.400000
vt 0.125000 0.600000
vt 0.125000 0.800000
vt 0.125000 1.000000
vt 0.156250 0.200000
vt 0.156250 0.000000
vt 0.156250 0.400000
vt 0.156250 0.600000
vt 0.156250 0.800000
vt 0.156250 1.000000
vt 0.187500 0.200000
vt 0.187500 0.000000
vt 0.187500 0.400000
vt 0.187500 0.600000
vt 0.187500 0.800000
vt 0.187500 1.000000
vt 0.218750 0.200000
vt 0.218750 0.000000
vt 0.218750 0.400000
vt 0.218750 0.600000
vt 0.218750 0.800000
vt 0.218750 1.000000
vt 0.250000 0.200000
vt 0.250000 0.000000
vt 0.250000 0.400000
vt 0.250000 0.600000
vt 0.250000 0.800000
vt 0.250000 1.000000
vt 0.281250 0.200000
vt 0.281250 0.000000
vt 0.281250 0.400000
vt 0.281250 0.600000
vt 0.281250 0.800000
vt 0.281250 1.000000
vt 0.312500 0.200000
vt 0.312500 0.000000
vt 0.312500 0.400000
vt 0.312500 0.600000
vt 0.312500 0.800000
vt 0.312500 1.000000
vt 0.343750 0.200000
vt 0.343750 0.000000
vt 0.343750 0.400000
vt 0.343750 0.600000
vt 0.343750 0.800000
vt 0.343750 1.000000
vt 0.375000 0.200000
vt 0.375000 0.000000
vt 0.375000 0.400000
vt 0.375000 0.600000
vt 0.375000 0.800000
vt 0.375000 1.000000
vt 0.406250 0.200000
vt 0.406250 0.000000
vt 0.406250 0.400000
vt 0.406250 0.600000
vt 0.406250 0.800000
vt 0.406250 1.000000
vt 0.437500 0.200000
vt 0.437500 0.000000
vt 0.437500 0.400000
vt 0.437500 0.600000
vt 0.437500 0.800000
vt 0.437500 1.000000
vt 0.468750 0.200000
vt 0.468750 0.000000
vt 0.468750 0.400000
vt 0.468750 0.600000
vt 0.468750 0.800000
vt 0.468750 1.000000
vt 0.500000 0.200000
vt 0.500000 0.000000
vt 0.500000 0.400000
vt 0.500000 0.600000
vt 0.500000 0.800000
vt 0.500000 1.000000
vt 0.531250 0.200000
vt 0.531250 0.000000
vt 0.531250 0.400000
vt 0.531250 0.600000
vt 0.531250 0.800000
vt 0.531250 1.000000
vt 0.562500 0.200000
vt 0.562500 0.000000
vt 0.562500 0.400000
vt 0.562500 0.600000
vt 0.562500 0.800000
vt 0.562500 1.000000
vt 0.593750 0.200000
vt 0.593750 0.000000
vt 0.593750 0.400000
vt 0.593750 0.600000
vt 0.593750 0.800000
vt 0.593750 1.000000
vt 0.625000 0.200000
vt 0.625000 0.000000
vt 0.625000 0.400000
vt 0.625000 0.600000
vt 0.625000 0.800000
vt 0.625000 1.000000
vt 0.656250 0.200000
vt 0.656250 0.000000
vt 0.656250 0.400000
vt 0.656250 0.600000
vt 0.656250 0.800000
vt 0.656250 1.000000
vt 0.687500 0.200000
vt 0.687500 0.000000
vt 0.687500 0.400000
vt 0.687500 0.600000
vt 0.687500 0.800000
vt 0.687500 1.000000
vt 0.718750 0.200000
vt 0.718750 0.000000
vt 0.718750 0.400000
vt 0.718750 0.600000
vt 0.718750 0.800000
vt 0.718750 1.000000
vt 0.750000 0.200000
vt 0.750000 0.000000
vt 0.750000 0.400000
vt 0.750000 0.600000
vt 0.750000 0.800000
vt 0.750000 1.000000
vt 0.781250 0.200000
vt 0.781250 0.000000
vt 0.781250 0.400000
vt 0.781250 0.600000
vt 0.781250 0.800000
vt 0.781250 1.000000
vt 0.812500 0.200000
vt 0.812500 0.000000
vt 0.812500 0.400000
vt 0.812500 0.600000
vt 0.812500 0.800000
vt 0.812500 1.000000
vt 0.843750 0.200000
vt 0.843750 0.000000
vt 0.843750 0.400000
vt 0.843750 0.600000
vt 0.843750 0.800000
vt 0.843750 1.000000
vt 0.875000 0.200000
vt 0.875000 0.000000
vt 0.875000 0.400000
vt 0.875000 0.600000
vt 0.875000 0.800000
vt 0.875000 1.000000
vt 0.906250 0.200000
vt 0.906250 0.000000
vt 0.906250 0.400000
vt 0.906250 0.600000
vt 0.906250 0.800000
vt 0.906250 1.000000
vt 0.937500 0.200000
vt 0.937500 0.000000
vt 0.937500 0.400000
vt 0.937500 0.600000
vt 0.937500 0.800000
vt 0.937500 1.000000
vt 0.968750 0.200000
vt 0.968750 0.000000
vt 0.968750 0.400000
vt 0.968750 0.600000
vt 0.968750 0.800000
vt 0.968750 1.000000
vt 1.000000 0.200000
vt 1.000000 0.400000
vt 1.000000 0.600000
vt 1.000000 0.800000
vt 1.000000 1.000000
s 1
usemtl Gold_|_dark_grille
f 2895/2922/3772 2897/2923/3773 2896/2924/3774
f 2894/2925/3775 2897/2923/3773 2895/2922/3772
f 2891/2926/3776 2893/2927/3777 2892/2928/3778
f 2891/2926/3776 2894/2925/3775 2893/2927/3777
f 2891/2926/3776 2897/2923/3773 2894/2925/3775
f 2890/2929/3779 2897/2923/3773 2891/2926/3776
f 2890/2929/3779 2898/2930/3780 2897/2923/3773
f 2889/2931/3781 2898/2930/3780 2890/2929/3779
f 2889/2931/3781 2899/2932/3782 2898/2930/3780
f 2888/2933/3783 2899/2932/3782 2889/2931/3781
f 2888/2933/3783 2900/2934/3784 2899/2932/3782
f 2887/2935/3785 2900/2934/3784 2888/2933/3783
f 2887/2935/3785 2901/2936/3786 2900/2934/3784
f 2886/2937/3787 2901/2936/3786 2887/2935/3785
f 2886/2937/3787 2902/2938/3788 2901/2936/3786
f 2885/2939/3789 2902/2938/3788 2886/2937/3787
f 2885/2939/3789 2903/2940/3790 2902/2938/3788
f 2885/2939/3789 2904/2941/3791 2903/2940/3790
f 2884/2942/3792 2904/2941/3791 2885/2939/3789
f 2884/2942/3792 2905/2943/3793 2904/2941/3791
f 2883/2944/3794 2905/2943/3793 2884/2942/3792
f 2883/2944/3794 2906/2945/3795 2905/2943/3793
f 2882/2946/3796 2906/2945/3795 2883/2944/3794
f 2882/2946/3796 2907/2947/3797 2906/2945/3795
f 2913/2948/3798 2907/2947/3797 2882/2946/3796
f 2913/2948/3798 2908/2949/3799 2907/2947/3797
f 2912/2950/3800 2911/2951/3801 2913/2948/3798
f 2911/2951/3801 2910/2952/3802 2913/2948/3798
f 2910/2952/3802 2908/2949/3799 2913/2948/3798
f 2909/2953/3803 2908/2949/3799 2910/2952/3802
f 2927/2922/3804 2928/2924/3805 2929/2923/3806
f 2926/2925/3807 2927/2922/3804 2929/2923/3806
f 2923/2926/3808 2924/2928/3809 2925/2927/3810
f 2923/2926/3808 2925/2927/3810 2926/2925/3807
f 2923/2926/3808 2926/2925/3807 2929/2923/3806
f 2922/2929/3811 2923/2926/3808 2929/2923/3806
f 2922/2929/3811 2929/2923/3806 2930/2930/3812
f 2921/2931/3813 2922/2929/3811 2930/2930/3812
f 2921/2931/3813 2930/2930/3812 2931/2932/3814
f 2920/2933/3815 2921/2931/3813 2931/2932/3814
f 2920/2933/3815 2931/2932/3814 2932/2934/3816
f 2919/2935/3817 2920/2933/3815 2932/2934/3816
f 2919/2935/3817 2932/2934/3816 2933/2936/3818
f 2918/2937/3819 2919/2935/3817 2933/2936/3818
f 2918/2937/3819 2933/2936/3818 2934/2938/3820
f 2917/2939/3821 2918/2937/3819 2934/2938/3820
f 2917/2939/3821 2934/2938/3820 2935/2940/3822
f 2917/2939/3821 2935/2940/3822 2936/2941/3823
f 2916/2942/3824 2917/2939/3821 2936/2941/3823
f 2916/2942/3824 2936/2941/3823 2937/2943/3825
f 2915/2944/3826 2916/2942/3824 2937/2943/3825
f 2915/2944/3826 2937/2943/3825 2938/2945/3827
f 2914/2946/3828 2915/2944/3826 2938/2945/3827
f 2914/2946/3828 2938/2945/3827 2939/2947/3829
f 2945/2948/3830 2914/2946/3828 2939/2947/3829
f 2945/2948/3830 2939/2947/3829 2940/2949/3831
f 2944/2950/3832 2945/2948/3830 2943/2951/3833
f 2943/2951/3833 2945/2948/3830 2942/2952/3834
f 2942/2952/3834 2945/2948/3830 2940/2949/3831
f 2941/2953/3835 2942/2952/3834 2940/2949/3831
f 2946/2954/3836 2950/2955/3837 2915/2956/3826 2914/2946/3828
f 2947/2957/3838 2951/2958/3839 2950/2955/3840 2946/2954/3841
f 2948/2959/3842 2952/2960/3843 2951/2958/3839 2947/2957/3838
f 2949/2961/3844 2953/2962/3845 2952/2960/3843 2948/2959/3842
f 2882/2963/3796 2883/2964/3794 2953/2962/3846 2949/2961/3847
f 2950/2955/3837 2954/2965/3848 2916/2966/3824 2915/2956/3826
f 2951/2958/3839 2955/2967/3849 2954/2965/3850 2950/2955/3840
f 2952/2960/3843 2956/2968/3851 2955/2967/3849 2951/2958/3839
f 2953/2962/3845 2957/2969/3852 2956/2968/3851 2952/2960/3843
f 2883/2964/3794 2884/2970/3792 2957/2969/3853 2953/2962/3846
f 2954/2965/3848 2958/2971/3854 2917/2972/3821 2916/2966/3824
f 2955/2967/3849 2959/2973/3855 2958/2971/3856 2954/2965/3850
f 2956/2968/3851 2960/2974/3857 2959/2973/3855 2955/2967/3849
f 2957/2969/3852 2961/2975/3858 2960/2974/3857 2956/2968/3851
f 2884/2970/3792 2885/2976/3789 2961/2975/3859 2957/2969/3853
f 2958/2971/3854 2962/2977/3860 2918/2978/3819 2917/2972/3821
f 2959/2973/3855 2963/2979/3861 2962/2977/3862 2958/2971/3856
f 2960/2974/3857 2964/2980/3863 2963/2979/3861 2959/2973/3855
f 2961/2975/3858 2965/2981/3864 2964/2980/3863 2960/2974/3857
f 2885/2976/3789 2886/2982/3787 2965/2981/3865 2961/2975/3859
f 2962/2977/3860 2966/2983/3866 2919/2984/3817 2918/2978/3819
f 2963/2979/3861 2967/2985/3867 2966/2983/3868 2962/2977/3862
f 2964/2980/3863 2968/2986/3869 2967/2985/3867 2963/2979/3861
f 2965/2981/3864 2969/2987/3870 2968/2986/3869 2964/2980/3863
f 2886/2982/3787 2887/2988/3785 2969/2987/3871 2965/2981/3865
f 2966/2983/3866 2970/2989/3872 2920/2990/3815 2919/2984/3817
f 2967/2985/3867 2971/2991/3873 2970/2989/3874 2966/2983/3868
f 2968/2986/3869 2972/2992/3875 2971/2991/3873 2967/2985/3867
f 2969/2987/3870 2973/2993/3876 2972/2992/3875 2968/2986/3869
f 2887/2988/3785 2888/2994/3783 2973/2993/3877 2969/2987/3871
f 2970/2989/3872 2974/2995/3878 2921/2996/3813 2920/2990/3815
f 2971/2991/3873 2975/2997/3879 2974/2995/3880 2970/2989/3874
f 2972/2992/3875 2976/2998/3881 2975/2997/3879 2971/2991/3873
f 2973/2993/3876 2977/2999/3882 2976/2998/3881 2972/2992/3875
f 2888/2994/3783 2889/3000/3781 2977/2999/3883 2973/2993/3877
f 2974/2995/3878 2978/3001/3884 2922/3002/3811 2921/2996/3813
f 2975/2997/3879 2979/3003/3885 2978/3001/3886 2974/2995/3880
f 2976/2998/3881 2980/3004/3887 2979/3003/3885 2975/2997/3879
f 2977/2999/3882 2981/3005/3888 2980/3004/3887 2976/2998/3881
f 2889/3000/3781 2890/3006/3779 2981/3005/3889 2977/2999/3883
f 2978/3001/3884 2982/3007/3890 2923/3008/3808 2922/3002/3811
f 2979/3003/3885 2983/3009/3891 2982/3007/3892 2978/3001/3886
f 2980/3004/3887 2984/3010/3893 2983/3009/3891 2979/3003/3885
f 2981/3005/3888 2985/3011/3894 2984/3010/3893 2980/3004/3887
f 2890/3006/3779 2891/3012/3776 2985/3011/3895 2981/3005/3889
f 2982/3007/3890 2986/3013/3896 2924/3014/3809 2923/3008/3808
f 2983/3009/3891 2987/3015/3897 2986/3013/3898 2982/3007/3892
f 2984/3010/3893 2988/3016/3899 2987/3015/3897 2983/3009/3891
f 2985/3011/3894 2989/3017/3900 2988/3016/3899 2984/3010/3893
f 2891/3012/3776 2892/3018/3778 2989/3017/3901 2985/3011/3895
f 2986/3013/3896 2990/3019/3902 2925/3020/3810 2924/3014/3809
f 2987/3015/3897 2991/3021/3903 2990/3019/3904 2986/3013/3898
f 2988/3016/3899 2992/3022/3905 2991/3021/3903 2987/3015/3897
f 2989/3017/3900 2993/3023/3906 2992/3022/3905 2988/3016/3899
f 2892/3018/3778 2893/3024/3777 2993/3023/3907 2989/3017/3901
f 2990/3019/3902 2994/3025/3908 2926/3026/3807 2925/3020/3810
f 2991/3021/3903 2995/3027/3909 2994/3025/3910 2990/3019/3904
f 2992/3022/3905 2996/3028/3911 2995/3027/3909 2991/3021/3903
f 2993/3023/3906 2997/3029/3912 2996/3028/3911 2992/3022/3905
f 2893/3024/3777 2894/3030/3775 2997/3029/3913 2993/3023/3907
f 2994/3025/3908 2998/3031/3914 2927/3032/3804 2926/3026/3807
f 2995/3027/3909 2999/3033/3915 2998/3031/3916 2994/3025/3910
f 2996/3028/3911 3000/3034/3917 2999/3033/3915 2995/3027/3909
f 2997/3029/3912 3001/3035/3918 3000/3034/3917 2996/3028/3911
f 2894/3030/3775 2895/3036/3772 3001/3035/3919 2997/3029/3913
f 2998/3031/3914 3002/3037/3920 2928/3038/3805 2927/3032/3804
f 2999/3033/3915 3003/3039/3921 3002/3037/3922 2998/3031/3916
f 3000/3034/3917 3004/3040/3923 3003/3039/3921 2999/3033/3915
f 3001/3035/3918 3005/3041/3924 3004/3040/3923 3000/3034/3917
f 2895/3036/3772 2896/3042/3774 3005/3041/3925 3001/3035/3919
f 3002/3037/3920 3006/3043/3926 2929/3044/3806 2928/3038/3805
f 3003/3039/3921 3007/3045/3927 3006/3043/3928 3002/3037/3922
f 3004/3040/3923 3008/3046/3929 3007/3045/3927 3003/3039/3921
f 3005/3041/3924 3009/3047/3930 3008/3046/3929 3004/3040/3923
f 2896/3042/3774 2897/3048/3773 3009/3047/3931 3005/3041/3925
f 3006/3043/3926 3010/3049/3932 2930/3050/3812 2929/3044/3806
f 3007/3045/3927 3011/3051/3933 3010/3049/3934 3006/3043/3928
f 3008/3046/3929 3012/3052/3935 3011/3051/3933 3007/3045/3927
f 3009/3047/3930 3013/3053/3936 3012/3052/3935 3008/3046/3929
f 2897/3048/3773 2898/3054/3780 3013/3053/3937 3009/3047/3931
f 3010/3049/3932 3014/3055/3938 2931/3056/3814 2930/3050/3812
f 3011/3051/3933 3015/3057/3939 3014/3055/3940 3010/3049/3934
f 3012/3052/3935 3016/3058/3941 3015/3057/3939 3011/3051/3933
f 3013/3053/3936 3017/3059/3942 3016/3058/3941 3012/3052/3935
f 2898/3054/3780 2899/3060/3782 3017/3059/3943 3013/3053/3937
f 3014/3055/3938 3018/3061/3944 2932/3062/3816 2931/3056/3814
f 3015/3057/3939 3019/3063/3945 3018/3061/3946 3014/3055/3940
f 3016/3058/3941 3020/3064/3947 3019/3063/3945 3015/3057/3939
f 3017/3059/3942 3021/3065/3948 3020/3064/3947 3016/3058/3941
f 2899/3060/3782 2900/3066/3784 3021/3065/3949 3017/3059/3943
f 3018/3061/3944 3022/3067/3950 2933/3068/3818 2932/3062/3816
f 3019/3063/3945 3023/3069/3951 3022/3067/3952 3018/3061/3946
f 3020/3064/3947 3024/3070/3953 3023/3069/3951 3019/3063/3945
f 3021/3065/3948 3025/3071/3954 3024/3070/3953 3020/3064/3947
f 2900/3066/3784 2901/3072/3786 3025/3071/3955 3021/3065/3949
f 3022/3067/3950 3026/3073/3956 2934/3074/3820 2933/3068/3818
f 3023/3069/3951 3027/3075/3957 3026/3073/3958 3022/3067/3952
f 3024/3070/3953 3028/3076/3959 3027/3075/3957 3023/3069/3951
f 3025/3071/3954 3029/3077/3960 3028/3076/3959 3024/3070/3953
f 2901/3072/3786 2902/3078/3788 3029/3077/3961 3025/3071/3955
f 3026/3073/3962 3030/3079/3963 2935/3080/3822 2934/3074/3820
f 3027/3075/3964 3031/3081/3965 3030/3079/3966 3026/3073/3967
f 3028/3076/3968 3032/3082/3969 3031/3081/3965 3027/3075/3964
f 3029/3077/3970 3033/3083/3971 3032/3082/3969 3028/3076/3968
f 2902/3078/3788 2903/3084/3790 3033/3083/3972 3029/3077/3973
f 3030/3079/3963 3034/3085/3974 2936/3086/3823 2935/3080/3822
f 3031/3081/3965 3035/3087/3975 3034/3085/3976 3030/3079/3966
f 3032/3082/3969 3036/3088/3977 3035/3087/3975 3031/3081/3965
f 3033/3083/3971 3037/3089/3978 3036/3088/3977 3032/3082/3969
f 2903/3084/3790 2904/3090/3791 3037/3089/3979 3033/3083/3972
f 3034/3085/3974 3038/3091/3980 2937/3092/3825 2936/3086/3823
f 3035/3087/3975 3039/3093/3981 3038/3091/3982 3034/3085/3976
f 3036/3088/3977 3040/3094/3983 3039/3093/3981 3035/3087/3975
f 3037/3089/3978 3041/3095/3984 3040/3094/3983 3036/3088/3977
f 2904/3090/3791 2905/3096/3793 3041/3095/3985 3037/3089/3979
f 3038/3091/3980 3042/3097/3986 2938/3098/3827 2937/3092/3825
f 3039/3093/3981 3043/3099/3987 3042/3097/3988 3038/3091/3982
f 3040/3094/3983 3044/3100/3989 3043/3099/3987 3039/3093/3981
f 3041/3095/3984 3045/3101/3990 3044/3100/3989 3040/3094/3983
f 2905/3096/3793 2906/3102/3795 3045/3101/3991 3041/3095/3985
f 3042/3097/3986 3046/3103/3992 2939/3104/3829 2938/3098/3827
f 3043/3099/3987 3047/3105/3993 3046/3103/3994 3042/3097/3988
f 3044/3100/3989 3048/3106/3995 3047/3105/3993 3043/3099/3987
f 3045/3101/3990 3049/3107/3996 3048/3106/3995 3044/3100/3989
f 2906/3102/3795 2907/3108/3797 3049/3107/3997 3045/3101/3991
f 3046/3103/3992 3050/3109/3998 2940/3110/3831 2939/3104/3829
f 3047/3105/3993 3051/3111/3999 3050/3109/4000 3046/3103/3994
f 3048/3106/3995 3052/3112/4001 3051/3111/3999 3047/3105/3993
f 3049/3107/3996 3053/3113/4002 3052/3112/4001 3048/3106/3995
f 2907/3108/3797 2908/3114/3799 3053/3113/4003 3049/3107/3997
f 3050/3109/3998 3054/3115/4004 2941/3116/3835 2940/3110/3831
f 3051/3111/3999 3055/3117/4005 3054/3115/4006 3050/3109/4000
f 3052/3112/4001 3056/3118/4007 3055/3117/4005 3051/3111/3999
f 3053/3113/4002 3057/3119/4008 3056/3118/4007 3052/3112/4001
f 2908/3114/3799 2909/3120/3803 3057/3119/4009 3053/3113/4003
f 3054/3115/4004 3058/3121/4010 2942/3122/3834 2941/3116/3835
f 3055/3117/4005 3059/3123/4011 3058/3121/4012 3054/3115/4006
f 3056/3118/4007 3060/3124/4013 3059/3123/4011 3055/3117/4005
f 3057/3119/4008 3061/3125/4014 3060/3124/4013 3056/3118/4007
f 2909/3120/3803 2910/3126/3802 3061/3125/4015 3057/3119/4009
f 3058/3121/4010 3062/3127/4016 2943/3128/3833 2942/3122/3834
f 3059/3123/4011 3063/3129/4017 3062/3127/4018 3058/3121/4012
f 3060/3124/4013 3064/3130/4019 3063/3129/4017 3059/3123/4011
f 3061/3125/4014 3065/3131/4020 3064/3130/4019 3060/3124/4013
f 2910/3126/3802 2911/3132/3801 3065/3131/4021 3061/3125/4015
f 3062/3127/4016 3066/3133/4022 2944/3134/3832 2943/3128/3833
f 3063/3129/4017 3067/3135/4023 3066/3133/4024 3062/3127/4018
f 3064/3130/4019 3068/3136/4025 3067/3135/4023 3063/3129/4017
f 3065/3131/4020 3069/3137/4026 3068/3136/4025 3064/3130/4019
f 2911/3132/3801 2912/3138/3800 3069/3137/4027 3065/3131/4021
f 3066/3133/4022 3070/3139/4028 2945/3140/3830 2944/3134/3832
f 3067/3135/4023 3071/3141/4029 3070/3139/4030 3066/3133/4024
f 3068/3136/4025 3072/3142/4031 3071/3141/4029 3067/3135/4023
f 3069/3137/4026 3073/3143/4032 3072/3142/4031 3068/3136/4025
f 2912/3138/3800 2913/3144/3798 3073/3143/4033 3069/3137/4027
f 3070/3139/4028 2946/3145/3836 2914/2948/3828 2945/3140/3830
f 3071/3141/4029 2947/3146/3838 2946/3145/3841 3070/3139/4030
f 3072/3142/4031 2948/3147/3842 2947/3146/3838 3071/3141/4029
f 3073/3143/4032 2949/3148/3844 2948/3147/3842 3072/3142/4031
f 2913/3144/3798 2882/3149/3796 2949/3148/3847 3073/3143/4033
o Vent_|_left_grille_bar_1
v 0.225064 0.078857 -0.028039
v 0.225064 0.078857 -0.026761
v 0.225064 0.077749 -0.026121
v 0.225064 0.076642 -0.026761
v 0.225064 0.076642 -0.028039
v 0.225064 0.077749 -0.028679
v 0.154476 0.078857 -0.028039
v 0.154476 0.078857 -0.026761
v 0.154476 0.077749 -0.026121
v 0.154476 0.076642 -0.026761
v 0.154476 0.076642 -0.028039
v 0.154476 0.077749 -0.028679
v 0.178900 0.078857 -0.028039
v 0.178900 0.078857 -0.026761
v 0.178900 0.077749 -0.026121
v 0.178900 0.076642 -0.026761
v 0.178900 0.076642 -0.028039
v 0.178900 0.077749 -0.028679
v 0.200639 0.078857 -0.028039
v 0.200639 0.078857 -0.026761
v 0.200639 0.077749 -0.026121
v 0.200639 0.076642 -0.026761
v 0.200639 0.076642 -0.028039
v 0.200639 0.077749 -0.028679
vn 1.0000 -0.0000 -0.0000
vn -1.0000 -0.0000 -0.0000
vn -0.0000 0.8660 -0.5000
vn -0.0000 0.5000 -0.8660
vn -0.0000 0.8660 0.5000
vn -0.0000 0.5000 0.8660
vn -0.0000 -0.8660 0.5000
vn -0.0000 -0.5000 0.8660
vn -0.0000 -0.8660 -0.5000
vn -0.0000 -0.5000 -0.8660
vt 1.000000 0.000000
vt 0.600000 0.000000
vt 0.800000 0.000000
vt 0.400000 0.000000
vt 0.000000 0.000000
vt 0.200000 0.000000
vt 0.000000 1.000000
vt 0.333333 1.000000
vt 0.333333 0.833333
vt 0.000000 0.833333
vt 0.000000 0.166667
vt 0.333333 0.166667
vt 0.333333 0.000000
vt 0.000000 0.333333
vt 0.333333 0.333333
vt 0.000000 0.500000
vt 0.333333 0.500000
vt 0.000000 0.666667
vt 0.333333 0.666667
vt 0.666667 1.000000
vt 0.666667 0.833333
vt 0.666667 0.166667
vt 0.666667 0.000000
vt 0.666667 0.333333
vt 0.666667 0.500000
vt 0.666667 0.666667
vt 1.000000 1.000000
vt 1.000000 0.833333
vt 1.000000 0.166667
vt 1.000000 0.333333
vt 1.000000 0.500000
vt 1.000000 0.666667
s 1
usemtl Gold_|_polished_trim
f 3079/3150/4034 3077/3151/4034 3078/3152/4034
f 3079/3150/4034 3076/3153/4034 3077/3151/4034
f 3074/3154/4034 3076/3153/4034 3079/3150/4034
f 3074/3154/4034 3075/3155/4034 3076/3153/4034
f 3082/3153/4035 3084/3152/4035 3083/3151/4035
f 3082/3153/4035 3085/3150/4035 3084/3152/4035
f 3081/3155/4035 3085/3150/4035 3082/3153/4035
f 3081/3155/4035 3080/3154/4035 3085/3150/4035
f 3080/3156/4036 3086/3157/4036 3091/3158/4037 3085/3159/4037
f 3081/3160/4038 3087/3161/4038 3086/3162/4036 3080/3154/4036
f 3082/3163/4039 3088/3164/4039 3087/3161/4038 3081/3160/4038
f 3083/3165/4040 3089/3166/4040 3088/3164/4041 3082/3163/4041
f 3084/3167/4042 3090/3168/4042 3089/3166/4040 3083/3165/4040
f 3085/3159/4043 3091/3158/4043 3090/3168/4042 3084/3167/4042
f 3086/3157/4036 3092/3169/4036 3097/3170/4037 3091/3158/4037
f 3087/3161/4038 3093/3171/4038 3092/3172/4036 3086/3162/4036
f 3088/3164/4039 3094/3173/4039 3093/3171/4038 3087/3161/4038
f 3089/3166/4040 3095/3174/4040 3094/3173/4041 3088/3164/4041
f 3090/3168/4042 3096/3175/4042 3095/3174/4040 3089/3166/4040
f 3091/3158/4043 3097/3170/4043 3096/3175/4042 3090/3168/4042
f 3092/3169/4036 3074/3176/4036 3079/3177/4037 3097/3170/4037
f 3093/3171/4038 3075/3178/4038 3074/3150/4036 3092/3172/4036
f 3094/3173/4039 3076/3179/4039 3075/3178/4038 3093/3171/4038
f 3095/3174/4040 3077/3180/4040 3076/3179/4041 3094/3173/4041
f 3096/3175/4042 3078/3181/4042 3077/3180/4040 3095/3174/4040
f 3097/3170/4043 3079/3177/4043 3078/3181/4042 3096/3175/4042
o Vent_|_left_grille_bar_2
v 0.225064 0.074765 -0.028039
v 0.225064 0.074765 -0.026761
v 0.225064 0.073657 -0.026121
v 0.225064 0.072550 -0.026761
v 0.225064 0.072550 -0.028039
v 0.225064 0.073657 -0.028679
v 0.154476 0.074765 -0.028039
v 0.154476 0.074765 -0.026761
v 0.154476 0.073657 -0.026121
v 0.154476 0.072550 -0.026761
v 0.154476 0.072550 -0.028039
v 0.154476 0.073657 -0.028679
v 0.178900 0.074765 -0.028039
v 0.178900 0.074765 -0.026761
v 0.178900 0.073657 -0.026121
v 0.178900 0.072550 -0.026761
v 0.178900 0.072550 -0.028039
v 0.178900 0.073657 -0.028679
v 0.200639 0.074765 -0.028039
v 0.200639 0.074765 -0.026761
v 0.200639 0.073657 -0.026121
v 0.200639 0.072550 -0.026761
v 0.200639 0.072550 -0.028039
v 0.200639 0.073657 -0.028679
vn 1.0000 -0.0000 -0.0000
vn -1.0000 -0.0000 -0.0000
vn -0.0000 0.8660 -0.5000
vn -0.0000 0.5000 -0.8660
vn -0.0000 0.8660 0.5000
vn -0.0000 0.5000 0.8660
vn -0.0000 -0.8660 0.5000
vn -0.0000 -0.5000 0.8660
vn -0.0000 -0.8660 -0.5000
vn -0.0000 -0.5000 -0.8660
vt 1.000000 0.000000
vt 0.600000 0.000000
vt 0.800000 0.000000
vt 0.400000 0.000000
vt 0.000000 0.000000
vt 0.200000 0.000000
vt 0.000000 1.000000
vt 0.333333 1.000000
vt 0.333333 0.833333
vt 0.000000 0.833333
vt 0.000000 0.166667
vt 0.333333 0.166667
vt 0.333333 0.000000
vt 0.000000 0.333333
vt 0.333333 0.333333
vt 0.000000 0.500000
vt 0.333333 0.500000
vt 0.000000 0.666667
vt 0.333333 0.666667
vt 0.666667 1.000000
vt 0.666667 0.833333
vt 0.666667 0.166667
vt 0.666667 0.000000
vt 0.666667 0.333333
vt 0.666667 0.500000
vt 0.666667 0.666667
vt 1.000000 1.000000
vt 1.000000 0.833333
vt 1.000000 0.166667
vt 1.000000 0.333333
vt 1.000000 0.500000
vt 1.000000 0.666667
s 1
usemtl Gold_|_polished_trim
f 3103/3182/4044 3101/3183/4044 3102/3184/4044
f 3103/3182/4044 3100/3185/4044 3101/3183/4044
f 3098/3186/4044 3100/3185/4044 3103/3182/4044
f 3098/3186/4044 3099/3187/4044 3100/3185/4044
f 3106/3185/4045 3108/3184/4045 3107/3183/4045
f 3106/3185/4045 3109/3182/4045 3108/3184/4045
f 3105/3187/4045 3109/3182/4045 3106/3185/4045
f 3105/3187/4045 3104/3186/4045 3109/3182/4045
f 3104/3188/4046 3110/3189/4046 3115/3190/4047 3109/3191/4047
f 3105/3192/4048 3111/3193/4048 3110/3194/4046 3104/3186/4046
f 3106/3195/4049 3112/3196/4049 3111/3193/4048 3105/3192/4048
f 3107/3197/4050 3113/3198/4050 3112/3196/4051 3106/3195/4051
f 3108/3199/4052 3114/3200/4052 3113/3198/4050 3107/3197/4050
f 3109/3191/4053 3115/3190/4053 3114/3200/4052 3108/3199/4052
f 3110/3189/4046 3116/3201/4046 3121/3202/4047 3115/3190/4047
f 3111/3193/4048 3117/3203/4048 3116/3204/4046 3110/3194/4046
f 3112/3196/4049 3118/3205/4049 3117/3203/4048 3111/3193/4048
f 3113/3198/4050 3119/3206/4050 3118/3205/4051 3112/3196/4051
f 3114/3200/4052 3120/3207/4052 3119/3206/4050 3113/3198/4050
f 3115/3190/4053 3121/3202/4053 3120/3207/4052 3114/3200/4052
f 3116/3201/4046 3098/3208/4046 3103/3209/4047 3121/3202/4047
f 3117/3203/4048 3099/3210/4048 3098/3182/4046 3116/3204/4046
f 3118/3205/4049 3100/3211/4049 3099/3210/4048 3117/3203/4048
f 3119/3206/4050 3101/3212/4050 3100/3211/4051 3118/3205/4051
f 3120/3207/4052 3102/3213/4052 3101/3212/4050 3119/3206/4050
f 3121/3202/4053 3103/3209/4053 3102/3213/4052 3120/3207/4052
o Vent_|_left_grille_bar_3
v 0.225064 0.070673 -0.028039
v 0.225064 0.070673 -0.026761
v 0.225064 0.069565 -0.026121
v 0.225064 0.068458 -0.026761
v 0.225064 0.068458 -0.028039
v 0.225064 0.069565 -0.028679
v 0.154476 0.070673 -0.028039
v 0.154476 0.070673 -0.026761
v 0.154476 0.069565 -0.026121
v 0.154476 0.068458 -0.026761
v 0.154476 0.068458 -0.028039
v 0.154476 0.069565 -0.028679
v 0.178900 0.070673 -0.028039
v 0.178900 0.070673 -0.026761
v 0.178900 0.069565 -0.026121
v 0.178900 0.068458 -0.026761
v 0.178900 0.068458 -0.028039
v 0.178900 0.069565 -0.028679
v 0.200639 0.070673 -0.028039
v 0.200639 0.070673 -0.026761
v 0.200639 0.069565 -0.026121
v 0.200639 0.068458 -0.026761
v 0.200639 0.068458 -0.028039
v 0.200639 0.069565 -0.028679
vn 1.0000 -0.0000 -0.0000
vn -1.0000 -0.0000 -0.0000
vn -0.0000 0.8660 -0.5000
vn -0.0000 0.5000 -0.8660
vn -0.0000 0.8660 0.5000
vn -0.0000 0.5000 0.8660
vn -0.0000 -0.8660 0.5000
vn -0.0000 -0.5000 0.8660
vn -0.0000 -0.8660 -0.5000
vn -0.0000 -0.5000 -0.8660
vt 1.000000 0.000000
vt 0.600000 0.000000
vt 0.800000 0.000000
vt 0.400000 0.000000
vt 0.000000 0.000000
vt 0.200000 0.000000
vt 0.000000 1.000000
vt 0.333333 1.000000
vt 0.333333 0.833333
vt 0.000000 0.833333
vt 0.000000 0.166667
vt 0.333333 0.166667
vt 0.333333 0.000000
vt 0.000000 0.333333
vt 0.333333 0.333333
vt 0.000000 0.500000
vt 0.333333 0.500000
vt 0.000000 0.666667
vt 0.333333 0.666667
vt 0.666667 1.000000
vt 0.666667 0.833333
vt 0.666667 0.166667
vt 0.666667 0.000000
vt 0.666667 0.333333
vt 0.666667 0.500000
vt 0.666667 0.666667
vt 1.000000 1.000000
vt 1.000000 0.833333
vt 1.000000 0.166667
vt 1.000000 0.333333
vt 1.000000 0.500000
vt 1.000000 0.666667
s 1
usemtl Gold_|_polished_trim
f 3127/3214/4054 3125/3215/4054 3126/3216/4054
f 3127/3214/4054 3124/3217/4054 3125/3215/4054
f 3122/3218/4054 3124/3217/4054 3127/3214/4054
f 3122/3218/4054 3123/3219/4054 3124/3217/4054
f 3130/3217/4055 3132/3216/4055 3131/3215/4055
f 3130/3217/4055 3133/3214/4055 3132/3216/4055
f 3129/3219/4055 3133/3214/4055 3130/3217/4055
f 3129/3219/4055 3128/3218/4055 3133/3214/4055
f 3128/3220/4056 3134/3221/4056 3139/3222/4057 3133/3223/4057
f 3129/3224/4058 3135/3225/4058 3134/3226/4056 3128/3218/4056
f 3130/3227/4059 3136/3228/4059 3135/3225/4058 3129/3224/4058
f 3131/3229/4060 3137/3230/4060 3136/3228/4061 3130/3227/4061
f 3132/3231/4062 3138/3232/4062 3137/3230/4060 3131/3229/4060
f 3133/3223/4063 3139/3222/4063 3138/3232/4062 3132/3231/4062
f 3134/3221/4056 3140/3233/4056 3145/3234/4057 3139/3222/4057
f 3135/3225/4058 3141/3235/4058 3140/3236/4056 3134/3226/4056
f 3136/3228/4059 3142/3237/4059 3141/3235/4058 3135/3225/4058
f 3137/3230/4060 3143/3238/4060 3142/3237/4061 3136/3228/4061
f 3138/3232/4062 3144/3239/4062 3143/3238/4060 3137/3230/4060
f 3139/3222/4063 3145/3234/4063 3144/3239/4062 3138/3232/4062
f 3140/3233/4056 3122/3240/4056 3127/3241/4057 3145/3234/4057
f 3141/3235/4058 3123/3242/4058 3122/3214/4056 3140/3236/4056
f 3142/3237/4059 3124/3243/4059 3123/3242/4058 3141/3235/4058
f 3143/3238/4060 3125/3244/4060 3124/3243/4061 3142/3237/4061
f 3144/3239/4062 3126/3245/4062 3125/3244/4060 3143/3238/4060
f 3145/3234/4063 3127/3241/4063 3126/3245/4062 3144/3239/4062
o Vent_|_left_grille_bar_4
v 0.225064 0.066581 -0.028039
v 0.225064 0.066581 -0.026761
v 0.225064 0.065473 -0.026121
v 0.225064 0.064366 -0.026761
v 0.225064 0.064366 -0.028039
v 0.225064 0.065473 -0.028679
v 0.154476 0.066581 -0.028039
v 0.154476 0.066581 -0.026761
v 0.154476 0.065473 -0.026121
v 0.154476 0.064366 -0.026761
v 0.154476 0.064366 -0.028039
v 0.154476 0.065473 -0.028679
v 0.178900 0.066581 -0.028039
v 0.178900 0.066581 -0.026761
v 0.178900 0.065473 -0.026121
v 0.178900 0.064366 -0.026761
v 0.178900 0.064366 -0.028039
v 0.178900 0.065473 -0.028679
v 0.200639 0.066581 -0.028039
v 0.200639 0.066581 -0.026761
v 0.200639 0.065473 -0.026121
v 0.200639 0.064366 -0.026761
v 0.200639 0.064366 -0.028039
v 0.200639 0.065473 -0.028679
vn 1.0000 -0.0000 -0.0000
vn -1.0000 -0.0000 -0.0000
vn -0.0000 0.8660 -0.5000
vn -0.0000 0.5000 -0.8660
vn -0.0000 0.8660 0.5000
vn -0.0000 0.5000 0.8660
vn -0.0000 -0.8660 0.5000
vn -0.0000 -0.5000 0.8660
vn -0.0000 -0.8660 -0.5000
vn -0.0000 -0.5000 -0.8660
vt 1.000000 0.000000
vt 0.600000 0.000000
vt 0.800000 0.000000
vt 0.400000 0.000000
vt 0.000000 0.000000
vt 0.200000 0.000000
vt 0.000000 1.000000
vt 0.333333 1.000000
vt 0.333333 0.833333
vt 0.000000 0.833333
vt 0.000000 0.166667
vt 0.333333 0.166667
vt 0.333333 0.000000
vt 0.000000 0.333333
vt 0.333333 0.333333
vt 0.000000 0.500000
vt 0.333333 0.500000
vt 0.000000 0.666667
vt 0.333333 0.666667
vt 0.666667 1.000000
vt 0.666667 0.833333
vt 0.666667 0.166667
vt 0.666667 0.000000
vt 0.666667 0.333333
vt 0.666667 0.500000
vt 0.666667 0.666667
vt 1.000000 1.000000
vt 1.000000 0.833333
vt 1.000000 0.166667
vt 1.000000 0.333333
vt 1.000000 0.500000
vt 1.000000 0.666667
s 1
usemtl Gold_|_polished_trim
f 3151/3246/4064 3149/3247/4064 3150/3248/4064
f 3151/3246/4064 3148/3249/4064 3149/3247/4064
f 3146/3250/4064 3148/3249/4064 3151/3246/4064
f 3146/3250/4064 3147/3251/4064 3148/3249/4064
f 3154/3249/4065 3156/3248/4065 3155/3247/4065
f 3154/3249/4065 3157/3246/4065 3156/3248/4065
f 3153/3251/4065 3157/3246/4065 3154/3249/4065
f 3153/3251/4065 3152/3250/4065 3157/3246/4065
f 3152/3252/4066 3158/3253/4066 3163/3254/4067 3157/3255/4067
f 3153/3256/4068 3159/3257/4068 3158/3258/4066 3152/3250/4066
f 3154/3259/4069 3160/3260/4069 3159/3257/4068 3153/3256/4068
f 3155/3261/4070 3161/3262/4070 3160/3260/4071 3154/3259/4071
f 3156/3263/4072 3162/3264/4072 3161/3262/4070 3155/3261/4070
f 3157/3255/4073 3163/3254/4073 3162/3264/4072 3156/3263/4072
f 3158/3253/4066 3164/3265/4066 3169/3266/4067 3163/3254/4067
f 3159/3257/4068 3165/3267/4068 3164/3268/4066 3158/3258/4066
f 3160/3260/4069 3166/3269/4069 3165/3267/4068 3159/3257/4068
f 3161/3262/4070 3167/3270/4070 3166/3269/4071 3160/3260/4071
f 3162/3264/4072 3168/3271/4072 3167/3270/4070 3161/3262/4070
f 3163/3254/4073 3169/3266/4073 3168/3271/4072 3162/3264/4072
f 3164/3265/4066 3146/3272/4066 3151/3273/4067 3169/3266/4067
f 3165/3267/4068 3147/3274/4068 3146/3246/4066 3164/3268/4066
f 3166/3269/4069 3148/3275/4069 3147/3274/4068 3165/3267/4068
f 3167/3270/4070 3149/3276/4070 3148/3275/4071 3166/3269/4071
f 3168/3271/4072 3150/3277/4072 3149/3276/4070 3167/3270/4070
f 3169/3266/4073 3151/3273/4073 3150/3277/4072 3168/3271/4072
o Vent_|_left_grille_bar_5
v 0.225064 0.062489 -0.028039
v 0.225064 0.062489 -0.026761
v 0.225064 0.061381 -0.026121
v 0.225064 0.060274 -0.026761
v 0.225064 0.060274 -0.028039
v 0.225064 0.061381 -0.028679
v 0.154476 0.062489 -0.028039
v 0.154476 0.062489 -0.026761
v 0.154476 0.061381 -0.026121
v 0.154476 0.060274 -0.026761
v 0.154476 0.060274 -0.028039
v 0.154476 0.061381 -0.028679
v 0.178900 0.062489 -0.028039
v 0.178900 0.062489 -0.026761
v 0.178900 0.061381 -0.026121
v 0.178900 0.060274 -0.026761
v 0.178900 0.060274 -0.028039
v 0.178900 0.061381 -0.028679
v 0.200639 0.062489 -0.028039
v 0.200639 0.062489 -0.026761
v 0.200639 0.061381 -0.026121
v 0.200639 0.060274 -0.026761
v 0.200639 0.060274 -0.028039
v 0.200639 0.061381 -0.028679
vn 1.0000 -0.0000 -0.0000
vn -1.0000 -0.0000 -0.0000
vn -0.0000 0.5000 -0.8660
vn -0.0000 0.8660 -0.5000
vn -0.0000 -0.0000 -1.0000
vn -0.0000 0.8660 0.5000
vn -0.0000 1.0000 -0.0000
vn -0.0000 0.5000 0.8660
vn -0.0000 -0.8660 0.5000
vn -0.0000 -0.5000 0.8660
vn -0.0000 -1.0000 -0.0000
vn -0.0000 -0.8660 -0.5000
vn -0.0000 -0.5000 -0.8660
vt 1.000000 0.000000
vt 0.600000 0.000000
vt 0.800000 0.000000
vt 0.400000 0.000000
vt 0.000000 0.000000
vt 0.200000 0.000000
vt 0.000000 1.000000
vt 0.333333 1.000000
vt 0.333333 0.833333
vt 0.000000 0.833333
vt 0.000000 0.166667
vt 0.333333 0.166667
vt 0.333333 0.000000
vt 0.000000 0.333333
vt 0.333333 0.333333
vt 0.000000 0.500000
vt 0.333333 0.500000
vt 0.000000 0.666667
vt 0.333333 0.666667
vt 0.666667 1.000000
vt 0.666667 0.833333
vt 0.666667 0.166667
vt 0.666667 0.000000
vt 0.666667 0.333333
vt 0.666667 0.500000
vt 0.666667 0.666667
vt 1.000000 1.000000
vt 1.000000 0.833333
vt 1.000000 0.166667
vt 1.000000 0.333333
vt 1.000000 0.500000
vt 1.000000 0.666667
s 1
usemtl Gold_|_polished_trim
f 3175/3278/4074 3173/3279/4074 3174/3280/4074
f 3175/3278/4074 3172/3281/4074 3173/3279/4074
f 3170/3282/4074 3172/3281/4074 3175/3278/4074
f 3170/3282/4074 3171/3283/4074 3172/3281/4074
f 3178/3281/4075 3180/3280/4075 3179/3279/4075
f 3178/3281/4075 3181/3278/4075 3180/3280/4075
f 3177/3283/4075 3181/3278/4075 3178/3281/4075
f 3177/3283/4075 3176/3282/4075 3181/3278/4075
f 3176/3284/4076 3182/3285/4077 3187/3286/4078 3181/3287/4078
f 3177/3288/4079 3183/3289/4079 3182/3290/4077 3176/3282/4080
f 3178/3291/4081 3184/3292/4081 3183/3289/4079 3177/3288/4079
f 3179/3293/4082 3185/3294/4082 3184/3292/4083 3178/3291/4083
f 3180/3295/4084 3186/3296/4085 3185/3294/4082 3179/3293/4082
f 3181/3287/4078 3187/3286/4078 3186/3296/4085 3180/3295/4086
f 3182/3285/4077 3188/3297/4077 3193/3298/4076 3187/3286/4078
f 3183/3289/4079 3189/3299/4079 3188/3300/4077 3182/3290/4077
f 3184/3292/4081 3190/3301/4081 3189/3299/4079 3183/3289/4079
f 3185/3294/4082 3191/3302/4082 3190/3301/4083 3184/3292/4083
f 3186/3296/4085 3192/3303/4085 3191/3302/4082 3185/3294/4082
f 3187/3286/4078 3193/3298/4086 3192/3303/4085 3186/3296/4085
f 3188/3297/4077 3170/3304/4077 3175/3305/4076 3193/3298/4076
f 3189/3299/4079 3171/3306/4079 3170/3278/4077 3188/3300/4077
f 3190/3301/4081 3172/3307/4081 3171/3306/4079 3189/3299/4079
f 3191/3302/4082 3173/3308/4082 3172/3307/4083 3190/3301/4083
f 3192/3303/4085 3174/3309/4085 3173/3308/4082 3191/3302/4082
f 3193/3298/4086 3175/3305/4086 3174/3309/4085 3192/3303/4085
o Vent_|_left_grille_bar_6
v 0.225064 0.058396 -0.028039
v 0.225064 0.058396 -0.026761
v 0.225064 0.057289 -0.026121
v 0.225064 0.056182 -0.026761
v 0.225064 0.056182 -0.028039
v 0.225064 0.057289 -0.028679
v 0.154476 0.058396 -0.028039
v 0.154476 0.058396 -0.026761
v 0.154476 0.057289 -0.026121
v 0.154476 0.056182 -0.026761
v 0.154476 0.056182 -0.028039
v 0.154476 0.057289 -0.028679
v 0.178900 0.058396 -0.028039
v 0.178900 0.058396 -0.026761
v 0.178900 0.057289 -0.026121
v 0.178900 0.056182 -0.026761
v 0.178900 0.056182 -0.028039
v 0.178900 0.057289 -0.028679
v 0.200639 0.058396 -0.028039
v 0.200639 0.058396 -0.026761
v 0.200639 0.057289 -0.026121
v 0.200639 0.056182 -0.026761
v 0.200639 0.056182 -0.028039
v 0.200639 0.057289 -0.028679
vn 1.0000 -0.0000 -0.0000
vn -1.0000 -0.0000 -0.0000
vn -0.0000 0.5000 -0.8660
vn -0.0000 0.8660 -0.5000
vn -0.0000 -0.0000 -1.0000
vn -0.0000 0.8660 0.5000
vn -0.0000 1.0000 -0.0000
vn -0.0000 0.5000 0.8660
vn -0.0000 -0.8660 0.5000
vn -0.0000 -0.5000 0.8660
vn -0.0000 -1.0000 -0.0000
vn -0.0000 -0.8660 -0.5000
vn -0.0000 -0.5000 -0.8660
vt 1.000000 0.000000
vt 0.600000 0.000000
vt 0.800000 0.000000
vt 0.400000 0.000000
vt 0.000000 0.000000
vt 0.200000 0.000000
vt 0.000000 1.000000
vt 0.333333 1.000000
vt 0.333333 0.833333
vt 0.000000 0.833333
vt 0.000000 0.166667
vt 0.333333 0.166667
vt 0.333333 0.000000
vt 0.000000 0.333333
vt 0.333333 0.333333
vt 0.000000 0.500000
vt 0.333333 0.500000
vt 0.000000 0.666667
vt 0.333333 0.666667
vt 0.666667 1.000000
vt 0.666667 0.833333
vt 0.666667 0.166667
vt 0.666667 0.000000
vt 0.666667 0.333333
vt 0.666667 0.500000
vt 0.666667 0.666667
vt 1.000000 1.000000
vt 1.000000 0.833333
vt 1.000000 0.166667
vt 1.000000 0.333333
vt 1.000000 0.500000
vt 1.000000 0.666667
s 1
usemtl Gold_|_polished_trim
f 3199/3310/4087 3197/3311/4087 3198/3312/4087
f 3199/3310/4087 3196/3313/4087 3197/3311/4087
f 3194/3314/4087 3196/3313/4087 3199/3310/4087
f 3194/3314/4087 3195/3315/4087 3196/3313/4087
f 3202/3313/4088 3204/3312/4088 3203/3311/4088
f 3202/3313/4088 3205/3310/4088 3204/3312/4088
f 3201/3315/4088 3205/3310/4088 3202/3313/4088
f 3201/3315/4088 3200/3314/4088 3205/3310/4088
f 3200/3316/4089 3206/3317/4090 3211/3318/4091 3205/3319/4091
f 3201/3320/4092 3207/3321/4092 3206/3322/4090 3200/3314/4093
f 3202/3323/4094 3208/3324/4094 3207/3321/4092 3201/3320/4092
f 3203/3325/4095 3209/3326/4095 3208/3324/4096 3202/3323/4096
f 3204/3327/4097 3210/3328/4098 3209/3326/4095 3203/3325/4095
f 3205/3319/4091 3211/3318/4091 3210/3328/4098 3204/3327/4099
f 3206/3317/4090 3212/3329/4090 3217/3330/4089 3211/3318/4091
f 3207/3321/4092 3213/3331/4092 3212/3332/4090 3206/3322/4090
f 3208/3324/4094 3214/3333/4094 3213/3331/4092 3207/3321/4092
f 3209/3326/4095 3215/3334/4095 3214/3333/4096 3208/3324/4096
f 3210/3328/4098 3216/3335/4098 3215/3334/4095 3209/3326/4095
f 3211/3318/4091 3217/3330/4099 3216/3335/4098 3210/3328/4098
f 3212/3329/4090 3194/3336/4090 3199/3337/4089 3217/3330/4089
f 3213/3331/4092 3195/3338/4092 3194/3310/4090 3212/3332/4090
f 3214/3333/4094 3196/3339/4094 3195/3338/4092 3213/3331/4092
f 3215/3334/4095 3197/3340/4095 3196/3339/4096 3214/3333/4096
f 3216/3335/4098 3198/3341/4098 3197/3340/4095 3215/3334/4095
f 3217/3330/4099 3199/3337/4099 3198/3341/4098 3216/3335/4098
o Vent_|_left_button
v 0.149576 0.070793 -0.026000
v 0.147325 0.074691 -0.026000
v 0.143427 0.076942 -0.026000
v 0.138926 0.076942 -0.026000
v 0.135028 0.074691 -0.026000
v 0.132777 0.070793 -0.026000
v 0.132777 0.066292 -0.026000
v 0.135028 0.062393 -0.026000
v 0.138926 0.060143 -0.026000
v 0.143427 0.060143 -0.026000
v 0.147325 0.062393 -0.026000
v 0.149576 0.066292 -0.026000
v 0.149576 0.070793 -0.029400
v 0.147325 0.074691 -0.029400
v 0.143427 0.076942 -0.029400
v 0.138926 0.076942 -0.029400
v 0.135028 0.074691 -0.029400
v 0.132777 0.070793 -0.029400
v 0.132777 0.066292 -0.029400
v 0.135028 0.062393 -0.029400
v 0.138926 0.060143 -0.029400
v 0.143427 0.060143 -0.029400
v 0.147325 0.062393 -0.029400
v 0.149576 0.066292 -0.029400
v 0.146216 0.069893 -0.030400
v 0.144866 0.072231 -0.030400
v 0.142527 0.073582 -0.030400
v 0.139826 0.073582 -0.030400
v 0.137487 0.072231 -0.030400
v 0.136137 0.069893 -0.030400
v 0.136137 0.067192 -0.030400
v 0.137487 0.064853 -0.030400
v 0.139826 0.063503 -0.030400
v 0.142527 0.063503 -0.030400
v 0.144866 0.064853 -0.030400
v 0.146216 0.067192 -0.030400
v 0.141176 0.068542 -0.031000
vn 0.9659 0.2588 -0.0000
vn 0.7071 0.7071 -0.0000
vn 0.2588 0.9659 -0.0000
vn -0.2588 0.9659 -0.0000
vn -0.7071 0.7071 -0.0000
vn -0.9659 0.2588 -0.0000
vn -0.9659 -0.2588 -0.0000
vn -0.7071 -0.7071 -0.0000
vn -0.2588 -0.9659 -0.0000
vn 0.2588 -0.9659 -0.0000
vn 0.7071 -0.7071 -0.0000
vn 0.9659 -0.2588 -0.0000
vn 0.2669 0.0715 -0.9611
vn 0.2020 0.0541 -0.9779
vn 0.1479 0.1479 -0.9779
vn 0.1954 0.1954 -0.9611
vn 0.0541 0.2020 -0.9779
vn 0.0715 0.2669 -0.9611
vn -0.0541 0.2020 -0.9779
vn -0.0715 0.2669 -0.9611
vn -0.1479 0.1479 -0.9779
vn -0.1954 0.1954 -0.9611
vn -0.2020 0.0541 -0.9779
vn -0.2669 0.0715 -0.9611
vn -0.2020 -0.0541 -0.9779
vn -0.2669 -0.0715 -0.9611
vn -0.1479 -0.1479 -0.9779
vn -0.1954 -0.1954 -0.9611
vn -0.0541 -0.2020 -0.9779
vn -0.0715 -0.2669 -0.9611
vn 0.0541 -0.2020 -0.9779
vn 0.0715 -0.2669 -0.9611
vn 0.1479 -0.1479 -0.9779
vn 0.1954 -0.1954 -0.9611
vn 0.2020 -0.0541 -0.9779
vn 0.2669 -0.0715 -0.9611
vn -0.0000 -0.0000 -1.0000
vn -0.0000 -0.0000 1.0000
s 1
usemtl Gold_|_polished_trim
f 3218//4100 3230//4100 3231//4101 3219//4101
f 3219//4101 3231//4101 3232//4102 3220//4102
f 3220//4102 3232//4102 3233//4103 3221//4103
f 3221//4103 3233//4103 3234//4104 3222//4104
f 3222//4104 3234//4104 3235//4105 3223//4105
f 3223//4105 3235//4105 3236//4106 3224//4106
f 3224//4106 3236//4106 3237//4107 3225//4107
f 3225//4107 3237//4107 3238//4108 3226//4108
f 3226//4108 3238//4108 3239//4109 3227//4109
f 3227//4109 3239//4109 3240//4110 3228//4110
f 3228//4110 3240//4110 3241//4111 3229//4111
f 3229//4111 3241//4111 3230//4100 3218//4100
f 3230//4112 3242//4113 3243//4114 3231//4115
f 3231//4115 3243//4114 3244//4116 3232//4117
f 3232//4117 3244//4116 3245//4118 3233//4119
f 3233//4119 3245//4118 3246//4120 3234//4121
f 3234//4121 3246//4120 3247//4122 3235//4123
f 3235//4123 3247//4122 3248//4124 3236//4125
f 3236//4125 3248//4124 3249//4126 3237//4127
f 3237//4127 3249//4126 3250//4128 3238//4129
f 3238//4129 3250//4128 3251//4130 3239//4131
f 3239//4131 3251//4130 3252//4132 3240//4133
f 3240//4133 3252//4132 3253//4134 3241//4135
f 3241//4135 3253//4134 3242//4113 3230//4112
f 3242//4113 3254//4136 3243//4114
f 3243//4114 3254//4136 3244//4116
f 3244//4116 3254//4136 3245//4118
f 3245//4118 3254//4136 3246//4120
f 3246//4120 3254//4136 3247//4122
f 3247//4122 3254//4136 3248//4124
f 3248//4124 3254//4136 3249//4126
f 3249//4126 3254//4136 3250//4128
f 3250//4128 3254//4136 3251//4130
f 3251//4130 3254//4136 3252//4132
f 3252//4132 3254//4136 3253//4134
f 3253//4134 3254//4136 3242//4113
f 3218//4137 3219//4137 3220//4137 3221//4137 3222//4137 3223//4137 3224//4137 3225//4137 3226//4137 3227//4137 3228//4137 3229//4137
o Stock_|_left_gold_star
v -0.164706 0.006650 -0.023400
v -0.170032 0.009512 -0.023400
v -0.175550 0.010615 -0.023400
v -0.181144 0.011014 -0.023400
v -0.186701 0.011765 -0.023400
v -0.180882 0.013179 -0.023400
v -0.175020 0.014258 -0.023400
v -0.169244 0.016008 -0.023400
v -0.163683 0.019437 -0.023400
v -0.159410 0.024376 -0.023400
v -0.156759 0.029795 -0.023400
v -0.154756 0.035406 -0.023400
v -0.152430 0.040921 -0.023400
v -0.153907 0.035347 -0.023400
v -0.156029 0.029638 -0.023400
v -0.156863 0.024199 -0.023400
v -0.154476 0.019437 -0.023400
v -0.129003 0.009558 -0.023400
v -0.100290 0.016197 -0.023400
v -0.070281 0.029444 -0.023400
v -0.040921 0.039386 -0.023400
v -0.070442 0.034014 -0.023400
v -0.101060 0.030346 -0.023400
v -0.129485 0.023269 -0.023400
v -0.152430 0.007673 -0.023400
v -0.154915 0.003121 -0.023400
v -0.155491 -0.001772 -0.023400
v -0.155304 -0.006803 -0.023400
v -0.155499 -0.011765 -0.023400
v -0.157345 -0.006998 -0.023400
v -0.158887 -0.002122 -0.023400
v -0.161036 0.002536 -0.023400
v -0.164706 0.006650 -0.026600
v -0.170032 0.009512 -0.026600
v -0.175550 0.010615 -0.026600
v -0.181144 0.011014 -0.026600
v -0.186701 0.011765 -0.026600
v -0.180882 0.013179 -0.026600
v -0.175020 0.014258 -0.026600
v -0.169244 0.016008 -0.026600
v -0.163683 0.019437 -0.026600
v -0.159410 0.024376 -0.026600
v -0.156759 0.029795 -0.026600
v -0.154756 0.035406 -0.026600
v -0.152430 0.040921 -0.026600
v -0.153907 0.035347 -0.026600
v -0.156029 0.029638 -0.026600
v -0.156863 0.024199 -0.026600
v -0.154476 0.019437 -0.026600
v -0.129003 0.009558 -0.026600
v -0.100290 0.016197 -0.026600
v -0.070281 0.029444 -0.026600
v -0.040921 0.039386 -0.026600
v -0.070442 0.034014 -0.026600
v -0.101060 0.030346 -0.026600
v -0.129485 0.023269 -0.026600
v -0.152430 0.007673 -0.026600
v -0.154915 0.003121 -0.026600
v -0.155491 -0.001772 -0.026600
v -0.155304 -0.006803 -0.026600
v -0.155499 -0.011765 -0.026600
v -0.157345 -0.006998 -0.026600
v -0.158887 -0.002122 -0.026600
v -0.161036 0.002536 -0.026600
v -0.164973 0.006311 -0.026424
v -0.165083 0.006171 -0.026000
v -0.165083 0.006171 -0.024000
v -0.164973 0.006311 -0.023576
v -0.170177 0.009109 -0.026424
v -0.170237 0.008942 -0.026000
v -0.170237 0.008942 -0.024000
v -0.170177 0.009109 -0.023576
v -0.175607 0.010194 -0.026424
v -0.175630 0.010019 -0.026000
v -0.175630 0.010019 -0.024000
v -0.175607 0.010194 -0.023576
v -0.181188 0.010592 -0.026424
v -0.181206 0.010417 -0.026000
v -0.181206 0.010417 -0.024000
v -0.181188 0.010592 -0.023576
v -0.188987 0.011646 -0.026424
v -0.189934 0.011596 -0.026000
v -0.189934 0.011596 -0.024000
v -0.188987 0.011646 -0.023576
v -0.180970 0.013594 -0.026424
v -0.181007 0.013766 -0.026000
v -0.181007 0.013766 -0.024000
v -0.180970 0.013594 -0.023576
v -0.175120 0.014671 -0.026424
v -0.175162 0.014842 -0.026000
v -0.175162 0.014842 -0.024000
v -0.175120 0.014671 -0.023576
v -0.169420 0.016398 -0.026424
v -0.169493 0.016560 -0.026000
v -0.169493 0.016560 -0.024000
v -0.169420 0.016398 -0.023576
v -0.163961 0.019764 -0.026424
v -0.164076 0.019900 -0.026000
v -0.164076 0.019900 -0.024000
v -0.163961 0.019764 -0.023576
v -0.159767 0.024612 -0.026424
v -0.159915 0.024709 -0.026000
v -0.159915 0.024709 -0.024000
v -0.159767 0.024612 -0.023576
v -0.157150 0.029960 -0.026424
v -0.157313 0.030028 -0.026000
v -0.157313 0.030028 -0.024000
v -0.157150 0.029960 -0.023576
v -0.155152 0.035560 -0.026424
v -0.155316 0.035623 -0.026000
v -0.155316 0.035623 -0.024000
v -0.155152 0.035560 -0.023576
v -0.150470 0.046657 -0.026424
v -0.149658 0.049033 -0.026000
v -0.149658 0.049033 -0.024000
v -0.150470 0.046657 -0.023576
v -0.153502 0.035218 -0.026424
v -0.153335 0.035165 -0.026000
v -0.153335 0.035165 -0.024000
v -0.153502 0.035218 -0.023576
v -0.155616 0.029531 -0.026424
v -0.155445 0.029486 -0.026000
v -0.155445 0.029486 -0.024000
v -0.155616 0.029531 -0.023576
v -0.156423 0.024269 -0.026424
v -0.156240 0.024297 -0.026000
v -0.156240 0.024297 -0.024000
v -0.156423 0.024269 -0.023576
v -0.154170 0.019774 -0.026424
v -0.154043 0.019913 -0.026000
v -0.154043 0.019913 -0.024000
v -0.154170 0.019774 -0.023576
v -0.128971 0.010001 -0.026424
v -0.128958 0.010184 -0.026000
v -0.128958 0.010184 -0.024000
v -0.128971 0.010001 -0.023576
v -0.100425 0.016602 -0.026424
v -0.100480 0.016769 -0.026000
v -0.100480 0.016769 -0.024000
v -0.100425 0.016602 -0.023576
v -0.070435 0.029839 -0.026424
v -0.070499 0.030003 -0.026000
v -0.070499 0.030003 -0.024000
v -0.070435 0.029839 -0.023576
v -0.046533 0.037934 -0.026424
v -0.048857 0.037332 -0.026000
v -0.048857 0.037332 -0.024000
v -0.046533 0.037934 -0.023576
v -0.070379 0.033594 -0.026424
v -0.070353 0.033420 -0.026000
v -0.070353 0.033420 -0.024000
v -0.070379 0.033594 -0.023576
v -0.100983 0.029928 -0.026424
v -0.100951 0.029754 -0.026000
v -0.100951 0.029754 -0.024000
v -0.100983 0.029928 -0.023576
v -0.129309 0.022876 -0.026424
v -0.129236 0.022713 -0.026000
v -0.129236 0.022713 -0.024000
v -0.129309 0.022876 -0.023576
v -0.152106 0.007379 -0.026424
v -0.151973 0.007258 -0.026000
v -0.151973 0.007258 -0.024000
v -0.152106 0.007379 -0.023576
v -0.154503 0.002990 -0.026424
v -0.154333 0.002935 -0.026000
v -0.154333 0.002935 -0.024000
v -0.154503 0.002990 -0.023576
v -0.155066 -0.001789 -0.026424
v -0.154890 -0.001797 -0.026000
v -0.154890 -0.001797 -0.024000
v -0.155066 -0.001789 -0.023576
v -0.154880 -0.006803 -0.026424
v -0.154704 -0.006803 -0.026000
v -0.154704 -0.006803 -0.024000
v -0.154880 -0.006803 -0.023576
v -0.155155 -0.013827 -0.026424
v -0.155013 -0.014681 -0.026000
v -0.155013 -0.014681 -0.024000
v -0.155155 -0.013827 -0.023576
v -0.157745 -0.007139 -0.026424
v -0.157911 -0.007197 -0.026000
v -0.157911 -0.007197 -0.024000
v -0.157745 -0.007139 -0.023576
v -0.159283 -0.002276 -0.026424
v -0.159447 -0.002339 -0.026000
v -0.159447 -0.002339 -0.024000
v -0.159283 -0.002276 -0.023576
v -0.161395 0.002300 -0.026424
v -0.161544 0.002203 -0.026000
v -0.161544 0.002203 -0.024000
v -0.161395 0.002300 -0.023576
vn -0.1849 0.0719 0.9801
vn 0.1912 -0.0607 0.9797
vn 0.0092 0.0268 0.9996
vn -0.0000 -0.0000 -1.0000
vn -0.1733 0.0731 0.9821
vn 0.1762 -0.0457 0.9833
vn -0.1487 0.0983 0.9840
vn 0.1492 0.0235 0.9885
vn -0.1134 0.1332 0.9846
vn 0.0951 0.1045 0.9900
vn -0.0732 0.1625 0.9840
vn 0.0225 0.3153 0.9487
vn -0.0444 0.1828 0.9821
vn -0.0414 0.1940 0.9801
vn -0.0715 -0.0037 0.9974
vn -0.0204 -0.1977 0.9800
vn -0.0250 -0.1855 0.9823
vn -0.0594 -0.1652 0.9845
vn 0.1110 -0.1007 0.9887
vn -0.1063 -0.1348 0.9852
vn 0.1612 -0.0514 0.9856
vn -0.1468 -0.0963 0.9845
vn 0.1852 -0.0074 0.9827
vn -0.1746 -0.0676 0.9823
vn 0.1995 -0.0002 0.9799
vn -0.1875 -0.0659 0.9800
vn 0.0128 -0.0768 0.9970
vn -0.1849 0.0719 -0.9801
vn 0.0091 0.0268 -0.9996
vn 0.1912 -0.0607 -0.9797
vn -0.0000 -0.0000 1.0000
vn -0.1733 0.0731 -0.9821
vn 0.1762 -0.0457 -0.9833
vn -0.1487 0.0983 -0.9840
vn 0.1492 0.0235 -0.9885
vn -0.1134 0.1332 -0.9846
vn 0.0951 0.1045 -0.9900
vn -0.0732 0.1625 -0.9840
vn 0.0225 0.3153 -0.9487
vn -0.0444 0.1828 -0.9821
vn -0.0414 0.1940 -0.9801
vn -0.0715 -0.0037 -0.9974
vn -0.0204 -0.1977 -0.9800
vn -0.0250 -0.1855 -0.9823
vn -0.0594 -0.1652 -0.9845
vn 0.1110 -0.1007 -0.9887
vn -0.1063 -0.1348 -0.9852
vn 0.1612 -0.0514 -0.9856
vn -0.1468 -0.0963 -0.9845
vn 0.1852 -0.0074 -0.9827
vn -0.1746 -0.0676 -0.9823
vn 0.1995 -0.0002 -0.9799
vn -0.1875 -0.0659 -0.9800
vn 0.0128 -0.0768 -0.9970
vn -0.2339 -0.2966 -0.9259
vn -0.1283 -0.3567 -0.9254
vn -0.6065 -0.7690 -0.2021
vn -0.3315 -0.9219 -0.2007
vn -0.3121 -0.8680 -0.3863
vn -0.5708 -0.7238 -0.3877
vn -0.6065 -0.7690 0.2021
vn -0.3315 -0.9219 0.2007
vn -0.5708 -0.7238 0.3877
vn -0.3121 -0.8680 0.3863
vn -0.1283 -0.3567 0.9254
vn -0.2339 -0.2966 0.9259
vn -0.0511 -0.3786 -0.9241
vn -0.1312 -0.9716 -0.1970
vn -0.1236 -0.9153 -0.3833
vn -0.1312 -0.9716 0.1970
vn -0.1236 -0.9153 0.3833
vn -0.0511 -0.3786 0.9241
vn -0.0392 -0.3805 -0.9239
vn -0.1006 -0.9757 -0.1944
vn -0.0947 -0.9189 -0.3828
vn -0.1006 -0.9757 0.1944
vn -0.0947 -0.9189 0.3828
vn -0.0392 -0.3805 0.9239
vn -0.0512 -0.3792 -0.9239
vn -0.1334 -0.9872 -0.0875
vn -0.1237 -0.9156 -0.3827
vn -0.1334 -0.9872 0.0875
vn -0.1237 -0.9156 0.3827
vn -0.0512 -0.3792 0.9239
vn -0.0904 0.3718 -0.9239
vn -0.0798 0.3741 -0.9239
vn -0.2353 0.9680 -0.0875
vn -0.2047 0.9593 -0.1945
vn -0.1928 0.9035 -0.3828
vn -0.2182 0.8977 -0.3827
vn -0.2353 0.9680 0.0875
vn -0.2047 0.9593 0.1945
vn -0.2182 0.8977 0.3827
vn -0.1928 0.9035 0.3828
vn -0.0798 0.3741 0.9239
vn -0.0904 0.3719 0.9239
vn -0.0901 0.3714 -0.9241
vn -0.2313 0.9528 -0.1967
vn -0.2179 0.8976 -0.3832
vn -0.2313 0.9528 0.1967
vn -0.2179 0.8976 0.3832
vn -0.0901 0.3714 0.9241
vn -0.1561 0.3464 -0.9250
vn -0.4026 0.8933 -0.1997
vn -0.3791 0.8413 -0.3854
vn -0.4026 0.8933 0.1997
vn -0.3791 0.8413 0.3854
vn -0.1561 0.3464 0.9250
vn -0.2455 0.2886 -0.9254
vn -0.6348 0.7461 -0.2009
vn -0.5977 0.7024 -0.3865
vn -0.6348 0.7461 0.2009
vn -0.5977 0.7024 0.3865
vn -0.2455 0.2886 0.9254
vn -0.3170 0.2095 -0.9250
vn -0.8174 0.5404 -0.1997
vn -0.7697 0.5089 -0.3854
vn -0.8174 0.5404 0.1997
vn -0.7697 0.5089 0.3854
vn -0.3170 0.2095 0.9250
vn -0.3522 0.1484 -0.9241
vn -0.9035 0.3808 -0.1967
vn -0.8511 0.3587 -0.3832
vn -0.9035 0.3808 0.1967
vn -0.8511 0.3587 0.3832
vn -0.3522 0.1484 0.9241
vn -0.3565 0.1387 -0.9239
vn -0.9142 0.3556 -0.1945
vn -0.8610 0.3349 -0.3828
vn -0.9142 0.3556 0.1945
vn -0.8610 0.3349 0.3828
vn -0.3565 0.1387 0.9239
vn -0.3526 0.1488 -0.9239
vn -0.9206 0.3884 -0.0399
vn -0.8512 0.3591 -0.3827
vn -0.9206 0.3884 0.0399
vn -0.8512 0.3591 0.3827
vn -0.3526 0.1488 0.9239
vn 0.3699 -0.0981 -0.9239
vn 0.3644 -0.1157 -0.9240
vn 0.9658 -0.2560 -0.0399
vn 0.9350 -0.2969 -0.1942
vn 0.8804 -0.2796 -0.3831
vn 0.8930 -0.2367 -0.3827
vn 0.9658 -0.2560 0.0399
vn 0.9350 -0.2969 0.1941
vn 0.8930 -0.2367 0.3827
vn 0.8804 -0.2796 0.3831
vn 0.3644 -0.1157 0.9240
vn 0.3699 -0.0981 0.9239
vn 0.3688 -0.0957 -0.9246
vn 0.9487 -0.2462 -0.1985
vn 0.8936 -0.2319 -0.3844
vn 0.9487 -0.2462 0.1985
vn 0.8936 -0.2319 0.3844
vn 0.3688 -0.0957 0.9246
vn 0.3626 0.0571 -0.9302
vn 0.9654 0.1521 -0.2119
vn 0.9059 0.1427 -0.3987
vn 0.9654 0.1521 0.2119
vn 0.9059 0.1427 0.3987
vn 0.3626 0.0571 0.9302
vn 0.2426 0.2667 -0.9328
vn 0.8752 0.4387 -0.2038
vn 0.8259 0.4140 -0.3827
vn 0.8752 0.4387 0.2038
vn 0.8259 0.4140 0.3827
vn 0.2426 0.2667 0.9328
vn 0.0263 0.3672 -0.9298
vn 0.3540 0.9128 -0.2038
vn 0.0697 0.9750 -0.2111
vn 0.0654 0.9152 -0.3977
vn 0.3341 0.8614 -0.3827
vn 0.3540 0.9128 0.2038
vn 0.0697 0.9750 0.2111
vn 0.3341 0.8614 0.3827
vn 0.0654 0.9152 0.3977
vn 0.0262 0.3672 0.9298
vn -0.1205 0.3617 -0.9245
vn -0.3097 0.9300 -0.1982
vn -0.2917 0.8760 -0.3841
vn -0.3097 0.9300 0.1982
vn -0.2917 0.8760 0.3841
vn -0.1205 0.3617 0.9245
vn -0.1387 0.3563 -0.9240
vn -0.3557 0.9142 -0.1942
vn -0.3350 0.8609 -0.3830
vn -0.3557 0.9142 0.1942
vn -0.3350 0.8609 0.3830
vn -0.1387 0.3563 0.9240
vn -0.1227 0.3625 -0.9239
vn -0.3102 0.9161 -0.2542
vn -0.2963 0.8751 -0.3827
vn -0.3102 0.9161 0.2542
vn -0.2963 0.8751 0.3827
vn -0.1227 0.3625 0.9239
vn 0.0685 -0.3765 -0.9239
vn 0.0570 -0.3783 -0.9239
vn 0.1732 -0.9515 -0.2542
vn 0.1462 -0.9700 -0.1945
vn 0.1377 -0.9135 -0.3828
vn 0.1654 -0.9090 -0.3827
vn 0.1732 -0.9515 0.2542
vn 0.1462 -0.9700 0.1945
vn 0.1654 -0.9090 0.3827
vn 0.1377 -0.9135 0.3828
vn 0.0685 -0.3765 0.9239
vn 0.0570 -0.3783 0.9239
vn 0.0690 -0.3758 -0.9241
vn 0.1771 -0.9643 -0.1969
vn 0.1668 -0.9084 -0.3833
vn 0.1771 -0.9643 0.1969
vn 0.1668 -0.9084 0.3833
vn 0.0690 -0.3758 0.9241
vn 0.1541 -0.3447 -0.9260
vn 0.3998 -0.8940 -0.2022
vn 0.3763 -0.8414 -0.3878
vn 0.3998 -0.8940 0.2022
vn 0.3763 -0.8414 0.3878
vn 0.1541 -0.3447 0.9260
vn 0.2766 -0.2510 -0.9276
vn 0.7247 -0.6575 -0.2062
vn 0.6813 -0.6181 -0.3920
vn 0.7247 -0.6575 0.2062
vn 0.6813 -0.6181 0.3920
vn 0.2766 -0.2510 0.9276
vn 0.3589 -0.1144 -0.9263
vn 0.9329 -0.2973 -0.2031
vn 0.8778 -0.2798 -0.3887
vn 0.9329 -0.2973 0.2031
vn 0.8778 -0.2798 0.3887
vn 0.3589 -0.1144 0.9263
vn 0.3814 -0.0153 -0.9243
vn 0.9795 -0.0392 -0.1975
vn 0.9227 -0.0369 -0.3837
vn 0.9795 -0.0392 0.1975
vn 0.9227 -0.0369 0.3837
vn 0.3814 -0.0153 0.9243
vn 0.3824 -0.0004 -0.9240
vn 0.9809 -0.0010 -0.1943
vn 0.9238 -0.0009 -0.3829
vn 0.9809 -0.0010 0.1943
vn 0.9238 -0.0009 0.3829
vn 0.3824 -0.0004 0.9240
vn 0.3824 -0.0150 -0.9239
vn 0.9949 -0.0390 -0.0932
vn 0.9232 -0.0362 -0.3827
vn 0.9949 -0.0390 0.0932
vn 0.9232 -0.0362 0.3827
vn 0.3824 -0.0150 0.9239
vn -0.3569 -0.1382 -0.9239
vn -0.3609 -0.1268 -0.9239
vn -0.9285 -0.3595 -0.0932
vn -0.9254 -0.3252 -0.1945
vn -0.8716 -0.3062 -0.3829
vn -0.8615 -0.3336 -0.3827
vn -0.9285 -0.3595 0.0932
vn -0.9255 -0.3252 0.1944
vn -0.8615 -0.3336 0.3827
vn -0.8716 -0.3062 0.3829
vn -0.3609 -0.1268 0.9239
vn -0.3569 -0.1382 0.9239
vn -0.3563 -0.1379 -0.9241
vn -0.9143 -0.3539 -0.1970
vn -0.8613 -0.3334 -0.3833
vn -0.9143 -0.3539 0.1970
vn -0.8613 -0.3334 0.3833
vn -0.3563 -0.1379 0.9241
vn -0.3170 -0.2079 -0.9254
vn -0.8192 -0.5372 -0.2007
vn -0.7714 -0.5058 -0.3863
vn -0.8192 -0.5372 0.2007
vn -0.7714 -0.5058 0.3863
vn -0.3170 -0.2079 0.9254
vt 0.354839 0.000000
vt 0.419355 0.000000
vt 0.387097 0.000000
vt 0.677419 0.000000
vt 0.645161 0.000000
vt 0.612903 0.000000
vt 0.322581 0.000000
vt 0.451613 0.000000
vt 0.709677 0.000000
vt 0.741935 0.000000
vt 0.290323 0.000000
vt 0.483871 0.000000
vt 0.580645 0.000000
vt 0.258065 0.000000
vt 0.516129 0.000000
vt 0.774194 0.000000
vt 0.225806 0.000000
vt 0.548387 0.000000
vt 0.193548 0.000000
vt 0.161290 0.000000
vt 0.129032 0.000000
vt 0.096774 0.000000
vt 0.064516 0.000000
vt 0.032258 0.000000
vt 0.000000 0.000000
vt 0.806452 0.000000
vt 1.000000 0.000000
vt 0.838710 0.000000
vt 0.967742 0.000000
vt 0.870968 0.000000
vt 0.935484 0.000000
vt 0.903226 0.000000
vt 0.000000 0.200000
vt 0.031250 0.200000
vt 0.031250 0.000000
vt 0.000000 0.400000
vt 0.031250 0.400000
vt 0.000000 0.600000
vt 0.031250 0.600000
vt 0.000000 0.800000
vt 0.031250 0.800000
vt 0.000000 1.000000
vt 0.031250 1.000000
vt 0.062500 0.200000
vt 0.062500 0.000000
vt 0.062500 0.400000
vt 0.062500 0.600000
vt 0.062500 0.800000
vt 0.062500 1.000000
vt 0.093750 0.200000
vt 0.093750 0.000000
vt 0.093750 0.400000
vt 0.093750 0.600000
vt 0.093750 0.800000
vt 0.093750 1.000000
vt 0.125000 0.200000
vt 0.125000 0.000000
vt 0.125000 0.400000
vt 0.125000 0.600000
vt 0.125000 0.800000
vt 0.125000 1.000000
vt 0.156250 0.200000
vt 0.156250 0.000000
vt 0.156250 0.400000
vt 0.156250 0.600000
vt 0.156250 0.800000
vt 0.156250 1.000000
vt 0.187500 0.200000
vt 0.187500 0.000000
vt 0.187500 0.400000
vt 0.187500 0.600000
vt 0.187500 0.800000
vt 0.187500 1.000000
vt 0.218750 0.200000
vt 0.218750 0.000000
vt 0.218750 0.400000
vt 0.218750 0.600000
vt 0.218750 0.800000
vt 0.218750 1.000000
vt 0.250000 0.200000
vt 0.250000 0.000000
vt 0.250000 0.400000
vt 0.250000 0.600000
vt 0.250000 0.800000
vt 0.250000 1.000000
vt 0.281250 0.200000
vt 0.281250 0.000000
vt 0.281250 0.400000
vt 0.281250 0.600000
vt 0.281250 0.800000
vt 0.281250 1.000000
vt 0.312500 0.200000
vt 0.312500 0.000000
vt 0.312500 0.400000
vt 0.312500 0.600000
vt 0.312500 0.800000
vt 0.312500 1.000000
vt 0.343750 0.200000
vt 0.343750 0.000000
vt 0.343750 0.400000
vt 0.343750 0.600000
vt 0.343750 0.800000
vt 0.343750 1.000000
vt 0.375000 0.200000
vt 0.375000 0.000000
vt 0.375000 0.400000
vt 0.375000 0.600000
vt 0.375000 0.800000
vt 0.375000 1.000000
vt 0.406250 0.200000
vt 0.406250 0.000000
vt 0.406250 0.400000
vt 0.406250 0.600000
vt 0.406250 0.800000
vt 0.406250 1.000000
vt 0.437500 0.200000
vt 0.437500 0.000000
vt 0.437500 0.400000
vt 0.437500 0.600000
vt 0.437500 0.800000
vt 0.437500 1.000000
vt 0.468750 0.200000
vt 0.468750 0.000000
vt 0.468750 0.400000
vt 0.468750 0.600000
vt 0.468750 0.800000
vt 0.468750 1.000000
vt 0.500000 0.200000
vt 0.500000 0.000000
vt 0.500000 0.400000
vt 0.500000 0.600000
vt 0.500000 0.800000
vt 0.500000 1.000000
vt 0.531250 0.200000
vt 0.531250 0.000000
vt 0.531250 0.400000
vt 0.531250 0.600000
vt 0.531250 0.800000
vt 0.531250 1.000000
vt 0.562500 0.200000
vt 0.562500 0.000000
vt 0.562500 0.400000
vt 0.562500 0.600000
vt 0.562500 0.800000
vt 0.562500 1.000000
vt 0.593750 0.200000
vt 0.593750 0.000000
vt 0.593750 0.400000
vt 0.593750 0.600000
vt 0.593750 0.800000
vt 0.593750 1.000000
vt 0.625000 0.200000
vt 0.625000 0.000000
vt 0.625000 0.400000
vt 0.625000 0.600000
vt 0.625000 0.800000
vt 0.625000 1.000000
vt 0.656250 0.200000
vt 0.656250 0.000000
vt 0.656250 0.400000
vt 0.656250 0.600000
vt 0.656250 0.800000
vt 0.656250 1.000000
vt 0.687500 0.200000
vt 0.687500 0.000000
vt 0.687500 0.400000
vt 0.687500 0.600000
vt 0.687500 0.800000
vt 0.687500 1.000000
vt 0.718750 0.200000
vt 0.718750 0.000000
vt 0.718750 0.400000
vt 0.718750 0.600000
vt 0.718750 0.800000
vt 0.718750 1.000000
vt 0.750000 0.200000
vt 0.750000 0.000000
vt 0.750000 0.400000
vt 0.750000 0.600000
vt 0.750000 0.800000
vt 0.750000 1.000000
vt 0.781250 0.200000
vt 0.781250 0.000000
vt 0.781250 0.400000
vt 0.781250 0.600000
vt 0.781250 0.800000
vt 0.781250 1.000000
vt 0.812500 0.200000
vt 0.812500 0.000000
vt 0.812500 0.400000
vt 0.812500 0.600000
vt 0.812500 0.800000
vt 0.812500 1.000000
vt 0.843750 0.200000
vt 0.843750 0.000000
vt 0.843750 0.400000
vt 0.843750 0.600000
vt 0.843750 0.800000
vt 0.843750 1.000000
vt 0.875000 0.200000
vt 0.875000 0.000000
vt 0.875000 0.400000
vt 0.875000 0.600000
vt 0.875000 0.800000
vt 0.875000 1.000000
vt 0.906250 0.200000
vt 0.906250 0.000000
vt 0.906250 0.400000
vt 0.906250 0.600000
vt 0.906250 0.800000
vt 0.906250 1.000000
vt 0.937500 0.200000
vt 0.937500 0.000000
vt 0.937500 0.400000
vt 0.937500 0.600000
vt 0.937500 0.800000
vt 0.937500 1.000000
vt 0.968750 0.200000
vt 0.968750 0.000000
vt 0.968750 0.400000
vt 0.968750 0.600000
vt 0.968750 0.800000
vt 0.968750 1.000000
vt 1.000000 0.200000
vt 1.000000 0.400000
vt 1.000000 0.600000
vt 1.000000 0.800000
vt 1.000000 1.000000
s 1
usemtl Gold_|_polished_trim
f 3266/3342/4138 3268/3343/4139 3267/3344/4140
f 3276/3345/4141 3275/3346/4141 3274/3347/4141
f 3265/3348/4142 3268/3343/4139 3266/3342/4138
f 3265/3348/4142 3269/3349/4143 3268/3343/4139
f 3277/3350/4141 3276/3345/4141 3274/3347/4141
f 3278/3351/4141 3277/3350/4141 3274/3347/4141
f 3264/3352/4144 3269/3349/4143 3265/3348/4142
f 3264/3352/4144 3270/3353/4145 3269/3349/4143
f 3278/3351/4141 3274/3347/4141 3273/3354/4141
f 3263/3355/4146 3270/3353/4145 3264/3352/4144
f 3263/3355/4146 3271/3356/4147 3270/3353/4145
f 3279/3357/4141 3278/3351/4141 3273/3354/4141
f 3262/3358/4148 3271/3356/4147 3263/3355/4146
f 3262/3358/4148 3272/3359/4149 3271/3356/4147
f 3279/3357/4141 3273/3354/4141 3272/3359/4141
f 3261/3360/4150 3272/3359/4149 3262/3358/4148
f 3260/3361/4151 3272/3359/4149 3261/3360/4150
f 3259/3362/4152 3272/3359/4149 3260/3361/4151
f 3258/3363/4153 3272/3359/4149 3259/3362/4152
f 3257/3364/4154 3272/3359/4149 3258/3363/4153
f 3256/3365/4155 3272/3359/4149 3257/3364/4154
f 3256/3365/4155 3279/3357/4156 3272/3359/4149
f 3255/3366/4157 3279/3357/4156 3256/3365/4155
f 3255/3366/4157 3280/3367/4158 3279/3357/4156
f 3286/3368/4159 3280/3367/4158 3255/3366/4157
f 3286/3368/4159 3281/3369/4160 3280/3367/4158
f 3285/3370/4161 3281/3369/4160 3286/3368/4159
f 3285/3370/4161 3282/3371/4162 3281/3369/4160
f 3284/3372/4163 3282/3371/4162 3285/3370/4161
f 3284/3372/4163 3283/3373/4164 3282/3371/4162
f 3298/3342/4165 3299/3344/4166 3300/3343/4167
f 3308/3345/4168 3306/3347/4168 3307/3346/4168
f 3297/3348/4169 3298/3342/4165 3300/3343/4167
f 3297/3348/4169 3300/3343/4167 3301/3349/4170
f 3309/3350/4168 3306/3347/4168 3308/3345/4168
f 3310/3351/4168 3306/3347/4168 3309/3350/4168
f 3296/3352/4171 3297/3348/4169 3301/3349/4170
f 3296/3352/4171 3301/3349/4170 3302/3353/4172
f 3310/3351/4168 3305/3354/4168 3306/3347/4168
f 3295/3355/4173 3296/3352/4171 3302/3353/4172
f 3295/3355/4173 3302/3353/4172 3303/3356/4174
f 3311/3357/4168 3305/3354/4168 3310/3351/4168
f 3294/3358/4175 3295/3355/4173 3303/3356/4174
f 3294/3358/4175 3303/3356/4174 3304/3359/4176
f 3311/3357/4168 3304/3359/4168 3305/3354/4168
f 3293/3360/4177 3294/3358/4175 3304/3359/4176
f 3292/3361/4178 3293/3360/4177 3304/3359/4176
f 3291/3362/4179 3292/3361/4178 3304/3359/4176
f 3290/3363/4180 3291/3362/4179 3304/3359/4176
f 3289/3364/4181 3290/3363/4180 3304/3359/4176
f 3288/3365/4182 3289/3364/4181 3304/3359/4176
f 3288/3365/4182 3304/3359/4176 3311/3357/4183
f 3287/3366/4184 3288/3365/4182 3311/3357/4183
f 3287/3366/4184 3311/3357/4183 3312/3367/4185
f 3318/3368/4186 3287/3366/4184 3312/3367/4185
f 3318/3368/4186 3312/3367/4185 3313/3369/4187
f 3317/3370/4188 3318/3368/4186 3313/3369/4187
f 3317/3370/4188 3313/3369/4187 3314/3371/4189
f 3316/3372/4190 3317/3370/4188 3314/3371/4189
f 3316/3372/4190 3314/3371/4189 3315/3373/4191
f 3319/3374/4192 3323/3375/4193 3288/3376/4182 3287/3366/4184
f 3320/3377/4194 3324/3378/4195 3323/3375/4196 3319/3374/4197
f 3321/3379/4198 3325/3380/4199 3324/3378/4195 3320/3377/4194
f 3322/3381/4200 3326/3382/4201 3325/3380/4199 3321/3379/4198
f 3255/3383/4157 3256/3384/4155 3326/3382/4202 3322/3381/4203
f 3323/3375/4193 3327/3385/4204 3289/3386/4181 3288/3376/4182
f 3324/3378/4195 3328/3387/4205 3327/3385/4206 3323/3375/4196
f 3325/3380/4199 3329/3388/4207 3328/3387/4205 3324/3378/4195
f 3326/3382/4201 3330/3389/4208 3329/3388/4207 3325/3380/4199
f 3256/3384/4155 3257/3390/4154 3330/3389/4209 3326/3382/4202
f 3327/3385/4204 3331/3391/4210 3290/3392/4180 3289/3386/4181
f 3328/3387/4205 3332/3393/4211 3331/3391/4212 3327/3385/4206
f 3329/3388/4207 3333/3394/4213 3332/3393/4211 3328/3387/4205
f 3330/3389/4208 3334/3395/4214 3333/3394/4213 3329/3388/4207
f 3257/3390/4154 3258/3396/4153 3334/3395/4215 3330/3389/4209
f 3331/3391/4210 3335/3397/4216 3291/3398/4179 3290/3392/4180
f 3332/3393/4211 3336/3399/4217 3335/3397/4218 3331/3391/4212
f 3333/3394/4213 3337/3400/4219 3336/3399/4217 3332/3393/4211
f 3334/3395/4214 3338/3401/4220 3337/3400/4219 3333/3394/4213
f 3258/3396/4153 3259/3402/4152 3338/3401/4221 3334/3395/4215
f 3335/3397/4222 3339/3403/4223 3292/3404/4178 3291/3398/4179
f 3336/3399/4224 3340/3405/4225 3339/3403/4226 3335/3397/4227
f 3337/3400/4228 3341/3406/4229 3340/3405/4225 3336/3399/4224
f 3338/3401/4230 3342/3407/4231 3341/3406/4229 3337/3400/4228
f 3259/3402/4152 3260/3408/4151 3342/3407/4232 3338/3401/4233
f 3339/3403/4223 3343/3409/4234 3293/3410/4177 3292/3404/4178
f 3340/3405/4225 3344/3411/4235 3343/3409/4236 3339/3403/4226
f 3341/3406/4229 3345/3412/4237 3344/3411/4235 3340/3405/4225
f 3342/3407/4231 3346/3413/4238 3345/3412/4237 3341/3406/4229
f 3260/3408/4151 3261/3414/4150 3346/3413/4239 3342/3407/4232
f 3343/3409/4234 3347/3415/4240 3294/3416/4175 3293/3410/4177
f 3344/3411/4235 3348/3417/4241 3347/3415/4242 3343/3409/4236
f 3345/3412/4237 3349/3418/4243 3348/3417/4241 3344/3411/4235
f 3346/3413/4238 3350/3419/4244 3349/3418/4243 3345/3412/4237
f 3261/3414/4150 3262/3420/4148 3350/3419/4245 3346/3413/4239
f 3347/3415/4240 3351/3421/4246 3295/3422/4173 3294/3416/4175
f 3348/3417/4241 3352/3423/4247 3351/3421/4248 3347/3415/4242
f 3349/3418/4243 3353/3424/4249 3352/3423/4247 3348/3417/4241
f 3350/3419/4244 3354/3425/4250 3353/3424/4249 3349/3418/4243
f 3262/3420/4148 3263/3426/4146 3354/3425/4251 3350/3419/4245
f 3351/3421/4246 3355/3427/4252 3296/3428/4171 3295/3422/4173
f 3352/3423/4247 3356/3429/4253 3355/3427/4254 3351/3421/4248
f 3353/3424/4249 3357/3430/4255 3356/3429/4253 3352/3423/4247
f 3354/3425/4250 3358/3431/4256 3357/3430/4255 3353/3424/4249
f 3263/3426/4146 3264/3432/4144 3358/3431/4257 3354/3425/4251
f 3355/3427/4252 3359/3433/4258 3297/3434/4169 3296/3428/4171
f 3356/3429/4253 3360/3435/4259 3359/3433/4260 3355/3427/4254
f 3357/3430/4255 3361/3436/4261 3360/3435/4259 3356/3429/4253
f 3358/3431/4256 3362/3437/4262 3361/3436/4261 3357/3430/4255
f 3264/3432/4144 3265/3438/4142 3362/3437/4263 3358/3431/4257
f 3359/3433/4258 3363/3439/4264 3298/3440/4165 3297/3434/4169
f 3360/3435/4259 3364/3441/4265 3363/3439/4266 3359/3433/4260
f 3361/3436/4261 3365/3442/4267 3364/3441/4265 3360/3435/4259
f 3362/3437/4262 3366/3443/4268 3365/3442/4267 3361/3436/4261
f 3265/3438/4142 3266/3444/4138 3366/3443/4269 3362/3437/4263
f 3363/3439/4264 3367/3445/4270 3299/3446/4166 3298/3440/4165
f 3364/3441/4265 3368/3447/4271 3367/3445/4272 3363/3439/4266
f 3365/3442/4267 3369/3448/4273 3368/3447/4271 3364/3441/4265
f 3366/3443/4268 3370/3449/4274 3369/3448/4273 3365/3442/4267
f 3266/3444/4138 3267/3450/4140 3370/3449/4275 3366/3443/4269
f 3367/3445/4276 3371/3451/4277 3300/3452/4167 3299/3446/4166
f 3368/3447/4278 3372/3453/4279 3371/3451/4280 3367/3445/4281
f 3369/3448/4282 3373/3454/4283 3372/3453/4279 3368/3447/4278
f 3370/3449/4284 3374/3455/4285 3373/3454/4283 3369/3448/4282
f 3267/3450/4140 3268/3456/4139 3374/3455/4286 3370/3449/4287
f 3371/3451/4277 3375/3457/4288 3301/3458/4170 3300/3452/4167
f 3372/3453/4279 3376/3459/4289 3375/3457/4290 3371/3451/4280
f 3373/3454/4283 3377/3460/4291 3376/3459/4289 3372/3453/4279
f 3374/3455/4285 3378/3461/4292 3377/3460/4291 3373/3454/4283
f 3268/3456/4139 3269/3462/4143 3378/3461/4293 3374/3455/4286
f 3375/3457/4288 3379/3463/4294 3302/3464/4172 3301/3458/4170
f 3376/3459/4289 3380/3465/4295 3379/3463/4296 3375/3457/4290
f 3377/3460/4291 3381/3466/4297 3380/3465/4295 3376/3459/4289
f 3378/3461/4292 3382/3467/4298 3381/3466/4297 3377/3460/4291
f 3269/3462/4143 3270/3468/4145 3382/3467/4299 3378/3461/4293
f 3379/3463/4294 3383/3469/4300 3303/3470/4174 3302/3464/4172
f 3380/3465/4295 3384/3471/4301 3383/3469/4302 3379/3463/4296
f 3381/3466/4297 3385/3472/4303 3384/3471/4301 3380/3465/4295
f 3382/3467/4298 3386/3473/4304 3385/3472/4303 3381/3466/4297
f 3270/3468/4145 3271/3474/4147 3386/3473/4305 3382/3467/4299
f 3383/3469/4300 3387/3475/4306 3304/3476/4176 3303/3470/4174
f 3384/3471/4307 3388/3477/4308 3387/3475/4309 3383/3469/4310
f 3385/3472/4311 3389/3478/4312 3388/3477/4308 3384/3471/4307
f 3386/3473/4313 3390/3479/4314 3389/3478/4312 3385/3472/4311
f 3271/3474/4147 3272/3480/4149 3390/3479/4315 3386/3473/4305
f 3387/3475/4306 3391/3481/4316 3305/3482/4316 3304/3476/4176
f 3388/3477/4308 3392/3483/4317 3391/3481/4318 3387/3475/4309
f 3389/3478/4312 3393/3484/4319 3392/3483/4317 3388/3477/4308
f 3390/3479/4314 3394/3485/4320 3393/3484/4319 3389/3478/4312
f 3272/3480/4149 3273/3486/4321 3394/3485/4321 3390/3479/4315
f 3391/3481/4316 3395/3487/4322 3306/3488/4322 3305/3482/4316
f 3392/3483/4317 3396/3489/4323 3395/3487/4324 3391/3481/4318
f 3393/3484/4319 3397/3490/4325 3396/3489/4323 3392/3483/4317
f 3394/3485/4320 3398/3491/4326 3397/3490/4325 3393/3484/4319
f 3273/3486/4321 3274/3492/4327 3398/3491/4327 3394/3485/4321
f 3395/3487/4322 3399/3493/4328 3307/3494/4328 3306/3488/4322
f 3396/3489/4323 3400/3495/4329 3399/3493/4330 3395/3487/4324
f 3397/3490/4325 3401/3496/4331 3400/3495/4329 3396/3489/4323
f 3398/3491/4326 3402/3497/4332 3401/3496/4331 3397/3490/4325
f 3274/3492/4327 3275/3498/4333 3402/3497/4333 3398/3491/4327
f 3399/3493/4334 3403/3499/4335 3308/3500/4335 3307/3494/4334
f 3400/3495/4336 3404/3501/4337 3403/3499/4338 3399/3493/4339
f 3401/3496/4340 3405/3502/4341 3404/3501/4337 3400/3495/4336
f 3402/3497/4342 3406/3503/4343 3405/3502/4341 3401/3496/4340
f 3275/3498/4344 3276/3504/4345 3406/3503/4345 3402/3497/4344
f 3403/3499/4335 3407/3505/4346 3309/3506/4346 3308/3500/4335
f 3404/3501/4337 3408/3507/4347 3407/3505/4348 3403/3499/4338
f 3405/3502/4341 3409/3508/4349 3408/3507/4347 3404/3501/4337
f 3406/3503/4343 3410/3509/4350 3409/3508/4349 3405/3502/4341
f 3276/3504/4345 3277/3510/4351 3410/3509/4351 3406/3503/4345
f 3407/3505/4346 3411/3511/4352 3310/3512/4352 3309/3506/4346
f 3408/3507/4347 3412/3513/4353 3411/3511/4354 3407/3505/4348
f 3409/3508/4349 3413/3514/4355 3412/3513/4353 3408/3507/4347
f 3410/3509/4350 3414/3515/4356 3413/3514/4355 3409/3508/4349
f 3277/3510/4351 3278/3516/4357 3414/3515/4357 3410/3509/4351
f 3411/3511/4352 3415/3517/4358 3311/3518/4183 3310/3512/4352
f 3412/3513/4353 3416/3519/4359 3415/3517/4360 3411/3511/4354
f 3413/3514/4355 3417/3520/4361 3416/3519/4359 3412/3513/4353
f 3414/3515/4356 3418/3521/4362 3417/3520/4361 3413/3514/4355
f 3278/3516/4357 3279/3522/4156 3418/3521/4363 3414/3515/4357
f 3415/3517/4358 3419/3523/4364 3312/3524/4185 3311/3518/4183
f 3416/3519/4359 3420/3525/4365 3419/3523/4366 3415/3517/4360
f 3417/3520/4361 3421/3526/4367 3420/3525/4365 3416/3519/4359
f 3418/3521/4362 3422/3527/4368 3421/3526/4367 3417/3520/4361
f 3279/3522/4156 3280/3528/4158 3422/3527/4369 3418/3521/4363
f 3419/3523/4364 3423/3529/4370 3313/3530/4187 3312/3524/4185
f 3420/3525/4365 3424/3531/4371 3423/3529/4372 3419/3523/4366
f 3421/3526/4367 3425/3532/4373 3424/3531/4371 3420/3525/4365
f 3422/3527/4368 3426/3533/4374 3425/3532/4373 3421/3526/4367
f 3280/3528/4158 3281/3534/4160 3426/3533/4375 3422/3527/4369
f 3423/3529/4370 3427/3535/4376 3314/3536/4189 3313/3530/4187
f 3424/3531/4371 3428/3537/4377 3427/3535/4378 3423/3529/4372
f 3425/3532/4373 3429/3538/4379 3428/3537/4377 3424/3531/4371
f 3426/3533/4374 3430/3539/4380 3429/3538/4379 3425/3532/4373
f 3281/3534/4160 3282/3540/4162 3430/3539/4381 3426/3533/4375
f 3427/3535/4376 3431/3541/4382 3315/3542/4191 3314/3536/4189
f 3428/3537/4377 3432/3543/4383 3431/3541/4384 3427/3535/4378
f 3429/3538/4379 3433/3544/4385 3432/3543/4383 3428/3537/4377
f 3430/3539/4380 3434/3545/4386 3433/3544/4385 3429/3538/4379
f 3282/3540/4162 3283/3546/4164 3434/3545/4387 3430/3539/4381
f 3431/3541/4388 3435/3547/4389 3316/3548/4190 3315/3542/4191
f 3432/3543/4390 3436/3549/4391 3435/3547/4392 3431/3541/4393
f 3433/3544/4394 3437/3550/4395 3436/3549/4391 3432/3543/4390
f 3434/3545/4396 3438/3551/4397 3437/3550/4395 3433/3544/4394
f 3283/3546/4164 3284/3552/4163 3438/3551/4398 3434/3545/4399
f 3435/3547/4389 3439/3553/4400 3317/3554/4188 3316/3548/4190
f 3436/3549/4391 3440/3555/4401 3439/3553/4402 3435/3547/4392
f 3437/3550/4395 3441/3556/4403 3440/3555/4401 3436/3549/4391
f 3438/3551/4397 3442/3557/4404 3441/3556/4403 3437/3550/4395
f 3284/3552/4163 3285/3558/4161 3442/3557/4405 3438/3551/4398
f 3439/3553/4400 3443/3559/4406 3318/3560/4186 3317/3554/4188
f 3440/3555/4401 3444/3561/4407 3443/3559/4408 3439/3553/4402
f 3441/3556/4403 3445/3562/4409 3444/3561/4407 3440/3555/4401
f 3442/3557/4404 3446/3563/4410 3445/3562/4409 3441/3556/4403
f 3285/3558/4161 3286/3564/4159 3446/3563/4411 3442/3557/4405
f 3443/3559/4406 3319/3565/4192 3287/3368/4184 3318/3560/4186
f 3444/3561/4407 3320/3566/4194 3319/3565/4197 3443/3559/4408
f 3445/3562/4409 3321/3567/4198 3320/3566/4194 3444/3561/4407
f 3446/3563/4410 3322/3568/4200 3321/3567/4198 3445/3562/4409
f 3286/3564/4159 3255/3569/4157 3322/3568/4203 3446/3563/4411
o Stock_|_left_lower_trim
v -0.044124 -0.005042 -0.026279
v -0.044124 -0.005042 -0.023721
v -0.043478 -0.007161 -0.022442
v -0.042833 -0.009280 -0.023721
v -0.042833 -0.009280 -0.026279
v -0.043478 -0.007161 -0.027558
v -0.210450 -0.065429 -0.026279
v -0.210450 -0.065429 -0.023721
v -0.209719 -0.067519 -0.022442
v -0.208987 -0.069610 -0.023721
v -0.208987 -0.069610 -0.026279
v -0.209719 -0.067519 -0.027558
v -0.192680 -0.059371 -0.026279
v -0.192680 -0.059371 -0.023721
v -0.191967 -0.061468 -0.022442
v -0.191253 -0.063565 -0.023721
v -0.191253 -0.063565 -0.026279
v -0.191967 -0.061468 -0.027558
v -0.176900 -0.054011 -0.026279
v -0.176900 -0.054011 -0.023721
v -0.176161 -0.056099 -0.022442
v -0.175422 -0.058187 -0.023721
v -0.175422 -0.058187 -0.026279
v -0.176161 -0.056099 -0.027558
v -0.159381 -0.047556 -0.026279
v -0.159381 -0.047556 -0.023721
v -0.158568 -0.049616 -0.022442
v -0.157755 -0.051677 -0.023721
v -0.157755 -0.051677 -0.026279
v -0.158568 -0.049616 -0.027558
v -0.138187 -0.038625 -0.026279
v -0.138187 -0.038625 -0.023721
v -0.137299 -0.040654 -0.022442
v -0.136412 -0.042683 -0.023721
v -0.136412 -0.042683 -0.026279
v -0.137299 -0.040654 -0.027558
v -0.119452 -0.030124 -0.026279
v -0.119452 -0.030124 -0.023721
v -0.118580 -0.032160 -0.022442
v -0.117707 -0.034196 -0.023721
v -0.117707 -0.034196 -0.026279
v -0.118580 -0.032160 -0.027558
v -0.097952 -0.021451 -0.026279
v -0.097952 -0.021451 -0.023721
v -0.097187 -0.023529 -0.022442
v -0.096421 -0.025608 -0.023721
v -0.096421 -0.025608 -0.026279
v -0.097187 -0.023529 -0.027558
v -0.079424 -0.015261 -0.026279
v -0.079424 -0.015261 -0.023721
v -0.078766 -0.017376 -0.022442
v -0.078108 -0.019491 -0.023721
v -0.078108 -0.019491 -0.026279
v -0.078766 -0.017376 -0.027558
v -0.062760 -0.010452 -0.026279
v -0.062760 -0.010452 -0.023721
v -0.062144 -0.012580 -0.022442
v -0.061528 -0.014707 -0.023721
v -0.061528 -0.014707 -0.026279
v -0.062144 -0.012580 -0.027558
vn 0.9566 0.2915 -0.0000
vn -0.9439 -0.3303 -0.0000
vn -0.9439 -0.3304 -0.0000
vn -0.2796 0.8203 -0.4989
vn -0.2790 0.8199 -0.4999
vn -0.1611 0.4734 -0.8660
vn -0.1613 0.4733 -0.8660
vn -0.2796 0.8203 0.4989
vn -0.2790 0.8199 0.4999
vn -0.1613 0.4733 0.8660
vn -0.1611 0.4734 0.8660
vn 0.2792 -0.8191 0.5011
vn 0.2790 -0.8198 0.5001
vn 0.1611 -0.4734 0.8660
vn 0.1613 -0.4733 0.8660
vn 0.2792 -0.8191 -0.5011
vn 0.2790 -0.8198 -0.5001
vn 0.1613 -0.4733 -0.8660
vn 0.1611 -0.4734 -0.8660
vn -0.2887 0.8154 -0.5018
vn -0.1669 0.4713 -0.8660
vn -0.2887 0.8154 0.5018
vn -0.1669 0.4713 0.8660
vn 0.2894 -0.8173 0.4982
vn 0.1669 -0.4713 0.8660
vn 0.2894 -0.8173 -0.4982
vn 0.1669 -0.4713 -0.8660
vn -0.3173 0.8038 -0.5032
vn -0.1836 0.4651 -0.8660
vn -0.3173 0.8038 0.5032
vn -0.1836 0.4651 0.8660
vn 0.3186 -0.8072 0.4969
vn 0.1836 -0.4651 0.8660
vn 0.3186 -0.8072 -0.4969
vn 0.1836 -0.4651 -0.8660
vn -0.3467 0.7924 -0.5019
vn -0.2004 0.4581 -0.8660
vn -0.3467 0.7924 0.5019
vn -0.2004 0.4581 0.8660
vn 0.3475 -0.7944 0.4981
vn 0.2004 -0.4581 0.8660
vn 0.3475 -0.7944 -0.4981
vn 0.2004 -0.4581 -0.8660
vn -0.3416 0.7976 -0.4971
vn -0.1969 0.4596 -0.8660
vn -0.3416 0.7976 0.4971
vn -0.1969 0.4596 0.8660
vn 0.3403 -0.7945 0.5029
vn 0.1969 -0.4596 0.8660
vn 0.3403 -0.7945 -0.5029
vn 0.1969 -0.4596 -0.8660
vn -0.3002 0.8149 -0.4959
vn -0.1728 0.4691 -0.8661
vn -0.3002 0.8149 0.4959
vn -0.1728 0.4691 0.8661
vn 0.2985 -0.8103 0.5043
vn 0.1728 -0.4691 0.8661
vn 0.2985 -0.8103 -0.5043
vn 0.1728 -0.4691 -0.8661
vn -0.2578 0.8285 -0.4972
vn -0.1486 0.4774 -0.8660
vn -0.2578 0.8285 0.4972
vn -0.1486 0.4774 0.8660
vn 0.2568 -0.8253 0.5029
vn 0.1485 -0.4774 0.8660
vn 0.2568 -0.8253 -0.5029
vn 0.1485 -0.4774 -0.8660
vn -0.2407 0.8318 -0.5001
vn -0.1390 0.4803 -0.8660
vn -0.2407 0.8318 0.5001
vn -0.1390 0.4803 0.8660
vn 0.2408 -0.8320 0.4999
vn 0.1390 -0.4803 0.8660
vn 0.2408 -0.8320 -0.4999
vn 0.1390 -0.4803 -0.8660
vn -0.2411 0.8307 -0.5018
vn -0.1394 0.4802 -0.8660
vn -0.2411 0.8307 0.5018
vn -0.1394 0.4802 0.8660
vn 0.2417 -0.8327 0.4982
vn 0.1394 -0.4802 0.8660
vn 0.2417 -0.8327 -0.4982
vn 0.1394 -0.4802 -0.8660
vt 1.000000 0.000000
vt 0.600000 0.000000
vt 0.800000 0.000000
vt 0.400000 0.000000
vt 0.000000 0.000000
vt 0.200000 0.000000
vt 0.000000 1.000000
vt 0.111111 1.000000
vt 0.111111 0.833333
vt 0.000000 0.833333
vt 0.000000 0.166667
vt 0.111111 0.166667
vt 0.111111 0.000000
vt 0.000000 0.333333
vt 0.111111 0.333333
vt 0.000000 0.500000
vt 0.111111 0.500000
vt 0.000000 0.666667
vt 0.111111 0.666667
vt 0.222222 1.000000
vt 0.222222 0.833333
vt 0.222222 0.166667
vt 0.222222 0.000000
vt 0.222222 0.333333
vt 0.222222 0.500000
vt 0.222222 0.666667
vt 0.333333 1.000000
vt 0.333333 0.833333
vt 0.333333 0.166667
vt 0.333333 0.000000
vt 0.333333 0.333333
vt 0.333333 0.500000
vt 0.333333 0.666667
vt 0.444444 1.000000
vt 0.444444 0.833333
vt 0.444444 0.166667
vt 0.444444 0.000000
vt 0.444444 0.333333
vt 0.444444 0.500000
vt 0.444444 0.666667
vt 0.555556 1.000000
vt 0.555556 0.833333
vt 0.555556 0.166667
vt 0.555556 0.000000
vt 0.555556 0.333333
vt 0.555556 0.500000
vt 0.555556 0.666667
vt 0.666667 1.000000
vt 0.666667 0.833333
vt 0.666667 0.166667
vt 0.666667 0.000000
vt 0.666667 0.333333
vt 0.666667 0.500000
vt 0.666667 0.666667
vt 0.777778 1.000000
vt 0.777778 0.833333
vt 0.777778 0.166667
vt 0.777778 0.000000
vt 0.777778 0.333333
vt 0.777778 0.500000
vt 0.777778 0.666667
vt 0.888889 1.000000
vt 0.888889 0.833333
vt 0.888889 0.166667
vt 0.888889 0.000000
vt 0.888889 0.333333
vt 0.888889 0.500000
vt 0.888889 0.666667
vt 1.000000 1.000000
vt 1.000000 0.833333
vt 1.000000 0.166667
vt 1.000000 0.333333
vt 1.000000 0.500000
vt 1.000000 0.666667
s 1
usemtl Gold_|_polished_trim
f 3452/3570/4412 3450/3571/4412 3451/3572/4412
f 3452/3570/4412 3449/3573/4412 3450/3571/4412
f 3447/3574/4412 3449/3573/4412 3452/3570/4412
f 3447/3574/4412 3448/3575/4412 3449/3573/4412
f 3455/3573/4413 3457/3572/4413 3456/3571/4414
f 3455/3573/4413 3458/3570/4414 3457/3572/4413
f 3454/3575/4413 3458/3570/4414 3455/3573/4413
f 3454/3575/4413 3453/3574/4414 3458/3570/4414
f 3453/3576/4415 3459/3577/4416 3464/3578/4417 3458/3579/4418
f 3454/3580/4419 3460/3581/4420 3459/3582/4416 3453/3574/4415
f 3455/3583/4421 3461/3584/4422 3460/3581/4420 3454/3580/4419
f 3456/3585/4423 3462/3586/4424 3461/3584/4425 3455/3583/4426
f 3457/3587/4427 3463/3588/4428 3462/3586/4424 3456/3585/4423
f 3458/3579/4429 3464/3578/4430 3463/3588/4428 3457/3587/4427
f 3459/3577/4416 3465/3589/4431 3470/3590/4432 3464/3578/4417
f 3460/3581/4420 3466/3591/4433 3465/3592/4431 3459/3582/4416
f 3461/3584/4422 3467/3593/4434 3466/3591/4433 3460/3581/4420
f 3462/3586/4424 3468/3594/4435 3467/3593/4436 3461/3584/4425
f 3463/3588/4428 3469/3595/4437 3468/3594/4435 3462/3586/4424
f 3464/3578/4430 3470/3590/4438 3469/3595/4437 3463/3588/4428
f 3465/3589/4431 3471/3596/4439 3476/3597/4440 3470/3590/4432
f 3466/3591/4433 3472/3598/4441 3471/3599/4439 3465/3592/4431
f 3467/3593/4434 3473/3600/4442 3472/3598/4441 3466/3591/4433
f 3468/3594/4435 3474/3601/4443 3473/3600/4444 3467/3593/4436
f 3469/3595/4437 3475/3602/4445 3474/3601/4443 3468/3594/4435
f 3470/3590/4438 3476/3597/4446 3475/3602/4445 3469/3595/4437
f 3471/3596/4439 3477/3603/4447 3482/3604/4448 3476/3597/4440
f 3472/3598/4441 3478/3605/4449 3477/3606/4447 3471/3599/4439
f 3473/3600/4442 3479/3607/4450 3478/3605/4449 3472/3598/4441
f 3474/3601/4443 3480/3608/4451 3479/3607/4452 3473/3600/4444
f 3475/3602/4445 3481/3609/4453 3480/3608/4451 3474/3601/4443
f 3476/3597/4446 3482/3604/4454 3481/3609/4453 3475/3602/4445
f 3477/3603/4447 3483/3610/4455 3488/3611/4456 3482/3604/4448
f 3478/3605/4449 3484/3612/4457 3483/3613/4455 3477/3606/4447
f 3479/3607/4450 3485/3614/4458 3484/3612/4457 3478/3605/4449
f 3480/3608/4451 3486/3615/4459 3485/3614/4460 3479/3607/4452
f 3481/3609/4453 3487/3616/4461 3486/3615/4459 3480/3608/4451
f 3482/3604/4454 3488/3611/4462 3487/3616/4461 3481/3609/4453
f 3483/3610/4455 3489/3617/4463 3494/3618/4464 3488/3611/4456
f 3484/3612/4457 3490/3619/4465 3489/3620/4463 3483/3613/4455
f 3485/3614/4458 3491/3621/4466 3490/3619/4465 3484/3612/4457
f 3486/3615/4459 3492/3622/4467 3491/3621/4468 3485/3614/4460
f 3487/3616/4461 3493/3623/4469 3492/3622/4467 3486/3615/4459
f 3488/3611/4462 3494/3618/4470 3493/3623/4469 3487/3616/4461
f 3489/3617/4463 3495/3624/4471 3500/3625/4472 3494/3618/4464
f 3490/3619/4465 3496/3626/4473 3495/3627/4471 3489/3620/4463
f 3491/3621/4466 3497/3628/4474 3496/3626/4473 3490/3619/4465
f 3492/3622/4467 3498/3629/4475 3497/3628/4476 3491/3621/4468
f 3493/3623/4469 3499/3630/4477 3498/3629/4475 3492/3622/4467
f 3494/3618/4470 3500/3625/4478 3499/3630/4477 3493/3623/4469
f 3495/3624/4471 3501/3631/4479 3506/3632/4480 3500/3625/4472
f 3496/3626/4473 3502/3633/4481 3501/3634/4479 3495/3627/4471
f 3497/3628/4474 3503/3635/4482 3502/3633/4481 3496/3626/4473
f 3498/3629/4475 3504/3636/4483 3503/3635/4484 3497/3628/4476
f 3499/3630/4477 3505/3637/4485 3504/3636/4483 3498/3629/4475
f 3500/3625/4478 3506/3632/4486 3505/3637/4485 3499/3630/4477
f 3501/3631/4479 3447/3638/4487 3452/3639/4488 3506/3632/4480
f 3502/3633/4481 3448/3640/4489 3447/3570/4487 3501/3634/4479
f 3503/3635/4482 3449/3641/4490 3448/3640/4489 3502/3633/4481
f 3504/3636/4483 3450/3642/4491 3449/3641/4492 3503/3635/4484
f 3505/3637/4485 3451/3643/4493 3450/3642/4491 3504/3636/4483
f 3506/3632/4486 3452/3639/4494 3451/3643/4493 3505/3637/4485
o Receiver_|_left_upper_trim
v 0.347817 0.094867 -0.026023
v 0.347817 0.094867 -0.023977
v 0.347826 0.093095 -0.022954
v 0.347835 0.091323 -0.023977
v 0.347835 0.091323 -0.026023
v 0.347826 0.093095 -0.027046
v -0.046137 0.068265 -0.026023
v -0.046137 0.068265 -0.023977
v -0.046036 0.066496 -0.022954
v -0.045935 0.064727 -0.023977
v -0.045935 0.064727 -0.026023
v -0.046036 0.066496 -0.027046
v -0.033575 0.068405 -0.026023
v -0.033575 0.068405 -0.023977
v -0.033560 0.066633 -0.022954
v -0.033546 0.064861 -0.023977
v -0.033546 0.064861 -0.026023
v -0.033560 0.066633 -0.027046
v -0.022585 0.068459 -0.026023
v -0.022585 0.068459 -0.023977
v -0.022447 0.066692 -0.022954
v -0.022309 0.064926 -0.023977
v -0.022309 0.064926 -0.026023
v -0.022447 0.066692 -0.027046
v -0.010696 0.070252 -0.026023
v -0.010696 0.070252 -0.023977
v -0.010230 0.068542 -0.022954
v -0.009764 0.066833 -0.023977
v -0.009764 0.066833 -0.026023
v -0.010230 0.068542 -0.027046
v 0.001587 0.075196 -0.026023
v 0.001587 0.075196 -0.023977
v 0.002369 0.073605 -0.022954
v 0.003150 0.072015 -0.023977
v 0.003150 0.072015 -0.026023
v 0.002369 0.073605 -0.027046
v 0.012196 0.081431 -0.026023
v 0.012196 0.081431 -0.023977
v 0.012978 0.079841 -0.022954
v 0.013760 0.078251 -0.023977
v 0.013760 0.078251 -0.026023
v 0.012978 0.079841 -0.027046
v 0.025102 0.086618 -0.026023
v 0.025102 0.086618 -0.023977
v 0.025575 0.084910 -0.022954
v 0.026048 0.083203 -0.023977
v 0.026048 0.083203 -0.026023
v 0.025575 0.084910 -0.027046
v 0.067295 0.093339 -0.026023
v 0.067295 0.093339 -0.023977
v 0.067447 0.091574 -0.022954
v 0.067599 0.089809 -0.023977
v 0.067599 0.089809 -0.026023
v 0.067447 0.091574 -0.027046
v 0.105526 0.093883 -0.026023
v 0.105526 0.093883 -0.023977
v 0.105538 0.092111 -0.022954
v 0.105549 0.090339 -0.023977
v 0.105549 0.090339 -0.026023
v 0.105538 0.092111 -0.027046
v 0.148322 0.093843 -0.026023
v 0.148322 0.093843 -0.023977
v 0.148338 0.092072 -0.022954
v 0.148353 0.090300 -0.023977
v 0.148353 0.090300 -0.026023
v 0.148338 0.092072 -0.027046
v 0.217333 0.095117 -0.026023
v 0.217333 0.095117 -0.023977
v 0.217347 0.093345 -0.022954
v 0.217361 0.091573 -0.023977
v 0.217361 0.091573 -0.026023
v 0.217347 0.093345 -0.027046
v 0.278795 0.094972 -0.026023
v 0.278795 0.094972 -0.023977
v 0.278791 0.093200 -0.022954
v 0.278788 0.091428 -0.023977
v 0.278788 0.091428 -0.026023
v 0.278791 0.093200 -0.027046
vn 1.0000 0.0051 -0.0000
vn -0.9984 -0.0570 -0.0000
vn -0.0097 0.8697 -0.4935
vn -0.0070 0.8663 -0.4994
vn -0.0040 0.5003 -0.8658
vn -0.0055 0.5002 -0.8659
vn -0.0097 0.8697 0.4935
vn -0.0070 0.8663 0.4994
vn -0.0055 0.5002 0.8659
vn -0.0040 0.5003 0.8658
vn 0.0094 -0.8624 0.5062
vn 0.0072 -0.8659 0.5002
vn 0.0041 -0.5003 0.8658
vn 0.0055 -0.5002 0.8659
vn 0.0094 -0.8624 -0.5062
vn 0.0072 -0.8659 -0.5002
vn 0.0055 -0.5002 -0.8659
vn 0.0041 -0.5003 -0.8658
vn -0.0665 0.8575 -0.5102
vn -0.0388 0.4986 -0.8659
vn -0.0665 0.8575 0.5102
vn -0.0388 0.4986 0.8659
vn 0.0681 -0.8689 0.4902
vn 0.0390 -0.4986 0.8659
vn 0.0681 -0.8689 -0.4902
vn 0.0390 -0.4986 -0.8659
vn -0.2251 0.8258 -0.5171
vn -0.1313 0.4817 -0.8665
vn -0.2251 0.8258 0.5171
vn -0.1313 0.4817 0.8665
vn 0.2301 -0.8436 0.4851
vn 0.1314 -0.4817 0.8665
vn 0.2301 -0.8436 -0.4851
vn 0.1314 -0.4817 -0.8665
vn -0.3794 0.7717 -0.5103
vn -0.2207 0.4491 -0.8658
vn -0.3794 0.7717 0.5103
vn -0.2207 0.4491 0.8658
vn 0.3843 -0.7826 0.4898
vn 0.2206 -0.4491 0.8658
vn 0.3843 -0.7826 -0.4898
vn 0.2206 -0.4491 -0.8658
vn -0.3845 0.7824 -0.4898
vn -0.2207 0.4490 -0.8658
vn -0.3845 0.7824 0.4898
vn -0.2207 0.4490 0.8658
vn 0.3796 -0.7717 0.5103
vn 0.2208 -0.4490 0.8658
vn 0.3796 -0.7717 -0.5103
vn 0.2208 -0.4490 -0.8658
vn -0.2332 0.8425 -0.4855
vn -0.1332 0.4812 -0.8664
vn -0.2332 0.8425 0.4855
vn -0.1332 0.4812 0.8664
vn 0.2287 -0.8252 0.5165
vn 0.1333 -0.4812 0.8664
vn 0.2287 -0.8252 -0.5165
vn 0.1333 -0.4812 -0.8664
vn -0.0749 0.8683 -0.4903
vn -0.0430 0.4983 -0.8660
vn -0.0749 0.8683 0.4903
vn -0.0430 0.4983 0.8660
vn 0.0738 -0.8570 0.5101
vn 0.0429 -0.4983 0.8660
vn 0.0738 -0.8570 -0.5101
vn 0.0429 -0.4983 -0.8660
vn -0.0058 0.8667 -0.4988
vn -0.0033 0.5002 -0.8659
vn -0.0058 0.8667 0.4988
vn -0.0033 0.5002 0.8659
vn 0.0057 -0.8655 0.5009
vn 0.0033 -0.5002 0.8659
vn 0.0057 -0.8655 -0.5009
vn 0.0033 -0.5002 -0.8659
vn -0.0076 0.8652 -0.5013
vn -0.0044 0.5000 -0.8660
vn -0.0076 0.8652 0.5013
vn -0.0044 0.5000 0.8660
vn 0.0076 -0.8668 0.4987
vn 0.0044 -0.5000 0.8660
vn 0.0076 -0.8668 -0.4987
vn 0.0044 -0.5000 -0.8660
vn -0.0070 0.8668 -0.4986
vn -0.0040 0.5000 -0.8660
vn -0.0070 0.8668 0.4986
vn -0.0040 0.5000 0.8660
vn 0.0070 -0.8652 0.5014
vn 0.0040 -0.5000 0.8660
vn 0.0070 -0.8652 -0.5014
vn 0.0040 -0.5000 -0.8660
vn 0.0017 0.8660 -0.5001
vn 0.0010 0.5000 -0.8660
vn 0.0017 0.8660 0.5001
vn 0.0010 0.5000 0.8660
vn -0.0017 -0.8661 0.4999
vn -0.0010 -0.5000 0.8660
vn -0.0017 -0.8661 -0.4999
vn -0.0010 -0.5000 -0.8660
vn 0.0013 0.8655 -0.5009
vn 0.0008 0.5000 -0.8660
vn 0.0013 0.8655 0.5009
vn 0.0008 0.5000 0.8660
vn -0.0013 -0.8666 0.4991
vn -0.0008 -0.5000 0.8660
vn -0.0013 -0.8666 -0.4991
vn -0.0008 -0.5000 -0.8660
vt 1.000000 0.000000
vt 0.600000 0.000000
vt 0.800000 0.000000
vt 0.400000 0.000000
vt 0.000000 0.000000
vt 0.200000 0.000000
vt 0.000000 1.000000
vt 0.083333 1.000000
vt 0.083333 0.833333
vt 0.000000 0.833333
vt 0.000000 0.166667
vt 0.083333 0.166667
vt 0.083333 0.000000
vt 0.000000 0.333333
vt 0.083333 0.333333
vt 0.000000 0.500000
vt 0.083333 0.500000
vt 0.000000 0.666667
vt 0.083333 0.666667
vt 0.166667 1.000000
vt 0.166667 0.833333
vt 0.166667 0.166667
vt 0.166667 0.000000
vt 0.166667 0.333333
vt 0.166667 0.500000
vt 0.166667 0.666667
vt 0.250000 1.000000
vt 0.250000 0.833333
vt 0.250000 0.166667
vt 0.250000 0.000000
vt 0.250000 0.333333
vt 0.250000 0.500000
vt 0.250000 0.666667
vt 0.333333 1.000000
vt 0.333333 0.833333
vt 0.333333 0.166667
vt 0.333333 0.000000
vt 0.333333 0.333333
vt 0.333333 0.500000
vt 0.333333 0.666667
vt 0.416667 1.000000
vt 0.416667 0.833333
vt 0.416667 0.166667
vt 0.416667 0.000000
vt 0.416667 0.333333
vt 0.416667 0.500000
vt 0.416667 0.666667
vt 0.500000 1.000000
vt 0.500000 0.833333
vt 0.500000 0.166667
vt 0.500000 0.000000
vt 0.500000 0.333333
vt 0.500000 0.500000
vt 0.500000 0.666667
vt 0.583333 1.000000
vt 0.583333 0.833333
vt 0.583333 0.166667
vt 0.583333 0.000000
vt 0.583333 0.333333
vt 0.583333 0.500000
vt 0.583333 0.666667
vt 0.666667 1.000000
vt 0.666667 0.833333
vt 0.666667 0.166667
vt 0.666667 0.000000
vt 0.666667 0.333333
vt 0.666667 0.500000
vt 0.666667 0.666667
vt 0.750000 1.000000
vt 0.750000 0.833333
vt 0.750000 0.166667
vt 0.750000 0.000000
vt 0.750000 0.333333
vt 0.750000 0.500000
vt 0.750000 0.666667
vt 0.833333 1.000000
vt 0.833333 0.833333
vt 0.833333 0.166667
vt 0.833333 0.000000
vt 0.833333 0.333333
vt 0.833333 0.500000
vt 0.833333 0.666667
vt 0.916667 1.000000
vt 0.916667 0.833333
vt 0.916667 0.166667
vt 0.916667 0.000000
vt 0.916667 0.333333
vt 0.916667 0.500000
vt 0.916667 0.666667
vt 1.000000 1.000000
vt 1.000000 0.833333
vt 1.000000 0.166667
vt 1.000000 0.333333
vt 1.000000 0.500000
vt 1.000000 0.666667
s 1
usemtl Gold_|_polished_trim
f 3512/3644/4495 3510/3645/4495 3511/3646/4495
f 3512/3644/4495 3509/3647/4495 3510/3645/4495
f 3507/3648/4495 3509/3647/4495 3512/3644/4495
f 3507/3648/4495 3508/3649/4495 3509/3647/4495
f 3515/3647/4496 3517/3646/4496 3516/3645/4496
f 3515/3647/4496 3518/3644/4496 3517/3646/4496
f 3514/3649/4496 3518/3644/4496 3515/3647/4496
f 3514/3649/4496 3513/3648/4496 3518/3644/4496
f 3513/3650/4497 3519/3651/4498 3524/3652/4499 3518/3653/4500
f 3514/3654/4501 3520/3655/4502 3519/3656/4498 3513/3648/4497
f 3515/3657/4503 3521/3658/4504 3520/3655/4502 3514/3654/4501
f 3516/3659/4505 3522/3660/4506 3521/3658/4507 3515/3657/4508
f 3517/3661/4509 3523/3662/4510 3522/3660/4506 3516/3659/4505
f 3518/3653/4511 3524/3652/4512 3523/3662/4510 3517/3661/4509
f 3519/3651/4498 3525/3663/4513 3530/3664/4514 3524/3652/4499
f 3520/3655/4502 3526/3665/4515 3525/3666/4513 3519/3656/4498
f 3521/3658/4504 3527/3667/4516 3526/3665/4515 3520/3655/4502
f 3522/3660/4506 3528/3668/4517 3527/3667/4518 3521/3658/4507
f 3523/3662/4510 3529/3669/4519 3528/3668/4517 3522/3660/4506
f 3524/3652/4512 3530/3664/4520 3529/3669/4519 3523/3662/4510
f 3525/3663/4513 3531/3670/4521 3536/3671/4522 3530/3664/4514
f 3526/3665/4515 3532/3672/4523 3531/3673/4521 3525/3666/4513
f 3527/3667/4516 3533/3674/4524 3532/3672/4523 3526/3665/4515
f 3528/3668/4517 3534/3675/4525 3533/3674/4526 3527/3667/4518
f 3529/3669/4519 3535/3676/4527 3534/3675/4525 3528/3668/4517
f 3530/3664/4520 3536/3671/4528 3535/3676/4527 3529/3669/4519
f 3531/3670/4521 3537/3677/4529 3542/3678/4530 3536/3671/4522
f 3532/3672/4523 3538/3679/4531 3537/3680/4529 3531/3673/4521
f 3533/3674/4524 3539/3681/4532 3538/3679/4531 3532/3672/4523
f 3534/3675/4525 3540/3682/4533 3539/3681/4534 3533/3674/4526
f 3535/3676/4527 3541/3683/4535 3540/3682/4533 3534/3675/4525
f 3536/3671/4528 3542/3678/4536 3541/3683/4535 3535/3676/4527
f 3537/3677/4529 3543/3684/4537 3548/3685/4538 3542/3678/4530
f 3538/3679/4531 3544/3686/4539 3543/3687/4537 3537/3680/4529
f 3539/3681/4532 3545/3688/4540 3544/3686/4539 3538/3679/4531
f 3540/3682/4533 3546/3689/4541 3545/3688/4542 3539/3681/4534
f 3541/3683/4535 3547/3690/4543 3546/3689/4541 3540/3682/4533
f 3542/3678/4536 3548/3685/4544 3547/3690/4543 3541/3683/4535
f 3543/3684/4537 3549/3691/4545 3554/3692/4546 3548/3685/4538
f 3544/3686/4539 3550/3693/4547 3549/3694/4545 3543/3687/4537
f 3545/3688/4540 3551/3695/4548 3550/3693/4547 3544/3686/4539
f 3546/3689/4541 3552/3696/4549 3551/3695/4550 3545/3688/4542
f 3547/3690/4543 3553/3697/4551 3552/3696/4549 3546/3689/4541
f 3548/3685/4544 3554/3692/4552 3553/3697/4551 3547/3690/4543
f 3549/3691/4545 3555/3698/4553 3560/3699/4554 3554/3692/4546
f 3550/3693/4547 3556/3700/4555 3555/3701/4553 3549/3694/4545
f 3551/3695/4548 3557/3702/4556 3556/3700/4555 3550/3693/4547
f 3552/3696/4549 3558/3703/4557 3557/3702/4558 3551/3695/4550
f 3553/3697/4551 3559/3704/4559 3558/3703/4557 3552/3696/4549
f 3554/3692/4552 3560/3699/4560 3559/3704/4559 3553/3697/4551
f 3555/3698/4553 3561/3705/4561 3566/3706/4562 3560/3699/4554
f 3556/3700/4555 3562/3707/4563 3561/3708/4561 3555/3701/4553
f 3557/3702/4556 3563/3709/4564 3562/3707/4563 3556/3700/4555
f 3558/3703/4557 3564/3710/4565 3563/3709/4566 3557/3702/4558
f 3559/3704/4559 3565/3711/4567 3564/3710/4565 3558/3703/4557
f 3560/3699/4560 3566/3706/4568 3565/3711/4567 3559/3704/4559
f 3561/3705/4561 3567/3712/4569 3572/3713/4570 3566/3706/4562
f 3562/3707/4563 3568/3714/4571 3567/3715/4569 3561/3708/4561
f 3563/3709/4564 3569/3716/4572 3568/3714/4571 3562/3707/4563
f 3564/3710/4565 3570/3717/4573 3569/3716/4574 3563/3709/4566
f 3565/3711/4567 3571/3718/4575 3570/3717/4573 3564/3710/4565
f 3566/3706/4568 3572/3713/4576 3571/3718/4575 3565/3711/4567
f 3567/3712/4569 3573/3719/4577 3578/3720/4578 3572/3713/4570
f 3568/3714/4571 3574/3721/4579 3573/3722/4577 3567/3715/4569
f 3569/3716/4572 3575/3723/4580 3574/3721/4579 3568/3714/4571
f 3570/3717/4573 3576/3724/4581 3575/3723/4582 3569/3716/4574
f 3571/3718/4575 3577/3725/4583 3576/3724/4581 3570/3717/4573
f 3572/3713/4576 3578/3720/4584 3577/3725/4583 3571/3718/4575
f 3573/3719/4577 3579/3726/4585 3584/3727/4586 3578/3720/4578
f 3574/3721/4579 3580/3728/4587 3579/3729/4585 3573/3722/4577
f 3575/3723/4580 3581/3730/4588 3580/3728/4587 3574/3721/4579
f 3576/3724/4581 3582/3731/4589 3581/3730/4590 3575/3723/4582
f 3577/3725/4583 3583/3732/4591 3582/3731/4589 3576/3724/4581
f 3578/3720/4584 3584/3727/4592 3583/3732/4591 3577/3725/4583
f 3579/3726/4585 3507/3733/4593 3512/3734/4594 3584/3727/4586
f 3580/3728/4587 3508/3735/4595 3507/3644/4593 3579/3729/4585
f 3581/3730/4588 3509/3736/4596 3508/3735/4595 3580/3728/4587
f 3582/3731/4589 3510/3737/4597 3509/3736/4598 3581/3730/4590
f 3583/3732/4591 3511/3738/4599 3510/3737/4597 3582/3731/4589
f 3584/3727/4592 3512/3734/4600 3511/3738/4599 3583/3732/4591
o Receiver_|_left_side_trim
v 0.350339 0.072360 -0.026023
v 0.350339 0.072360 -0.023977
v 0.350384 0.070588 -0.022954
v 0.350428 0.068817 -0.023977
v 0.350428 0.068817 -0.026023
v 0.350384 0.070588 -0.027046
v 0.269009 0.070314 -0.026023
v 0.269009 0.070314 -0.023977
v 0.269054 0.068542 -0.022954
v 0.269098 0.066771 -0.023977
v 0.269098 0.066771 -0.026023
v 0.269054 0.068542 -0.027046
v 0.297151 0.071022 -0.026023
v 0.297151 0.071022 -0.023977
v 0.297195 0.069250 -0.022954
v 0.297240 0.067479 -0.023977
v 0.297240 0.067479 -0.026023
v 0.297195 0.069250 -0.027046
v 0.322197 0.071652 -0.026023
v 0.322197 0.071652 -0.023977
v 0.322242 0.069880 -0.022954
v 0.322287 0.068109 -0.023977
v 0.322287 0.068109 -0.026023
v 0.322242 0.069880 -0.027046
vn 0.9997 0.0251 -0.0000
vn -0.9997 -0.0251 -0.0000
vn -0.0126 0.4998 -0.8660
vn -0.0000 -0.0000 -1.0000
vn -0.0251 0.9997 -0.0000
vn -0.0000 -0.0000 1.0000
vn -0.0126 0.4998 0.8660
vn 0.0126 -0.4998 0.8660
vn 0.0251 -0.9997 -0.0000
vn 0.0126 -0.4998 -0.8660
vt 1.000000 0.000000
vt 0.600000 0.000000
vt 0.800000 0.000000
vt 0.400000 0.000000
vt 0.000000 0.000000
vt 0.200000 0.000000
vt 0.000000 1.000000
vt 0.333333 1.000000
vt 0.333333 0.833333
vt 0.000000 0.833333
vt 0.000000 0.166667
vt 0.333333 0.166667
vt 0.333333 0.000000
vt 0.000000 0.333333
vt 0.333333 0.333333
vt 0.000000 0.500000
vt 0.333333 0.500000
vt 0.000000 0.666667
vt 0.333333 0.666667
vt 0.666667 1.000000
vt 0.666667 0.833333
vt 0.666667 0.166667
vt 0.666667 0.000000
vt 0.666667 0.333333
vt 0.666667 0.500000
vt 0.666667 0.666667
vt 1.000000 1.000000
vt 1.000000 0.833333
vt 1.000000 0.166667
vt 1.000000 0.333333
vt 1.000000 0.500000
vt 1.000000 0.666667
s 1
usemtl Gold_|_polished_trim
f 3590/3739/4601 3588/3740/4601 3589/3741/4601
f 3590/3739/4601 3587/3742/4601 3588/3740/4601
f 3585/3743/4601 3587/3742/4601 3590/3739/4601
f 3585/3743/4601 3586/3744/4601 3587/3742/4601
f 3593/3742/4602 3595/3741/4602 3594/3740/4602
f 3593/3742/4602 3596/3739/4602 3595/3741/4602
f 3592/3744/4602 3596/3739/4602 3593/3742/4602
f 3592/3744/4602 3591/3743/4602 3596/3739/4602
f 3591/3745/4603 3597/3746/4603 3602/3747/4604 3596/3748/4604
f 3592/3749/4605 3598/3750/4605 3597/3751/4605 3591/3743/4605
f 3593/3752/4606 3599/3753/4606 3598/3750/4607 3592/3749/4607
f 3594/3754/4608 3600/3755/4608 3599/3753/4606 3593/3752/4606
f 3595/3756/4609 3601/3757/4609 3600/3755/4609 3594/3754/4609
f 3596/3748/4604 3602/3747/4604 3601/3757/4610 3595/3756/4610
f 3597/3746/4603 3603/3758/4603 3608/3759/4604 3602/3747/4604
f 3598/3750/4605 3604/3760/4605 3603/3761/4605 3597/3751/4605
f 3599/3753/4606 3605/3762/4606 3604/3760/4607 3598/3750/4607
f 3600/3755/4608 3606/3763/4608 3605/3762/4606 3599/3753/4606
f 3601/3757/4609 3607/3764/4609 3606/3763/4609 3600/3755/4609
f 3602/3747/4604 3608/3759/4604 3607/3764/4610 3601/3757/4610
f 3603/3758/4603 3585/3765/4603 3590/3766/4604 3608/3759/4604
f 3604/3760/4605 3586/3767/4605 3585/3739/4605 3603/3761/4605
f 3605/3762/4606 3587/3768/4606 3586/3767/4607 3604/3760/4607
f 3606/3763/4608 3588/3769/4608 3587/3768/4606 3605/3762/4606
f 3607/3764/4609 3589/3770/4609 3588/3769/4609 3606/3763/4609
f 3608/3759/4604 3590/3766/4604 3589/3770/4610 3607/3764/4610
o Shroud_|_left_side_trim
v 0.650648 0.079521 -0.032476
v 0.650580 0.079521 -0.030431
v 0.650571 0.077749 -0.029408
v 0.650630 0.075978 -0.030430
v 0.650699 0.075978 -0.032474
v 0.650708 0.077750 -0.033498
v 0.364192 0.074917 -0.041420
v 0.364133 0.074917 -0.039375
v 0.364135 0.073146 -0.038351
v 0.364196 0.071374 -0.039373
v 0.364256 0.071374 -0.041418
v 0.364254 0.073146 -0.042442
v 0.413395 0.075826 -0.040015
v 0.413336 0.075826 -0.037970
v 0.413340 0.074054 -0.036946
v 0.413402 0.072283 -0.037968
v 0.413460 0.072283 -0.040013
v 0.413457 0.074054 -0.041037
v 0.457190 0.076637 -0.038767
v 0.457130 0.076637 -0.036722
v 0.457131 0.074865 -0.035699
v 0.457193 0.073094 -0.036720
v 0.457253 0.073094 -0.038765
v 0.457251 0.074865 -0.039789
v 0.506397 0.077475 -0.037284
v 0.506333 0.077475 -0.035239
v 0.506330 0.075703 -0.034215
v 0.506390 0.073932 -0.035237
v 0.506454 0.073932 -0.037282
v 0.506458 0.075703 -0.038305
v 0.556315 0.078231 -0.035673
v 0.556247 0.078231 -0.033628
v 0.556239 0.076459 -0.032605
v 0.556298 0.074687 -0.033627
v 0.556366 0.074687 -0.035672
v 0.556374 0.076459 -0.036695
v 0.600739 0.078837 -0.034166
v 0.600670 0.078837 -0.032121
v 0.600659 0.077065 -0.031098
v 0.600718 0.075293 -0.032120
v 0.600787 0.075294 -0.034164
v 0.600798 0.077065 -0.035188
vn 0.9993 0.0142 0.0333
vn 0.9993 0.0142 0.0332
vn -0.9994 -0.0180 -0.0291
vn 0.0155 0.4999 -0.8659
vn 0.0285 -0.0000 -0.9996
vn 0.0285 -0.0002 -0.9996
vn -0.0184 0.9998 -0.0005
vn -0.0185 0.9998 -0.0005
vn -0.0285 -0.0001 0.9996
vn -0.0285 -0.0000 0.9996
vn -0.0339 0.4999 0.8654
vn -0.0155 -0.4999 0.8659
vn 0.0017 -0.8659 0.5003
vn 0.0184 -0.9998 0.0005
vn 0.0185 -0.9998 0.0005
vn 0.0339 -0.4999 -0.8654
vn 0.0165 0.4999 -0.8659
vn 0.0293 0.0002 -0.9996
vn -0.0300 0.8661 0.4990
vn -0.0178 0.9998 -0.0005
vn -0.0293 0.0002 0.9996
vn 0.0007 -0.8659 0.5001
vn 0.0178 -0.9998 0.0005
vn 0.0343 -0.4999 -0.8654
vn 0.0190 0.5000 -0.8658
vn 0.0312 0.0003 -0.9995
vn -0.0295 0.8661 0.4990
vn -0.0161 0.9999 -0.0005
vn -0.0350 0.4999 0.8654
vn -0.0017 -0.8660 0.5000
vn -0.0190 -0.5000 0.8658
vn 0.0295 -0.8657 -0.4997
vn 0.0041 0.8659 -0.5002
vn 0.0331 0.0003 -0.9995
vn -0.0290 0.8661 0.4991
vn -0.0358 0.4999 0.8653
vn -0.0041 -0.8660 0.5000
vn -0.0215 -0.5000 0.8658
vn 0.0290 -0.8657 -0.4997
vn 0.0051 0.8660 -0.5000
vn 0.0339 0.0001 -0.9994
vn -0.0288 0.8659 0.4994
vn -0.0339 -0.0001 0.9994
vn -0.0051 -0.8660 0.5001
vn 0.0137 -0.9999 0.0004
vn 0.0362 -0.4999 -0.8653
vn 0.0225 0.5000 -0.8657
vn 0.0338 -0.0001 -0.9994
vn -0.0137 0.9999 -0.0004
vn -0.0338 -0.0002 0.9994
vn -0.0362 0.4999 0.8653
vn -0.0051 -0.8659 0.5001
vt 0.800000 0.000000
vt 0.400000 0.000000
vt 0.600000 0.000000
vt 1.000000 0.000000
vt 0.200000 0.000000
vt 0.000000 0.000000
vt 0.000000 1.000000
vt 0.166667 1.000000
vt 0.166667 0.833333
vt 0.000000 0.833333
vt 0.000000 0.166667
vt 0.166667 0.166667
vt 0.166667 0.000000
vt 0.000000 0.333333
vt 0.166667 0.333333
vt 0.000000 0.500000
vt 0.166667 0.500000
vt 0.000000 0.666667
vt 0.166667 0.666667
vt 0.333333 1.000000
vt 0.333333 0.833333
vt 0.333333 0.166667
vt 0.333333 0.000000
vt 0.333333 0.333333
vt 0.333333 0.500000
vt 0.333333 0.666667
vt 0.500000 1.000000
vt 0.500000 0.833333
vt 0.500000 0.166667
vt 0.500000 0.000000
vt 0.500000 0.333333
vt 0.500000 0.500000
vt 0.500000 0.666667
vt 0.666667 1.000000
vt 0.666667 0.833333
vt 0.666667 0.166667
vt 0.666667 0.000000
vt 0.666667 0.333333
vt 0.666667 0.500000
vt 0.666667 0.666667
vt 0.833333 1.000000
vt 0.833333 0.833333
vt 0.833333 0.166667
vt 0.833333 0.000000
vt 0.833333 0.333333
vt 0.833333 0.500000
vt 0.833333 0.666667
vt 1.000000 1.000000
vt 1.000000 0.833333
vt 1.000000 0.166667
vt 1.000000 0.333333
vt 1.000000 0.500000
vt 1.000000 0.666667
s 1
usemtl Gold_|_polished_trim
f 3613/3771/4611 3611/3772/4611 3612/3773/4611
f 3614/3774/4611 3611/3772/4611 3613/3771/4611
f 3614/3774/4611 3610/3775/4611 3611/3772/4611
f 3609/3776/4612 3610/3775/4611 3614/3774/4611
f 3618/3773/4613 3620/3774/4613 3619/3771/4613
f 3617/3772/4613 3620/3774/4613 3618/3773/4613
f 3617/3772/4613 3615/3776/4613 3620/3774/4613
f 3616/3775/4613 3615/3776/4613 3617/3772/4613
f 3615/3777/4614 3621/3778/4614 3626/3779/4615 3620/3780/4616
f 3616/3781/4617 3622/3782/4618 3621/3783/4618 3615/3776/4617
f 3617/3784/4619 3623/3785/4620 3622/3782/4621 3616/3781/4621
f 3618/3786/4622 3624/3787/4623 3623/3785/4620 3617/3784/4619
f 3619/3788/4624 3625/3789/4625 3624/3787/4623 3618/3786/4624
f 3620/3780/4616 3626/3779/4615 3625/3789/4626 3619/3788/4626
f 3621/3778/4614 3627/3790/4627 3632/3791/4628 3626/3779/4615
f 3622/3782/4618 3628/3792/4629 3627/3793/4630 3621/3783/4618
f 3623/3785/4620 3629/3794/4631 3628/3792/4629 3622/3782/4621
f 3624/3787/4623 3630/3795/4632 3629/3794/4631 3623/3785/4620
f 3625/3789/4625 3631/3796/4633 3630/3795/4632 3624/3787/4623
f 3626/3779/4615 3632/3791/4628 3631/3796/4634 3625/3789/4626
f 3627/3790/4627 3633/3797/4635 3638/3798/4636 3632/3791/4628
f 3628/3792/4629 3634/3799/4637 3633/3800/4638 3627/3793/4630
f 3629/3794/4631 3635/3801/4639 3634/3799/4637 3628/3792/4629
f 3630/3795/4632 3636/3802/4640 3635/3801/4641 3629/3794/4631
f 3631/3796/4633 3637/3803/4642 3636/3802/4640 3630/3795/4632
f 3632/3791/4628 3638/3798/4636 3637/3803/4642 3631/3796/4634
f 3633/3797/4635 3639/3804/4643 3644/3805/4644 3638/3798/4636
f 3634/3799/4637 3640/3806/4645 3639/3807/4643 3633/3800/4638
f 3635/3801/4639 3641/3808/4646 3640/3806/4645 3634/3799/4637
f 3636/3802/4640 3642/3809/4647 3641/3808/4648 3635/3801/4641
f 3637/3803/4642 3643/3810/4649 3642/3809/4647 3636/3802/4640
f 3638/3798/4636 3644/3805/4644 3643/3810/4649 3637/3803/4642
f 3639/3804/4643 3645/3811/4650 3650/3812/4651 3644/3805/4644
f 3640/3806/4645 3646/3813/4652 3645/3814/4650 3639/3807/4643
f 3641/3808/4646 3647/3815/4653 3646/3813/4652 3640/3806/4645
f 3642/3809/4647 3648/3816/4654 3647/3815/4653 3641/3808/4648
f 3643/3810/4649 3649/3817/4655 3648/3816/4654 3642/3809/4647
f 3644/3805/4644 3650/3812/4651 3649/3817/4656 3643/3810/4649
f 3645/3811/4650 3609/3818/4657 3614/3819/4658 3650/3812/4651
f 3646/3813/4652 3610/3820/4659 3609/3774/4659 3645/3814/4650
f 3647/3815/4653 3611/3821/4660 3610/3820/4661 3646/3813/4652
f 3648/3816/4654 3612/3822/4662 3611/3821/4660 3647/3815/4653
f 3649/3817/4655 3613/3823/4655 3612/3822/4662 3648/3816/4654
f 3650/3812/4651 3614/3819/4658 3613/3823/4656 3649/3817/4656
o Rivet_|_left_570
v 0.033526 0.057440 -0.024000
v 0.031865 0.059101 -0.024000
v 0.029516 0.059101 -0.024000
v 0.027855 0.057440 -0.024000
v 0.027855 0.055092 -0.024000
v 0.029516 0.053431 -0.024000
v 0.031865 0.053431 -0.024000
v 0.033526 0.055092 -0.024000
v 0.033526 0.057440 -0.026200
v 0.031865 0.059101 -0.026200
v 0.029516 0.059101 -0.026200
v 0.027855 0.057440 -0.026200
v 0.027855 0.055092 -0.026200
v 0.029516 0.053431 -0.026200
v 0.031865 0.053431 -0.026200
v 0.033526 0.055092 -0.026200
v 0.032392 0.056971 -0.026700
v 0.031395 0.057967 -0.026700
v 0.029986 0.057967 -0.026700
v 0.028989 0.056971 -0.026700
v 0.028989 0.055561 -0.026700
v 0.029986 0.054565 -0.026700
v 0.031395 0.054565 -0.026700
v 0.032392 0.055561 -0.026700
v 0.030691 0.056266 -0.027000
vn 0.7071 0.7071 -0.0000
vn -0.0000 1.0000 -0.0000
vn -0.7071 0.7071 -0.0000
vn -1.0000 -0.0000 -0.0000
vn -0.7071 -0.7071 -0.0000
vn -0.0000 -1.0000 -0.0000
vn 0.7071 -0.7071 -0.0000
vn 1.0000 -0.0000 -0.0000
vn 0.3485 0.1443 -0.9261
vn 0.2737 0.1134 -0.9551
vn 0.1134 0.2737 -0.9551
vn 0.1443 0.3485 -0.9261
vn -0.1134 0.2737 -0.9551
vn -0.1443 0.3485 -0.9261
vn -0.2737 0.1134 -0.9551
vn -0.3485 0.1444 -0.9261
vn -0.2737 -0.1134 -0.9551
vn -0.3485 -0.1444 -0.9261
vn -0.1134 -0.2737 -0.9551
vn -0.1443 -0.3485 -0.9261
vn 0.1134 -0.2737 -0.9551
vn 0.1443 -0.3485 -0.9261
vn 0.2737 -0.1134 -0.9551
vn 0.3485 -0.1444 -0.9261
vn -0.0000 -0.0000 -1.0000
vn -0.0000 -0.0000 1.0000
s 1
usemtl Gold_|_polished_trim
f 3651//4663 3659//4663 3660//4663 3652//4663
f 3652//4664 3660//4664 3661//4664 3653//4664
f 3653//4665 3661//4665 3662//4665 3654//4665
f 3654//4666 3662//4666 3663//4666 3655//4666
f 3655//4667 3663//4667 3664//4667 3656//4667
f 3656//4668 3664//4668 3665//4668 3657//4668
f 3657//4669 3665//4669 3666//4669 3658//4669
f 3658//4670 3666//4670 3659//4670 3651//4670
f 3659//4671 3667//4672 3668//4673 3660//4674
f 3660//4674 3668//4673 3669//4675 3661//4676
f 3661//4676 3669//4675 3670//4677 3662//4678
f 3662//4678 3670//4677 3671//4679 3663//4680
f 3663//4680 3671//4679 3672//4681 3664//4682
f 3664//4682 3672//4681 3673//4683 3665//4684
f 3665//4684 3673//4683 3674//4685 3666//4686
f 3666//4686 3674//4685 3667//4672 3659//4671
f 3667//4672 3675//4687 3668//4673
f 3668//4673 3675//4687 3669//4675
f 3669//4675 3675//4687 3670//4677
f 3670//4677 3675//4687 3671//4679
f 3671//4679 3675//4687 3672//4681
f 3672//4681 3675//4687 3673//4683
f 3673//4683 3675//4687 3674//4685
f 3674//4685 3675//4687 3667//4672
f 3651//4688 3652//4688 3653//4688 3654//4688 3655//4688 3656//4688 3657//4688 3658//4688
o Rivet_|_left_1110
v 0.309741 0.057440 -0.024000
v 0.308080 0.059101 -0.024000
v 0.305731 0.059101 -0.024000
v 0.304070 0.057440 -0.024000
v 0.304070 0.055092 -0.024000
v 0.305731 0.053431 -0.024000
v 0.308080 0.053431 -0.024000
v 0.309741 0.055092 -0.024000
v 0.309741 0.057440 -0.026200
v 0.308080 0.059101 -0.026200
v 0.305731 0.059101 -0.026200
v 0.304070 0.057440 -0.026200
v 0.304070 0.055092 -0.026200
v 0.305731 0.053431 -0.026200
v 0.308080 0.053431 -0.026200
v 0.309741 0.055092 -0.026200
v 0.308607 0.056971 -0.026700
v 0.307610 0.057967 -0.026700
v 0.306201 0.057967 -0.026700
v 0.305204 0.056971 -0.026700
v 0.305204 0.055561 -0.026700
v 0.306201 0.054565 -0.026700
v 0.307610 0.054565 -0.026700
v 0.308607 0.055561 -0.026700
v 0.306905 0.056266 -0.027000
vn 0.7071 0.7071 -0.0000
vn -0.0000 1.0000 -0.0000
vn -0.7071 0.7071 -0.0000
vn -1.0000 -0.0000 -0.0000
vn -0.7071 -0.7071 -0.0000
vn -0.0000 -1.0000 -0.0000
vn 0.7071 -0.7071 -0.0000
vn 1.0000 -0.0000 -0.0000
vn 0.3485 0.1443 -0.9261
vn 0.2737 0.1134 -0.9551
vn 0.1134 0.2737 -0.9551
vn 0.1443 0.3485 -0.9261
vn -0.1134 0.2737 -0.9551
vn -0.1443 0.3485 -0.9261
vn -0.2737 0.1134 -0.9551
vn -0.3485 0.1443 -0.9261
vn -0.2737 -0.1134 -0.9551
vn -0.3485 -0.1443 -0.9261
vn -0.1134 -0.2737 -0.9551
vn -0.1443 -0.3485 -0.9261
vn 0.1134 -0.2737 -0.9551
vn 0.1444 -0.3485 -0.9261
vn 0.2737 -0.1134 -0.9551
vn 0.3485 -0.1444 -0.9261
vn -0.0000 -0.0000 -1.0000
vn -0.0000 -0.0000 1.0000
s 1
usemtl Gold_|_polished_trim
f 3676//4689 3684//4689 3685//4689 3677//4689
f 3677//4690 3685//4690 3686//4690 3678//4690
f 3678//4691 3686//4691 3687//4691 3679//4691
f 3679//4692 3687//4692 3688//4692 3680//4692
f 3680//4693 3688//4693 3689//4693 3681//4693
f 3681//4694 3689//4694 3690//4694 3682//4694
f 3682//4695 3690//4695 3691//4695 3683//4695
f 3683//4696 3691//4696 3684//4696 3676//4696
f 3684//4697 3692//4698 3693//4699 3685//4700
f 3685//4700 3693//4699 3694//4701 3686//4702
f 3686//4702 3694//4701 3695//4703 3687//4704
f 3687//4704 3695//4703 3696//4705 3688//4706
f 3688//4706 3696//4705 3697//4707 3689//4708
f 3689//4708 3697//4707 3698//4709 3690//4710
f 3690//4710 3698//4709 3699//4711 3691//4712
f 3691//4712 3699//4711 3692//4698 3684//4697
f 3692//4698 3700//4713 3693//4699
f 3693//4699 3700//4713 3694//4701
f 3694//4701 3700//4713 3695//4703
f 3695//4703 3700//4713 3696//4705
f 3696//4705 3700//4713 3697//4707
f 3697//4707 3700//4713 3698//4709
f 3698//4709 3700//4713 3699//4711
f 3699//4711 3700//4713 3692//4698
f 3676//4714 3677//4714 3678//4714 3679//4714 3680//4714 3681//4714 3682//4714 3683//4714
o Rivet_|_left_1150
v 0.330201 0.057440 -0.024000
v 0.328540 0.059101 -0.024000
v 0.326191 0.059101 -0.024000
v 0.324530 0.057440 -0.024000
v 0.324530 0.055092 -0.024000
v 0.326191 0.053431 -0.024000
v 0.328540 0.053431 -0.024000
v 0.330201 0.055092 -0.024000
v 0.330201 0.057440 -0.026200
v 0.328540 0.059101 -0.026200
v 0.326191 0.059101 -0.026200
v 0.324530 0.057440 -0.026200
v 0.324530 0.055092 -0.026200
v 0.326191 0.053431 -0.026200
v 0.328540 0.053431 -0.026200
v 0.330201 0.055092 -0.026200
v 0.329067 0.056971 -0.026700
v 0.328070 0.057967 -0.026700
v 0.326661 0.057967 -0.026700
v 0.325664 0.056971 -0.026700
v 0.325664 0.055561 -0.026700
v 0.326661 0.054565 -0.026700
v 0.328070 0.054565 -0.026700
v 0.329067 0.055561 -0.026700
v 0.327366 0.056266 -0.027000
vn 0.7071 0.7071 -0.0000
vn -0.0000 1.0000 -0.0000
vn -0.7071 0.7071 -0.0000
vn -1.0000 -0.0000 -0.0000
vn -0.7071 -0.7071 -0.0000
vn -0.0000 -1.0000 -0.0000
vn 0.7071 -0.7071 -0.0000
vn 1.0000 -0.0000 -0.0000
vn 0.3485 0.1444 -0.9261
vn 0.2737 0.1134 -0.9551
vn 0.1134 0.2737 -0.9551
vn 0.1444 0.3485 -0.9261
vn -0.1134 0.2737 -0.9551
vn -0.1444 0.3485 -0.9261
vn -0.2737 0.1134 -0.9551
vn -0.3485 0.1444 -0.9261
vn -0.2737 -0.1134 -0.9551
vn -0.3485 -0.1444 -0.9261
vn -0.1134 -0.2737 -0.9551
vn -0.1444 -0.3485 -0.9261
vn 0.1134 -0.2737 -0.9551
vn 0.1444 -0.3485 -0.9261
vn 0.2737 -0.1134 -0.9551
vn 0.3485 -0.1444 -0.9261
vn -0.0000 -0.0000 -1.0000
vn -0.0000 -0.0000 1.0000
s 1
usemtl Gold_|_polished_trim
f 3701//4715 3709//4715 3710//4715 3702//4715
f 3702//4716 3710//4716 3711//4716 3703//4716
f 3703//4717 3711//4717 3712//4717 3704//4717
f 3704//4718 3712//4718 3713//4718 3705//4718
f 3705//4719 3713//4719 3714//4719 3706//4719
f 3706//4720 3714//4720 3715//4720 3707//4720
f 3707//4721 3715//4721 3716//4721 3708//4721
f 3708//4722 3716//4722 3709//4722 3701//4722
f 3709//4723 3717//4724 3718//4725 3710//4726
f 3710//4726 3718//4725 3719//4727 3711//4728
f 3711//4728 3719//4727 3720//4729 3712//4730
f 3712//4730 3720//4729 3721//4731 3713//4732
f 3713//4732 3721//4731 3722//4733 3714//4734
f 3714//4734 3722//4733 3723//4735 3715//4736
f 3715//4736 3723//4735 3724//4737 3716//4738
f 3716//4738 3724//4737 3717//4724 3709//4723
f 3717//4724 3725//4739 3718//4725
f 3718//4725 3725//4739 3719//4727
f 3719//4727 3725//4739 3720//4729
f 3720//4729 3725//4739 3721//4731
f 3721//4731 3725//4739 3722//4733
f 3722//4733 3725//4739 3723//4735
f 3723//4735 3725//4739 3724//4737
f 3724//4737 3725//4739 3717//4724
f 3701//4740 3702//4740 3703//4740 3704//4740 3705//4740 3706//4740 3707//4740 3708//4740
o Rivet_|_left_1700
v 0.611531 0.093246 -0.030829
v 0.609870 0.094907 -0.030829
v 0.607521 0.094907 -0.030829
v 0.605860 0.093246 -0.030829
v 0.605860 0.090897 -0.030829
v 0.607521 0.089236 -0.030829
v 0.609870 0.089236 -0.030829
v 0.611531 0.090897 -0.030829
v 0.611531 0.093246 -0.033029
v 0.609870 0.094907 -0.033029
v 0.607521 0.094907 -0.033029
v 0.605860 0.093246 -0.033029
v 0.605860 0.090897 -0.033029
v 0.607521 0.089236 -0.033029
v 0.609870 0.089236 -0.033029
v 0.611531 0.090897 -0.033029
v 0.610397 0.092776 -0.033529
v 0.609400 0.093773 -0.033529
v 0.607991 0.093773 -0.033529
v 0.606994 0.092776 -0.033529
v 0.606994 0.091367 -0.033529
v 0.607991 0.090370 -0.033529
v 0.609400 0.090370 -0.033529
v 0.610397 0.091367 -0.033529
v 0.608696 0.092072 -0.033829
vn 0.7071 0.7071 -0.0000
vn -0.0000 1.0000 -0.0000
vn -0.7071 0.7071 -0.0000
vn -1.0000 -0.0000 -0.0000
vn -0.7071 -0.7071 -0.0000
vn -0.0000 -1.0000 -0.0000
vn 0.7071 -0.7071 -0.0000
vn 1.0000 -0.0000 -0.0000
vn 0.3485 0.1444 -0.9261
vn 0.2737 0.1134 -0.9551
vn 0.1134 0.2737 -0.9551
vn 0.1444 0.3485 -0.9261
vn -0.1134 0.2737 -0.9551
vn -0.1444 0.3485 -0.9261
vn -0.2737 0.1134 -0.9551
vn -0.3485 0.1444 -0.9261
vn -0.2737 -0.1134 -0.9551
vn -0.3485 -0.1444 -0.9261
vn -0.1134 -0.2737 -0.9551
vn -0.1444 -0.3485 -0.9261
vn 0.1134 -0.2737 -0.9551
vn 0.1444 -0.3485 -0.9261
vn 0.2737 -0.1134 -0.9551
vn 0.3485 -0.1444 -0.9261
vn -0.0000 -0.0000 -1.0000
vn -0.0000 -0.0000 1.0000
s 1
usemtl Gold_|_polished_trim
f 3726//4741 3734//4741 3735//4741 3727//4741
f 3727//4742 3735//4742 3736//4742 3728//4742
f 3728//4743 3736//4743 3737//4743 3729//4743
f 3729//4744 3737//4744 3738//4744 3730//4744
f 3730//4745 3738//4745 3739//4745 3731//4745
f 3731//4746 3739//4746 3740//4746 3732//4746
f 3732//4747 3740//4747 3741//4747 3733//4747
f 3733//4748 3741//4748 3734//4748 3726//4748
f 3734//4749 3742//4750 3743//4751 3735//4752
f 3735//4752 3743//4751 3744//4753 3736//4754
f 3736//4754 3744//4753 3745//4755 3737//4756
f 3737//4756 3745//4755 3746//4757 3738//4758
f 3738//4758 3746//4757 3747//4759 3739//4760
f 3739//4760 3747//4759 3748//4761 3740//4762
f 3740//4762 3748//4761 3749//4763 3741//4764
f 3741//4764 3749//4763 3742//4750 3734//4749
f 3742//4750 3750//4765 3743//4751
f 3743//4751 3750//4765 3744//4753
f 3744//4753 3750//4765 3745//4755
f 3745//4755 3750//4765 3746//4757
f 3746//4757 3750//4765 3747//4759
f 3747//4759 3750//4765 3748//4761
f 3748//4761 3750//4765 3749//4763
f 3749//4763 3750//4765 3742//4750
f 3726//4766 3727//4766 3728//4766 3729//4766 3730//4766 3731//4766 3732//4766 3733//4766
o Vent_|_right_gold_frame
v 0.127877 0.052174 0.026800
v 0.123626 0.055448 0.026800
v 0.120377 0.059111 0.026800
v 0.118320 0.063398 0.026800
v 0.117647 0.068542 0.026800
v 0.118449 0.073414 0.026800
v 0.120558 0.077412 0.026800
v 0.123770 0.080812 0.026800
v 0.127877 0.083887 0.026800
v 0.132787 0.086353 0.026800
v 0.137599 0.087403 0.026800
v 0.142666 0.087719 0.026800
v 0.148338 0.087980 0.026800
v 0.168805 0.089195 0.026800
v 0.186885 0.089229 0.026800
v 0.204872 0.087743 0.026800
v 0.225064 0.084399 0.026800
v 0.237429 0.081162 0.026800
v 0.248275 0.077117 0.026800
v 0.258512 0.072749 0.026800
v 0.269054 0.068542 0.026800
v 0.258502 0.064489 0.026800
v 0.248248 0.060292 0.026800
v 0.237399 0.056383 0.026800
v 0.225064 0.053197 0.026800
v 0.204876 0.049751 0.026800
v 0.186902 0.048047 0.026800
v 0.168828 0.047767 0.026800
v 0.148338 0.048593 0.026800
v 0.142671 0.048710 0.026800
v 0.137594 0.048857 0.026800
v 0.132773 0.049768 0.026800
v 0.127877 0.052174 0.023200
v 0.123626 0.055448 0.023200
v 0.120377 0.059111 0.023200
v 0.118320 0.063398 0.023200
v 0.117647 0.068542 0.023200
v 0.118449 0.073414 0.023200
v 0.120558 0.077412 0.023200
v 0.123770 0.080812 0.023200
v 0.127877 0.083887 0.023200
v 0.132787 0.086353 0.023200
v 0.137599 0.087403 0.023200
v 0.142666 0.087719 0.023200
v 0.148338 0.087980 0.023200
v 0.168805 0.089195 0.023200
v 0.186885 0.089229 0.023200
v 0.204872 0.087743 0.023200
v 0.225064 0.084399 0.023200
v 0.237429 0.081162 0.023200
v 0.248275 0.077117 0.023200
v 0.258512 0.072749 0.023200
v 0.269054 0.068542 0.023200
v 0.258502 0.064489 0.023200
v 0.248248 0.060292 0.023200
v 0.237399 0.056383 0.023200
v 0.225064 0.053197 0.023200
v 0.204876 0.049751 0.023200
v 0.186902 0.048047 0.023200
v 0.168828 0.047767 0.023200
v 0.148338 0.048593 0.023200
v 0.142671 0.048710 0.023200
v 0.137594 0.048857 0.023200
v 0.132773 0.049768 0.023200
v 0.127652 0.051812 0.023376
v 0.127559 0.051662 0.023800
v 0.127559 0.051662 0.026200
v 0.127652 0.051812 0.026624
v 0.123336 0.055136 0.023376
v 0.123215 0.055007 0.023800
v 0.123215 0.055007 0.026200
v 0.123336 0.055136 0.026624
v 0.120020 0.058874 0.023376
v 0.119872 0.058776 0.023800
v 0.119872 0.058776 0.026200
v 0.120020 0.058874 0.026624
v 0.117908 0.063275 0.023376
v 0.117737 0.063225 0.023800
v 0.117737 0.063225 0.026200
v 0.117908 0.063275 0.026624
v 0.117218 0.068549 0.023376
v 0.117041 0.068552 0.023800
v 0.117041 0.068552 0.026200
v 0.117218 0.068549 0.026624
v 0.118041 0.073551 0.023376
v 0.117873 0.073607 0.023800
v 0.117873 0.073607 0.026200
v 0.118041 0.073551 0.026624
v 0.120210 0.077661 0.023376
v 0.120066 0.077765 0.023800
v 0.120066 0.077765 0.026200
v 0.120210 0.077661 0.026624
v 0.123486 0.081130 0.023376
v 0.123369 0.081261 0.023800
v 0.123369 0.081261 0.026200
v 0.123486 0.081130 0.026624
v 0.127653 0.084250 0.023376
v 0.127560 0.084400 0.023800
v 0.127560 0.084400 0.026200
v 0.127653 0.084250 0.026624
v 0.132645 0.086756 0.023376
v 0.132586 0.086923 0.023800
v 0.132586 0.086923 0.026200
v 0.132645 0.086756 0.026624
v 0.137541 0.087825 0.023376
v 0.137516 0.087999 0.023800
v 0.137516 0.087999 0.026200
v 0.137541 0.087825 0.026624
v 0.142643 0.088142 0.023376
v 0.142633 0.088318 0.023800
v 0.142633 0.088318 0.026200
v 0.142643 0.088142 0.026624
v 0.148315 0.088403 0.023376
v 0.148306 0.088579 0.023800
v 0.148306 0.088579 0.026200
v 0.148315 0.088403 0.026624
v 0.168792 0.089620 0.023376
v 0.168787 0.089795 0.023800
v 0.168787 0.089795 0.026200
v 0.168792 0.089620 0.026624
v 0.186902 0.089654 0.023376
v 0.186909 0.089829 0.023800
v 0.186909 0.089829 0.026200
v 0.186902 0.089654 0.026624
v 0.204925 0.088165 0.023376
v 0.204946 0.088339 0.023800
v 0.204946 0.088339 0.026200
v 0.204925 0.088165 0.026624
v 0.225153 0.084814 0.023376
v 0.225189 0.084986 0.023800
v 0.225189 0.084986 0.026200
v 0.225153 0.084814 0.026624
v 0.237557 0.081568 0.023376
v 0.237610 0.081735 0.023800
v 0.237610 0.081735 0.026200
v 0.237557 0.081568 0.026624
v 0.248432 0.077512 0.023376
v 0.248497 0.077675 0.023800
v 0.248497 0.077675 0.026200
v 0.248432 0.077512 0.026624
v 0.258674 0.073141 0.023376
v 0.258741 0.073304 0.023800
v 0.258741 0.073304 0.026200
v 0.258674 0.073141 0.026624
v 0.270217 0.068535 0.023376
v 0.270699 0.068532 0.023800
v 0.270699 0.068532 0.026200
v 0.270217 0.068535 0.026624
v 0.258659 0.064095 0.023376
v 0.258723 0.063931 0.023800
v 0.258723 0.063931 0.026200
v 0.258659 0.064095 0.026624
v 0.248400 0.059896 0.023376
v 0.248463 0.059732 0.023800
v 0.248463 0.059732 0.026200
v 0.248400 0.059896 0.026624
v 0.237524 0.055977 0.023376
v 0.237576 0.055809 0.023800
v 0.237576 0.055809 0.026200
v 0.237524 0.055977 0.026624
v 0.225153 0.052782 0.023376
v 0.225190 0.052610 0.023800
v 0.225190 0.052610 0.026200
v 0.225153 0.052782 0.026624
v 0.204931 0.049330 0.023376
v 0.204954 0.049156 0.023800
v 0.204954 0.049156 0.026200
v 0.204931 0.049330 0.026624
v 0.186925 0.047623 0.023376
v 0.186935 0.047447 0.023800
v 0.186935 0.047447 0.026200
v 0.186925 0.047623 0.026624
v 0.168823 0.047342 0.023376
v 0.168821 0.047166 0.023800
v 0.168821 0.047166 0.026200
v 0.168823 0.047342 0.026624
v 0.148325 0.048169 0.023376
v 0.148319 0.047994 0.023800
v 0.148319 0.047994 0.026200
v 0.148325 0.048169 0.026624
v 0.142660 0.048285 0.023376
v 0.142656 0.048110 0.023800
v 0.142656 0.048110 0.026200
v 0.142660 0.048285 0.026624
v 0.137548 0.048434 0.023376
v 0.137529 0.048259 0.023800
v 0.137529 0.048259 0.026200
v 0.137548 0.048434 0.026624
v 0.132638 0.049362 0.023376
v 0.132582 0.049193 0.023800
v 0.132582 0.049193 0.026200
v 0.132638 0.049362 0.026624
vn -0.0061 0.1983 0.9801
vn 0.0246 0.1983 0.9798
vn 0.0080 0.1998 0.9798
vn -0.0102 0.1940 0.9809
vn -0.0106 0.1958 0.9806
vn 0.0418 0.1960 0.9797
vn -0.0281 0.2017 0.9790
vn -0.0696 0.1966 0.9780
vn -0.1078 0.1743 0.9788
vn 0.0606 0.1915 0.9796
vn -0.1362 0.1527 0.9788
vn 0.0734 0.1837 0.9802
vn -0.1703 0.1219 0.9778
vn -0.2007 0.0675 0.9773
vn 0.0739 0.1790 0.9811
vn -0.2104 0.0035 0.9776
vn 0.1305 -0.0008 0.9914
vn -0.2028 -0.0602 0.9774
vn 0.0715 -0.1801 0.9810
vn 0.0709 -0.1844 0.9803
vn -0.1747 -0.1161 0.9777
vn 0.0591 -0.1915 0.9797
vn -0.1402 -0.1503 0.9787
vn 0.0419 -0.1955 0.9798
vn -0.1088 -0.1749 0.9785
vn 0.0262 -0.1977 0.9799
vn -0.0662 -0.1987 0.9778
vn -0.0220 -0.2027 0.9790
vn 0.0110 -0.1994 0.9799
vn -0.0048 -0.1955 0.9807
vn -0.0059 -0.1939 0.9810
vn -0.0025 -0.1983 0.9801
vn -0.0061 0.1983 -0.9801
vn 0.0080 0.1998 -0.9798
vn 0.0246 0.1983 -0.9798
vn -0.0102 0.1940 -0.9809
vn -0.0106 0.1958 -0.9806
vn 0.0418 0.1960 -0.9797
vn -0.0281 0.2017 -0.9790
vn -0.0696 0.1966 -0.9780
vn -0.1078 0.1743 -0.9788
vn 0.0606 0.1915 -0.9796
vn -0.1362 0.1527 -0.9788
vn 0.0734 0.1837 -0.9802
vn -0.1703 0.1219 -0.9778
vn -0.2007 0.0675 -0.9773
vn 0.0739 0.1790 -0.9811
vn -0.2104 0.0035 -0.9776
vn 0.1305 -0.0008 -0.9914
vn -0.2028 -0.0602 -0.9774
vn 0.0715 -0.1801 -0.9810
vn 0.0709 -0.1844 -0.9803
vn -0.1747 -0.1161 -0.9777
vn 0.0591 -0.1915 -0.9797
vn -0.1402 -0.1503 -0.9787
vn 0.0419 -0.1955 -0.9798
vn -0.1088 -0.1749 -0.9785
vn 0.0262 -0.1977 -0.9799
vn -0.0662 -0.1987 -0.9778
vn -0.0220 -0.2027 -0.9790
vn 0.0110 -0.1994 -0.9799
vn -0.0048 -0.1955 -0.9807
vn -0.0059 -0.1938 -0.9810
vn -0.0025 -0.1983 -0.9801
vn -0.2013 -0.3236 -0.9245
vn -0.2601 -0.2788 -0.9245
vn -0.5182 -0.8330 -0.1936
vn -0.6693 -0.7174 -0.1936
vn -0.6298 -0.6751 -0.3841
vn -0.4877 -0.7839 -0.3843
vn -0.5182 -0.8330 0.1936
vn -0.6693 -0.7174 0.1936
vn -0.4877 -0.7839 0.3843
vn -0.6298 -0.6751 0.3841
vn -0.2601 -0.2787 0.9245
vn -0.2013 -0.3236 0.9246
vn -0.3161 -0.2100 -0.9252
vn -0.8171 -0.5430 -0.1935
vn -0.7684 -0.5106 -0.3859
vn -0.8171 -0.5430 0.1935
vn -0.7684 -0.5106 0.3859
vn -0.3161 -0.2100 0.9252
vn -0.3629 -0.1078 -0.9256
vn -0.9405 -0.2793 -0.1936
vn -0.8840 -0.2625 -0.3868
vn -0.9405 -0.2793 0.1936
vn -0.8840 -0.2625 0.3868
vn -0.3629 -0.1078 0.9256
vn -0.3791 0.0063 -0.9253
vn -0.9810 0.0162 -0.1935
vn -0.9223 0.0153 -0.3862
vn -0.9810 0.0162 0.1935
vn -0.9223 0.0153 0.3862
vn -0.3791 0.0063 0.9253
vn -0.3587 0.1206 -0.9256
vn -0.9299 0.3126 -0.1936
vn -0.8740 0.2938 -0.3870
vn -0.9299 0.3126 0.1936
vn -0.8740 0.2938 0.3870
vn -0.3587 0.1206 0.9256
vn -0.3088 0.2210 -0.9251
vn -0.7978 0.5710 -0.1935
vn -0.7503 0.5370 -0.3857
vn -0.7978 0.5710 0.1935
vn -0.7503 0.5370 0.3857
vn -0.3087 0.2210 0.9251
vn -0.2539 0.2847 -0.9244
vn -0.6530 0.7322 -0.1937
vn -0.6146 0.6891 -0.3839
vn -0.6530 0.7322 0.1937
vn -0.6146 0.6891 0.3839
vn -0.2539 0.2847 0.9244
vn -0.2007 0.3243 -0.9244
vn -0.5161 0.8343 -0.1937
vn -0.4858 0.7852 -0.3840
vn -0.5161 0.8343 0.1937
vn -0.4858 0.7852 0.3840
vn -0.2007 0.3243 0.9244
vn -0.1268 0.3583 -0.9249
vn -0.3273 0.9249 -0.1935
vn -0.3078 0.8699 -0.3853
vn -0.3273 0.9249 0.1935
vn -0.3078 0.8699 0.3853
vn -0.1268 0.3583 0.9249
vn -0.0527 0.3781 -0.9243
vn -0.1355 0.9716 -0.1938
vn -0.1275 0.9146 -0.3836
vn -0.1355 0.9716 0.1938
vn -0.1275 0.9146 0.3836
vn -0.0527 0.3781 0.9243
vn -0.0207 0.3821 -0.9239
vn -0.0530 0.9794 -0.1949
vn -0.0499 0.9225 -0.3827
vn -0.0530 0.9794 0.1949
vn -0.0499 0.9225 0.3827
vn -0.0207 0.3821 0.9239
vn -0.0201 0.3821 -0.9239
vn -0.0516 0.9794 -0.1953
vn -0.0486 0.9226 -0.3827
vn -0.0516 0.9794 0.1953
vn -0.0486 0.9226 0.3827
vn -0.0201 0.3821 0.9239
vn -0.0117 0.3824 -0.9239
vn -0.0300 0.9804 -0.1945
vn -0.0283 0.9234 -0.3828
vn -0.0300 0.9804 0.1945
vn -0.0283 0.9234 0.3828
vn -0.0117 0.3824 0.9239
vn 0.0154 0.3821 -0.9240
vn 0.0395 0.9802 -0.1942
vn 0.0372 0.9230 -0.3830
vn 0.0395 0.9802 0.1942
vn 0.0372 0.9230 0.3830
vn 0.0154 0.3821 0.9240
vn 0.0470 0.3795 -0.9240
vn 0.1206 0.9735 -0.1943
vn 0.1136 0.9168 -0.3830
vn 0.1206 0.9735 0.1943
vn 0.1136 0.9168 0.3830
vn 0.0470 0.3795 0.9240
vn 0.0797 0.3739 -0.9240
vn 0.2046 0.9594 -0.1942
vn 0.1926 0.9034 -0.3830
vn 0.2046 0.9594 0.1942
vn 0.1926 0.9034 0.3830
vn 0.0797 0.3739 0.9240
vn 0.1153 0.3645 -0.9241
vn 0.2960 0.9353 -0.1941
vn 0.2787 0.8807 -0.3831
vn 0.2960 0.9353 0.1941
vn 0.2787 0.8807 0.3831
vn 0.1153 0.3644 0.9241
vn 0.1420 0.3553 -0.9239
vn 0.3640 0.9109 -0.1946
vn 0.3428 0.8579 -0.3828
vn 0.3640 0.9109 0.1946
vn 0.3428 0.8579 0.3828
vn 0.1420 0.3553 0.9239
vn 0.1460 0.3537 -0.9239
vn 0.3742 0.9065 -0.1954
vn 0.3525 0.8540 -0.3827
vn 0.3742 0.9065 0.1954
vn 0.3525 0.8540 0.3827
vn 0.1460 0.3537 0.9239
vn 0.1418 0.3554 -0.9239
vn 0.3674 0.9208 -0.1311
vn 0.3424 0.8581 -0.3827
vn 0.3674 0.9208 0.1311
vn 0.3424 0.8581 0.3827
vn 0.1418 0.3554 0.9239
vn 0.1372 -0.3572 -0.9239
vn 0.1411 -0.3557 -0.9239
vn 0.3555 -0.9255 -0.1310
vn 0.3616 -0.9116 -0.1954
vn 0.3407 -0.8588 -0.3827
vn 0.3313 -0.8624 -0.3827
vn 0.3555 -0.9255 0.1310
vn 0.3616 -0.9116 0.1954
vn 0.3313 -0.8624 0.3827
vn 0.3407 -0.8588 0.3827
vn 0.1411 -0.3557 0.9239
vn 0.1372 -0.3572 0.9239
vn 0.1373 -0.3571 -0.9239
vn 0.3521 -0.9155 -0.1946
vn 0.3316 -0.8623 -0.3828
vn 0.3521 -0.9155 0.1946
vn 0.3316 -0.8623 0.3827
vn 0.1373 -0.3571 0.9239
vn 0.1127 -0.3653 -0.9240
vn 0.2892 -0.9374 -0.1942
vn 0.2724 -0.8827 -0.3830
vn 0.2892 -0.9374 0.1942
vn 0.2724 -0.8827 0.3830
vn 0.1127 -0.3653 0.9240
vn 0.0801 -0.3739 -0.9240
vn 0.2054 -0.9592 -0.1943
vn 0.1934 -0.9033 -0.3830
vn 0.2054 -0.9592 0.1943
vn 0.1934 -0.9033 0.3830
vn 0.0801 -0.3739 0.9240
vn 0.0503 -0.3791 -0.9240
vn 0.1289 -0.9724 -0.1943
vn 0.1214 -0.9158 -0.3829
vn 0.1289 -0.9724 0.1943
vn 0.1214 -0.9158 0.3829
vn 0.0503 -0.3791 0.9240
vn 0.0210 -0.3819 -0.9240
vn 0.0539 -0.9795 -0.1943
vn 0.0508 -0.9224 -0.3829
vn 0.0539 -0.9795 0.1943
vn 0.0508 -0.9224 0.3829
vn 0.0210 -0.3819 0.9240
vn -0.0047 -0.3825 -0.9239
vn -0.0122 -0.9808 -0.1945
vn -0.0115 -0.9238 -0.3828
vn -0.0122 -0.9808 0.1945
vn -0.0115 -0.9238 0.3828
vn -0.0047 -0.3825 0.9239
vn -0.0116 -0.3825 -0.9239
vn -0.0298 -0.9803 -0.1953
vn -0.0281 -0.9234 -0.3827
vn -0.0298 -0.9803 0.1953
vn -0.0281 -0.9234 0.3827
vn -0.0116 -0.3825 0.9239
vn -0.0095 -0.3826 -0.9239
vn -0.0243 -0.9805 -0.1950
vn -0.0229 -0.9236 -0.3827
vn -0.0243 -0.9805 0.1950
vn -0.0229 -0.9236 0.3827
vn -0.0095 -0.3826 0.9239
vn -0.0411 -0.3795 -0.9243
vn -0.1057 -0.9753 -0.1938
vn -0.0995 -0.9181 -0.3837
vn -0.1057 -0.9753 0.1938
vn -0.0995 -0.9181 0.3837
vn -0.0411 -0.3794 0.9243
vn -0.1201 -0.3602 -0.9251
vn -0.3103 -0.9307 -0.1935
vn -0.2918 -0.8753 -0.3857
vn -0.3103 -0.9307 0.1935
vn -0.2918 -0.8753 0.3857
vn -0.1201 -0.3602 0.9251
vt 0.419355 0.000000
vt 0.483871 0.000000
vt 0.451613 0.000000
vt 0.387097 0.000000
vt 0.354839 0.000000
vt 0.516129 0.000000
vt 0.322581 0.000000
vt 0.290323 0.000000
vt 0.258065 0.000000
vt 0.548387 0.000000
vt 0.225806 0.000000
vt 0.580645 0.000000
vt 0.193548 0.000000
vt 0.161290 0.000000
vt 0.612903 0.000000
vt 0.129032 0.000000
vt 0.645161 0.000000
vt 0.096774 0.000000
vt 0.677419 0.000000
vt 0.709677 0.000000
vt 0.064516 0.000000
vt 0.741935 0.000000
vt 0.032258 0.000000
vt 0.774194 0.000000
vt 0.000000 0.000000
vt 0.806452 0.000000
vt 1.000000 0.000000
vt 0.967742 0.000000
vt 0.838710 0.000000
vt 0.935484 0.000000
vt 0.903226 0.000000
vt 0.870968 0.000000
vt 0.000000 0.200000
vt 0.031250 0.200000
vt 0.031250 0.000000
vt 0.000000 0.400000
vt 0.031250 0.400000
vt 0.000000 0.600000
vt 0.031250 0.600000
vt 0.000000 0.800000
vt 0.031250 0.800000
vt 0.000000 1.000000
vt 0.031250 1.000000
vt 0.062500 0.200000
vt 0.062500 0.000000
vt 0.062500 0.400000
vt 0.062500 0.600000
vt 0.062500 0.800000
vt 0.062500 1.000000
vt 0.093750 0.200000
vt 0.093750 0.000000
vt 0.093750 0.400000
vt 0.093750 0.600000
vt 0.093750 0.800000
vt 0.093750 1.000000
vt 0.125000 0.200000
vt 0.125000 0.000000
vt 0.125000 0.400000
vt 0.125000 0.600000
vt 0.125000 0.800000
vt 0.125000 1.000000
vt 0.156250 0.200000
vt 0.156250 0.000000
vt 0.156250 0.400000
vt 0.156250 0.600000
vt 0.156250 0.800000
vt 0.156250 1.000000
vt 0.187500 0.200000
vt 0.187500 0.000000
vt 0.187500 0.400000
vt 0.187500 0.600000
vt 0.187500 0.800000
vt 0.187500 1.000000
vt 0.218750 0.200000
vt 0.218750 0.000000
vt 0.218750 0.400000
vt 0.218750 0.600000
vt 0.218750 0.800000
vt 0.218750 1.000000
vt 0.250000 0.200000
vt 0.250000 0.000000
vt 0.250000 0.400000
vt 0.250000 0.600000
vt 0.250000 0.800000
vt 0.250000 1.000000
vt 0.281250 0.200000
vt 0.281250 0.000000
vt 0.281250 0.400000
vt 0.281250 0.600000
vt 0.281250 0.800000
vt 0.281250 1.000000
vt 0.312500 0.200000
vt 0.312500 0.000000
vt 0.312500 0.400000
vt 0.312500 0.600000
vt 0.312500 0.800000
vt 0.312500 1.000000
vt 0.343750 0.200000
vt 0.343750 0.000000
vt 0.343750 0.400000
vt 0.343750 0.600000
vt 0.343750 0.800000
vt 0.343750 1.000000
vt 0.375000 0.200000
vt 0.375000 0.000000
vt 0.375000 0.400000
vt 0.375000 0.600000
vt 0.375000 0.800000
vt 0.375000 1.000000
vt 0.406250 0.200000
vt 0.406250 0.000000
vt 0.406250 0.400000
vt 0.406250 0.600000
vt 0.406250 0.800000
vt 0.406250 1.000000
vt 0.437500 0.200000
vt 0.437500 0.000000
vt 0.437500 0.400000
vt 0.437500 0.600000
vt 0.437500 0.800000
vt 0.437500 1.000000
vt 0.468750 0.200000
vt 0.468750 0.000000
vt 0.468750 0.400000
vt 0.468750 0.600000
vt 0.468750 0.800000
vt 0.468750 1.000000
vt 0.500000 0.200000
vt 0.500000 0.000000
vt 0.500000 0.400000
vt 0.500000 0.600000
vt 0.500000 0.800000
vt 0.500000 1.000000
vt 0.531250 0.200000
vt 0.531250 0.000000
vt 0.531250 0.400000
vt 0.531250 0.600000
vt 0.531250 0.800000
vt 0.531250 1.000000
vt 0.562500 0.200000
vt 0.562500 0.000000
vt 0.562500 0.400000
vt 0.562500 0.600000
vt 0.562500 0.800000
vt 0.562500 1.000000
vt 0.593750 0.200000
vt 0.593750 0.000000
vt 0.593750 0.400000
vt 0.593750 0.600000
vt 0.593750 0.800000
vt 0.593750 1.000000
vt 0.625000 0.200000
vt 0.625000 0.000000
vt 0.625000 0.400000
vt 0.625000 0.600000
vt 0.625000 0.800000
vt 0.625000 1.000000
vt 0.656250 0.200000
vt 0.656250 0.000000
vt 0.656250 0.400000
vt 0.656250 0.600000
vt 0.656250 0.800000
vt 0.656250 1.000000
vt 0.687500 0.200000
vt 0.687500 0.000000
vt 0.687500 0.400000
vt 0.687500 0.600000
vt 0.687500 0.800000
vt 0.687500 1.000000
vt 0.718750 0.200000
vt 0.718750 0.000000
vt 0.718750 0.400000
vt 0.718750 0.600000
vt 0.718750 0.800000
vt 0.718750 1.000000
vt 0.750000 0.200000
vt 0.750000 0.000000
vt 0.750000 0.400000
vt 0.750000 0.600000
vt 0.750000 0.800000
vt 0.750000 1.000000
vt 0.781250 0.200000
vt 0.781250 0.000000
vt 0.781250 0.400000
vt 0.781250 0.600000
vt 0.781250 0.800000
vt 0.781250 1.000000
vt 0.812500 0.200000
vt 0.812500 0.000000
vt 0.812500 0.400000
vt 0.812500 0.600000
vt 0.812500 0.800000
vt 0.812500 1.000000
vt 0.843750 0.200000
vt 0.843750 0.000000
vt 0.843750 0.400000
vt 0.843750 0.600000
vt 0.843750 0.800000
vt 0.843750 1.000000
vt 0.875000 0.200000
vt 0.875000 0.000000
vt 0.875000 0.400000
vt 0.875000 0.600000
vt 0.875000 0.800000
vt 0.875000 1.000000
vt 0.906250 0.200000
vt 0.906250 0.000000
vt 0.906250 0.400000
vt 0.906250 0.600000
vt 0.906250 0.800000
vt 0.906250 1.000000
vt 0.937500 0.200000
vt 0.937500 0.000000
vt 0.937500 0.400000
vt 0.937500 0.600000
vt 0.937500 0.800000
vt 0.937500 1.000000
vt 0.968750 0.200000
vt 0.968750 0.000000
vt 0.968750 0.400000
vt 0.968750 0.600000
vt 0.968750 0.800000
vt 0.968750 1.000000
vt 1.000000 0.200000
vt 1.000000 0.400000
vt 1.000000 0.600000
vt 1.000000 0.800000
vt 1.000000 1.000000
s 1
usemtl Gold_|_polished_trim
f 3764/3824/4767 3766/3825/4768 3765/3826/4769
f 3763/3827/4770 3766/3825/4768 3764/3824/4767
f 3762/3828/4771 3766/3825/4768 3763/3827/4770
f 3762/3828/4771 3767/3829/4772 3766/3825/4768
f 3761/3830/4773 3767/3829/4772 3762/3828/4771
f 3760/3831/4774 3767/3829/4772 3761/3830/4773
f 3759/3832/4775 3767/3829/4772 3760/3831/4774
f 3759/3832/4775 3768/3833/4776 3767/3829/4772
f 3758/3834/4777 3768/3833/4776 3759/3832/4775
f 3758/3834/4777 3769/3835/4778 3768/3833/4776
f 3757/3836/4779 3769/3835/4778 3758/3834/4777
f 3756/3837/4780 3769/3835/4778 3757/3836/4779
f 3756/3837/4780 3770/3838/4781 3769/3835/4778
f 3755/3839/4782 3770/3838/4781 3756/3837/4780
f 3755/3839/4782 3771/3840/4783 3770/3838/4781
f 3754/3841/4784 3771/3840/4783 3755/3839/4782
f 3754/3841/4784 3772/3842/4785 3771/3840/4783
f 3754/3841/4784 3773/3843/4786 3772/3842/4785
f 3753/3844/4787 3773/3843/4786 3754/3841/4784
f 3753/3844/4787 3774/3845/4788 3773/3843/4786
f 3752/3846/4789 3774/3845/4788 3753/3844/4787
f 3752/3846/4789 3775/3847/4790 3774/3845/4788
f 3751/3848/4791 3775/3847/4790 3752/3846/4789
f 3751/3848/4791 3776/3849/4792 3775/3847/4790
f 3782/3850/4793 3776/3849/4792 3751/3848/4791
f 3781/3851/4794 3776/3849/4792 3782/3850/4793
f 3781/3851/4794 3777/3852/4795 3776/3849/4792
f 3780/3853/4796 3777/3852/4795 3781/3851/4794
f 3779/3854/4797 3777/3852/4795 3780/3853/4796
f 3778/3855/4798 3777/3852/4795 3779/3854/4797
f 3796/3824/4799 3797/3826/4800 3798/3825/4801
f 3795/3827/4802 3796/3824/4799 3798/3825/4801
f 3794/3828/4803 3795/3827/4802 3798/3825/4801
f 3794/3828/4803 3798/3825/4801 3799/3829/4804
f 3793/3830/4805 3794/3828/4803 3799/3829/4804
f 3792/3831/4806 3793/3830/4805 3799/3829/4804
f 3791/3832/4807 3792/3831/4806 3799/3829/4804
f 3791/3832/4807 3799/3829/4804 3800/3833/4808
f 3790/3834/4809 3791/3832/4807 3800/3833/4808
f 3790/3834/4809 3800/3833/4808 3801/3835/4810
f 3789/3836/4811 3790/3834/4809 3801/3835/4810
f 3788/3837/4812 3789/3836/4811 3801/3835/4810
f 3788/3837/4812 3801/3835/4810 3802/3838/4813
f 3787/3839/4814 3788/3837/4812 3802/3838/4813
f 3787/3839/4814 3802/3838/4813 3803/3840/4815
f 3786/3841/4816 3787/3839/4814 3803/3840/4815
f 3786/3841/4816 3803/3840/4815 3804/3842/4817
f 3786/3841/4816 3804/3842/4817 3805/3843/4818
f 3785/3844/4819 3786/3841/4816 3805/3843/4818
f 3785/3844/4819 3805/3843/4818 3806/3845/4820
f 3784/3846/4821 3785/3844/4819 3806/3845/4820
f 3784/3846/4821 3806/3845/4820 3807/3847/4822
f 3783/3848/4823 3784/3846/4821 3807/3847/4822
f 3783/3848/4823 3807/3847/4822 3808/3849/4824
f 3814/3850/4825 3783/3848/4823 3808/3849/4824
f 3813/3851/4826 3814/3850/4825 3808/3849/4824
f 3813/3851/4826 3808/3849/4824 3809/3852/4827
f 3812/3853/4828 3813/3851/4826 3809/3852/4827
f 3811/3854/4829 3812/3853/4828 3809/3852/4827
f 3810/3855/4830 3811/3854/4829 3809/3852/4827
f 3815/3856/4831 3819/3857/4832 3784/3858/4821 3783/3848/4823
f 3816/3859/4833 3820/3860/4834 3819/3857/4835 3815/3856/4836
f 3817/3861/4837 3821/3862/4838 3820/3860/4834 3816/3859/4833
f 3818/3863/4839 3822/3864/4840 3821/3862/4838 3817/3861/4837
f 3751/3865/4791 3752/3866/4789 3822/3864/4841 3818/3863/4842
f 3819/3857/4832 3823/3867/4843 3785/3868/4819 3784/3858/4821
f 3820/3860/4834 3824/3869/4844 3823/3867/4845 3819/3857/4835
f 3821/3862/4838 3825/3870/4846 3824/3869/4844 3820/3860/4834
f 3822/3864/4840 3826/3871/4847 3825/3870/4846 3821/3862/4838
f 3752/3866/4789 3753/3872/4787 3826/3871/4848 3822/3864/4841
f 3823/3867/4843 3827/3873/4849 3786/3874/4816 3785/3868/4819
f 3824/3869/4844 3828/3875/4850 3827/3873/4851 3823/3867/4845
f 3825/3870/4846 3829/3876/4852 3828/3875/4850 3824/3869/4844
f 3826/3871/4847 3830/3877/4853 3829/3876/4852 3825/3870/4846
f 3753/3872/4787 3754/3878/4784 3830/3877/4854 3826/3871/4848
f 3827/3873/4849 3831/3879/4855 3787/3880/4814 3786/3874/4816
f 3828/3875/4850 3832/3881/4856 3831/3879/4857 3827/3873/4851
f 3829/3876/4852 3833/3882/4858 3832/3881/4856 3828/3875/4850
f 3830/3877/4853 3834/3883/4859 3833/3882/4858 3829/3876/4852
f 3754/3878/4784 3755/3884/4782 3834/3883/4860 3830/3877/4854
f 3831/3879/4855 3835/3885/4861 3788/3886/4812 3787/3880/4814
f 3832/3881/4856 3836/3887/4862 3835/3885/4863 3831/3879/4857
f 3833/3882/4858 3837/3888/4864 3836/3887/4862 3832/3881/4856
f 3834/3883/4859 3838/3889/4865 3837/3888/4864 3833/3882/4858
f 3755/3884/4782 3756/3890/4780 3838/3889/4866 3834/3883/4860
f 3835/3885/4861 3839/3891/4867 3789/3892/4811 3788/3886/4812
f 3836/3887/4862 3840/3893/4868 3839/3891/4869 3835/3885/4863
f 3837/3888/4864 3841/3894/4870 3840/3893/4868 3836/3887/4862
f 3838/3889/4865 3842/3895/4871 3841/3894/4870 3837/3888/4864
f 3756/3890/4780 3757/3896/4779 3842/3895/4872 3838/3889/4866
f 3839/3891/4867 3843/3897/4873 3790/3898/4809 3789/3892/4811
f 3840/3893/4868 3844/3899/4874 3843/3897/4875 3839/3891/4869
f 3841/3894/4870 3845/3900/4876 3844/3899/4874 3840/3893/4868
f 3842/3895/4871 3846/3901/4877 3845/3900/4876 3841/3894/4870
f 3757/3896/4779 3758/3902/4777 3846/3901/4878 3842/3895/4872
f 3843/3897/4873 3847/3903/4879 3791/3904/4807 3790/3898/4809
f 3844/3899/4874 3848/3905/4880 3847/3903/4881 3843/3897/4875
f 3845/3900/4876 3849/3906/4882 3848/3905/4880 3844/3899/4874
f 3846/3901/4877 3850/3907/4883 3849/3906/4882 3845/3900/4876
f 3758/3902/4777 3759/3908/4775 3850/3907/4884 3846/3901/4878
f 3847/3903/4879 3851/3909/4885 3792/3910/4806 3791/3904/4807
f 3848/3905/4880 3852/3911/4886 3851/3909/4887 3847/3903/4881
f 3849/3906/4882 3853/3912/4888 3852/3911/4886 3848/3905/4880
f 3850/3907/4883 3854/3913/4889 3853/3912/4888 3849/3906/4882
f 3759/3908/4775 3760/3914/4774 3854/3913/4890 3850/3907/4884
f 3851/3909/4885 3855/3915/4891 3793/3916/4805 3792/3910/4806
f 3852/3911/4886 3856/3917/4892 3855/3915/4893 3851/3909/4887
f 3853/3912/4888 3857/3918/4894 3856/3917/4892 3852/3911/4886
f 3854/3913/4889 3858/3919/4895 3857/3918/4894 3853/3912/4888
f 3760/3914/4774 3761/3920/4773 3858/3919/4896 3854/3913/4890
f 3855/3915/4891 3859/3921/4897 3794/3922/4803 3793/3916/4805
f 3856/3917/4892 3860/3923/4898 3859/3921/4899 3855/3915/4893
f 3857/3918/4894 3861/3924/4900 3860/3923/4898 3856/3917/4892
f 3858/3919/4895 3862/3925/4901 3861/3924/4900 3857/3918/4894
f 3761/3920/4773 3762/3926/4771 3862/3925/4902 3858/3919/4896
f 3859/3921/4897 3863/3927/4903 3795/3928/4802 3794/3922/4803
f 3860/3923/4898 3864/3929/4904 3863/3927/4905 3859/3921/4899
f 3861/3924/4900 3865/3930/4906 3864/3929/4904 3860/3923/4898
f 3862/3925/4901 3866/3931/4907 3865/3930/4906 3861/3924/4900
f 3762/3926/4771 3763/3932/4770 3866/3931/4908 3862/3925/4902
f 3863/3927/4903 3867/3933/4909 3796/3934/4799 3795/3928/4802
f 3864/3929/4904 3868/3935/4910 3867/3933/4911 3863/3927/4905
f 3865/3930/4906 3869/3936/4912 3868/3935/4910 3864/3929/4904
f 3866/3931/4907 3870/3937/4913 3869/3936/4912 3865/3930/4906
f 3763/3932/4770 3764/3938/4767 3870/3937/4914 3866/3931/4908
f 3867/3933/4909 3871/3939/4915 3797/3940/4800 3796/3934/4799
f 3868/3935/4910 3872/3941/4916 3871/3939/4917 3867/3933/4911
f 3869/3936/4912 3873/3942/4918 3872/3941/4916 3868/3935/4910
f 3870/3937/4913 3874/3943/4919 3873/3942/4918 3869/3936/4912
f 3764/3938/4767 3765/3944/4769 3874/3943/4920 3870/3937/4914
f 3871/3939/4915 3875/3945/4921 3798/3946/4801 3797/3940/4800
f 3872/3941/4916 3876/3947/4922 3875/3945/4923 3871/3939/4917
f 3873/3942/4918 3877/3948/4924 3876/3947/4922 3872/3941/4916
f 3874/3943/4919 3878/3949/4925 3877/3948/4924 3873/3942/4918
f 3765/3944/4769 3766/3950/4768 3878/3949/4926 3874/3943/4920
f 3875/3945/4921 3879/3951/4927 3799/3952/4804 3798/3946/4801
f 3876/3947/4922 3880/3953/4928 3879/3951/4929 3875/3945/4923
f 3877/3948/4924 3881/3954/4930 3880/3953/4928 3876/3947/4922
f 3878/3949/4925 3882/3955/4931 3881/3954/4930 3877/3948/4924
f 3766/3950/4768 3767/3956/4772 3882/3955/4932 3878/3949/4926
f 3879/3951/4927 3883/3957/4933 3800/3958/4808 3799/3952/4804
f 3880/3953/4928 3884/3959/4934 3883/3957/4935 3879/3951/4929
f 3881/3954/4930 3885/3960/4936 3884/3959/4934 3880/3953/4928
f 3882/3955/4931 3886/3961/4937 3885/3960/4936 3881/3954/4930
f 3767/3956/4772 3768/3962/4776 3886/3961/4938 3882/3955/4932
f 3883/3957/4933 3887/3963/4939 3801/3964/4810 3800/3958/4808
f 3884/3959/4934 3888/3965/4940 3887/3963/4941 3883/3957/4935
f 3885/3960/4936 3889/3966/4942 3888/3965/4940 3884/3959/4934
f 3886/3961/4937 3890/3967/4943 3889/3966/4942 3885/3960/4936
f 3768/3962/4776 3769/3968/4778 3890/3967/4944 3886/3961/4938
f 3887/3963/4939 3891/3969/4945 3802/3970/4813 3801/3964/4810
f 3888/3965/4940 3892/3971/4946 3891/3969/4947 3887/3963/4941
f 3889/3966/4942 3893/3972/4948 3892/3971/4946 3888/3965/4940
f 3890/3967/4943 3894/3973/4949 3893/3972/4948 3889/3966/4942
f 3769/3968/4778 3770/3974/4781 3894/3973/4950 3890/3967/4944
f 3891/3969/4945 3895/3975/4951 3803/3976/4815 3802/3970/4813
f 3892/3971/4946 3896/3977/4952 3895/3975/4953 3891/3969/4947
f 3893/3972/4948 3897/3978/4954 3896/3977/4952 3892/3971/4946
f 3894/3973/4949 3898/3979/4955 3897/3978/4954 3893/3972/4948
f 3770/3974/4781 3771/3980/4783 3898/3979/4956 3894/3973/4950
f 3895/3975/4957 3899/3981/4958 3804/3982/4817 3803/3976/4815
f 3896/3977/4959 3900/3983/4960 3899/3981/4961 3895/3975/4962
f 3897/3978/4963 3901/3984/4964 3900/3983/4960 3896/3977/4959
f 3898/3979/4965 3902/3985/4966 3901/3984/4964 3897/3978/4963
f 3771/3980/4783 3772/3986/4785 3902/3985/4967 3898/3979/4968
f 3899/3981/4958 3903/3987/4969 3805/3988/4818 3804/3982/4817
f 3900/3983/4960 3904/3989/4970 3903/3987/4971 3899/3981/4961
f 3901/3984/4964 3905/3990/4972 3904/3989/4970 3900/3983/4960
f 3902/3985/4966 3906/3991/4973 3905/3990/4972 3901/3984/4964
f 3772/3986/4785 3773/3992/4786 3906/3991/4974 3902/3985/4967
f 3903/3987/4969 3907/3993/4975 3806/3994/4820 3805/3988/4818
f 3904/3989/4970 3908/3995/4976 3907/3993/4977 3903/3987/4971
f 3905/3990/4972 3909/3996/4978 3908/3995/4976 3904/3989/4970
f 3906/3991/4973 3910/3997/4979 3909/3996/4978 3905/3990/4972
f 3773/3992/4786 3774/3998/4788 3910/3997/4980 3906/3991/4974
f 3907/3993/4975 3911/3999/4981 3807/4000/4822 3806/3994/4820
f 3908/3995/4976 3912/4001/4982 3911/3999/4983 3907/3993/4977
f 3909/3996/4978 3913/4002/4984 3912/4001/4982 3908/3995/4976
f 3910/3997/4979 3914/4003/4985 3913/4002/4984 3909/3996/4978
f 3774/3998/4788 3775/4004/4790 3914/4003/4986 3910/3997/4980
f 3911/3999/4981 3915/4005/4987 3808/4006/4824 3807/4000/4822
f 3912/4001/4982 3916/4007/4988 3915/4005/4989 3911/3999/4983
f 3913/4002/4984 3917/4008/4990 3916/4007/4988 3912/4001/4982
f 3914/4003/4985 3918/4009/4991 3917/4008/4990 3913/4002/4984
f 3775/4004/4790 3776/4010/4792 3918/4009/4992 3914/4003/4986
f 3915/4005/4987 3919/4011/4993 3809/4012/4827 3808/4006/4824
f 3916/4007/4988 3920/4013/4994 3919/4011/4995 3915/4005/4989
f 3917/4008/4990 3921/4014/4996 3920/4013/4994 3916/4007/4988
f 3918/4009/4991 3922/4015/4997 3921/4014/4996 3917/4008/4990
f 3776/4010/4792 3777/4016/4795 3922/4015/4998 3918/4009/4992
f 3919/4011/4993 3923/4017/4999 3810/4018/4830 3809/4012/4827
f 3920/4013/4994 3924/4019/5000 3923/4017/5001 3919/4011/4995
f 3921/4014/4996 3925/4020/5002 3924/4019/5000 3920/4013/4994
f 3922/4015/4997 3926/4021/5003 3925/4020/5002 3921/4014/4996
f 3777/4016/4795 3778/4022/4798 3926/4021/5004 3922/4015/4998
f 3923/4017/4999 3927/4023/5005 3811/4024/4829 3810/4018/4830
f 3924/4019/5000 3928/4025/5006 3927/4023/5007 3923/4017/5001
f 3925/4020/5002 3929/4026/5008 3928/4025/5006 3924/4019/5000
f 3926/4021/5003 3930/4027/5009 3929/4026/5008 3925/4020/5002
f 3778/4022/4798 3779/4028/4797 3930/4027/5010 3926/4021/5004
f 3927/4023/5005 3931/4029/5011 3812/4030/4828 3811/4024/4829
f 3928/4025/5006 3932/4031/5012 3931/4029/5013 3927/4023/5007
f 3929/4026/5008 3933/4032/5014 3932/4031/5012 3928/4025/5006
f 3930/4027/5009 3934/4033/5015 3933/4032/5014 3929/4026/5008
f 3779/4028/4797 3780/4034/4796 3934/4033/5016 3930/4027/5010
f 3931/4029/5011 3935/4035/5017 3813/4036/4826 3812/4030/4828
f 3932/4031/5012 3936/4037/5018 3935/4035/5019 3931/4029/5013
f 3933/4032/5014 3937/4038/5020 3936/4037/5018 3932/4031/5012
f 3934/4033/5015 3938/4039/5021 3937/4038/5020 3933/4032/5014
f 3780/4034/4796 3781/4040/4794 3938/4039/5022 3934/4033/5016
f 3935/4035/5017 3939/4041/5023 3814/4042/4825 3813/4036/4826
f 3936/4037/5018 3940/4043/5024 3939/4041/5025 3935/4035/5019
f 3937/4038/5020 3941/4044/5026 3940/4043/5024 3936/4037/5018
f 3938/4039/5021 3942/4045/5027 3941/4044/5026 3937/4038/5020
f 3781/4040/4794 3782/4046/4793 3942/4045/5028 3938/4039/5022
f 3939/4041/5023 3815/4047/4831 3783/3850/4823 3814/4042/4825
f 3940/4043/5024 3816/4048/4833 3815/4047/4836 3939/4041/5025
f 3941/4044/5026 3817/4049/4837 3816/4048/4833 3940/4043/5024
f 3942/4045/5027 3818/4050/4839 3817/4049/4837 3941/4044/5026
f 3782/4046/4793 3751/4051/4791 3818/4050/4842 3942/4045/5028
o Vent_|_right_grille
v 0.135038 0.056777 0.028000
v 0.132034 0.059121 0.028000
v 0.129782 0.061764 0.028000
v 0.128368 0.064856 0.028000
v 0.127877 0.068542 0.028000
v 0.128361 0.072238 0.028000
v 0.129765 0.075346 0.028000
v 0.132015 0.077993 0.028000
v 0.135038 0.080307 0.028000
v 0.138972 0.082066 0.028000
v 0.142837 0.082544 0.028000
v 0.146895 0.082415 0.028000
v 0.151407 0.082353 0.028000
v 0.170379 0.083024 0.028000
v 0.187104 0.083039 0.028000
v 0.203755 0.081945 0.028000
v 0.222506 0.079284 0.028000
v 0.232081 0.077088 0.028000
v 0.240537 0.074348 0.028000
v 0.248546 0.071391 0.028000
v 0.256777 0.068542 0.028000
v 0.248544 0.065701 0.028000
v 0.240534 0.062755 0.028000
v 0.232078 0.060017 0.028000
v 0.222506 0.057801 0.028000
v 0.203758 0.054972 0.028000
v 0.187105 0.053630 0.028000
v 0.170378 0.053478 0.028000
v 0.151407 0.054220 0.028000
v 0.146880 0.054257 0.028000
v 0.142816 0.054277 0.028000
v 0.138956 0.054908 0.028000
v 0.135038 0.056777 0.024400
v 0.132034 0.059121 0.024400
v 0.129782 0.061764 0.024400
v 0.128368 0.064856 0.024400
v 0.127877 0.068542 0.024400
v 0.128361 0.072238 0.024400
v 0.129765 0.075346 0.024400
v 0.132015 0.077993 0.024400
v 0.135038 0.080307 0.024400
v 0.138972 0.082066 0.024400
v 0.142837 0.082544 0.024400
v 0.146895 0.082415 0.024400
v 0.151407 0.082353 0.024400
v 0.170379 0.083024 0.024400
v 0.187104 0.083039 0.024400
v 0.203755 0.081945 0.024400
v 0.222506 0.079284 0.024400
v 0.232081 0.077088 0.024400
v 0.240537 0.074348 0.024400
v 0.248546 0.071391 0.024400
v 0.256777 0.068542 0.024400
v 0.248544 0.065701 0.024400
v 0.240534 0.062755 0.024400
v 0.232078 0.060017 0.024400
v 0.222506 0.057801 0.024400
v 0.203758 0.054972 0.024400
v 0.187105 0.053630 0.024400
v 0.170378 0.053478 0.024400
v 0.151407 0.054220 0.024400
v 0.146880 0.054257 0.024400
v 0.142816 0.054277 0.024400
v 0.138956 0.054908 0.024400
v 0.134814 0.056414 0.024576
v 0.134721 0.056264 0.025000
v 0.134721 0.056264 0.027400
v 0.134814 0.056414 0.027824
v 0.131739 0.058813 0.024576
v 0.131617 0.058685 0.025000
v 0.131617 0.058685 0.027400
v 0.131739 0.058813 0.027824
v 0.129420 0.061534 0.024576
v 0.129271 0.061439 0.025000
v 0.129271 0.061439 0.027400
v 0.129420 0.061534 0.027824
v 0.127955 0.064737 0.024576
v 0.127785 0.064688 0.025000
v 0.127785 0.064688 0.027400
v 0.127955 0.064737 0.027824
v 0.127449 0.068542 0.024576
v 0.127272 0.068542 0.025000
v 0.127272 0.068542 0.027400
v 0.127449 0.068542 0.027824
v 0.127949 0.072356 0.024576
v 0.127778 0.072404 0.025000
v 0.127778 0.072404 0.027400
v 0.127949 0.072356 0.027824
v 0.129403 0.075575 0.024576
v 0.129253 0.075670 0.025000
v 0.129253 0.075670 0.027400
v 0.129403 0.075575 0.027824
v 0.131721 0.078302 0.024576
v 0.131599 0.078430 0.025000
v 0.131599 0.078430 0.027400
v 0.131721 0.078302 0.027824
v 0.134820 0.080674 0.024576
v 0.134729 0.080826 0.025000
v 0.134729 0.080826 0.027400
v 0.134820 0.080674 0.027824
v 0.138857 0.082479 0.024576
v 0.138809 0.082650 0.025000
v 0.138809 0.082650 0.027400
v 0.138857 0.082479 0.027824
v 0.142818 0.082969 0.024576
v 0.142810 0.083145 0.025000
v 0.142810 0.083145 0.027400
v 0.142818 0.082969 0.027824
v 0.146904 0.082839 0.024576
v 0.146908 0.083015 0.025000
v 0.146908 0.083015 0.027400
v 0.146904 0.082839 0.027824
v 0.151402 0.082777 0.024576
v 0.151400 0.082953 0.025000
v 0.151400 0.082953 0.027400
v 0.151402 0.082777 0.027824
v 0.170371 0.083448 0.024576
v 0.170368 0.083623 0.025000
v 0.170368 0.083623 0.027400
v 0.170371 0.083448 0.027824
v 0.187118 0.083464 0.024576
v 0.187124 0.083639 0.025000
v 0.187124 0.083639 0.027400
v 0.187118 0.083464 0.027824
v 0.203799 0.082367 0.024576
v 0.203817 0.082542 0.025000
v 0.203817 0.082542 0.027400
v 0.203799 0.082367 0.027824
v 0.222584 0.079701 0.024576
v 0.222616 0.079874 0.025000
v 0.222616 0.079874 0.027400
v 0.222584 0.079701 0.027824
v 0.232194 0.077498 0.024576
v 0.232241 0.077667 0.025000
v 0.232241 0.077667 0.027400
v 0.232194 0.077498 0.027824
v 0.240676 0.074749 0.024576
v 0.240734 0.074915 0.025000
v 0.240734 0.074915 0.027400
v 0.240676 0.074749 0.027824
v 0.248688 0.071790 0.024576
v 0.248748 0.071956 0.025000
v 0.248748 0.071956 0.027400
v 0.248688 0.071790 0.027824
v 0.258076 0.068542 0.024576
v 0.258614 0.068541 0.025000
v 0.258614 0.068541 0.027400
v 0.258076 0.068542 0.027824
v 0.248687 0.065301 0.024576
v 0.248746 0.065135 0.025000
v 0.248746 0.065135 0.027400
v 0.248687 0.065301 0.027824
v 0.240673 0.062354 0.024576
v 0.240730 0.062187 0.025000
v 0.240730 0.062187 0.027400
v 0.240673 0.062354 0.027824
v 0.232191 0.059608 0.024576
v 0.232238 0.059438 0.025000
v 0.232238 0.059438 0.027400
v 0.232191 0.059608 0.027824
v 0.222586 0.057383 0.024576
v 0.222619 0.057211 0.025000
v 0.222619 0.057211 0.027400
v 0.222586 0.057383 0.027824
v 0.203807 0.054550 0.024576
v 0.203827 0.054375 0.025000
v 0.203827 0.054375 0.027400
v 0.203807 0.054550 0.027824
v 0.187124 0.053205 0.024576
v 0.187132 0.053030 0.025000
v 0.187132 0.053030 0.027400
v 0.187124 0.053205 0.027824
v 0.170372 0.053053 0.024576
v 0.170369 0.052878 0.025000
v 0.170369 0.052878 0.027400
v 0.170372 0.053053 0.027824
v 0.151397 0.053796 0.024576
v 0.151392 0.053620 0.025000
v 0.151392 0.053620 0.027400
v 0.151397 0.053796 0.027824
v 0.146877 0.053832 0.024576
v 0.146876 0.053657 0.025000
v 0.146876 0.053657 0.027400
v 0.146877 0.053832 0.027824
v 0.142781 0.053853 0.024576
v 0.142766 0.053677 0.025000
v 0.142766 0.053677 0.027400
v 0.142781 0.053853 0.027824
v 0.138828 0.054500 0.024576
v 0.138775 0.054330 0.025000
v 0.138775 0.054330 0.027400
v 0.138828 0.054500 0.027824
vn -0.0036 0.1971 0.9804
vn 0.0206 0.1984 0.9799
vn 0.0064 0.1989 0.9800
vn -0.0021 0.1921 0.9814
vn -0.0565 0.2029 0.9776
vn 0.0044 0.1939 0.9810
vn -0.0093 0.2035 0.9790
vn -0.1062 0.1785 0.9782
vn 0.0364 0.1966 0.9798
vn -0.1424 0.1499 0.9784
vn 0.0533 0.1929 0.9798
vn -0.1773 0.1123 0.9777
vn 0.0647 0.1866 0.9803
vn -0.2025 0.0576 0.9776
vn 0.0653 0.1825 0.9810
vn -0.2091 -0.0002 0.9779
vn 0.1190 -0.0000 0.9929
vn -0.2024 -0.0583 0.9776
vn 0.0651 -0.1826 0.9810
vn 0.0645 -0.1866 0.9803
vn -0.1769 -0.1127 0.9778
vn 0.0534 -0.1928 0.9798
vn -0.1426 -0.1489 0.9785
vn 0.0374 -0.1961 0.9799
vn -0.1088 -0.1760 0.9784
vn 0.0229 -0.1978 0.9800
vn -0.0628 -0.2004 0.9777
vn 0.0089 -0.1990 0.9800
vn -0.0170 -0.2032 0.9790
vn -0.0013 -0.1949 0.9808
vn -0.0046 -0.1932 0.9812
vn -0.0030 -0.1979 0.9802
vn -0.0036 0.1971 -0.9804
vn 0.0064 0.1989 -0.9800
vn 0.0206 0.1984 -0.9799
vn -0.0021 0.1921 -0.9814
vn -0.0565 0.2029 -0.9776
vn -0.0093 0.2035 -0.9790
vn 0.0044 0.1940 -0.9810
vn -0.1062 0.1785 -0.9782
vn 0.0364 0.1966 -0.9798
vn -0.1424 0.1499 -0.9784
vn 0.0533 0.1929 -0.9798
vn -0.1773 0.1123 -0.9777
vn 0.0647 0.1866 -0.9803
vn -0.2025 0.0576 -0.9776
vn 0.0653 0.1825 -0.9810
vn -0.2091 -0.0002 -0.9779
vn 0.1190 -0.0000 -0.9929
vn -0.2024 -0.0583 -0.9776
vn 0.0651 -0.1826 -0.9810
vn 0.0645 -0.1866 -0.9803
vn -0.1769 -0.1127 -0.9778
vn 0.0534 -0.1928 -0.9798
vn -0.1426 -0.1489 -0.9785
vn 0.0374 -0.1961 -0.9799
vn -0.1088 -0.1760 -0.9784
vn 0.0229 -0.1978 -0.9800
vn -0.0628 -0.2004 -0.9777
vn 0.0089 -0.1990 -0.9800
vn -0.0170 -0.2032 -0.9790
vn -0.0013 -0.1949 -0.9808
vn -0.0046 -0.1932 -0.9812
vn -0.0030 -0.1979 -0.9802
vn -0.2002 -0.3239 -0.9247
vn -0.2635 -0.2752 -0.9246
vn -0.5160 -0.8345 -0.1936
vn -0.6786 -0.7086 -0.1936
vn -0.6385 -0.6667 -0.3844
vn -0.4854 -0.7851 -0.3846
vn -0.5159 -0.8345 0.1936
vn -0.6786 -0.7086 0.1936
vn -0.4854 -0.7851 0.3846
vn -0.6385 -0.6667 0.3844
vn -0.2635 -0.2752 0.9246
vn -0.2002 -0.3238 0.9247
vn -0.3201 -0.2040 -0.9252
vn -0.8274 -0.5272 -0.1935
vn -0.7781 -0.4958 -0.3858
vn -0.8274 -0.5272 0.1935
vn -0.7781 -0.4958 0.3858
vn -0.3201 -0.2040 0.9252
vn -0.3642 -0.1050 -0.9254
vn -0.9427 -0.2717 -0.1935
vn -0.8863 -0.2555 -0.3863
vn -0.9427 -0.2717 0.1935
vn -0.8863 -0.2555 0.3863
vn -0.3642 -0.1050 0.9254
vn -0.3799 -0.0004 -0.9250
vn -0.9811 -0.0010 -0.1935
vn -0.9227 -0.0009 -0.3855
vn -0.9811 -0.0010 0.1935
vn -0.9227 -0.0009 0.3855
vn -0.3799 -0.0004 0.9250
vn -0.3647 0.1038 -0.9253
vn -0.9436 0.2685 -0.1935
vn -0.8872 0.2524 -0.3862
vn -0.9436 0.2685 0.1935
vn -0.8872 0.2524 0.3862
vn -0.3647 0.1038 0.9253
vn -0.3206 0.2030 -0.9252
vn -0.8290 0.5248 -0.1935
vn -0.7795 0.4934 -0.3859
vn -0.8290 0.5248 0.1935
vn -0.7795 0.4934 0.3859
vn -0.3206 0.2030 0.9252
vn -0.2623 0.2761 -0.9246
vn -0.6757 0.7113 -0.1936
vn -0.6358 0.6692 -0.3845
vn -0.6757 0.7113 0.1936
vn -0.6358 0.6692 0.3845
vn -0.2623 0.2761 0.9246
vn -0.1946 0.3269 -0.9248
vn -0.5017 0.8431 -0.1935
vn -0.4720 0.7931 -0.3849
vn -0.5017 0.8431 0.1935
vn -0.4720 0.7931 0.3849
vn -0.1946 0.3269 0.9248
vn -0.1017 0.3652 -0.9254
vn -0.2633 0.9451 -0.1935
vn -0.2476 0.8885 -0.3863
vn -0.2633 0.9451 0.1935
vn -0.2476 0.8885 0.3863
vn -0.1017 0.3652 0.9254
vn -0.0174 0.3813 -0.9243
vn -0.0448 0.9800 -0.1938
vn -0.0422 0.9225 -0.3837
vn -0.0448 0.9800 0.1938
vn -0.0422 0.9225 0.3837
vn -0.0174 0.3813 0.9243
vn 0.0087 0.3826 -0.9239
vn 0.0223 0.9805 -0.1953
vn 0.0210 0.9236 -0.3827
vn 0.0223 0.9805 0.1953
vn 0.0210 0.9236 0.3827
vn 0.0087 0.3826 0.9239
vn -0.0041 0.3826 -0.9239
vn -0.0106 0.9806 -0.1957
vn -0.0100 0.9238 -0.3828
vn -0.0106 0.9806 0.1957
vn -0.0100 0.9238 0.3828
vn -0.0041 0.3826 0.9239
vn -0.0069 0.3826 -0.9239
vn -0.0178 0.9807 -0.1947
vn -0.0168 0.9237 -0.3827
vn -0.0178 0.9807 0.1947
vn -0.0168 0.9237 0.3827
vn -0.0069 0.3826 0.9239
vn 0.0124 0.3823 -0.9240
vn 0.0317 0.9804 -0.1944
vn 0.0299 0.9233 -0.3829
vn 0.0317 0.9804 0.1944
vn 0.0299 0.9233 0.3829
vn 0.0124 0.3823 0.9240
vn 0.0394 0.3804 -0.9240
vn 0.1012 0.9757 -0.1943
vn 0.0953 0.9189 -0.3829
vn 0.1012 0.9757 0.1943
vn 0.0953 0.9189 0.3829
vn 0.0394 0.3804 0.9240
vn 0.0697 0.3760 -0.9240
vn 0.1787 0.9645 -0.1943
vn 0.1683 0.9083 -0.3830
vn 0.1787 0.9645 0.1943
vn 0.1683 0.9083 0.3830
vn 0.0697 0.3760 0.9240
vn 0.1018 0.3686 -0.9240
vn 0.2611 0.9456 -0.1942
vn 0.2458 0.8904 -0.3830
vn 0.2611 0.9456 0.1942
vn 0.2458 0.8904 0.3830
vn 0.1018 0.3686 0.9240
vn 0.1253 0.3615 -0.9239
vn 0.3211 0.9268 -0.1947
vn 0.3025 0.8729 -0.3828
vn 0.3211 0.9268 0.1947
vn 0.3025 0.8729 0.3828
vn 0.1253 0.3615 0.9239
vn 0.1289 0.3603 -0.9239
vn 0.3303 0.9235 -0.1953
vn 0.3111 0.8699 -0.3827
vn 0.3303 0.9235 0.1953
vn 0.3111 0.8699 0.3827
vn 0.1289 0.3603 0.9239
vn 0.1251 0.3616 -0.9239
vn 0.3245 0.9377 -0.1240
vn 0.3021 0.8731 -0.3827
vn 0.3245 0.9377 0.1240
vn 0.3021 0.8731 0.3827
vn 0.1251 0.3616 0.9239
vn 0.1249 -0.3617 -0.9239
vn 0.1285 -0.3605 -0.9239
vn 0.3237 -0.9380 -0.1240
vn 0.3293 -0.9238 -0.1953
vn 0.3102 -0.8703 -0.3827
vn 0.3014 -0.8733 -0.3827
vn 0.3237 -0.9380 0.1240
vn 0.3293 -0.9238 0.1953
vn 0.3014 -0.8733 0.3827
vn 0.3102 -0.8703 0.3827
vn 0.1285 -0.3605 0.9239
vn 0.1249 -0.3617 0.9239
vn 0.1250 -0.3616 -0.9239
vn 0.3204 -0.9271 -0.1947
vn 0.3018 -0.8732 -0.3827
vn 0.3204 -0.9271 0.1947
vn 0.3018 -0.8732 0.3827
vn 0.1250 -0.3616 0.9239
vn 0.1021 -0.3685 -0.9240
vn 0.2620 -0.9453 -0.1942
vn 0.2467 -0.8902 -0.3830
vn 0.2620 -0.9453 0.1942
vn 0.2467 -0.8902 0.3830
vn 0.1021 -0.3685 0.9240
vn 0.0717 -0.3757 -0.9240
vn 0.1840 -0.9635 -0.1943
vn 0.1733 -0.9074 -0.3829
vn 0.1840 -0.9635 0.1943
vn 0.1733 -0.9074 0.3829
vn 0.0717 -0.3757 0.9240
vn 0.0439 -0.3800 -0.9240
vn 0.1126 -0.9744 -0.1944
vn 0.1061 -0.9177 -0.3829
vn 0.1126 -0.9744 0.1944
vn 0.1061 -0.9177 0.3829
vn 0.0439 -0.3800 0.9240
vn 0.0171 -0.3821 -0.9240
vn 0.0439 -0.9799 -0.1944
vn 0.0413 -0.9229 -0.3829
vn 0.0439 -0.9799 0.1944
vn 0.0413 -0.9229 0.3829
vn 0.0171 -0.3821 0.9240
vn -0.0057 -0.3825 -0.9239
vn -0.0147 -0.9808 -0.1946
vn -0.0139 -0.9237 -0.3828
vn -0.0147 -0.9808 0.1946
vn -0.0139 -0.9237 0.3828
vn -0.0057 -0.3825 0.9239
vn -0.0090 -0.3825 -0.9239
vn -0.0231 -0.9804 -0.1955
vn -0.0218 -0.9236 -0.3827
vn -0.0231 -0.9804 0.1955
vn -0.0218 -0.9236 0.3827
vn -0.0090 -0.3825 0.9239
vn -0.0025 -0.3827 -0.9239
vn -0.0065 -0.9808 -0.1951
vn -0.0061 -0.9239 -0.3827
vn -0.0065 -0.9808 0.1951
vn -0.0061 -0.9239 0.3827
vn -0.0025 -0.3827 0.9239
vn -0.0319 -0.3803 -0.9243
vn -0.0819 -0.9776 -0.1938
vn -0.0771 -0.9202 -0.3837
vn -0.0819 -0.9776 0.1938
vn -0.0771 -0.9202 0.3837
vn -0.0319 -0.3803 0.9243
vn -0.1134 -0.3621 -0.9252
vn -0.2933 -0.9362 -0.1935
vn -0.2758 -0.8803 -0.3860
vn -0.2933 -0.9362 0.1935
vn -0.2758 -0.8803 0.3860
vn -0.1134 -0.3621 0.9252
vt 0.419355 0.000000
vt 0.483871 0.000000
vt 0.451613 0.000000
vt 0.387097 0.000000
vt 0.290323 0.000000
vt 0.354839 0.000000
vt 0.322581 0.000000
vt 0.258065 0.000000
vt 0.516129 0.000000
vt 0.225806 0.000000
vt 0.548387 0.000000
vt 0.193548 0.000000
vt 0.580645 0.000000
vt 0.161290 0.000000
vt 0.612903 0.000000
vt 0.129032 0.000000
vt 0.645161 0.000000
vt 0.096774 0.000000
vt 0.677419 0.000000
vt 0.709677 0.000000
vt 0.064516 0.000000
vt 0.741935 0.000000
vt 0.032258 0.000000
vt 0.774194 0.000000
vt 0.000000 0.000000
vt 0.806452 0.000000
vt 1.000000 0.000000
vt 0.838710 0.000000
vt 0.967742 0.000000
vt 0.935484 0.000000
vt 0.903226 0.000000
vt 0.870968 0.000000
vt 0.000000 0.200000
vt 0.031250 0.200000
vt 0.031250 0.000000
vt 0.000000 0.400000
vt 0.031250 0.400000
vt 0.000000 0.600000
vt 0.031250 0.600000
vt 0.000000 0.800000
vt 0.031250 0.800000
vt 0.000000 1.000000
vt 0.031250 1.000000
vt 0.062500 0.200000
vt 0.062500 0.000000
vt 0.062500 0.400000
vt 0.062500 0.600000
vt 0.062500 0.800000
vt 0.062500 1.000000
vt 0.093750 0.200000
vt 0.093750 0.000000
vt 0.093750 0.400000
vt 0.093750 0.600000
vt 0.093750 0.800000
vt 0.093750 1.000000
vt 0.125000 0.200000
vt 0.125000 0.000000
vt 0.125000 0.400000
vt 0.125000 0.600000
vt 0.125000 0.800000
vt 0.125000 1.000000
vt 0.156250 0.200000
vt 0.156250 0.000000
vt 0.156250 0.400000
vt 0.156250 0.600000
vt 0.156250 0.800000
vt 0.156250 1.000000
vt 0.187500 0.200000
vt 0.187500 0.000000
vt 0.187500 0.400000
vt 0.187500 0.600000
vt 0.187500 0.800000
vt 0.187500 1.000000
vt 0.218750 0.200000
vt 0.218750 0.000000
vt 0.218750 0.400000
vt 0.218750 0.600000
vt 0.218750 0.800000
vt 0.218750 1.000000
vt 0.250000 0.200000
vt 0.250000 0.000000
vt 0.250000 0.400000
vt 0.250000 0.600000
vt 0.250000 0.800000
vt 0.250000 1.000000
vt 0.281250 0.200000
vt 0.281250 0.000000
vt 0.281250 0.400000
vt 0.281250 0.600000
vt 0.281250 0.800000
vt 0.281250 1.000000
vt 0.312500 0.200000
vt 0.312500 0.000000
vt 0.312500 0.400000
vt 0.312500 0.600000
vt 0.312500 0.800000
vt 0.312500 1.000000
vt 0.343750 0.200000
vt 0.343750 0.000000
vt 0.343750 0.400000
vt 0.343750 0.600000
vt 0.343750 0.800000
vt 0.343750 1.000000
vt 0.375000 0.200000
vt 0.375000 0.000000
vt 0.375000 0.400000
vt 0.375000 0.600000
vt 0.375000 0.800000
vt 0.375000 1.000000
vt 0.406250 0.200000
vt 0.406250 0.000000
vt 0.406250 0.400000
vt 0.406250 0.600000
vt 0.406250 0.800000
vt 0.406250 1.000000
vt 0.437500 0.200000
vt 0.437500 0.000000
vt 0.437500 0.400000
vt 0.437500 0.600000
vt 0.437500 0.800000
vt 0.437500 1.000000
vt 0.468750 0.200000
vt 0.468750 0.000000
vt 0.468750 0.400000
vt 0.468750 0.600000
vt 0.468750 0.800000
vt 0.468750 1.000000
vt 0.500000 0.200000
vt 0.500000 0.000000
vt 0.500000 0.400000
vt 0.500000 0.600000
vt 0.500000 0.800000
vt 0.500000 1.000000
vt 0.531250 0.200000
vt 0.531250 0.000000
vt 0.531250 0.400000
vt 0.531250 0.600000
vt 0.531250 0.800000
vt 0.531250 1.000000
vt 0.562500 0.200000
vt 0.562500 0.000000
vt 0.562500 0.400000
vt 0.562500 0.600000
vt 0.562500 0.800000
vt 0.562500 1.000000
vt 0.593750 0.200000
vt 0.593750 0.000000
vt 0.593750 0.400000
vt 0.593750 0.600000
vt 0.593750 0.800000
vt 0.593750 1.000000
vt 0.625000 0.200000
vt 0.625000 0.000000
vt 0.625000 0.400000
vt 0.625000 0.600000
vt 0.625000 0.800000
vt 0.625000 1.000000
vt 0.656250 0.200000
vt 0.656250 0.000000
vt 0.656250 0.400000
vt 0.656250 0.600000
vt 0.656250 0.800000
vt 0.656250 1.000000
vt 0.687500 0.200000
vt 0.687500 0.000000
vt 0.687500 0.400000
vt 0.687500 0.600000
vt 0.687500 0.800000
vt 0.687500 1.000000
vt 0.718750 0.200000
vt 0.718750 0.000000
vt 0.718750 0.400000
vt 0.718750 0.600000
vt 0.718750 0.800000
vt 0.718750 1.000000
vt 0.750000 0.200000
vt 0.750000 0.000000
vt 0.750000 0.400000
vt 0.750000 0.600000
vt 0.750000 0.800000
vt 0.750000 1.000000
vt 0.781250 0.200000
vt 0.781250 0.000000
vt 0.781250 0.400000
vt 0.781250 0.600000
vt 0.781250 0.800000
vt 0.781250 1.000000
vt 0.812500 0.200000
vt 0.812500 0.000000
vt 0.812500 0.400000
vt 0.812500 0.600000
vt 0.812500 0.800000
vt 0.812500 1.000000
vt 0.843750 0.200000
vt 0.843750 0.000000
vt 0.843750 0.400000
vt 0.843750 0.600000
vt 0.843750 0.800000
vt 0.843750 1.000000
vt 0.875000 0.200000
vt 0.875000 0.000000
vt 0.875000 0.400000
vt 0.875000 0.600000
vt 0.875000 0.800000
vt 0.875000 1.000000
vt 0.906250 0.200000
vt 0.906250 0.000000
vt 0.906250 0.400000
vt 0.906250 0.600000
vt 0.906250 0.800000
vt 0.906250 1.000000
vt 0.937500 0.200000
vt 0.937500 0.000000
vt 0.937500 0.400000
vt 0.937500 0.600000
vt 0.937500 0.800000
vt 0.937500 1.000000
vt 0.968750 0.200000
vt 0.968750 0.000000
vt 0.968750 0.400000
vt 0.968750 0.600000
vt 0.968750 0.800000
vt 0.968750 1.000000
vt 1.000000 0.200000
vt 1.000000 0.400000
vt 1.000000 0.600000
vt 1.000000 0.800000
vt 1.000000 1.000000
s 1
usemtl Gold_|_dark_grille
f 3956/4052/5029 3958/4053/5030 3957/4054/5031
f 3955/4055/5032 3958/4053/5030 3956/4052/5029
f 3952/4056/5033 3954/4057/5034 3953/4058/5035
f 3952/4056/5033 3955/4055/5032 3954/4057/5034
f 3952/4056/5033 3958/4053/5030 3955/4055/5032
f 3951/4059/5036 3958/4053/5030 3952/4056/5033
f 3951/4059/5036 3959/4060/5037 3958/4053/5030
f 3950/4061/5038 3959/4060/5037 3951/4059/5036
f 3950/4061/5038 3960/4062/5039 3959/4060/5037
f 3949/4063/5040 3960/4062/5039 3950/4061/5038
f 3949/4063/5040 3961/4064/5041 3960/4062/5039
f 3948/4065/5042 3961/4064/5041 3949/4063/5040
f 3948/4065/5042 3962/4066/5043 3961/4064/5041
f 3947/4067/5044 3962/4066/5043 3948/4065/5042
f 3947/4067/5044 3963/4068/5045 3962/4066/5043
f 3946/4069/5046 3963/4068/5045 3947/4067/5044
f 3946/4069/5046 3964/4070/5047 3963/4068/5045
f 3946/4069/5046 3965/4071/5048 3964/4070/5047
f 3945/4072/5049 3965/4071/5048 3946/4069/5046
f 3945/4072/5049 3966/4073/5050 3965/4071/5048
f 3944/4074/5051 3966/4073/5050 3945/4072/5049
f 3944/4074/5051 3967/4075/5052 3966/4073/5050
f 3943/4076/5053 3967/4075/5052 3944/4074/5051
f 3943/4076/5053 3968/4077/5054 3967/4075/5052
f 3974/4078/5055 3968/4077/5054 3943/4076/5053
f 3974/4078/5055 3969/4079/5056 3968/4077/5054
f 3973/4080/5057 3972/4081/5058 3974/4078/5055
f 3972/4081/5058 3971/4082/5059 3974/4078/5055
f 3971/4082/5059 3969/4079/5056 3974/4078/5055
f 3970/4083/5060 3969/4079/5056 3971/4082/5059
f 3988/4052/5061 3989/4054/5062 3990/4053/5063
f 3987/4055/5064 3988/4052/5061 3990/4053/5063
f 3984/4056/5065 3985/4058/5066 3986/4057/5067
f 3984/4056/5065 3986/4057/5067 3987/4055/5064
f 3984/4056/5065 3987/4055/5064 3990/4053/5063
f 3983/4059/5068 3984/4056/5065 3990/4053/5063
f 3983/4059/5068 3990/4053/5063 3991/4060/5069
f 3982/4061/5070 3983/4059/5068 3991/4060/5069
f 3982/4061/5070 3991/4060/5069 3992/4062/5071
f 3981/4063/5072 3982/4061/5070 3992/4062/5071
f 3981/4063/5072 3992/4062/5071 3993/4064/5073
f 3980/4065/5074 3981/4063/5072 3993/4064/5073
f 3980/4065/5074 3993/4064/5073 3994/4066/5075
f 3979/4067/5076 3980/4065/5074 3994/4066/5075
f 3979/4067/5076 3994/4066/5075 3995/4068/5077
f 3978/4069/5078 3979/4067/5076 3995/4068/5077
f 3978/4069/5078 3995/4068/5077 3996/4070/5079
f 3978/4069/5078 3996/4070/5079 3997/4071/5080
f 3977/4072/5081 3978/4069/5078 3997/4071/5080
f 3977/4072/5081 3997/4071/5080 3998/4073/5082
f 3976/4074/5083 3977/4072/5081 3998/4073/5082
f 3976/4074/5083 3998/4073/5082 3999/4075/5084
f 3975/4076/5085 3976/4074/5083 3999/4075/5084
f 3975/4076/5085 3999/4075/5084 4000/4077/5086
f 4006/4078/5087 3975/4076/5085 4000/4077/5086
f 4006/4078/5087 4000/4077/5086 4001/4079/5088
f 4005/4080/5089 4006/4078/5087 4004/4081/5090
f 4004/4081/5090 4006/4078/5087 4003/4082/5091
f 4003/4082/5091 4006/4078/5087 4001/4079/5088
f 4002/4083/5092 4003/4082/5091 4001/4079/5088
f 4007/4084/5093 4011/4085/5094 3976/4086/5083 3975/4076/5085
f 4008/4087/5095 4012/4088/5096 4011/4085/5097 4007/4084/5098
f 4009/4089/5099 4013/4090/5100 4012/4088/5096 4008/4087/5095
f 4010/4091/5101 4014/4092/5102 4013/4090/5100 4009/4089/5099
f 3943/4093/5053 3944/4094/5051 4014/4092/5103 4010/4091/5104
f 4011/4085/5094 4015/4095/5105 3977/4096/5081 3976/4086/5083
f 4012/4088/5096 4016/4097/5106 4015/4095/5107 4011/4085/5097
f 4013/4090/5100 4017/4098/5108 4016/4097/5106 4012/4088/5096
f 4014/4092/5102 4018/4099/5109 4017/4098/5108 4013/4090/5100
f 3944/4094/5051 3945/4100/5049 4018/4099/5110 4014/4092/5103
f 4015/4095/5105 4019/4101/5111 3978/4102/5078 3977/4096/5081
f 4016/4097/5106 4020/4103/5112 4019/4101/5113 4015/4095/5107
f 4017/4098/5108 4021/4104/5114 4020/4103/5112 4016/4097/5106
f 4018/4099/5109 4022/4105/5115 4021/4104/5114 4017/4098/5108
f 3945/4100/5049 3946/4106/5046 4022/4105/5116 4018/4099/5110
f 4019/4101/5111 4023/4107/5117 3979/4108/5076 3978/4102/5078
f 4020/4103/5112 4024/4109/5118 4023/4107/5119 4019/4101/5113
f 4021/4104/5114 4025/4110/5120 4024/4109/5118 4020/4103/5112
f 4022/4105/5115 4026/4111/5121 4025/4110/5120 4021/4104/5114
f 3946/4106/5046 3947/4112/5044 4026/4111/5122 4022/4105/5116
f 4023/4107/5117 4027/4113/5123 3980/4114/5074 3979/4108/5076
f 4024/4109/5118 4028/4115/5124 4027/4113/5125 4023/4107/5119
f 4025/4110/5120 4029/4116/5126 4028/4115/5124 4024/4109/5118
f 4026/4111/5121 4030/4117/5127 4029/4116/5126 4025/4110/5120
f 3947/4112/5044 3948/4118/5042 4030/4117/5128 4026/4111/5122
f 4027/4113/5123 4031/4119/5129 3981/4120/5072 3980/4114/5074
f 4028/4115/5124 4032/4121/5130 4031/4119/5131 4027/4113/5125
f 4029/4116/5126 4033/4122/5132 4032/4121/5130 4028/4115/5124
f 4030/4117/5127 4034/4123/5133 4033/4122/5132 4029/4116/5126
f 3948/4118/5042 3949/4124/5040 4034/4123/5134 4030/4117/5128
f 4031/4119/5129 4035/4125/5135 3982/4126/5070 3981/4120/5072
f 4032/4121/5130 4036/4127/5136 4035/4125/5137 4031/4119/5131
f 4033/4122/5132 4037/4128/5138 4036/4127/5136 4032/4121/5130
f 4034/4123/5133 4038/4129/5139 4037/4128/5138 4033/4122/5132
f 3949/4124/5040 3950/4130/5038 4038/4129/5140 4034/4123/5134
f 4035/4125/5135 4039/4131/5141 3983/4132/5068 3982/4126/5070
f 4036/4127/5136 4040/4133/5142 4039/4131/5143 4035/4125/5137
f 4037/4128/5138 4041/4134/5144 4040/4133/5142 4036/4127/5136
f 4038/4129/5139 4042/4135/5145 4041/4134/5144 4037/4128/5138
f 3950/4130/5038 3951/4136/5036 4042/4135/5146 4038/4129/5140
f 4039/4131/5141 4043/4137/5147 3984/4138/5065 3983/4132/5068
f 4040/4133/5142 4044/4139/5148 4043/4137/5149 4039/4131/5143
f 4041/4134/5144 4045/4140/5150 4044/4139/5148 4040/4133/5142
f 4042/4135/5145 4046/4141/5151 4045/4140/5150 4041/4134/5144
f 3951/4136/5036 3952/4142/5033 4046/4141/5152 4042/4135/5146
f 4043/4137/5147 4047/4143/5153 3985/4144/5066 3984/4138/5065
f 4044/4139/5148 4048/4145/5154 4047/4143/5155 4043/4137/5149
f 4045/4140/5150 4049/4146/5156 4048/4145/5154 4044/4139/5148
f 4046/4141/5151 4050/4147/5157 4049/4146/5156 4045/4140/5150
f 3952/4142/5033 3953/4148/5035 4050/4147/5158 4046/4141/5152
f 4047/4143/5153 4051/4149/5159 3986/4150/5067 3985/4144/5066
f 4048/4145/5154 4052/4151/5160 4051/4149/5161 4047/4143/5155
f 4049/4146/5156 4053/4152/5162 4052/4151/5160 4048/4145/5154
f 4050/4147/5157 4054/4153/5163 4053/4152/5162 4049/4146/5156
f 3953/4148/5035 3954/4154/5034 4054/4153/5164 4050/4147/5158
f 4051/4149/5159 4055/4155/5165 3987/4156/5064 3986/4150/5067
f 4052/4151/5160 4056/4157/5166 4055/4155/5167 4051/4149/5161
f 4053/4152/5162 4057/4158/5168 4056/4157/5166 4052/4151/5160
f 4054/4153/5163 4058/4159/5169 4057/4158/5168 4053/4152/5162
f 3954/4154/5034 3955/4160/5032 4058/4159/5170 4054/4153/5164
f 4055/4155/5165 4059/4161/5171 3988/4162/5061 3987/4156/5064
f 4056/4157/5166 4060/4163/5172 4059/4161/5173 4055/4155/5167
f 4057/4158/5168 4061/4164/5174 4060/4163/5172 4056/4157/5166
f 4058/4159/5169 4062/4165/5175 4061/4164/5174 4057/4158/5168
f 3955/4160/5032 3956/4166/5029 4062/4165/5176 4058/4159/5170
f 4059/4161/5171 4063/4167/5177 3989/4168/5062 3988/4162/5061
f 4060/4163/5172 4064/4169/5178 4063/4167/5179 4059/4161/5173
f 4061/4164/5174 4065/4170/5180 4064/4169/5178 4060/4163/5172
f 4062/4165/5175 4066/4171/5181 4065/4170/5180 4061/4164/5174
f 3956/4166/5029 3957/4172/5031 4066/4171/5182 4062/4165/5176
f 4063/4167/5177 4067/4173/5183 3990/4174/5063 3989/4168/5062
f 4064/4169/5178 4068/4175/5184 4067/4173/5185 4063/4167/5179
f 4065/4170/5180 4069/4176/5186 4068/4175/5184 4064/4169/5178
f 4066/4171/5181 4070/4177/5187 4069/4176/5186 4065/4170/5180
f 3957/4172/5031 3958/4178/5030 4070/4177/5188 4066/4171/5182
f 4067/4173/5183 4071/4179/5189 3991/4180/5069 3990/4174/5063
f 4068/4175/5184 4072/4181/5190 4071/4179/5191 4067/4173/5185
f 4069/4176/5186 4073/4182/5192 4072/4181/5190 4068/4175/5184
f 4070/4177/5187 4074/4183/5193 4073/4182/5192 4069/4176/5186
f 3958/4178/5030 3959/4184/5037 4074/4183/5194 4070/4177/5188
f 4071/4179/5189 4075/4185/5195 3992/4186/5071 3991/4180/5069
f 4072/4181/5190 4076/4187/5196 4075/4185/5197 4071/4179/5191
f 4073/4182/5192 4077/4188/5198 4076/4187/5196 4072/4181/5190
f 4074/4183/5193 4078/4189/5199 4077/4188/5198 4073/4182/5192
f 3959/4184/5037 3960/4190/5039 4078/4189/5200 4074/4183/5194
f 4075/4185/5195 4079/4191/5201 3993/4192/5073 3992/4186/5071
f 4076/4187/5196 4080/4193/5202 4079/4191/5203 4075/4185/5197
f 4077/4188/5198 4081/4194/5204 4080/4193/5202 4076/4187/5196
f 4078/4189/5199 4082/4195/5205 4081/4194/5204 4077/4188/5198
f 3960/4190/5039 3961/4196/5041 4082/4195/5206 4078/4189/5200
f 4079/4191/5201 4083/4197/5207 3994/4198/5075 3993/4192/5073
f 4080/4193/5202 4084/4199/5208 4083/4197/5209 4079/4191/5203
f 4081/4194/5204 4085/4200/5210 4084/4199/5208 4080/4193/5202
f 4082/4195/5205 4086/4201/5211 4085/4200/5210 4081/4194/5204
f 3961/4196/5041 3962/4202/5043 4086/4201/5212 4082/4195/5206
f 4083/4197/5207 4087/4203/5213 3995/4204/5077 3994/4198/5075
f 4084/4199/5208 4088/4205/5214 4087/4203/5215 4083/4197/5209
f 4085/4200/5210 4089/4206/5216 4088/4205/5214 4084/4199/5208
f 4086/4201/5211 4090/4207/5217 4089/4206/5216 4085/4200/5210
f 3962/4202/5043 3963/4208/5045 4090/4207/5218 4086/4201/5212
f 4087/4203/5219 4091/4209/5220 3996/4210/5079 3995/4204/5077
f 4088/4205/5221 4092/4211/5222 4091/4209/5223 4087/4203/5224
f 4089/4206/5225 4093/4212/5226 4092/4211/5222 4088/4205/5221
f 4090/4207/5227 4094/4213/5228 4093/4212/5226 4089/4206/5225
f 3963/4208/5045 3964/4214/5047 4094/4213/5229 4090/4207/5230
f 4091/4209/5220 4095/4215/5231 3997/4216/5080 3996/4210/5079
f 4092/4211/5222 4096/4217/5232 4095/4215/5233 4091/4209/5223
f 4093/4212/5226 4097/4218/5234 4096/4217/5232 4092/4211/5222
f 4094/4213/5228 4098/4219/5235 4097/4218/5234 4093/4212/5226
f 3964/4214/5047 3965/4220/5048 4098/4219/5236 4094/4213/5229
f 4095/4215/5231 4099/4221/5237 3998/4222/5082 3997/4216/5080
f 4096/4217/5232 4100/4223/5238 4099/4221/5239 4095/4215/5233
f 4097/4218/5234 4101/4224/5240 4100/4223/5238 4096/4217/5232
f 4098/4219/5235 4102/4225/5241 4101/4224/5240 4097/4218/5234
f 3965/4220/5048 3966/4226/5050 4102/4225/5242 4098/4219/5236
f 4099/4221/5237 4103/4227/5243 3999/4228/5084 3998/4222/5082
f 4100/4223/5238 4104/4229/5244 4103/4227/5245 4099/4221/5239
f 4101/4224/5240 4105/4230/5246 4104/4229/5244 4100/4223/5238
f 4102/4225/5241 4106/4231/5247 4105/4230/5246 4101/4224/5240
f 3966/4226/5050 3967/4232/5052 4106/4231/5248 4102/4225/5242
f 4103/4227/5243 4107/4233/5249 4000/4234/5086 3999/4228/5084
f 4104/4229/5244 4108/4235/5250 4107/4233/5251 4103/4227/5245
f 4105/4230/5246 4109/4236/5252 4108/4235/5250 4104/4229/5244
f 4106/4231/5247 4110/4237/5253 4109/4236/5252 4105/4230/5246
f 3967/4232/5052 3968/4238/5054 4110/4237/5254 4106/4231/5248
f 4107/4233/5249 4111/4239/5255 4001/4240/5088 4000/4234/5086
f 4108/4235/5250 4112/4241/5256 4111/4239/5257 4107/4233/5251
f 4109/4236/5252 4113/4242/5258 4112/4241/5256 4108/4235/5250
f 4110/4237/5253 4114/4243/5259 4113/4242/5258 4109/4236/5252
f 3968/4238/5054 3969/4244/5056 4114/4243/5260 4110/4237/5254
f 4111/4239/5255 4115/4245/5261 4002/4246/5092 4001/4240/5088
f 4112/4241/5256 4116/4247/5262 4115/4245/5263 4111/4239/5257
f 4113/4242/5258 4117/4248/5264 4116/4247/5262 4112/4241/5256
f 4114/4243/5259 4118/4249/5265 4117/4248/5264 4113/4242/5258
f 3969/4244/5056 3970/4250/5060 4118/4249/5266 4114/4243/5260
f 4115/4245/5261 4119/4251/5267 4003/4252/5091 4002/4246/5092
f 4116/4247/5262 4120/4253/5268 4119/4251/5269 4115/4245/5263
f 4117/4248/5264 4121/4254/5270 4120/4253/5268 4116/4247/5262
f 4118/4249/5265 4122/4255/5271 4121/4254/5270 4117/4248/5264
f 3970/4250/5060 3971/4256/5059 4122/4255/5272 4118/4249/5266
f 4119/4251/5267 4123/4257/5273 4004/4258/5090 4003/4252/5091
f 4120/4253/5268 4124/4259/5274 4123/4257/5275 4119/4251/5269
f 4121/4254/5270 4125/4260/5276 4124/4259/5274 4120/4253/5268
f 4122/4255/5271 4126/4261/5277 4125/4260/5276 4121/4254/5270
f 3971/4256/5059 3972/4262/5058 4126/4261/5278 4122/4255/5272
f 4123/4257/5273 4127/4263/5279 4005/4264/5089 4004/4258/5090
f 4124/4259/5274 4128/4265/5280 4127/4263/5281 4123/4257/5275
f 4125/4260/5276 4129/4266/5282 4128/4265/5280 4124/4259/5274
f 4126/4261/5277 4130/4267/5283 4129/4266/5282 4125/4260/5276
f 3972/4262/5058 3973/4268/5057 4130/4267/5284 4126/4261/5278
f 4127/4263/5279 4131/4269/5285 4006/4270/5087 4005/4264/5089
f 4128/4265/5280 4132/4271/5286 4131/4269/5287 4127/4263/5281
f 4129/4266/5282 4133/4272/5288 4132/4271/5286 4128/4265/5280
f 4130/4267/5283 4134/4273/5289 4133/4272/5288 4129/4266/5282
f 3973/4268/5057 3974/4274/5055 4134/4273/5290 4130/4267/5284
f 4131/4269/5285 4007/4275/5093 3975/4078/5085 4006/4270/5087
f 4132/4271/5286 4008/4276/5095 4007/4275/5098 4131/4269/5287
f 4133/4272/5288 4009/4277/5099 4008/4276/5095 4132/4271/5286
f 4134/4273/5289 4010/4278/5101 4009/4277/5099 4133/4272/5288
f 3974/4274/5055 3943/4279/5053 4010/4278/5104 4134/4273/5290
o Vent_|_right_grille_bar_1
v 0.225064 0.078857 0.026761
v 0.225064 0.078857 0.028039
v 0.225064 0.077749 0.028679
v 0.225064 0.076642 0.028039
v 0.225064 0.076642 0.026761
v 0.225064 0.077749 0.026121
v 0.154476 0.078857 0.026761
v 0.154476 0.078857 0.028039
v 0.154476 0.077749 0.028679
v 0.154476 0.076642 0.028039
v 0.154476 0.076642 0.026761
v 0.154476 0.077749 0.026121
v 0.178900 0.078857 0.026761
v 0.178900 0.078857 0.028039
v 0.178900 0.077749 0.028679
v 0.178900 0.076642 0.028039
v 0.178900 0.076642 0.026761
v 0.178900 0.077749 0.026121
v 0.200639 0.078857 0.026761
v 0.200639 0.078857 0.028039
v 0.200639 0.077749 0.028679
v 0.200639 0.076642 0.028039
v 0.200639 0.076642 0.026761
v 0.200639 0.077749 0.026121
vn 1.0000 -0.0000 -0.0000
vn -1.0000 -0.0000 -0.0000
vn -0.0000 0.8660 -0.5000
vn -0.0000 0.5000 -0.8660
vn -0.0000 0.8660 0.5000
vn -0.0000 0.5000 0.8660
vn -0.0000 -0.8660 0.5000
vn -0.0000 -0.5000 0.8660
vn -0.0000 -0.8660 -0.5000
vn -0.0000 -0.5000 -0.8660
vt 1.000000 0.000000
vt 0.600000 0.000000
vt 0.800000 0.000000
vt 0.400000 0.000000
vt 0.000000 0.000000
vt 0.200000 0.000000
vt 0.000000 1.000000
vt 0.333333 1.000000
vt 0.333333 0.833333
vt 0.000000 0.833333
vt 0.000000 0.166667
vt 0.333333 0.166667
vt 0.333333 0.000000
vt 0.000000 0.333333
vt 0.333333 0.333333
vt 0.000000 0.500000
vt 0.333333 0.500000
vt 0.000000 0.666667
vt 0.333333 0.666667
vt 0.666667 1.000000
vt 0.666667 0.833333
vt 0.666667 0.166667
vt 0.666667 0.000000
vt 0.666667 0.333333
vt 0.666667 0.500000
vt 0.666667 0.666667
vt 1.000000 1.000000
vt 1.000000 0.833333
vt 1.000000 0.166667
vt 1.000000 0.333333
vt 1.000000 0.500000
vt 1.000000 0.666667
s 1
usemtl Gold_|_polished_trim
f 4140/4280/5291 4138/4281/5291 4139/4282/5291
f 4140/4280/5291 4137/4283/5291 4138/4281/5291
f 4135/4284/5291 4137/4283/5291 4140/4280/5291
f 4135/4284/5291 4136/4285/5291 4137/4283/5291
f 4143/4283/5292 4145/4282/5292 4144/4281/5292
f 4143/4283/5292 4146/4280/5292 4145/4282/5292
f 4142/4285/5292 4146/4280/5292 4143/4283/5292
f 4142/4285/5292 4141/4284/5292 4146/4280/5292
f 4141/4286/5293 4147/4287/5293 4152/4288/5294 4146/4289/5294
f 4142/4290/5295 4148/4291/5295 4147/4292/5293 4141/4284/5293
f 4143/4293/5296 4149/4294/5296 4148/4291/5295 4142/4290/5295
f 4144/4295/5297 4150/4296/5297 4149/4294/5298 4143/4293/5298
f 4145/4297/5299 4151/4298/5299 4150/4296/5297 4144/4295/5297
f 4146/4289/5300 4152/4288/5300 4151/4298/5299 4145/4297/5299
f 4147/4287/5293 4153/4299/5293 4158/4300/5294 4152/4288/5294
f 4148/4291/5295 4154/4301/5295 4153/4302/5293 4147/4292/5293
f 4149/4294/5296 4155/4303/5296 4154/4301/5295 4148/4291/5295
f 4150/4296/5297 4156/4304/5297 4155/4303/5298 4149/4294/5298
f 4151/4298/5299 4157/4305/5299 4156/4304/5297 4150/4296/5297
f 4152/4288/5300 4158/4300/5300 4157/4305/5299 4151/4298/5299
f 4153/4299/5293 4135/4306/5293 4140/4307/5294 4158/4300/5294
f 4154/4301/5295 4136/4308/5295 4135/4280/5293 4153/4302/5293
f 4155/4303/5296 4137/4309/5296 4136/4308/5295 4154/4301/5295
f 4156/4304/5297 4138/4310/5297 4137/4309/5298 4155/4303/5298
f 4157/4305/5299 4139/4311/5299 4138/4310/5297 4156/4304/5297
f 4158/4300/5300 4140/4307/5300 4139/4311/5299 4157/4305/5299
o Vent_|_right_grille_bar_2
v 0.225064 0.074765 0.026761
v 0.225064 0.074765 0.028039
v 0.225064 0.073657 0.028679
v 0.225064 0.072550 0.028039
v 0.225064 0.072550 0.026761
v 0.225064 0.073657 0.026121
v 0.154476 0.074765 0.026761
v 0.154476 0.074765 0.028039
v 0.154476 0.073657 0.028679
v 0.154476 0.072550 0.028039
v 0.154476 0.072550 0.026761
v 0.154476 0.073657 0.026121
v 0.178900 0.074765 0.026761
v 0.178900 0.074765 0.028039
v 0.178900 0.073657 0.028679
v 0.178900 0.072550 0.028039
v 0.178900 0.072550 0.026761
v 0.178900 0.073657 0.026121
v 0.200639 0.074765 0.026761
v 0.200639 0.074765 0.028039
v 0.200639 0.073657 0.028679
v 0.200639 0.072550 0.028039
v 0.200639 0.072550 0.026761
v 0.200639 0.073657 0.026121
vn 1.0000 -0.0000 -0.0000
vn -1.0000 -0.0000 -0.0000
vn -0.0000 0.8660 -0.5000
vn -0.0000 0.5000 -0.8660
vn -0.0000 0.8660 0.5000
vn -0.0000 0.5000 0.8660
vn -0.0000 -0.8660 0.5000
vn -0.0000 -0.5000 0.8660
vn -0.0000 -0.8660 -0.5000
vn -0.0000 -0.5000 -0.8660
vt 1.000000 0.000000
vt 0.600000 0.000000
vt 0.800000 0.000000
vt 0.400000 0.000000
vt 0.000000 0.000000
vt 0.200000 0.000000
vt 0.000000 1.000000
vt 0.333333 1.000000
vt 0.333333 0.833333
vt 0.000000 0.833333
vt 0.000000 0.166667
vt 0.333333 0.166667
vt 0.333333 0.000000
vt 0.000000 0.333333
vt 0.333333 0.333333
vt 0.000000 0.500000
vt 0.333333 0.500000
vt 0.000000 0.666667
vt 0.333333 0.666667
vt 0.666667 1.000000
vt 0.666667 0.833333
vt 0.666667 0.166667
vt 0.666667 0.000000
vt 0.666667 0.333333
vt 0.666667 0.500000
vt 0.666667 0.666667
vt 1.000000 1.000000
vt 1.000000 0.833333
vt 1.000000 0.166667
vt 1.000000 0.333333
vt 1.000000 0.500000
vt 1.000000 0.666667
s 1
usemtl Gold_|_polished_trim
f 4164/4312/5301 4162/4313/5301 4163/4314/5301
f 4164/4312/5301 4161/4315/5301 4162/4313/5301
f 4159/4316/5301 4161/4315/5301 4164/4312/5301
f 4159/4316/5301 4160/4317/5301 4161/4315/5301
f 4167/4315/5302 4169/4314/5302 4168/4313/5302
f 4167/4315/5302 4170/4312/5302 4169/4314/5302
f 4166/4317/5302 4170/4312/5302 4167/4315/5302
f 4166/4317/5302 4165/4316/5302 4170/4312/5302
f 4165/4318/5303 4171/4319/5303 4176/4320/5304 4170/4321/5304
f 4166/4322/5305 4172/4323/5305 4171/4324/5303 4165/4316/5303
f 4167/4325/5306 4173/4326/5306 4172/4323/5305 4166/4322/5305
f 4168/4327/5307 4174/4328/5307 4173/4326/5308 4167/4325/5308
f 4169/4329/5309 4175/4330/5309 4174/4328/5307 4168/4327/5307
f 4170/4321/5310 4176/4320/5310 4175/4330/5309 4169/4329/5309
f 4171/4319/5303 4177/4331/5303 4182/4332/5304 4176/4320/5304
f 4172/4323/5305 4178/4333/5305 4177/4334/5303 4171/4324/5303
f 4173/4326/5306 4179/4335/5306 4178/4333/5305 4172/4323/5305
f 4174/4328/5307 4180/4336/5307 4179/4335/5308 4173/4326/5308
f 4175/4330/5309 4181/4337/5309 4180/4336/5307 4174/4328/5307
f 4176/4320/5310 4182/4332/5310 4181/4337/5309 4175/4330/5309
f 4177/4331/5303 4159/4338/5303 4164/4339/5304 4182/4332/5304
f 4178/4333/5305 4160/4340/5305 4159/4312/5303 4177/4334/5303
f 4179/4335/5306 4161/4341/5306 4160/4340/5305 4178/4333/5305
f 4180/4336/5307 4162/4342/5307 4161/4341/5308 4179/4335/5308
f 4181/4337/5309 4163/4343/5309 4162/4342/5307 4180/4336/5307
f 4182/4332/5310 4164/4339/5310 4163/4343/5309 4181/4337/5309
o Vent_|_right_grille_bar_3
v 0.225064 0.070673 0.026761
v 0.225064 0.070673 0.028039
v 0.225064 0.069565 0.028679
v 0.225064 0.068458 0.028039
v 0.225064 0.068458 0.026761
v 0.225064 0.069565 0.026121
v 0.154476 0.070673 0.026761
v 0.154476 0.070673 0.028039
v 0.154476 0.069565 0.028679
v 0.154476 0.068458 0.028039
v 0.154476 0.068458 0.026761
v 0.154476 0.069565 0.026121
v 0.178900 0.070673 0.026761
v 0.178900 0.070673 0.028039
v 0.178900 0.069565 0.028679
v 0.178900 0.068458 0.028039
v 0.178900 0.068458 0.026761
v 0.178900 0.069565 0.026121
v 0.200639 0.070673 0.026761
v 0.200639 0.070673 0.028039
v 0.200639 0.069565 0.028679
v 0.200639 0.068458 0.028039
v 0.200639 0.068458 0.026761
v 0.200639 0.069565 0.026121
vn 1.0000 -0.0000 -0.0000
vn -1.0000 -0.0000 -0.0000
vn -0.0000 0.8660 -0.5000
vn -0.0000 0.5000 -0.8660
vn -0.0000 0.8660 0.5000
vn -0.0000 0.5000 0.8660
vn -0.0000 -0.8660 0.5000
vn -0.0000 -0.5000 0.8660
vn -0.0000 -0.8660 -0.5000
vn -0.0000 -0.5000 -0.8660
vt 1.000000 0.000000
vt 0.600000 0.000000
vt 0.800000 0.000000
vt 0.400000 0.000000
vt 0.000000 0.000000
vt 0.200000 0.000000
vt 0.000000 1.000000
vt 0.333333 1.000000
vt 0.333333 0.833333
vt 0.000000 0.833333
vt 0.000000 0.166667
vt 0.333333 0.166667
vt 0.333333 0.000000
vt 0.000000 0.333333
vt 0.333333 0.333333
vt 0.000000 0.500000
vt 0.333333 0.500000
vt 0.000000 0.666667
vt 0.333333 0.666667
vt 0.666667 1.000000
vt 0.666667 0.833333
vt 0.666667 0.166667
vt 0.666667 0.000000
vt 0.666667 0.333333
vt 0.666667 0.500000
vt 0.666667 0.666667
vt 1.000000 1.000000
vt 1.000000 0.833333
vt 1.000000 0.166667
vt 1.000000 0.333333
vt 1.000000 0.500000
vt 1.000000 0.666667
s 1
usemtl Gold_|_polished_trim
f 4188/4344/5311 4186/4345/5311 4187/4346/5311
f 4188/4344/5311 4185/4347/5311 4186/4345/5311
f 4183/4348/5311 4185/4347/5311 4188/4344/5311
f 4183/4348/5311 4184/4349/5311 4185/4347/5311
f 4191/4347/5312 4193/4346/5312 4192/4345/5312
f 4191/4347/5312 4194/4344/5312 4193/4346/5312
f 4190/4349/5312 4194/4344/5312 4191/4347/5312
f 4190/4349/5312 4189/4348/5312 4194/4344/5312
f 4189/4350/5313 4195/4351/5313 4200/4352/5314 4194/4353/5314
f 4190/4354/5315 4196/4355/5315 4195/4356/5313 4189/4348/5313
f 4191/4357/5316 4197/4358/5316 4196/4355/5315 4190/4354/5315
f 4192/4359/5317 4198/4360/5317 4197/4358/5318 4191/4357/5318
f 4193/4361/5319 4199/4362/5319 4198/4360/5317 4192/4359/5317
f 4194/4353/5320 4200/4352/5320 4199/4362/5319 4193/4361/5319
f 4195/4351/5313 4201/4363/5313 4206/4364/5314 4200/4352/5314
f 4196/4355/5315 4202/4365/5315 4201/4366/5313 4195/4356/5313
f 4197/4358/5316 4203/4367/5316 4202/4365/5315 4196/4355/5315
f 4198/4360/5317 4204/4368/5317 4203/4367/5318 4197/4358/5318
f 4199/4362/5319 4205/4369/5319 4204/4368/5317 4198/4360/5317
f 4200/4352/5320 4206/4364/5320 4205/4369/5319 4199/4362/5319
f 4201/4363/5313 4183/4370/5313 4188/4371/5314 4206/4364/5314
f 4202/4365/5315 4184/4372/5315 4183/4344/5313 4201/4366/5313
f 4203/4367/5316 4185/4373/5316 4184/4372/5315 4202/4365/5315
f 4204/4368/5317 4186/4374/5317 4185/4373/5318 4203/4367/5318
f 4205/4369/5319 4187/4375/5319 4186/4374/5317 4204/4368/5317
f 4206/4364/5320 4188/4371/5320 4187/4375/5319 4205/4369/5319
o Vent_|_right_grille_bar_4
v 0.225064 0.066581 0.026761
v 0.225064 0.066581 0.028039
v 0.225064 0.065473 0.028679
v 0.225064 0.064366 0.028039
v 0.225064 0.064366 0.026761
v 0.225064 0.065473 0.026121
v 0.154476 0.066581 0.026761
v 0.154476 0.066581 0.028039
v 0.154476 0.065473 0.028679
v 0.154476 0.064366 0.028039
v 0.154476 0.064366 0.026761
v 0.154476 0.065473 0.026121
v 0.178900 0.066581 0.026761
v 0.178900 0.066581 0.028039
v 0.178900 0.065473 0.028679
v 0.178900 0.064366 0.028039
v 0.178900 0.064366 0.026761
v 0.178900 0.065473 0.026121
v 0.200639 0.066581 0.026761
v 0.200639 0.066581 0.028039
v 0.200639 0.065473 0.028679
v 0.200639 0.064366 0.028039
v 0.200639 0.064366 0.026761
v 0.200639 0.065473 0.026121
vn 1.0000 -0.0000 -0.0000
vn -1.0000 -0.0000 -0.0000
vn -0.0000 0.8660 -0.5000
vn -0.0000 0.5000 -0.8660
vn -0.0000 0.8660 0.5000
vn -0.0000 0.5000 0.8660
vn -0.0000 -0.8660 0.5000
vn -0.0000 -0.5000 0.8660
vn -0.0000 -0.8660 -0.5000
vn -0.0000 -0.5000 -0.8660
vt 1.000000 0.000000
vt 0.600000 0.000000
vt 0.800000 0.000000
vt 0.400000 0.000000
vt 0.000000 0.000000
vt 0.200000 0.000000
vt 0.000000 1.000000
vt 0.333333 1.000000
vt 0.333333 0.833333
vt 0.000000 0.833333
vt 0.000000 0.166667
vt 0.333333 0.166667
vt 0.333333 0.000000
vt 0.000000 0.333333
vt 0.333333 0.333333
vt 0.000000 0.500000
vt 0.333333 0.500000
vt 0.000000 0.666667
vt 0.333333 0.666667
vt 0.666667 1.000000
vt 0.666667 0.833333
vt 0.666667 0.166667
vt 0.666667 0.000000
vt 0.666667 0.333333
vt 0.666667 0.500000
vt 0.666667 0.666667
vt 1.000000 1.000000
vt 1.000000 0.833333
vt 1.000000 0.166667
vt 1.000000 0.333333
vt 1.000000 0.500000
vt 1.000000 0.666667
s 1
usemtl Gold_|_polished_trim
f 4212/4376/5321 4210/4377/5321 4211/4378/5321
f 4212/4376/5321 4209/4379/5321 4210/4377/5321
f 4207/4380/5321 4209/4379/5321 4212/4376/5321
f 4207/4380/5321 4208/4381/5321 4209/4379/5321
f 4215/4379/5322 4217/4378/5322 4216/4377/5322
f 4215/4379/5322 4218/4376/5322 4217/4378/5322
f 4214/4381/5322 4218/4376/5322 4215/4379/5322
f 4214/4381/5322 4213/4380/5322 4218/4376/5322
f 4213/4382/5323 4219/4383/5323 4224/4384/5324 4218/4385/5324
f 4214/4386/5325 4220/4387/5325 4219/4388/5323 4213/4380/5323
f 4215/4389/5326 4221/4390/5326 4220/4387/5325 4214/4386/5325
f 4216/4391/5327 4222/4392/5327 4221/4390/5328 4215/4389/5328
f 4217/4393/5329 4223/4394/5329 4222/4392/5327 4216/4391/5327
f 4218/4385/5330 4224/4384/5330 4223/4394/5329 4217/4393/5329
f 4219/4383/5323 4225/4395/5323 4230/4396/5324 4224/4384/5324
f 4220/4387/5325 4226/4397/5325 4225/4398/5323 4219/4388/5323
f 4221/4390/5326 4227/4399/5326 4226/4397/5325 4220/4387/5325
f 4222/4392/5327 4228/4400/5327 4227/4399/5328 4221/4390/5328
f 4223/4394/5329 4229/4401/5329 4228/4400/5327 4222/4392/5327
f 4224/4384/5330 4230/4396/5330 4229/4401/5329 4223/4394/5329
f 4225/4395/5323 4207/4402/5323 4212/4403/5324 4230/4396/5324
f 4226/4397/5325 4208/4404/5325 4207/4376/5323 4225/4398/5323
f 4227/4399/5326 4209/4405/5326 4208/4404/5325 4226/4397/5325
f 4228/4400/5327 4210/4406/5327 4209/4405/5328 4227/4399/5328
f 4229/4401/5329 4211/4407/5329 4210/4406/5327 4228/4400/5327
f 4230/4396/5330 4212/4403/5330 4211/4407/5329 4229/4401/5329
o Vent_|_right_grille_bar_5
v 0.225064 0.062489 0.026761
v 0.225064 0.062489 0.028039
v 0.225064 0.061381 0.028679
v 0.225064 0.060274 0.028039
v 0.225064 0.060274 0.026761
v 0.225064 0.061381 0.026121
v 0.154476 0.062489 0.026761
v 0.154476 0.062489 0.028039
v 0.154476 0.061381 0.028679
v 0.154476 0.060274 0.028039
v 0.154476 0.060274 0.026761
v 0.154476 0.061381 0.026121
v 0.178900 0.062489 0.026761
v 0.178900 0.062489 0.028039
v 0.178900 0.061381 0.028679
v 0.178900 0.060274 0.028039
v 0.178900 0.060274 0.026761
v 0.178900 0.061381 0.026121
v 0.200639 0.062489 0.026761
v 0.200639 0.062489 0.028039
v 0.200639 0.061381 0.028679
v 0.200639 0.060274 0.028039
v 0.200639 0.060274 0.026761
v 0.200639 0.061381 0.026121
vn 1.0000 -0.0000 -0.0000
vn -1.0000 -0.0000 -0.0000
vn -0.0000 0.8660 -0.5000
vn -0.0000 0.5000 -0.8660
vn -0.0000 1.0000 -0.0000
vn -0.0000 0.8660 0.5000
vn -0.0000 -0.0000 1.0000
vn -0.0000 0.5000 0.8660
vn -0.0000 -0.5000 0.8660
vn -0.0000 -0.8660 0.5000
vn -0.0000 -0.8660 -0.5000
vn -0.0000 -1.0000 -0.0000
vn -0.0000 -0.5000 -0.8660
vt 1.000000 0.000000
vt 0.600000 0.000000
vt 0.800000 0.000000
vt 0.400000 0.000000
vt 0.000000 0.000000
vt 0.200000 0.000000
vt 0.000000 1.000000
vt 0.333333 1.000000
vt 0.333333 0.833333
vt 0.000000 0.833333
vt 0.000000 0.166667
vt 0.333333 0.166667
vt 0.333333 0.000000
vt 0.000000 0.333333
vt 0.333333 0.333333
vt 0.000000 0.500000
vt 0.333333 0.500000
vt 0.000000 0.666667
vt 0.333333 0.666667
vt 0.666667 1.000000
vt 0.666667 0.833333
vt 0.666667 0.166667
vt 0.666667 0.000000
vt 0.666667 0.333333
vt 0.666667 0.500000
vt 0.666667 0.666667
vt 1.000000 1.000000
vt 1.000000 0.833333
vt 1.000000 0.166667
vt 1.000000 0.333333
vt 1.000000 0.500000
vt 1.000000 0.666667
s 1
usemtl Gold_|_polished_trim
f 4236/4408/5331 4234/4409/5331 4235/4410/5331
f 4236/4408/5331 4233/4411/5331 4234/4409/5331
f 4231/4412/5331 4233/4411/5331 4236/4408/5331
f 4231/4412/5331 4232/4413/5331 4233/4411/5331
f 4239/4411/5332 4241/4410/5332 4240/4409/5332
f 4239/4411/5332 4242/4408/5332 4241/4410/5332
f 4238/4413/5332 4242/4408/5332 4239/4411/5332
f 4238/4413/5332 4237/4412/5332 4242/4408/5332
f 4237/4414/5333 4243/4415/5333 4248/4416/5334 4242/4417/5334
f 4238/4418/5335 4244/4419/5336 4243/4420/5333 4237/4412/5333
f 4239/4421/5337 4245/4422/5337 4244/4419/5336 4238/4418/5338
f 4240/4423/5339 4246/4424/5340 4245/4422/5337 4239/4421/5337
f 4241/4425/5341 4247/4426/5341 4246/4424/5340 4240/4423/5342
f 4242/4417/5343 4248/4416/5343 4247/4426/5341 4241/4425/5341
f 4243/4415/5333 4249/4427/5333 4254/4428/5334 4248/4416/5334
f 4244/4419/5336 4250/4429/5336 4249/4430/5333 4243/4420/5333
f 4245/4422/5337 4251/4431/5338 4250/4429/5336 4244/4419/5336
f 4246/4424/5340 4252/4432/5340 4251/4431/5339 4245/4422/5337
f 4247/4426/5341 4253/4433/5341 4252/4432/5340 4246/4424/5340
f 4248/4416/5343 4254/4428/5343 4253/4433/5341 4247/4426/5341
f 4249/4427/5333 4231/4434/5333 4236/4435/5334 4254/4428/5334
f 4250/4429/5336 4232/4436/5336 4231/4408/5333 4249/4430/5333
f 4251/4431/5338 4233/4437/5338 4232/4436/5336 4250/4429/5336
f 4252/4432/5340 4234/4438/5340 4233/4437/5339 4251/4431/5339
f 4253/4433/5341 4235/4439/5341 4234/4438/5340 4252/4432/5340
f 4254/4428/5343 4236/4435/5343 4235/4439/5341 4253/4433/5341
o Vent_|_right_grille_bar_6
v 0.225064 0.058396 0.026761
v 0.225064 0.058396 0.028039
v 0.225064 0.057289 0.028679
v 0.225064 0.056182 0.028039
v 0.225064 0.056182 0.026761
v 0.225064 0.057289 0.026121
v 0.154476 0.058396 0.026761
v 0.154476 0.058396 0.028039
v 0.154476 0.057289 0.028679
v 0.154476 0.056182 0.028039
v 0.154476 0.056182 0.026761
v 0.154476 0.057289 0.026121
v 0.178900 0.058396 0.026761
v 0.178900 0.058396 0.028039
v 0.178900 0.057289 0.028679
v 0.178900 0.056182 0.028039
v 0.178900 0.056182 0.026761
v 0.178900 0.057289 0.026121
v 0.200639 0.058396 0.026761
v 0.200639 0.058396 0.028039
v 0.200639 0.057289 0.028679
v 0.200639 0.056182 0.028039
v 0.200639 0.056182 0.026761
v 0.200639 0.057289 0.026121
vn 1.0000 -0.0000 -0.0000
vn -1.0000 -0.0000 -0.0000
vn -0.0000 0.8660 -0.5000
vn -0.0000 0.5000 -0.8660
vn -0.0000 1.0000 -0.0000
vn -0.0000 0.8660 0.5000
vn -0.0000 -0.0000 1.0000
vn -0.0000 0.5000 0.8660
vn -0.0000 -0.5000 0.8660
vn -0.0000 -0.8660 0.5000
vn -0.0000 -0.8660 -0.5000
vn -0.0000 -1.0000 -0.0000
vn -0.0000 -0.5000 -0.8660
vt 1.000000 0.000000
vt 0.600000 0.000000
vt 0.800000 0.000000
vt 0.400000 0.000000
vt 0.000000 0.000000
vt 0.200000 0.000000
vt 0.000000 1.000000
vt 0.333333 1.000000
vt 0.333333 0.833333
vt 0.000000 0.833333
vt 0.000000 0.166667
vt 0.333333 0.166667
vt 0.333333 0.000000
vt 0.000000 0.333333
vt 0.333333 0.333333
vt 0.000000 0.500000
vt 0.333333 0.500000
vt 0.000000 0.666667
vt 0.333333 0.666667
vt 0.666667 1.000000
vt 0.666667 0.833333
vt 0.666667 0.166667
vt 0.666667 0.000000
vt 0.666667 0.333333
vt 0.666667 0.500000
vt 0.666667 0.666667
vt 1.000000 1.000000
vt 1.000000 0.833333
vt 1.000000 0.166667
vt 1.000000 0.333333
vt 1.000000 0.500000
vt 1.000000 0.666667
s 1
usemtl Gold_|_polished_trim
f 4260/4440/5344 4258/4441/5344 4259/4442/5344
f 4260/4440/5344 4257/4443/5344 4258/4441/5344
f 4255/4444/5344 4257/4443/5344 4260/4440/5344
f 4255/4444/5344 4256/4445/5344 4257/4443/5344
f 4263/4443/5345 4265/4442/5345 4264/4441/5345
f 4263/4443/5345 4266/4440/5345 4265/4442/5345
f 4262/4445/5345 4266/4440/5345 4263/4443/5345
f 4262/4445/5345 4261/4444/5345 4266/4440/5345
f 4261/4446/5346 4267/4447/5346 4272/4448/5347 4266/4449/5347
f 4262/4450/5348 4268/4451/5349 4267/4452/5346 4261/4444/5346
f 4263/4453/5350 4269/4454/5350 4268/4451/5349 4262/4450/5351
f 4264/4455/5352 4270/4456/5353 4269/4454/5350 4263/4453/5350
f 4265/4457/5354 4271/4458/5354 4270/4456/5353 4264/4455/5355
f 4266/4449/5356 4272/4448/5356 4271/4458/5354 4265/4457/5354
f 4267/4447/5346 4273/4459/5346 4278/4460/5347 4272/4448/5347
f 4268/4451/5349 4274/4461/5349 4273/4462/5346 4267/4452/5346
f 4269/4454/5350 4275/4463/5351 4274/4461/5349 4268/4451/5349
f 4270/4456/5353 4276/4464/5353 4275/4463/5352 4269/4454/5350
f 4271/4458/5354 4277/4465/5354 4276/4464/5353 4270/4456/5353
f 4272/4448/5356 4278/4460/5356 4277/4465/5354 4271/4458/5354
f 4273/4459/5346 4255/4466/5346 4260/4467/5347 4278/4460/5347
f 4274/4461/5349 4256/4468/5349 4255/4440/5346 4273/4462/5346
f 4275/4463/5351 4257/4469/5351 4256/4468/5349 4274/4461/5349
f 4276/4464/5353 4258/4470/5353 4257/4469/5352 4275/4463/5352
f 4277/4465/5354 4259/4471/5354 4258/4470/5353 4276/4464/5353
f 4278/4460/5356 4260/4467/5356 4259/4471/5354 4277/4465/5354
o Vent_|_right_button
v 0.149576 0.070793 0.026000
v 0.147325 0.074691 0.026000
v 0.143427 0.076942 0.026000
v 0.138926 0.076942 0.026000
v 0.135028 0.074691 0.026000
v 0.132777 0.070793 0.026000
v 0.132777 0.066292 0.026000
v 0.135028 0.062393 0.026000
v 0.138926 0.060143 0.026000
v 0.143427 0.060143 0.026000
v 0.147325 0.062393 0.026000
v 0.149576 0.066292 0.026000
v 0.149576 0.070793 0.029400
v 0.147325 0.074691 0.029400
v 0.143427 0.076942 0.029400
v 0.138926 0.076942 0.029400
v 0.135028 0.074691 0.029400
v 0.132777 0.070793 0.029400
v 0.132777 0.066292 0.029400
v 0.135028 0.062393 0.029400
v 0.138926 0.060143 0.029400
v 0.143427 0.060143 0.029400
v 0.147325 0.062393 0.029400
v 0.149576 0.066292 0.029400
v 0.146216 0.069893 0.030400
v 0.144866 0.072231 0.030400
v 0.142527 0.073582 0.030400
v 0.139826 0.073582 0.030400
v 0.137487 0.072231 0.030400
v 0.136137 0.069893 0.030400
v 0.136137 0.067192 0.030400
v 0.137487 0.064853 0.030400
v 0.139826 0.063503 0.030400
v 0.142527 0.063503 0.030400
v 0.144866 0.064853 0.030400
v 0.146216 0.067192 0.030400
v 0.141176 0.068542 0.031000
vn 0.9659 0.2588 -0.0000
vn 0.7071 0.7071 -0.0000
vn 0.2588 0.9659 -0.0000
vn -0.2588 0.9659 -0.0000
vn -0.7071 0.7071 -0.0000
vn -0.9659 0.2588 -0.0000
vn -0.9659 -0.2588 -0.0000
vn -0.7071 -0.7071 -0.0000
vn -0.2588 -0.9659 -0.0000
vn 0.2588 -0.9659 -0.0000
vn 0.7071 -0.7071 -0.0000
vn 0.9659 -0.2588 -0.0000
vn 0.2669 0.0715 0.9611
vn 0.1954 0.1954 0.9611
vn 0.1479 0.1479 0.9779
vn 0.2020 0.0541 0.9779
vn 0.0715 0.2669 0.9611
vn 0.0541 0.2020 0.9779
vn -0.0715 0.2669 0.9611
vn -0.0541 0.2020 0.9779
vn -0.1954 0.1954 0.9611
vn -0.1479 0.1479 0.9779
vn -0.2669 0.0715 0.9611
vn -0.2020 0.0541 0.9779
vn -0.2669 -0.0715 0.9611
vn -0.2020 -0.0541 0.9779
vn -0.1954 -0.1954 0.9611
vn -0.1479 -0.1479 0.9779
vn -0.0715 -0.2669 0.9611
vn -0.0541 -0.2020 0.9779
vn 0.0715 -0.2669 0.9611
vn 0.0541 -0.2020 0.9779
vn 0.1954 -0.1954 0.9611
vn 0.1479 -0.1479 0.9779
vn 0.2669 -0.0715 0.9611
vn 0.2020 -0.0541 0.9779
vn -0.0000 -0.0000 1.0000
vn -0.0000 -0.0000 -1.0000
s 1
usemtl Gold_|_polished_trim
f 4279//5357 4280//5358 4292//5358 4291//5357
f 4280//5358 4281//5359 4293//5359 4292//5358
f 4281//5359 4282//5360 4294//5360 4293//5359
f 4282//5360 4283//5361 4295//5361 4294//5360
f 4283//5361 4284//5362 4296//5362 4295//5361
f 4284//5362 4285//5363 4297//5363 4296//5362
f 4285//5363 4286//5364 4298//5364 4297//5363
f 4286//5364 4287//5365 4299//5365 4298//5364
f 4287//5365 4288//5366 4300//5366 4299//5365
f 4288//5366 4289//5367 4301//5367 4300//5366
f 4289//5367 4290//5368 4302//5368 4301//5367
f 4290//5368 4279//5357 4291//5357 4302//5368
f 4291//5369 4292//5370 4304//5371 4303//5372
f 4292//5370 4293//5373 4305//5374 4304//5371
f 4293//5373 4294//5375 4306//5376 4305//5374
f 4294//5375 4295//5377 4307//5378 4306//5376
f 4295//5377 4296//5379 4308//5380 4307//5378
f 4296//5379 4297//5381 4309//5382 4308//5380
f 4297//5381 4298//5383 4310//5384 4309//5382
f 4298//5383 4299//5385 4311//5386 4310//5384
f 4299//5385 4300//5387 4312//5388 4311//5386
f 4300//5387 4301//5389 4313//5390 4312//5388
f 4301//5389 4302//5391 4314//5392 4313//5390
f 4302//5391 4291//5369 4303//5372 4314//5392
f 4303//5372 4304//5371 4315//5393
f 4304//5371 4305//5374 4315//5393
f 4305//5374 4306//5376 4315//5393
f 4306//5376 4307//5378 4315//5393
f 4307//5378 4308//5380 4315//5393
f 4308//5380 4309//5382 4315//5393
f 4309//5382 4310//5384 4315//5393
f 4310//5384 4311//5386 4315//5393
f 4311//5386 4312//5388 4315//5393
f 4312//5388 4313//5390 4315//5393
f 4313//5390 4314//5392 4315//5393
f 4314//5392 4303//5372 4315//5393
f 4279//5394 4290//5394 4289//5394 4288//5394 4287//5394 4286//5394 4285//5394 4284//5394 4283//5394 4282//5394 4281//5394 4280//5394
o Stock_|_right_gold_star
v -0.164706 0.006650 0.026600
v -0.170032 0.009512 0.026600
v -0.175550 0.010615 0.026600
v -0.181144 0.011014 0.026600
v -0.186701 0.011765 0.026600
v -0.180882 0.013179 0.026600
v -0.175020 0.014258 0.026600
v -0.169244 0.016008 0.026600
v -0.163683 0.019437 0.026600
v -0.159410 0.024376 0.026600
v -0.156759 0.029795 0.026600
v -0.154756 0.035406 0.026600
v -0.152430 0.040921 0.026600
v -0.153907 0.035347 0.026600
v -0.156029 0.029638 0.026600
v -0.156863 0.024199 0.026600
v -0.154476 0.019437 0.026600
v -0.129003 0.009558 0.026600
v -0.100290 0.016197 0.026600
v -0.070281 0.029444 0.026600
v -0.040921 0.039386 0.026600
v -0.070442 0.034014 0.026600
v -0.101060 0.030346 0.026600
v -0.129485 0.023269 0.026600
v -0.152430 0.007673 0.026600
v -0.154915 0.003121 0.026600
v -0.155491 -0.001772 0.026600
v -0.155304 -0.006803 0.026600
v -0.155499 -0.011765 0.026600
v -0.157345 -0.006998 0.026600
v -0.158887 -0.002122 0.026600
v -0.161036 0.002536 0.026600
v -0.164706 0.006650 0.023400
v -0.170032 0.009512 0.023400
v -0.175550 0.010615 0.023400
v -0.181144 0.011014 0.023400
v -0.186701 0.011765 0.023400
v -0.180882 0.013179 0.023400
v -0.175020 0.014258 0.023400
v -0.169244 0.016008 0.023400
v -0.163683 0.019437 0.023400
v -0.159410 0.024376 0.023400
v -0.156759 0.029795 0.023400
v -0.154756 0.035406 0.023400
v -0.152430 0.040921 0.023400
v -0.153907 0.035347 0.023400
v -0.156029 0.029638 0.023400
v -0.156863 0.024199 0.023400
v -0.154476 0.019437 0.023400
v -0.129003 0.009558 0.023400
v -0.100290 0.016197 0.023400
v -0.070281 0.029444 0.023400
v -0.040921 0.039386 0.023400
v -0.070442 0.034014 0.023400
v -0.101060 0.030346 0.023400
v -0.129485 0.023269 0.023400
v -0.152430 0.007673 0.023400
v -0.154915 0.003121 0.023400
v -0.155491 -0.001772 0.023400
v -0.155304 -0.006803 0.023400
v -0.155499 -0.011765 0.023400
v -0.157345 -0.006998 0.023400
v -0.158887 -0.002122 0.023400
v -0.161036 0.002536 0.023400
v -0.164973 0.006311 0.023576
v -0.165083 0.006171 0.024000
v -0.165083 0.006171 0.026000
v -0.164973 0.006311 0.026424
v -0.170177 0.009109 0.023576
v -0.170237 0.008942 0.024000
v -0.170237 0.008942 0.026000
v -0.170177 0.009109 0.026424
v -0.175607 0.010194 0.023576
v -0.175630 0.010019 0.024000
v -0.175630 0.010019 0.026000
v -0.175607 0.010194 0.026424
v -0.181188 0.010592 0.023576
v -0.181206 0.010417 0.024000
v -0.181206 0.010417 0.026000
v -0.181188 0.010592 0.026424
v -0.188987 0.011646 0.023576
v -0.189934 0.011596 0.024000
v -0.189934 0.011596 0.026000
v -0.188987 0.011646 0.026424
v -0.180970 0.013594 0.023576
v -0.181007 0.013766 0.024000
v -0.181007 0.013766 0.026000
v -0.180970 0.013594 0.026424
v -0.175120 0.014671 0.023576
v -0.175162 0.014842 0.024000
v -0.175162 0.014842 0.026000
v -0.175120 0.014671 0.026424
v -0.169420 0.016398 0.023576
v -0.169493 0.016560 0.024000
v -0.169493 0.016560 0.026000
v -0.169420 0.016398 0.026424
v -0.163961 0.019764 0.023576
v -0.164076 0.019900 0.024000
v -0.164076 0.019900 0.026000
v -0.163961 0.019764 0.026424
v -0.159767 0.024612 0.023576
v -0.159915 0.024709 0.024000
v -0.159915 0.024709 0.026000
v -0.159767 0.024612 0.026424
v -0.157150 0.029960 0.023576
v -0.157313 0.030028 0.024000
v -0.157313 0.030028 0.026000
v -0.157150 0.029960 0.026424
v -0.155152 0.035560 0.023576
v -0.155316 0.035623 0.024000
v -0.155316 0.035623 0.026000
v -0.155152 0.035560 0.026424
v -0.150470 0.046657 0.023576
v -0.149658 0.049033 0.024000
v -0.149658 0.049033 0.026000
v -0.150470 0.046657 0.026424
v -0.153502 0.035218 0.023576
v -0.153335 0.035165 0.024000
v -0.153335 0.035165 0.026000
v -0.153502 0.035218 0.026424
v -0.155616 0.029531 0.023576
v -0.155445 0.029486 0.024000
v -0.155445 0.029486 0.026000
v -0.155616 0.029531 0.026424
v -0.156423 0.024269 0.023576
v -0.156240 0.024297 0.024000
v -0.156240 0.024297 0.026000
v -0.156423 0.024269 0.026424
v -0.154170 0.019774 0.023576
v -0.154043 0.019913 0.024000
v -0.154043 0.019913 0.026000
v -0.154170 0.019774 0.026424
v -0.128971 0.010001 0.023576
v -0.128958 0.010184 0.024000
v -0.128958 0.010184 0.026000
v -0.128971 0.010001 0.026424
v -0.100425 0.016602 0.023576
v -0.100480 0.016769 0.024000
v -0.100480 0.016769 0.026000
v -0.100425 0.016602 0.026424
v -0.070435 0.029839 0.023576
v -0.070499 0.030003 0.024000
v -0.070499 0.030003 0.026000
v -0.070435 0.029839 0.026424
v -0.046533 0.037934 0.023576
v -0.048857 0.037332 0.024000
v -0.048857 0.037332 0.026000
v -0.046533 0.037934 0.026424
v -0.070379 0.033594 0.023576
v -0.070353 0.033420 0.024000
v -0.070353 0.033420 0.026000
v -0.070379 0.033594 0.026424
v -0.100983 0.029928 0.023576
v -0.100951 0.029754 0.024000
v -0.100951 0.029754 0.026000
v -0.100983 0.029928 0.026424
v -0.129309 0.022876 0.023576
v -0.129236 0.022713 0.024000
v -0.129236 0.022713 0.026000
v -0.129309 0.022876 0.026424
v -0.152106 0.007379 0.023576
v -0.151973 0.007258 0.024000
v -0.151973 0.007258 0.026000
v -0.152106 0.007379 0.026424
v -0.154503 0.002990 0.023576
v -0.154333 0.002935 0.024000
v -0.154333 0.002935 0.026000
v -0.154503 0.002990 0.026424
v -0.155066 -0.001789 0.023576
v -0.154890 -0.001797 0.024000
v -0.154890 -0.001797 0.026000
v -0.155066 -0.001789 0.026424
v -0.154880 -0.006803 0.023576
v -0.154704 -0.006803 0.024000
v -0.154704 -0.006803 0.026000
v -0.154880 -0.006803 0.026424
v -0.155155 -0.013827 0.023576
v -0.155013 -0.014681 0.024000
v -0.155013 -0.014681 0.026000
v -0.155155 -0.013827 0.026424
v -0.157745 -0.007139 0.023576
v -0.157911 -0.007197 0.024000
v -0.157911 -0.007197 0.026000
v -0.157745 -0.007139 0.026424
v -0.159283 -0.002276 0.023576
v -0.159447 -0.002339 0.024000
v -0.159447 -0.002339 0.026000
v -0.159283 -0.002276 0.026424
v -0.161395 0.002300 0.023576
v -0.161544 0.002203 0.024000
v -0.161544 0.002203 0.026000
v -0.161395 0.002300 0.026424
vn -0.1849 0.0719 0.9801
vn 0.1912 -0.0607 0.9797
vn 0.0092 0.0268 0.9996
vn -0.0000 -0.0000 -1.0000
vn -0.1733 0.0731 0.9821
vn 0.1762 -0.0457 0.9833
vn -0.1487 0.0983 0.9840
vn 0.1492 0.0235 0.9885
vn -0.1134 0.1332 0.9846
vn 0.0951 0.1045 0.9900
vn -0.0732 0.1625 0.9840
vn 0.0225 0.3153 0.9487
vn -0.0444 0.1828 0.9821
vn -0.0414 0.1940 0.9801
vn -0.0715 -0.0037 0.9974
vn -0.0204 -0.1977 0.9800
vn -0.0250 -0.1855 0.9823
vn -0.0594 -0.1652 0.9845
vn 0.1110 -0.1007 0.9887
vn -0.1063 -0.1348 0.9852
vn 0.1612 -0.0514 0.9856
vn -0.1468 -0.0963 0.9845
vn 0.1852 -0.0074 0.9827
vn -0.1746 -0.0676 0.9823
vn 0.1995 -0.0002 0.9799
vn -0.1875 -0.0659 0.9800
vn 0.0128 -0.0768 0.9970
vn -0.1849 0.0719 -0.9801
vn 0.0091 0.0268 -0.9996
vn 0.1912 -0.0607 -0.9797
vn -0.0000 -0.0000 1.0000
vn -0.1733 0.0731 -0.9821
vn 0.1762 -0.0457 -0.9833
vn -0.1487 0.0983 -0.9840
vn 0.1492 0.0235 -0.9885
vn -0.1134 0.1332 -0.9846
vn 0.0951 0.1045 -0.9900
vn -0.0732 0.1625 -0.9840
vn 0.0225 0.3153 -0.9487
vn -0.0444 0.1828 -0.9821
vn -0.0414 0.1940 -0.9801
vn -0.0715 -0.0037 -0.9974
vn -0.0204 -0.1977 -0.9800
vn -0.0250 -0.1855 -0.9823
vn -0.0594 -0.1652 -0.9845
vn 0.1110 -0.1007 -0.9887
vn -0.1063 -0.1348 -0.9852
vn 0.1612 -0.0514 -0.9856
vn -0.1468 -0.0963 -0.9845
vn 0.1852 -0.0074 -0.9827
vn -0.1746 -0.0676 -0.9823
vn 0.1995 -0.0002 -0.9799
vn -0.1875 -0.0659 -0.9800
vn 0.0128 -0.0768 -0.9970
vn -0.2339 -0.2966 -0.9259
vn -0.1283 -0.3567 -0.9254
vn -0.6065 -0.7690 -0.2021
vn -0.3315 -0.9219 -0.2007
vn -0.3121 -0.8680 -0.3863
vn -0.5708 -0.7238 -0.3877
vn -0.6065 -0.7690 0.2021
vn -0.3315 -0.9219 0.2007
vn -0.5708 -0.7238 0.3877
vn -0.3121 -0.8680 0.3863
vn -0.1283 -0.3567 0.9254
vn -0.2339 -0.2966 0.9259
vn -0.0511 -0.3786 -0.9241
vn -0.1312 -0.9716 -0.1970
vn -0.1236 -0.9153 -0.3833
vn -0.1312 -0.9716 0.1970
vn -0.1236 -0.9153 0.3833
vn -0.0511 -0.3786 0.9241
vn -0.0392 -0.3805 -0.9239
vn -0.1006 -0.9757 -0.1944
vn -0.0947 -0.9189 -0.3828
vn -0.1006 -0.9757 0.1944
vn -0.0947 -0.9189 0.3828
vn -0.0392 -0.3805 0.9239
vn -0.0512 -0.3792 -0.9239
vn -0.1334 -0.9872 -0.0875
vn -0.1237 -0.9156 -0.3827
vn -0.1334 -0.9872 0.0875
vn -0.1237 -0.9156 0.3827
vn -0.0512 -0.3792 0.9239
vn -0.0904 0.3719 -0.9239
vn -0.0798 0.3741 -0.9239
vn -0.2353 0.9680 -0.0875
vn -0.2047 0.9593 -0.1945
vn -0.1928 0.9035 -0.3828
vn -0.2182 0.8977 -0.3827
vn -0.2353 0.9680 0.0875
vn -0.2047 0.9593 0.1945
vn -0.2182 0.8977 0.3827
vn -0.1928 0.9035 0.3828
vn -0.0798 0.3741 0.9239
vn -0.0904 0.3719 0.9239
vn -0.0901 0.3714 -0.9241
vn -0.2313 0.9528 -0.1967
vn -0.2179 0.8976 -0.3832
vn -0.2313 0.9528 0.1967
vn -0.2179 0.8976 0.3832
vn -0.0901 0.3714 0.9241
vn -0.1561 0.3464 -0.9250
vn -0.4026 0.8933 -0.1997
vn -0.3791 0.8413 -0.3854
vn -0.4026 0.8933 0.1997
vn -0.3791 0.8413 0.3854
vn -0.1561 0.3464 0.9250
vn -0.2455 0.2886 -0.9254
vn -0.6348 0.7461 -0.2009
vn -0.5977 0.7024 -0.3865
vn -0.6348 0.7461 0.2009
vn -0.5977 0.7024 0.3865
vn -0.2455 0.2886 0.9254
vn -0.3170 0.2095 -0.9250
vn -0.8174 0.5404 -0.1997
vn -0.7697 0.5089 -0.3854
vn -0.8174 0.5404 0.1997
vn -0.7697 0.5089 0.3854
vn -0.3170 0.2095 0.9250
vn -0.3522 0.1484 -0.9241
vn -0.9035 0.3808 -0.1967
vn -0.8511 0.3587 -0.3832
vn -0.9035 0.3808 0.1967
vn -0.8511 0.3587 0.3832
vn -0.3522 0.1484 0.9241
vn -0.3565 0.1387 -0.9239
vn -0.9142 0.3556 -0.1945
vn -0.8610 0.3349 -0.3828
vn -0.9142 0.3556 0.1945
vn -0.8610 0.3349 0.3828
vn -0.3565 0.1387 0.9239
vn -0.3526 0.1488 -0.9239
vn -0.9206 0.3884 -0.0399
vn -0.8512 0.3591 -0.3827
vn -0.9206 0.3884 0.0399
vn -0.8512 0.3591 0.3827
vn -0.3526 0.1488 0.9239
vn 0.3699 -0.0981 -0.9239
vn 0.3644 -0.1157 -0.9240
vn 0.9658 -0.2560 -0.0399
vn 0.9350 -0.2969 -0.1942
vn 0.8804 -0.2796 -0.3831
vn 0.8930 -0.2367 -0.3827
vn 0.9658 -0.2560 0.0399
vn 0.9350 -0.2969 0.1941
vn 0.8930 -0.2367 0.3827
vn 0.8804 -0.2796 0.3831
vn 0.3644 -0.1157 0.9240
vn 0.3699 -0.0981 0.9239
vn 0.3688 -0.0957 -0.9246
vn 0.9487 -0.2462 -0.1985
vn 0.8936 -0.2319 -0.3844
vn 0.9487 -0.2462 0.1985
vn 0.8936 -0.2319 0.3844
vn 0.3688 -0.0957 0.9246
vn 0.3626 0.0571 -0.9302
vn 0.9654 0.1521 -0.2119
vn 0.9059 0.1427 -0.3987
vn 0.9654 0.1521 0.2119
vn 0.9059 0.1427 0.3987
vn 0.3626 0.0571 0.9302
vn 0.2426 0.2667 -0.9328
vn 0.8752 0.4387 -0.2038
vn 0.8259 0.4140 -0.3827
vn 0.8752 0.4387 0.2038
vn 0.8259 0.4140 0.3827
vn 0.2426 0.2667 0.9328
vn 0.0263 0.3672 -0.9298
vn 0.3540 0.9128 -0.2038
vn 0.0697 0.9750 -0.2111
vn 0.0654 0.9152 -0.3977
vn 0.3341 0.8614 -0.3827
vn 0.3540 0.9128 0.2038
vn 0.0697 0.9750 0.2111
vn 0.3341 0.8614 0.3827
vn 0.0654 0.9152 0.3977
vn 0.0263 0.3672 0.9298
vn -0.1205 0.3617 -0.9245
vn -0.3097 0.9300 -0.1982
vn -0.2917 0.8760 -0.3841
vn -0.3097 0.9300 0.1982
vn -0.2917 0.8760 0.3841
vn -0.1205 0.3617 0.9245
vn -0.1387 0.3563 -0.9240
vn -0.3557 0.9142 -0.1942
vn -0.3350 0.8609 -0.3830
vn -0.3557 0.9142 0.1942
vn -0.3350 0.8609 0.3830
vn -0.1387 0.3563 0.9240
vn -0.1227 0.3625 -0.9239
vn -0.3102 0.9161 -0.2542
vn -0.2963 0.8751 -0.3827
vn -0.3102 0.9161 0.2542
vn -0.2963 0.8751 0.3827
vn -0.1227 0.3625 0.9239
vn 0.0685 -0.3765 -0.9239
vn 0.0570 -0.3783 -0.9239
vn 0.1732 -0.9515 -0.2542
vn 0.1462 -0.9700 -0.1945
vn 0.1377 -0.9135 -0.3828
vn 0.1654 -0.9090 -0.3827
vn 0.1732 -0.9515 0.2542
vn 0.1462 -0.9700 0.1945
vn 0.1654 -0.9090 0.3827
vn 0.1377 -0.9135 0.3828
vn 0.0685 -0.3765 0.9239
vn 0.0570 -0.3783 0.9239
vn 0.0690 -0.3758 -0.9241
vn 0.1771 -0.9643 -0.1969
vn 0.1668 -0.9084 -0.3833
vn 0.1771 -0.9643 0.1969
vn 0.1668 -0.9084 0.3833
vn 0.0690 -0.3758 0.9241
vn 0.1541 -0.3447 -0.9260
vn 0.3998 -0.8940 -0.2022
vn 0.3763 -0.8414 -0.3878
vn 0.3998 -0.8940 0.2022
vn 0.3763 -0.8414 0.3878
vn 0.1541 -0.3447 0.9260
vn 0.2766 -0.2510 -0.9276
vn 0.7247 -0.6575 -0.2062
vn 0.6813 -0.6181 -0.3920
vn 0.7247 -0.6575 0.2062
vn 0.6813 -0.6181 0.3920
vn 0.2766 -0.2510 0.9276
vn 0.3589 -0.1144 -0.9263
vn 0.9329 -0.2973 -0.2031
vn 0.8778 -0.2798 -0.3887
vn 0.9329 -0.2973 0.2031
vn 0.8778 -0.2798 0.3887
vn 0.3589 -0.1144 0.9263
vn 0.3814 -0.0153 -0.9243
vn 0.9795 -0.0392 -0.1975
vn 0.9227 -0.0369 -0.3837
vn 0.9795 -0.0392 0.1975
vn 0.9227 -0.0369 0.3837
vn 0.3814 -0.0153 0.9243
vn 0.3824 -0.0004 -0.9240
vn 0.9809 -0.0010 -0.1943
vn 0.9238 -0.0009 -0.3829
vn 0.9809 -0.0010 0.1943
vn 0.9238 -0.0009 0.3829
vn 0.3824 -0.0004 0.9240
vn 0.3824 -0.0150 -0.9239
vn 0.9949 -0.0390 -0.0932
vn 0.9232 -0.0362 -0.3827
vn 0.9949 -0.0390 0.0932
vn 0.9232 -0.0362 0.3827
vn 0.3824 -0.0150 0.9239
vn -0.3569 -0.1382 -0.9239
vn -0.3609 -0.1268 -0.9239
vn -0.9285 -0.3595 -0.0932
vn -0.9254 -0.3252 -0.1945
vn -0.8716 -0.3062 -0.3829
vn -0.8615 -0.3336 -0.3827
vn -0.9285 -0.3595 0.0932
vn -0.9255 -0.3252 0.1944
vn -0.8615 -0.3336 0.3827
vn -0.8716 -0.3062 0.3829
vn -0.3609 -0.1268 0.9239
vn -0.3569 -0.1382 0.9239
vn -0.3563 -0.1379 -0.9241
vn -0.9143 -0.3539 -0.1970
vn -0.8613 -0.3334 -0.3833
vn -0.9143 -0.3539 0.1970
vn -0.8613 -0.3334 0.3833
vn -0.3563 -0.1379 0.9242
vn -0.3170 -0.2079 -0.9254
vn -0.8192 -0.5372 -0.2007
vn -0.7714 -0.5058 -0.3863
vn -0.8192 -0.5372 0.2007
vn -0.7714 -0.5058 0.3863
vn -0.3170 -0.2079 0.9254
vt 0.354839 0.000000
vt 0.419355 0.000000
vt 0.387097 0.000000
vt 0.677419 0.000000
vt 0.645161 0.000000
vt 0.612903 0.000000
vt 0.322581 0.000000
vt 0.451613 0.000000
vt 0.709677 0.000000
vt 0.741935 0.000000
vt 0.290323 0.000000
vt 0.483871 0.000000
vt 0.580645 0.000000
vt 0.258065 0.000000
vt 0.516129 0.000000
vt 0.774194 0.000000
vt 0.225806 0.000000
vt 0.548387 0.000000
vt 0.193548 0.000000
vt 0.161290 0.000000
vt 0.129032 0.000000
vt 0.096774 0.000000
vt 0.064516 0.000000
vt 0.032258 0.000000
vt 0.000000 0.000000
vt 0.806452 0.000000
vt 1.000000 0.000000
vt 0.838710 0.000000
vt 0.967742 0.000000
vt 0.870968 0.000000
vt 0.935484 0.000000
vt 0.903226 0.000000
vt 0.000000 0.200000
vt 0.031250 0.200000
vt 0.031250 0.000000
vt 0.000000 0.400000
vt 0.031250 0.400000
vt 0.000000 0.600000
vt 0.031250 0.600000
vt 0.000000 0.800000
vt 0.031250 0.800000
vt 0.000000 1.000000
vt 0.031250 1.000000
vt 0.062500 0.200000
vt 0.062500 0.000000
vt 0.062500 0.400000
vt 0.062500 0.600000
vt 0.062500 0.800000
vt 0.062500 1.000000
vt 0.093750 0.200000
vt 0.093750 0.000000
vt 0.093750 0.400000
vt 0.093750 0.600000
vt 0.093750 0.800000
vt 0.093750 1.000000
vt 0.125000 0.200000
vt 0.125000 0.000000
vt 0.125000 0.400000
vt 0.125000 0.600000
vt 0.125000 0.800000
vt 0.125000 1.000000
vt 0.156250 0.200000
vt 0.156250 0.000000
vt 0.156250 0.400000
vt 0.156250 0.600000
vt 0.156250 0.800000
vt 0.156250 1.000000
vt 0.187500 0.200000
vt 0.187500 0.000000
vt 0.187500 0.400000
vt 0.187500 0.600000
vt 0.187500 0.800000
vt 0.187500 1.000000
vt 0.218750 0.200000
vt 0.218750 0.000000
vt 0.218750 0.400000
vt 0.218750 0.600000
vt 0.218750 0.800000
vt 0.218750 1.000000
vt 0.250000 0.200000
vt 0.250000 0.000000
vt 0.250000 0.400000
vt 0.250000 0.600000
vt 0.250000 0.800000
vt 0.250000 1.000000
vt 0.281250 0.200000
vt 0.281250 0.000000
vt 0.281250 0.400000
vt 0.281250 0.600000
vt 0.281250 0.800000
vt 0.281250 1.000000
vt 0.312500 0.200000
vt 0.312500 0.000000
vt 0.312500 0.400000
vt 0.312500 0.600000
vt 0.312500 0.800000
vt 0.312500 1.000000
vt 0.343750 0.200000
vt 0.343750 0.000000
vt 0.343750 0.400000
vt 0.343750 0.600000
vt 0.343750 0.800000
vt 0.343750 1.000000
vt 0.375000 0.200000
vt 0.375000 0.000000
vt 0.375000 0.400000
vt 0.375000 0.600000
vt 0.375000 0.800000
vt 0.375000 1.000000
vt 0.406250 0.200000
vt 0.406250 0.000000
vt 0.406250 0.400000
vt 0.406250 0.600000
vt 0.406250 0.800000
vt 0.406250 1.000000
vt 0.437500 0.200000
vt 0.437500 0.000000
vt 0.437500 0.400000
vt 0.437500 0.600000
vt 0.437500 0.800000
vt 0.437500 1.000000
vt 0.468750 0.200000
vt 0.468750 0.000000
vt 0.468750 0.400000
vt 0.468750 0.600000
vt 0.468750 0.800000
vt 0.468750 1.000000
vt 0.500000 0.200000
vt 0.500000 0.000000
vt 0.500000 0.400000
vt 0.500000 0.600000
vt 0.500000 0.800000
vt 0.500000 1.000000
vt 0.531250 0.200000
vt 0.531250 0.000000
vt 0.531250 0.400000
vt 0.531250 0.600000
vt 0.531250 0.800000
vt 0.531250 1.000000
vt 0.562500 0.200000
vt 0.562500 0.000000
vt 0.562500 0.400000
vt 0.562500 0.600000
vt 0.562500 0.800000
vt 0.562500 1.000000
vt 0.593750 0.200000
vt 0.593750 0.000000
vt 0.593750 0.400000
vt 0.593750 0.600000
vt 0.593750 0.800000
vt 0.593750 1.000000
vt 0.625000 0.200000
vt 0.625000 0.000000
vt 0.625000 0.400000
vt 0.625000 0.600000
vt 0.625000 0.800000
vt 0.625000 1.000000
vt 0.656250 0.200000
vt 0.656250 0.000000
vt 0.656250 0.400000
vt 0.656250 0.600000
vt 0.656250 0.800000
vt 0.656250 1.000000
vt 0.687500 0.200000
vt 0.687500 0.000000
vt 0.687500 0.400000
vt 0.687500 0.600000
vt 0.687500 0.800000
vt 0.687500 1.000000
vt 0.718750 0.200000
vt 0.718750 0.000000
vt 0.718750 0.400000
vt 0.718750 0.600000
vt 0.718750 0.800000
vt 0.718750 1.000000
vt 0.750000 0.200000
vt 0.750000 0.000000
vt 0.750000 0.400000
vt 0.750000 0.600000
vt 0.750000 0.800000
vt 0.750000 1.000000
vt 0.781250 0.200000
vt 0.781250 0.000000
vt 0.781250 0.400000
vt 0.781250 0.600000
vt 0.781250 0.800000
vt 0.781250 1.000000
vt 0.812500 0.200000
vt 0.812500 0.000000
vt 0.812500 0.400000
vt 0.812500 0.600000
vt 0.812500 0.800000
vt 0.812500 1.000000
vt 0.843750 0.200000
vt 0.843750 0.000000
vt 0.843750 0.400000
vt 0.843750 0.600000
vt 0.843750 0.800000
vt 0.843750 1.000000
vt 0.875000 0.200000
vt 0.875000 0.000000
vt 0.875000 0.400000
vt 0.875000 0.600000
vt 0.875000 0.800000
vt 0.875000 1.000000
vt 0.906250 0.200000
vt 0.906250 0.000000
vt 0.906250 0.400000
vt 0.906250 0.600000
vt 0.906250 0.800000
vt 0.906250 1.000000
vt 0.937500 0.200000
vt 0.937500 0.000000
vt 0.937500 0.400000
vt 0.937500 0.600000
vt 0.937500 0.800000
vt 0.937500 1.000000
vt 0.968750 0.200000
vt 0.968750 0.000000
vt 0.968750 0.400000
vt 0.968750 0.600000
vt 0.968750 0.800000
vt 0.968750 1.000000
vt 1.000000 0.200000
vt 1.000000 0.400000
vt 1.000000 0.600000
vt 1.000000 0.800000
vt 1.000000 1.000000
s 1
usemtl Gold_|_polished_trim
f 4327/4472/5395 4329/4473/5396 4328/4474/5397
f 4337/4475/5398 4336/4476/5398 4335/4477/5398
f 4326/4478/5399 4329/4473/5396 4327/4472/5395
f 4326/4478/5399 4330/4479/5400 4329/4473/5396
f 4338/4480/5398 4337/4475/5398 4335/4477/5398
f 4339/4481/5398 4338/4480/5398 4335/4477/5398
f 4325/4482/5401 4330/4479/5400 4326/4478/5399
f 4325/4482/5401 4331/4483/5402 4330/4479/5400
f 4339/4481/5398 4335/4477/5398 4334/4484/5398
f 4324/4485/5403 4331/4483/5402 4325/4482/5401
f 4324/4485/5403 4332/4486/5404 4331/4483/5402
f 4340/4487/5398 4339/4481/5398 4334/4484/5398
f 4323/4488/5405 4332/4486/5404 4324/4485/5403
f 4323/4488/5405 4333/4489/5406 4332/4486/5404
f 4340/4487/5398 4334/4484/5398 4333/4489/5398
f 4322/4490/5407 4333/4489/5406 4323/4488/5405
f 4321/4491/5408 4333/4489/5406 4322/4490/5407
f 4320/4492/5409 4333/4489/5406 4321/4491/5408
f 4319/4493/5410 4333/4489/5406 4320/4492/5409
f 4318/4494/5411 4333/4489/5406 4319/4493/5410
f 4317/4495/5412 4333/4489/5406 4318/4494/5411
f 4317/4495/5412 4340/4487/5413 4333/4489/5406
f 4316/4496/5414 4340/4487/5413 4317/4495/5412
f 4316/4496/5414 4341/4497/5415 4340/4487/5413
f 4347/4498/5416 4341/4497/5415 4316/4496/5414
f 4347/4498/5416 4342/4499/5417 4341/4497/5415
f 4346/4500/5418 4342/4499/5417 4347/4498/5416
f 4346/4500/5418 4343/4501/5419 4342/4499/5417
f 4345/4502/5420 4343/4501/5419 4346/4500/5418
f 4345/4502/5420 4344/4503/5421 4343/4501/5419
f 4359/4472/5422 4360/4474/5423 4361/4473/5424
f 4369/4475/5425 4367/4477/5425 4368/4476/5425
f 4358/4478/5426 4359/4472/5422 4361/4473/5424
f 4358/4478/5426 4361/4473/5424 4362/4479/5427
f 4370/4480/5425 4367/4477/5425 4369/4475/5425
f 4371/4481/5425 4367/4477/5425 4370/4480/5425
f 4357/4482/5428 4358/4478/5426 4362/4479/5427
f 4357/4482/5428 4362/4479/5427 4363/4483/5429
f 4371/4481/5425 4366/4484/5425 4367/4477/5425
f 4356/4485/5430 4357/4482/5428 4363/4483/5429
f 4356/4485/5430 4363/4483/5429 4364/4486/5431
f 4372/4487/5425 4366/4484/5425 4371/4481/5425
f 4355/4488/5432 4356/4485/5430 4364/4486/5431
f 4355/4488/5432 4364/4486/5431 4365/4489/5433
f 4372/4487/5425 4365/4489/5425 4366/4484/5425
f 4354/4490/5434 4355/4488/5432 4365/4489/5433
f 4353/4491/5435 4354/4490/5434 4365/4489/5433
f 4352/4492/5436 4353/4491/5435 4365/4489/5433
f 4351/4493/5437 4352/4492/5436 4365/4489/5433
f 4350/4494/5438 4351/4493/5437 4365/4489/5433
f 4349/4495/5439 4350/4494/5438 4365/4489/5433
f 4349/4495/5439 4365/4489/5433 4372/4487/5440
f 4348/4496/5441 4349/4495/5439 4372/4487/5440
f 4348/4496/5441 4372/4487/5440 4373/4497/5442
f 4379/4498/5443 4348/4496/5441 4373/4497/5442
f 4379/4498/5443 4373/4497/5442 4374/4499/5444
f 4378/4500/5445 4379/4498/5443 4374/4499/5444
f 4378/4500/5445 4374/4499/5444 4375/4501/5446
f 4377/4502/5447 4378/4500/5445 4375/4501/5446
f 4377/4502/5447 4375/4501/5446 4376/4503/5448
f 4380/4504/5449 4384/4505/5450 4349/4506/5439 4348/4496/5441
f 4381/4507/5451 4385/4508/5452 4384/4505/5453 4380/4504/5454
f 4382/4509/5455 4386/4510/5456 4385/4508/5452 4381/4507/5451
f 4383/4511/5457 4387/4512/5458 4386/4510/5456 4382/4509/5455
f 4316/4513/5414 4317/4514/5412 4387/4512/5459 4383/4511/5460
f 4384/4505/5450 4388/4515/5461 4350/4516/5438 4349/4506/5439
f 4385/4508/5452 4389/4517/5462 4388/4515/5463 4384/4505/5453
f 4386/4510/5456 4390/4518/5464 4389/4517/5462 4385/4508/5452
f 4387/4512/5458 4391/4519/5465 4390/4518/5464 4386/4510/5456
f 4317/4514/5412 4318/4520/5411 4391/4519/5466 4387/4512/5459
f 4388/4515/5461 4392/4521/5467 4351/4522/5437 4350/4516/5438
f 4389/4517/5462 4393/4523/5468 4392/4521/5469 4388/4515/5463
f 4390/4518/5464 4394/4524/5470 4393/4523/5468 4389/4517/5462
f 4391/4519/5465 4395/4525/5471 4394/4524/5470 4390/4518/5464
f 4318/4520/5411 4319/4526/5410 4395/4525/5472 4391/4519/5466
f 4392/4521/5467 4396/4527/5473 4352/4528/5436 4351/4522/5437
f 4393/4523/5468 4397/4529/5474 4396/4527/5475 4392/4521/5469
f 4394/4524/5470 4398/4530/5476 4397/4529/5474 4393/4523/5468
f 4395/4525/5471 4399/4531/5477 4398/4530/5476 4394/4524/5470
f 4319/4526/5410 4320/4532/5409 4399/4531/5478 4395/4525/5472
f 4396/4527/5479 4400/4533/5480 4353/4534/5435 4352/4528/5436
f 4397/4529/5481 4401/4535/5482 4400/4533/5483 4396/4527/5484
f 4398/4530/5485 4402/4536/5486 4401/4535/5482 4397/4529/5481
f 4399/4531/5487 4403/4537/5488 4402/4536/5486 4398/4530/5485
f 4320/4532/5409 4321/4538/5408 4403/4537/5489 4399/4531/5490
f 4400/4533/5480 4404/4539/5491 4354/4540/5434 4353/4534/5435
f 4401/4535/5482 4405/4541/5492 4404/4539/5493 4400/4533/5483
f 4402/4536/5486 4406/4542/5494 4405/4541/5492 4401/4535/5482
f 4403/4537/5488 4407/4543/5495 4406/4542/5494 4402/4536/5486
f 4321/4538/5408 4322/4544/5407 4407/4543/5496 4403/4537/5489
f 4404/4539/5491 4408/4545/5497 4355/4546/5432 4354/4540/5434
f 4405/4541/5492 4409/4547/5498 4408/4545/5499 4404/4539/5493
f 4406/4542/5494 4410/4548/5500 4409/4547/5498 4405/4541/5492
f 4407/4543/5495 4411/4549/5501 4410/4548/5500 4406/4542/5494
f 4322/4544/5407 4323/4550/5405 4411/4549/5502 4407/4543/5496
f 4408/4545/5497 4412/4551/5503 4356/4552/5430 4355/4546/5432
f 4409/4547/5498 4413/4553/5504 4412/4551/5505 4408/4545/5499
f 4410/4548/5500 4414/4554/5506 4413/4553/5504 4409/4547/5498
f 4411/4549/5501 4415/4555/5507 4414/4554/5506 4410/4548/5500
f 4323/4550/5405 4324/4556/5403 4415/4555/5508 4411/4549/5502
f 4412/4551/5503 4416/4557/5509 4357/4558/5428 4356/4552/5430
f 4413/4553/5504 4417/4559/5510 4416/4557/5511 4412/4551/5505
f 4414/4554/5506 4418/4560/5512 4417/4559/5510 4413/4553/5504
f 4415/4555/5507 4419/4561/5513 4418/4560/5512 4414/4554/5506
f 4324/4556/5403 4325/4562/5401 4419/4561/5514 4415/4555/5508
f 4416/4557/5509 4420/4563/5515 4358/4564/5426 4357/4558/5428
f 4417/4559/5510 4421/4565/5516 4420/4563/5517 4416/4557/5511
f 4418/4560/5512 4422/4566/5518 4421/4565/5516 4417/4559/5510
f 4419/4561/5513 4423/4567/5519 4422/4566/5518 4418/4560/5512
f 4325/4562/5401 4326/4568/5399 4423/4567/5520 4419/4561/5514
f 4420/4563/5515 4424/4569/5521 4359/4570/5422 4358/4564/5426
f 4421/4565/5516 4425/4571/5522 4424/4569/5523 4420/4563/5517
f 4422/4566/5518 4426/4572/5524 4425/4571/5522 4421/4565/5516
f 4423/4567/5519 4427/4573/5525 4426/4572/5524 4422/4566/5518
f 4326/4568/5399 4327/4574/5395 4427/4573/5526 4423/4567/5520
f 4424/4569/5521 4428/4575/5527 4360/4576/5423 4359/4570/5422
f 4425/4571/5522 4429/4577/5528 4428/4575/5529 4424/4569/5523
f 4426/4572/5524 4430/4578/5530 4429/4577/5528 4425/4571/5522
f 4427/4573/5525 4431/4579/5531 4430/4578/5530 4426/4572/5524
f 4327/4574/5395 4328/4580/5397 4431/4579/5532 4427/4573/5526
f 4428/4575/5533 4432/4581/5534 4361/4582/5424 4360/4576/5423
f 4429/4577/5535 4433/4583/5536 4432/4581/5537 4428/4575/5538
f 4430/4578/5539 4434/4584/5540 4433/4583/5536 4429/4577/5535
f 4431/4579/5541 4435/4585/5542 4434/4584/5540 4430/4578/5539
f 4328/4580/5397 4329/4586/5396 4435/4585/5543 4431/4579/5544
f 4432/4581/5534 4436/4587/5545 4362/4588/5427 4361/4582/5424
f 4433/4583/5536 4437/4589/5546 4436/4587/5547 4432/4581/5537
f 4434/4584/5540 4438/4590/5548 4437/4589/5546 4433/4583/5536
f 4435/4585/5542 4439/4591/5549 4438/4590/5548 4434/4584/5540
f 4329/4586/5396 4330/4592/5400 4439/4591/5550 4435/4585/5543
f 4436/4587/5545 4440/4593/5551 4363/4594/5429 4362/4588/5427
f 4437/4589/5546 4441/4595/5552 4440/4593/5553 4436/4587/5547
f 4438/4590/5548 4442/4596/5554 4441/4595/5552 4437/4589/5546
f 4439/4591/5549 4443/4597/5555 4442/4596/5554 4438/4590/5548
f 4330/4592/5400 4331/4598/5402 4443/4597/5556 4439/4591/5550
f 4440/4593/5551 4444/4599/5557 4364/4600/5431 4363/4594/5429
f 4441/4595/5552 4445/4601/5558 4444/4599/5559 4440/4593/5553
f 4442/4596/5554 4446/4602/5560 4445/4601/5558 4441/4595/5552
f 4443/4597/5555 4447/4603/5561 4446/4602/5560 4442/4596/5554
f 4331/4598/5402 4332/4604/5404 4447/4603/5562 4443/4597/5556
f 4444/4599/5557 4448/4605/5563 4365/4606/5433 4364/4600/5431
f 4445/4601/5564 4449/4607/5565 4448/4605/5566 4444/4599/5567
f 4446/4602/5568 4450/4608/5569 4449/4607/5565 4445/4601/5564
f 4447/4603/5570 4451/4609/5571 4450/4608/5569 4446/4602/5568
f 4332/4604/5404 4333/4610/5406 4451/4609/5572 4447/4603/5562
f 4448/4605/5563 4452/4611/5573 4366/4612/5573 4365/4606/5433
f 4449/4607/5565 4453/4613/5574 4452/4611/5575 4448/4605/5566
f 4450/4608/5569 4454/4614/5576 4453/4613/5574 4449/4607/5565
f 4451/4609/5571 4455/4615/5577 4454/4614/5576 4450/4608/5569
f 4333/4610/5406 4334/4616/5578 4455/4615/5578 4451/4609/5572
f 4452/4611/5573 4456/4617/5579 4367/4618/5579 4366/4612/5573
f 4453/4613/5574 4457/4619/5580 4456/4617/5581 4452/4611/5575
f 4454/4614/5576 4458/4620/5582 4457/4619/5580 4453/4613/5574
f 4455/4615/5577 4459/4621/5583 4458/4620/5582 4454/4614/5576
f 4334/4616/5578 4335/4622/5584 4459/4621/5584 4455/4615/5578
f 4456/4617/5579 4460/4623/5585 4368/4624/5585 4367/4618/5579
f 4457/4619/5580 4461/4625/5586 4460/4623/5587 4456/4617/5581
f 4458/4620/5582 4462/4626/5588 4461/4625/5586 4457/4619/5580
f 4459/4621/5583 4463/4627/5589 4462/4626/5588 4458/4620/5582
f 4335/4622/5584 4336/4628/5590 4463/4627/5590 4459/4621/5584
f 4460/4623/5591 4464/4629/5592 4369/4630/5592 4368/4624/5591
f 4461/4625/5593 4465/4631/5594 4464/4629/5595 4460/4623/5596
f 4462/4626/5597 4466/4632/5598 4465/4631/5594 4461/4625/5593
f 4463/4627/5599 4467/4633/5600 4466/4632/5598 4462/4626/5597
f 4336/4628/5601 4337/4634/5602 4467/4633/5602 4463/4627/5601
f 4464/4629/5592 4468/4635/5603 4370/4636/5603 4369/4630/5592
f 4465/4631/5594 4469/4637/5604 4468/4635/5605 4464/4629/5595
f 4466/4632/5598 4470/4638/5606 4469/4637/5604 4465/4631/5594
f 4467/4633/5600 4471/4639/5607 4470/4638/5606 4466/4632/5598
f 4337/4634/5602 4338/4640/5608 4471/4639/5608 4467/4633/5602
f 4468/4635/5603 4472/4641/5609 4371/4642/5609 4370/4636/5603
f 4469/4637/5604 4473/4643/5610 4472/4641/5611 4468/4635/5605
f 4470/4638/5606 4474/4644/5612 4473/4643/5610 4469/4637/5604
f 4471/4639/5607 4475/4645/5613 4474/4644/5612 4470/4638/5606
f 4338/4640/5608 4339/4646/5614 4475/4645/5614 4471/4639/5608
f 4472/4641/5609 4476/4647/5615 4372/4648/5440 4371/4642/5609
f 4473/4643/5610 4477/4649/5616 4476/4647/5617 4472/4641/5611
f 4474/4644/5612 4478/4650/5618 4477/4649/5616 4473/4643/5610
f 4475/4645/5613 4479/4651/5619 4478/4650/5618 4474/4644/5612
f 4339/4646/5614 4340/4652/5413 4479/4651/5620 4475/4645/5614
f 4476/4647/5615 4480/4653/5621 4373/4654/5442 4372/4648/5440
f 4477/4649/5616 4481/4655/5622 4480/4653/5623 4476/4647/5617
f 4478/4650/5618 4482/4656/5624 4481/4655/5622 4477/4649/5616
f 4479/4651/5619 4483/4657/5625 4482/4656/5624 4478/4650/5618
f 4340/4652/5413 4341/4658/5415 4483/4657/5626 4479/4651/5620
f 4480/4653/5621 4484/4659/5627 4374/4660/5444 4373/4654/5442
f 4481/4655/5622 4485/4661/5628 4484/4659/5629 4480/4653/5623
f 4482/4656/5624 4486/4662/5630 4485/4661/5628 4481/4655/5622
f 4483/4657/5625 4487/4663/5631 4486/4662/5630 4482/4656/5624
f 4341/4658/5415 4342/4664/5417 4487/4663/5632 4483/4657/5626
f 4484/4659/5627 4488/4665/5633 4375/4666/5446 4374/4660/5444
f 4485/4661/5628 4489/4667/5634 4488/4665/5635 4484/4659/5629
f 4486/4662/5630 4490/4668/5636 4489/4667/5634 4485/4661/5628
f 4487/4663/5631 4491/4669/5637 4490/4668/5636 4486/4662/5630
f 4342/4664/5417 4343/4670/5419 4491/4669/5638 4487/4663/5632
f 4488/4665/5633 4492/4671/5639 4376/4672/5448 4375/4666/5446
f 4489/4667/5634 4493/4673/5640 4492/4671/5641 4488/4665/5635
f 4490/4668/5636 4494/4674/5642 4493/4673/5640 4489/4667/5634
f 4491/4669/5637 4495/4675/5643 4494/4674/5642 4490/4668/5636
f 4343/4670/5419 4344/4676/5421 4495/4675/5644 4491/4669/5638
f 4492/4671/5645 4496/4677/5646 4377/4678/5447 4376/4672/5448
f 4493/4673/5647 4497/4679/5648 4496/4677/5649 4492/4671/5650
f 4494/4674/5651 4498/4680/5652 4497/4679/5648 4493/4673/5647
f 4495/4675/5653 4499/4681/5654 4498/4680/5652 4494/4674/5651
f 4344/4676/5421 4345/4682/5420 4499/4681/5655 4495/4675/5656
f 4496/4677/5646 4500/4683/5657 4378/4684/5445 4377/4678/5447
f 4497/4679/5648 4501/4685/5658 4500/4683/5659 4496/4677/5649
f 4498/4680/5652 4502/4686/5660 4501/4685/5658 4497/4679/5648
f 4499/4681/5654 4503/4687/5661 4502/4686/5660 4498/4680/5652
f 4345/4682/5420 4346/4688/5418 4503/4687/5662 4499/4681/5655
f 4500/4683/5657 4504/4689/5663 4379/4690/5443 4378/4684/5445
f 4501/4685/5658 4505/4691/5664 4504/4689/5665 4500/4683/5659
f 4502/4686/5660 4506/4692/5666 4505/4691/5664 4501/4685/5658
f 4503/4687/5661 4507/4693/5667 4506/4692/5666 4502/4686/5660
f 4346/4688/5418 4347/4694/5416 4507/4693/5668 4503/4687/5662
f 4504/4689/5663 4380/4695/5449 4348/4498/5441 4379/4690/5443
f 4505/4691/5664 4381/4696/5451 4380/4695/5454 4504/4689/5665
f 4506/4692/5666 4382/4697/5455 4381/4696/5451 4505/4691/5664
f 4507/4693/5667 4383/4698/5457 4382/4697/5455 4506/4692/5666
f 4347/4694/5416 4316/4699/5414 4383/4698/5460 4507/4693/5668
o Stock_|_right_lower_trim
v -0.044124 -0.005042 0.023721
v -0.044124 -0.005042 0.026279
v -0.043478 -0.007161 0.027558
v -0.042833 -0.009280 0.026279
v -0.042833 -0.009280 0.023721
v -0.043478 -0.007161 0.022442
v -0.210450 -0.065429 0.023721
v -0.210450 -0.065429 0.026279
v -0.209719 -0.067519 0.027558
v -0.208987 -0.069610 0.026279
v -0.208987 -0.069610 0.023721
v -0.209719 -0.067519 0.022442
v -0.192680 -0.059371 0.023721
v -0.192680 -0.059371 0.026279
v -0.191967 -0.061468 0.027558
v -0.191253 -0.063565 0.026279
v -0.191253 -0.063565 0.023721
v -0.191967 -0.061468 0.022442
v -0.176900 -0.054011 0.023721
v -0.176900 -0.054011 0.026279
v -0.176161 -0.056099 0.027558
v -0.175422 -0.058187 0.026279
v -0.175422 -0.058187 0.023721
v -0.176161 -0.056099 0.022442
v -0.159381 -0.047556 0.023721
v -0.159381 -0.047556 0.026279
v -0.158568 -0.049616 0.027558
v -0.157755 -0.051677 0.026279
v -0.157755 -0.051677 0.023721
v -0.158568 -0.049616 0.022442
v -0.138187 -0.038625 0.023721
v -0.138187 -0.038625 0.026279
v -0.137299 -0.040654 0.027558
v -0.136412 -0.042683 0.026279
v -0.136412 -0.042683 0.023721
v -0.137299 -0.040654 0.022442
v -0.119452 -0.030124 0.023721
v -0.119452 -0.030124 0.026279
v -0.118580 -0.032160 0.027558
v -0.117707 -0.034196 0.026279
v -0.117707 -0.034196 0.023721
v -0.118580 -0.032160 0.022442
v -0.097952 -0.021451 0.023721
v -0.097952 -0.021451 0.026279
v -0.097187 -0.023529 0.027558
v -0.096421 -0.025608 0.026279
v -0.096421 -0.025608 0.023721
v -0.097187 -0.023529 0.022442
v -0.079424 -0.015261 0.023721
v -0.079424 -0.015261 0.026279
v -0.078766 -0.017376 0.027558
v -0.078108 -0.019491 0.026279
v -0.078108 -0.019491 0.023721
v -0.078766 -0.017376 0.022442
v -0.062760 -0.010452 0.023721
v -0.062760 -0.010452 0.026279
v -0.062144 -0.012580 0.027558
v -0.061528 -0.014707 0.026279
v -0.061528 -0.014707 0.023721
v -0.062144 -0.012580 0.022442
vn 0.9566 0.2915 -0.0000
vn -0.9439 -0.3303 -0.0000
vn -0.9439 -0.3304 -0.0000
vn -0.2796 0.8203 -0.4989
vn -0.2790 0.8199 -0.4999
vn -0.1611 0.4734 -0.8660
vn -0.1613 0.4733 -0.8660
vn -0.2796 0.8203 0.4989
vn -0.2790 0.8199 0.4999
vn -0.1613 0.4733 0.8660
vn -0.1611 0.4734 0.8660
vn 0.2792 -0.8191 0.5011
vn 0.2790 -0.8198 0.5001
vn 0.1611 -0.4734 0.8660
vn 0.1613 -0.4733 0.8660
vn 0.2792 -0.8191 -0.5011
vn 0.2790 -0.8198 -0.5001
vn 0.1613 -0.4733 -0.8660
vn 0.1611 -0.4734 -0.8660
vn -0.2887 0.8154 -0.5018
vn -0.1669 0.4713 -0.8660
vn -0.2887 0.8154 0.5018
vn -0.1669 0.4713 0.8660
vn 0.2894 -0.8173 0.4982
vn 0.1669 -0.4713 0.8660
vn 0.2894 -0.8173 -0.4982
vn 0.1669 -0.4713 -0.8660
vn -0.3173 0.8038 -0.5032
vn -0.1836 0.4651 -0.8660
vn -0.3173 0.8038 0.5032
vn -0.1836 0.4651 0.8660
vn 0.3186 -0.8072 0.4969
vn 0.1836 -0.4651 0.8660
vn 0.3186 -0.8072 -0.4969
vn 0.1836 -0.4651 -0.8660
vn -0.3467 0.7924 -0.5019
vn -0.2004 0.4581 -0.8660
vn -0.3467 0.7924 0.5019
vn -0.2004 0.4581 0.8660
vn 0.3475 -0.7944 0.4981
vn 0.2004 -0.4581 0.8660
vn 0.3475 -0.7944 -0.4981
vn 0.2004 -0.4581 -0.8660
vn -0.3416 0.7976 -0.4971
vn -0.1969 0.4596 -0.8660
vn -0.3416 0.7976 0.4971
vn -0.1969 0.4596 0.8660
vn 0.3403 -0.7945 0.5029
vn 0.1969 -0.4596 0.8660
vn 0.3403 -0.7945 -0.5029
vn 0.1969 -0.4596 -0.8660
vn -0.3002 0.8149 -0.4959
vn -0.1728 0.4691 -0.8661
vn -0.3002 0.8149 0.4959
vn -0.1728 0.4691 0.8661
vn 0.2985 -0.8103 0.5043
vn 0.1728 -0.4691 0.8661
vn 0.2985 -0.8103 -0.5043
vn 0.1728 -0.4691 -0.8661
vn -0.2578 0.8285 -0.4972
vn -0.1486 0.4774 -0.8660
vn -0.2578 0.8285 0.4972
vn -0.1486 0.4774 0.8660
vn 0.2568 -0.8253 0.5029
vn 0.1485 -0.4774 0.8660
vn 0.2568 -0.8253 -0.5029
vn 0.1485 -0.4774 -0.8660
vn -0.2407 0.8318 -0.5001
vn -0.1390 0.4803 -0.8660
vn -0.2407 0.8318 0.5001
vn -0.1390 0.4803 0.8660
vn 0.2408 -0.8320 0.4999
vn 0.1390 -0.4803 0.8660
vn 0.2408 -0.8320 -0.4999
vn 0.1390 -0.4803 -0.8660
vn -0.2411 0.8307 -0.5018
vn -0.1394 0.4802 -0.8660
vn -0.2411 0.8307 0.5018
vn -0.1394 0.4802 0.8660
vn 0.2417 -0.8327 0.4982
vn 0.1394 -0.4802 0.8660
vn 0.2417 -0.8327 -0.4982
vn 0.1394 -0.4802 -0.8660
vt 1.000000 0.000000
vt 0.600000 0.000000
vt 0.800000 0.000000
vt 0.400000 0.000000
vt 0.000000 0.000000
vt 0.200000 0.000000
vt 0.000000 1.000000
vt 0.111111 1.000000
vt 0.111111 0.833333
vt 0.000000 0.833333
vt 0.000000 0.166667
vt 0.111111 0.166667
vt 0.111111 0.000000
vt 0.000000 0.333333
vt 0.111111 0.333333
vt 0.000000 0.500000
vt 0.111111 0.500000
vt 0.000000 0.666667
vt 0.111111 0.666667
vt 0.222222 1.000000
vt 0.222222 0.833333
vt 0.222222 0.166667
vt 0.222222 0.000000
vt 0.222222 0.333333
vt 0.222222 0.500000
vt 0.222222 0.666667
vt 0.333333 1.000000
vt 0.333333 0.833333
vt 0.333333 0.166667
vt 0.333333 0.000000
vt 0.333333 0.333333
vt 0.333333 0.500000
vt 0.333333 0.666667
vt 0.444444 1.000000
vt 0.444444 0.833333
vt 0.444444 0.166667
vt 0.444444 0.000000
vt 0.444444 0.333333
vt 0.444444 0.500000
vt 0.444444 0.666667
vt 0.555556 1.000000
vt 0.555556 0.833333
vt 0.555556 0.166667
vt 0.555556 0.000000
vt 0.555556 0.333333
vt 0.555556 0.500000
vt 0.555556 0.666667
vt 0.666667 1.000000
vt 0.666667 0.833333
vt 0.666667 0.166667
vt 0.666667 0.000000
vt 0.666667 0.333333
vt 0.666667 0.500000
vt 0.666667 0.666667
vt 0.777778 1.000000
vt 0.777778 0.833333
vt 0.777778 0.166667
vt 0.777778 0.000000
vt 0.777778 0.333333
vt 0.777778 0.500000
vt 0.777778 0.666667
vt 0.888889 1.000000
vt 0.888889 0.833333
vt 0.888889 0.166667
vt 0.888889 0.000000
vt 0.888889 0.333333
vt 0.888889 0.500000
vt 0.888889 0.666667
vt 1.000000 1.000000
vt 1.000000 0.833333
vt 1.000000 0.166667
vt 1.000000 0.333333
vt 1.000000 0.500000
vt 1.000000 0.666667
s 1
usemtl Gold_|_polished_trim
f 4513/4700/5669 4511/4701/5669 4512/4702/5669
f 4513/4700/5669 4510/4703/5669 4511/4701/5669
f 4508/4704/5669 4510/4703/5669 4513/4700/5669
f 4508/4704/5669 4509/4705/5669 4510/4703/5669
f 4516/4703/5670 4518/4702/5670 4517/4701/5671
f 4516/4703/5670 4519/4700/5670 4518/4702/5670
f 4515/4705/5671 4519/4700/5670 4516/4703/5670
f 4515/4705/5671 4514/4704/5671 4519/4700/5670
f 4514/4706/5672 4520/4707/5673 4525/4708/5674 4519/4709/5675
f 4515/4710/5676 4521/4711/5677 4520/4712/5673 4514/4704/5672
f 4516/4713/5678 4522/4714/5679 4521/4711/5677 4515/4710/5676
f 4517/4715/5680 4523/4716/5681 4522/4714/5682 4516/4713/5683
f 4518/4717/5684 4524/4718/5685 4523/4716/5681 4517/4715/5680
f 4519/4709/5686 4525/4708/5687 4524/4718/5685 4518/4717/5684
f 4520/4707/5673 4526/4719/5688 4531/4720/5689 4525/4708/5674
f 4521/4711/5677 4527/4721/5690 4526/4722/5688 4520/4712/5673
f 4522/4714/5679 4528/4723/5691 4527/4721/5690 4521/4711/5677
f 4523/4716/5681 4529/4724/5692 4528/4723/5693 4522/4714/5682
f 4524/4718/5685 4530/4725/5694 4529/4724/5692 4523/4716/5681
f 4525/4708/5687 4531/4720/5695 4530/4725/5694 4524/4718/5685
f 4526/4719/5688 4532/4726/5696 4537/4727/5697 4531/4720/5689
f 4527/4721/5690 4533/4728/5698 4532/4729/5696 4526/4722/5688
f 4528/4723/5691 4534/4730/5699 4533/4728/5698 4527/4721/5690
f 4529/4724/5692 4535/4731/5700 4534/4730/5701 4528/4723/5693
f 4530/4725/5694 4536/4732/5702 4535/4731/5700 4529/4724/5692
f 4531/4720/5695 4537/4727/5703 4536/4732/5702 4530/4725/5694
f 4532/4726/5696 4538/4733/5704 4543/4734/5705 4537/4727/5697
f 4533/4728/5698 4539/4735/5706 4538/4736/5704 4532/4729/5696
f 4534/4730/5699 4540/4737/5707 4539/4735/5706 4533/4728/5698
f 4535/4731/5700 4541/4738/5708 4540/4737/5709 4534/4730/5701
f 4536/4732/5702 4542/4739/5710 4541/4738/5708 4535/4731/5700
f 4537/4727/5703 4543/4734/5711 4542/4739/5710 4536/4732/5702
f 4538/4733/5704 4544/4740/5712 4549/4741/5713 4543/4734/5705
f 4539/4735/5706 4545/4742/5714 4544/4743/5712 4538/4736/5704
f 4540/4737/5707 4546/4744/5715 4545/4742/5714 4539/4735/5706
f 4541/4738/5708 4547/4745/5716 4546/4744/5717 4540/4737/5709
f 4542/4739/5710 4548/4746/5718 4547/4745/5716 4541/4738/5708
f 4543/4734/5711 4549/4741/5719 4548/4746/5718 4542/4739/5710
f 4544/4740/5712 4550/4747/5720 4555/4748/5721 4549/4741/5713
f 4545/4742/5714 4551/4749/5722 4550/4750/5720 4544/4743/5712
f 4546/4744/5715 4552/4751/5723 4551/4749/5722 4545/4742/5714
f 4547/4745/5716 4553/4752/5724 4552/4751/5725 4546/4744/5717
f 4548/4746/5718 4554/4753/5726 4553/4752/5724 4547/4745/5716
f 4549/4741/5719 4555/4748/5727 4554/4753/5726 4548/4746/5718
f 4550/4747/5720 4556/4754/5728 4561/4755/5729 4555/4748/5721
f 4551/4749/5722 4557/4756/5730 4556/4757/5728 4550/4750/5720
f 4552/4751/5723 4558/4758/5731 4557/4756/5730 4551/4749/5722
f 4553/4752/5724 4559/4759/5732 4558/4758/5733 4552/4751/5725
f 4554/4753/5726 4560/4760/5734 4559/4759/5732 4553/4752/5724
f 4555/4748/5727 4561/4755/5735 4560/4760/5734 4554/4753/5726
f 4556/4754/5728 4562/4761/5736 4567/4762/5737 4561/4755/5729
f 4557/4756/5730 4563/4763/5738 4562/4764/5736 4556/4757/5728
f 4558/4758/5731 4564/4765/5739 4563/4763/5738 4557/4756/5730
f 4559/4759/5732 4565/4766/5740 4564/4765/5741 4558/4758/5733
f 4560/4760/5734 4566/4767/5742 4565/4766/5740 4559/4759/5732
f 4561/4755/5735 4567/4762/5743 4566/4767/5742 4560/4760/5734
f 4562/4761/5736 4508/4768/5744 4513/4769/5745 4567/4762/5737
f 4563/4763/5738 4509/4770/5746 4508/4700/5744 4562/4764/5736
f 4564/4765/5739 4510/4771/5747 4509/4770/5746 4563/4763/5738
f 4565/4766/5740 4511/4772/5748 4510/4771/5749 4564/4765/5741
f 4566/4767/5742 4512/4773/5750 4511/4772/5748 4565/4766/5740
f 4567/4762/5743 4513/4769/5751 4512/4773/5750 4566/4767/5742
o Receiver_|_right_upper_trim
v 0.347817 0.094867 0.023977
v 0.347817 0.094867 0.026023
v 0.347826 0.093095 0.027046
v 0.347835 0.091323 0.026023
v 0.347835 0.091323 0.023977
v 0.347826 0.093095 0.022954
v -0.046137 0.068265 0.023977
v -0.046137 0.068265 0.026023
v -0.046036 0.066496 0.027046
v -0.045935 0.064727 0.026023
v -0.045935 0.064727 0.023977
v -0.046036 0.066496 0.022954
v -0.033575 0.068405 0.023977
v -0.033575 0.068405 0.026023
v -0.033560 0.066633 0.027046
v -0.033546 0.064861 0.026023
v -0.033546 0.064861 0.023977
v -0.033560 0.066633 0.022954
v -0.022585 0.068459 0.023977
v -0.022585 0.068459 0.026023
v -0.022447 0.066692 0.027046
v -0.022309 0.064926 0.026023
v -0.022309 0.064926 0.023977
v -0.022447 0.066692 0.022954
v -0.010696 0.070252 0.023977
v -0.010696 0.070252 0.026023
v -0.010230 0.068542 0.027046
v -0.009764 0.066833 0.026023
v -0.009764 0.066833 0.023977
v -0.010230 0.068542 0.022954
v 0.001587 0.075196 0.023977
v 0.001587 0.075196 0.026023
v 0.002369 0.073605 0.027046
v 0.003150 0.072015 0.026023
v 0.003150 0.072015 0.023977
v 0.002369 0.073605 0.022954
v 0.012196 0.081431 0.023977
v 0.012196 0.081431 0.026023
v 0.012978 0.079841 0.027046
v 0.013760 0.078251 0.026023
v 0.013760 0.078251 0.023977
v 0.012978 0.079841 0.022954
v 0.025102 0.086618 0.023977
v 0.025102 0.086618 0.026023
v 0.025575 0.084910 0.027046
v 0.026048 0.083203 0.026023
v 0.026048 0.083203 0.023977
v 0.025575 0.084910 0.022954
v 0.067295 0.093339 0.023977
v 0.067295 0.093339 0.026023
v 0.067447 0.091574 0.027046
v 0.067599 0.089809 0.026023
v 0.067599 0.089809 0.023977
v 0.067447 0.091574 0.022954
v 0.105526 0.093883 0.023977
v 0.105526 0.093883 0.026023
v 0.105538 0.092111 0.027046
v 0.105549 0.090339 0.026023
v 0.105549 0.090339 0.023977
v 0.105538 0.092111 0.022954
v 0.148322 0.093843 0.023977
v 0.148322 0.093843 0.026023
v 0.148338 0.092072 0.027046
v 0.148353 0.090300 0.026023
v 0.148353 0.090300 0.023977
v 0.148338 0.092072 0.022954
v 0.217333 0.095117 0.023977
v 0.217333 0.095117 0.026023
v 0.217347 0.093345 0.027046
v 0.217361 0.091573 0.026023
v 0.217361 0.091573 0.023977
v 0.217347 0.093345 0.022954
v 0.278795 0.094972 0.023977
v 0.278795 0.094972 0.026023
v 0.278791 0.093200 0.027046
v 0.278788 0.091428 0.026023
v 0.278788 0.091428 0.023977
v 0.278791 0.093200 0.022954
vn 1.0000 0.0051 -0.0000
vn -0.9984 -0.0570 -0.0000
vn -0.0097 0.8697 -0.4935
vn -0.0070 0.8663 -0.4994
vn -0.0040 0.5003 -0.8658
vn -0.0055 0.5002 -0.8659
vn -0.0097 0.8697 0.4935
vn -0.0070 0.8663 0.4994
vn -0.0055 0.5002 0.8659
vn -0.0040 0.5003 0.8658
vn 0.0094 -0.8624 0.5062
vn 0.0072 -0.8659 0.5002
vn 0.0041 -0.5003 0.8658
vn 0.0055 -0.5002 0.8659
vn 0.0094 -0.8624 -0.5062
vn 0.0072 -0.8659 -0.5002
vn 0.0055 -0.5002 -0.8659
vn 0.0041 -0.5003 -0.8658
vn -0.0665 0.8575 -0.5102
vn -0.0388 0.4986 -0.8659
vn -0.0665 0.8575 0.5102
vn -0.0388 0.4986 0.8659
vn 0.0681 -0.8689 0.4902
vn 0.0390 -0.4986 0.8659
vn 0.0681 -0.8689 -0.4902
vn 0.0390 -0.4986 -0.8659
vn -0.2251 0.8258 -0.5171
vn -0.1313 0.4817 -0.8665
vn -0.2251 0.8258 0.5171
vn -0.1313 0.4817 0.8665
vn 0.2301 -0.8436 0.4851
vn 0.1314 -0.4817 0.8665
vn 0.2301 -0.8436 -0.4851
vn 0.1314 -0.4817 -0.8665
vn -0.3794 0.7717 -0.5103
vn -0.2207 0.4491 -0.8658
vn -0.3794 0.7717 0.5103
vn -0.2207 0.4491 0.8658
vn 0.3843 -0.7826 0.4898
vn 0.2206 -0.4491 0.8658
vn 0.3843 -0.7826 -0.4898
vn 0.2206 -0.4491 -0.8658
vn -0.3845 0.7824 -0.4898
vn -0.2207 0.4490 -0.8658
vn -0.3845 0.7824 0.4898
vn -0.2207 0.4490 0.8658
vn 0.3796 -0.7717 0.5103
vn 0.2208 -0.4490 0.8658
vn 0.3796 -0.7717 -0.5103
vn 0.2208 -0.4490 -0.8658
vn -0.2332 0.8425 -0.4855
vn -0.1332 0.4812 -0.8664
vn -0.2332 0.8425 0.4855
vn -0.1332 0.4812 0.8664
vn 0.2287 -0.8252 0.5165
vn 0.1333 -0.4812 0.8664
vn 0.2287 -0.8252 -0.5165
vn 0.1333 -0.4812 -0.8664
vn -0.0749 0.8683 -0.4903
vn -0.0430 0.4983 -0.8660
vn -0.0749 0.8683 0.4903
vn -0.0430 0.4983 0.8660
vn 0.0738 -0.8570 0.5101
vn 0.0429 -0.4983 0.8660
vn 0.0738 -0.8570 -0.5101
vn 0.0429 -0.4983 -0.8660
vn -0.0058 0.8667 -0.4988
vn -0.0033 0.5002 -0.8659
vn -0.0058 0.8667 0.4988
vn -0.0033 0.5002 0.8659
vn 0.0057 -0.8655 0.5009
vn 0.0033 -0.5002 0.8659
vn 0.0057 -0.8655 -0.5009
vn 0.0033 -0.5002 -0.8659
vn -0.0076 0.8652 -0.5013
vn -0.0044 0.5000 -0.8660
vn -0.0076 0.8652 0.5013
vn -0.0044 0.5000 0.8660
vn 0.0076 -0.8668 0.4987
vn 0.0044 -0.5000 0.8660
vn 0.0076 -0.8668 -0.4987
vn 0.0044 -0.5000 -0.8660
vn -0.0070 0.8668 -0.4986
vn -0.0040 0.5000 -0.8660
vn -0.0070 0.8668 0.4986
vn -0.0040 0.5000 0.8660
vn 0.0070 -0.8652 0.5014
vn 0.0040 -0.5000 0.8660
vn 0.0070 -0.8652 -0.5014
vn 0.0040 -0.5000 -0.8660
vn 0.0017 0.8660 -0.5001
vn 0.0010 0.5000 -0.8660
vn 0.0017 0.8660 0.5001
vn 0.0010 0.5000 0.8660
vn -0.0017 -0.8661 0.4999
vn -0.0010 -0.5000 0.8660
vn -0.0017 -0.8661 -0.4999
vn -0.0010 -0.5000 -0.8660
vn 0.0013 0.8655 -0.5009
vn 0.0008 0.5000 -0.8660
vn 0.0013 0.8655 0.5009
vn 0.0008 0.5000 0.8660
vn -0.0013 -0.8666 0.4991
vn -0.0008 -0.5000 0.8660
vn -0.0013 -0.8666 -0.4991
vn -0.0008 -0.5000 -0.8660
vt 1.000000 0.000000
vt 0.600000 0.000000
vt 0.800000 0.000000
vt 0.400000 0.000000
vt 0.000000 0.000000
vt 0.200000 0.000000
vt 0.000000 1.000000
vt 0.083333 1.000000
vt 0.083333 0.833333
vt 0.000000 0.833333
vt 0.000000 0.166667
vt 0.083333 0.166667
vt 0.083333 0.000000
vt 0.000000 0.333333
vt 0.083333 0.333333
vt 0.000000 0.500000
vt 0.083333 0.500000
vt 0.000000 0.666667
vt 0.083333 0.666667
vt 0.166667 1.000000
vt 0.166667 0.833333
vt 0.166667 0.166667
vt 0.166667 0.000000
vt 0.166667 0.333333
vt 0.166667 0.500000
vt 0.166667 0.666667
vt 0.250000 1.000000
vt 0.250000 0.833333
vt 0.250000 0.166667
vt 0.250000 0.000000
vt 0.250000 0.333333
vt 0.250000 0.500000
vt 0.250000 0.666667
vt 0.333333 1.000000
vt 0.333333 0.833333
vt 0.333333 0.166667
vt 0.333333 0.000000
vt 0.333333 0.333333
vt 0.333333 0.500000
vt 0.333333 0.666667
vt 0.416667 1.000000
vt 0.416667 0.833333
vt 0.416667 0.166667
vt 0.416667 0.000000
vt 0.416667 0.333333
vt 0.416667 0.500000
vt 0.416667 0.666667
vt 0.500000 1.000000
vt 0.500000 0.833333
vt 0.500000 0.166667
vt 0.500000 0.000000
vt 0.500000 0.333333
vt 0.500000 0.500000
vt 0.500000 0.666667
vt 0.583333 1.000000
vt 0.583333 0.833333
vt 0.583333 0.166667
vt 0.583333 0.000000
vt 0.583333 0.333333
vt 0.583333 0.500000
vt 0.583333 0.666667
vt 0.666667 1.000000
vt 0.666667 0.833333
vt 0.666667 0.166667
vt 0.666667 0.000000
vt 0.666667 0.333333
vt 0.666667 0.500000
vt 0.666667 0.666667
vt 0.750000 1.000000
vt 0.750000 0.833333
vt 0.750000 0.166667
vt 0.750000 0.000000
vt 0.750000 0.333333
vt 0.750000 0.500000
vt 0.750000 0.666667
vt 0.833333 1.000000
vt 0.833333 0.833333
vt 0.833333 0.166667
vt 0.833333 0.000000
vt 0.833333 0.333333
vt 0.833333 0.500000
vt 0.833333 0.666667
vt 0.916667 1.000000
vt 0.916667 0.833333
vt 0.916667 0.166667
vt 0.916667 0.000000
vt 0.916667 0.333333
vt 0.916667 0.500000
vt 0.916667 0.666667
vt 1.000000 1.000000
vt 1.000000 0.833333
vt 1.000000 0.166667
vt 1.000000 0.333333
vt 1.000000 0.500000
vt 1.000000 0.666667
s 1
usemtl Gold_|_polished_trim
f 4573/4774/5752 4571/4775/5752 4572/4776/5752
f 4573/4774/5752 4570/4777/5752 4571/4775/5752
f 4568/4778/5752 4570/4777/5752 4573/4774/5752
f 4568/4778/5752 4569/4779/5752 4570/4777/5752
f 4576/4777/5753 4578/4776/5753 4577/4775/5753
f 4576/4777/5753 4579/4774/5753 4578/4776/5753
f 4575/4779/5753 4579/4774/5753 4576/4777/5753
f 4575/4779/5753 4574/4778/5753 4579/4774/5753
f 4574/4780/5754 4580/4781/5755 4585/4782/5756 4579/4783/5757
f 4575/4784/5758 4581/4785/5759 4580/4786/5755 4574/4778/5754
f 4576/4787/5760 4582/4788/5761 4581/4785/5759 4575/4784/5758
f 4577/4789/5762 4583/4790/5763 4582/4788/5764 4576/4787/5765
f 4578/4791/5766 4584/4792/5767 4583/4790/5763 4577/4789/5762
f 4579/4783/5768 4585/4782/5769 4584/4792/5767 4578/4791/5766
f 4580/4781/5755 4586/4793/5770 4591/4794/5771 4585/4782/5756
f 4581/4785/5759 4587/4795/5772 4586/4796/5770 4580/4786/5755
f 4582/4788/5761 4588/4797/5773 4587/4795/5772 4581/4785/5759
f 4583/4790/5763 4589/4798/5774 4588/4797/5775 4582/4788/5764
f 4584/4792/5767 4590/4799/5776 4589/4798/5774 4583/4790/5763
f 4585/4782/5769 4591/4794/5777 4590/4799/5776 4584/4792/5767
f 4586/4793/5770 4592/4800/5778 4597/4801/5779 4591/4794/5771
f 4587/4795/5772 4593/4802/5780 4592/4803/5778 4586/4796/5770
f 4588/4797/5773 4594/4804/5781 4593/4802/5780 4587/4795/5772
f 4589/4798/5774 4595/4805/5782 4594/4804/5783 4588/4797/5775
f 4590/4799/5776 4596/4806/5784 4595/4805/5782 4589/4798/5774
f 4591/4794/5777 4597/4801/5785 4596/4806/5784 4590/4799/5776
f 4592/4800/5778 4598/4807/5786 4603/4808/5787 4597/4801/5779
f 4593/4802/5780 4599/4809/5788 4598/4810/5786 4592/4803/5778
f 4594/4804/5781 4600/4811/5789 4599/4809/5788 4593/4802/5780
f 4595/4805/5782 4601/4812/5790 4600/4811/5791 4594/4804/5783
f 4596/4806/5784 4602/4813/5792 4601/4812/5790 4595/4805/5782
f 4597/4801/5785 4603/4808/5793 4602/4813/5792 4596/4806/5784
f 4598/4807/5786 4604/4814/5794 4609/4815/5795 4603/4808/5787
f 4599/4809/5788 4605/4816/5796 4604/4817/5794 4598/4810/5786
f 4600/4811/5789 4606/4818/5797 4605/4816/5796 4599/4809/5788
f 4601/4812/5790 4607/4819/5798 4606/4818/5799 4600/4811/5791
f 4602/4813/5792 4608/4820/5800 4607/4819/5798 4601/4812/5790
f 4603/4808/5793 4609/4815/5801 4608/4820/5800 4602/4813/5792
f 4604/4814/5794 4610/4821/5802 4615/4822/5803 4609/4815/5795
f 4605/4816/5796 4611/4823/5804 4610/4824/5802 4604/4817/5794
f 4606/4818/5797 4612/4825/5805 4611/4823/5804 4605/4816/5796
f 4607/4819/5798 4613/4826/5806 4612/4825/5807 4606/4818/5799
f 4608/4820/5800 4614/4827/5808 4613/4826/5806 4607/4819/5798
f 4609/4815/5801 4615/4822/5809 4614/4827/5808 4608/4820/5800
f 4610/4821/5802 4616/4828/5810 4621/4829/5811 4615/4822/5803
f 4611/4823/5804 4617/4830/5812 4616/4831/5810 4610/4824/5802
f 4612/4825/5805 4618/4832/5813 4617/4830/5812 4611/4823/5804
f 4613/4826/5806 4619/4833/5814 4618/4832/5815 4612/4825/5807
f 4614/4827/5808 4620/4834/5816 4619/4833/5814 4613/4826/5806
f 4615/4822/5809 4621/4829/5817 4620/4834/5816 4614/4827/5808
f 4616/4828/5810 4622/4835/5818 4627/4836/5819 4621/4829/5811
f 4617/4830/5812 4623/4837/5820 4622/4838/5818 4616/4831/5810
f 4618/4832/5813 4624/4839/5821 4623/4837/5820 4617/4830/5812
f 4619/4833/5814 4625/4840/5822 4624/4839/5823 4618/4832/5815
f 4620/4834/5816 4626/4841/5824 4625/4840/5822 4619/4833/5814
f 4621/4829/5817 4627/4836/5825 4626/4841/5824 4620/4834/5816
f 4622/4835/5818 4628/4842/5826 4633/4843/5827 4627/4836/5819
f 4623/4837/5820 4629/4844/5828 4628/4845/5826 4622/4838/5818
f 4624/4839/5821 4630/4846/5829 4629/4844/5828 4623/4837/5820
f 4625/4840/5822 4631/4847/5830 4630/4846/5831 4624/4839/5823
f 4626/4841/5824 4632/4848/5832 4631/4847/5830 4625/4840/5822
f 4627/4836/5825 4633/4843/5833 4632/4848/5832 4626/4841/5824
f 4628/4842/5826 4634/4849/5834 4639/4850/5835 4633/4843/5827
f 4629/4844/5828 4635/4851/5836 4634/4852/5834 4628/4845/5826
f 4630/4846/5829 4636/4853/5837 4635/4851/5836 4629/4844/5828
f 4631/4847/5830 4637/4854/5838 4636/4853/5839 4630/4846/5831
f 4632/4848/5832 4638/4855/5840 4637/4854/5838 4631/4847/5830
f 4633/4843/5833 4639/4850/5841 4638/4855/5840 4632/4848/5832
f 4634/4849/5834 4640/4856/5842 4645/4857/5843 4639/4850/5835
f 4635/4851/5836 4641/4858/5844 4640/4859/5842 4634/4852/5834
f 4636/4853/5837 4642/4860/5845 4641/4858/5844 4635/4851/5836
f 4637/4854/5838 4643/4861/5846 4642/4860/5847 4636/4853/5839
f 4638/4855/5840 4644/4862/5848 4643/4861/5846 4637/4854/5838
f 4639/4850/5841 4645/4857/5849 4644/4862/5848 4638/4855/5840
f 4640/4856/5842 4568/4863/5850 4573/4864/5851 4645/4857/5843
f 4641/4858/5844 4569/4865/5852 4568/4774/5850 4640/4859/5842
f 4642/4860/5845 4570/4866/5853 4569/4865/5852 4641/4858/5844
f 4643/4861/5846 4571/4867/5854 4570/4866/5855 4642/4860/5847
f 4644/4862/5848 4572/4868/5856 4571/4867/5854 4643/4861/5846
f 4645/4857/5849 4573/4864/5857 4572/4868/5856 4644/4862/5848
o Receiver_|_right_side_trim
v 0.350339 0.072360 0.023977
v 0.350339 0.072360 0.026023
v 0.350384 0.070588 0.027046
v 0.350428 0.068817 0.026023
v 0.350428 0.068817 0.023977
v 0.350384 0.070588 0.022954
v 0.269009 0.070314 0.023977
v 0.269009 0.070314 0.026023
v 0.269054 0.068542 0.027046
v 0.269098 0.066771 0.026023
v 0.269098 0.066771 0.023977
v 0.269054 0.068542 0.022954
v 0.297151 0.071022 0.023977
v 0.297151 0.071022 0.026023
v 0.297195 0.069250 0.027046
v 0.297240 0.067479 0.026023
v 0.297240 0.067479 0.023977
v 0.297195 0.069250 0.022954
v 0.322197 0.071652 0.023977
v 0.322197 0.071652 0.026023
v 0.322242 0.069880 0.027046
v 0.322287 0.068109 0.026023
v 0.322287 0.068109 0.023977
v 0.322242 0.069880 0.022954
vn 0.9997 0.0251 -0.0000
vn -0.9997 -0.0251 -0.0000
vn -0.0126 0.4998 -0.8660
vn -0.0218 0.8658 -0.5000
vn -0.0000 -0.0000 -1.0000
vn -0.0251 0.9997 -0.0000
vn -0.0000 -0.0000 1.0000
vn -0.0126 0.4998 0.8660
vn 0.0218 -0.8658 0.5000
vn 0.0251 -0.9997 -0.0000
vn 0.0218 -0.8658 -0.5000
vn 0.0126 -0.4998 -0.8660
vn 0.0126 -0.4998 0.8660
vt 1.000000 0.000000
vt 0.600000 0.000000
vt 0.800000 0.000000
vt 0.400000 0.000000
vt 0.000000 0.000000
vt 0.200000 0.000000
vt 0.000000 1.000000
vt 0.333333 1.000000
vt 0.333333 0.833333
vt 0.000000 0.833333
vt 0.000000 0.166667
vt 0.333333 0.166667
vt 0.333333 0.000000
vt 0.000000 0.333333
vt 0.333333 0.333333
vt 0.000000 0.500000
vt 0.333333 0.500000
vt 0.000000 0.666667
vt 0.333333 0.666667
vt 0.666667 1.000000
vt 0.666667 0.833333
vt 0.666667 0.166667
vt 0.666667 0.000000
vt 0.666667 0.333333
vt 0.666667 0.500000
vt 0.666667 0.666667
vt 1.000000 1.000000
vt 1.000000 0.833333
vt 1.000000 0.166667
vt 1.000000 0.333333
vt 1.000000 0.500000
vt 1.000000 0.666667
s 1
usemtl Gold_|_polished_trim
f 4651/4869/5858 4649/4870/5858 4650/4871/5858
f 4651/4869/5858 4648/4872/5858 4649/4870/5858
f 4646/4873/5858 4648/4872/5858 4651/4869/5858
f 4646/4873/5858 4647/4874/5858 4648/4872/5858
f 4654/4872/5859 4656/4871/5859 4655/4870/5859
f 4654/4872/5859 4657/4869/5859 4656/4871/5859
f 4653/4874/5859 4657/4869/5859 4654/4872/5859
f 4653/4874/5859 4652/4873/5859 4657/4869/5859
f 4652/4875/5860 4658/4876/5861 4663/4877/5862 4657/4878/5862
f 4653/4879/5863 4659/4880/5863 4658/4881/5861 4652/4873/5863
f 4654/4882/5864 4660/4883/5864 4659/4880/5865 4653/4879/5865
f 4655/4884/5866 4661/4885/5866 4660/4883/5864 4654/4882/5864
f 4656/4886/5867 4662/4887/5868 4661/4885/5866 4655/4884/5866
f 4657/4878/5862 4663/4877/5862 4662/4887/5868 4656/4886/5869
f 4658/4876/5861 4664/4888/5861 4669/4889/5862 4663/4877/5862
f 4659/4880/5863 4665/4890/5863 4664/4891/5861 4658/4881/5861
f 4660/4883/5864 4666/4892/5864 4665/4890/5865 4659/4880/5865
f 4661/4885/5866 4667/4893/5870 4666/4892/5864 4660/4883/5864
f 4662/4887/5868 4668/4894/5868 4667/4893/5867 4661/4885/5866
f 4663/4877/5862 4669/4889/5862 4668/4894/5868 4662/4887/5868
f 4664/4888/5861 4646/4895/5860 4651/4896/5862 4669/4889/5862
f 4665/4890/5863 4647/4897/5863 4646/4869/5863 4664/4891/5861
f 4666/4892/5864 4648/4898/5864 4647/4897/5865 4665/4890/5865
f 4667/4893/5870 4649/4899/5870 4648/4898/5864 4666/4892/5864
f 4668/4894/5868 4650/4900/5867 4649/4899/5867 4667/4893/5867
f 4669/4889/5862 4651/4896/5862 4650/4900/5869 4668/4894/5868
o Shroud_|_right_side_trim
v 0.650580 0.079521 0.030431
v 0.650648 0.079521 0.032476
v 0.650708 0.077750 0.033498
v 0.650699 0.075978 0.032474
v 0.650630 0.075978 0.030430
v 0.650571 0.077749 0.029408
v 0.364133 0.074917 0.039375
v 0.364192 0.074917 0.041420
v 0.364254 0.073146 0.042442
v 0.364256 0.071374 0.041418
v 0.364196 0.071374 0.039373
v 0.364135 0.073146 0.038351
v 0.413336 0.075826 0.037970
v 0.413395 0.075826 0.040015
v 0.413457 0.074054 0.041037
v 0.413460 0.072283 0.040013
v 0.413402 0.072283 0.037968
v 0.413340 0.074054 0.036946
v 0.457130 0.076637 0.036722
v 0.457190 0.076637 0.038767
v 0.457251 0.074865 0.039789
v 0.457253 0.073094 0.038765
v 0.457193 0.073094 0.036720
v 0.457131 0.074865 0.035699
v 0.506333 0.077475 0.035239
v 0.506397 0.077475 0.037284
v 0.506458 0.075703 0.038305
v 0.506454 0.073932 0.037282
v 0.506390 0.073932 0.035237
v 0.506330 0.075703 0.034215
v 0.556247 0.078231 0.033628
v 0.556315 0.078231 0.035673
v 0.556374 0.076459 0.036695
v 0.556366 0.074687 0.035672
v 0.556298 0.074687 0.033627
v 0.556239 0.076459 0.032605
v 0.600670 0.078837 0.032121
v 0.600739 0.078837 0.034166
v 0.600798 0.077065 0.035188
v 0.600787 0.075294 0.034164
v 0.600718 0.075293 0.032120
v 0.600659 0.077065 0.031098
vn 0.9993 0.0142 -0.0333
vn 0.9993 0.0142 -0.0332
vn -0.9994 -0.0180 0.0291
vn -0.0339 0.4999 -0.8654
vn -0.0285 -0.0000 -0.9996
vn -0.0285 -0.0001 -0.9996
vn -0.0184 0.9998 0.0005
vn -0.0185 0.9998 0.0005
vn 0.0285 -0.0002 0.9996
vn 0.0285 -0.0000 0.9996
vn 0.0155 0.4999 0.8659
vn 0.0339 -0.4999 0.8654
vn 0.0184 -0.9998 -0.0005
vn 0.0017 -0.8659 -0.5003
vn 0.0185 -0.9998 -0.0005
vn -0.0155 -0.4999 -0.8659
vn -0.0300 0.8661 -0.4990
vn -0.0293 0.0002 -0.9996
vn -0.0178 0.9998 0.0005
vn 0.0293 0.0002 0.9996
vn 0.0165 0.4999 0.8659
vn 0.0343 -0.4999 0.8654
vn 0.0007 -0.8659 -0.5001
vn 0.0178 -0.9998 -0.0005
vn -0.0295 0.8661 -0.4990
vn -0.0350 0.4999 -0.8654
vn 0.0017 0.8659 0.5003
vn 0.0312 0.0003 0.9995
vn 0.0295 -0.8657 0.4997
vn -0.0017 -0.8660 -0.5000
vn -0.0190 -0.5000 -0.8658
vn -0.0290 0.8661 -0.4991
vn -0.0358 0.4999 -0.8653
vn 0.0041 0.8659 0.5002
vn 0.0215 0.5000 0.8658
vn 0.0290 -0.8657 0.4997
vn 0.0358 -0.4999 0.8653
vn -0.0041 -0.8660 -0.5000
vn -0.0215 -0.5000 -0.8658
vn -0.0288 0.8659 -0.4994
vn -0.0339 -0.0001 -0.9994
vn 0.0051 0.8660 0.5000
vn 0.0339 0.0001 0.9994
vn 0.0362 -0.4999 0.8653
vn -0.0051 -0.8660 -0.5001
vn 0.0137 -0.9999 -0.0004
vn -0.0362 0.4999 -0.8653
vn -0.0338 -0.0002 -0.9994
vn -0.0137 0.9999 0.0004
vn 0.0338 -0.0001 0.9994
vn 0.0225 0.5000 0.8657
vn -0.0225 -0.5000 -0.8657
vt 1.000000 0.000000
vt 0.600000 0.000000
vt 0.800000 0.000000
vt 0.400000 0.000000
vt 0.000000 0.000000
vt 0.200000 0.000000
vt 0.000000 1.000000
vt 0.166667 1.000000
vt 0.166667 0.833333
vt 0.000000 0.833333
vt 0.000000 0.166667
vt 0.166667 0.166667
vt 0.166667 0.000000
vt 0.000000 0.333333
vt 0.166667 0.333333
vt 0.000000 0.500000
vt 0.166667 0.500000
vt 0.000000 0.666667
vt 0.166667 0.666667
vt 0.333333 1.000000
vt 0.333333 0.833333
vt 0.333333 0.166667
vt 0.333333 0.000000
vt 0.333333 0.333333
vt 0.333333 0.500000
vt 0.333333 0.666667
vt 0.500000 1.000000
vt 0.500000 0.833333
vt 0.500000 0.166667
vt 0.500000 0.000000
vt 0.500000 0.333333
vt 0.500000 0.500000
vt 0.500000 0.666667
vt 0.666667 1.000000
vt 0.666667 0.833333
vt 0.666667 0.166667
vt 0.666667 0.000000
vt 0.666667 0.333333
vt 0.666667 0.500000
vt 0.666667 0.666667
vt 0.833333 1.000000
vt 0.833333 0.833333
vt 0.833333 0.166667
vt 0.833333 0.000000
vt 0.833333 0.333333
vt 0.833333 0.500000
vt 0.833333 0.666667
vt 1.000000 1.000000
vt 1.000000 0.833333
vt 1.000000 0.166667
vt 1.000000 0.333333
vt 1.000000 0.500000
vt 1.000000 0.666667
s 1
usemtl Gold_|_polished_trim
f 4675/4901/5871 4673/4902/5871 4674/4903/5871
f 4675/4901/5871 4672/4904/5871 4673/4902/5871
f 4670/4905/5871 4672/4904/5871 4675/4901/5871
f 4670/4905/5871 4671/4906/5872 4672/4904/5871
f 4678/4904/5873 4680/4903/5873 4679/4902/5873
f 4678/4904/5873 4681/4901/5873 4680/4903/5873
f 4677/4906/5873 4681/4901/5873 4678/4904/5873
f 4677/4906/5873 4676/4905/5873 4681/4901/5873
f 4676/4907/5874 4682/4908/5874 4687/4909/5875 4681/4910/5876
f 4677/4911/5877 4683/4912/5878 4682/4913/5878 4676/4905/5877
f 4678/4914/5879 4684/4915/5880 4683/4912/5881 4677/4911/5881
f 4679/4916/5882 4685/4917/5882 4684/4915/5880 4678/4914/5879
f 4680/4918/5883 4686/4919/5884 4685/4917/5885 4679/4916/5883
f 4681/4910/5876 4687/4909/5875 4686/4919/5884 4680/4918/5886
f 4682/4908/5874 4688/4920/5887 4693/4921/5888 4687/4909/5875
f 4683/4912/5878 4689/4922/5889 4688/4923/5887 4682/4913/5878
f 4684/4915/5880 4690/4924/5890 4689/4922/5891 4683/4912/5881
f 4685/4917/5882 4691/4925/5892 4690/4924/5890 4684/4915/5880
f 4686/4919/5884 4692/4926/5893 4691/4925/5894 4685/4917/5885
f 4687/4909/5875 4693/4921/5888 4692/4926/5893 4686/4919/5884
f 4688/4920/5887 4694/4927/5895 4699/4928/5896 4693/4921/5888
f 4689/4922/5889 4695/4929/5897 4694/4930/5895 4688/4923/5887
f 4690/4924/5890 4696/4931/5898 4695/4929/5897 4689/4922/5891
f 4691/4925/5892 4697/4932/5899 4696/4931/5898 4690/4924/5890
f 4692/4926/5893 4698/4933/5900 4697/4932/5899 4691/4925/5894
f 4693/4921/5888 4699/4928/5901 4698/4933/5900 4692/4926/5893
f 4694/4927/5895 4700/4934/5902 4705/4935/5903 4699/4928/5896
f 4695/4929/5897 4701/4936/5904 4700/4937/5902 4694/4930/5895
f 4696/4931/5898 4702/4938/5905 4701/4936/5904 4695/4929/5897
f 4697/4932/5899 4703/4939/5906 4702/4938/5907 4696/4931/5898
f 4698/4933/5900 4704/4940/5908 4703/4939/5906 4697/4932/5899
f 4699/4928/5901 4705/4935/5909 4704/4940/5908 4698/4933/5900
f 4700/4934/5902 4706/4941/5910 4711/4942/5911 4705/4935/5903
f 4701/4936/5904 4707/4943/5912 4706/4944/5910 4700/4937/5902
f 4702/4938/5905 4708/4945/5913 4707/4943/5912 4701/4936/5904
f 4703/4939/5906 4709/4946/5914 4708/4945/5913 4702/4938/5907
f 4704/4940/5908 4710/4947/5915 4709/4946/5916 4703/4939/5906
f 4705/4935/5909 4711/4942/5911 4710/4947/5915 4704/4940/5908
f 4706/4941/5910 4670/4948/5917 4675/4949/5918 4711/4942/5911
f 4707/4943/5912 4671/4950/5919 4670/4901/5919 4706/4944/5910
f 4708/4945/5913 4672/4951/5920 4671/4950/5921 4707/4943/5912
f 4709/4946/5914 4673/4952/5914 4672/4951/5920 4708/4945/5913
f 4710/4947/5915 4674/4953/5916 4673/4952/5916 4709/4946/5916
f 4711/4942/5911 4675/4949/5918 4674/4953/5922 4710/4947/5915
o Rivet_|_right_570
v 0.033526 0.057440 0.024000
v 0.031865 0.059101 0.024000
v 0.029516 0.059101 0.024000
v 0.027855 0.057440 0.024000
v 0.027855 0.055092 0.024000
v 0.029516 0.053431 0.024000
v 0.031865 0.053431 0.024000
v 0.033526 0.055092 0.024000
v 0.033526 0.057440 0.026200
v 0.031865 0.059101 0.026200
v 0.029516 0.059101 0.026200
v 0.027855 0.057440 0.026200
v 0.027855 0.055092 0.026200
v 0.029516 0.053431 0.026200
v 0.031865 0.053431 0.026200
v 0.033526 0.055092 0.026200
v 0.032392 0.056971 0.026700
v 0.031395 0.057967 0.026700
v 0.029986 0.057967 0.026700
v 0.028989 0.056971 0.026700
v 0.028989 0.055561 0.026700
v 0.029986 0.054565 0.026700
v 0.031395 0.054565 0.026700
v 0.032392 0.055561 0.026700
v 0.030691 0.056266 0.027000
vn 0.7071 0.7071 -0.0000
vn -0.0000 1.0000 -0.0000
vn -0.7071 0.7071 -0.0000
vn -1.0000 -0.0000 -0.0000
vn -0.7071 -0.7071 -0.0000
vn -0.0000 -1.0000 -0.0000
vn 0.7071 -0.7071 -0.0000
vn 1.0000 -0.0000 -0.0000
vn 0.3485 0.1443 0.9261
vn 0.1443 0.3485 0.9261
vn 0.1134 0.2737 0.9551
vn 0.2737 0.1134 0.9551
vn -0.1443 0.3485 0.9261
vn -0.1134 0.2737 0.9551
vn -0.3485 0.1444 0.9261
vn -0.2737 0.1134 0.9551
vn -0.3485 -0.1444 0.9261
vn -0.2737 -0.1134 0.9551
vn -0.1443 -0.3485 0.9261
vn -0.1134 -0.2737 0.9551
vn 0.1443 -0.3485 0.9261
vn 0.1134 -0.2737 0.9551
vn 0.3485 -0.1444 0.9261
vn 0.2737 -0.1134 0.9551
vn -0.0000 -0.0000 1.0000
vn -0.0000 -0.0000 -1.0000
s 1
usemtl Gold_|_polished_trim
f 4712//5923 4713//5923 4721//5923 4720//5923
f 4713//5924 4714//5924 4722//5924 4721//5924
f 4714//5925 4715//5925 4723//5925 4722//5925
f 4715//5926 4716//5926 4724//5926 4723//5926
f 4716//5927 4717//5927 4725//5927 4724//5927
f 4717//5928 4718//5928 4726//5928 4725//5928
f 4718//5929 4719//5929 4727//5929 4726//5929
f 4719//5930 4712//5930 4720//5930 4727//5930
f 4720//5931 4721//5932 4729//5933 4728//5934
f 4721//5932 4722//5935 4730//5936 4729//5933
f 4722//5935 4723//5937 4731//5938 4730//5936
f 4723//5937 4724//5939 4732//5940 4731//5938
f 4724//5939 4725//5941 4733//5942 4732//5940
f 4725//5941 4726//5943 4734//5944 4733//5942
f 4726//5943 4727//5945 4735//5946 4734//5944
f 4727//5945 4720//5931 4728//5934 4735//5946
f 4728//5934 4729//5933 4736//5947
f 4729//5933 4730//5936 4736//5947
f 4730//5936 4731//5938 4736//5947
f 4731//5938 4732//5940 4736//5947
f 4732//5940 4733//5942 4736//5947
f 4733//5942 4734//5944 4736//5947
f 4734//5944 4735//5946 4736//5947
f 4735//5946 4728//5934 4736//5947
f 4712//5948 4719//5948 4718//5948 4717//5948 4716//5948 4715//5948 4714//5948 4713//5948
o Rivet_|_right_1110
v 0.309741 0.057440 0.024000
v 0.308080 0.059101 0.024000
v 0.305731 0.059101 0.024000
v 0.304070 0.057440 0.024000
v 0.304070 0.055092 0.024000
v 0.305731 0.053431 0.024000
v 0.308080 0.053431 0.024000
v 0.309741 0.055092 0.024000
v 0.309741 0.057440 0.026200
v 0.308080 0.059101 0.026200
v 0.305731 0.059101 0.026200
v 0.304070 0.057440 0.026200
v 0.304070 0.055092 0.026200
v 0.305731 0.053431 0.026200
v 0.308080 0.053431 0.026200
v 0.309741 0.055092 0.026200
v 0.308607 0.056971 0.026700
v 0.307610 0.057967 0.026700
v 0.306201 0.057967 0.026700
v 0.305204 0.056971 0.026700
v 0.305204 0.055561 0.026700
v 0.306201 0.054565 0.026700
v 0.307610 0.054565 0.026700
v 0.308607 0.055561 0.026700
v 0.306905 0.056266 0.027000
vn 0.7071 0.7071 -0.0000
vn -0.0000 1.0000 -0.0000
vn -0.7071 0.7071 -0.0000
vn -1.0000 -0.0000 -0.0000
vn -0.7071 -0.7071 -0.0000
vn -0.0000 -1.0000 -0.0000
vn 0.7071 -0.7071 -0.0000
vn 1.0000 -0.0000 -0.0000
vn 0.3485 0.1443 0.9261
vn 0.1443 0.3485 0.9261
vn 0.1134 0.2737 0.9551
vn 0.2737 0.1134 0.9551
vn -0.1443 0.3485 0.9261
vn -0.1134 0.2737 0.9551
vn -0.3485 0.1443 0.9261
vn -0.2737 0.1134 0.9551
vn -0.3485 -0.1443 0.9261
vn -0.2737 -0.1134 0.9551
vn -0.1443 -0.3485 0.9261
vn -0.1134 -0.2737 0.9551
vn 0.1444 -0.3485 0.9261
vn 0.1134 -0.2737 0.9551
vn 0.3485 -0.1444 0.9261
vn 0.2737 -0.1134 0.9551
vn -0.0000 -0.0000 1.0000
vn -0.0000 -0.0000 -1.0000
s 1
usemtl Gold_|_polished_trim
f 4737//5949 4738//5949 4746//5949 4745//5949
f 4738//5950 4739//5950 4747//5950 4746//5950
f 4739//5951 4740//5951 4748//5951 4747//5951
f 4740//5952 4741//5952 4749//5952 4748//5952
f 4741//5953 4742//5953 4750//5953 4749//5953
f 4742//5954 4743//5954 4751//5954 4750//5954
f 4743//5955 4744//5955 4752//5955 4751//5955
f 4744//5956 4737//5956 4745//5956 4752//5956
f 4745//5957 4746//5958 4754//5959 4753//5960
f 4746//5958 4747//5961 4755//5962 4754//5959
f 4747//5961 4748//5963 4756//5964 4755//5962
f 4748//5963 4749//5965 4757//5966 4756//5964
f 4749//5965 4750//5967 4758//5968 4757//5966
f 4750//5967 4751//5969 4759//5970 4758//5968
f 4751//5969 4752//5971 4760//5972 4759//5970
f 4752//5971 4745//5957 4753//5960 4760//5972
f 4753//5960 4754//5959 4761//5973
f 4754//5959 4755//5962 4761//5973
f 4755//5962 4756//5964 4761//5973
f 4756//5964 4757//5966 4761//5973
f 4757//5966 4758//5968 4761//5973
f 4758//5968 4759//5970 4761//5973
f 4759//5970 4760//5972 4761//5973
f 4760//5972 4753//5960 4761//5973
f 4737//5974 4744//5974 4743//5974 4742//5974 4741//5974 4740//5974 4739//5974 4738//5974
o Rivet_|_right_1150
v 0.330201 0.057440 0.024000
v 0.328540 0.059101 0.024000
v 0.326191 0.059101 0.024000
v 0.324530 0.057440 0.024000
v 0.324530 0.055092 0.024000
v 0.326191 0.053431 0.024000
v 0.328540 0.053431 0.024000
v 0.330201 0.055092 0.024000
v 0.330201 0.057440 0.026200
v 0.328540 0.059101 0.026200
v 0.326191 0.059101 0.026200
v 0.324530 0.057440 0.026200
v 0.324530 0.055092 0.026200
v 0.326191 0.053431 0.026200
v 0.328540 0.053431 0.026200
v 0.330201 0.055092 0.026200
v 0.329067 0.056971 0.026700
v 0.328070 0.057967 0.026700
v 0.326661 0.057967 0.026700
v 0.325664 0.056971 0.026700
v 0.325664 0.055561 0.026700
v 0.326661 0.054565 0.026700
v 0.328070 0.054565 0.026700
v 0.329067 0.055561 0.026700
v 0.327366 0.056266 0.027000
vn 0.7071 0.7071 -0.0000
vn -0.0000 1.0000 -0.0000
vn -0.7071 0.7071 -0.0000
vn -1.0000 -0.0000 -0.0000
vn -0.7071 -0.7071 -0.0000
vn -0.0000 -1.0000 -0.0000
vn 0.7071 -0.7071 -0.0000
vn 1.0000 -0.0000 -0.0000
vn 0.3485 0.1444 0.9261
vn 0.1444 0.3485 0.9261
vn 0.1134 0.2737 0.9551
vn 0.2737 0.1134 0.9551
vn -0.1444 0.3485 0.9261
vn -0.1134 0.2737 0.9551
vn -0.3485 0.1444 0.9261
vn -0.2737 0.1134 0.9551
vn -0.3485 -0.1444 0.9261
vn -0.2737 -0.1134 0.9551
vn -0.1444 -0.3485 0.9261
vn -0.1134 -0.2737 0.9551
vn 0.1444 -0.3485 0.9261
vn 0.1134 -0.2737 0.9551
vn 0.3485 -0.1444 0.9261
vn 0.2737 -0.1134 0.9551
vn -0.0000 -0.0000 1.0000
vn -0.0000 -0.0000 -1.0000
s 1
usemtl Gold_|_polished_trim
f 4762//5975 4763//5975 4771//5975 4770//5975
f 4763//5976 4764//5976 4772//5976 4771//5976
f 4764//5977 4765//5977 4773//5977 4772//5977
f 4765//5978 4766//5978 4774//5978 4773//5978
f 4766//5979 4767//5979 4775//5979 4774//5979
f 4767//5980 4768//5980 4776//5980 4775//5980
f 4768//5981 4769//5981 4777//5981 4776//5981
f 4769//5982 4762//5982 4770//5982 4777//5982
f 4770//5983 4771//5984 4779//5985 4778//5986
f 4771//5984 4772//5987 4780//5988 4779//5985
f 4772//5987 4773//5989 4781//5990 4780//5988
f 4773//5989 4774//5991 4782//5992 4781//5990
f 4774//5991 4775//5993 4783//5994 4782//5992
f 4775//5993 4776//5995 4784//5996 4783//5994
f 4776//5995 4777//5997 4785//5998 4784//5996
f 4777//5997 4770//5983 4778//5986 4785//5998
f 4778//5986 4779//5985 4786//5999
f 4779//5985 4780//5988 4786//5999
f 4780//5988 4781//5990 4786//5999
f 4781//5990 4782//5992 4786//5999
f 4782//5992 4783//5994 4786//5999
f 4783//5994 4784//5996 4786//5999
f 4784//5996 4785//5998 4786//5999
f 4785//5998 4778//5986 4786//5999
f 4762//6000 4769//6000 4768//6000 4767//6000 4766//6000 4765//6000 4764//6000 4763//6000
o Rivet_|_right_1700
v 0.611531 0.093246 0.030829
v 0.609870 0.094907 0.030829
v 0.607521 0.094907 0.030829
v 0.605860 0.093246 0.030829
v 0.605860 0.090897 0.030829
v 0.607521 0.089236 0.030829
v 0.609870 0.089236 0.030829
v 0.611531 0.090897 0.030829
v 0.611531 0.093246 0.033029
v 0.609870 0.094907 0.033029
v 0.607521 0.094907 0.033029
v 0.605860 0.093246 0.033029
v 0.605860 0.090897 0.033029
v 0.607521 0.089236 0.033029
v 0.609870 0.089236 0.033029
v 0.611531 0.090897 0.033029
v 0.610397 0.092776 0.033529
v 0.609400 0.093773 0.033529
v 0.607991 0.093773 0.033529
v 0.606994 0.092776 0.033529
v 0.606994 0.091367 0.033529
v 0.607991 0.090370 0.033529
v 0.609400 0.090370 0.033529
v 0.610397 0.091367 0.033529
v 0.608696 0.092072 0.033829
vn 0.7071 0.7071 -0.0000
vn -0.0000 1.0000 -0.0000
vn -0.7071 0.7071 -0.0000
vn -1.0000 -0.0000 -0.0000
vn -0.7071 -0.7071 -0.0000
vn -0.0000 -1.0000 -0.0000
vn 0.7071 -0.7071 -0.0000
vn 1.0000 -0.0000 -0.0000
vn 0.3485 0.1444 0.9261
vn 0.1444 0.3485 0.9261
vn 0.1134 0.2737 0.9551
vn 0.2737 0.1134 0.9551
vn -0.1444 0.3485 0.9261
vn -0.1134 0.2737 0.9551
vn -0.3485 0.1444 0.9261
vn -0.2737 0.1134 0.9551
vn -0.3485 -0.1444 0.9261
vn -0.2737 -0.1134 0.9551
vn -0.1444 -0.3485 0.9261
vn -0.1134 -0.2737 0.9551
vn 0.1444 -0.3485 0.9261
vn 0.1134 -0.2737 0.9551
vn 0.3485 -0.1444 0.9261
vn 0.2737 -0.1134 0.9551
vn -0.0000 -0.0000 1.0000
vn -0.0000 -0.0000 -1.0000
s 1
usemtl Gold_|_polished_trim
f 4787//6001 4788//6001 4796//6001 4795//6001
f 4788//6002 4789//6002 4797//6002 4796//6002
f 4789//6003 4790//6003 4798//6003 4797//6003
f 4790//6004 4791//6004 4799//6004 4798//6004
f 4791//6005 4792//6005 4800//6005 4799//6005
f 4792//6006 4793//6006 4801//6006 4800//6006
f 4793//6007 4794//6007 4802//6007 4801//6007
f 4794//6008 4787//6008 4795//6008 4802//6008
f 4795//6009 4796//6010 4804//6011 4803//6012
f 4796//6010 4797//6013 4805//6014 4804//6011
f 4797//6013 4798//6015 4806//6016 4805//6014
f 4798//6015 4799//6017 4807//6018 4806//6016
f 4799//6017 4800//6019 4808//6020 4807//6018
f 4800//6019 4801//6021 4809//6022 4808//6020
f 4801//6021 4802//6023 4810//6024 4809//6022
f 4802//6023 4795//6009 4803//6012 4810//6024
f 4803//6012 4804//6011 4811//6025
f 4804//6011 4805//6014 4811//6025
f 4805//6014 4806//6016 4811//6025
f 4806//6016 4807//6018 4811//6025
f 4807//6018 4808//6020 4811//6025
f 4808//6020 4809//6022 4811//6025
f 4809//6022 4810//6024 4811//6025
f 4810//6024 4803//6012 4811//6025
f 4787//6026 4794//6026 4793//6026 4792//6026 4791//6026 4790//6026 4789//6026 4788//6026
