# Blender 5.2.2 LTS
# www.blender.org
mtllib raygun_shotgun.mtl
o Body_|_stock_and_receiver
v -0.252359 -0.077949 0.025000
v -0.252359 0.070154 0.025000
v -0.245578 0.072719 0.025000
v -0.238987 0.075370 0.025000
v -0.232017 0.077849 0.025000
v -0.224103 0.079897 0.025000
v -0.211278 0.081783 0.025000
v -0.199855 0.082354 0.025000
v -0.188377 0.082550 0.025000
v -0.175385 0.083308 0.025000
v -0.162410 0.084744 0.025000
v -0.151029 0.086266 0.025000
v -0.139646 0.087771 0.025000
v -0.126667 0.089154 0.025000
v -0.113721 0.090515 0.025000
v -0.102320 0.091746 0.025000
v -0.090912 0.092412 0.025000
v -0.077949 0.092077 0.025000
v -0.071420 0.091152 0.025000
v -0.065764 0.089704 0.025000
v -0.060112 0.088225 0.025000
v -0.053590 0.087205 0.025000
v -0.048394 0.086789 0.025000
v -0.043798 0.086628 0.025000
v -0.039226 0.086878 0.025000
v -0.034103 0.087692 0.025000
v -0.030048 0.088733 0.025000
v -0.026587 0.090026 0.025000
v -0.023230 0.091614 0.025000
v -0.019487 0.093538 0.025000
v -0.016103 0.095372 0.025000
v -0.013214 0.097141 0.025000
v -0.010417 0.099058 0.025000
v -0.007308 0.101333 0.025000
v -0.002688 0.105121 0.025000
v 0.001154 0.108730 0.025000
v 0.005028 0.112294 0.025000
v 0.009744 0.115949 0.025000
v 0.014663 0.119263 0.025000
v 0.019133 0.121972 0.025000
v 0.023780 0.124349 0.025000
v 0.029231 0.126667 0.025000
v 0.034442 0.128408 0.025000
v 0.039276 0.129568 0.025000
v 0.043959 0.130495 0.025000
v 0.048718 0.131538 0.025000
v 0.267949 0.132513 0.025000
v 0.267949 0.025333 0.025000
v 0.238460 0.024257 0.025000
v 0.209611 0.022787 0.025000
v 0.179482 0.022103 0.025000
v 0.146154 0.023385 0.025000
v 0.138341 0.024375 0.025000
v 0.131536 0.025786 0.025000
v 0.124732 0.027214 0.025000
v 0.116923 0.028256 0.025000
v 0.097511 0.029537 0.025000
v 0.080394 0.029906 0.025000
v 0.063271 0.029450 0.025000
v 0.043846 0.028256 0.025000
v 0.032149 0.026708 0.025000
v 0.021939 0.024528 0.025000
v 0.011721 0.022630 0.025000
v 0.000000 0.021923 0.025000
v -0.005219 0.022438 0.025000
v -0.009749 0.023493 0.025000
v -0.014276 0.024616 0.025000
v -0.019487 0.025333 0.025000
v -0.027296 0.025745 0.025000
v -0.034193 0.025782 0.025000
v -0.041045 0.025229 0.025000
v -0.048718 0.023872 0.025000
v -0.054089 0.022388 0.025000
v -0.058660 0.020577 0.025000
v -0.063132 0.018465 0.025000
v -0.068205 0.016077 0.025000
v -0.070845 0.014878 0.025000
v -0.073148 0.013780 0.025000
v -0.075415 0.012613 0.025000
v -0.077949 0.011205 0.025000
v -0.090672 0.003538 0.025000
v -0.102095 -0.003954 0.025000
v -0.113626 -0.011784 0.025000
v -0.126667 -0.020462 0.025000
v -0.139477 -0.029144 0.025000
v -0.150623 -0.036982 0.025000
v -0.161971 -0.044476 0.025000
v -0.175385 -0.052128 0.025000
v -0.187914 -0.058430 0.025000
v -0.199199 -0.063441 0.025000
v -0.210757 -0.067789 0.025000
v -0.224103 -0.072103 0.025000
v -0.231738 -0.074131 0.025000
v -0.238739 -0.075529 0.025000
v -0.245485 -0.076676 0.025000
v -0.252359 -0.077949 -0.025000
v -0.252359 0.070154 -0.025000
v -0.245578 0.072719 -0.025000
v -0.238987 0.075370 -0.025000
v -0.232017 0.077849 -0.025000
v -0.224103 0.079897 -0.025000
v -0.211278 0.081783 -0.025000
v -0.199855 0.082354 -0.025000
v -0.188377 0.082550 -0.025000
v -0.175385 0.083308 -0.025000
v -0.162410 0.084744 -0.025000
v -0.151029 0.086266 -0.025000
v -0.139646 0.087771 -0.025000
v -0.126667 0.089154 -0.025000
v -0.113721 0.090515 -0.025000
v -0.102320 0.091746 -0.025000
v -0.090912 0.092412 -0.025000
v -0.077949 0.092077 -0.025000
v -0.071420 0.091152 -0.025000
v -0.065764 0.089704 -0.025000
v -0.060112 0.088225 -0.025000
v -0.053590 0.087205 -0.025000
v -0.048394 0.086789 -0.025000
v -0.043798 0.086628 -0.025000
v -0.039226 0.086878 -0.025000
v -0.034103 0.087692 -0.025000
v -0.030048 0.088733 -0.025000
v -0.026587 0.090026 -0.025000
v -0.023230 0.091614 -0.025000
v -0.019487 0.093538 -0.025000
v -0.016103 0.095372 -0.025000
v -0.013214 0.097141 -0.025000
v -0.010417 0.099058 -0.025000
v -0.007308 0.101333 -0.025000
v -0.002688 0.105121 -0.025000
v 0.001154 0.108730 -0.025000
v 0.005028 0.112294 -0.025000
v 0.009744 0.115949 -0.025000
v 0.014663 0.119263 -0.025000
v 0.019133 0.121972 -0.025000
v 0.023780 0.124349 -0.025000
v 0.029231 0.126667 -0.025000
v 0.034442 0.128408 -0.025000
v 0.039276 0.129568 -0.025000
v 0.043959 0.130495 -0.025000
v 0.048718 0.131538 -0.025000
v 0.267949 0.132513 -0.025000
v 0.267949 0.025333 -0.025000
v 0.238460 0.024257 -0.025000
v 0.209611 0.022787 -0.025000
v 0.179482 0.022103 -0.025000
v 0.146154 0.023385 -0.025000
v 0.138341 0.024375 -0.025000
v 0.131536 0.025786 -0.025000
v 0.124732 0.027214 -0.025000
v 0.116923 0.028256 -0.025000
v 0.097511 0.029537 -0.025000
v 0.080394 0.029906 -0.025000
v 0.063271 0.029450 -0.025000
v 0.043846 0.028256 -0.025000
v 0.032149 0.026708 -0.025000
v 0.021939 0.024528 -0.025000
v 0.011721 0.022630 -0.025000
v 0.000000 0.021923 -0.025000
v -0.005219 0.022438 -0.025000
v -0.009749 0.023493 -0.025000
v -0.014276 0.024616 -0.025000
v -0.019487 0.025333 -0.025000
v -0.027296 0.025745 -0.025000
v -0.034193 0.025782 -0.025000
v -0.041045 0.025229 -0.025000
v -0.048718 0.023872 -0.025000
v -0.054089 0.022388 -0.025000
v -0.058660 0.020577 -0.025000
v -0.063132 0.018465 -0.025000
v -0.068205 0.016077 -0.025000
v -0.070845 0.014878 -0.025000
v -0.073148 0.013780 -0.025000
v -0.075415 0.012613 -0.025000
v -0.077949 0.011205 -0.025000
v -0.090672 0.003538 -0.025000
v -0.102095 -0.003954 -0.025000
v -0.113626 -0.011784 -0.025000
v -0.126667 -0.020462 -0.025000
v -0.139477 -0.029144 -0.025000
v -0.150623 -0.036982 -0.025000
v -0.161971 -0.044476 -0.025000
v -0.175385 -0.052128 -0.025000
v -0.187914 -0.058430 -0.025000
v -0.199199 -0.063441 -0.025000
v -0.210757 -0.067789 -0.025000
v -0.224103 -0.072103 -0.025000
v -0.231738 -0.074131 -0.025000
v -0.238739 -0.075529 -0.025000
v -0.245485 -0.076676 -0.025000
v -0.256602 -0.083049 -0.023243
v -0.258359 -0.085162 -0.019000
v -0.258359 -0.085162 0.019000
v -0.256602 -0.083049 0.023243
v -0.256602 0.073085 -0.023243
v -0.258359 0.074299 -0.019000
v -0.258359 0.074299 0.019000
v -0.256602 0.073085 0.023243
v -0.247121 0.076672 -0.023243
v -0.247759 0.078309 -0.019000
v -0.247759 0.078309 0.019000
v -0.247121 0.076672 0.023243
v -0.240490 0.079338 -0.023243
v -0.241112 0.080982 -0.019000
v -0.241112 0.080982 0.019000
v -0.240490 0.079338 0.023243
v -0.233262 0.081909 -0.023243
v -0.233777 0.083591 -0.019000
v -0.233777 0.083591 0.019000
v -0.233262 0.081909 0.023243
v -0.224945 0.084062 -0.023243
v -0.225294 0.085787 -0.019000
v -0.225294 0.085787 0.019000
v -0.224945 0.084062 0.023243
v -0.211693 0.086010 -0.023243
v -0.211865 0.087761 -0.019000
v -0.211865 0.087761 0.019000
v -0.211693 0.086010 0.023243
v -0.199998 0.086595 -0.023243
v -0.200057 0.088352 -0.019000
v -0.200057 0.088352 0.019000
v -0.199998 0.086595 0.023243
v -0.188537 0.086790 -0.023243
v -0.188603 0.088547 -0.019000
v -0.188603 0.088547 0.019000
v -0.188537 0.086790 0.023243
v -0.175742 0.087537 -0.023243
v -0.175890 0.089288 -0.019000
v -0.175890 0.089288 0.019000
v -0.175742 0.087537 0.023243
v -0.162925 0.088955 -0.023243
v -0.163138 0.090700 -0.019000
v -0.163138 0.090700 0.019000
v -0.162925 0.088955 0.023243
v -0.151588 0.090472 -0.023243
v -0.151820 0.092214 -0.019000
v -0.151820 0.092214 0.019000
v -0.151588 0.090472 0.023243
v -0.140149 0.091984 -0.023243
v -0.140357 0.093729 -0.019000
v -0.140357 0.093729 0.019000
v -0.140149 0.091984 0.023243
v -0.127113 0.093373 -0.023243
v -0.127298 0.095121 -0.019000
v -0.127298 0.095121 0.019000
v -0.127113 0.093373 0.023243
v -0.114171 0.094733 -0.023243
v -0.114357 0.096481 -0.019000
v -0.114357 0.096481 0.019000
v -0.114171 0.094733 0.023243
v -0.102671 0.095975 -0.023243
v -0.102817 0.097727 -0.019000
v -0.102817 0.097727 0.019000
v -0.102671 0.095975 0.023243
v -0.090981 0.096658 -0.023243
v -0.091009 0.098417 -0.019000
v -0.091009 0.098417 0.019000
v -0.090981 0.096658 0.023243
v -0.077595 0.096312 -0.023243
v -0.077449 0.098066 -0.019000
v -0.077449 0.098066 0.019000
v -0.077595 0.096312 0.023243
v -0.070593 0.095320 -0.023243
v -0.070251 0.097047 -0.019000
v -0.070251 0.097047 0.019000
v -0.070593 0.095320 0.023243
v -0.064701 0.093812 -0.023243
v -0.064261 0.095513 -0.019000
v -0.064261 0.095513 0.019000
v -0.064701 0.093812 0.023243
v -0.059245 0.092384 -0.023243
v -0.058885 0.094106 -0.019000
v -0.058885 0.094106 0.019000
v -0.059245 0.092384 0.023243
v -0.053092 0.091421 -0.023243
v -0.052886 0.093168 -0.019000
v -0.052886 0.093168 0.019000
v -0.053092 0.091421 0.023243
v -0.048151 0.091026 -0.023243
v -0.048050 0.092781 -0.019000
v -0.048050 0.092781 0.019000
v -0.048151 0.091026 0.023243
v -0.043840 0.090875 -0.023243
v -0.043857 0.092634 -0.019000
v -0.043857 0.092634 0.019000
v -0.043840 0.090875 0.023243
v -0.039676 0.091102 -0.023243
v -0.039862 0.092852 -0.019000
v -0.039862 0.092852 0.019000
v -0.039676 0.091102 0.023243
v -0.034965 0.091851 -0.023243
v -0.035322 0.093574 -0.019000
v -0.035322 0.093574 0.019000
v -0.034965 0.091851 0.023243
v -0.031321 0.092786 -0.023243
v -0.031849 0.094465 -0.019000
v -0.031849 0.094465 0.019000
v -0.031321 0.092786 0.023243
v -0.028239 0.093937 -0.023243
v -0.028924 0.095558 -0.019000
v -0.028924 0.095558 0.019000
v -0.028239 0.093937 0.023243
v -0.025108 0.095419 -0.023243
v -0.025886 0.096995 -0.019000
v -0.025886 0.096995 0.019000
v -0.025108 0.095419 0.023243
v -0.021468 0.097290 -0.023243
v -0.022289 0.098845 -0.019000
v -0.022289 0.098845 0.019000
v -0.021468 0.097290 0.023243
v -0.018223 0.099049 -0.023243
v -0.019101 0.100572 -0.019000
v -0.019101 0.100572 0.019000
v -0.018223 0.099049 0.023243
v -0.015522 0.100703 -0.023243
v -0.016479 0.102178 -0.019000
v -0.016479 0.102178 0.019000
v -0.015522 0.100703 0.023243
v -0.012869 0.102521 -0.023243
v -0.013885 0.103955 -0.019000
v -0.013885 0.103955 0.019000
v -0.012869 0.102521 0.023243
v -0.009907 0.104688 -0.023243
v -0.010984 0.106078 -0.019000
v -0.010984 0.106078 0.019000
v -0.009907 0.104688 0.023243
v -0.005488 0.108311 -0.023243
v -0.006648 0.109633 -0.019000
v -0.006648 0.109633 0.019000
v -0.005488 0.108311 0.023243
v -0.001735 0.111837 -0.023243
v -0.002931 0.113124 -0.019000
v -0.002931 0.113124 0.019000
v -0.001735 0.111837 0.023243
v 0.002288 0.115538 -0.023243
v 0.001152 0.116881 -0.019000
v 0.001152 0.116881 0.019000
v 0.002288 0.115538 0.023243
v 0.007256 0.119389 -0.023243
v 0.006226 0.120813 -0.019000
v 0.006226 0.120813 0.019000
v 0.007256 0.119389 0.023243
v 0.012377 0.122838 -0.023243
v 0.011430 0.124319 -0.019000
v 0.011430 0.124319 0.019000
v 0.012377 0.122838 0.023243
v 0.017065 0.125680 -0.023243
v 0.016208 0.127215 -0.019000
v 0.016208 0.127215 0.019000
v 0.017065 0.125680 0.023243
v 0.021981 0.128195 -0.023243
v 0.021237 0.129788 -0.019000
v 0.021237 0.129788 0.019000
v 0.021981 0.128195 0.023243
v 0.027726 0.130637 -0.023243
v 0.027103 0.132282 -0.019000
v 0.027103 0.132282 0.019000
v 0.027726 0.130637 0.023243
v 0.033273 0.132490 -0.023243
v 0.032788 0.134181 -0.019000
v 0.032788 0.134181 0.019000
v 0.033273 0.132490 0.023243
v 0.038369 0.133713 -0.023243
v 0.037993 0.135430 -0.019000
v 0.037993 0.135430 0.019000
v 0.038369 0.133713 0.023243
v 0.043093 0.134648 -0.023243
v 0.042734 0.136369 -0.019000
v 0.042734 0.136369 0.019000
v 0.043093 0.134648 0.023243
v 0.048249 0.135779 -0.023243
v 0.048055 0.137536 -0.019000
v 0.048055 0.137536 0.019000
v 0.048249 0.135779 0.023243
v 0.272191 0.136774 -0.023243
v 0.273949 0.138540 -0.019000
v 0.273949 0.138540 0.019000
v 0.272191 0.136774 0.023243
v 0.272191 0.021243 -0.023243
v 0.273949 0.019548 -0.019000
v 0.273949 0.019548 0.019000
v 0.272191 0.021243 0.023243
v 0.238645 0.020018 -0.023243
v 0.238722 0.018262 -0.019000
v 0.238722 0.018262 0.019000
v 0.238645 0.020018 0.023243
v 0.209767 0.018546 -0.023243
v 0.209832 0.016790 -0.019000
v 0.209832 0.016790 0.019000
v 0.209767 0.018546 0.023243
v 0.179449 0.017858 -0.023243
v 0.179435 0.016100 -0.019000
v 0.179435 0.016100 0.019000
v 0.179449 0.017858 0.023243
v 0.145805 0.019152 -0.023243
v 0.145660 0.017399 -0.019000
v 0.145660 0.017399 0.019000
v 0.145805 0.019152 0.023243
v 0.137642 0.020187 -0.023243
v 0.137353 0.018453 -0.019000
v 0.137353 0.018453 0.019000
v 0.137642 0.020187 0.023243
v 0.130669 0.021633 -0.023243
v 0.130311 0.019912 -0.019000
v 0.130311 0.019912 0.019000
v 0.130669 0.021633 0.023243
v 0.124015 0.023029 -0.023243
v 0.123718 0.021296 -0.019000
v 0.123718 0.021296 0.019000
v 0.124015 0.023029 0.023243
v 0.116502 0.024032 -0.023243
v 0.116328 0.022283 -0.019000
v 0.116328 0.022283 0.019000
v 0.116502 0.024032 0.023243
v 0.097326 0.025297 -0.023243
v 0.097249 0.023541 -0.019000
v 0.097249 0.023541 0.019000
v 0.097326 0.025297 0.023243
v 0.080404 0.025662 -0.023243
v 0.080409 0.023904 -0.019000
v 0.080409 0.023904 0.019000
v 0.080404 0.025662 0.023243
v 0.063458 0.025211 -0.023243
v 0.063535 0.023455 -0.019000
v 0.063535 0.023455 0.019000
v 0.063458 0.025211 0.023243
v 0.044255 0.024031 -0.023243
v 0.044425 0.022281 -0.019000
v 0.044425 0.022281 0.019000
v 0.044255 0.024031 0.023243
v 0.032872 0.022524 -0.023243
v 0.033171 0.020791 -0.019000
v 0.033171 0.020791 0.019000
v 0.032872 0.022524 0.023243
v 0.022770 0.020367 -0.023243
v 0.023114 0.018644 -0.019000
v 0.023114 0.018644 0.019000
v 0.022770 0.020367 0.023243
v 0.012238 0.018410 -0.023243
v 0.012452 0.016663 -0.019000
v 0.012452 0.016663 0.019000
v 0.012238 0.018410 0.023243
v -0.000081 0.017668 -0.023243
v -0.000115 0.015905 -0.019000
v -0.000115 0.015905 0.019000
v -0.000081 0.017668 0.023243
v -0.005911 0.018243 -0.023243
v -0.006198 0.016505 -0.019000
v -0.006198 0.016505 0.019000
v -0.005911 0.018243 0.023243
v -0.010741 0.019368 -0.023243
v -0.011152 0.017659 -0.019000
v -0.011152 0.017659 0.019000
v -0.010741 0.019368 0.023243
v -0.015078 0.020444 -0.023243
v -0.015411 0.018716 -0.019000
v -0.015411 0.018716 0.019000
v -0.015078 0.020444 0.023243
v -0.019889 0.021106 -0.023243
v -0.020055 0.019355 -0.019000
v -0.020055 0.019355 0.019000
v -0.019889 0.021106 0.023243
v -0.027419 0.021503 -0.023243
v -0.027470 0.019746 -0.019000
v -0.027470 0.019746 0.019000
v -0.027419 0.021503 0.023243
v -0.034034 0.021538 -0.023243
v -0.033967 0.019780 -0.019000
v -0.033967 0.019780 0.019000
v -0.034034 0.021538 0.023243
v -0.040504 0.021016 -0.023243
v -0.040280 0.019271 -0.019000
v -0.040280 0.019271 0.019000
v -0.040504 0.021016 0.023243
v -0.047781 0.019729 -0.023243
v -0.047393 0.018013 -0.019000
v -0.047393 0.018013 0.019000
v -0.047781 0.019729 0.023243
v -0.052739 0.018359 -0.023243
v -0.052179 0.016690 -0.019000
v -0.052179 0.016690 0.019000
v -0.052739 0.018359 0.023243
v -0.056972 0.016682 -0.023243
v -0.056272 0.015069 -0.019000
v -0.056272 0.015069 0.019000
v -0.056972 0.016682 0.023243
v -0.061323 0.014627 -0.023243
v -0.060574 0.013038 -0.019000
v -0.060574 0.013038 0.019000
v -0.061323 0.014627 0.023243
v -0.066424 0.012226 -0.023243
v -0.065687 0.010631 -0.019000
v -0.065687 0.010631 0.019000
v -0.066424 0.012226 0.023243
v -0.069055 0.011031 -0.023243
v -0.068314 0.009438 -0.019000
v -0.068314 0.009438 0.019000
v -0.069055 0.011031 0.023243
v -0.071263 0.009978 -0.023243
v -0.070483 0.008404 -0.019000
v -0.070483 0.008404 0.019000
v -0.071263 0.009978 0.023243
v -0.073413 0.008872 -0.023243
v -0.072584 0.007322 -0.019000
v -0.072584 0.007322 0.019000
v -0.073413 0.008872 0.023243
v -0.075823 0.007533 -0.023243
v -0.074942 0.006012 -0.019000
v -0.074942 0.006012 0.019000
v -0.075823 0.007533 0.023243
v -0.088412 -0.000054 -0.023243
v -0.087477 -0.001542 -0.019000
v -0.087477 -0.001542 0.019000
v -0.088412 -0.000054 0.023243
v -0.099740 -0.007483 -0.023243
v -0.098765 -0.008945 -0.019000
v -0.098765 -0.008945 0.019000
v -0.099740 -0.007483 0.023243
v -0.111259 -0.015305 -0.023243
v -0.110278 -0.016763 -0.019000
v -0.110278 -0.016763 0.019000
v -0.111259 -0.015305 0.023243
v -0.124301 -0.023984 -0.023243
v -0.123322 -0.025443 -0.019000
v -0.123322 -0.025443 0.019000
v -0.124301 -0.023984 0.023243
v -0.137067 -0.032636 -0.023243
v -0.136068 -0.034082 -0.019000
v -0.136068 -0.034082 0.019000
v -0.137067 -0.032636 0.023243
v -0.148234 -0.040488 -0.023243
v -0.147244 -0.041940 -0.019000
v -0.147244 -0.041940 0.019000
v -0.148234 -0.040488 0.023243
v -0.159748 -0.048093 -0.023243
v -0.158827 -0.049591 -0.019000
v -0.158827 -0.049591 0.019000
v -0.159748 -0.048093 0.023243
v -0.173379 -0.055868 -0.023243
v -0.172548 -0.057418 -0.019000
v -0.172548 -0.057418 0.019000
v -0.173379 -0.055868 0.023243
v -0.186098 -0.062266 -0.023243
v -0.185347 -0.063855 -0.019000
v -0.185347 -0.063855 0.019000
v -0.186098 -0.062266 0.023243
v -0.197590 -0.067369 -0.023243
v -0.196924 -0.068996 -0.019000
v -0.196924 -0.068996 0.019000
v -0.197590 -0.067369 0.023243
v -0.209357 -0.071795 -0.023243
v -0.208777 -0.073455 -0.019000
v -0.208777 -0.073455 0.019000
v -0.209357 -0.071795 0.023243
v -0.222905 -0.076174 -0.023243
v -0.222409 -0.077861 -0.019000
v -0.222409 -0.077861 0.019000
v -0.222905 -0.076174 0.023243
v -0.230777 -0.078265 -0.023243
v -0.230379 -0.079978 -0.019000
v -0.230379 -0.079978 0.019000
v -0.230777 -0.078265 0.023243
v -0.237968 -0.079702 -0.023243
v -0.237648 -0.081430 -0.019000
v -0.237648 -0.081430 0.019000
v -0.237968 -0.079702 0.023243
v -0.244744 -0.080854 -0.023243
v -0.244436 -0.082584 -0.019000
v -0.244436 -0.082584 0.019000
v -0.244744 -0.080854 0.023243
vn -0.0227 0.2054 0.9784
vn 0.1522 -0.1468 0.9774
vn 0.1476 0.1483 0.9779
vn -0.0396 0.1898 0.9810
vn -0.0422 0.1929 0.9803
vn -0.0551 0.1924 0.9798
vn -0.0708 0.1867 0.9799
vn -0.0844 0.1804 0.9800
vn -0.0971 0.1740 0.9799
vn -0.1066 0.1667 0.9802
vn -0.1166 0.1612 0.9800
vn -0.1291 0.1527 0.9798
vn -0.1332 0.1433 0.9807
vn -0.1260 0.1435 0.9816
vn -0.1175 0.1516 0.9814
vn -0.1117 0.1577 0.9812
vn -0.1044 0.1611 0.9814
vn -0.0958 0.1662 0.9814
vn -0.0905 0.1714 0.9810
vn -0.0854 0.1731 0.9812
vn -0.0164 0.1973 0.9802
vn 0.0168 0.2009 0.9795
vn -0.0032 0.1999 0.9798
vn 0.0391 0.1975 0.9795
vn -0.0207 0.1938 0.9808
vn -0.0739 0.1749 0.9818
vn 0.0490 0.1892 0.9807
vn -0.0205 0.1941 0.9808
vn -0.0565 0.1798 0.9821
vn 0.0385 0.1849 0.9820
vn -0.0233 0.1952 0.9805
vn -0.0384 0.1854 0.9819
vn 0.0223 0.1892 0.9817
vn -0.0257 0.1935 0.9808
vn -0.0200 0.1876 0.9820
vn 0.0110 0.1920 0.9813
vn -0.0018 0.1896 0.9819
vn -0.0235 0.1923 0.9811
vn -0.0162 0.1912 0.9814
vn -0.0073 0.1925 0.9813
vn -0.0066 0.1969 0.9804
vn -0.0196 0.1996 0.9797
vn -0.0399 0.1972 0.9795
vn -0.0587 0.1914 0.9798
vn -0.0699 0.1847 0.9803
vn -0.0705 0.1806 0.9810
vn -0.1836 0.1268 0.9748
vn -0.1266 -0.1522 0.9802
vn 0.0858 -0.1731 0.9812
vn 0.0818 -0.1759 0.9810
vn 0.0761 -0.1754 0.9816
vn 0.0599 -0.1786 0.9821
vn 0.0417 -0.1846 0.9819
vn 0.0241 -0.1877 0.9819
vn 0.0071 -0.1897 0.9818
vn 0.0085 -0.1928 0.9812
vn 0.0005 -0.1922 0.9814
vn -0.0084 -0.1922 0.9813
vn -0.0189 -0.1901 0.9816
vn 0.0184 -0.1899 0.9816
vn 0.0324 -0.1875 0.9817
vn -0.0322 -0.1878 0.9817
vn -0.0399 -0.1911 0.9808
vn -0.0056 -0.1921 0.9814
vn 0.0385 -0.1929 0.9805
vn -0.0328 -0.1969 0.9799
vn -0.0180 -0.1891 0.9818
vn -0.0356 -0.1851 0.9821
vn 0.0085 -0.1940 0.9810
vn -0.0458 -0.1905 0.9806
vn 0.0246 -0.2006 0.9794
vn -0.0164 -0.1995 0.9798
vn 0.0072 -0.1966 0.9805
vn -0.0330 -0.1998 0.9793
vn -0.0016 -0.1986 0.9801
vn -0.0039 -0.2039 0.9790
vn 0.0832 -0.1766 0.9808
vn 0.0822 -0.1779 0.9806
vn 0.0911 -0.1702 0.9812
vn 0.0967 -0.1670 0.9812
vn 0.1026 -0.1632 0.9812
vn 0.1078 -0.1615 0.9810
vn 0.1091 -0.1624 0.9807
vn 0.1085 -0.1615 0.9809
vn 0.1103 -0.1597 0.9810
vn 0.1108 -0.1626 0.9804
vn 0.1041 -0.1694 0.9800
vn 0.0936 -0.1746 0.9802
vn 0.0846 -0.1789 0.9802
vn 0.0752 -0.1837 0.9801
vn 0.0653 -0.1868 0.9802
vn 0.0559 -0.1901 0.9802
vn 0.0340 -0.1912 0.9810
vn 0.0450 -0.1936 0.9801
vn 0.0358 -0.1935 0.9804
vn -0.0227 0.2054 -0.9784
vn 0.1476 0.1483 -0.9779
vn 0.1522 -0.1468 -0.9774
vn -0.0396 0.1898 -0.9810
vn -0.0422 0.1929 -0.9803
vn -0.0551 0.1924 -0.9798
vn -0.0708 0.1867 -0.9799
vn -0.0844 0.1804 -0.9800
vn -0.0971 0.1740 -0.9799
vn -0.1066 0.1667 -0.9802
vn -0.1166 0.1612 -0.9800
vn -0.1291 0.1527 -0.9798
vn -0.1332 0.1433 -0.9807
vn -0.1260 0.1435 -0.9816
vn -0.1175 0.1516 -0.9814
vn -0.1117 0.1577 -0.9812
vn -0.1044 0.1611 -0.9814
vn -0.0958 0.1662 -0.9814
vn -0.0905 0.1714 -0.9810
vn -0.0854 0.1731 -0.9812
vn -0.0164 0.1973 -0.9802
vn -0.0032 0.1999 -0.9798
vn 0.0168 0.2009 -0.9795
vn 0.0391 0.1975 -0.9795
vn -0.0207 0.1938 -0.9808
vn -0.0739 0.1749 -0.9818
vn 0.0490 0.1892 -0.9807
vn -0.0205 0.1941 -0.9808
vn -0.0565 0.1798 -0.9821
vn 0.0385 0.1849 -0.9820
vn -0.0233 0.1952 -0.9805
vn -0.0384 0.1854 -0.9819
vn 0.0223 0.1892 -0.9817
vn -0.0257 0.1935 -0.9808
vn -0.0200 0.1876 -0.9820
vn 0.0110 0.1920 -0.9813
vn -0.0018 0.1896 -0.9819
vn -0.0235 0.1923 -0.9811
vn -0.0162 0.1912 -0.9814
vn -0.0073 0.1925 -0.9813
vn -0.0066 0.1969 -0.9804
vn -0.0196 0.1996 -0.9797
vn -0.0399 0.1972 -0.9795
vn -0.0587 0.1914 -0.9798
vn -0.0699 0.1847 -0.9803
vn -0.0705 0.1806 -0.9810
vn -0.1836 0.1268 -0.9748
vn -0.1266 -0.1522 -0.9802
vn 0.0858 -0.1731 -0.9812
vn 0.0818 -0.1759 -0.9810
vn 0.0761 -0.1754 -0.9816
vn 0.0599 -0.1786 -0.9821
vn 0.0417 -0.1846 -0.9819
vn 0.0241 -0.1877 -0.9819
vn 0.0071 -0.1897 -0.9818
vn 0.0085 -0.1928 -0.9812
vn 0.0005 -0.1922 -0.9814
vn -0.0084 -0.1922 -0.9813
vn -0.0189 -0.1901 -0.9816
vn 0.0184 -0.1899 -0.9816
vn 0.0324 -0.1875 -0.9817
vn -0.0322 -0.1878 -0.9817
vn -0.0399 -0.1911 -0.9808
vn -0.0056 -0.1921 -0.9814
vn 0.0385 -0.1929 -0.9805
vn -0.0328 -0.1969 -0.9799
vn -0.0180 -0.1891 -0.9818
vn -0.0356 -0.1851 -0.9821
vn 0.0085 -0.1940 -0.9810
vn -0.0458 -0.1905 -0.9806
vn 0.0246 -0.2006 -0.9794
vn -0.0164 -0.1995 -0.9798
vn 0.0072 -0.1966 -0.9805
vn -0.0330 -0.1998 -0.9793
vn -0.0016 -0.1986 -0.9801
vn -0.0039 -0.2039 -0.9790
vn 0.0832 -0.1765 -0.9808
vn 0.0822 -0.1778 -0.9806
vn 0.0911 -0.1706 -0.9811
vn 0.0967 -0.1670 -0.9812
vn 0.1026 -0.1632 -0.9812
vn 0.1078 -0.1615 -0.9810
vn 0.1091 -0.1624 -0.9807
vn 0.1085 -0.1615 -0.9809
vn 0.1103 -0.1597 -0.9810
vn 0.1108 -0.1626 -0.9804
vn 0.1041 -0.1694 -0.9800
vn 0.0936 -0.1746 -0.9802
vn 0.0846 -0.1789 -0.9802
vn 0.0752 -0.1837 -0.9801
vn 0.0653 -0.1868 -0.9802
vn 0.0559 -0.1901 -0.9802
vn 0.0340 -0.1912 -0.9810
vn 0.0450 -0.1936 -0.9801
vn 0.0358 -0.1935 -0.9804
vn -0.1638 -0.1969 -0.9667
vn -0.2654 0.1834 -0.9465
vn -0.9865 -0.0000 -0.1640
vn -0.9841 -0.0000 -0.1776
vn -0.9239 -0.0000 -0.3827
vn -0.9865 -0.0000 0.1640
vn -0.9841 -0.0000 0.1776
vn -0.9239 -0.0000 0.3827
vn -0.2654 0.1834 0.9465
vn -0.1638 -0.1969 0.9667
vn -0.1391 0.3565 -0.9239
vn -0.3482 0.9205 -0.1776
vn -0.3565 0.9136 -0.1953
vn -0.3358 0.8607 -0.3827
vn -0.3269 0.8641 -0.3827
vn -0.3482 0.9205 0.1776
vn -0.3565 0.9136 0.1953
vn -0.3269 0.8641 0.3827
vn -0.3358 0.8607 0.3827
vn -0.1391 0.3565 0.9239
vn -0.1355 0.3578 -0.9239
vn -0.3474 0.9173 -0.1946
vn -0.3272 0.8640 -0.3828
vn -0.3474 0.9173 0.1946
vn -0.3272 0.8640 0.3828
vn -0.1355 0.3578 0.9239
vn -0.1121 0.3656 -0.9240
vn -0.2875 0.9379 -0.1942
vn -0.2708 0.8832 -0.3830
vn -0.2875 0.9379 0.1942
vn -0.2708 0.8832 0.3830
vn -0.1121 0.3656 0.9240
vn -0.0758 0.3746 -0.9241
vn -0.1945 0.9615 -0.1941
vn -0.1832 0.9053 -0.3832
vn -0.1945 0.9615 0.1941
vn -0.1832 0.9053 0.3832
vn -0.0758 0.3746 0.9241
vn -0.0374 0.3805 -0.9240
vn -0.0960 0.9763 -0.1942
vn -0.0904 0.9193 -0.3831
vn -0.0960 0.9763 0.1942
vn -0.0904 0.9193 0.3831
vn -0.0374 0.3805 0.9240
vn -0.0128 0.3824 -0.9239
vn -0.0329 0.9803 -0.1947
vn -0.0310 0.9233 -0.3827
vn -0.0329 0.9803 0.1947
vn -0.0310 0.9233 0.3827
vn -0.0128 0.3824 0.9239
vn -0.0144 0.3823 -0.9239
vn -0.0369 0.9800 -0.1956
vn -0.0348 0.9232 -0.3828
vn -0.0369 0.9800 0.1956
vn -0.0348 0.9232 0.3828
vn -0.0144 0.3823 0.9239
vn -0.0322 0.3812 -0.9239
vn -0.0825 0.9772 -0.1958
vn -0.0777 0.9206 -0.3828
vn -0.0825 0.9772 0.1958
vn -0.0777 0.9206 0.3828
vn -0.0322 0.3812 0.9239
vn -0.0464 0.3798 -0.9239
vn -0.1190 0.9735 -0.1954
vn -0.1121 0.9170 -0.3827
vn -0.1190 0.9735 0.1954
vn -0.1121 0.9170 0.3827
vn -0.0464 0.3798 0.9239
vn -0.0505 0.3793 -0.9239
vn -0.1293 0.9722 -0.1951
vn -0.1218 0.9158 -0.3827
vn -0.1293 0.9722 0.1951
vn -0.1218 0.9158 0.3827
vn -0.0505 0.3793 0.9239
vn -0.0453 0.3800 -0.9239
vn -0.1162 0.9739 -0.1948
vn -0.1095 0.9174 -0.3827
vn -0.1162 0.9739 0.1948
vn -0.1095 0.9174 0.3827
vn -0.0453 0.3800 0.9239
vn -0.0403 0.3806 -0.9239
vn -0.1032 0.9753 -0.1951
vn -0.0972 0.9187 -0.3827
vn -0.1032 0.9753 0.1951
vn -0.0972 0.9187 0.3827
vn -0.0403 0.3806 0.9239
vn -0.0405 0.3805 -0.9239
vn -0.1039 0.9753 -0.1951
vn -0.0979 0.9187 -0.3827
vn -0.1039 0.9753 0.1951
vn -0.0979 0.9187 0.3827
vn -0.0405 0.3805 0.9239
vn -0.0317 0.3813 -0.9239
vn -0.0813 0.9775 -0.1946
vn -0.0766 0.9207 -0.3828
vn -0.0813 0.9775 0.1946
vn -0.0766 0.9207 0.3828
vn -0.0317 0.3813 0.9239
vn -0.0062 0.3823 -0.9240
vn -0.0159 0.9808 -0.1943
vn -0.0150 0.9236 -0.3830
vn -0.0159 0.9808 0.1943
vn -0.0150 0.9236 0.3830
vn -0.0062 0.3823 0.9240
vn 0.0318 0.3808 -0.9241
vn 0.0816 0.9776 -0.1940
vn 0.0768 0.9205 -0.3832
vn 0.0816 0.9776 0.1940
vn 0.0768 0.9205 0.3832
vn 0.0318 0.3808 0.9241
vn 0.0743 0.3749 -0.9241
vn 0.1907 0.9623 -0.1941
vn 0.1796 0.9061 -0.3832
vn 0.1907 0.9623 0.1941
vn 0.1796 0.9061 0.3832
vn 0.0743 0.3749 0.9241
vn 0.0959 0.3705 -0.9239
vn 0.2458 0.9495 -0.1950
vn 0.2315 0.8944 -0.3827
vn 0.2458 0.9495 0.1950
vn 0.2315 0.8944 0.3827
vn 0.0959 0.3705 0.9239
vn 0.0780 0.3742 -0.9241
vn 0.2001 0.9599 -0.1965
vn 0.1885 0.9043 -0.3831
vn 0.2001 0.9599 0.1965
vn 0.1885 0.9043 0.3831
vn 0.0780 0.3742 0.9241
vn 0.0448 0.3798 -0.9240
vn 0.1149 0.9738 -0.1961
vn 0.1083 0.9174 -0.3829
vn 0.1149 0.9738 0.1961
vn 0.1083 0.9174 0.3829
vn 0.0448 0.3798 0.9240
vn 0.0220 0.3820 -0.9239
vn 0.0563 0.9791 -0.1957
vn 0.0530 0.9223 -0.3828
vn 0.0563 0.9791 0.1957
vn 0.0530 0.9223 0.3828
vn 0.0220 0.3820 0.9239
vn -0.0037 0.3823 -0.9240
vn -0.0095 0.9805 -0.1963
vn -0.0090 0.9237 -0.3830
vn -0.0095 0.9805 0.1963
vn -0.0090 0.9237 0.3830
vn -0.0037 0.3823 0.9240
vn -0.0405 0.3801 -0.9241
vn -0.1038 0.9750 -0.1966
vn -0.0978 0.9185 -0.3831
vn -0.1038 0.9750 0.1966
vn -0.0978 0.9185 0.3831
vn -0.0405 0.3801 0.9241
vn -0.0776 0.3744 -0.9240
vn -0.1991 0.9601 -0.1964
vn -0.1875 0.9045 -0.3830
vn -0.1991 0.9601 0.1964
vn -0.1875 0.9045 0.3830
vn -0.0776 0.3744 0.9240
vn -0.1145 0.3647 -0.9241
vn -0.2938 0.9354 -0.1966
vn -0.2768 0.8812 -0.3831
vn -0.2938 0.9354 0.1966
vn -0.2768 0.8812 0.3831
vn -0.1145 0.3647 0.9241
vn -0.1488 0.3523 -0.9240
vn -0.3816 0.9033 -0.1963
vn -0.3595 0.8510 -0.3830
vn -0.3816 0.9033 0.1963
vn -0.3595 0.8510 0.3830
vn -0.1488 0.3523 0.9240
vn -0.1693 0.3431 -0.9239
vn -0.4340 0.8794 -0.1955
vn -0.4088 0.8285 -0.3827
vn -0.4340 0.8794 0.1955
vn -0.4088 0.8285 0.3827
vn -0.1693 0.3431 0.9239
vn -0.1787 0.3384 -0.9239
vn -0.4579 0.8673 -0.1954
vn -0.4314 0.8170 -0.3827
vn -0.4579 0.8673 0.1954
vn -0.4314 0.8170 0.3827
vn -0.1787 0.3384 0.9239
vn -0.1911 0.3314 -0.9239
vn -0.4898 0.8495 -0.1958
vn -0.4615 0.8003 -0.3828
vn -0.4898 0.8495 0.1958
vn -0.4615 0.8003 0.3828
vn -0.1911 0.3314 0.9239
vn -0.2081 0.3210 -0.9239
vn -0.5334 0.8229 -0.1958
vn -0.5025 0.7752 -0.3828
vn -0.5334 0.8229 0.1958
vn -0.5025 0.7752 0.3828
vn -0.2081 0.3210 0.9239
vn -0.2212 0.3123 -0.9239
vn -0.5668 0.8003 -0.1955
vn -0.5340 0.7539 -0.3827
vn -0.5668 0.8003 0.1955
vn -0.5340 0.7539 0.3827
vn -0.2212 0.3123 0.9239
vn -0.2343 0.3024 -0.9239
vn -0.6007 0.7751 -0.1958
vn -0.5659 0.7302 -0.3828
vn -0.6007 0.7751 0.1958
vn -0.5659 0.7302 0.3828
vn -0.2343 0.3024 0.9239
vn -0.2523 0.2875 -0.9240
vn -0.6469 0.7370 -0.1960
vn -0.6094 0.6943 -0.3829
vn -0.6469 0.7370 0.1960
vn -0.6094 0.6943 0.3829
vn -0.2523 0.2875 0.9240
vn -0.2606 0.2803 -0.9239
vn -0.6678 0.7183 -0.1950
vn -0.6291 0.6766 -0.3827
vn -0.6678 0.7183 0.1950
vn -0.6291 0.6766 0.3827
vn -0.2606 0.2803 0.9239
vn -0.2468 0.2921 -0.9240
vn -0.6331 0.7493 -0.1942
vn -0.5962 0.7056 -0.3830
vn -0.6331 0.7493 0.1942
vn -0.5962 0.7056 0.3830
vn -0.2468 0.2921 0.9240
vn -0.2241 0.3100 -0.9240
vn -0.5748 0.7949 -0.1944
vn -0.5413 0.7486 -0.3829
vn -0.5748 0.7949 0.1944
vn -0.5413 0.7486 0.3829
vn -0.2241 0.3100 0.9240
vn -0.2061 0.3223 -0.9239
vn -0.5284 0.8264 -0.1946
vn -0.4977 0.7783 -0.3828
vn -0.5284 0.8264 0.1946
vn -0.4977 0.7783 0.3828
vn -0.2061 0.3223 0.9239
vn -0.1863 0.3340 -0.9240
vn -0.4779 0.8566 -0.1944
vn -0.4501 0.8067 -0.3829
vn -0.4779 0.8566 0.1944
vn -0.4501 0.8067 0.3829
vn -0.1863 0.3340 0.9240
vn -0.1620 0.3465 -0.9240
vn -0.4155 0.8886 -0.1944
vn -0.3913 0.8368 -0.3829
vn -0.4155 0.8886 0.1944
vn -0.3913 0.8368 0.3829
vn -0.1620 0.3465 0.9240
vn -0.1355 0.3576 -0.9240
vn -0.3476 0.9173 -0.1943
vn -0.3273 0.8638 -0.3829
vn -0.3476 0.9173 0.1943
vn -0.3273 0.8638 0.3829
vn -0.1355 0.3576 0.9240
vn -0.1053 0.3676 -0.9240
vn -0.2701 0.9430 -0.1942
vn -0.2544 0.8880 -0.3830
vn -0.2701 0.9430 0.1942
vn -0.2544 0.8880 0.3830
vn -0.1053 0.3676 0.9240
vn -0.0818 0.3738 -0.9239
vn -0.2097 0.9582 -0.1947
vn -0.1975 0.9025 -0.3827
vn -0.2097 0.9582 0.1947
vn -0.1975 0.9025 0.3827
vn -0.0818 0.3738 0.9239
vn -0.0781 0.3746 -0.9239
vn -0.2003 0.9601 -0.1953
vn -0.1887 0.9044 -0.3827
vn -0.2003 0.9601 0.1953
vn -0.1887 0.9044 0.3827
vn -0.0781 0.3746 0.9239
vn -0.0419 0.3785 -0.9246
vn -0.1079 0.9751 -0.1936
vn -0.1015 0.9175 -0.3845
vn -0.1079 0.9751 0.1936
vn -0.1015 0.9175 0.3845
vn -0.0419 0.3785 0.9246
vn 0.1979 0.1988 -0.9599
vn -0.0044 0.9856 -0.1692
vn -0.0041 0.9239 -0.3827
vn -0.0044 0.9856 0.1692
vn -0.0041 0.9239 0.3827
vn 0.1979 0.1988 0.9599
vn 0.2057 -0.1983 -0.9583
vn 0.9856 -0.0000 -0.1692
vn 0.9854 -0.0000 -0.1703
vn 0.9239 -0.0000 -0.3827
vn 0.9856 -0.0000 0.1692
vn 0.9854 -0.0000 0.1703
vn 0.9239 -0.0000 0.3827
vn 0.2057 -0.1983 0.9583
vn 0.0167 -0.3823 -0.9239
vn 0.0360 -0.9847 -0.1703
vn 0.0428 -0.9798 -0.1953
vn 0.0404 -0.9230 -0.3827
vn 0.0337 -0.9233 -0.3827
vn 0.0360 -0.9847 0.1703
vn 0.0428 -0.9798 0.1953
vn 0.0337 -0.9233 0.3827
vn 0.0404 -0.9230 0.3827
vn 0.0167 -0.3823 0.9239
vn 0.0141 -0.3824 -0.9239
vn 0.0361 -0.9802 -0.1948
vn 0.0340 -0.9232 -0.3827
vn 0.0361 -0.9802 0.1948
vn 0.0340 -0.9232 0.3827
vn 0.0141 -0.3824 0.9239
vn -0.0030 -0.3825 -0.9239
vn -0.0077 -0.9809 -0.1944
vn -0.0073 -0.9238 -0.3828
vn -0.0077 -0.9809 0.1944
vn -0.0073 -0.9238 0.3828
vn -0.0030 -0.3825 0.9239
vn -0.0314 -0.3811 -0.9240
vn -0.0806 -0.9776 -0.1942
vn -0.0759 -0.9206 -0.3830
vn -0.0806 -0.9776 0.1942
vn -0.0759 -0.9206 0.3830
vn -0.0314 -0.3811 0.9240
vn -0.0629 -0.3772 -0.9240
vn -0.1614 -0.9676 -0.1943
vn -0.1520 -0.9112 -0.3829
vn -0.1614 -0.9676 0.1943
vn -0.1520 -0.9112 0.3829
vn -0.0629 -0.3772 0.9240
vn -0.0781 -0.3746 -0.9239
vn -0.2003 -0.9601 -0.1951
vn -0.1886 -0.9044 -0.3827
vn -0.2003 -0.9601 0.1951
vn -0.1886 -0.9044 0.3827
vn -0.0781 -0.3746 0.9239
vn -0.0646 -0.3770 -0.9240
vn -0.1657 -0.9665 -0.1961
vn -0.1561 -0.9105 -0.3829
vn -0.1657 -0.9665 0.1961
vn -0.1561 -0.9105 0.3829
vn -0.0646 -0.3770 0.9240
vn -0.0379 -0.3806 -0.9240
vn -0.0972 -0.9758 -0.1960
vn -0.0916 -0.9193 -0.3829
vn -0.0972 -0.9758 0.1960
vn -0.0916 -0.9193 0.3829
vn -0.0379 -0.3806 0.9240
vn -0.0167 -0.3822 -0.9239
vn -0.0428 -0.9797 -0.1957
vn -0.0404 -0.9230 -0.3828
vn -0.0428 -0.9797 0.1957
vn -0.0404 -0.9230 0.3828
vn -0.0167 -0.3822 0.9239
vn 0.0010 -0.3826 -0.9239
vn 0.0025 -0.9807 -0.1957
vn 0.0023 -0.9238 -0.3828
vn 0.0025 -0.9807 0.1957
vn 0.0023 -0.9238 0.3828
vn 0.0010 -0.3826 0.9239
vn 0.0168 -0.3823 -0.9239
vn 0.0431 -0.9797 -0.1955
vn 0.0406 -0.9230 -0.3827
vn 0.0431 -0.9797 0.1955
vn 0.0406 -0.9230 0.3827
vn 0.0168 -0.3823 0.9239
vn 0.0369 -0.3807 -0.9240
vn 0.0945 -0.9760 -0.1960
vn 0.0890 -0.9195 -0.3829
vn 0.0945 -0.9760 0.1960
vn 0.0890 -0.9195 0.3829
vn 0.0369 -0.3807 0.9240
vn 0.0651 -0.3769 -0.9240
vn 0.1668 -0.9663 -0.1962
vn 0.1572 -0.9103 -0.3829
vn 0.1668 -0.9663 0.1962
vn 0.1572 -0.9103 0.3829
vn 0.0651 -0.3769 0.9240
vn 0.0749 -0.3753 -0.9239
vn 0.1920 -0.9619 -0.1948
vn 0.1808 -0.9060 -0.3827
vn 0.1920 -0.9619 0.1948
vn 0.1808 -0.9060 0.3827
vn 0.0749 -0.3753 0.9239
vn 0.0465 -0.3792 -0.9241
vn 0.1194 -0.9737 -0.1940
vn 0.1124 -0.9168 -0.3833
vn 0.1194 -0.9737 0.1940
vn 0.1124 -0.9168 0.3833
vn 0.0465 -0.3792 0.9241
vn -0.0073 -0.3816 -0.9243
vn -0.0187 -0.9809 -0.1938
vn -0.0176 -0.9233 -0.3837
vn -0.0187 -0.9809 0.1938
vn -0.0176 -0.9233 0.3837
vn -0.0073 -0.3816 0.9243
vn -0.0622 -0.3769 -0.9242
vn -0.1598 -0.9679 -0.1939
vn -0.1504 -0.9113 -0.3834
vn -0.1598 -0.9679 0.1939
vn -0.1504 -0.9113 0.3834
vn -0.0622 -0.3769 0.9242
vn -0.0895 -0.3721 -0.9239
vn -0.2293 -0.9536 -0.1949
vn -0.2160 -0.8983 -0.3827
vn -0.2293 -0.9536 0.1949
vn -0.2160 -0.8983 0.3827
vn -0.0895 -0.3721 0.9239
vn -0.0722 -0.3753 -0.9241
vn -0.1851 -0.9628 -0.1966
vn -0.1744 -0.9071 -0.3831
vn -0.1851 -0.9628 0.1966
vn -0.1744 -0.9071 0.3831
vn -0.0722 -0.3753 0.9241
vn -0.0362 -0.3807 -0.9240
vn -0.0928 -0.9762 -0.1963
vn -0.0874 -0.9196 -0.3830
vn -0.0928 -0.9762 0.1963
vn -0.0874 -0.9196 0.3830
vn -0.0362 -0.3807 0.9240
vn -0.0111 -0.3824 -0.9239
vn -0.0284 -0.9803 -0.1957
vn -0.0268 -0.9235 -0.3828
vn -0.0284 -0.9803 0.1957
vn -0.0268 -0.9235 0.3828
vn -0.0111 -0.3824 0.9239
vn 0.0144 -0.3821 -0.9240
vn 0.0369 -0.9799 -0.1963
vn 0.0347 -0.9231 -0.3830
vn 0.0369 -0.9799 0.1963
vn 0.0347 -0.9231 0.3830
vn 0.0144 -0.3821 0.9240
vn 0.0487 -0.3792 -0.9240
vn 0.1250 -0.9725 -0.1964
vn 0.1177 -0.9162 -0.3830
vn 0.1250 -0.9725 0.1964
vn 0.1177 -0.9162 0.3830
vn 0.0487 -0.3792 0.9240
vn 0.0843 -0.3729 -0.9240
vn 0.2162 -0.9564 -0.1964
vn 0.2037 -0.9010 -0.3830
vn 0.2162 -0.9564 0.1964
vn 0.2037 -0.9010 0.3830
vn 0.0843 -0.3729 0.9240
vn 0.1215 -0.3624 -0.9241
vn 0.3116 -0.9297 -0.1966
vn 0.2935 -0.8758 -0.3832
vn 0.3116 -0.9297 0.1966
vn 0.2935 -0.8758 0.3832
vn 0.1215 -0.3624 0.9241
vn 0.1522 -0.3509 -0.9239
vn 0.3901 -0.8997 -0.1959
vn 0.3675 -0.8476 -0.3829
vn 0.3901 -0.8997 0.1959
vn 0.3675 -0.8476 0.3829
vn 0.1522 -0.3509 0.9239
vn 0.1632 -0.3461 -0.9239
vn 0.4183 -0.8871 -0.1951
vn 0.3940 -0.8356 -0.3827
vn 0.4183 -0.8871 0.1951
vn 0.3940 -0.8356 0.3827
vn 0.1632 -0.3461 0.9239
vn 0.1606 -0.3473 -0.9239
vn 0.4117 -0.8902 -0.1949
vn 0.3878 -0.8386 -0.3827
vn 0.4117 -0.8902 0.1949
vn 0.3878 -0.8386 0.3827
vn 0.1606 -0.3473 0.9239
vn 0.1615 -0.3469 -0.9239
vn 0.4138 -0.8892 -0.1953
vn 0.3898 -0.8376 -0.3827
vn 0.4138 -0.8892 0.1953
vn 0.3898 -0.8376 0.3827
vn 0.1615 -0.3469 0.9239
vn 0.1699 -0.3428 -0.9239
vn 0.4355 -0.8787 -0.1955
vn 0.4103 -0.8278 -0.3827
vn 0.4355 -0.8787 0.1955
vn 0.4103 -0.8278 0.3827
vn 0.1699 -0.3428 0.9239
vn 0.1805 -0.3374 -0.9239
vn 0.4627 -0.8647 -0.1955
vn 0.4359 -0.8146 -0.3827
vn 0.4627 -0.8647 0.1955
vn 0.4359 -0.8146 0.3827
vn 0.1805 -0.3374 0.9239
vn 0.1917 -0.3312 -0.9239
vn 0.4913 -0.8488 -0.1955
vn 0.4628 -0.7996 -0.3827
vn 0.4913 -0.8488 0.1955
vn 0.4628 -0.7996 0.3827
vn 0.1917 -0.3312 0.9239
vn 0.2037 -0.3239 -0.9239
vn 0.5221 -0.8302 -0.1956
vn 0.4918 -0.7820 -0.3827
vn 0.5221 -0.8302 0.1956
vn 0.4918 -0.7820 0.3827
vn 0.2037 -0.3239 0.9239
vn 0.2124 -0.3183 -0.9239
vn 0.5444 -0.8158 -0.1953
vn 0.5129 -0.7685 -0.3827
vn 0.5444 -0.8158 0.1953
vn 0.5129 -0.7685 0.3827
vn 0.2124 -0.3183 0.9239
vn 0.2135 -0.3176 -0.9239
vn 0.5472 -0.8140 -0.1950
vn 0.5154 -0.7667 -0.3827
vn 0.5472 -0.8140 0.1950
vn 0.5154 -0.7667 0.3827
vn 0.2135 -0.3176 0.9239
vn 0.2134 -0.3177 -0.9239
vn 0.5468 -0.8142 -0.1952
vn 0.5151 -0.7670 -0.3827
vn 0.5468 -0.8142 0.1952
vn 0.5151 -0.7670 0.3827
vn 0.2134 -0.3177 0.9239
vn 0.2174 -0.3149 -0.9239
vn 0.5572 -0.8071 -0.1953
vn 0.5249 -0.7603 -0.3827
vn 0.5572 -0.8071 0.1953
vn 0.5249 -0.7603 0.3827
vn 0.2174 -0.3149 0.9239
vn 0.2155 -0.3162 -0.9239
vn 0.5524 -0.8105 -0.1948
vn 0.5203 -0.7634 -0.3827
vn 0.5524 -0.8105 0.1948
vn 0.5203 -0.7634 0.3827
vn 0.2155 -0.3162 0.9239
vn 0.2003 -0.3259 -0.9240
vn 0.5136 -0.8357 -0.1944
vn 0.4837 -0.7871 -0.3829
vn 0.5136 -0.8357 0.1944
vn 0.4837 -0.7871 0.3829
vn 0.2003 -0.3259 0.9240
vn 0.1808 -0.3372 -0.9239
vn 0.4636 -0.8645 -0.1945
vn 0.4366 -0.8142 -0.3828
vn 0.4636 -0.8645 0.1945
vn 0.4366 -0.8142 0.3828
vn 0.1808 -0.3372 0.9239
vn 0.1636 -0.3458 -0.9239
vn 0.4195 -0.8866 -0.1946
vn 0.3951 -0.8351 -0.3828
vn 0.4195 -0.8866 0.1946
vn 0.3951 -0.8351 0.3828
vn 0.1636 -0.3458 0.9239
vn 0.1450 -0.3540 -0.9239
vn 0.3719 -0.9077 -0.1945
vn 0.3502 -0.8549 -0.3828
vn 0.3719 -0.9077 0.1945
vn 0.3502 -0.8549 0.3828
vn 0.1450 -0.3540 0.9239
vn 0.1262 -0.3612 -0.9239
vn 0.3236 -0.9260 -0.1946
vn 0.3048 -0.8721 -0.3828
vn 0.3236 -0.9260 0.1946
vn 0.3048 -0.8721 0.3828
vn 0.1262 -0.3612 0.9239
vn 0.1080 -0.3670 -0.9239
vn 0.2768 -0.9410 -0.1945
vn 0.2607 -0.8863 -0.3828
vn 0.2768 -0.9410 0.1945
vn 0.2607 -0.8863 0.3828
vn 0.1080 -0.3670 0.9239
vn 0.0866 -0.3726 -0.9239
vn 0.2221 -0.9554 -0.1944
vn 0.2092 -0.8998 -0.3828
vn 0.2221 -0.9554 0.1944
vn 0.2092 -0.8998 0.3828
vn 0.0866 -0.3726 0.9239
vn 0.0695 -0.3763 -0.9239
vn 0.1783 -0.9645 -0.1948
vn 0.1679 -0.9085 -0.3827
vn 0.1783 -0.9645 0.1948
vn 0.1679 -0.9085 0.3827
vn 0.0695 -0.3763 0.9239
vn 0.0669 -0.3768 -0.9239
vn 0.1714 -0.9656 -0.1953
vn 0.1615 -0.9097 -0.3827
vn 0.1714 -0.9656 0.1953
vn 0.1615 -0.9096 0.3827
vn 0.0669 -0.3768 0.9239
vn 0.1796 -0.9700 -0.1640
vn 0.1682 -0.9084 -0.3827
vn 0.1796 -0.9700 0.1640
vn 0.1682 -0.9084 0.3827
vt 0.478723 0.000000
vt 0.500000 0.000000
vt 0.489362 0.000000
vt 0.468085 0.000000
vt 0.457447 0.000000
vt 0.446809 0.000000
vt 0.436170 0.000000
vt 0.425532 0.000000
vt 0.414894 0.000000
vt 0.404255 0.000000
vt 0.393617 0.000000
vt 0.382979 0.000000
vt 0.372340 0.000000
vt 0.361702 0.000000
vt 0.351064 0.000000
vt 0.340426 0.000000
vt 0.329787 0.000000
vt 0.319149 0.000000
vt 0.308511 0.000000
vt 0.297872 0.000000
vt 0.159574 0.000000
vt 0.180851 0.000000
vt 0.170213 0.000000
vt 0.191489 0.000000
vt 0.148936 0.000000
vt 0.287234 0.000000
vt 0.202128 0.000000
vt 0.138298 0.000000
vt 0.276596 0.000000
vt 0.212766 0.000000
vt 0.127660 0.000000
vt 0.265957 0.000000
vt 0.223404 0.000000
vt 0.117021 0.000000
vt 0.255319 0.000000
vt 0.234043 0.000000
vt 0.244681 0.000000
vt 0.106383 0.000000
vt 0.095745 0.000000
vt 0.085106 0.000000
vt 0.074468 0.000000
vt 0.063830 0.000000
vt 0.053191 0.000000
vt 0.042553 0.000000
vt 0.031915 0.000000
vt 0.021277 0.000000
vt 0.010638 0.000000
vt 0.000000 0.000000
vt 0.819149 0.000000
vt 0.808511 0.000000
vt 0.776596 0.000000
vt 0.765957 0.000000
vt 0.755319 0.000000
vt 0.744681 0.000000
vt 0.734043 0.000000
vt 0.617021 0.000000
vt 0.606383 0.000000
vt 0.595745 0.000000
vt 0.585106 0.000000
vt 0.627660 0.000000
vt 0.638298 0.000000
vt 0.574468 0.000000
vt 0.563830 0.000000
vt 0.723404 0.000000
vt 0.648936 0.000000
vt 0.553191 0.000000
vt 0.712766 0.000000
vt 0.702128 0.000000
vt 0.510638 0.000000
vt 0.691489 0.000000
vt 0.659574 0.000000
vt 0.542553 0.000000
vt 0.521277 0.000000
vt 0.680851 0.000000
vt 0.531915 0.000000
vt 0.670213 0.000000
vt 0.787234 0.000000
vt 0.797872 0.000000
vt 0.829787 0.000000
vt 0.840426 0.000000
vt 0.851064 0.000000
vt 0.861702 0.000000
vt 0.872340 0.000000
vt 0.882979 0.000000
vt 0.893617 0.000000
vt 0.904255 0.000000
vt 0.914894 0.000000
vt 0.925532 0.000000
vt 0.936170 0.000000
vt 0.946809 0.000000
vt 0.957447 0.000000
vt 0.968085 0.000000
vt 1.000000 0.000000
vt 0.978723 0.000000
vt 0.989362 0.000000
vt 0.000000 0.200000
vt 0.010526 0.200000
vt 0.010526 0.000000
vt 0.000000 0.400000
vt 0.010526 0.400000
vt 0.000000 0.600000
vt 0.010526 0.600000
vt 0.000000 0.800000
vt 0.010526 0.800000
vt 0.000000 1.000000
vt 0.010526 1.000000
vt 0.021053 0.200000
vt 0.021053 0.000000
vt 0.021053 0.400000
vt 0.021053 0.600000
vt 0.021053 0.800000
vt 0.021053 1.000000
vt 0.031579 0.200000
vt 0.031579 0.000000
vt 0.031579 0.400000
vt 0.031579 0.600000
vt 0.031579 0.800000
vt 0.031579 1.000000
vt 0.042105 0.200000
vt 0.042105 0.000000
vt 0.042105 0.400000
vt 0.042105 0.600000
vt 0.042105 0.800000
vt 0.042105 1.000000
vt 0.052632 0.200000
vt 0.052632 0.000000
vt 0.052632 0.400000
vt 0.052632 0.600000
vt 0.052632 0.800000
vt 0.052632 1.000000
vt 0.063158 0.200000
vt 0.063158 0.000000
vt 0.063158 0.400000
vt 0.063158 0.600000
vt 0.063158 0.800000
vt 0.063158 1.000000
vt 0.073684 0.200000
vt 0.073684 0.000000
vt 0.073684 0.400000
vt 0.073684 0.600000
vt 0.073684 0.800000
vt 0.073684 1.000000
vt 0.084211 0.200000
vt 0.084211 0.000000
vt 0.084211 0.400000
vt 0.084211 0.600000
vt 0.084211 0.800000
vt 0.084211 1.000000
vt 0.094737 0.200000
vt 0.094737 0.000000
vt 0.094737 0.400000
vt 0.094737 0.600000
vt 0.094737 0.800000
vt 0.094737 1.000000
vt 0.105263 0.200000
vt 0.105263 0.000000
vt 0.105263 0.400000
vt 0.105263 0.600000
vt 0.105263 0.800000
vt 0.105263 1.000000
vt 0.115789 0.200000
vt 0.115789 0.000000
vt 0.115789 0.400000
vt 0.115789 0.600000
vt 0.115789 0.800000
vt 0.115789 1.000000
vt 0.126316 0.200000
vt 0.126316 0.000000
vt 0.126316 0.400000
vt 0.126316 0.600000
vt 0.126316 0.800000
vt 0.126316 1.000000
vt 0.136842 0.200000
vt 0.136842 0.000000
vt 0.136842 0.400000
vt 0.136842 0.600000
vt 0.136842 0.800000
vt 0.136842 1.000000
vt 0.147368 0.200000
vt 0.147368 0.000000
vt 0.147368 0.400000
vt 0.147368 0.600000
vt 0.147368 0.800000
vt 0.147368 1.000000
vt 0.157895 0.200000
vt 0.157895 0.000000
vt 0.157895 0.400000
vt 0.157895 0.600000
vt 0.157895 0.800000
vt 0.157895 1.000000
vt 0.168421 0.200000
vt 0.168421 0.000000
vt 0.168421 0.400000
vt 0.168421 0.600000
vt 0.168421 0.800000
vt 0.168421 1.000000
vt 0.178947 0.200000
vt 0.178947 0.000000
vt 0.178947 0.400000
vt 0.178947 0.600000
vt 0.178947 0.800000
vt 0.178947 1.000000
vt 0.189474 0.200000
vt 0.189474 0.000000
vt 0.189474 0.400000
vt 0.189474 0.600000
vt 0.189474 0.800000
vt 0.189474 1.000000
vt 0.200000 0.200000
vt 0.200000 0.000000
vt 0.200000 0.400000
vt 0.200000 0.600000
vt 0.200000 0.800000
vt 0.200000 1.000000
vt 0.210526 0.200000
vt 0.210526 0.000000
vt 0.210526 0.400000
vt 0.210526 0.600000
vt 0.210526 0.800000
vt 0.210526 1.000000
vt 0.221053 0.200000
vt 0.221053 0.000000
vt 0.221053 0.400000
vt 0.221053 0.600000
vt 0.221053 0.800000
vt 0.221053 1.000000
vt 0.231579 0.200000
vt 0.231579 0.000000
vt 0.231579 0.400000
vt 0.231579 0.600000
vt 0.231579 0.800000
vt 0.231579 1.000000
vt 0.242105 0.200000
vt 0.242105 0.000000
vt 0.242105 0.400000
vt 0.242105 0.600000
vt 0.242105 0.800000
vt 0.242105 1.000000
vt 0.252632 0.200000
vt 0.252632 0.000000
vt 0.252632 0.400000
vt 0.252632 0.600000
vt 0.252632 0.800000
vt 0.252632 1.000000
vt 0.263158 0.200000
vt 0.263158 0.000000
vt 0.263158 0.400000
vt 0.263158 0.600000
vt 0.263158 0.800000
vt 0.263158 1.000000
vt 0.273684 0.200000
vt 0.273684 0.000000
vt 0.273684 0.400000
vt 0.273684 0.600000
vt 0.273684 0.800000
vt 0.273684 1.000000
vt 0.284211 0.200000
vt 0.284211 0.000000
vt 0.284211 0.400000
vt 0.284211 0.600000
vt 0.284211 0.800000
vt 0.284211 1.000000
vt 0.294737 0.200000
vt 0.294737 0.000000
vt 0.294737 0.400000
vt 0.294737 0.600000
vt 0.294737 0.800000
vt 0.294737 1.000000
vt 0.305263 0.200000
vt 0.305263 0.000000
vt 0.305263 0.400000
vt 0.305263 0.600000
vt 0.305263 0.800000
vt 0.305263 1.000000
vt 0.315789 0.200000
vt 0.315789 0.000000
vt 0.315789 0.400000
vt 0.315789 0.600000
vt 0.315789 0.800000
vt 0.315789 1.000000
vt 0.326316 0.200000
vt 0.326316 0.000000
vt 0.326316 0.400000
vt 0.326316 0.600000
vt 0.326316 0.800000
vt 0.326316 1.000000
vt 0.336842 0.200000
vt 0.336842 0.000000
vt 0.336842 0.400000
vt 0.336842 0.600000
vt 0.336842 0.800000
vt 0.336842 1.000000
vt 0.347368 0.200000
vt 0.347368 0.000000
vt 0.347368 0.400000
vt 0.347368 0.600000
vt 0.347368 0.800000
vt 0.347368 1.000000
vt 0.357895 0.200000
vt 0.357895 0.000000
vt 0.357895 0.400000
vt 0.357895 0.600000
vt 0.357895 0.800000
vt 0.357895 1.000000
vt 0.368421 0.200000
vt 0.368421 0.000000
vt 0.368421 0.400000
vt 0.368421 0.600000
vt 0.368421 0.800000
vt 0.368421 1.000000
vt 0.378947 0.200000
vt 0.378947 0.000000
vt 0.378947 0.400000
vt 0.378947 0.600000
vt 0.378947 0.800000
vt 0.378947 1.000000
vt 0.389474 0.200000
vt 0.389474 0.000000
vt 0.389474 0.400000
vt 0.389474 0.600000
vt 0.389474 0.800000
vt 0.389474 1.000000
vt 0.400000 0.200000
vt 0.400000 0.000000
vt 0.400000 0.400000
vt 0.400000 0.600000
vt 0.400000 0.800000
vt 0.400000 1.000000
vt 0.410526 0.200000
vt 0.410526 0.000000
vt 0.410526 0.400000
vt 0.410526 0.600000
vt 0.410526 0.800000
vt 0.410526 1.000000
vt 0.421053 0.200000
vt 0.421053 0.000000
vt 0.421053 0.400000
vt 0.421053 0.600000
vt 0.421053 0.800000
vt 0.421053 1.000000
vt 0.431579 0.200000
vt 0.431579 0.000000
vt 0.431579 0.400000
vt 0.431579 0.600000
vt 0.431579 0.800000
vt 0.431579 1.000000
vt 0.442105 0.200000
vt 0.442105 0.000000
vt 0.442105 0.400000
vt 0.442105 0.600000
vt 0.442105 0.800000
vt 0.442105 1.000000
vt 0.452632 0.200000
vt 0.452632 0.000000
vt 0.452632 0.400000
vt 0.452632 0.600000
vt 0.452632 0.800000
vt 0.452632 1.000000
vt 0.463158 0.200000
vt 0.463158 0.000000
vt 0.463158 0.400000
vt 0.463158 0.600000
vt 0.463158 0.800000
vt 0.463158 1.000000
vt 0.473684 0.200000
vt 0.473684 0.000000
vt 0.473684 0.400000
vt 0.473684 0.600000
vt 0.473684 0.800000
vt 0.473684 1.000000
vt 0.484211 0.200000
vt 0.484211 0.000000
vt 0.484211 0.400000
vt 0.484211 0.600000
vt 0.484211 0.800000
vt 0.484211 1.000000
vt 0.494737 0.200000
vt 0.494737 0.000000
vt 0.494737 0.400000
vt 0.494737 0.600000
vt 0.494737 0.800000
vt 0.494737 1.000000
vt 0.505263 0.200000
vt 0.505263 0.000000
vt 0.505263 0.400000
vt 0.505263 0.600000
vt 0.505263 0.800000
vt 0.505263 1.000000
vt 0.515789 0.200000
vt 0.515789 0.000000
vt 0.515789 0.400000
vt 0.515789 0.600000
vt 0.515789 0.800000
vt 0.515789 1.000000
vt 0.526316 0.200000
vt 0.526316 0.000000
vt 0.526316 0.400000
vt 0.526316 0.600000
vt 0.526316 0.800000
vt 0.526316 1.000000
vt 0.536842 0.200000
vt 0.536842 0.000000
vt 0.536842 0.400000
vt 0.536842 0.600000
vt 0.536842 0.800000
vt 0.536842 1.000000
vt 0.547368 0.200000
vt 0.547368 0.000000
vt 0.547368 0.400000
vt 0.547368 0.600000
vt 0.547368 0.800000
vt 0.547368 1.000000
vt 0.557895 0.200000
vt 0.557895 0.000000
vt 0.557895 0.400000
vt 0.557895 0.600000
vt 0.557895 0.800000
vt 0.557895 1.000000
vt 0.568421 0.200000
vt 0.568421 0.000000
vt 0.568421 0.400000
vt 0.568421 0.600000
vt 0.568421 0.800000
vt 0.568421 1.000000
vt 0.578947 0.200000
vt 0.578947 0.000000
vt 0.578947 0.400000
vt 0.578947 0.600000
vt 0.578947 0.800000
vt 0.578947 1.000000
vt 0.589474 0.200000
vt 0.589474 0.000000
vt 0.589474 0.400000
vt 0.589474 0.600000
vt 0.589474 0.800000
vt 0.589474 1.000000
vt 0.600000 0.200000
vt 0.600000 0.000000
vt 0.600000 0.400000
vt 0.600000 0.600000
vt 0.600000 0.800000
vt 0.600000 1.000000
vt 0.610526 0.200000
vt 0.610526 0.000000
vt 0.610526 0.400000
vt 0.610526 0.600000
vt 0.610526 0.800000
vt 0.610526 1.000000
vt 0.621053 0.200000
vt 0.621053 0.000000
vt 0.621053 0.400000
vt 0.621053 0.600000
vt 0.621053 0.800000
vt 0.621053 1.000000
vt 0.631579 0.200000
vt 0.631579 0.000000
vt 0.631579 0.400000
vt 0.631579 0.600000
vt 0.631579 0.800000
vt 0.631579 1.000000
vt 0.642105 0.200000
vt 0.642105 0.000000
vt 0.642105 0.400000
vt 0.642105 0.600000
vt 0.642105 0.800000
vt 0.642105 1.000000
vt 0.652632 0.200000
vt 0.652632 0.000000
vt 0.652632 0.400000
vt 0.652632 0.600000
vt 0.652632 0.800000
vt 0.652632 1.000000
vt 0.663158 0.200000
vt 0.663158 0.000000
vt 0.663158 0.400000
vt 0.663158 0.600000
vt 0.663158 0.800000
vt 0.663158 1.000000
vt 0.673684 0.200000
vt 0.673684 0.000000
vt 0.673684 0.400000
vt 0.673684 0.600000
vt 0.673684 0.800000
vt 0.673684 1.000000
vt 0.684211 0.200000
vt 0.684211 0.000000
vt 0.684211 0.400000
vt 0.684211 0.600000
vt 0.684211 0.800000
vt 0.684211 1.000000
vt 0.694737 0.200000
vt 0.694737 0.000000
vt 0.694737 0.400000
vt 0.694737 0.600000
vt 0.694737 0.800000
vt 0.694737 1.000000
vt 0.705263 0.200000
vt 0.705263 0.000000
vt 0.705263 0.400000
vt 0.705263 0.600000
vt 0.705263 0.800000
vt 0.705263 1.000000
vt 0.715789 0.200000
vt 0.715789 0.000000
vt 0.715789 0.400000
vt 0.715789 0.600000
vt 0.715789 0.800000
vt 0.715789 1.000000
vt 0.726316 0.200000
vt 0.726316 0.000000
vt 0.726316 0.400000
vt 0.726316 0.600000
vt 0.726316 0.800000
vt 0.726316 1.000000
vt 0.736842 0.200000
vt 0.736842 0.000000
vt 0.736842 0.400000
vt 0.736842 0.600000
vt 0.736842 0.800000
vt 0.736842 1.000000
vt 0.747368 0.200000
vt 0.747368 0.000000
vt 0.747368 0.400000
vt 0.747368 0.600000
vt 0.747368 0.800000
vt 0.747368 1.000000
vt 0.757895 0.200000
vt 0.757895 0.000000
vt 0.757895 0.400000
vt 0.757895 0.600000
vt 0.757895 0.800000
vt 0.757895 1.000000
vt 0.768421 0.200000
vt 0.768421 0.000000
vt 0.768421 0.400000
vt 0.768421 0.600000
vt 0.768421 0.800000
vt 0.768421 1.000000
vt 0.778947 0.200000
vt 0.778947 0.000000
vt 0.778947 0.400000
vt 0.778947 0.600000
vt 0.778947 0.800000
vt 0.778947 1.000000
vt 0.789474 0.200000
vt 0.789474 0.000000
vt 0.789474 0.400000
vt 0.789474 0.600000
vt 0.789474 0.800000
vt 0.789474 1.000000
vt 0.800000 0.200000
vt 0.800000 0.000000
vt 0.800000 0.400000
vt 0.800000 0.600000
vt 0.800000 0.800000
vt 0.800000 1.000000
vt 0.810526 0.200000
vt 0.810526 0.000000
vt 0.810526 0.400000
vt 0.810526 0.600000
vt 0.810526 0.800000
vt 0.810526 1.000000
vt 0.821053 0.200000
vt 0.821053 0.000000
vt 0.821053 0.400000
vt 0.821053 0.600000
vt 0.821053 0.800000
vt 0.821053 1.000000
vt 0.831579 0.200000
vt 0.831579 0.000000
vt 0.831579 0.400000
vt 0.831579 0.600000
vt 0.831579 0.800000
vt 0.831579 1.000000
vt 0.842105 0.200000
vt 0.842105 0.000000
vt 0.842105 0.400000
vt 0.842105 0.600000
vt 0.842105 0.800000
vt 0.842105 1.000000
vt 0.852632 0.200000
vt 0.852632 0.000000
vt 0.852632 0.400000
vt 0.852632 0.600000
vt 0.852632 0.800000
vt 0.852632 1.000000
vt 0.863158 0.200000
vt 0.863158 0.000000
vt 0.863158 0.400000
vt 0.863158 0.600000
vt 0.863158 0.800000
vt 0.863158 1.000000
vt 0.873684 0.200000
vt 0.873684 0.000000
vt 0.873684 0.400000
vt 0.873684 0.600000
vt 0.873684 0.800000
vt 0.873684 1.000000
vt 0.884211 0.200000
vt 0.884211 0.000000
vt 0.884211 0.400000
vt 0.884211 0.600000
vt 0.884211 0.800000
vt 0.884211 1.000000
vt 0.894737 0.200000
vt 0.894737 0.000000
vt 0.894737 0.400000
vt 0.894737 0.600000
vt 0.894737 0.800000
vt 0.894737 1.000000
vt 0.905263 0.200000
vt 0.905263 0.000000
vt 0.905263 0.400000
vt 0.905263 0.600000
vt 0.905263 0.800000
vt 0.905263 1.000000
vt 0.915789 0.200000
vt 0.915789 0.000000
vt 0.915789 0.400000
vt 0.915789 0.600000
vt 0.915789 0.800000
vt 0.915789 1.000000
vt 0.926316 0.200000
vt 0.926316 0.000000
vt 0.926316 0.400000
vt 0.926316 0.600000
vt 0.926316 0.800000
vt 0.926316 1.000000
vt 0.936842 0.200000
vt 0.936842 0.000000
vt 0.936842 0.400000
vt 0.936842 0.600000
vt 0.936842 0.800000
vt 0.936842 1.000000
vt 0.947368 0.200000
vt 0.947368 0.000000
vt 0.947368 0.400000
vt 0.947368 0.600000
vt 0.947368 0.800000
vt 0.947368 1.000000
vt 0.957895 0.200000
vt 0.957895 0.000000
vt 0.957895 0.400000
vt 0.957895 0.600000
vt 0.957895 0.800000
vt 0.957895 1.000000
vt 0.968421 0.200000
vt 0.968421 0.000000
vt 0.968421 0.400000
vt 0.968421 0.600000
vt 0.968421 0.800000
vt 0.968421 1.000000
vt 0.978947 0.200000
vt 0.978947 0.000000
vt 0.978947 0.400000
vt 0.978947 0.600000
vt 0.978947 0.800000
vt 0.978947 1.000000
vt 0.989474 0.200000
vt 0.989474 0.000000
vt 0.989474 0.400000
vt 0.989474 0.600000
vt 0.989474 0.800000
vt 0.989474 1.000000
vt 1.000000 0.200000
vt 1.000000 0.400000
vt 1.000000 0.600000
vt 1.000000 0.800000
vt 1.000000 1.000000
s 1
usemtl Lacquer_|_gloss_black
f 46/1/1 48/2/2 47/3/3
f 45/4/4 48/2/2 46/1/1
f 44/5/5 48/2/2 45/4/4
f 43/6/6 48/2/2 44/5/5
f 42/7/7 48/2/2 43/6/6
f 41/8/8 48/2/2 42/7/7
f 40/9/9 48/2/2 41/8/8
f 39/10/10 48/2/2 40/9/9
f 38/11/11 48/2/2 39/10/10
f 37/12/12 48/2/2 38/11/11
f 36/13/13 48/2/2 37/12/12
f 35/14/14 48/2/2 36/13/13
f 34/15/15 48/2/2 35/14/14
f 33/16/16 48/2/2 34/15/15
f 32/17/17 48/2/2 33/16/16
f 31/18/18 48/2/2 32/17/17
f 30/19/19 48/2/2 31/18/18
f 29/20/20 48/2/2 30/19/19
f 16/21/21 18/22/22 17/23/23
f 16/21/21 19/24/24 18/22/22
f 15/25/25 19/24/24 16/21/21
f 28/26/26 48/2/2 29/20/20
f 15/25/25 20/27/27 19/24/24
f 14/28/28 20/27/27 15/25/25
f 27/29/29 48/2/2 28/26/26
f 14/28/28 21/30/30 20/27/27
f 13/31/31 21/30/30 14/28/28
f 26/32/32 48/2/2 27/29/29
f 13/31/31 22/33/33 21/30/30
f 12/34/34 22/33/33 13/31/31
f 25/35/35 48/2/2 26/32/32
f 12/34/34 23/36/36 22/33/33
f 24/37/37 48/2/2 25/35/35
f 12/34/34 24/37/37 23/36/36
f 12/34/34 48/2/2 24/37/37
f 11/38/38 48/2/2 12/34/34
f 10/39/39 48/2/2 11/38/38
f 9/40/40 48/2/2 10/39/39
f 8/41/41 48/2/2 9/40/40
f 7/42/42 48/2/2 8/41/41
f 6/43/43 48/2/2 7/42/42
f 5/44/44 48/2/2 6/43/43
f 4/45/45 48/2/2 5/44/44
f 3/46/46 48/2/2 4/45/45
f 2/47/47 48/2/2 3/46/46
f 1/48/48 78/49/49 2/47/47
f 78/49/49 77/50/50 2/47/47
f 77/50/50 74/51/51 2/47/47
f 74/51/51 73/52/52 2/47/47
f 73/52/52 72/53/53 2/47/47
f 72/53/53 71/54/54 2/47/47
f 71/54/54 70/55/55 2/47/47
f 70/55/55 59/56/56 2/47/47
f 59/56/56 58/57/57 2/47/47
f 58/57/57 57/58/58 2/47/47
f 57/58/58 48/2/2 2/47/47
f 56/59/59 48/2/2 57/58/58
f 70/55/55 60/60/60 59/56/56
f 70/55/55 61/61/61 60/60/60
f 55/62/62 48/2/2 56/59/59
f 54/63/63 48/2/2 55/62/62
f 70/55/55 69/64/64 61/61/61
f 69/64/64 62/65/65 61/61/61
f 53/66/66 48/2/2 54/63/63
f 68/67/67 62/65/65 69/64/64
f 67/68/68 62/65/65 68/67/67
f 53/66/66 49/69/69 48/2/2
f 66/70/70 62/65/65 67/68/68
f 66/70/70 63/71/71 62/65/65
f 52/72/72 49/69/69 53/66/66
f 52/72/72 50/73/73 49/69/69
f 65/74/74 63/71/71 66/70/70
f 51/75/75 50/73/73 52/72/72
f 65/74/74 64/76/76 63/71/71
f 77/50/50 75/77/77 74/51/51
f 77/50/50 76/78/78 75/77/77
f 1/48/48 79/79/79 78/49/49
f 1/48/48 80/80/80 79/79/79
f 1/48/48 81/81/81 80/80/80
f 1/48/48 82/82/82 81/81/81
f 1/48/48 83/83/83 82/82/82
f 1/48/48 84/84/84 83/83/83
f 1/48/48 85/85/85 84/84/84
f 1/48/48 86/86/86 85/85/85
f 1/48/48 87/87/87 86/86/86
f 1/48/48 88/88/88 87/87/87
f 1/48/48 89/89/89 88/88/88
f 1/48/48 90/90/90 89/89/89
f 1/48/48 91/91/91 90/90/90
f 1/48/48 92/92/92 91/91/91
f 1/48/48 95/93/93 92/92/92
f 95/93/93 93/94/94 92/92/92
f 95/93/93 94/95/95 93/94/94
f 141/1/96 142/3/97 143/2/98
f 140/4/99 141/1/96 143/2/98
f 139/5/100 140/4/99 143/2/98
f 138/6/101 139/5/100 143/2/98
f 137/7/102 138/6/101 143/2/98
f 136/8/103 137/7/102 143/2/98
f 135/9/104 136/8/103 143/2/98
f 134/10/105 135/9/104 143/2/98
f 133/11/106 134/10/105 143/2/98
f 132/12/107 133/11/106 143/2/98
f 131/13/108 132/12/107 143/2/98
f 130/14/109 131/13/108 143/2/98
f 129/15/110 130/14/109 143/2/98
f 128/16/111 129/15/110 143/2/98
f 127/17/112 128/16/111 143/2/98
f 126/18/113 127/17/112 143/2/98
f 125/19/114 126/18/113 143/2/98
f 124/20/115 125/19/114 143/2/98
f 111/21/116 112/23/117 113/22/118
f 111/21/116 113/22/118 114/24/119
f 110/25/120 111/21/116 114/24/119
f 123/26/121 124/20/115 143/2/98
f 110/25/120 114/24/119 115/27/122
f 109/28/123 110/25/120 115/27/122
f 122/29/124 123/26/121 143/2/98
f 109/28/123 115/27/122 116/30/125
f 108/31/126 109/28/123 116/30/125
f 121/32/127 122/29/124 143/2/98
f 108/31/126 116/30/125 117/33/128
f 107/34/129 108/31/126 117/33/128
f 120/35/130 121/32/127 143/2/98
f 107/34/129 117/33/128 118/36/131
f 119/37/132 120/35/130 143/2/98
f 107/34/129 118/36/131 119/37/132
f 107/34/129 119/37/132 143/2/98
f 106/38/133 107/34/129 143/2/98
f 105/39/134 106/38/133 143/2/98
f 104/40/135 105/39/134 143/2/98
f 103/41/136 104/40/135 143/2/98
f 102/42/137 103/41/136 143/2/98
f 101/43/138 102/42/137 143/2/98
f 100/44/139 101/43/138 143/2/98
f 99/45/140 100/44/139 143/2/98
f 98/46/141 99/45/140 143/2/98
f 97/47/142 98/46/141 143/2/98
f 96/48/143 97/47/142 173/49/144
f 173/49/144 97/47/142 172/50/145
f 172/50/145 97/47/142 169/51/146
f 169/51/146 97/47/142 168/52/147
f 168/52/147 97/47/142 167/53/148
f 167/53/148 97/47/142 166/54/149
f 166/54/149 97/47/142 165/55/150
f 165/55/150 97/47/142 154/56/151
f 154/56/151 97/47/142 153/57/152
f 153/57/152 97/47/142 152/58/153
f 152/58/153 97/47/142 143/2/98
f 151/59/154 152/58/153 143/2/98
f 165/55/150 154/56/151 155/60/155
f 165/55/150 155/60/155 156/61/156
f 150/62/157 151/59/154 143/2/98
f 149/63/158 150/62/157 143/2/98
f 165/55/150 156/61/156 164/64/159
f 164/64/159 156/61/156 157/65/160
f 148/66/161 149/63/158 143/2/98
f 163/67/162 164/64/159 157/65/160
f 162/68/163 163/67/162 157/65/160
f 148/66/161 143/2/98 144/69/164
f 161/70/165 162/68/163 157/65/160
f 161/70/165 157/65/160 158/71/166
f 147/72/167 148/66/161 144/69/164
f 147/72/167 144/69/164 145/73/168
f 160/74/169 161/70/165 158/71/166
f 146/75/170 147/72/167 145/73/168
f 160/74/169 158/71/166 159/76/171
f 172/50/145 169/51/146 170/77/172
f 172/50/145 170/77/172 171/78/173
f 96/48/143 173/49/144 174/79/174
f 96/48/143 174/79/174 175/80/175
f 96/48/143 175/80/175 176/81/176
f 96/48/143 176/81/176 177/82/177
f 96/48/143 177/82/177 178/83/178
f 96/48/143 178/83/178 179/84/179
f 96/48/143 179/84/179 180/85/180
f 96/48/143 180/85/180 181/86/181
f 96/48/143 181/86/181 182/87/182
f 96/48/143 182/87/182 183/88/183
f 96/48/143 183/88/183 184/89/184
f 96/48/143 184/89/184 185/90/185
f 96/48/143 185/90/185 186/91/186
f 96/48/143 186/91/186 187/92/187
f 96/48/143 187/92/187 190/93/188
f 190/93/188 187/92/187 188/94/189
f 190/93/188 188/94/189 189/95/190
f 191/96/191 195/97/192 97/98/142 96/48/143
f 192/99/193 196/100/194 195/97/195 191/96/195
f 193/101/196 197/102/197 196/100/194 192/99/193
f 194/103/198 198/104/198 197/102/197 193/101/196
f 1/105/48 2/106/47 198/104/199 194/103/200
f 195/97/192 199/107/201 98/108/141 97/98/142
f 196/100/202 200/109/203 199/107/204 195/97/205
f 197/102/206 201/110/207 200/109/203 196/100/202
f 198/104/208 202/111/209 201/110/207 197/102/206
f 2/106/47 3/112/46 202/111/210 198/104/199
f 199/107/201 203/113/211 99/114/140 98/108/141
f 200/109/203 204/115/212 203/113/213 199/107/204
f 201/110/207 205/116/214 204/115/212 200/109/203
f 202/111/209 206/117/215 205/116/214 201/110/207
f 3/112/46 4/118/45 206/117/216 202/111/210
f 203/113/211 207/119/217 100/120/139 99/114/140
f 204/115/212 208/121/218 207/119/219 203/113/213
f 205/116/214 209/122/220 208/121/218 204/115/212
f 206/117/215 210/123/221 209/122/220 205/116/214
f 4/118/45 5/124/44 210/123/222 206/117/216
f 207/119/217 211/125/223 101/126/138 100/120/139
f 208/121/218 212/127/224 211/125/225 207/119/219
f 209/122/220 213/128/226 212/127/224 208/121/218
f 210/123/221 214/129/227 213/128/226 209/122/220
f 5/124/44 6/130/43 214/129/228 210/123/222
f 211/125/223 215/131/229 102/132/137 101/126/138
f 212/127/224 216/133/230 215/131/231 211/125/225
f 213/128/226 217/134/232 216/133/230 212/127/224
f 214/129/227 218/135/233 217/134/232 213/128/226
f 6/130/43 7/136/42 218/135/234 214/129/228
f 215/131/229 219/137/235 103/138/136 102/132/137
f 216/133/230 220/139/236 219/137/237 215/131/231
f 217/134/232 221/140/238 220/139/236 216/133/230
f 218/135/233 222/141/239 221/140/238 217/134/232
f 7/136/42 8/142/41 222/141/240 218/135/234
f 219/137/235 223/143/241 104/144/135 103/138/136
f 220/139/236 224/145/242 223/143/243 219/137/237
f 221/140/238 225/146/244 224/145/242 220/139/236
f 222/141/239 226/147/245 225/146/244 221/140/238
f 8/142/41 9/148/40 226/147/246 222/141/240
f 223/143/241 227/149/247 105/150/134 104/144/135
f 224/145/242 228/151/248 227/149/249 223/143/243
f 225/146/244 229/152/250 228/151/248 224/145/242
f 226/147/245 230/153/251 229/152/250 225/146/244
f 9/148/40 10/154/39 230/153/252 226/147/246
f 227/149/247 231/155/253 106/156/133 105/150/134
f 228/151/248 232/157/254 231/155/255 227/149/249
f 229/152/250 233/158/256 232/157/254 228/151/248
f 230/153/251 234/159/257 233/158/256 229/152/250
f 10/154/39 11/160/38 234/159/258 230/153/252
f 231/155/253 235/161/259 107/162/129 106/156/133
f 232/157/254 236/163/260 235/161/261 231/155/255
f 233/158/256 237/164/262 236/163/260 232/157/254
f 234/159/257 238/165/263 237/164/262 233/158/256
f 11/160/38 12/166/34 238/165/264 234/159/258
f 235/161/259 239/167/265 108/168/126 107/162/129
f 236/163/260 240/169/266 239/167/267 235/161/261
f 237/164/262 241/170/268 240/169/266 236/163/260
f 238/165/263 242/171/269 241/170/268 237/164/262
f 12/166/34 13/172/31 242/171/270 238/165/264
f 239/167/265 243/173/271 109/174/123 108/168/126
f 240/169/266 244/175/272 243/173/273 239/167/267
f 241/170/268 245/176/274 244/175/272 240/169/266
f 242/171/269 246/177/275 245/176/274 241/170/268
f 13/172/31 14/178/28 246/177/276 242/171/270
f 243/173/271 247/179/277 110/180/120 109/174/123
f 244/175/272 248/181/278 247/179/279 243/173/273
f 245/176/274 249/182/280 248/181/278 244/175/272
f 246/177/275 250/183/281 249/182/280 245/176/274
f 14/178/28 15/184/25 250/183/282 246/177/276
f 247/179/277 251/185/283 111/186/116 110/180/120
f 248/181/278 252/187/284 251/185/285 247/179/279
f 249/182/280 253/188/286 252/187/284 248/181/278
f 250/183/281 254/189/287 253/188/286 249/182/280
f 15/184/25 16/190/21 254/189/288 250/183/282
f 251/185/283 255/191/289 112/192/117 111/186/116
f 252/187/284 256/193/290 255/191/291 251/185/285
f 253/188/286 257/194/292 256/193/290 252/187/284
f 254/189/287 258/195/293 257/194/292 253/188/286
f 16/190/21 17/196/23 258/195/294 254/189/288
f 255/191/289 259/197/295 113/198/118 112/192/117
f 256/193/290 260/199/296 259/197/297 255/191/291
f 257/194/292 261/200/298 260/199/296 256/193/290
f 258/195/293 262/201/299 261/200/298 257/194/292
f 17/196/23 18/202/22 262/201/300 258/195/294
f 259/197/295 263/203/301 114/204/119 113/198/118
f 260/199/296 264/205/302 263/203/303 259/197/297
f 261/200/298 265/206/304 264/205/302 260/199/296
f 262/201/299 266/207/305 265/206/304 261/200/298
f 18/202/22 19/208/24 266/207/306 262/201/300
f 263/203/301 267/209/307 115/210/122 114/204/119
f 264/205/302 268/211/308 267/209/309 263/203/303
f 265/206/304 269/212/310 268/211/308 264/205/302
f 266/207/305 270/213/311 269/212/310 265/206/304
f 19/208/24 20/214/27 270/213/312 266/207/306
f 267/209/307 271/215/313 116/216/125 115/210/122
f 268/211/308 272/217/314 271/215/315 267/209/309
f 269/212/310 273/218/316 272/217/314 268/211/308
f 270/213/311 274/219/317 273/218/316 269/212/310
f 20/214/27 21/220/30 274/219/318 270/213/312
f 271/215/313 275/221/319 117/222/128 116/216/125
f 272/217/314 276/223/320 275/221/321 271/215/315
f 273/218/316 277/224/322 276/223/320 272/217/314
f 274/219/317 278/225/323 277/224/322 273/218/316
f 21/220/30 22/226/33 278/225/324 274/219/318
f 275/221/319 279/227/325 118/228/131 117/222/128
f 276/223/320 280/229/326 279/227/327 275/221/321
f 277/224/322 281/230/328 280/229/326 276/223/320
f 278/225/323 282/231/329 281/230/328 277/224/322
f 22/226/33 23/232/36 282/231/330 278/225/324
f 279/227/325 283/233/331 119/234/132 118/228/131
f 280/229/326 284/235/332 283/233/333 279/227/327
f 281/230/328 285/236/334 284/235/332 280/229/326
f 282/231/329 286/237/335 285/236/334 281/230/328
f 23/232/36 24/238/37 286/237/336 282/231/330
f 283/233/331 287/239/337 120/240/130 119/234/132
f 284/235/332 288/241/338 287/239/339 283/233/333
f 285/236/334 289/242/340 288/241/338 284/235/332
f 286/237/335 290/243/341 289/242/340 285/236/334
f 24/238/37 25/244/35 290/243/342 286/237/336
f 287/239/337 291/245/343 121/246/127 120/240/130
f 288/241/338 292/247/344 291/245/345 287/239/339
f 289/242/340 293/248/346 292/247/344 288/241/338
f 290/243/341 294/249/347 293/248/346 289/242/340
f 25/244/35 26/250/32 294/249/348 290/243/342
f 291/245/343 295/251/349 122/252/124 121/246/127
f 292/247/344 296/253/350 295/251/351 291/245/345
f 293/248/346 297/254/352 296/253/350 292/247/344
f 294/249/347 298/255/353 297/254/352 293/248/346
f 26/250/32 27/256/29 298/255/354 294/249/348
f 295/251/349 299/257/355 123/258/121 122/252/124
f 296/253/350 300/259/356 299/257/357 295/251/351
f 297/254/352 301/260/358 300/259/356 296/253/350
f 298/255/353 302/261/359 301/260/358 297/254/352
f 27/256/29 28/262/26 302/261/360 298/255/354
f 299/257/355 303/263/361 124/264/115 123/258/121
f 300/259/356 304/265/362 303/263/363 299/257/357
f 301/260/358 305/266/364 304/265/362 300/259/356
f 302/261/359 306/267/365 305/266/364 301/260/358
f 28/262/26 29/268/20 306/267/366 302/261/360
f 303/263/361 307/269/367 125/270/114 124/264/115
f 304/265/362 308/271/368 307/269/369 303/263/363
f 305/266/364 309/272/370 308/271/368 304/265/362
f 306/267/365 310/273/371 309/272/370 305/266/364
f 29/268/20 30/274/19 310/273/372 306/267/366
f 307/269/367 311/275/373 126/276/113 125/270/114
f 308/271/368 312/277/374 311/275/375 307/269/369
f 309/272/370 313/278/376 312/277/374 308/271/368
f 310/273/371 314/279/377 313/278/376 309/272/370
f 30/274/19 31/280/18 314/279/378 310/273/372
f 311/275/373 315/281/379 127/282/112 126/276/113
f 312/277/374 316/283/380 315/281/381 311/275/375
f 313/278/376 317/284/382 316/283/380 312/277/374
f 314/279/377 318/285/383 317/284/382 313/278/376
f 31/280/18 32/286/17 318/285/384 314/279/378
f 315/281/379 319/287/385 128/288/111 127/282/112
f 316/283/380 320/289/386 319/287/387 315/281/381
f 317/284/382 321/290/388 320/289/386 316/283/380
f 318/285/383 322/291/389 321/290/388 317/284/382
f 32/286/17 33/292/16 322/291/390 318/285/384
f 319/287/385 323/293/391 129/294/110 128/288/111
f 320/289/386 324/295/392 323/293/393 319/287/387
f 321/290/388 325/296/394 324/295/392 320/289/386
f 322/291/389 326/297/395 325/296/394 321/290/388
f 33/292/16 34/298/15 326/297/396 322/291/390
f 323/293/391 327/299/397 130/300/109 129/294/110
f 324/295/392 328/301/398 327/299/399 323/293/393
f 325/296/394 329/302/400 328/301/398 324/295/392
f 326/297/395 330/303/401 329/302/400 325/296/394
f 34/298/15 35/304/14 330/303/402 326/297/396
f 327/299/397 331/305/403 131/306/108 130/300/109
f 328/301/398 332/307/404 331/305/405 327/299/399
f 329/302/400 333/308/406 332/307/404 328/301/398
f 330/303/401 334/309/407 333/308/406 329/302/400
f 35/304/14 36/310/13 334/309/408 330/303/402
f 331/305/403 335/311/409 132/312/107 131/306/108
f 332/307/404 336/313/410 335/311/411 331/305/405
f 333/308/406 337/314/412 336/313/410 332/307/404
f 334/309/407 338/315/413 337/314/412 333/308/406
f 36/310/13 37/316/12 338/315/414 334/309/408
f 335/311/409 339/317/415 133/318/106 132/312/107
f 336/313/410 340/319/416 339/317/417 335/311/411
f 337/314/412 341/320/418 340/319/416 336/313/410
f 338/315/413 342/321/419 341/320/418 337/314/412
f 37/316/12 38/322/11 342/321/420 338/315/414
f 339/317/415 343/323/421 134/324/105 133/318/106
f 340/319/416 344/325/422 343/323/423 339/317/417
f 341/320/418 345/326/424 344/325/422 340/319/416
f 342/321/419 346/327/425 345/326/424 341/320/418
f 38/322/11 39/328/10 346/327/426 342/321/420
f 343/323/421 347/329/427 135/330/104 134/324/105
f 344/325/422 348/331/428 347/329/429 343/323/423
f 345/326/424 349/332/430 348/331/428 344/325/422
f 346/327/425 350/333/431 349/332/430 345/326/424
f 39/328/10 40/334/9 350/333/432 346/327/426
f 347/329/427 351/335/433 136/336/103 135/330/104
f 348/331/428 352/337/434 351/335/435 347/329/429
f 349/332/430 353/338/436 352/337/434 348/331/428
f 350/333/431 354/339/437 353/338/436 349/332/430
f 40/334/9 41/340/8 354/339/438 350/333/432
f 351/335/433 355/341/439 137/342/102 136/336/103
f 352/337/434 356/343/440 355/341/441 351/335/435
f 353/338/436 357/344/442 356/343/440 352/337/434
f 354/339/437 358/345/443 357/344/442 353/338/436
f 41/340/8 42/346/7 358/345/444 354/339/438
f 355/341/439 359/347/445 138/348/101 137/342/102
f 356/343/440 360/349/446 359/347/447 355/341/441
f 357/344/442 361/350/448 360/349/446 356/343/440
f 358/345/443 362/351/449 361/350/448 357/344/442
f 42/346/7 43/352/6 362/351/450 358/345/444
f 359/347/445 363/353/451 139/354/100 138/348/101
f 360/349/446 364/355/452 363/353/453 359/347/447
f 361/350/448 365/356/454 364/355/452 360/349/446
f 362/351/449 366/357/455 365/356/454 361/350/448
f 43/352/6 44/358/5 366/357/456 362/351/450
f 363/353/451 367/359/457 140/360/99 139/354/100
f 364/355/452 368/361/458 367/359/459 363/353/453
f 365/356/454 369/362/460 368/361/458 364/355/452
f 366/357/455 370/363/461 369/362/460 365/356/454
f 44/358/5 45/364/4 370/363/462 366/357/456
f 367/359/457 371/365/463 141/366/96 140/360/99
f 368/361/458 372/367/464 371/365/465 367/359/459
f 369/362/460 373/368/466 372/367/464 368/361/458
f 370/363/461 374/369/467 373/368/466 369/362/460
f 45/364/4 46/370/1 374/369/468 370/363/462
f 371/365/463 375/371/469 142/372/97 141/366/96
f 372/367/464 376/373/470 375/371/471 371/365/465
f 373/368/466 377/374/472 376/373/470 372/367/464
f 374/369/467 378/375/473 377/374/472 373/368/466
f 46/370/1 47/376/3 378/375/474 374/369/468
f 375/371/469 379/377/475 143/378/98 142/372/97
f 376/373/476 380/379/477 379/377/478 375/371/478
f 377/374/479 381/380/480 380/379/477 376/373/476
f 378/375/481 382/381/481 381/380/480 377/374/479
f 47/376/3 48/382/2 382/381/482 378/375/474
f 379/377/475 383/383/483 144/384/164 143/378/98
f 380/379/484 384/385/485 383/383/486 379/377/487
f 381/380/488 385/386/489 384/385/485 380/379/484
f 382/381/490 386/387/491 385/386/489 381/380/488
f 48/382/2 49/388/69 386/387/492 382/381/482
f 383/383/483 387/389/493 145/390/168 144/384/164
f 384/385/485 388/391/494 387/389/495 383/383/486
f 385/386/489 389/392/496 388/391/494 384/385/485
f 386/387/491 390/393/497 389/392/496 385/386/489
f 49/388/69 50/394/73 390/393/498 386/387/492
f 387/389/493 391/395/499 146/396/170 145/390/168
f 388/391/494 392/397/500 391/395/501 387/389/495
f 389/392/496 393/398/502 392/397/500 388/391/494
f 390/393/497 394/399/503 393/398/502 389/392/496
f 50/394/73 51/400/75 394/399/504 390/393/498
f 391/395/499 395/401/505 147/402/167 146/396/170
f 392/397/500 396/403/506 395/401/507 391/395/501
f 393/398/502 397/404/508 396/403/506 392/397/500
f 394/399/503 398/405/509 397/404/508 393/398/502
f 51/400/75 52/406/72 398/405/510 394/399/504
f 395/401/505 399/407/511 148/408/161 147/402/167
f 396/403/506 400/409/512 399/407/513 395/401/507
f 397/404/508 401/410/514 400/409/512 396/403/506
f 398/405/509 402/411/515 401/410/514 397/404/508
f 52/406/72 53/412/66 402/411/516 398/405/510
f 399/407/511 403/413/517 149/414/158 148/408/161
f 400/409/512 404/415/518 403/413/519 399/407/513
f 401/410/514 405/416/520 404/415/518 400/409/512
f 402/411/515 406/417/521 405/416/520 401/410/514
f 53/412/66 54/418/63 406/417/522 402/411/516
f 403/413/517 407/419/523 150/420/157 149/414/158
f 404/415/518 408/421/524 407/419/525 403/413/519
f 405/416/520 409/422/526 408/421/524 404/415/518
f 406/417/521 410/423/527 409/422/526 405/416/520
f 54/418/63 55/424/62 410/423/528 406/417/522
f 407/419/523 411/425/529 151/426/154 150/420/157
f 408/421/524 412/427/530 411/425/531 407/419/525
f 409/422/526 413/428/532 412/427/530 408/421/524
f 410/423/527 414/429/533 413/428/532 409/422/526
f 55/424/62 56/430/59 414/429/534 410/423/528
f 411/425/529 415/431/535 152/432/153 151/426/154
f 412/427/530 416/433/536 415/431/537 411/425/531
f 413/428/532 417/434/538 416/433/536 412/427/530
f 414/429/533 418/435/539 417/434/538 413/428/532
f 56/430/59 57/436/58 418/435/540 414/429/534
f 415/431/535 419/437/541 153/438/152 152/432/153
f 416/433/536 420/439/542 419/437/543 415/431/537
f 417/434/538 421/440/544 420/439/542 416/433/536
f 418/435/539 422/441/545 421/440/544 417/434/538
f 57/436/58 58/442/57 422/441/546 418/435/540
f 419/437/541 423/443/547 154/444/151 153/438/152
f 420/439/542 424/445/548 423/443/549 419/437/543
f 421/440/544 425/446/550 424/445/548 420/439/542
f 422/441/545 426/447/551 425/446/550 421/440/544
f 58/442/57 59/448/56 426/447/552 422/441/546
f 423/443/547 427/449/553 155/450/155 154/444/151
f 424/445/548 428/451/554 427/449/555 423/443/549
f 425/446/550 429/452/556 428/451/554 424/445/548
f 426/447/551 430/453/557 429/452/556 425/446/550
f 59/448/56 60/454/60 430/453/558 426/447/552
f 427/449/553 431/455/559 156/456/156 155/450/155
f 428/451/554 432/457/560 431/455/561 427/449/555
f 429/452/556 433/458/562 432/457/560 428/451/554
f 430/453/557 434/459/563 433/458/562 429/452/556
f 60/454/60 61/460/61 434/459/564 430/453/558
f 431/455/559 435/461/565 157/462/160 156/456/156
f 432/457/560 436/463/566 435/461/567 431/455/561
f 433/458/562 437/464/568 436/463/566 432/457/560
f 434/459/563 438/465/569 437/464/568 433/458/562
f 61/460/61 62/466/65 438/465/570 434/459/564
f 435/461/565 439/467/571 158/468/166 157/462/160
f 436/463/566 440/469/572 439/467/573 435/461/567
f 437/464/568 441/470/574 440/469/572 436/463/566
f 438/465/569 442/471/575 441/470/574 437/464/568
f 62/466/65 63/472/71 442/471/576 438/465/570
f 439/467/571 443/473/577 159/474/171 158/468/166
f 440/469/572 444/475/578 443/473/579 439/467/573
f 441/470/574 445/476/580 444/475/578 440/469/572
f 442/471/575 446/477/581 445/476/580 441/470/574
f 63/472/71 64/478/76 446/477/582 442/471/576
f 443/473/577 447/479/583 160/480/169 159/474/171
f 444/475/578 448/481/584 447/479/585 443/473/579
f 445/476/580 449/482/586 448/481/584 444/475/578
f 446/477/581 450/483/587 449/482/586 445/476/580
f 64/478/76 65/484/74 450/483/588 446/477/582
f 447/479/583 451/485/589 161/486/165 160/480/169
f 448/481/584 452/487/590 451/485/591 447/479/585
f 449/482/586 453/488/592 452/487/590 448/481/584
f 450/483/587 454/489/593 453/488/592 449/482/586
f 65/484/74 66/490/70 454/489/594 450/483/588
f 451/485/589 455/491/595 162/492/163 161/486/165
f 452/487/590 456/493/596 455/491/597 451/485/591
f 453/488/592 457/494/598 456/493/596 452/487/590
f 454/489/593 458/495/599 457/494/598 453/488/592
f 66/490/70 67/496/68 458/495/600 454/489/594
f 455/491/595 459/497/601 163/498/162 162/492/163
f 456/493/596 460/499/602 459/497/603 455/491/597
f 457/494/598 461/500/604 460/499/602 456/493/596
f 458/495/599 462/501/605 461/500/604 457/494/598
f 67/496/68 68/502/67 462/501/606 458/495/600
f 459/497/601 463/503/607 164/504/159 163/498/162
f 460/499/602 464/505/608 463/503/609 459/497/603
f 461/500/604 465/506/610 464/505/608 460/499/602
f 462/501/605 466/507/611 465/506/610 461/500/604
f 68/502/67 69/508/64 466/507/612 462/501/606
f 463/503/607 467/509/613 165/510/150 164/504/159
f 464/505/608 468/511/614 467/509/615 463/503/609
f 465/506/610 469/512/616 468/511/614 464/505/608
f 466/507/611 470/513/617 469/512/616 465/506/610
f 69/508/64 70/514/55 470/513/618 466/507/612
f 467/509/613 471/515/619 166/516/149 165/510/150
f 468/511/614 472/517/620 471/515/621 467/509/615
f 469/512/616 473/518/622 472/517/620 468/511/614
f 470/513/617 474/519/623 473/518/622 469/512/616
f 70/514/55 71/520/54 474/519/624 470/513/618
f 471/515/619 475/521/625 167/522/148 166/516/149
f 472/517/620 476/523/626 475/521/627 471/515/621
f 473/518/622 477/524/628 476/523/626 472/517/620
f 474/519/623 478/525/629 477/524/628 473/518/622
f 71/520/54 72/526/53 478/525/630 474/519/624
f 475/521/625 479/527/631 168/528/147 167/522/148
f 476/523/626 480/529/632 479/527/633 475/521/627
f 477/524/628 481/530/634 480/529/632 476/523/626
f 478/525/629 482/531/635 481/530/634 477/524/628
f 72/526/53 73/532/52 482/531/636 478/525/630
f 479/527/631 483/533/637 169/534/146 168/528/147
f 480/529/632 484/535/638 483/533/639 479/527/633
f 481/530/634 485/536/640 484/535/638 480/529/632
f 482/531/635 486/537/641 485/536/640 481/530/634
f 73/532/52 74/538/51 486/537/642 482/531/636
f 483/533/637 487/539/643 170/540/172 169/534/146
f 484/535/638 488/541/644 487/539/645 483/533/639
f 485/536/640 489/542/646 488/541/644 484/535/638
f 486/537/641 490/543/647 489/542/646 485/536/640
f 74/538/51 75/544/77 490/543/648 486/537/642
f 487/539/643 491/545/649 171/546/173 170/540/172
f 488/541/644 492/547/650 491/545/651 487/539/645
f 489/542/646 493/548/652 492/547/650 488/541/644
f 490/543/647 494/549/653 493/548/652 489/542/646
f 75/544/77 76/550/78 494/549/654 490/543/648
f 491/545/649 495/551/655 172/552/145 171/546/173
f 492/547/650 496/553/656 495/551/657 491/545/651
f 493/548/652 497/554/658 496/553/656 492/547/650
f 494/549/653 498/555/659 497/554/658 493/548/652
f 76/550/78 77/556/50 498/555/660 494/549/654
f 495/551/655 499/557/661 173/558/144 172/552/145
f 496/553/656 500/559/662 499/557/663 495/551/657
f 497/554/658 501/560/664 500/559/662 496/553/656
f 498/555/659 502/561/665 501/560/664 497/554/658
f 77/556/50 78/562/49 502/561/666 498/555/660
f 499/557/661 503/563/667 174/564/174 173/558/144
f 500/559/662 504/565/668 503/563/669 499/557/663
f 501/560/664 505/566/670 504/565/668 500/559/662
f 502/561/665 506/567/671 505/566/670 501/560/664
f 78/562/49 79/568/79 506/567/672 502/561/666
f 503/563/667 507/569/673 175/570/175 174/564/174
f 504/565/668 508/571/674 507/569/675 503/563/669
f 505/566/670 509/572/676 508/571/674 504/565/668
f 506/567/671 510/573/677 509/572/676 505/566/670
f 79/568/79 80/574/80 510/573/678 506/567/672
f 507/569/673 511/575/679 176/576/176 175/570/175
f 508/571/674 512/577/680 511/575/681 507/569/675
f 509/572/676 513/578/682 512/577/680 508/571/674
f 510/573/677 514/579/683 513/578/682 509/572/676
f 80/574/80 81/580/81 514/579/684 510/573/678
f 511/575/679 515/581/685 177/582/177 176/576/176
f 512/577/680 516/583/686 515/581/687 511/575/681
f 513/578/682 517/584/688 516/583/686 512/577/680
f 514/579/683 518/585/689 517/584/688 513/578/682
f 81/580/81 82/586/82 518/585/690 514/579/684
f 515/581/685 519/587/691 178/588/178 177/582/177
f 516/583/686 520/589/692 519/587/693 515/581/687
f 517/584/688 521/590/694 520/589/692 516/583/686
f 518/585/689 522/591/695 521/590/694 517/584/688
f 82/586/82 83/592/83 522/591/696 518/585/690
f 519/587/691 523/593/697 179/594/179 178/588/178
f 520/589/692 524/595/698 523/593/699 519/587/693
f 521/590/694 525/596/700 524/595/698 520/589/692
f 522/591/695 526/597/701 525/596/700 521/590/694
f 83/592/83 84/598/84 526/597/702 522/591/696
f 523/593/697 527/599/703 180/600/180 179/594/179
f 524/595/698 528/601/704 527/599/705 523/593/699
f 525/596/700 529/602/706 528/601/704 524/595/698
f 526/597/701 530/603/707 529/602/706 525/596/700
f 84/598/84 85/604/85 530/603/708 526/597/702
f 527/599/703 531/605/709 181/606/181 180/600/180
f 528/601/704 532/607/710 531/605/711 527/599/705
f 529/602/706 533/608/712 532/607/710 528/601/704
f 530/603/707 534/609/713 533/608/712 529/602/706
f 85/604/85 86/610/86 534/609/714 530/603/708
f 531/605/709 535/611/715 182/612/182 181/606/181
f 532/607/710 536/613/716 535/611/717 531/605/711
f 533/608/712 537/614/718 536/613/716 532/607/710
f 534/609/713 538/615/719 537/614/718 533/608/712
f 86/610/86 87/616/87 538/615/720 534/609/714
f 535/611/715 539/617/721 183/618/183 182/612/182
f 536/613/716 540/619/722 539/617/723 535/611/717
f 537/614/718 541/620/724 540/619/722 536/613/716
f 538/615/719 542/621/725 541/620/724 537/614/718
f 87/616/87 88/622/88 542/621/726 538/615/720
f 539/617/721 543/623/727 184/624/184 183/618/183
f 540/619/722 544/625/728 543/623/729 539/617/723
f 541/620/724 545/626/730 544/625/728 540/619/722
f 542/621/725 546/627/731 545/626/730 541/620/724
f 88/622/88 89/628/89 546/627/732 542/621/726
f 543/623/727 547/629/733 185/630/185 184/624/184
f 544/625/728 548/631/734 547/629/735 543/623/729
f 545/626/730 549/632/736 548/631/734 544/625/728
f 546/627/731 550/633/737 549/632/736 545/626/730
f 89/628/89 90/634/90 550/633/738 546/627/732
f 547/629/733 551/635/739 186/636/186 185/630/185
f 548/631/734 552/637/740 551/635/741 547/629/735
f 549/632/736 553/638/742 552/637/740 548/631/734
f 550/633/737 554/639/743 553/638/742 549/632/736
f 90/634/90 91/640/91 554/639/744 550/633/738
f 551/635/739 555/641/745 187/642/187 186/636/186
f 552/637/740 556/643/746 555/641/747 551/635/741
f 553/638/742 557/644/748 556/643/746 552/637/740
f 554/639/743 558/645/749 557/644/748 553/638/742
f 91/640/91 92/646/92 558/645/750 554/639/744
f 555/641/745 559/647/751 188/648/189 187/642/187
f 556/643/746 560/649/752 559/647/753 555/641/747
f 557/644/748 561/650/754 560/649/752 556/643/746
f 558/645/749 562/651/755 561/650/754 557/644/748
f 92/646/92 93/652/94 562/651/756 558/645/750
f 559/647/751 563/653/757 189/654/190 188/648/189
f 560/649/752 564/655/758 563/653/759 559/647/753
f 561/650/754 565/656/760 564/655/758 560/649/752
f 562/651/755 566/657/761 565/656/760 561/650/754
f 93/652/94 94/658/95 566/657/762 562/651/756
f 563/653/757 567/659/763 190/660/188 189/654/190
f 564/655/758 568/661/764 567/659/765 563/653/759
f 565/656/760 569/662/766 568/661/764 564/655/758
f 566/657/761 570/663/767 569/662/766 565/656/760
f 94/658/95 95/664/93 570/663/768 566/657/762
f 567/659/763 191/665/191 96/93/143 190/660/188
f 568/661/764 192/666/769 191/665/770 567/659/765
f 569/662/766 193/667/771 192/666/769 568/661/764
f 570/663/767 194/668/772 193/667/771 569/662/766
f 95/664/93 1/669/48 194/668/200 570/663/768
o Butt_pad
v -0.258205 0.048718 0.025000
v -0.259751 0.053546 0.025000
v -0.261609 0.057746 0.025000
v -0.263592 0.061695 0.025000
v -0.265513 0.065769 0.025000
v -0.250410 0.072103 0.025000
v -0.250410 -0.079897 0.025000
v -0.264051 -0.069179 0.025000
v -0.262534 -0.063069 0.025000
v -0.260979 -0.057108 0.025000
v -0.259499 -0.050849 0.025000
v -0.258205 -0.043846 0.025000
v -0.256355 -0.030962 0.025000
v -0.255132 -0.019571 0.025000
v -0.254471 -0.008138 0.025000
v -0.254308 0.004872 0.025000
v -0.254358 0.016629 0.025000
v -0.254711 0.026990 0.025000
v -0.255836 0.037253 0.025000
v -0.258205 0.048718 -0.025000
v -0.259751 0.053546 -0.025000
v -0.261609 0.057746 -0.025000
v -0.263592 0.061695 -0.025000
v -0.265513 0.065769 -0.025000
v -0.250410 0.072103 -0.025000
v -0.250410 -0.079897 -0.025000
v -0.264051 -0.069179 -0.025000
v -0.262534 -0.063069 -0.025000
v -0.260979 -0.057108 -0.025000
v -0.259499 -0.050849 -0.025000
v -0.258205 -0.043846 -0.025000
v -0.256355 -0.030962 -0.025000
v -0.255132 -0.019571 -0.025000
v -0.254471 -0.008138 -0.025000
v -0.254308 0.004872 -0.025000
v -0.254358 0.016629 -0.025000
v -0.254711 0.026990 -0.025000
v -0.255836 0.037253 -0.025000
v -0.260945 0.047999 -0.023828
v -0.262079 0.047701 -0.021000
v -0.262079 0.047701 0.021000
v -0.260945 0.047999 0.023828
v -0.262398 0.052540 -0.023828
v -0.263495 0.052123 -0.021000
v -0.263495 0.052123 0.021000
v -0.262398 0.052540 0.023828
v -0.264168 0.056538 -0.023828
v -0.265227 0.056038 -0.021000
v -0.265227 0.056038 0.021000
v -0.264168 0.056538 0.023828
v -0.266136 0.060457 -0.023828
v -0.267189 0.059944 -0.021000
v -0.267189 0.059944 0.021000
v -0.266136 0.060457 0.023828
v -0.269331 0.067235 -0.023828
v -0.270912 0.067842 -0.021000
v -0.270912 0.067842 0.021000
v -0.269331 0.067235 0.023828
v -0.247582 0.076356 -0.023828
v -0.246410 0.078117 -0.021000
v -0.246410 0.078117 0.021000
v -0.247582 0.076356 0.023828
v -0.247582 -0.085717 -0.023828
v -0.246410 -0.088127 -0.021000
v -0.246410 -0.088127 0.021000
v -0.247582 -0.085717 0.023828
v -0.267237 -0.070273 -0.023828
v -0.268557 -0.070726 -0.021000
v -0.268557 -0.070726 0.021000
v -0.267237 -0.070273 0.023828
v -0.265275 -0.062371 -0.023828
v -0.266410 -0.062082 -0.021000
v -0.266410 -0.062082 0.021000
v -0.265275 -0.062371 0.023828
v -0.263724 -0.056425 -0.023828
v -0.264861 -0.056143 -0.021000
v -0.264861 -0.056143 0.021000
v -0.263724 -0.056425 0.023828
v -0.262267 -0.050266 -0.023828
v -0.263414 -0.050025 -0.021000
v -0.263414 -0.050025 0.021000
v -0.262267 -0.050266 0.023828
v -0.260997 -0.043388 -0.023828
v -0.262153 -0.043198 -0.021000
v -0.262153 -0.043198 0.021000
v -0.260997 -0.043388 0.023828
v -0.259162 -0.030610 -0.023828
v -0.260325 -0.030464 -0.021000
v -0.260325 -0.030464 0.021000
v -0.259162 -0.030610 0.023828
v -0.257952 -0.019338 -0.023828
v -0.259120 -0.019242 -0.021000
v -0.259120 -0.019242 0.021000
v -0.257952 -0.019338 0.023828
v -0.257299 -0.008039 -0.023828
v -0.258470 -0.007998 -0.021000
v -0.258470 -0.007998 0.021000
v -0.257299 -0.008039 0.023828
v -0.257136 0.004883 -0.023828
v -0.258308 0.004888 -0.021000
v -0.258308 0.004888 0.021000
v -0.257136 0.004883 0.023828
v -0.257187 0.016575 -0.023828
v -0.258358 0.016553 -0.021000
v -0.258358 0.016553 0.021000
v -0.257187 0.016575 0.023828
v -0.257534 0.026788 -0.023828
v -0.258703 0.026704 -0.021000
v -0.258703 0.026704 0.021000
v -0.257534 0.026788 0.023828
v -0.258633 0.036812 -0.023828
v -0.259791 0.036629 -0.021000
v -0.259791 0.036629 0.021000
v -0.258633 0.036812 0.023828
vn -0.1933 0.0742 0.9783
vn -0.1737 -0.0820 0.9814
vn 0.0998 0.1500 0.9836
vn -0.1762 -0.0670 0.9821
vn -0.1823 -0.0479 0.9821
vn -0.1869 -0.0295 0.9819
vn -0.1900 -0.0136 0.9817
vn 0.0661 -0.1359 0.9885
vn -0.1767 -0.0860 0.9805
vn -0.1933 -0.0037 0.9811
vn -0.1941 0.0008 0.9810
vn -0.1922 0.0068 0.9813
vn -0.1914 0.0158 0.9814
vn -0.1914 0.0240 0.9812
vn -0.1901 0.0312 0.9813
vn -0.1880 0.0396 0.9814
vn -0.1880 0.0467 0.9811
vn -0.1897 0.0483 0.9806
vn -0.2121 -0.0728 0.9745
vn -0.1933 0.0742 -0.9783
vn 0.0998 0.1500 -0.9836
vn -0.1737 -0.0820 -0.9814
vn -0.1762 -0.0670 -0.9821
vn -0.1823 -0.0479 -0.9821
vn -0.1869 -0.0295 -0.9819
vn -0.1900 -0.0136 -0.9817
vn 0.0661 -0.1359 -0.9885
vn -0.1767 -0.0860 -0.9805
vn -0.1933 -0.0037 -0.9811
vn -0.1941 0.0008 -0.9810
vn -0.1922 0.0068 -0.9813
vn -0.1914 0.0158 -0.9814
vn -0.1914 0.0240 -0.9812
vn -0.1901 0.0312 -0.9813
vn -0.1880 0.0396 -0.9814
vn -0.1880 0.0467 -0.9811
vn -0.1897 0.0483 -0.9806
vn -0.2121 -0.0728 -0.9745
vn -0.3697 -0.0971 -0.9241
vn -0.3573 -0.1358 -0.9241
vn -0.9483 -0.2490 -0.1966
vn -0.9165 -0.3483 -0.1966
vn -0.8634 -0.3281 -0.3831
vn -0.8934 -0.2346 -0.3831
vn -0.9483 -0.2490 0.1966
vn -0.9165 -0.3483 0.1966
vn -0.8934 -0.2346 0.3831
vn -0.8634 -0.3281 0.3831
vn -0.3573 -0.1358 0.9241
vn -0.3697 -0.0971 0.9241
vn -0.3460 -0.1633 -0.9239
vn -0.8868 -0.4186 -0.1957
vn -0.8355 -0.3943 -0.3828
vn -0.8868 -0.4186 0.1957
vn -0.8355 -0.3943 0.3828
vn -0.3460 -0.1633 0.9239
vn -0.3441 -0.1675 -0.9239
vn -0.8819 -0.4292 -0.1948
vn -0.8307 -0.4043 -0.3827
vn -0.8819 -0.4292 0.1948
vn -0.8307 -0.4043 0.3827
vn -0.3441 -0.1675 0.9239
vn -0.2571 0.0987 -0.9613
vn -0.8917 -0.4203 -0.1682
vn -0.8357 -0.3939 -0.3827
vn -0.8917 -0.4203 0.1682
vn -0.8357 -0.3939 0.3827
vn -0.2571 0.0987 0.9613
vn -0.1480 0.3529 -0.9239
vn -0.3812 0.9091 -0.1682
vn -0.3820 0.9109 -0.1561
vn -0.3573 0.8520 -0.3827
vn -0.3812 0.9091 0.1682
vn -0.3820 0.9109 0.1561
vn -0.3573 0.8520 0.3827
vn -0.1480 0.3529 0.9239
vn 0.3827 -0.0000 -0.9239
vn 0.9877 -0.0000 -0.1561
vn 0.9898 -0.0000 -0.1423
vn 0.9239 -0.0000 -0.3827
vn 0.9877 -0.0000 0.1561
vn 0.9898 -0.0000 0.1423
vn 0.9239 -0.0000 0.3827
vn 0.3827 -0.0000 0.9239
vn -0.2364 -0.3009 -0.9239
vn -0.3107 -0.1067 -0.9445
vn -0.6115 -0.7783 -0.1423
vn -0.6079 -0.7737 -0.1787
vn -0.5708 -0.7265 -0.3827
vn -0.6115 -0.7783 0.1423
vn -0.6079 -0.7737 0.1787
vn -0.5708 -0.7265 0.3827
vn -0.3107 -0.1067 0.9445
vn -0.2364 -0.3009 0.9239
vn -0.3708 0.0944 -0.9239
vn -0.9549 0.2372 -0.1787
vn -0.9505 0.2420 -0.1950
vn -0.8953 0.2279 -0.3827
vn -0.8966 0.2227 -0.3827
vn -0.9549 0.2372 0.1787
vn -0.9505 0.2420 0.1950
vn -0.8966 0.2227 0.3827
vn -0.8953 0.2279 0.3827
vn -0.3708 0.0944 0.9239
vn -0.3714 0.0923 -0.9239
vn -0.9518 0.2366 -0.1954
vn -0.8966 0.2229 -0.3827
vn -0.9518 0.2366 0.1954
vn -0.8966 0.2229 0.3827
vn -0.3714 0.0923 0.9239
vn -0.3744 0.0788 -0.9239
vn -0.9596 0.2020 -0.1957
vn -0.9040 0.1903 -0.3828
vn -0.9596 0.2020 0.1957
vn -0.9040 0.1903 0.3828
vn -0.3744 0.0788 0.9239
vn -0.3776 0.0620 -0.9239
vn -0.9677 0.1588 -0.1956
vn -0.9117 0.1496 -0.3827
vn -0.9677 0.1588 0.1956
vn -0.9117 0.1496 0.3827
vn -0.3776 0.0620 0.9239
vn -0.3797 0.0476 -0.9239
vn -0.9731 0.1221 -0.1955
vn -0.9167 0.1150 -0.3827
vn -0.9731 0.1221 0.1955
vn -0.9167 0.1150 0.3827
vn -0.3797 0.0476 0.9239
vn -0.3813 0.0315 -0.9239
vn -0.9773 0.0807 -0.1957
vn -0.9207 0.0760 -0.3828
vn -0.9773 0.0807 0.1957
vn -0.9207 0.0760 0.3828
vn -0.3813 0.0315 0.9239
vn -0.3824 0.0134 -0.9239
vn -0.9801 0.0345 -0.1957
vn -0.9233 0.0325 -0.3828
vn -0.9801 0.0345 0.1957
vn -0.9233 0.0325 0.3828
vn -0.3824 0.0134 0.9239
vn -0.3827 0.0016 -0.9239
vn -0.9807 0.0041 -0.1953
vn -0.9239 0.0038 -0.3827
vn -0.9807 0.0041 0.1953
vn -0.9239 0.0038 0.3827
vn -0.3827 0.0016 0.9239
vn -0.3826 -0.0073 -0.9239
vn -0.9805 -0.0188 -0.1955
vn -0.9237 -0.0177 -0.3827
vn -0.9805 -0.0188 0.1955
vn -0.9237 -0.0177 0.3827
vn -0.3826 -0.0073 0.9239
vn -0.3815 -0.0274 -0.9240
vn -0.9781 -0.0701 -0.1961
vn -0.9214 -0.0661 -0.3829
vn -0.9781 -0.0701 0.1961
vn -0.9214 -0.0661 0.3829
vn -0.3815 -0.0274 0.9240
vn -0.3776 -0.0596 -0.9240
vn -0.9685 -0.1528 -0.1964
vn -0.9124 -0.1440 -0.3831
vn -0.9685 -0.1528 0.1964
vn -0.9124 -0.1440 0.3831
vn -0.3776 -0.0596 0.9240
vt 0.222222 0.000000
vt 0.111111 0.000000
vt 0.277778 0.000000
vt 0.055556 0.000000
vt 0.000000 0.000000
vt 1.000000 0.000000
vt 0.944444 0.000000
vt 0.333333 0.000000
vt 0.166667 0.000000
vt 0.888889 0.000000
vt 0.833333 0.000000
vt 0.777778 0.000000
vt 0.722222 0.000000
vt 0.666667 0.000000
vt 0.611111 0.000000
vt 0.555556 0.000000
vt 0.500000 0.000000
vt 0.444444 0.000000
vt 0.388889 0.000000
vt 0.000000 0.200000
vt 0.052632 0.200000
vt 0.052632 0.000000
vt 0.000000 0.400000
vt 0.052632 0.400000
vt 0.000000 0.600000
vt 0.052632 0.600000
vt 0.000000 0.800000
vt 0.052632 0.800000
vt 0.000000 1.000000
vt 0.052632 1.000000
vt 0.105263 0.200000
vt 0.105263 0.000000
vt 0.105263 0.400000
vt 0.105263 0.600000
vt 0.105263 0.800000
vt 0.105263 1.000000
vt 0.157895 0.200000
vt 0.157895 0.000000
vt 0.157895 0.400000
vt 0.157895 0.600000
vt 0.157895 0.800000
vt 0.157895 1.000000
vt 0.210526 0.200000
vt 0.210526 0.000000
vt 0.210526 0.400000
vt 0.210526 0.600000
vt 0.210526 0.800000
vt 0.210526 1.000000
vt 0.263158 0.200000
vt 0.263158 0.000000
vt 0.263158 0.400000
vt 0.263158 0.600000
vt 0.263158 0.800000
vt 0.263158 1.000000
vt 0.315789 0.200000
vt 0.315789 0.000000
vt 0.315789 0.400000
vt 0.315789 0.600000
vt 0.315789 0.800000
vt 0.315789 1.000000
vt 0.368421 0.200000
vt 0.368421 0.000000
vt 0.368421 0.400000
vt 0.368421 0.600000
vt 0.368421 0.800000
vt 0.368421 1.000000
vt 0.421053 0.200000
vt 0.421053 0.000000
vt 0.421053 0.400000
vt 0.421053 0.600000
vt 0.421053 0.800000
vt 0.421053 1.000000
vt 0.473684 0.200000
vt 0.473684 0.000000
vt 0.473684 0.400000
vt 0.473684 0.600000
vt 0.473684 0.800000
vt 0.473684 1.000000
vt 0.526316 0.200000
vt 0.526316 0.000000
vt 0.526316 0.400000
vt 0.526316 0.600000
vt 0.526316 0.800000
vt 0.526316 1.000000
vt 0.578947 0.200000
vt 0.578947 0.000000
vt 0.578947 0.400000
vt 0.578947 0.600000
vt 0.578947 0.800000
vt 0.578947 1.000000
vt 0.631579 0.200000
vt 0.631579 0.000000
vt 0.631579 0.400000
vt 0.631579 0.600000
vt 0.631579 0.800000
vt 0.631579 1.000000
vt 0.684211 0.200000
vt 0.684211 0.000000
vt 0.684211 0.400000
vt 0.684211 0.600000
vt 0.684211 0.800000
vt 0.684211 1.000000
vt 0.736842 0.200000
vt 0.736842 0.000000
vt 0.736842 0.400000
vt 0.736842 0.600000
vt 0.736842 0.800000
vt 0.736842 1.000000
vt 0.789474 0.200000
vt 0.789474 0.000000
vt 0.789474 0.400000
vt 0.789474 0.600000
vt 0.789474 0.800000
vt 0.789474 1.000000
vt 0.842105 0.200000
vt 0.842105 0.000000
vt 0.842105 0.400000
vt 0.842105 0.600000
vt 0.842105 0.800000
vt 0.842105 1.000000
vt 0.894737 0.200000
vt 0.894737 0.000000
vt 0.894737 0.400000
vt 0.894737 0.600000
vt 0.894737 0.800000
vt 0.894737 1.000000
vt 0.947368 0.200000
vt 0.947368 0.000000
vt 0.947368 0.400000
vt 0.947368 0.600000
vt 0.947368 0.800000
vt 0.947368 1.000000
vt 1.000000 0.200000
vt 1.000000 0.400000
vt 1.000000 0.600000
vt 1.000000 0.800000
vt 1.000000 1.000000
s 1
usemtl Copper_|_burnished_trim
f 575/670/773 573/671/774 576/672/775
f 573/671/774 572/673/776 576/672/775
f 572/673/776 571/674/777 576/672/775
f 571/674/777 589/675/778 576/672/775
f 589/675/778 588/676/779 576/672/775
f 588/676/779 577/677/780 576/672/775
f 574/678/781 573/671/774 575/670/773
f 587/679/782 577/677/780 588/676/779
f 586/680/783 577/677/780 587/679/782
f 585/681/784 577/677/780 586/680/783
f 584/682/785 577/677/780 585/681/784
f 583/683/786 577/677/780 584/682/785
f 582/684/787 577/677/780 583/683/786
f 581/685/788 577/677/780 582/684/787
f 580/686/789 577/677/780 581/685/788
f 579/687/790 577/677/780 580/686/789
f 578/688/791 577/677/780 579/687/790
f 594/670/792 595/672/793 592/671/794
f 592/671/794 595/672/793 591/673/795
f 591/673/795 595/672/793 590/674/796
f 590/674/796 595/672/793 608/675/797
f 608/675/797 595/672/793 607/676/798
f 607/676/798 595/672/793 596/677/799
f 593/678/800 594/670/792 592/671/794
f 606/679/801 607/676/798 596/677/799
f 605/680/802 606/679/801 596/677/799
f 604/681/803 605/680/802 596/677/799
f 603/682/804 604/681/803 596/677/799
f 602/683/805 603/682/804 596/677/799
f 601/684/806 602/683/805 596/677/799
f 600/685/807 601/684/806 596/677/799
f 599/686/808 600/685/807 596/677/799
f 598/687/809 599/686/808 596/677/799
f 597/688/810 598/687/809 596/677/799
f 609/689/811 613/690/812 591/691/795 590/674/796
f 610/692/813 614/693/814 613/690/815 609/689/816
f 611/694/817 615/695/818 614/693/814 610/692/813
f 612/696/819 616/697/820 615/695/818 611/694/817
f 571/698/777 572/699/776 616/697/821 612/696/822
f 613/690/812 617/700/823 592/701/794 591/691/795
f 614/693/814 618/702/824 617/700/825 613/690/815
f 615/695/818 619/703/826 618/702/824 614/693/814
f 616/697/820 620/704/827 619/703/826 615/695/818
f 572/699/776 573/705/774 620/704/828 616/697/821
f 617/700/823 621/706/829 593/707/800 592/701/794
f 618/702/824 622/708/830 621/706/831 617/700/825
f 619/703/826 623/709/832 622/708/830 618/702/824
f 620/704/827 624/710/833 623/709/832 619/703/826
f 573/705/774 574/711/781 624/710/834 620/704/828
f 621/706/829 625/712/835 594/713/792 593/707/800
f 622/708/830 626/714/836 625/712/837 621/706/831
f 623/709/832 627/715/838 626/714/836 622/708/830
f 624/710/833 628/716/839 627/715/838 623/709/832
f 574/711/781 575/717/773 628/716/840 624/710/834
f 625/712/835 629/718/841 595/719/793 594/713/792
f 626/714/842 630/720/843 629/718/844 625/712/844
f 627/715/845 631/721/846 630/720/843 626/714/842
f 628/716/847 632/722/847 631/721/846 627/715/845
f 575/717/773 576/723/775 632/722/848 628/716/840
f 629/718/849 633/724/849 596/725/799 595/719/793
f 630/720/850 634/726/851 633/724/852 629/718/852
f 631/721/853 635/727/854 634/726/851 630/720/850
f 632/722/855 636/728/855 635/727/854 631/721/853
f 576/723/775 577/729/780 636/728/856 632/722/856
f 633/724/857 637/730/858 597/731/810 596/725/799
f 634/726/859 638/732/860 637/730/861 633/724/861
f 635/727/862 639/733/863 638/732/860 634/726/859
f 636/728/864 640/734/864 639/733/863 635/727/862
f 577/729/780 578/735/791 640/734/865 636/728/866
f 637/730/858 641/736/867 598/737/809 597/731/810
f 638/732/868 642/738/869 641/736/870 637/730/871
f 639/733/872 643/739/873 642/738/869 638/732/868
f 640/734/874 644/740/875 643/739/873 639/733/872
f 578/735/791 579/741/790 644/740/876 640/734/865
f 641/736/867 645/742/877 599/743/808 598/737/809
f 642/738/869 646/744/878 645/742/879 641/736/870
f 643/739/873 647/745/880 646/744/878 642/738/869
f 644/740/875 648/746/881 647/745/880 643/739/873
f 579/741/790 580/747/789 648/746/882 644/740/876
f 645/742/877 649/748/883 600/749/807 599/743/808
f 646/744/878 650/750/884 649/748/885 645/742/879
f 647/745/880 651/751/886 650/750/884 646/744/878
f 648/746/881 652/752/887 651/751/886 647/745/880
f 580/747/789 581/753/788 652/752/888 648/746/882
f 649/748/883 653/754/889 601/755/806 600/749/807
f 650/750/884 654/756/890 653/754/891 649/748/885
f 651/751/886 655/757/892 654/756/890 650/750/884
f 652/752/887 656/758/893 655/757/892 651/751/886
f 581/753/788 582/759/787 656/758/894 652/752/888
f 653/754/889 657/760/895 602/761/805 601/755/806
f 654/756/890 658/762/896 657/760/897 653/754/891
f 655/757/892 659/763/898 658/762/896 654/756/890
f 656/758/893 660/764/899 659/763/898 655/757/892
f 582/759/787 583/765/786 660/764/900 656/758/894
f 657/760/895 661/766/901 603/767/804 602/761/805
f 658/762/896 662/768/902 661/766/903 657/760/897
f 659/763/898 663/769/904 662/768/902 658/762/896
f 660/764/899 664/770/905 663/769/904 659/763/898
f 583/765/786 584/771/785 664/770/906 660/764/900
f 661/766/901 665/772/907 604/773/803 603/767/804
f 662/768/902 666/774/908 665/772/909 661/766/903
f 663/769/904 667/775/910 666/774/908 662/768/902
f 664/770/905 668/776/911 667/775/910 663/769/904
f 584/771/785 585/777/784 668/776/912 664/770/906
f 665/772/907 669/778/913 605/779/802 604/773/803
f 666/774/908 670/780/914 669/778/915 665/772/909
f 667/775/910 671/781/916 670/780/914 666/774/908
f 668/776/911 672/782/917 671/781/916 667/775/910
f 585/777/784 586/783/783 672/782/918 668/776/912
f 669/778/913 673/784/919 606/785/801 605/779/802
f 670/780/914 674/786/920 673/784/921 669/778/915
f 671/781/916 675/787/922 674/786/920 670/780/914
f 672/782/917 676/788/923 675/787/922 671/781/916
f 586/783/783 587/789/782 676/788/924 672/782/918
f 673/784/919 677/790/925 607/791/798 606/785/801
f 674/786/920 678/792/926 677/790/927 673/784/921
f 675/787/922 679/793/928 678/792/926 674/786/920
f 676/788/923 680/794/929 679/793/928 675/787/922
f 587/789/782 588/795/779 680/794/930 676/788/924
f 677/790/925 681/796/931 608/797/797 607/791/798
f 678/792/926 682/798/932 681/796/933 677/790/927
f 679/793/928 683/799/934 682/798/932 678/792/926
f 680/794/929 684/800/935 683/799/934 679/793/928
f 588/795/779 589/801/778 684/800/936 680/794/930
f 681/796/931 609/802/811 590/675/796 608/797/797
f 682/798/932 610/803/813 609/802/816 681/796/933
f 683/799/934 611/804/817 610/803/813 682/798/932
f 684/800/935 612/805/819 611/804/817 683/799/934
f 589/801/778 571/806/777 612/805/822 684/800/936
o Grip
v -0.029231 -0.014615 0.018000
v -0.025225 -0.006604 0.018000
v -0.021610 0.000626 0.018000
v -0.018152 0.007542 0.018000
v -0.014615 0.014615 0.018000
v 0.043846 0.014615 0.018000
v 0.042790 0.011027 0.018000
v 0.041842 0.007482 0.018000
v 0.040678 0.003850 0.018000
v 0.038974 0.000000 0.018000
v 0.036667 -0.003675 0.018000
v 0.034221 -0.006643 0.018000
v 0.031716 -0.009578 0.018000
v 0.029231 -0.013154 0.018000
v 0.026181 -0.018500 0.018000
v 0.023744 -0.023342 0.018000
v 0.021614 -0.028326 0.018000
v 0.019487 -0.034103 0.018000
v 0.017282 -0.040431 0.018000
v 0.015534 -0.046082 0.018000
v 0.014301 -0.051833 0.018000
v 0.013641 -0.058462 0.018000
v 0.013553 -0.065033 0.018000
v 0.014036 -0.070821 0.018000
v 0.015175 -0.076519 0.018000
v 0.017051 -0.082821 0.018000
v 0.018215 -0.085624 0.018000
v 0.019575 -0.088019 0.018000
v 0.021012 -0.090251 0.018000
v 0.022410 -0.092564 0.018000
v 0.009744 -0.096462 0.018000
v -0.058462 -0.065282 0.018000
v -0.054844 -0.060146 0.018000
v -0.051251 -0.055160 0.018000
v -0.047609 -0.049875 0.018000
v -0.043846 -0.043846 0.018000
v -0.039639 -0.036242 0.018000
v -0.036255 -0.029385 0.018000
v -0.033013 -0.022450 0.018000
v -0.029231 -0.014615 -0.018000
v -0.025225 -0.006604 -0.018000
v -0.021610 0.000626 -0.018000
v -0.018152 0.007542 -0.018000
v -0.014615 0.014615 -0.018000
v 0.043846 0.014615 -0.018000
v 0.042790 0.011027 -0.018000
v 0.041842 0.007482 -0.018000
v 0.040678 0.003850 -0.018000
v 0.038974 -0.000000 -0.018000
v 0.036667 -0.003675 -0.018000
v 0.034221 -0.006643 -0.018000
v 0.031716 -0.009578 -0.018000
v 0.029231 -0.013154 -0.018000
v 0.026181 -0.018500 -0.018000
v 0.023744 -0.023342 -0.018000
v 0.021614 -0.028326 -0.018000
v 0.019487 -0.034103 -0.018000
v 0.017282 -0.040431 -0.018000
v 0.015534 -0.046082 -0.018000
v 0.014301 -0.051833 -0.018000
v 0.013641 -0.058462 -0.018000
v 0.013553 -0.065033 -0.018000
v 0.014036 -0.070821 -0.018000
v 0.015175 -0.076519 -0.018000
v 0.017051 -0.082821 -0.018000
v 0.018215 -0.085624 -0.018000
v 0.019575 -0.088019 -0.018000
v 0.021012 -0.090251 -0.018000
v 0.022410 -0.092564 -0.018000
v 0.009744 -0.096462 -0.018000
v -0.058462 -0.065282 -0.018000
v -0.054844 -0.060146 -0.018000
v -0.051251 -0.055160 -0.018000
v -0.047609 -0.049875 -0.018000
v -0.043846 -0.043846 -0.018000
v -0.039639 -0.036242 -0.018000
v -0.036255 -0.029385 -0.018000
v -0.033013 -0.022450 -0.018000
v -0.031769 -0.013368 -0.016828
v -0.032821 -0.012851 -0.014000
v -0.032821 -0.012851 0.014000
v -0.031769 -0.013368 0.016828
v -0.027755 -0.005339 -0.016828
v -0.028803 -0.004815 -0.014000
v -0.028803 -0.004815 0.014000
v -0.027755 -0.005339 0.016828
v -0.024140 0.001891 -0.016828
v -0.025188 0.002415 -0.014000
v -0.025188 0.002415 0.014000
v -0.024140 0.001891 0.016828
v -0.020682 0.008807 -0.016828
v -0.021730 0.009331 -0.014000
v -0.021730 0.009331 0.014000
v -0.020682 0.008807 0.016828
v -0.016363 0.017444 -0.016828
v -0.017088 0.018615 -0.014000
v -0.017088 0.018615 0.014000
v -0.016363 0.017444 0.016828
v 0.047627 0.017444 -0.016828
v 0.049193 0.018615 -0.014000
v 0.049193 0.018615 0.014000
v 0.047627 0.017444 0.016828
v 0.045513 0.010262 -0.016828
v 0.046642 0.009945 -0.014000
v 0.046642 0.009945 0.014000
v 0.045513 0.010262 0.016828
v 0.044557 0.006684 -0.016828
v 0.045681 0.006354 -0.014000
v 0.045681 0.006354 0.014000
v 0.044557 0.006684 0.016828
v 0.043326 0.002843 -0.016828
v 0.044422 0.002426 -0.014000
v 0.044422 0.002426 0.014000
v 0.043326 0.002843 0.016828
v 0.041478 -0.001331 -0.016828
v 0.042515 -0.001883 -0.014000
v 0.042515 -0.001883 0.014000
v 0.041478 -0.001331 0.016828
v 0.038966 -0.005333 -0.016828
v 0.039918 -0.006020 -0.014000
v 0.039918 -0.006020 0.014000
v 0.038966 -0.005333 0.016828
v 0.036389 -0.008461 -0.016828
v 0.037287 -0.009213 -0.014000
v 0.037287 -0.009213 0.014000
v 0.036389 -0.008461 0.016828
v 0.033959 -0.011308 -0.016828
v 0.034888 -0.012024 -0.014000
v 0.034888 -0.012024 0.014000
v 0.033959 -0.011308 0.016828
v 0.031625 -0.014665 -0.016828
v 0.032617 -0.015291 -0.014000
v 0.032617 -0.015291 0.014000
v 0.031625 -0.014665 0.016828
v 0.028674 -0.019838 -0.016828
v 0.029707 -0.020392 -0.014000
v 0.029707 -0.020392 0.014000
v 0.028674 -0.019838 0.016828
v 0.026310 -0.024534 -0.016828
v 0.027373 -0.025028 -0.014000
v 0.027373 -0.025028 0.014000
v 0.026310 -0.024534 0.016828
v 0.024243 -0.029371 -0.016828
v 0.025332 -0.029804 -0.014000
v 0.025332 -0.029804 0.014000
v 0.024243 -0.029371 0.016828
v 0.022150 -0.035057 -0.016828
v 0.023253 -0.035452 -0.014000
v 0.023253 -0.035452 0.014000
v 0.022150 -0.035057 0.016828
v 0.019969 -0.041315 -0.016828
v 0.021082 -0.041681 -0.014000
v 0.021082 -0.041681 0.014000
v 0.019969 -0.041315 0.016828
v 0.018273 -0.046798 -0.016828
v 0.019407 -0.047094 -0.014000
v 0.019407 -0.047094 0.014000
v 0.018273 -0.046798 0.016828
v 0.017099 -0.052271 -0.016828
v 0.018259 -0.052452 -0.014000
v 0.018259 -0.052452 0.014000
v 0.017099 -0.052271 0.016828
v 0.016468 -0.058621 -0.016828
v 0.017638 -0.058687 -0.014000
v 0.017638 -0.058687 0.014000
v 0.016468 -0.058621 0.016828
v 0.016383 -0.064934 -0.016828
v 0.017555 -0.064893 -0.014000
v 0.017555 -0.064893 0.014000
v 0.016383 -0.064934 0.016828
v 0.016842 -0.070424 -0.016828
v 0.018004 -0.070260 -0.014000
v 0.018004 -0.070260 0.014000
v 0.016842 -0.070424 0.016828
v 0.017923 -0.075837 -0.016828
v 0.019062 -0.075554 -0.014000
v 0.019062 -0.075554 0.014000
v 0.017923 -0.075837 0.016828
v 0.019720 -0.081872 -0.016828
v 0.020826 -0.081479 -0.014000
v 0.020826 -0.081479 0.014000
v 0.019720 -0.081872 0.016828
v 0.020761 -0.084379 -0.016828
v 0.021815 -0.083864 -0.014000
v 0.021815 -0.083864 0.014000
v 0.020761 -0.084379 0.016828
v 0.021995 -0.086554 -0.016828
v 0.022998 -0.085947 -0.014000
v 0.022998 -0.085947 0.014000
v 0.021995 -0.086554 0.016828
v 0.023412 -0.088753 -0.016828
v 0.024406 -0.088133 -0.014000
v 0.024406 -0.088133 0.014000
v 0.023412 -0.088753 0.016828
v 0.026705 -0.094202 -0.016828
v 0.028484 -0.094880 -0.014000
v 0.028484 -0.094880 0.014000
v 0.026705 -0.094202 0.016828
v 0.009547 -0.099481 -0.016828
v 0.009465 -0.100732 -0.014000
v 0.009465 -0.100732 0.014000
v 0.009547 -0.099481 0.016828
v -0.062736 -0.066438 -0.016828
v -0.064506 -0.066917 -0.014000
v -0.064506 -0.066917 0.014000
v -0.062736 -0.066438 0.016828
v -0.057148 -0.058505 -0.016828
v -0.058102 -0.057825 -0.014000
v -0.058102 -0.057825 0.014000
v -0.057148 -0.058505 0.016828
v -0.053563 -0.053530 -0.016828
v -0.054520 -0.052855 -0.014000
v -0.054520 -0.052855 0.014000
v -0.053563 -0.053530 0.016828
v -0.049974 -0.048323 -0.016828
v -0.050954 -0.047681 -0.014000
v -0.050954 -0.047681 0.014000
v -0.049974 -0.048323 0.016828
v -0.046285 -0.042412 -0.016828
v -0.047295 -0.041818 -0.014000
v -0.047295 -0.041818 0.014000
v -0.046285 -0.042412 0.016828
v -0.042146 -0.034931 -0.016828
v -0.043184 -0.034388 -0.014000
v -0.043184 -0.034388 0.014000
v -0.042146 -0.034931 0.016828
v -0.038805 -0.028160 -0.016828
v -0.039861 -0.027652 -0.014000
v -0.039861 -0.027652 0.014000
v -0.038805 -0.028160 0.016828
v -0.035568 -0.021236 -0.016828
v -0.036626 -0.020733 -0.014000
v -0.036626 -0.020733 0.014000
v -0.035568 -0.021236 0.016828
vn -0.1745 0.0872 0.9808
vn 0.1521 0.1138 0.9818
vn -0.1182 0.1913 0.9744
vn 0.1864 -0.0523 0.9811
vn 0.1899 -0.0558 0.9802
vn 0.1880 -0.0715 0.9796
vn 0.1794 -0.0954 0.9791
vn 0.1641 -0.1184 0.9793
vn 0.1503 -0.1260 0.9806
vn -0.1758 0.0864 0.9806
vn 0.1496 -0.1154 0.9820
vn 0.1603 -0.1012 0.9819
vn 0.1691 -0.0907 0.9814
vn -0.1769 0.0840 0.9806
vn 0.1734 -0.0806 0.9815
vn -0.1747 0.0839 0.9810
vn 0.1784 -0.0709 0.9814
vn 0.1827 -0.0655 0.9810
vn -0.1703 0.0891 0.9813
vn 0.1833 -0.0603 0.9812
vn -0.1654 0.0973 0.9814
vn 0.1834 -0.0479 0.9819
vn -0.1608 0.1055 0.9813
vn 0.1859 -0.0291 0.9821
vn -0.1584 0.1117 0.9810
vn 0.1895 -0.0107 0.9818
vn -0.1594 0.1136 0.9807
vn 0.1890 0.0066 0.9820
vn -0.1909 -0.0516 0.9802
vn 0.1862 0.0263 0.9822
vn -0.0146 -0.2235 0.9746
vn 0.1838 0.0456 0.9819
vn 0.1777 0.0632 0.9820
vn 0.1684 0.0823 0.9823
vn 0.1640 0.0992 0.9815
vn 0.1669 0.1042 0.9804
vn 0.1806 -0.0689 0.9811
vn -0.1745 0.0872 -0.9808
vn -0.1182 0.1913 -0.9744
vn 0.1521 0.1138 -0.9818
vn 0.1864 -0.0523 -0.9811
vn 0.1899 -0.0558 -0.9802
vn 0.1880 -0.0715 -0.9796
vn 0.1794 -0.0954 -0.9791
vn 0.1641 -0.1184 -0.9793
vn 0.1503 -0.1260 -0.9806
vn -0.1758 0.0864 -0.9806
vn 0.1496 -0.1154 -0.9820
vn 0.1603 -0.1012 -0.9819
vn 0.1691 -0.0907 -0.9814
vn -0.1769 0.0840 -0.9806
vn 0.1734 -0.0806 -0.9815
vn -0.1747 0.0839 -0.9810
vn 0.1784 -0.0709 -0.9814
vn 0.1827 -0.0655 -0.9810
vn -0.1703 0.0891 -0.9813
vn 0.1833 -0.0603 -0.9812
vn -0.1654 0.0973 -0.9814
vn 0.1834 -0.0479 -0.9819
vn -0.1608 0.1055 -0.9813
vn 0.1859 -0.0291 -0.9821
vn -0.1584 0.1117 -0.9810
vn 0.1895 -0.0107 -0.9818
vn -0.1594 0.1136 -0.9807
vn 0.1890 0.0066 -0.9820
vn -0.1909 -0.0516 -0.9802
vn 0.1862 0.0263 -0.9822
vn -0.0146 -0.2235 -0.9746
vn 0.1838 0.0456 -0.9819
vn 0.1777 0.0632 -0.9820
vn 0.1684 0.0823 -0.9823
vn 0.1640 0.0992 -0.9815
vn 0.1669 0.1042 -0.9804
vn 0.1806 -0.0689 -0.9811
vn -0.3435 0.1688 -0.9239
vn -0.3423 0.1711 -0.9239
vn -0.8803 0.4325 -0.1949
vn -0.8772 0.4386 -0.1951
vn -0.8263 0.4132 -0.3827
vn -0.8292 0.4074 -0.3827
vn -0.8803 0.4325 0.1949
vn -0.8772 0.4386 0.1951
vn -0.8292 0.4074 0.3827
vn -0.8263 0.4132 0.3827
vn -0.3423 0.1711 0.9239
vn -0.3435 0.1688 0.9239
vn -0.1747 0.2827 -0.9432
vn -0.8799 0.4400 -0.1795
vn -0.8799 0.4400 0.1795
vn -0.1747 0.2827 0.9432
vn -0.0000 0.3827 -0.9239
vn -0.0000 0.9838 -0.1795
vn -0.0000 0.9870 -0.1604
vn -0.0000 0.9239 -0.3827
vn -0.0000 0.9838 0.1795
vn -0.0000 0.9870 0.1604
vn -0.0000 0.9239 0.3827
vn -0.0000 0.3827 0.9239
vn 0.3671 -0.1080 -0.9239
vn 0.3684 -0.1034 -0.9239
vn 0.9469 -0.2786 -0.1604
vn 0.9442 -0.2651 -0.1954
vn 0.8895 -0.2498 -0.3827
vn 0.8863 -0.2608 -0.3827
vn 0.9469 -0.2786 0.1604
vn 0.9442 -0.2651 0.1954
vn 0.8863 -0.2608 0.3827
vn 0.8895 -0.2498 0.3827
vn 0.3684 -0.1034 0.9239
vn 0.3671 -0.1080 0.9239
vn 0.3671 -0.1078 -0.9239
vn 0.9411 -0.2765 -0.1946
vn 0.8864 -0.2604 -0.3828
vn 0.9411 -0.2765 0.1946
vn 0.8864 -0.2604 0.3828
vn 0.3671 -0.1078 0.9239
vn 0.3573 -0.1359 -0.9241
vn 0.9169 -0.3487 -0.1941
vn 0.8634 -0.3283 -0.3831
vn 0.9169 -0.3487 0.1941
vn 0.8634 -0.3283 0.3831
vn 0.3573 -0.1359 0.9241
vn 0.3371 -0.1793 -0.9242
vn 0.8662 -0.4605 -0.1938
vn 0.8154 -0.4336 -0.3835
vn 0.8662 -0.4605 0.1938
vn 0.8154 -0.4336 0.3835
vn 0.3371 -0.1793 0.9242
vn 0.3098 -0.2235 -0.9242
vn 0.7956 -0.5739 -0.1939
vn 0.7491 -0.5403 -0.3834
vn 0.7956 -0.5739 0.1939
vn 0.7491 -0.5403 0.3834
vn 0.3098 -0.2235 0.9242
vn 0.2932 -0.2459 -0.9239
vn 0.7516 -0.6302 -0.1949
vn 0.7079 -0.5936 -0.3827
vn 0.7516 -0.6302 0.1949
vn 0.7079 -0.5936 0.3827
vn 0.2932 -0.2459 0.9239
vn 0.3027 -0.2335 -0.9240
vn 0.7764 -0.5988 -0.1965
vn 0.7314 -0.5641 -0.3831
vn 0.7764 -0.5988 0.1965
vn 0.7314 -0.5641 0.3831
vn 0.3027 -0.2335 0.9240
vn 0.3234 -0.2041 -0.9240
vn 0.8292 -0.5233 -0.1963
vn 0.7812 -0.4930 -0.3830
vn 0.8292 -0.5233 0.1963
vn 0.7812 -0.4930 0.3830
vn 0.3234 -0.2041 0.9240
vn 0.3371 -0.1809 -0.9239
vn 0.8642 -0.4636 -0.1958
vn 0.8141 -0.4367 -0.3828
vn 0.8642 -0.4636 0.1958
vn 0.8141 -0.4367 0.3828
vn 0.3371 -0.1809 0.9239
vn 0.3469 -0.1612 -0.9239
vn 0.8893 -0.4133 -0.1959
vn 0.8377 -0.3894 -0.3828
vn 0.8893 -0.4133 0.1959
vn 0.8377 -0.3894 0.3828
vn 0.3469 -0.1612 0.9239
vn 0.3555 -0.1413 -0.9239
vn 0.9113 -0.3622 -0.1958
vn 0.8585 -0.3412 -0.3828
vn 0.9113 -0.3622 0.1958
vn 0.8585 -0.3412 0.3828
vn 0.3555 -0.1413 0.9239
vn 0.3602 -0.1291 -0.9239
vn 0.9233 -0.3308 -0.1953
vn 0.8697 -0.3116 -0.3827
vn 0.9233 -0.3308 0.1953
vn 0.8697 -0.3116 0.3827
vn 0.3602 -0.1291 0.9239
vn 0.3635 -0.1195 -0.9239
vn 0.9316 -0.3063 -0.1955
vn 0.8776 -0.2886 -0.3827
vn 0.9316 -0.3063 0.1955
vn 0.8776 -0.2886 0.3827
vn 0.3635 -0.1195 0.9239
vn 0.3699 -0.0967 -0.9240
vn 0.9487 -0.2479 -0.1963
vn 0.8937 -0.2336 -0.3830
vn 0.9487 -0.2479 0.1963
vn 0.8937 -0.2336 0.3830
vn 0.3699 -0.0967 0.9240
vn 0.3776 -0.0591 -0.9241
vn 0.9687 -0.1515 -0.1967
vn 0.9126 -0.1428 -0.3832
vn 0.9687 -0.1515 0.1967
vn 0.9126 -0.1428 0.3832
vn 0.3776 -0.0591 0.9241
vn 0.3818 -0.0215 -0.9240
vn 0.9790 -0.0552 -0.1963
vn 0.9223 -0.0520 -0.3830
vn 0.9790 -0.0552 0.1963
vn 0.9223 -0.0520 0.3830
vn 0.3818 -0.0215 0.9240
vn 0.3821 0.0134 -0.9240
vn 0.9799 0.0343 -0.1965
vn 0.9232 0.0323 -0.3831
vn 0.9799 0.0343 0.1965
vn 0.9232 0.0323 0.3831
vn 0.3821 0.0134 0.9240
vn 0.3784 0.0535 -0.9241
vn 0.9708 0.1371 -0.1967
vn 0.9146 0.1292 -0.3832
vn 0.9708 0.1371 0.1967
vn 0.9146 0.1292 0.3832
vn 0.3784 0.0535 0.9241
vn 0.3711 0.0921 -0.9240
vn 0.9516 0.2362 -0.1964
vn 0.8965 0.2225 -0.3830
vn 0.9516 0.2362 0.1964
vn 0.8965 0.2225 0.3830
vn 0.3711 0.0921 0.9240
vn 0.3602 0.1280 -0.9241
vn 0.9239 0.3283 -0.1966
vn 0.8704 0.3093 -0.3831
vn 0.9239 0.3283 0.1966
vn 0.8704 0.3093 0.3831
vn 0.3602 0.1280 0.9241
vn 0.3432 0.1679 -0.9241
vn 0.8807 0.4307 -0.1969
vn 0.8297 0.4058 -0.3833
vn 0.8807 0.4307 0.1969
vn 0.8297 0.4058 0.3833
vn 0.3432 0.1679 0.9241
vn 0.3273 0.1981 -0.9239
vn 0.8390 0.5077 -0.1958
vn 0.7904 0.4783 -0.3828
vn 0.8390 0.5077 0.1958
vn 0.7904 0.4783 0.3828
vn 0.3273 0.1981 0.9239
vn 0.3246 0.2026 -0.9239
vn 0.8321 0.5193 -0.1948
vn 0.7837 0.4892 -0.3827
vn 0.8321 0.5193 0.1948
vn 0.7837 0.4892 0.3827
vn 0.3246 0.2026 0.9239
vn 0.3275 0.1980 -0.9239
vn 0.8445 0.5105 -0.1619
vn 0.7907 0.4779 -0.3827
vn 0.8445 0.5105 0.1619
vn 0.7907 0.4779 0.3827
vn 0.3275 0.1980 0.9239
vn 0.1125 -0.3658 -0.9239
vn -0.0235 -0.3603 -0.9326
vn 0.2902 -0.9432 -0.1619
vn 0.2890 -0.9392 -0.1857
vn 0.2717 -0.8830 -0.3827
vn 0.2902 -0.9432 0.1619
vn 0.2890 -0.9392 0.1857
vn 0.2717 -0.8830 0.3827
vn -0.0235 -0.3603 0.9326
vn 0.1125 -0.3658 0.9239
vn -0.2469 -0.0668 -0.9667
vn -0.4085 -0.8937 -0.1857
vn -0.4101 -0.8972 -0.1639
vn -0.3841 -0.8402 -0.3827
vn -0.4085 -0.8937 0.1857
vn -0.4101 -0.8972 0.1639
vn -0.3841 -0.8402 0.3827
vn -0.2469 -0.0668 0.9667
vn -0.3117 0.2221 -0.9239
vn -0.8065 0.5681 -0.1639
vn -0.7988 0.5691 -0.1950
vn -0.7524 0.5361 -0.3827
vn -0.7553 0.5320 -0.3827
vn -0.8065 0.5681 0.1639
vn -0.7988 0.5691 0.1950
vn -0.7553 0.5320 0.3827
vn -0.7524 0.5361 0.3827
vn -0.3117 0.2221 0.9239
vn -0.3128 0.2204 -0.9239
vn -0.8017 0.5650 -0.1954
vn -0.7552 0.5322 -0.3827
vn -0.8017 0.5650 0.1954
vn -0.7552 0.5322 0.3827
vn -0.3128 0.2204 0.9239
vn -0.3199 0.2099 -0.9239
vn -0.8199 0.5380 -0.1957
vn -0.7724 0.5068 -0.3828
vn -0.8199 0.5380 0.1957
vn -0.7724 0.5068 0.3828
vn -0.3199 0.2099 0.9239
vn -0.3298 0.1939 -0.9239
vn -0.8453 0.4971 -0.1958
vn -0.7963 0.4683 -0.3828
vn -0.8453 0.4971 0.1958
vn -0.7963 0.4683 0.3828
vn -0.3298 0.1939 0.9239
vn -0.3390 0.1773 -0.9239
vn -0.8690 0.4545 -0.1957
vn -0.8186 0.4281 -0.3828
vn -0.8690 0.4545 0.1957
vn -0.8186 0.4281 0.3828
vn -0.3390 0.1773 0.9239
vn -0.3449 0.1657 -0.9239
vn -0.8840 0.4247 -0.1954
vn -0.8328 0.4001 -0.3827
vn -0.8840 0.4247 0.1954
vn -0.8328 0.4001 0.3827
vn -0.3449 0.1657 0.9239
vn -0.3456 0.1642 -0.9239
vn -0.8859 0.4209 -0.1949
vn -0.8345 0.3965 -0.3827
vn -0.8859 0.4209 0.1949
vn -0.8345 0.3965 0.3827
vn -0.3456 0.1642 0.9239
vt 0.078947 0.000000
vt 0.131579 0.000000
vt 0.105263 0.000000
vt 0.157895 0.000000
vt 0.184211 0.000000
vt 0.052632 0.000000
vt 0.210526 0.000000
vt 0.236842 0.000000
vt 0.026316 0.000000
vt 0.263158 0.000000
vt 0.289474 0.000000
vt 0.000000 0.000000
vt 0.315789 0.000000
vt 0.342105 0.000000
vt 0.368421 0.000000
vt 1.000000 0.000000
vt 0.394737 0.000000
vt 0.973684 0.000000
vt 0.421053 0.000000
vt 0.447368 0.000000
vt 0.947368 0.000000
vt 0.473684 0.000000
vt 0.921053 0.000000
vt 0.500000 0.000000
vt 0.894737 0.000000
vt 0.526316 0.000000
vt 0.868421 0.000000
vt 0.552632 0.000000
vt 0.842105 0.000000
vt 0.578947 0.000000
vt 0.815789 0.000000
vt 0.605263 0.000000
vt 0.789474 0.000000
vt 0.631579 0.000000
vt 0.657895 0.000000
vt 0.684211 0.000000
vt 0.710526 0.000000
vt 0.736842 0.000000
vt 0.763158 0.000000
vt 0.000000 0.200000
vt 0.025641 0.200000
vt 0.025641 0.000000
vt 0.000000 0.400000
vt 0.025641 0.400000
vt 0.000000 0.600000
vt 0.025641 0.600000
vt 0.000000 0.800000
vt 0.025641 0.800000
vt 0.000000 1.000000
vt 0.025641 1.000000
vt 0.051282 0.200000
vt 0.051282 0.000000
vt 0.051282 0.400000
vt 0.051282 0.600000
vt 0.051282 0.800000
vt 0.051282 1.000000
vt 0.076923 0.200000
vt 0.076923 0.000000
vt 0.076923 0.400000
vt 0.076923 0.600000
vt 0.076923 0.800000
vt 0.076923 1.000000
vt 0.102564 0.200000
vt 0.102564 0.000000
vt 0.102564 0.400000
vt 0.102564 0.600000
vt 0.102564 0.800000
vt 0.102564 1.000000
vt 0.128205 0.200000
vt 0.128205 0.000000
vt 0.128205 0.400000
vt 0.128205 0.600000
vt 0.128205 0.800000
vt 0.128205 1.000000
vt 0.153846 0.200000
vt 0.153846 0.000000
vt 0.153846 0.400000
vt 0.153846 0.600000
vt 0.153846 0.800000
vt 0.153846 1.000000
vt 0.179487 0.200000
vt 0.179487 0.000000
vt 0.179487 0.400000
vt 0.179487 0.600000
vt 0.179487 0.800000
vt 0.179487 1.000000
vt 0.205128 0.200000
vt 0.205128 0.000000
vt 0.205128 0.400000
vt 0.205128 0.600000
vt 0.205128 0.800000
vt 0.205128 1.000000
vt 0.230769 0.200000
vt 0.230769 0.000000
vt 0.230769 0.400000
vt 0.230769 0.600000
vt 0.230769 0.800000
vt 0.230769 1.000000
vt 0.256410 0.200000
vt 0.256410 0.000000
vt 0.256410 0.400000
vt 0.256410 0.600000
vt 0.256410 0.800000
vt 0.256410 1.000000
vt 0.282051 0.200000
vt 0.282051 0.000000
vt 0.282051 0.400000
vt 0.282051 0.600000
vt 0.282051 0.800000
vt 0.282051 1.000000
vt 0.307692 0.200000
vt 0.307692 0.000000
vt 0.307692 0.400000
vt 0.307692 0.600000
vt 0.307692 0.800000
vt 0.307692 1.000000
vt 0.333333 0.200000
vt 0.333333 0.000000
vt 0.333333 0.400000
vt 0.333333 0.600000
vt 0.333333 0.800000
vt 0.333333 1.000000
vt 0.358974 0.200000
vt 0.358974 0.000000
vt 0.358974 0.400000
vt 0.358974 0.600000
vt 0.358974 0.800000
vt 0.358974 1.000000
vt 0.384615 0.200000
vt 0.384615 0.000000
vt 0.384615 0.400000
vt 0.384615 0.600000
vt 0.384615 0.800000
vt 0.384615 1.000000
vt 0.410256 0.200000
vt 0.410256 0.000000
vt 0.410256 0.400000
vt 0.410256 0.600000
vt 0.410256 0.800000
vt 0.410256 1.000000
vt 0.435897 0.200000
vt 0.435897 0.000000
vt 0.435897 0.400000
vt 0.435897 0.600000
vt 0.435897 0.800000
vt 0.435897 1.000000
vt 0.461538 0.200000
vt 0.461538 0.000000
vt 0.461538 0.400000
vt 0.461538 0.600000
vt 0.461538 0.800000
vt 0.461538 1.000000
vt 0.487179 0.200000
vt 0.487179 0.000000
vt 0.487179 0.400000
vt 0.487179 0.600000
vt 0.487179 0.800000
vt 0.487179 1.000000
vt 0.512821 0.200000
vt 0.512821 0.000000
vt 0.512821 0.400000
vt 0.512821 0.600000
vt 0.512821 0.800000
vt 0.512821 1.000000
vt 0.538462 0.200000
vt 0.538462 0.000000
vt 0.538462 0.400000
vt 0.538462 0.600000
vt 0.538462 0.800000
vt 0.538462 1.000000
vt 0.564103 0.200000
vt 0.564103 0.000000
vt 0.564103 0.400000
vt 0.564103 0.600000
vt 0.564103 0.800000
vt 0.564103 1.000000
vt 0.589744 0.200000
vt 0.589744 0.000000
vt 0.589744 0.400000
vt 0.589744 0.600000
vt 0.589744 0.800000
vt 0.589744 1.000000
vt 0.615385 0.200000
vt 0.615385 0.000000
vt 0.615385 0.400000
vt 0.615385 0.600000
vt 0.615385 0.800000
vt 0.615385 1.000000
vt 0.641026 0.200000
vt 0.641026 0.000000
vt 0.641026 0.400000
vt 0.641026 0.600000
vt 0.641026 0.800000
vt 0.641026 1.000000
vt 0.666667 0.200000
vt 0.666667 0.000000
vt 0.666667 0.400000
vt 0.666667 0.600000
vt 0.666667 0.800000
vt 0.666667 1.000000
vt 0.692308 0.200000
vt 0.692308 0.000000
vt 0.692308 0.400000
vt 0.692308 0.600000
vt 0.692308 0.800000
vt 0.692308 1.000000
vt 0.717949 0.200000
vt 0.717949 0.000000
vt 0.717949 0.400000
vt 0.717949 0.600000
vt 0.717949 0.800000
vt 0.717949 1.000000
vt 0.743590 0.200000
vt 0.743590 0.000000
vt 0.743590 0.400000
vt 0.743590 0.600000
vt 0.743590 0.800000
vt 0.743590 1.000000
vt 0.769231 0.200000
vt 0.769231 0.000000
vt 0.769231 0.400000
vt 0.769231 0.600000
vt 0.769231 0.800000
vt 0.769231 1.000000
vt 0.794872 0.200000
vt 0.794872 0.000000
vt 0.794872 0.400000
vt 0.794872 0.600000
vt 0.794872 0.800000
vt 0.794872 1.000000
vt 0.820513 0.200000
vt 0.820513 0.000000
vt 0.820513 0.400000
vt 0.820513 0.600000
vt 0.820513 0.800000
vt 0.820513 1.000000
vt 0.846154 0.200000
vt 0.846154 0.000000
vt 0.846154 0.400000
vt 0.846154 0.600000
vt 0.846154 0.800000
vt 0.846154 1.000000
vt 0.871795 0.200000
vt 0.871795 0.000000
vt 0.871795 0.400000
vt 0.871795 0.600000
vt 0.871795 0.800000
vt 0.871795 1.000000
vt 0.897436 0.200000
vt 0.897436 0.000000
vt 0.897436 0.400000
vt 0.897436 0.600000
vt 0.897436 0.800000
vt 0.897436 1.000000
vt 0.923077 0.200000
vt 0.923077 0.000000
vt 0.923077 0.400000
vt 0.923077 0.600000
vt 0.923077 0.800000
vt 0.923077 1.000000
vt 0.948718 0.200000
vt 0.948718 0.000000
vt 0.948718 0.400000
vt 0.948718 0.600000
vt 0.948718 0.800000
vt 0.948718 1.000000
vt 0.974359 0.200000
vt 0.974359 0.000000
vt 0.974359 0.400000
vt 0.974359 0.600000
vt 0.974359 0.800000
vt 0.974359 1.000000
vt 1.000000 0.200000
vt 1.000000 0.400000
vt 1.000000 0.600000
vt 1.000000 0.800000
vt 1.000000 1.000000
s 1
usemtl Lacquer_|_gloss_black
f 688/807/937 690/808/938 689/809/939
f 688/807/937 691/810/940 690/808/938
f 688/807/937 692/811/941 691/810/940
f 687/812/937 692/811/941 688/807/937
f 687/812/937 693/813/942 692/811/941
f 687/812/937 694/814/943 693/813/942
f 686/815/937 694/814/943 687/812/937
f 686/815/937 695/816/944 694/814/943
f 686/815/937 696/817/945 695/816/944
f 685/818/946 696/817/945 686/815/937
f 685/818/946 697/819/947 696/817/945
f 685/818/946 698/820/948 697/819/947
f 685/818/946 699/821/949 698/820/948
f 723/822/950 699/821/949 685/818/946
f 723/822/950 700/823/951 699/821/949
f 722/824/952 700/823/951 723/822/950
f 722/824/952 701/825/953 700/823/951
f 722/824/952 702/826/954 701/825/953
f 721/827/955 702/826/954 722/824/952
f 721/827/955 703/828/956 702/826/954
f 720/829/957 703/828/956 721/827/955
f 720/829/957 704/830/958 703/828/956
f 719/831/959 704/830/958 720/829/957
f 719/831/959 705/832/960 704/830/958
f 718/833/961 705/832/960 719/831/959
f 718/833/961 706/834/962 705/832/960
f 717/835/963 706/834/962 718/833/961
f 717/835/963 707/836/964 706/834/962
f 716/837/965 707/836/964 717/835/963
f 716/837/965 708/838/966 707/836/964
f 715/839/967 708/838/966 716/837/965
f 715/839/967 709/840/968 708/838/966
f 715/839/967 710/841/969 709/840/968
f 715/839/967 711/842/970 710/841/969
f 715/839/967 712/843/971 711/842/970
f 715/839/967 713/844/972 712/843/971
f 715/839/967 714/845/973 713/844/972
f 727/807/974 728/809/975 729/808/976
f 727/807/974 729/808/976 730/810/977
f 727/807/974 730/810/977 731/811/978
f 726/812/974 727/807/974 731/811/978
f 726/812/974 731/811/978 732/813/979
f 726/812/974 732/813/979 733/814/980
f 725/815/974 726/812/974 733/814/980
f 725/815/974 733/814/980 734/816/981
f 725/815/974 734/816/981 735/817/982
f 724/818/983 725/815/974 735/817/982
f 724/818/983 735/817/982 736/819/984
f 724/818/983 736/819/984 737/820/985
f 724/818/983 737/820/985 738/821/986
f 762/822/987 724/818/983 738/821/986
f 762/822/987 738/821/986 739/823/988
f 761/824/989 762/822/987 739/823/988
f 761/824/989 739/823/988 740/825/990
f 761/824/989 740/825/990 741/826/991
f 760/827/992 761/824/989 741/826/991
f 760/827/992 741/826/991 742/828/993
f 759/829/994 760/827/992 742/828/993
f 759/829/994 742/828/993 743/830/995
f 758/831/996 759/829/994 743/830/995
f 758/831/996 743/830/995 744/832/997
f 757/833/998 758/831/996 744/832/997
f 757/833/998 744/832/997 745/834/999
f 756/835/1000 757/833/998 745/834/999
f 756/835/1000 745/834/999 746/836/1001
f 755/837/1002 756/835/1000 746/836/1001
f 755/837/1002 746/836/1001 747/838/1003
f 754/839/1004 755/837/1002 747/838/1003
f 754/839/1004 747/838/1003 748/840/1005
f 754/839/1004 748/840/1005 749/841/1006
f 754/839/1004 749/841/1006 750/842/1007
f 754/839/1004 750/842/1007 751/843/1008
f 754/839/1004 751/843/1008 752/844/1009
f 754/839/1004 752/844/1009 753/845/1010
f 763/846/1011 767/847/1012 725/848/974 724/818/983
f 764/849/1013 768/850/1014 767/847/1015 763/846/1016
f 765/851/1017 769/852/1018 768/850/1014 764/849/1013
f 766/853/1019 770/854/1020 769/852/1018 765/851/1017
f 685/855/946 686/856/937 770/854/1021 766/853/1022
f 767/847/1012 771/857/1012 726/858/974 725/848/974
f 768/850/1014 772/859/1014 771/857/1015 767/847/1015
f 769/852/1018 773/860/1018 772/859/1014 768/850/1014
f 770/854/1020 774/861/1020 773/860/1018 769/852/1018
f 686/856/937 687/862/937 774/861/1021 770/854/1021
f 771/857/1012 775/863/1012 727/864/974 726/858/974
f 772/859/1014 776/865/1014 775/863/1015 771/857/1015
f 773/860/1018 777/866/1018 776/865/1014 772/859/1014
f 774/861/1020 778/867/1020 777/866/1018 773/860/1018
f 687/862/937 688/868/937 778/867/1021 774/861/1021
f 775/863/1012 779/869/1023 728/870/975 727/864/974
f 776/865/1014 780/871/1024 779/869/1015 775/863/1015
f 777/866/1018 781/872/1025 780/871/1024 776/865/1014
f 778/867/1020 782/873/1020 781/872/1025 777/866/1018
f 688/868/937 689/874/939 782/873/1026 778/867/1021
f 779/869/1023 783/875/1027 729/876/976 728/870/975
f 780/871/1028 784/877/1029 783/875/1030 779/869/1030
f 781/872/1031 785/878/1032 784/877/1029 780/871/1028
f 782/873/1033 786/879/1033 785/878/1032 781/872/1031
f 689/874/939 690/880/938 786/879/1034 782/873/1026
f 783/875/1035 787/881/1036 730/882/977 729/876/976
f 784/877/1037 788/883/1038 787/881/1039 783/875/1040
f 785/878/1041 789/884/1042 788/883/1038 784/877/1037
f 786/879/1043 790/885/1044 789/884/1042 785/878/1041
f 690/880/938 691/886/940 790/885/1045 786/879/1046
f 787/881/1036 791/887/1047 731/888/978 730/882/977
f 788/883/1038 792/889/1048 791/887/1049 787/881/1039
f 789/884/1042 793/890/1050 792/889/1048 788/883/1038
f 790/885/1044 794/891/1051 793/890/1050 789/884/1042
f 691/886/940 692/892/941 794/891/1052 790/885/1045
f 791/887/1047 795/893/1053 732/894/979 731/888/978
f 792/889/1048 796/895/1054 795/893/1055 791/887/1049
f 793/890/1050 797/896/1056 796/895/1054 792/889/1048
f 794/891/1051 798/897/1057 797/896/1056 793/890/1050
f 692/892/941 693/898/942 798/897/1058 794/891/1052
f 795/893/1053 799/899/1059 733/900/980 732/894/979
f 796/895/1054 800/901/1060 799/899/1061 795/893/1055
f 797/896/1056 801/902/1062 800/901/1060 796/895/1054
f 798/897/1057 802/903/1063 801/902/1062 797/896/1056
f 693/898/942 694/904/943 802/903/1064 798/897/1058
f 799/899/1059 803/905/1065 734/906/981 733/900/980
f 800/901/1060 804/907/1066 803/905/1067 799/899/1061
f 801/902/1062 805/908/1068 804/907/1066 800/901/1060
f 802/903/1063 806/909/1069 805/908/1068 801/902/1062
f 694/904/943 695/910/944 806/909/1070 802/903/1064
f 803/905/1065 807/911/1071 735/912/982 734/906/981
f 804/907/1066 808/913/1072 807/911/1073 803/905/1067
f 805/908/1068 809/914/1074 808/913/1072 804/907/1066
f 806/909/1069 810/915/1075 809/914/1074 805/908/1068
f 695/910/944 696/916/945 810/915/1076 806/909/1070
f 807/911/1071 811/917/1077 736/918/984 735/912/982
f 808/913/1072 812/919/1078 811/917/1079 807/911/1073
f 809/914/1074 813/920/1080 812/919/1078 808/913/1072
f 810/915/1075 814/921/1081 813/920/1080 809/914/1074
f 696/916/945 697/922/947 814/921/1082 810/915/1076
f 811/917/1077 815/923/1083 737/924/985 736/918/984
f 812/919/1078 816/925/1084 815/923/1085 811/917/1079
f 813/920/1080 817/926/1086 816/925/1084 812/919/1078
f 814/921/1081 818/927/1087 817/926/1086 813/920/1080
f 697/922/947 698/928/948 818/927/1088 814/921/1082
f 815/923/1083 819/929/1089 738/930/986 737/924/985
f 816/925/1084 820/931/1090 819/929/1091 815/923/1085
f 817/926/1086 821/932/1092 820/931/1090 816/925/1084
f 818/927/1087 822/933/1093 821/932/1092 817/926/1086
f 698/928/948 699/934/949 822/933/1094 818/927/1088
f 819/929/1089 823/935/1095 739/936/988 738/930/986
f 820/931/1090 824/937/1096 823/935/1097 819/929/1091
f 821/932/1092 825/938/1098 824/937/1096 820/931/1090
f 822/933/1093 826/939/1099 825/938/1098 821/932/1092
f 699/934/949 700/940/951 826/939/1100 822/933/1094
f 823/935/1095 827/941/1101 740/942/990 739/936/988
f 824/937/1096 828/943/1102 827/941/1103 823/935/1097
f 825/938/1098 829/944/1104 828/943/1102 824/937/1096
f 826/939/1099 830/945/1105 829/944/1104 825/938/1098
f 700/940/951 701/946/953 830/945/1106 826/939/1100
f 827/941/1101 831/947/1107 741/948/991 740/942/990
f 828/943/1102 832/949/1108 831/947/1109 827/941/1103
f 829/944/1104 833/950/1110 832/949/1108 828/943/1102
f 830/945/1105 834/951/1111 833/950/1110 829/944/1104
f 701/946/953 702/952/954 834/951/1112 830/945/1106
f 831/947/1107 835/953/1113 742/954/993 741/948/991
f 832/949/1108 836/955/1114 835/953/1115 831/947/1109
f 833/950/1110 837/956/1116 836/955/1114 832/949/1108
f 834/951/1111 838/957/1117 837/956/1116 833/950/1110
f 702/952/954 703/958/956 838/957/1118 834/951/1112
f 835/953/1113 839/959/1119 743/960/995 742/954/993
f 836/955/1114 840/961/1120 839/959/1121 835/953/1115
f 837/956/1116 841/962/1122 840/961/1120 836/955/1114
f 838/957/1117 842/963/1123 841/962/1122 837/956/1116
f 703/958/956 704/964/958 842/963/1124 838/957/1118
f 839/959/1119 843/965/1125 744/966/997 743/960/995
f 840/961/1120 844/967/1126 843/965/1127 839/959/1121
f 841/962/1122 845/968/1128 844/967/1126 840/961/1120
f 842/963/1123 846/969/1129 845/968/1128 841/962/1122
f 704/964/958 705/970/960 846/969/1130 842/963/1124
f 843/965/1125 847/971/1131 745/972/999 744/966/997
f 844/967/1126 848/973/1132 847/971/1133 843/965/1127
f 845/968/1128 849/974/1134 848/973/1132 844/967/1126
f 846/969/1129 850/975/1135 849/974/1134 845/968/1128
f 705/970/960 706/976/962 850/975/1136 846/969/1130
f 847/971/1131 851/977/1137 746/978/1001 745/972/999
f 848/973/1132 852/979/1138 851/977/1139 847/971/1133
f 849/974/1134 853/980/1140 852/979/1138 848/973/1132
f 850/975/1135 854/981/1141 853/980/1140 849/974/1134
f 706/976/962 707/982/964 854/981/1142 850/975/1136
f 851/977/1137 855/983/1143 747/984/1003 746/978/1001
f 852/979/1138 856/985/1144 855/983/1145 851/977/1139
f 853/980/1140 857/986/1146 856/985/1144 852/979/1138
f 854/981/1141 858/987/1147 857/986/1146 853/980/1140
f 707/982/964 708/988/966 858/987/1148 854/981/1142
f 855/983/1143 859/989/1149 748/990/1005 747/984/1003
f 856/985/1144 860/991/1150 859/989/1151 855/983/1145
f 857/986/1146 861/992/1152 860/991/1150 856/985/1144
f 858/987/1147 862/993/1153 861/992/1152 857/986/1146
f 708/988/966 709/994/968 862/993/1154 858/987/1148
f 859/989/1149 863/995/1155 749/996/1006 748/990/1005
f 860/991/1150 864/997/1156 863/995/1157 859/989/1151
f 861/992/1152 865/998/1158 864/997/1156 860/991/1150
f 862/993/1153 866/999/1159 865/998/1158 861/992/1152
f 709/994/968 710/1000/969 866/999/1160 862/993/1154
f 863/995/1155 867/1001/1161 750/1002/1007 749/996/1006
f 864/997/1156 868/1003/1162 867/1001/1163 863/995/1157
f 865/998/1158 869/1004/1164 868/1003/1162 864/997/1156
f 866/999/1159 870/1005/1165 869/1004/1164 865/998/1158
f 710/1000/969 711/1006/970 870/1005/1166 866/999/1160
f 867/1001/1161 871/1007/1167 751/1008/1008 750/1002/1007
f 868/1003/1162 872/1009/1168 871/1007/1169 867/1001/1163
f 869/1004/1164 873/1010/1170 872/1009/1168 868/1003/1162
f 870/1005/1165 874/1011/1171 873/1010/1170 869/1004/1164
f 711/1006/970 712/1012/971 874/1011/1172 870/1005/1166
f 871/1007/1167 875/1013/1173 752/1014/1009 751/1008/1008
f 872/1009/1168 876/1015/1174 875/1013/1175 871/1007/1169
f 873/1010/1170 877/1016/1176 876/1015/1174 872/1009/1168
f 874/1011/1171 878/1017/1177 877/1016/1176 873/1010/1170
f 712/1012/971 713/1018/972 878/1017/1178 874/1011/1172
f 875/1013/1173 879/1019/1179 753/1020/1010 752/1014/1009
f 876/1015/1174 880/1021/1180 879/1019/1181 875/1013/1175
f 877/1016/1176 881/1022/1182 880/1021/1180 876/1015/1174
f 878/1017/1177 882/1023/1183 881/1022/1182 877/1016/1176
f 713/1018/972 714/1024/973 882/1023/1184 878/1017/1178
f 879/1019/1185 883/1025/1186 754/1026/1004 753/1020/1010
f 880/1021/1187 884/1027/1188 883/1025/1189 879/1019/1189
f 881/1022/1190 885/1028/1191 884/1027/1188 880/1021/1187
f 882/1023/1192 886/1029/1192 885/1028/1191 881/1022/1190
f 714/1024/973 715/1030/967 886/1029/1193 882/1023/1194
f 883/1025/1186 887/1031/1195 755/1032/1002 754/1026/1004
f 884/1027/1196 888/1033/1197 887/1031/1198 883/1025/1198
f 885/1028/1199 889/1034/1200 888/1033/1197 884/1027/1196
f 886/1029/1201 890/1035/1201 889/1034/1200 885/1028/1199
f 715/1030/967 716/1036/965 890/1035/1202 886/1029/1193
f 887/1031/1195 891/1037/1203 756/1038/1000 755/1032/1002
f 888/1033/1204 892/1039/1205 891/1037/1206 887/1031/1207
f 889/1034/1208 893/1040/1209 892/1039/1205 888/1033/1204
f 890/1035/1210 894/1041/1211 893/1040/1209 889/1034/1208
f 716/1036/965 717/1042/963 894/1041/1212 890/1035/1202
f 891/1037/1203 895/1043/1213 757/1044/998 756/1038/1000
f 892/1039/1205 896/1045/1214 895/1043/1215 891/1037/1206
f 893/1040/1209 897/1046/1216 896/1045/1214 892/1039/1205
f 894/1041/1211 898/1047/1217 897/1046/1216 893/1040/1209
f 717/1042/963 718/1048/961 898/1047/1218 894/1041/1212
f 895/1043/1213 899/1049/1219 758/1050/996 757/1044/998
f 896/1045/1214 900/1051/1220 899/1049/1221 895/1043/1215
f 897/1046/1216 901/1052/1222 900/1051/1220 896/1045/1214
f 898/1047/1217 902/1053/1223 901/1052/1222 897/1046/1216
f 718/1048/961 719/1054/959 902/1053/1224 898/1047/1218
f 899/1049/1219 903/1055/1225 759/1056/994 758/1050/996
f 900/1051/1220 904/1057/1226 903/1055/1227 899/1049/1221
f 901/1052/1222 905/1058/1228 904/1057/1226 900/1051/1220
f 902/1053/1223 906/1059/1229 905/1058/1228 901/1052/1222
f 719/1054/959 720/1060/957 906/1059/1230 902/1053/1224
f 903/1055/1225 907/1061/1231 760/1062/992 759/1056/994
f 904/1057/1226 908/1063/1232 907/1061/1233 903/1055/1227
f 905/1058/1228 909/1064/1234 908/1063/1232 904/1057/1226
f 906/1059/1229 910/1065/1235 909/1064/1234 905/1058/1228
f 720/1060/957 721/1066/955 910/1065/1236 906/1059/1230
f 907/1061/1231 911/1067/1237 761/1068/989 760/1062/992
f 908/1063/1232 912/1069/1238 911/1067/1239 907/1061/1233
f 909/1064/1234 913/1070/1240 912/1069/1238 908/1063/1232
f 910/1065/1235 914/1071/1241 913/1070/1240 909/1064/1234
f 721/1066/955 722/1072/952 914/1071/1242 910/1065/1236
f 911/1067/1237 915/1073/1243 762/1074/987 761/1068/989
f 912/1069/1238 916/1075/1244 915/1073/1245 911/1067/1239
f 913/1070/1240 917/1076/1246 916/1075/1244 912/1069/1238
f 914/1071/1241 918/1077/1247 917/1076/1246 913/1070/1240
f 722/1072/952 723/1078/950 918/1077/1248 914/1071/1242
f 915/1073/1243 763/1079/1011 724/822/983 762/1074/987
f 916/1075/1244 764/1080/1013 763/1079/1016 915/1073/1245
f 917/1076/1246 765/1081/1017 764/1080/1013 916/1075/1244
f 918/1077/1247 766/1082/1019 765/1081/1017 917/1076/1246
f 723/1078/950 685/1083/946 766/1082/1022 918/1077/1248
o Top_rail
v 0.091590 0.128615 0.009500
v 0.021923 0.128615 0.009500
v 0.021923 0.136897 0.009500
v 0.088667 0.136897 0.009500
v 0.091590 0.128615 -0.009500
v 0.021923 0.128615 -0.009500
v 0.021923 0.136897 -0.009500
v 0.088667 0.136897 -0.009500
v 0.093089 0.127555 -0.009061
v 0.093710 0.127115 -0.008000
v 0.093710 0.127115 0.008000
v 0.093089 0.127555 0.009061
v 0.020862 0.127555 -0.009061
v 0.020423 0.127115 -0.008000
v 0.020423 0.127115 0.008000
v 0.020862 0.127555 0.009061
v 0.020862 0.137958 -0.009061
v 0.020423 0.138397 -0.008000
v 0.020423 0.138397 0.008000
v 0.020862 0.137958 0.009061
v 0.089417 0.137958 -0.009061
v 0.089728 0.138397 -0.008000
v 0.089728 0.138397 0.008000
v 0.089417 0.137958 0.009061
vn -0.1481 -0.1481 0.9778
vn 0.1286 0.1817 0.9749
vn -0.1481 0.1481 0.9778
vn 0.1514 -0.1071 0.9827
vn -0.1481 -0.1481 -0.9778
vn -0.1481 0.1481 -0.9778
vn 0.1286 0.1817 -0.9749
vn 0.1514 -0.1071 -0.9827
vn -0.0000 -0.3827 -0.9239
vn -0.1988 -0.1988 -0.9597
vn -0.0000 -0.9874 -0.1584
vn -0.0000 -0.9856 -0.1693
vn -0.0000 -0.9239 -0.3827
vn -0.0000 -0.9874 0.1584
vn -0.0000 -0.9856 0.1693
vn -0.0000 -0.9239 0.3827
vn -0.1988 -0.1988 0.9597
vn -0.0000 -0.3827 0.9239
vn -0.1988 0.1988 -0.9597
vn -0.9856 -0.0000 -0.1693
vn -0.9239 -0.0000 -0.3827
vn -0.9856 -0.0000 0.1693
vn -0.9239 -0.0000 0.3827
vn -0.1988 0.1988 0.9597
vn 0.1850 0.2615 -0.9473
vn -0.0000 0.9856 -0.1693
vn -0.0000 0.9842 -0.1771
vn -0.0000 0.9239 -0.3827
vn -0.0000 0.9856 0.1693
vn -0.0000 0.9842 0.1771
vn -0.0000 0.9239 0.3827
vn 0.1850 0.2615 0.9473
vn 0.3609 0.1274 -0.9239
vn 0.9281 0.3276 -0.1771
vn 0.9311 0.3286 -0.1584
vn 0.8712 0.3075 -0.3827
vn 0.9281 0.3276 0.1771
vn 0.9311 0.3286 0.1584
vn 0.8712 0.3075 0.3827
vn 0.3609 0.1274 0.9239
vt 0.333333 0.000000
vt 1.000000 0.000000
vt 0.666667 0.000000
vt 0.000000 0.000000
vt 0.000000 0.200000
vt 0.250000 0.200000
vt 0.250000 0.000000
vt 0.000000 0.400000
vt 0.250000 0.400000
vt 0.000000 0.600000
vt 0.250000 0.600000
vt 0.000000 0.800000
vt 0.250000 0.800000
vt 0.000000 1.000000
vt 0.250000 1.000000
vt 0.500000 0.200000
vt 0.500000 0.000000
vt 0.500000 0.400000
vt 0.500000 0.600000
vt 0.500000 0.800000
vt 0.500000 1.000000
vt 0.750000 0.200000
vt 0.750000 0.000000
vt 0.750000 0.400000
vt 0.750000 0.600000
vt 0.750000 0.800000
vt 0.750000 1.000000
vt 1.000000 0.200000
vt 1.000000 0.400000
vt 1.000000 0.600000
vt 1.000000 0.800000
vt 1.000000 1.000000
s 1
usemtl Rubber_|_ribbed_black
f 920/1084/1249 922/1085/1250 921/1086/1251
f 920/1084/1249 919/1087/1252 922/1085/1250
f 924/1084/1253 925/1086/1254 926/1085/1255
f 924/1084/1253 926/1085/1255 923/1087/1256
f 927/1088/1257 931/1089/1258 924/1090/1253 923/1087/1256
f 928/1091/1259 932/1092/1260 931/1089/1261 927/1088/1261
f 929/1093/1262 933/1094/1263 932/1092/1260 928/1091/1259
f 930/1095/1264 934/1096/1264 933/1094/1263 929/1093/1262
f 919/1097/1252 920/1098/1249 934/1096/1265 930/1095/1266
f 931/1089/1258 935/1099/1267 925/1100/1254 924/1090/1253
f 932/1092/1268 936/1101/1268 935/1099/1269 931/1089/1269
f 933/1094/1270 937/1102/1270 936/1101/1268 932/1092/1268
f 934/1096/1271 938/1103/1271 937/1102/1270 933/1094/1270
f 920/1098/1249 921/1104/1251 938/1103/1272 934/1096/1265
f 935/1099/1267 939/1105/1273 926/1106/1255 925/1100/1254
f 936/1101/1274 940/1107/1275 939/1105/1276 935/1099/1276
f 937/1102/1277 941/1108/1278 940/1107/1275 936/1101/1274
f 938/1103/1279 942/1109/1279 941/1108/1278 937/1102/1277
f 921/1104/1251 922/1110/1250 942/1109/1280 938/1103/1272
f 939/1105/1273 927/1111/1281 923/1085/1256 926/1106/1255
f 940/1107/1282 928/1112/1283 927/1111/1284 939/1105/1284
f 941/1108/1285 929/1113/1286 928/1112/1283 940/1107/1282
f 942/1109/1287 930/1114/1287 929/1113/1286 941/1108/1285
f 922/1110/1250 919/1115/1252 930/1114/1288 942/1109/1280
o Rear_sight
v 0.007795 0.106205 0.006500
v -0.005846 0.103282 0.006500
v -0.003897 0.114000 0.006500
v 0.005846 0.114000 0.006500
v 0.007795 0.106205 -0.006500
v -0.005846 0.103282 -0.006500
v -0.003897 0.114000 -0.006500
v 0.005846 0.114000 -0.006500
v 0.009090 0.105398 -0.006061
v 0.009626 0.105064 -0.005000
v 0.009626 0.105064 0.005000
v 0.009090 0.105398 0.006061
v -0.007173 0.101913 -0.006061
v -0.007723 0.101346 -0.005000
v -0.007723 0.101346 0.005000
v -0.007173 0.101913 0.006061
v -0.004783 0.115061 -0.006061
v -0.005149 0.115500 -0.005000
v -0.005149 0.115500 0.005000
v -0.004783 0.115061 0.006061
v 0.006674 0.115061 -0.006061
v 0.007017 0.115500 -0.005000
v 0.007017 0.115500 0.005000
v 0.006674 0.115061 0.006061
vn -0.1258 -0.1298 0.9835
vn 0.1354 0.1734 0.9755
vn -0.1395 0.1672 0.9760
vn 0.1762 -0.1098 0.9782
vn -0.1258 -0.1298 -0.9835
vn -0.1395 0.1672 -0.9760
vn 0.1354 0.1734 -0.9755
vn 0.1762 -0.1098 -0.9782
vn 0.2348 -0.1463 -0.9610
vn 0.0802 -0.3742 -0.9239
vn 0.2065 -0.9638 -0.1684
vn 0.2070 -0.9658 -0.1563
vn 0.1936 -0.9034 -0.3827
vn 0.2065 -0.9638 0.1684
vn 0.2070 -0.9658 0.1563
vn 0.1936 -0.9034 0.3827
vn 0.0802 -0.3742 0.9239
vn 0.2348 -0.1463 0.9610
vn -0.3765 0.0685 -0.9239
vn -0.1942 0.2327 -0.9530
vn -0.9718 0.1767 -0.1563
vn -0.9689 0.1762 -0.1738
vn -0.9090 0.1653 -0.3827
vn -0.9718 0.1767 0.1563
vn -0.9689 0.1762 0.1738
vn -0.9090 0.1653 0.3827
vn -0.1942 0.2327 0.9530
vn -0.3765 0.0685 0.9239
vn 0.1910 0.2446 -0.9506
vn -0.0000 0.9848 -0.1738
vn -0.0000 0.9845 -0.1752
vn -0.0000 0.9239 -0.3827
vn -0.0000 0.9848 0.1738
vn -0.0000 0.9845 0.1752
vn -0.0000 0.9239 0.3827
vn 0.1910 0.2446 0.9506
vn 0.9551 0.2388 -0.1752
vn 0.9563 0.2391 -0.1684
vn 0.8963 0.2241 -0.3827
vn 0.9551 0.2388 0.1752
vn 0.9563 0.2391 0.1684
vn 0.8963 0.2241 0.3827
vt 0.333333 0.000000
vt 1.000000 0.000000
vt 0.666667 0.000000
vt 0.000000 0.000000
vt 0.000000 0.200000
vt 0.250000 0.200000
vt 0.250000 0.000000
vt 0.000000 0.400000
vt 0.250000 0.400000
vt 0.000000 0.600000
vt 0.250000 0.600000
vt 0.000000 0.800000
vt 0.250000 0.800000
vt 0.000000 1.000000
vt 0.250000 1.000000
vt 0.500000 0.200000
vt 0.500000 0.000000
vt 0.500000 0.400000
vt 0.500000 0.600000
vt 0.500000 0.800000
vt 0.500000 1.000000
vt 0.750000 0.200000
vt 0.750000 0.000000
vt 0.750000 0.400000
vt 0.750000 0.600000
vt 0.750000 0.800000
vt 0.750000 1.000000
vt 1.000000 0.200000
vt 1.000000 0.400000
vt 1.000000 0.600000
vt 1.000000 0.800000
vt 1.000000 1.000000
s 1
usemtl Rubber_|_ribbed_black
f 944/1116/1289 946/1117/1290 945/1118/1291
f 944/1116/1289 943/1119/1292 946/1117/1290
f 948/1116/1293 949/1118/1294 950/1117/1295
f 948/1116/1293 950/1117/1295 947/1119/1296
f 951/1120/1297 955/1121/1298 948/1122/1293 947/1119/1296
f 952/1123/1299 956/1124/1300 955/1121/1301 951/1120/1301
f 953/1125/1302 957/1126/1303 956/1124/1300 952/1123/1299
f 954/1127/1304 958/1128/1304 957/1126/1303 953/1125/1302
f 943/1129/1292 944/1130/1289 958/1128/1305 954/1127/1306
f 955/1121/1307 959/1131/1308 949/1132/1294 948/1122/1293
f 956/1124/1309 960/1133/1310 959/1131/1311 955/1121/1311
f 957/1126/1312 961/1134/1313 960/1133/1310 956/1124/1309
f 958/1128/1314 962/1135/1314 961/1134/1313 957/1126/1312
f 944/1130/1289 945/1136/1291 962/1135/1315 958/1128/1316
f 959/1131/1308 963/1137/1317 950/1138/1295 949/1132/1294
f 960/1133/1318 964/1139/1319 963/1137/1320 959/1131/1320
f 961/1134/1321 965/1140/1322 964/1139/1319 960/1133/1318
f 962/1135/1323 966/1141/1323 965/1140/1322 961/1134/1321
f 945/1136/1291 946/1142/1290 966/1141/1324 962/1135/1315
f 963/1137/1317 951/1143/1297 947/1117/1296 950/1138/1295
f 964/1139/1325 952/1144/1326 951/1143/1327 963/1137/1327
f 965/1140/1328 953/1145/1329 952/1144/1326 964/1139/1325
f 966/1141/1330 954/1146/1330 953/1145/1329 965/1140/1328
f 946/1142/1290 943/1147/1292 954/1146/1306 966/1141/1324
o Top_fin
v 0.244564 0.132513 0.007000
v 0.090128 0.132513 0.007000
v 0.098410 0.167590 0.007000
v 0.101219 0.166065 0.007000
v 0.104032 0.164661 0.007000
v 0.106835 0.163016 0.007000
v 0.109615 0.160769 0.007000
v 0.113127 0.156009 0.007000
v 0.115327 0.151040 0.007000
v 0.117716 0.146307 0.007000
v 0.121795 0.142256 0.007000
v 0.126482 0.140037 0.007000
v 0.131076 0.139234 0.007000
v 0.135901 0.139089 0.007000
v 0.141282 0.138846 0.007000
v 0.170527 0.137835 0.007000
v 0.198980 0.138710 0.007000
v 0.222943 0.139288 0.007000
v 0.238718 0.137385 0.007000
v 0.240533 0.136416 0.007000
v 0.241955 0.135171 0.007000
v 0.243220 0.133814 0.007000
v 0.244564 0.132513 -0.007000
v 0.090128 0.132513 -0.007000
v 0.098410 0.167590 -0.007000
v 0.101219 0.166065 -0.007000
v 0.104032 0.164661 -0.007000
v 0.106835 0.163016 -0.007000
v 0.109615 0.160769 -0.007000
v 0.113127 0.156009 -0.007000
v 0.115327 0.151040 -0.007000
v 0.117716 0.146307 -0.007000
v 0.121795 0.142256 -0.007000
v 0.126482 0.140037 -0.007000
v 0.131076 0.139234 -0.007000
v 0.135901 0.139089 -0.007000
v 0.141282 0.138846 -0.007000
v 0.170527 0.137835 -0.007000
v 0.198980 0.138710 -0.007000
v 0.222943 0.139288 -0.007000
v 0.238718 0.137385 -0.007000
v 0.240533 0.136416 -0.007000
v 0.241955 0.135171 -0.007000
v 0.243220 0.133814 -0.007000
v 0.248058 0.131099 -0.006414
v 0.249505 0.130513 -0.005000
v 0.249505 0.130513 0.005000
v 0.248058 0.131099 0.006414
v 0.088341 0.131099 -0.006414
v 0.087601 0.130513 -0.005000
v 0.087601 0.130513 0.005000
v 0.088341 0.131099 0.006414
v 0.097459 0.169715 -0.006414
v 0.097065 0.170596 -0.005000
v 0.097065 0.170596 0.005000
v 0.097459 0.169715 0.006414
v 0.101872 0.167320 -0.006414
v 0.102143 0.167839 -0.005000
v 0.102143 0.167839 0.005000
v 0.101872 0.167320 0.006414
v 0.104706 0.165905 -0.006414
v 0.104986 0.166420 -0.005000
v 0.104986 0.166420 0.005000
v 0.104706 0.165905 0.006414
v 0.107642 0.164182 -0.006414
v 0.107976 0.164665 -0.005000
v 0.107976 0.164665 0.005000
v 0.107642 0.164182 0.006414
v 0.110646 0.161755 -0.006414
v 0.111072 0.162163 -0.005000
v 0.111072 0.162163 0.005000
v 0.110646 0.161755 0.006414
v 0.114357 0.156724 -0.006414
v 0.114867 0.157020 -0.005000
v 0.114867 0.157020 0.005000
v 0.114357 0.156724 0.006414
v 0.116606 0.151646 -0.006414
v 0.117136 0.151896 -0.005000
v 0.117136 0.151896 0.005000
v 0.116606 0.151646 0.006414
v 0.118875 0.147149 -0.006414
v 0.119356 0.147498 -0.005000
v 0.119356 0.147498 0.005000
v 0.118875 0.147149 0.006414
v 0.122619 0.143431 -0.006414
v 0.122961 0.143917 -0.005000
v 0.122961 0.143917 0.005000
v 0.122619 0.143431 0.006414
v 0.126914 0.141397 -0.006414
v 0.127093 0.141961 -0.005000
v 0.127093 0.141961 0.005000
v 0.126914 0.141397 0.006414
v 0.131220 0.140644 -0.006414
v 0.131279 0.141228 -0.005000
v 0.131279 0.141228 0.005000
v 0.131220 0.140644 0.006414
v 0.135954 0.140502 -0.006414
v 0.135976 0.141088 -0.005000
v 0.135976 0.141088 0.005000
v 0.135954 0.140502 0.006414
v 0.141338 0.140259 -0.006414
v 0.141362 0.140845 -0.005000
v 0.141362 0.140845 0.005000
v 0.141338 0.140259 0.006414
v 0.170529 0.139250 -0.006414
v 0.170530 0.139836 -0.005000
v 0.170530 0.139836 0.005000
v 0.170529 0.139250 0.006414
v 0.198941 0.140124 -0.006414
v 0.198925 0.140709 -0.005000
v 0.198925 0.140709 0.005000
v 0.198941 0.140124 0.006414
v 0.223011 0.140704 -0.006414
v 0.223040 0.141291 -0.005000
v 0.223040 0.141291 0.005000
v 0.223011 0.140704 0.006414
v 0.239150 0.138757 -0.006414
v 0.239329 0.139325 -0.005000
v 0.239329 0.139325 0.005000
v 0.239150 0.138757 0.006414
v 0.241342 0.137587 -0.006414
v 0.241677 0.138072 -0.005000
v 0.241677 0.138072 0.005000
v 0.241342 0.137587 0.006414
v 0.242940 0.136187 -0.006414
v 0.243349 0.136609 -0.005000
v 0.243349 0.136609 0.005000
v 0.242940 0.136187 0.006414
v 0.244230 0.134805 -0.006414
v 0.244648 0.135215 -0.005000
v 0.244648 0.135215 0.005000
v 0.244230 0.134805 0.006414
vn -0.1524 -0.1206 0.9809
vn 0.0892 0.1712 0.9812
vn -0.0783 0.1749 0.9815
vn 0.0949 0.1750 0.9800
vn 0.1157 0.1673 0.9791
vn 0.1508 0.1443 0.9780
vn 0.1790 0.1040 0.9783
vn 0.1735 0.0822 0.9814
vn 0.1406 0.1021 0.9848
vn 0.0991 0.1411 0.9850
vn 0.0537 0.1691 0.9841
vn 0.0189 0.1851 0.9825
vn -0.0054 0.1954 0.9807
vn 0.0642 0.2038 0.9769
vn 0.0097 0.2030 0.9791
vn 0.0074 0.1959 0.9806
vn 0.0077 0.1943 0.9809
vn 0.0004 0.1911 0.9816
vn 0.1180 0.1707 0.9782
vn 0.1398 0.1442 0.9796
vn 0.1370 0.1345 0.9814
vn 0.1239 -0.0501 0.9910
vn -0.1524 -0.1206 -0.9809
vn -0.0783 0.1749 -0.9815
vn 0.0892 0.1712 -0.9812
vn 0.0949 0.1750 -0.9800
vn 0.1157 0.1673 -0.9791
vn 0.1508 0.1443 -0.9780
vn 0.1790 0.1040 -0.9783
vn 0.1735 0.0822 -0.9814
vn 0.1406 0.1021 -0.9848
vn 0.0991 0.1411 -0.9850
vn 0.0537 0.1691 -0.9841
vn 0.0189 0.1851 -0.9825
vn -0.0054 0.1954 -0.9807
vn 0.0097 0.2030 -0.9791
vn 0.0642 0.2038 -0.9769
vn 0.0074 0.1959 -0.9806
vn 0.0077 0.1943 -0.9809
vn 0.0004 0.1911 -0.9816
vn 0.1180 0.1707 -0.9782
vn 0.1398 0.1442 -0.9796
vn 0.1370 0.1345 -0.9814
vn 0.1239 -0.0501 -0.9910
vn -0.0000 -0.3827 -0.9239
vn -0.1952 -0.1545 -0.9685
vn -0.0000 -0.9911 -0.1329
vn -0.0000 -0.9867 -0.1623
vn -0.0000 -0.9239 -0.3827
vn -0.0000 -0.9911 0.1329
vn -0.0000 -0.9867 0.1623
vn -0.0000 -0.9239 0.3827
vn -0.1952 -0.1545 0.9685
vn -0.0000 -0.3827 0.9239
vn -0.3724 0.0879 -0.9239
vn -0.9603 0.2267 -0.1623
vn -0.9605 0.2268 -0.1612
vn -0.8992 0.2123 -0.3827
vn -0.9603 0.2267 0.1623
vn -0.9605 0.2268 0.1612
vn -0.8992 0.2123 0.3827
vn -0.3724 0.0879 0.9239
vn 0.1826 0.3363 -0.9239
vn 0.1768 0.3394 -0.9239
vn 0.4709 0.8674 -0.1612
vn 0.4530 0.8698 -0.1955
vn 0.4268 0.8194 -0.3827
vn 0.4408 0.8119 -0.3827
vn 0.4709 0.8674 0.1612
vn 0.4530 0.8698 0.1955
vn 0.4408 0.8120 0.3827
vn 0.4268 0.8194 0.3827
vn 0.1768 0.3394 0.9239
vn 0.1826 0.3363 0.9239
vn 0.1823 0.3363 -0.9240
vn 0.4675 0.8623 -0.1944
vn 0.4403 0.8121 -0.3829
vn 0.4675 0.8623 0.1944
vn 0.4403 0.8121 0.3829
vn 0.1823 0.3363 0.9240
vn 0.2172 0.3140 -0.9243
vn 0.5581 0.8068 -0.1938
vn 0.5254 0.7595 -0.3836
vn 0.5581 0.8068 0.1938
vn 0.5254 0.7595 0.3836
vn 0.2172 0.3140 0.9243
vn 0.2746 0.2627 -0.9250
vn 0.7089 0.6783 -0.1935
vn 0.6667 0.6380 -0.3854
vn 0.7089 0.6783 0.1935
vn 0.6667 0.6380 0.3854
vn 0.2746 0.2627 0.9250
vn 0.3292 0.1912 -0.9247
vn 0.8484 0.4928 -0.1936
vn 0.7982 0.4636 -0.3846
vn 0.8484 0.4928 0.1936
vn 0.7982 0.4636 0.3846
vn 0.3292 0.1912 0.9247
vn 0.3458 0.1637 -0.9239
vn 0.8864 0.4196 -0.1958
vn 0.8350 0.3953 -0.3828
vn 0.8864 0.4196 0.1958
vn 0.8350 0.3953 0.3828
vn 0.3458 0.1637 0.9239
vn 0.3062 0.2224 -0.9256
vn 0.7926 0.5756 -0.2013
vn 0.7461 0.5419 -0.3869
vn 0.7926 0.5756 0.2013
vn 0.7461 0.5419 0.3869
vn 0.3062 0.2224 0.9256
vn 0.2172 0.3093 -0.9258
vn 0.5628 0.8016 -0.2019
vn 0.5297 0.7545 -0.3874
vn 0.5628 0.8016 0.2019
vn 0.5297 0.7545 0.3874
vn 0.2172 0.3093 0.9258
vn 0.1150 0.3619 -0.9251
vn 0.2967 0.9338 -0.2000
vn 0.2794 0.8793 -0.3857
vn 0.2967 0.9338 0.2000
vn 0.2794 0.8793 0.3857
vn 0.1150 0.3619 0.9251
vn 0.0387 0.3799 -0.9242
vn 0.0994 0.9753 -0.1973
vn 0.0936 0.9188 -0.3835
vn 0.0994 0.9753 0.1973
vn 0.0936 0.9188 0.3835
vn 0.0387 0.3799 0.9242
vn 0.0144 0.3824 -0.9239
vn 0.0368 0.9801 -0.1949
vn 0.0347 0.9232 -0.3827
vn 0.0368 0.9801 0.1949
vn 0.0347 0.9232 0.3827
vn 0.0144 0.3824 0.9239
vn 0.0152 0.3824 -0.9239
vn 0.0391 0.9800 -0.1952
vn 0.0368 0.9231 -0.3827
vn 0.0391 0.9800 0.1952
vn 0.0368 0.9231 0.3827
vn 0.0152 0.3824 0.9239
vn 0.0007 0.3825 -0.9240
vn 0.0019 0.9806 -0.1960
vn 0.0018 0.9238 -0.3829
vn 0.0019 0.9806 0.1960
vn 0.0018 0.9238 0.3829
vn 0.0007 0.3825 0.9240
vn -0.0105 0.3825 -0.9239
vn -0.0269 0.9804 -0.1950
vn -0.0253 0.9235 -0.3827
vn -0.0269 0.9804 0.1950
vn -0.0253 0.9235 0.3827
vn -0.0105 0.3825 0.9239
vn 0.0183 0.3814 -0.9242
vn 0.0471 0.9799 -0.1938
vn 0.0443 0.9225 -0.3835
vn 0.0471 0.9799 0.1938
vn 0.0443 0.9225 0.3835
vn 0.0183 0.3814 0.9242
vn 0.1133 0.3597 -0.9262
vn 0.2947 0.9357 -0.1937
vn 0.2768 0.8790 -0.3883
vn 0.2947 0.9357 0.1937
vn 0.2768 0.8790 0.3883
vn 0.1133 0.3597 0.9262
vn 0.2164 0.3131 -0.9248
vn 0.5578 0.8071 -0.1935
vn 0.5248 0.7593 -0.3848
vn 0.5578 0.8071 0.1935
vn 0.5248 0.7593 0.3848
vn 0.2164 0.3131 0.9248
vn 0.2660 0.2745 -0.9241
vn 0.6827 0.7044 -0.1941
vn 0.6429 0.6633 -0.3831
vn 0.6827 0.7044 0.1941
vn 0.6429 0.6633 0.3831
vn 0.2660 0.2745 0.9241
vn 0.2730 0.2680 -0.9239
vn 0.6999 0.6869 -0.1958
vn 0.6593 0.6471 -0.3828
vn 0.6999 0.6869 0.1958
vn 0.6593 0.6471 0.3828
vn 0.2730 0.2680 0.9239
vn 0.2662 0.2749 -0.9239
vn 0.6894 0.7121 -0.1329
vn 0.6427 0.6637 -0.3827
vn 0.6894 0.7121 0.1329
vn 0.6427 0.6637 0.3827
vn 0.2662 0.2749 0.9239
vt 0.047619 0.000000
vt 0.142857 0.000000
vt 0.095238 0.000000
vt 0.190476 0.000000
vt 0.238095 0.000000
vt 0.285714 0.000000
vt 0.333333 0.000000
vt 0.380952 0.000000
vt 0.428571 0.000000
vt 0.476190 0.000000
vt 0.523810 0.000000
vt 0.571429 0.000000
vt 0.761905 0.000000
vt 0.857143 0.000000
vt 0.809524 0.000000
vt 0.619048 0.000000
vt 0.666667 0.000000
vt 0.714286 0.000000
vt 0.904762 0.000000
vt 0.952381 0.000000
vt 1.000000 0.000000
vt 0.000000 0.000000
vt 0.000000 0.200000
vt 0.045455 0.200000
vt 0.045455 0.000000
vt 0.000000 0.400000
vt 0.045455 0.400000
vt 0.000000 0.600000
vt 0.045455 0.600000
vt 0.000000 0.800000
vt 0.045455 0.800000
vt 0.000000 1.000000
vt 0.045455 1.000000
vt 0.090909 0.200000
vt 0.090909 0.000000
vt 0.090909 0.400000
vt 0.090909 0.600000
vt 0.090909 0.800000
vt 0.090909 1.000000
vt 0.136364 0.200000
vt 0.136364 0.000000
vt 0.136364 0.400000
vt 0.136364 0.600000
vt 0.136364 0.800000
vt 0.136364 1.000000
vt 0.181818 0.200000
vt 0.181818 0.000000
vt 0.181818 0.400000
vt 0.181818 0.600000
vt 0.181818 0.800000
vt 0.181818 1.000000
vt 0.227273 0.200000
vt 0.227273 0.000000
vt 0.227273 0.400000
vt 0.227273 0.600000
vt 0.227273 0.800000
vt 0.227273 1.000000
vt 0.272727 0.200000
vt 0.272727 0.000000
vt 0.272727 0.400000
vt 0.272727 0.600000
vt 0.272727 0.800000
vt 0.272727 1.000000
vt 0.318182 0.200000
vt 0.318182 0.000000
vt 0.318182 0.400000
vt 0.318182 0.600000
vt 0.318182 0.800000
vt 0.318182 1.000000
vt 0.363636 0.200000
vt 0.363636 0.000000
vt 0.363636 0.400000
vt 0.363636 0.600000
vt 0.363636 0.800000
vt 0.363636 1.000000
vt 0.409091 0.200000
vt 0.409091 0.000000
vt 0.409091 0.400000
vt 0.409091 0.600000
vt 0.409091 0.800000
vt 0.409091 1.000000
vt 0.454545 0.200000
vt 0.454545 0.000000
vt 0.454545 0.400000
vt 0.454545 0.600000
vt 0.454545 0.800000
vt 0.454545 1.000000
vt 0.500000 0.200000
vt 0.500000 0.000000
vt 0.500000 0.400000
vt 0.500000 0.600000
vt 0.500000 0.800000
vt 0.500000 1.000000
vt 0.545455 0.200000
vt 0.545455 0.000000
vt 0.545455 0.400000
vt 0.545455 0.600000
vt 0.545455 0.800000
vt 0.545455 1.000000
vt 0.590909 0.200000
vt 0.590909 0.000000
vt 0.590909 0.400000
vt 0.590909 0.600000
vt 0.590909 0.800000
vt 0.590909 1.000000
vt 0.636364 0.200000
vt 0.636364 0.000000
vt 0.636364 0.400000
vt 0.636364 0.600000
vt 0.636364 0.800000
vt 0.636364 1.000000
vt 0.681818 0.200000
vt 0.681818 0.000000
vt 0.681818 0.400000
vt 0.681818 0.600000
vt 0.681818 0.800000
vt 0.681818 1.000000
vt 0.727273 0.200000
vt 0.727273 0.000000
vt 0.727273 0.400000
vt 0.727273 0.600000
vt 0.727273 0.800000
vt 0.727273 1.000000
vt 0.772727 0.200000
vt 0.772727 0.000000
vt 0.772727 0.400000
vt 0.772727 0.600000
vt 0.772727 0.800000
vt 0.772727 1.000000
vt 0.818182 0.200000
vt 0.818182 0.000000
vt 0.818182 0.400000
vt 0.818182 0.600000
vt 0.818182 0.800000
vt 0.818182 1.000000
vt 0.863636 0.200000
vt 0.863636 0.000000
vt 0.863636 0.400000
vt 0.863636 0.600000
vt 0.863636 0.800000
vt 0.863636 1.000000
vt 0.909091 0.200000
vt 0.909091 0.000000
vt 0.909091 0.400000
vt 0.909091 0.600000
vt 0.909091 0.800000
vt 0.909091 1.000000
vt 0.954545 0.200000
vt 0.954545 0.000000
vt 0.954545 0.400000
vt 0.954545 0.600000
vt 0.954545 0.800000
vt 0.954545 1.000000
vt 1.000000 0.200000
vt 1.000000 0.400000
vt 1.000000 0.600000
vt 1.000000 0.800000
vt 1.000000 1.000000
s 1
usemtl Copper_|_burnished_trim
f 968/1148/1331 970/1149/1332 969/1150/1333
f 968/1148/1331 971/1151/1334 970/1149/1332
f 968/1148/1331 972/1152/1335 971/1151/1334
f 968/1148/1331 973/1153/1336 972/1152/1335
f 968/1148/1331 974/1154/1337 973/1153/1336
f 968/1148/1331 975/1155/1338 974/1154/1337
f 968/1148/1331 976/1156/1339 975/1155/1338
f 968/1148/1331 977/1157/1340 976/1156/1339
f 968/1148/1331 978/1158/1341 977/1157/1340
f 968/1148/1331 979/1159/1342 978/1158/1341
f 983/1160/1343 985/1161/1344 984/1162/1345
f 968/1148/1331 980/1163/1346 979/1159/1342
f 968/1148/1331 981/1164/1347 980/1163/1346
f 968/1148/1331 982/1165/1348 981/1164/1347
f 982/1165/1348 985/1161/1344 983/1160/1343
f 968/1148/1331 985/1161/1344 982/1165/1348
f 968/1148/1331 986/1166/1349 985/1161/1344
f 968/1148/1331 987/1167/1350 986/1166/1349
f 968/1148/1331 988/1168/1351 987/1167/1350
f 968/1148/1331 967/1169/1352 988/1168/1351
f 990/1148/1353 991/1150/1354 992/1149/1355
f 990/1148/1353 992/1149/1355 993/1151/1356
f 990/1148/1353 993/1151/1356 994/1152/1357
f 990/1148/1353 994/1152/1357 995/1153/1358
f 990/1148/1353 995/1153/1358 996/1154/1359
f 990/1148/1353 996/1154/1359 997/1155/1360
f 990/1148/1353 997/1155/1360 998/1156/1361
f 990/1148/1353 998/1156/1361 999/1157/1362
f 990/1148/1353 999/1157/1362 1000/1158/1363
f 990/1148/1353 1000/1158/1363 1001/1159/1364
f 1005/1160/1365 1006/1162/1366 1007/1161/1367
f 990/1148/1353 1001/1159/1364 1002/1163/1368
f 990/1148/1353 1002/1163/1368 1003/1164/1369
f 990/1148/1353 1003/1164/1369 1004/1165/1370
f 1004/1165/1370 1005/1160/1365 1007/1161/1367
f 990/1148/1353 1004/1165/1370 1007/1161/1367
f 990/1148/1353 1007/1161/1367 1008/1166/1371
f 990/1148/1353 1008/1166/1371 1009/1167/1372
f 990/1148/1353 1009/1167/1372 1010/1168/1373
f 990/1148/1353 1010/1168/1373 989/1169/1374
f 1011/1170/1375 1015/1171/1376 990/1172/1353 989/1169/1374
f 1012/1173/1377 1016/1174/1378 1015/1171/1379 1011/1170/1379
f 1013/1175/1380 1017/1176/1381 1016/1174/1378 1012/1173/1377
f 1014/1177/1382 1018/1178/1382 1017/1176/1381 1013/1175/1380
f 967/1179/1352 968/1180/1331 1018/1178/1383 1014/1177/1384
f 1015/1171/1376 1019/1181/1385 991/1182/1354 990/1172/1353
f 1016/1174/1386 1020/1183/1387 1019/1181/1388 1015/1171/1388
f 1017/1176/1389 1021/1184/1390 1020/1183/1387 1016/1174/1386
f 1018/1178/1391 1022/1185/1391 1021/1184/1390 1017/1176/1389
f 968/1180/1331 969/1186/1333 1022/1185/1392 1018/1178/1383
f 1019/1181/1393 1023/1187/1394 992/1188/1355 991/1182/1354
f 1020/1183/1395 1024/1189/1396 1023/1187/1397 1019/1181/1398
f 1021/1184/1399 1025/1190/1400 1024/1189/1396 1020/1183/1395
f 1022/1185/1401 1026/1191/1402 1025/1190/1400 1021/1184/1399
f 969/1186/1333 970/1192/1332 1026/1191/1403 1022/1185/1404
f 1023/1187/1394 1027/1193/1405 993/1194/1356 992/1188/1355
f 1024/1189/1396 1028/1195/1406 1027/1193/1407 1023/1187/1397
f 1025/1190/1400 1029/1196/1408 1028/1195/1406 1024/1189/1396
f 1026/1191/1402 1030/1197/1409 1029/1196/1408 1025/1190/1400
f 970/1192/1332 971/1198/1334 1030/1197/1410 1026/1191/1403
f 1027/1193/1405 1031/1199/1411 994/1200/1357 993/1194/1356
f 1028/1195/1406 1032/1201/1412 1031/1199/1413 1027/1193/1407
f 1029/1196/1408 1033/1202/1414 1032/1201/1412 1028/1195/1406
f 1030/1197/1409 1034/1203/1415 1033/1202/1414 1029/1196/1408
f 971/1198/1334 972/1204/1335 1034/1203/1416 1030/1197/1410
f 1031/1199/1411 1035/1205/1417 995/1206/1358 994/1200/1357
f 1032/1201/1412 1036/1207/1418 1035/1205/1419 1031/1199/1413
f 1033/1202/1414 1037/1208/1420 1036/1207/1418 1032/1201/1412
f 1034/1203/1415 1038/1209/1421 1037/1208/1420 1033/1202/1414
f 972/1204/1335 973/1210/1336 1038/1209/1422 1034/1203/1416
f 1035/1205/1417 1039/1211/1423 996/1212/1359 995/1206/1358
f 1036/1207/1418 1040/1213/1424 1039/1211/1425 1035/1205/1419
f 1037/1208/1420 1041/1214/1426 1040/1213/1424 1036/1207/1418
f 1038/1209/1421 1042/1215/1427 1041/1214/1426 1037/1208/1420
f 973/1210/1336 974/1216/1337 1042/1215/1428 1038/1209/1422
f 1039/1211/1423 1043/1217/1429 997/1218/1360 996/1212/1359
f 1040/1213/1424 1044/1219/1430 1043/1217/1431 1039/1211/1425
f 1041/1214/1426 1045/1220/1432 1044/1219/1430 1040/1213/1424
f 1042/1215/1427 1046/1221/1433 1045/1220/1432 1041/1214/1426
f 974/1216/1337 975/1222/1338 1046/1221/1434 1042/1215/1428
f 1043/1217/1429 1047/1223/1435 998/1224/1361 997/1218/1360
f 1044/1219/1430 1048/1225/1436 1047/1223/1437 1043/1217/1431
f 1045/1220/1432 1049/1226/1438 1048/1225/1436 1044/1219/1430
f 1046/1221/1433 1050/1227/1439 1049/1226/1438 1045/1220/1432
f 975/1222/1338 976/1228/1339 1050/1227/1440 1046/1221/1434
f 1047/1223/1435 1051/1229/1441 999/1230/1362 998/1224/1361
f 1048/1225/1436 1052/1231/1442 1051/1229/1443 1047/1223/1437
f 1049/1226/1438 1053/1232/1444 1052/1231/1442 1048/1225/1436
f 1050/1227/1439 1054/1233/1445 1053/1232/1444 1049/1226/1438
f 976/1228/1339 977/1234/1340 1054/1233/1446 1050/1227/1440
f 1051/1229/1441 1055/1235/1447 1000/1236/1363 999/1230/1362
f 1052/1231/1442 1056/1237/1448 1055/1235/1449 1051/1229/1443
f 1053/1232/1444 1057/1238/1450 1056/1237/1448 1052/1231/1442
f 1054/1233/1445 1058/1239/1451 1057/1238/1450 1053/1232/1444
f 977/1234/1340 978/1240/1341 1058/1239/1452 1054/1233/1446
f 1055/1235/1447 1059/1241/1453 1001/1242/1364 1000/1236/1363
f 1056/1237/1448 1060/1243/1454 1059/1241/1455 1055/1235/1449
f 1057/1238/1450 1061/1244/1456 1060/1243/1454 1056/1237/1448
f 1058/1239/1451 1062/1245/1457 1061/1244/1456 1057/1238/1450
f 978/1240/1341 979/1246/1342 1062/1245/1458 1058/1239/1452
f 1059/1241/1453 1063/1247/1459 1002/1248/1368 1001/1242/1364
f 1060/1243/1454 1064/1249/1460 1063/1247/1461 1059/1241/1455
f 1061/1244/1456 1065/1250/1462 1064/1249/1460 1060/1243/1454
f 1062/1245/1457 1066/1251/1463 1065/1250/1462 1061/1244/1456
f 979/1246/1342 980/1252/1346 1066/1251/1464 1062/1245/1458
f 1063/1247/1459 1067/1253/1465 1003/1254/1369 1002/1248/1368
f 1064/1249/1460 1068/1255/1466 1067/1253/1467 1063/1247/1461
f 1065/1250/1462 1069/1256/1468 1068/1255/1466 1064/1249/1460
f 1066/1251/1463 1070/1257/1469 1069/1256/1468 1065/1250/1462
f 980/1252/1346 981/1258/1347 1070/1257/1470 1066/1251/1464
f 1067/1253/1465 1071/1259/1471 1004/1260/1370 1003/1254/1369
f 1068/1255/1466 1072/1261/1472 1071/1259/1473 1067/1253/1467
f 1069/1256/1468 1073/1262/1474 1072/1261/1472 1068/1255/1466
f 1070/1257/1469 1074/1263/1475 1073/1262/1474 1069/1256/1468
f 981/1258/1347 982/1264/1348 1074/1263/1476 1070/1257/1470
f 1071/1259/1471 1075/1265/1477 1005/1266/1365 1004/1260/1370
f 1072/1261/1472 1076/1267/1478 1075/1265/1479 1071/1259/1473
f 1073/1262/1474 1077/1268/1480 1076/1267/1478 1072/1261/1472
f 1074/1263/1475 1078/1269/1481 1077/1268/1480 1073/1262/1474
f 982/1264/1348 983/1270/1343 1078/1269/1482 1074/1263/1476
f 1075/1265/1477 1079/1271/1483 1006/1272/1366 1005/1266/1365
f 1076/1267/1478 1080/1273/1484 1079/1271/1485 1075/1265/1479
f 1077/1268/1480 1081/1274/1486 1080/1273/1484 1076/1267/1478
f 1078/1269/1481 1082/1275/1487 1081/1274/1486 1077/1268/1480
f 983/1270/1343 984/1276/1345 1082/1275/1488 1078/1269/1482
f 1079/1271/1483 1083/1277/1489 1007/1278/1367 1006/1272/1366
f 1080/1273/1484 1084/1279/1490 1083/1277/1491 1079/1271/1485
f 1081/1274/1486 1085/1280/1492 1084/1279/1490 1080/1273/1484
f 1082/1275/1487 1086/1281/1493 1085/1280/1492 1081/1274/1486
f 984/1276/1345 985/1282/1344 1086/1281/1494 1082/1275/1488
f 1083/1277/1489 1087/1283/1495 1008/1284/1371 1007/1278/1367
f 1084/1279/1490 1088/1285/1496 1087/1283/1497 1083/1277/1491
f 1085/1280/1492 1089/1286/1498 1088/1285/1496 1084/1279/1490
f 1086/1281/1493 1090/1287/1499 1089/1286/1498 1085/1280/1492
f 985/1282/1344 986/1288/1349 1090/1287/1500 1086/1281/1494
f 1087/1283/1495 1091/1289/1501 1009/1290/1372 1008/1284/1371
f 1088/1285/1496 1092/1291/1502 1091/1289/1503 1087/1283/1497
f 1089/1286/1498 1093/1292/1504 1092/1291/1502 1088/1285/1496
f 1090/1287/1499 1094/1293/1505 1093/1292/1504 1089/1286/1498
f 986/1288/1349 987/1294/1350 1094/1293/1506 1090/1287/1500
f 1091/1289/1501 1095/1295/1507 1010/1296/1373 1009/1290/1372
f 1092/1291/1502 1096/1297/1508 1095/1295/1509 1091/1289/1503
f 1093/1292/1504 1097/1298/1510 1096/1297/1508 1092/1291/1502
f 1094/1293/1505 1098/1299/1511 1097/1298/1510 1093/1292/1504
f 987/1294/1350 988/1300/1351 1098/1299/1512 1094/1293/1506
f 1095/1295/1507 1011/1301/1513 989/1168/1374 1010/1296/1373
f 1096/1297/1508 1012/1302/1514 1011/1301/1515 1095/1295/1509
f 1097/1298/1510 1013/1303/1516 1012/1302/1514 1096/1297/1508
f 1098/1299/1511 1014/1304/1517 1013/1303/1516 1097/1298/1510
f 988/1300/1351 967/1305/1352 1014/1304/1518 1098/1299/1512
o Trigger_guard
v 0.049692 -0.009744 0.007500
v 0.044160 -0.000763 0.007500
v 0.041797 0.008795 0.007500
v 0.040703 0.018583 0.007500
v 0.038974 0.028256 0.007500
v 0.141282 0.023385 0.007500
v 0.135381 0.018205 0.007500
v 0.129606 0.013145 0.007500
v 0.123580 0.007846 0.007500
v 0.116923 0.001949 0.007500
v 0.111983 -0.003113 0.007500
v 0.107860 -0.007908 0.007500
v 0.103397 -0.012159 0.007500
v 0.097436 -0.015590 0.007500
v 0.089998 -0.017918 0.007500
v 0.083088 -0.018650 0.007500
v 0.076044 -0.018218 0.007500
v 0.068205 -0.017051 0.007500
v 0.062810 -0.016188 0.007500
v 0.058027 -0.015086 0.007500
v 0.053705 -0.013140 0.007500
v 0.057259 -0.003612 0.007500
v 0.060317 -0.006261 0.007500
v 0.063910 -0.008216 0.007500
v 0.068205 -0.009744 0.007500
v 0.074584 -0.011149 0.007500
v 0.080406 -0.011369 0.007500
v 0.086217 -0.010532 0.007500
v 0.092564 -0.008769 0.007500
v 0.097597 -0.006743 0.007500
v 0.101719 -0.004258 0.007500
v 0.105526 -0.001227 0.007500
v 0.109615 0.002436 0.007500
v 0.115266 0.006659 0.007500
v 0.120863 0.010642 0.007500
v 0.124490 0.015028 0.007500
v 0.124231 0.020462 0.007500
v 0.110434 0.034712 0.007500
v 0.090300 0.039181 0.007500
v 0.068862 0.034778 0.007500
v 0.051154 0.022410 0.007500
v 0.048564 0.017170 0.007500
v 0.048926 0.011545 0.007500
v 0.051254 0.005750 0.007500
v 0.054564 0.000000 0.007500
v 0.049692 -0.009744 -0.007500
v 0.044160 -0.000763 -0.007500
v 0.041797 0.008795 -0.007500
v 0.040703 0.018583 -0.007500
v 0.038974 0.028256 -0.007500
v 0.141282 0.023385 -0.007500
v 0.135381 0.018205 -0.007500
v 0.129606 0.013145 -0.007500
v 0.123580 0.007846 -0.007500
v 0.116923 0.001949 -0.007500
v 0.111983 -0.003113 -0.007500
v 0.107860 -0.007908 -0.007500
v 0.103397 -0.012159 -0.007500
v 0.097436 -0.015590 -0.007500
v 0.089998 -0.017918 -0.007500
v 0.083088 -0.018650 -0.007500
v 0.076044 -0.018218 -0.007500
v 0.068205 -0.017051 -0.007500
v 0.062810 -0.016188 -0.007500
v 0.058027 -0.015086 -0.007500
v 0.053705 -0.013140 -0.007500
v 0.057259 -0.003612 -0.007500
v 0.060317 -0.006261 -0.007500
v 0.063910 -0.008216 -0.007500
v 0.068205 -0.009744 -0.007500
v 0.074584 -0.011149 -0.007500
v 0.080406 -0.011369 -0.007500
v 0.086217 -0.010532 -0.007500
v 0.092564 -0.008769 -0.007500
v 0.097597 -0.006743 -0.007500
v 0.101719 -0.004258 -0.007500
v 0.105526 -0.001227 -0.007500
v 0.109615 0.002436 -0.007500
v 0.115266 0.006659 -0.007500
v 0.120863 0.010642 -0.007500
v 0.124490 0.015028 -0.007500
v 0.124231 0.020462 -0.007500
v 0.110434 0.034712 -0.007500
v 0.090300 0.039181 -0.007500
v 0.068862 0.034778 -0.007500
v 0.051154 0.022410 -0.007500
v 0.048564 0.017170 -0.007500
v 0.048926 0.011545 -0.007500
v 0.051254 0.005750 -0.007500
v 0.054564 -0.000000 -0.007500
v 0.048878 -0.010444 -0.007061
v 0.048541 -0.010734 -0.006000
v 0.048541 -0.010734 0.006000
v 0.048878 -0.010444 0.007061
v 0.043170 -0.001178 -0.007061
v 0.042760 -0.001350 -0.006000
v 0.042760 -0.001350 0.006000
v 0.043170 -0.001178 0.007061
v 0.040751 0.008608 -0.007061
v 0.040318 0.008531 -0.006000
v 0.040318 0.008531 0.006000
v 0.040751 0.008608 0.007061
v 0.039653 0.018431 -0.007061
v 0.039218 0.018368 -0.006000
v 0.039218 0.018368 0.006000
v 0.039653 0.018431 0.007061
v 0.037696 0.029379 -0.007061
v 0.037167 0.029844 -0.006000
v 0.037167 0.029844 0.006000
v 0.037696 0.029379 0.007061
v 0.143955 0.024319 -0.007061
v 0.145062 0.024706 -0.006000
v 0.145062 0.024706 0.006000
v 0.143955 0.024319 0.007061
v 0.136081 0.017408 -0.007061
v 0.136370 0.017077 -0.006000
v 0.136370 0.017077 0.006000
v 0.136081 0.017408 0.007061
v 0.130306 0.012348 -0.007061
v 0.130596 0.012018 -0.006000
v 0.130596 0.012018 0.006000
v 0.130306 0.012348 0.007061
v 0.124281 0.007051 -0.007061
v 0.124572 0.006722 -0.006000
v 0.124572 0.006722 0.006000
v 0.124281 0.007051 0.007061
v 0.117655 0.001180 -0.007061
v 0.117959 0.000862 -0.006000
v 0.117959 0.000862 0.006000
v 0.117655 0.001180 0.007061
v 0.112765 -0.003830 -0.007061
v 0.113090 -0.004127 -0.006000
v 0.113090 -0.004127 0.006000
v 0.112765 -0.003830 0.007061
v 0.108630 -0.008640 -0.007061
v 0.108949 -0.008943 -0.006000
v 0.108949 -0.008943 0.006000
v 0.108630 -0.008640 0.007061
v 0.104036 -0.013015 -0.007061
v 0.104301 -0.013369 -0.006000
v 0.104301 -0.013369 0.006000
v 0.104036 -0.013015 0.007061
v 0.097864 -0.016567 -0.007061
v 0.098041 -0.016972 -0.006000
v 0.098041 -0.016972 0.006000
v 0.097864 -0.016567 0.007061
v 0.090215 -0.018961 -0.007061
v 0.090304 -0.019394 -0.006000
v 0.090304 -0.019394 0.006000
v 0.090215 -0.018961 0.007061
v 0.083111 -0.019715 -0.007061
v 0.083121 -0.020155 -0.006000
v 0.083121 -0.020155 0.006000
v 0.083111 -0.019715 0.007061
v 0.075933 -0.019274 -0.007061
v 0.075887 -0.019711 -0.006000
v 0.075887 -0.019711 0.006000
v 0.075933 -0.019274 0.007061
v 0.068043 -0.018100 -0.007061
v 0.067976 -0.018534 -0.006000
v 0.067976 -0.018534 0.006000
v 0.068043 -0.018100 0.007061
v 0.062607 -0.017230 -0.007061
v 0.062523 -0.017661 -0.006000
v 0.062523 -0.017661 0.006000
v 0.062607 -0.017230 0.007061
v 0.057687 -0.016097 -0.007061
v 0.057546 -0.016515 -0.006000
v 0.057546 -0.016515 0.006000
v 0.057687 -0.016097 0.007061
v 0.053133 -0.014046 -0.007061
v 0.052896 -0.014421 -0.006000
v 0.052896 -0.014421 0.006000
v 0.053133 -0.014046 0.007061
v 0.058040 -0.002885 -0.007061
v 0.058364 -0.002585 -0.006000
v 0.058364 -0.002585 0.006000
v 0.058040 -0.002885 0.007061
v 0.060925 -0.005384 -0.007061
v 0.061177 -0.005021 -0.006000
v 0.061177 -0.005021 0.006000
v 0.060925 -0.005384 0.007061
v 0.064344 -0.007244 -0.007061
v 0.064523 -0.006842 -0.006000
v 0.064523 -0.006842 0.006000
v 0.064344 -0.007244 0.007061
v 0.068498 -0.008722 -0.007061
v 0.068620 -0.008299 -0.006000
v 0.068620 -0.008299 0.006000
v 0.068498 -0.008722 0.007061
v 0.074719 -0.010093 -0.007061
v 0.074775 -0.009655 -0.006000
v 0.074775 -0.009655 0.006000
v 0.074719 -0.010093 0.007061
v 0.080350 -0.010305 -0.007061
v 0.080327 -0.009865 -0.006000
v 0.080327 -0.009865 0.006000
v 0.080350 -0.010305 0.007061
v 0.085999 -0.009492 -0.007061
v 0.085909 -0.009061 -0.006000
v 0.085909 -0.009061 0.006000
v 0.085999 -0.009492 0.007061
v 0.092223 -0.007763 -0.007061
v 0.092082 -0.007346 -0.006000
v 0.092082 -0.007346 0.006000
v 0.092223 -0.007763 0.007061
v 0.097122 -0.005790 -0.007061
v 0.096926 -0.005396 -0.006000
v 0.096926 -0.005396 0.006000
v 0.097122 -0.005790 0.007061
v 0.101112 -0.003385 -0.007061
v 0.100861 -0.003023 -0.006000
v 0.100861 -0.003023 0.006000
v 0.101112 -0.003385 0.007061
v 0.104841 -0.000416 -0.007061
v 0.104557 -0.000081 -0.006000
v 0.104557 -0.000081 0.006000
v 0.104841 -0.000416 0.007061
v 0.108943 0.003257 -0.007061
v 0.108664 0.003598 -0.006000
v 0.108664 0.003598 0.006000
v 0.108943 0.003257 0.007061
v 0.114641 0.007516 -0.007061
v 0.114382 0.007871 -0.006000
v 0.114382 0.007871 0.006000
v 0.114641 0.007516 0.007061
v 0.120135 0.011425 -0.007061
v 0.119833 0.011750 -0.006000
v 0.119833 0.011750 0.006000
v 0.120135 0.011425 0.007061
v 0.123411 0.015387 -0.007061
v 0.122964 0.015536 -0.006000
v 0.122964 0.015536 0.006000
v 0.123411 0.015387 0.007061
v 0.123190 0.020011 -0.007061
v 0.122759 0.019825 -0.006000
v 0.122759 0.019825 0.006000
v 0.123190 0.020011 0.007061
v 0.109893 0.033746 -0.007061
v 0.109669 0.033345 -0.006000
v 0.109669 0.033345 0.006000
v 0.109893 0.033746 0.007061
v 0.090291 0.038097 -0.007061
v 0.090288 0.037648 -0.006000
v 0.090288 0.037648 0.006000
v 0.090291 0.038097 0.007061
v 0.069290 0.033783 -0.007061
v 0.069467 0.033371 -0.006000
v 0.069467 0.033371 0.006000
v 0.069290 0.033783 0.007061
v 0.051984 0.021696 -0.007061
v 0.052328 0.021401 -0.006000
v 0.052328 0.021401 0.006000
v 0.051984 0.021696 0.007061
v 0.049641 0.016955 -0.007061
v 0.050087 0.016866 -0.006000
v 0.050087 0.016866 0.006000
v 0.049641 0.016955 0.007061
v 0.049973 0.011783 -0.007061
v 0.050407 0.011881 -0.006000
v 0.050407 0.011881 0.006000
v 0.049973 0.011783 0.007061
v 0.052210 0.006215 -0.007061
v 0.052606 0.006407 -0.006000
v 0.052606 0.006407 0.006000
v 0.052210 0.006215 0.007061
v 0.055452 0.000584 -0.007061
v 0.055820 0.000826 -0.006000
v 0.055820 0.000826 0.006000
v 0.055452 0.000584 0.007061
vn -0.0000 -0.0000 -1.0000
vn -0.1891 -0.0274 0.9816
vn 0.1102 -0.0947 0.9894
vn -0.1464 0.1286 0.9808
vn 0.1260 0.0441 0.9911
vn -0.1164 -0.0504 0.9919
vn 0.1287 -0.1467 0.9808
vn 0.1554 -0.0311 0.9874
vn -0.1338 0.0446 0.9900
vn -0.1993 -0.0356 0.9793
vn 0.1286 -0.1465 0.9808
vn 0.1697 0.0385 0.9847
vn -0.1212 0.1304 0.9840
vn 0.1289 -0.1461 0.9808
vn 0.1675 0.0814 0.9825
vn -0.1158 0.1587 0.9805
vn -0.1947 -0.0817 0.9774
vn 0.1315 -0.1380 0.9817
vn -0.1268 0.1549 0.9798
vn 0.1568 0.1031 0.9822
vn -0.1236 0.1463 0.9815
vn 0.1410 -0.1292 0.9815
vn 0.1327 0.1234 0.9835
vn -0.1603 -0.1379 0.9774
vn -0.1067 0.1535 0.9824
vn 0.1456 -0.1383 0.9796
vn 0.1032 0.1489 0.9834
vn -0.0826 0.1655 0.9827
vn 0.0755 0.1691 0.9827
vn -0.0604 0.1782 0.9821
vn 0.1245 -0.1666 0.9781
vn 0.0516 0.1800 0.9823
vn -0.0384 0.1831 0.9823
vn -0.1120 -0.1775 0.9777
vn 0.0233 0.1822 0.9830
vn -0.0097 0.1833 0.9830
vn 0.0830 -0.1896 0.9783
vn -0.0657 -0.1951 0.9786
vn -0.0381 -0.1954 0.9800
vn 0.0418 -0.2017 0.9786
vn -0.0299 -0.1934 0.9807
vn -0.0209 -0.1990 0.9798
vn 0.0045 -0.2043 0.9789
vn -0.0000 -0.0000 1.0000
vn -0.1891 -0.0274 -0.9816
vn -0.1464 0.1286 -0.9808
vn 0.1102 -0.0947 -0.9894
vn 0.1260 0.0441 -0.9911
vn -0.1164 -0.0504 -0.9919
vn 0.1287 -0.1467 -0.9808
vn 0.1554 -0.0311 -0.9874
vn -0.1338 0.0446 -0.9900
vn -0.1993 -0.0356 -0.9793
vn 0.1286 -0.1465 -0.9808
vn 0.1697 0.0385 -0.9847
vn -0.1212 0.1304 -0.9840
vn 0.1289 -0.1461 -0.9808
vn 0.1675 0.0814 -0.9825
vn -0.1158 0.1587 -0.9805
vn -0.1947 -0.0817 -0.9774
vn 0.1315 -0.1380 -0.9817
vn -0.1268 0.1549 -0.9798
vn 0.1568 0.1031 -0.9822
vn -0.1236 0.1463 -0.9815
vn 0.1410 -0.1292 -0.9815
vn 0.1327 0.1234 -0.9835
vn -0.1603 -0.1379 -0.9774
vn -0.1067 0.1535 -0.9824
vn 0.1456 -0.1383 -0.9796
vn 0.1032 0.1489 -0.9834
vn -0.0826 0.1655 -0.9827
vn 0.0755 0.1691 -0.9827
vn -0.0604 0.1782 -0.9821
vn 0.1245 -0.1666 -0.9781
vn 0.0516 0.1800 -0.9823
vn -0.0384 0.1831 -0.9823
vn -0.1120 -0.1775 -0.9777
vn 0.0233 0.1822 -0.9830
vn -0.0097 0.1833 -0.9830
vn 0.0830 -0.1896 -0.9783
vn -0.0657 -0.1951 -0.9786
vn -0.0381 -0.1954 -0.9800
vn 0.0418 -0.2017 -0.9786
vn -0.0299 -0.1934 -0.9807
vn -0.0209 -0.1990 -0.9798
vn 0.0045 -0.2043 -0.9789
vn -0.2871 -0.2468 -0.9256
vn -0.3493 -0.1465 -0.9255
vn -0.7439 -0.6397 -0.1936
vn -0.9047 -0.3795 -0.1935
vn -0.8504 -0.3568 -0.3866
vn -0.6992 -0.6013 -0.3868
vn -0.7439 -0.6397 0.1936
vn -0.9047 -0.3795 0.1935
vn -0.6992 -0.6013 0.3868
vn -0.8504 -0.3568 0.3866
vn -0.3493 -0.1465 0.9255
vn -0.2871 -0.2468 0.9256
vn -0.3760 -0.0672 -0.9242
vn -0.9657 -0.1726 -0.1939
vn -0.9092 -0.1625 -0.3834
vn -0.9657 -0.1726 0.1939
vn -0.9092 -0.1625 0.3834
vn -0.3760 -0.0672 0.9242
vn -0.3785 -0.0549 -0.9240
vn -0.9704 -0.1408 -0.1960
vn -0.9142 -0.1327 -0.3829
vn -0.9704 -0.1408 0.1960
vn -0.9142 -0.1327 0.3829
vn -0.3785 -0.0549 0.9240
vn -0.1879 0.1650 -0.9682
vn -0.9713 -0.1736 -0.1626
vn -0.9095 -0.1625 -0.3827
vn -0.9713 -0.1736 0.1626
vn -0.9095 -0.1625 0.3827
vn -0.1879 0.1650 0.9682
vn 0.0182 0.3823 -0.9239
vn 0.0469 0.9856 -0.1626
vn 0.0471 0.9900 -0.1328
vn 0.0439 0.9228 -0.3827
vn 0.0469 0.9856 0.1626
vn 0.0471 0.9900 0.1328
vn 0.0439 0.9228 0.3827
vn 0.0182 0.3823 0.9239
vn 0.2524 -0.2876 -0.9239
vn 0.2523 -0.2877 -0.9239
vn 0.6538 -0.7449 -0.1328
vn 0.6467 -0.7374 -0.1951
vn 0.6092 -0.6946 -0.3827
vn 0.6095 -0.6943 -0.3827
vn 0.6538 -0.7449 0.1328
vn 0.6467 -0.7374 0.1951
vn 0.6095 -0.6943 0.3827
vn 0.6092 -0.6946 0.3827
vn 0.2523 -0.2877 0.9239
vn 0.2524 -0.2876 0.9239
vn 0.6470 -0.7371 -0.1951
vn 0.6094 -0.6944 -0.3827
vn 0.6470 -0.7371 0.1951
vn 0.6094 -0.6944 0.3827
vn 0.2532 -0.2869 -0.9239
vn 0.6490 -0.7353 -0.1951
vn 0.6114 -0.6927 -0.3827
vn 0.6490 -0.7353 0.1951
vn 0.6114 -0.6927 0.3827
vn 0.2532 -0.2869 0.9239
vn 0.2639 -0.2769 -0.9240
vn 0.6765 -0.7099 -0.1961
vn 0.6373 -0.6688 -0.3829
vn 0.6765 -0.7099 0.1961
vn 0.6373 -0.6688 0.3829
vn 0.2639 -0.2769 0.9240
vn 0.2820 -0.2584 -0.9239
vn 0.7230 -0.6624 -0.1959
vn 0.6811 -0.6241 -0.3828
vn 0.7230 -0.6624 0.1959
vn 0.6812 -0.6241 0.3828
vn 0.2820 -0.2584 0.9239
vn 0.2771 -0.2633 -0.9240
vn 0.7111 -0.6758 -0.1941
vn 0.6696 -0.6363 -0.3831
vn 0.7111 -0.6758 0.1941
vn 0.6696 -0.6363 0.3831
vn 0.2771 -0.2633 0.9240
vn 0.2276 -0.3047 -0.9248
vn 0.5872 -0.7860 -0.1935
vn 0.5524 -0.7394 -0.3850
vn 0.5872 -0.7860 0.1935
vn 0.5524 -0.7394 0.3850
vn 0.2276 -0.3047 0.9248
vn 0.1527 -0.3488 -0.9247
vn 0.3936 -0.8987 -0.1936
vn 0.3703 -0.8455 -0.3846
vn 0.3936 -0.8987 0.1936
vn 0.3703 -0.8455 0.3846
vn 0.1527 -0.3488 0.9247
vn 0.0774 -0.3731 -0.9245
vn 0.1992 -0.9606 -0.1936
vn 0.1875 -0.9040 -0.3843
vn 0.1992 -0.9606 0.1936
vn 0.1875 -0.9040 0.3843
vn 0.0774 -0.3731 0.9245
vn 0.0085 -0.3815 -0.9243
vn 0.0217 -0.9808 -0.1937
vn 0.0205 -0.9232 -0.3838
vn 0.0217 -0.9808 0.1937
vn 0.0205 -0.9232 0.3838
vn 0.0085 -0.3815 0.9243
vn -0.0399 -0.3803 -0.9240
vn -0.1024 -0.9756 -0.1942
vn -0.0964 -0.9187 -0.3830
vn -0.1024 -0.9756 0.1942
vn -0.0964 -0.9187 0.3830
vn -0.0399 -0.3803 0.9240
vn -0.0584 -0.3782 -0.9239
vn -0.1497 -0.9693 -0.1950
vn -0.1410 -0.9131 -0.3827
vn -0.1497 -0.9693 0.1950
vn -0.1410 -0.9131 0.3827
vn -0.0584 -0.3782 0.9239
vn -0.0732 -0.3754 -0.9240
vn -0.1877 -0.9628 -0.1944
vn -0.1768 -0.9067 -0.3829
vn -0.1877 -0.9628 0.1944
vn -0.1768 -0.9067 0.3829
vn -0.0732 -0.3754 0.9240
vn -0.1216 -0.3612 -0.9245
vn -0.3130 -0.9298 -0.1936
vn -0.2946 -0.8750 -0.3843
vn -0.3130 -0.9298 0.1936
vn -0.2946 -0.8750 0.3843
vn -0.1216 -0.3612 0.9245
vn -0.2025 -0.3210 -0.9252
vn -0.5234 -0.8298 -0.1935
vn -0.4922 -0.7803 -0.3859
vn -0.5234 -0.8298 0.1935
vn -0.4922 -0.7803 0.3859
vn -0.2025 -0.3210 0.9252
vn 0.2789 0.2593 -0.9247
vn 0.2169 0.3130 -0.9247
vn 0.7178 0.6673 -0.1987
vn 0.5582 0.8055 -0.1987
vn 0.5258 0.7587 -0.3846
vn 0.6760 0.6285 -0.3846
vn 0.7178 0.6673 0.1987
vn 0.5582 0.8055 0.1987
vn 0.6760 0.6285 0.3846
vn 0.5258 0.7587 0.3846
vn 0.2169 0.3130 0.9247
vn 0.2789 0.2593 0.9247
vn 0.1556 0.3485 -0.9243
vn 0.3998 0.8951 -0.1975
vn 0.3766 0.8432 -0.3837
vn 0.3998 0.8951 0.1975
vn 0.3766 0.8432 0.3837
vn 0.1556 0.3485 0.9243
vn 0.1053 0.3672 -0.9241
vn 0.2703 0.9424 -0.1969
vn 0.2547 0.8878 -0.3833
vn 0.2703 0.9424 0.1969
vn 0.2547 0.8878 0.3833
vn 0.1053 0.3672 0.9241
vn 0.0484 0.3783 -0.9244
vn 0.1244 0.9723 -0.1980
vn 0.1172 0.9159 -0.3840
vn 0.1244 0.9723 0.1980
vn 0.1172 0.9159 0.3840
vn 0.0484 0.3783 0.9244
vn -0.0201 0.3808 -0.9244
vn -0.0516 0.9788 -0.1980
vn -0.0486 0.9220 -0.3840
vn -0.0516 0.9788 0.1980
vn -0.0486 0.9220 0.3840
vn -0.0201 0.3808 0.9244
vn -0.0785 0.3739 -0.9242
vn -0.2014 0.9595 -0.1970
vn -0.1898 0.9039 -0.3834
vn -0.2014 0.9595 0.1970
vn -0.1898 0.9039 0.3834
vn -0.0785 0.3739 0.9242
vn -0.1227 0.3619 -0.9241
vn -0.3148 0.9286 -0.1967
vn -0.2965 0.8748 -0.3832
vn -0.3148 0.9286 0.1967
vn -0.2965 0.8748 0.3832
vn -0.1227 0.3619 0.9241
vn -0.1703 0.3415 -0.9243
vn -0.4376 0.8772 -0.1976
vn -0.4122 0.8264 -0.3837
vn -0.4376 0.8772 0.1976
vn -0.4122 0.8264 0.3837
vn -0.1703 0.3415 0.9243
vn -0.2180 0.3137 -0.9242
vn -0.5596 0.8050 -0.1970
vn -0.5272 0.7584 -0.3834
vn -0.5596 0.8050 0.1970
vn -0.5272 0.7584 0.3834
vn -0.2180 0.3137 0.9242
vn -0.2468 0.2922 -0.9239
vn -0.6328 0.7492 -0.1959
vn -0.5961 0.7058 -0.3828
vn -0.6328 0.7492 0.1959
vn -0.5961 0.7058 0.3828
vn -0.2468 0.2922 0.9239
vn -0.2422 0.2958 -0.9240
vn -0.6215 0.7590 -0.1942
vn -0.5852 0.7147 -0.3830
vn -0.6215 0.7590 0.1942
vn -0.5852 0.7147 0.3830
vn -0.2422 0.2958 0.9240
vn -0.2255 0.3092 -0.9239
vn -0.5780 0.7925 -0.1948
vn -0.5444 0.7464 -0.3827
vn -0.5780 0.7925 0.1948
vn -0.5444 0.7464 0.3827
vn -0.2255 0.3092 0.9239
vn -0.2587 0.2782 -0.9250
vn -0.6673 0.7175 -0.1998
vn -0.6284 0.6757 -0.3855
vn -0.6673 0.7175 0.1998
vn -0.6284 0.6757 0.3855
vn -0.2587 0.2782 0.9250
vn -0.3419 0.1139 -0.9328
vn -0.7545 0.6239 -0.2038
vn -0.7120 0.5888 -0.3827
vn -0.7545 0.6239 0.2038
vn -0.7120 0.5888 0.3827
vn -0.3419 0.1139 0.9328
vn -0.3316 -0.1435 -0.9324
vn -0.9779 -0.0467 -0.2038
vn -0.9779 -0.0467 -0.2036
vn -0.9228 -0.0441 -0.3827
vn -0.9779 -0.0467 0.2038
vn -0.9779 -0.0467 0.2036
vn -0.9228 -0.0441 0.3827
vn -0.3316 -0.1435 0.9324
vn -0.1800 -0.3218 -0.9295
vn -0.7034 -0.6810 -0.2036
vn -0.4772 -0.8532 -0.2104
vn -0.4481 -0.8010 -0.3969
vn -0.6638 -0.6426 -0.3827
vn -0.7034 -0.6810 0.2036
vn -0.4772 -0.8532 0.2104
vn -0.6638 -0.6426 0.3827
vn -0.4481 -0.8010 0.3969
vn -0.1800 -0.3218 0.9295
vn -0.0030 -0.3754 -0.9268
vn -0.0078 -0.9789 -0.2044
vn -0.0073 -0.9208 -0.3900
vn -0.0078 -0.9789 0.2044
vn -0.0073 -0.9208 0.3900
vn -0.0030 -0.3754 0.9268
vn 0.1485 -0.3453 -0.9267
vn 0.3868 -0.8994 -0.2039
vn 0.3638 -0.8461 -0.3895
vn 0.3868 -0.8994 0.2039
vn 0.3638 -0.8461 0.3895
vn 0.1485 -0.3453 0.9267
vn 0.2824 -0.2427 -0.9281
vn 0.7419 -0.6377 -0.2072
vn 0.6973 -0.5994 -0.3932
vn 0.7419 -0.6377 0.2072
vn 0.6973 -0.5994 0.3932
vn 0.2824 -0.2427 0.9281
vn 0.3643 -0.0729 -0.9284
vn 0.9591 -0.1918 -0.2080
vn 0.9012 -0.1803 -0.3941
vn 0.9591 -0.1918 0.2080
vn 0.9012 -0.1803 0.3941
vn 0.3643 -0.0729 0.9284
vn 0.3692 0.0837 -0.9256
vn 0.9553 0.2167 -0.2013
vn 0.8993 0.2040 -0.3868
vn 0.9553 0.2167 0.2013
vn 0.8993 0.2040 0.3868
vn 0.3692 0.0837 0.9256
vn 0.3435 0.1669 -0.9242
vn 0.8818 0.4283 -0.1972
vn 0.8307 0.4035 -0.3835
vn 0.8818 0.4283 0.1972
vn 0.8307 0.4035 0.3835
vn 0.3435 0.1669 0.9242
vn 0.3193 0.2099 -0.9241
vn 0.8192 0.5387 -0.1968
vn 0.7717 0.5075 -0.3833
vn 0.8192 0.5387 0.1968
vn 0.7717 0.5075 0.3833
vn 0.3193 0.2099 0.9241
vt 0.886364 0.000000
vt 0.863636 0.000000
vt 0.840909 0.000000
vt 0.909091 0.000000
vt 0.818182 0.000000
vt 0.068182 0.000000
vt 0.090909 0.000000
vt 0.113636 0.000000
vt 0.136364 0.000000
vt 0.931818 0.000000
vt 0.795455 0.000000
vt 0.045455 0.000000
vt 0.159091 0.000000
vt 0.954545 0.000000
vt 0.772727 0.000000
vt 0.181818 0.000000
vt 0.977273 0.000000
vt 0.750000 0.000000
vt 0.022727 0.000000
vt 0.204545 0.000000
vt 0.727273 0.000000
vt 1.000000 0.000000
vt 0.704545 0.000000
vt 0.227273 0.000000
vt 0.477273 0.000000
vt 0.000000 0.000000
vt 0.681818 0.000000
vt 0.250000 0.000000
vt 0.500000 0.000000
vt 0.659091 0.000000
vt 0.522727 0.000000
vt 0.636364 0.000000
vt 0.272727 0.000000
vt 0.545455 0.000000
vt 0.613636 0.000000
vt 0.454545 0.000000
vt 0.568182 0.000000
vt 0.590909 0.000000
vt 0.295455 0.000000
vt 0.431818 0.000000
vt 0.409091 0.000000
vt 0.318182 0.000000
vt 0.386364 0.000000
vt 0.363636 0.000000
vt 0.340909 0.000000
vt 0.000000 0.200000
vt 0.047619 0.200000
vt 0.047619 0.000000
vt 0.000000 0.400000
vt 0.047619 0.400000
vt 0.000000 0.600000
vt 0.047619 0.600000
vt 0.000000 0.800000
vt 0.047619 0.800000
vt 0.000000 1.000000
vt 0.047619 1.000000
vt 0.095238 0.200000
vt 0.095238 0.000000
vt 0.095238 0.400000
vt 0.095238 0.600000
vt 0.095238 0.800000
vt 0.095238 1.000000
vt 0.142857 0.200000
vt 0.142857 0.000000
vt 0.142857 0.400000
vt 0.142857 0.600000
vt 0.142857 0.800000
vt 0.142857 1.000000
vt 0.190476 0.200000
vt 0.190476 0.000000
vt 0.190476 0.400000
vt 0.190476 0.600000
vt 0.190476 0.800000
vt 0.190476 1.000000
vt 0.238095 0.200000
vt 0.238095 0.000000
vt 0.238095 0.400000
vt 0.238095 0.600000
vt 0.238095 0.800000
vt 0.238095 1.000000
vt 0.285714 0.200000
vt 0.285714 0.000000
vt 0.285714 0.400000
vt 0.285714 0.600000
vt 0.285714 0.800000
vt 0.285714 1.000000
vt 0.333333 0.200000
vt 0.333333 0.000000
vt 0.333333 0.400000
vt 0.333333 0.600000
vt 0.333333 0.800000
vt 0.333333 1.000000
vt 0.380952 0.200000
vt 0.380952 0.000000
vt 0.380952 0.400000
vt 0.380952 0.600000
vt 0.380952 0.800000
vt 0.380952 1.000000
vt 0.428571 0.200000
vt 0.428571 0.000000
vt 0.428571 0.400000
vt 0.428571 0.600000
vt 0.428571 0.800000
vt 0.428571 1.000000
vt 0.476190 0.200000
vt 0.476190 0.000000
vt 0.476190 0.400000
vt 0.476190 0.600000
vt 0.476190 0.800000
vt 0.476190 1.000000
vt 0.523810 0.200000
vt 0.523810 0.000000
vt 0.523810 0.400000
vt 0.523810 0.600000
vt 0.523810 0.800000
vt 0.523810 1.000000
vt 0.571429 0.200000
vt 0.571429 0.000000
vt 0.571429 0.400000
vt 0.571429 0.600000
vt 0.571429 0.800000
vt 0.571429 1.000000
vt 0.619048 0.200000
vt 0.619048 0.000000
vt 0.619048 0.400000
vt 0.619048 0.600000
vt 0.619048 0.800000
vt 0.619048 1.000000
vt 0.666667 0.200000
vt 0.666667 0.000000
vt 0.666667 0.400000
vt 0.666667 0.600000
vt 0.666667 0.800000
vt 0.666667 1.000000
vt 0.714286 0.200000
vt 0.714286 0.000000
vt 0.714286 0.400000
vt 0.714286 0.600000
vt 0.714286 0.800000
vt 0.714286 1.000000
vt 0.761905 0.200000
vt 0.761905 0.000000
vt 0.761905 0.400000
vt 0.761905 0.600000
vt 0.761905 0.800000
vt 0.761905 1.000000
vt 0.809524 0.200000
vt 0.809524 0.000000
vt 0.809524 0.400000
vt 0.809524 0.600000
vt 0.809524 0.800000
vt 0.809524 1.000000
vt 0.857143 0.200000
vt 0.857143 0.000000
vt 0.857143 0.400000
vt 0.857143 0.600000
vt 0.857143 0.800000
vt 0.857143 1.000000
vt 0.904762 0.200000
vt 0.904762 0.000000
vt 0.904762 0.400000
vt 0.904762 0.600000
vt 0.904762 0.800000
vt 0.904762 1.000000
vt 0.952381 0.200000
vt 0.952381 0.000000
vt 0.952381 0.400000
vt 0.952381 0.600000
vt 0.952381 0.800000
vt 0.952381 1.000000
vt 1.000000 0.200000
vt 1.000000 0.400000
vt 1.000000 0.600000
vt 1.000000 0.800000
vt 1.000000 1.000000
vt 0.041667 0.200000
vt 0.041667 0.000000
vt 0.041667 0.400000
vt 0.041667 0.600000
vt 0.041667 0.800000
vt 0.041667 1.000000
vt 0.083333 0.200000
vt 0.083333 0.000000
vt 0.083333 0.400000
vt 0.083333 0.600000
vt 0.083333 0.800000
vt 0.083333 1.000000
vt 0.125000 0.200000
vt 0.125000 0.000000
vt 0.125000 0.400000
vt 0.125000 0.600000
vt 0.125000 0.800000
vt 0.125000 1.000000
vt 0.166667 0.200000
vt 0.166667 0.000000
vt 0.166667 0.400000
vt 0.166667 0.600000
vt 0.166667 0.800000
vt 0.166667 1.000000
vt 0.208333 0.200000
vt 0.208333 0.000000
vt 0.208333 0.400000
vt 0.208333 0.600000
vt 0.208333 0.800000
vt 0.208333 1.000000
vt 0.250000 0.200000
vt 0.250000 0.400000
vt 0.250000 0.600000
vt 0.250000 0.800000
vt 0.250000 1.000000
vt 0.291667 0.200000
vt 0.291667 0.000000
vt 0.291667 0.400000
vt 0.291667 0.600000
vt 0.291667 0.800000
vt 0.291667 1.000000
vt 0.375000 0.200000
vt 0.375000 0.000000
vt 0.375000 0.400000
vt 0.375000 0.600000
vt 0.375000 0.800000
vt 0.375000 1.000000
vt 0.416667 0.200000
vt 0.416667 0.000000
vt 0.416667 0.400000
vt 0.416667 0.600000
vt 0.416667 0.800000
vt 0.416667 1.000000
vt 0.458333 0.200000
vt 0.458333 0.000000
vt 0.458333 0.400000
vt 0.458333 0.600000
vt 0.458333 0.800000
vt 0.458333 1.000000
vt 0.500000 0.200000
vt 0.500000 0.400000
vt 0.500000 0.600000
vt 0.500000 0.800000
vt 0.500000 1.000000
vt 0.541667 0.200000
vt 0.541667 0.000000
vt 0.541667 0.400000
vt 0.541667 0.600000
vt 0.541667 0.800000
vt 0.541667 1.000000
vt 0.583333 0.200000
vt 0.583333 0.000000
vt 0.583333 0.400000
vt 0.583333 0.600000
vt 0.583333 0.800000
vt 0.583333 1.000000
vt 0.625000 0.200000
vt 0.625000 0.000000
vt 0.625000 0.400000
vt 0.625000 0.600000
vt 0.625000 0.800000
vt 0.625000 1.000000
vt 0.708333 0.200000
vt 0.708333 0.000000
vt 0.708333 0.400000
vt 0.708333 0.600000
vt 0.708333 0.800000
vt 0.708333 1.000000
vt 0.750000 0.200000
vt 0.750000 0.400000
vt 0.750000 0.600000
vt 0.750000 0.800000
vt 0.750000 1.000000
vt 0.791667 0.200000
vt 0.791667 0.000000
vt 0.791667 0.400000
vt 0.791667 0.600000
vt 0.791667 0.800000
vt 0.791667 1.000000
vt 0.833333 0.200000
vt 0.833333 0.000000
vt 0.833333 0.400000
vt 0.833333 0.600000
vt 0.833333 0.800000
vt 0.833333 1.000000
vt 0.875000 0.200000
vt 0.875000 0.000000
vt 0.875000 0.400000
vt 0.875000 0.600000
vt 0.875000 0.800000
vt 0.875000 1.000000
vt 0.916667 0.200000
vt 0.916667 0.000000
vt 0.916667 0.400000
vt 0.916667 0.600000
vt 0.916667 0.800000
vt 0.916667 1.000000
vt 0.958333 0.200000
vt 0.958333 0.000000
vt 0.958333 0.400000
vt 0.958333 0.600000
vt 0.958333 0.800000
vt 0.958333 1.000000
s 1
usemtl Copper_|_burnished_trim
f 1138/1306/1519 1137/1307/1519 1136/1308/1519
f 1139/1309/1519 1138/1306/1519 1136/1308/1519
f 1139/1309/1519 1136/1308/1519 1135/1310/1519
f 1102/1311/1520 1139/1309/1521 1103/1312/1522
f 1139/1309/1521 1104/1313/1523 1103/1312/1522
f 1139/1309/1521 1135/1310/1524 1104/1313/1523
f 1135/1310/1524 1105/1314/1525 1104/1313/1523
f 1102/1311/1520 1140/1315/1526 1139/1309/1521
f 1134/1316/1527 1105/1314/1525 1135/1310/1524
f 1101/1317/1528 1140/1315/1526 1102/1311/1520
f 1134/1316/1527 1106/1318/1529 1105/1314/1525
f 1101/1317/1528 1141/1319/1530 1140/1315/1526
f 1133/1320/1531 1106/1318/1529 1134/1316/1527
f 1133/1320/1531 1107/1321/1532 1106/1318/1529
f 1101/1317/1528 1142/1322/1533 1141/1319/1530
f 1132/1323/1534 1107/1321/1532 1133/1320/1531
f 1100/1324/1535 1142/1322/1533 1101/1317/1528
f 1132/1323/1534 1108/1325/1536 1107/1321/1532
f 1131/1326/1537 1108/1325/1536 1132/1323/1534
f 1100/1324/1535 1143/1327/1538 1142/1322/1533
f 1130/1328/1539 1108/1325/1536 1131/1326/1537
f 1130/1328/1539 1109/1329/1540 1108/1325/1536
f 1100/1324/1535 1120/1330/1541 1143/1327/1538
f 1099/1331/1542 1120/1330/1541 1100/1324/1535
f 1129/1332/1543 1109/1329/1540 1130/1328/1539
f 1129/1332/1543 1110/1333/1544 1109/1329/1540
f 1099/1331/1542 1121/1334/1545 1120/1330/1541
f 1128/1335/1546 1110/1333/1544 1129/1332/1543
f 1099/1331/1542 1122/1336/1547 1121/1334/1545
f 1127/1337/1548 1110/1333/1544 1128/1335/1546
f 1127/1337/1548 1111/1338/1549 1110/1333/1544
f 1099/1331/1542 1123/1339/1550 1122/1336/1547
f 1126/1340/1551 1111/1338/1549 1127/1337/1548
f 1119/1341/1552 1123/1339/1550 1099/1331/1542
f 1119/1341/1552 1124/1342/1553 1123/1339/1550
f 1125/1343/1554 1111/1338/1549 1126/1340/1551
f 1119/1341/1552 1125/1343/1554 1124/1342/1553
f 1119/1341/1552 1111/1338/1549 1125/1343/1554
f 1119/1341/1552 1112/1344/1555 1111/1338/1549
f 1118/1345/1556 1112/1344/1555 1119/1341/1552
f 1117/1346/1557 1112/1344/1555 1118/1345/1556
f 1117/1346/1557 1113/1347/1558 1112/1344/1555
f 1116/1348/1559 1113/1347/1558 1117/1346/1557
f 1115/1349/1560 1113/1347/1558 1116/1348/1559
f 1115/1349/1560 1114/1350/1561 1113/1347/1558
f 1183/1306/1562 1181/1308/1562 1182/1307/1562
f 1184/1309/1562 1181/1308/1562 1183/1306/1562
f 1184/1309/1562 1180/1310/1562 1181/1308/1562
f 1147/1311/1563 1148/1312/1564 1184/1309/1565
f 1184/1309/1565 1148/1312/1564 1149/1313/1566
f 1184/1309/1565 1149/1313/1566 1180/1310/1567
f 1180/1310/1567 1149/1313/1566 1150/1314/1568
f 1147/1311/1563 1184/1309/1565 1185/1315/1569
f 1179/1316/1570 1180/1310/1567 1150/1314/1568
f 1146/1317/1571 1147/1311/1563 1185/1315/1569
f 1179/1316/1570 1150/1314/1568 1151/1318/1572
f 1146/1317/1571 1185/1315/1569 1186/1319/1573
f 1178/1320/1574 1179/1316/1570 1151/1318/1572
f 1178/1320/1574 1151/1318/1572 1152/1321/1575
f 1146/1317/1571 1186/1319/1573 1187/1322/1576
f 1177/1323/1577 1178/1320/1574 1152/1321/1575
f 1145/1324/1578 1146/1317/1571 1187/1322/1576
f 1177/1323/1577 1152/1321/1575 1153/1325/1579
f 1176/1326/1580 1177/1323/1577 1153/1325/1579
f 1145/1324/1578 1187/1322/1576 1188/1327/1581
f 1175/1328/1582 1176/1326/1580 1153/1325/1579
f 1175/1328/1582 1153/1325/1579 1154/1329/1583
f 1145/1324/1578 1188/1327/1581 1165/1330/1584
f 1144/1331/1585 1145/1324/1578 1165/1330/1584
f 1174/1332/1586 1175/1328/1582 1154/1329/1583
f 1174/1332/1586 1154/1329/1583 1155/1333/1587
f 1144/1331/1585 1165/1330/1584 1166/1334/1588
f 1173/1335/1589 1174/1332/1586 1155/1333/1587
f 1144/1331/1585 1166/1334/1588 1167/1336/1590
f 1172/1337/1591 1173/1335/1589 1155/1333/1587
f 1172/1337/1591 1155/1333/1587 1156/1338/1592
f 1144/1331/1585 1167/1336/1590 1168/1339/1593
f 1171/1340/1594 1172/1337/1591 1156/1338/1592
f 1164/1341/1595 1144/1331/1585 1168/1339/1593
f 1164/1341/1595 1168/1339/1593 1169/1342/1596
f 1170/1343/1597 1171/1340/1594 1156/1338/1592
f 1164/1341/1595 1169/1342/1596 1170/1343/1597
f 1164/1341/1595 1170/1343/1597 1156/1338/1592
f 1164/1341/1595 1156/1338/1592 1157/1344/1598
f 1163/1345/1599 1164/1341/1595 1157/1344/1598
f 1162/1346/1600 1163/1345/1599 1157/1344/1598
f 1162/1346/1600 1157/1344/1598 1158/1347/1601
f 1161/1348/1602 1162/1346/1600 1158/1347/1601
f 1160/1349/1603 1161/1348/1602 1158/1347/1601
f 1160/1349/1603 1158/1347/1601 1159/1350/1604
f 1189/1351/1605 1193/1352/1606 1145/1353/1578 1144/1331/1585
f 1190/1354/1607 1194/1355/1608 1193/1352/1609 1189/1351/1610
f 1191/1356/1611 1195/1357/1612 1194/1355/1608 1190/1354/1607
f 1192/1358/1613 1196/1359/1614 1195/1357/1612 1191/1356/1611
f 1099/1360/1542 1100/1361/1535 1196/1359/1615 1192/1358/1616
f 1193/1352/1606 1197/1362/1617 1146/1363/1571 1145/1353/1578
f 1194/1355/1608 1198/1364/1618 1197/1362/1619 1193/1352/1609
f 1195/1357/1612 1199/1365/1620 1198/1364/1618 1194/1355/1608
f 1196/1359/1614 1200/1366/1621 1199/1365/1620 1195/1357/1612
f 1100/1361/1535 1101/1367/1528 1200/1366/1622 1196/1359/1615
f 1197/1362/1617 1201/1368/1623 1147/1369/1563 1146/1363/1571
f 1198/1364/1618 1202/1370/1624 1201/1368/1625 1197/1362/1619
f 1199/1365/1620 1203/1371/1626 1202/1370/1624 1198/1364/1618
f 1200/1366/1621 1204/1372/1627 1203/1371/1626 1199/1365/1620
f 1101/1367/1528 1102/1373/1520 1204/1372/1628 1200/1366/1622
f 1201/1368/1623 1205/1374/1629 1148/1375/1564 1147/1369/1563
f 1202/1370/1624 1206/1376/1630 1205/1374/1631 1201/1368/1625
f 1203/1371/1626 1207/1377/1632 1206/1376/1630 1202/1370/1624
f 1204/1372/1627 1208/1378/1633 1207/1377/1632 1203/1371/1626
f 1102/1373/1520 1103/1379/1522 1208/1378/1634 1204/1372/1628
f 1205/1374/1629 1209/1380/1635 1149/1381/1566 1148/1375/1564
f 1206/1376/1636 1210/1382/1637 1209/1380/1638 1205/1374/1638
f 1207/1377/1639 1211/1383/1640 1210/1382/1637 1206/1376/1636
f 1208/1378/1641 1212/1384/1641 1211/1383/1640 1207/1377/1639
f 1103/1379/1522 1104/1385/1523 1212/1384/1642 1208/1378/1634
f 1209/1380/1643 1213/1386/1644 1150/1387/1568 1149/1381/1566
f 1210/1382/1645 1214/1388/1646 1213/1386/1647 1209/1380/1648
f 1211/1383/1649 1215/1389/1650 1214/1388/1646 1210/1382/1645
f 1212/1384/1651 1216/1390/1652 1215/1389/1650 1211/1383/1649
f 1104/1385/1523 1105/1391/1525 1216/1390/1653 1212/1384/1654
f 1213/1386/1644 1217/1392/1643 1151/1393/1572 1150/1387/1568
f 1214/1388/1646 1218/1394/1655 1217/1392/1656 1213/1386/1647
f 1215/1389/1650 1219/1395/1657 1218/1394/1655 1214/1388/1646
f 1216/1390/1652 1220/1396/1658 1219/1395/1657 1215/1389/1650
f 1105/1391/1525 1106/1397/1529 1220/1396/1654 1216/1390/1653
f 1217/1392/1643 1221/1398/1659 1152/1399/1575 1151/1393/1572
f 1218/1394/1655 1222/1400/1660 1221/1398/1661 1217/1392/1656
f 1219/1395/1657 1223/1401/1662 1222/1400/1660 1218/1394/1655
f 1220/1396/1658 1224/1402/1663 1223/1401/1662 1219/1395/1657
f 1106/1397/1529 1107/1403/1532 1224/1402/1664 1220/1396/1654
f 1221/1398/1659 1225/1404/1665 1153/1405/1579 1152/1399/1575
f 1222/1400/1660 1226/1406/1666 1225/1404/1667 1221/1398/1661
f 1223/1401/1662 1227/1407/1668 1226/1406/1666 1222/1400/1660
f 1224/1402/1663 1228/1408/1669 1227/1407/1668 1223/1401/1662
f 1107/1403/1532 1108/1409/1536 1228/1408/1670 1224/1402/1664
f 1225/1404/1665 1229/1410/1671 1154/1411/1583 1153/1405/1579
f 1226/1406/1666 1230/1412/1672 1229/1410/1673 1225/1404/1667
f 1227/1407/1668 1231/1413/1674 1230/1412/1672 1226/1406/1666
f 1228/1408/1669 1232/1414/1675 1231/1413/1674 1227/1407/1668
f 1108/1409/1536 1109/1415/1540 1232/1414/1676 1228/1408/1670
f 1229/1410/1671 1233/1416/1677 1155/1417/1587 1154/1411/1583
f 1230/1412/1672 1234/1418/1678 1233/1416/1679 1229/1410/1673
f 1231/1413/1674 1235/1419/1680 1234/1418/1678 1230/1412/1672
f 1232/1414/1675 1236/1420/1681 1235/1419/1680 1231/1413/1674
f 1109/1415/1540 1110/1421/1544 1236/1420/1682 1232/1414/1676
f 1233/1416/1677 1237/1422/1683 1156/1423/1592 1155/1417/1587
f 1234/1418/1678 1238/1424/1684 1237/1422/1685 1233/1416/1679
f 1235/1419/1680 1239/1425/1686 1238/1424/1684 1234/1418/1678
f 1236/1420/1681 1240/1426/1687 1239/1425/1686 1235/1419/1680
f 1110/1421/1544 1111/1427/1549 1240/1426/1688 1236/1420/1682
f 1237/1422/1683 1241/1428/1689 1157/1429/1598 1156/1423/1592
f 1238/1424/1684 1242/1430/1690 1241/1428/1691 1237/1422/1685
f 1239/1425/1686 1243/1431/1692 1242/1430/1690 1238/1424/1684
f 1240/1426/1687 1244/1432/1693 1243/1431/1692 1239/1425/1686
f 1111/1427/1549 1112/1433/1555 1244/1432/1694 1240/1426/1688
f 1241/1428/1689 1245/1434/1695 1158/1435/1601 1157/1429/1598
f 1242/1430/1690 1246/1436/1696 1245/1434/1697 1241/1428/1691
f 1243/1431/1692 1247/1437/1698 1246/1436/1696 1242/1430/1690
f 1244/1432/1693 1248/1438/1699 1247/1437/1698 1243/1431/1692
f 1112/1433/1555 1113/1439/1558 1248/1438/1700 1244/1432/1694
f 1245/1434/1695 1249/1440/1701 1159/1441/1604 1158/1435/1601
f 1246/1436/1696 1250/1442/1702 1249/1440/1703 1245/1434/1697
f 1247/1437/1698 1251/1443/1704 1250/1442/1702 1246/1436/1696
f 1248/1438/1699 1252/1444/1705 1251/1443/1704 1247/1437/1698
f 1113/1439/1558 1114/1445/1561 1252/1444/1706 1248/1438/1700
f 1249/1440/1701 1253/1446/1707 1160/1447/1603 1159/1441/1604
f 1250/1442/1702 1254/1448/1708 1253/1446/1709 1249/1440/1703
f 1251/1443/1704 1255/1449/1710 1254/1448/1708 1250/1442/1702
f 1252/1444/1705 1256/1450/1711 1255/1449/1710 1251/1443/1704
f 1114/1445/1561 1115/1451/1560 1256/1450/1712 1252/1444/1706
f 1253/1446/1707 1257/1452/1713 1161/1453/1602 1160/1447/1603
f 1254/1448/1708 1258/1454/1714 1257/1452/1715 1253/1446/1709
f 1255/1449/1710 1259/1455/1716 1258/1454/1714 1254/1448/1708
f 1256/1450/1711 1260/1456/1717 1259/1455/1716 1255/1449/1710
f 1115/1451/1560 1116/1457/1559 1260/1456/1718 1256/1450/1712
f 1257/1452/1713 1261/1458/1719 1162/1459/1600 1161/1453/1602
f 1258/1454/1714 1262/1460/1720 1261/1458/1721 1257/1452/1715
f 1259/1455/1716 1263/1461/1722 1262/1460/1720 1258/1454/1714
f 1260/1456/1717 1264/1462/1723 1263/1461/1722 1259/1455/1716
f 1116/1457/1559 1117/1463/1557 1264/1462/1724 1260/1456/1718
f 1261/1458/1719 1265/1464/1725 1163/1465/1599 1162/1459/1600
f 1262/1460/1720 1266/1466/1726 1265/1464/1727 1261/1458/1721
f 1263/1461/1722 1267/1467/1728 1266/1466/1726 1262/1460/1720
f 1264/1462/1723 1268/1468/1729 1267/1467/1728 1263/1461/1722
f 1117/1463/1557 1118/1469/1556 1268/1468/1730 1264/1462/1724
f 1265/1464/1725 1269/1470/1731 1164/1471/1595 1163/1465/1599
f 1266/1466/1726 1270/1472/1732 1269/1470/1733 1265/1464/1727
f 1267/1467/1728 1271/1473/1734 1270/1472/1732 1266/1466/1726
f 1268/1468/1729 1272/1474/1735 1271/1473/1734 1267/1467/1728
f 1118/1469/1556 1119/1475/1552 1272/1474/1736 1268/1468/1730
f 1269/1470/1731 1189/1476/1605 1144/1327/1585 1164/1471/1595
f 1270/1472/1732 1190/1477/1607 1189/1476/1610 1269/1470/1733
f 1271/1473/1734 1191/1478/1611 1190/1477/1607 1270/1472/1732
f 1272/1474/1735 1192/1479/1613 1191/1478/1611 1271/1473/1734
f 1119/1475/1552 1099/1480/1542 1192/1479/1616 1272/1474/1736
f 1273/1351/1737 1277/1481/1738 1166/1482/1588 1165/1331/1584
f 1274/1354/1739 1278/1483/1740 1277/1481/1741 1273/1351/1742
f 1275/1356/1743 1279/1484/1744 1278/1483/1740 1274/1354/1739
f 1276/1358/1745 1280/1485/1746 1279/1484/1744 1275/1356/1743
f 1120/1360/1541 1121/1486/1545 1280/1485/1747 1276/1358/1748
f 1277/1481/1738 1281/1487/1749 1167/1488/1590 1166/1482/1588
f 1278/1483/1740 1282/1489/1750 1281/1487/1751 1277/1481/1741
f 1279/1484/1744 1283/1490/1752 1282/1489/1750 1278/1483/1740
f 1280/1485/1746 1284/1491/1753 1283/1490/1752 1279/1484/1744
f 1121/1486/1545 1122/1492/1547 1284/1491/1754 1280/1485/1747
f 1281/1487/1749 1285/1493/1755 1168/1494/1593 1167/1488/1590
f 1282/1489/1750 1286/1495/1756 1285/1493/1757 1281/1487/1751
f 1283/1490/1752 1287/1496/1758 1286/1495/1756 1282/1489/1750
f 1284/1491/1753 1288/1497/1759 1287/1496/1758 1283/1490/1752
f 1122/1492/1547 1123/1498/1550 1288/1497/1760 1284/1491/1754
f 1285/1493/1755 1289/1499/1761 1169/1500/1596 1168/1494/1593
f 1286/1495/1756 1290/1501/1762 1289/1499/1763 1285/1493/1757
f 1287/1496/1758 1291/1502/1764 1290/1501/1762 1286/1495/1756
f 1288/1497/1759 1292/1503/1765 1291/1502/1764 1287/1496/1758
f 1123/1498/1550 1124/1504/1553 1292/1503/1766 1288/1497/1760
f 1289/1499/1761 1293/1505/1767 1170/1506/1597 1169/1500/1596
f 1290/1501/1762 1294/1507/1768 1293/1505/1769 1289/1499/1763
f 1291/1502/1764 1295/1508/1770 1294/1507/1768 1290/1501/1762
f 1292/1503/1765 1296/1509/1771 1295/1508/1770 1291/1502/1764
f 1124/1504/1553 1125/1510/1554 1296/1509/1772 1292/1503/1766
f 1293/1505/1767 1297/1511/1773 1171/1333/1594 1170/1506/1597
f 1294/1507/1768 1298/1512/1774 1297/1511/1775 1293/1505/1769
f 1295/1508/1770 1299/1513/1776 1298/1512/1774 1294/1507/1768
f 1296/1509/1771 1300/1514/1777 1299/1513/1776 1295/1508/1770
f 1125/1510/1554 1126/1515/1551 1300/1514/1778 1296/1509/1772
f 1297/1511/1773 1301/1516/1779 1172/1517/1591 1171/1333/1594
f 1298/1512/1774 1302/1518/1780 1301/1516/1781 1297/1511/1775
f 1299/1513/1776 1303/1519/1782 1302/1518/1780 1298/1512/1774
f 1300/1514/1777 1304/1520/1783 1303/1519/1782 1299/1513/1776
f 1126/1515/1551 1127/1521/1548 1304/1520/1784 1300/1514/1778
f 1301/1516/1779 1305/1392/1785 1173/1393/1589 1172/1517/1591
f 1302/1518/1780 1306/1394/1786 1305/1392/1787 1301/1516/1781
f 1303/1519/1782 1307/1395/1788 1306/1394/1786 1302/1518/1780
f 1304/1520/1783 1308/1396/1789 1307/1395/1788 1303/1519/1782
f 1127/1521/1548 1128/1397/1546 1308/1396/1790 1304/1520/1784
f 1305/1392/1785 1309/1522/1791 1174/1523/1586 1173/1393/1589
f 1306/1394/1786 1310/1524/1792 1309/1522/1793 1305/1392/1787
f 1307/1395/1788 1311/1525/1794 1310/1524/1792 1306/1394/1786
f 1308/1396/1789 1312/1526/1795 1311/1525/1794 1307/1395/1788
f 1128/1397/1546 1129/1527/1543 1312/1526/1796 1308/1396/1790
f 1309/1522/1791 1313/1528/1797 1175/1529/1582 1174/1523/1586
f 1310/1524/1792 1314/1530/1798 1313/1528/1799 1309/1522/1793
f 1311/1525/1794 1315/1531/1800 1314/1530/1798 1310/1524/1792
f 1312/1526/1795 1316/1532/1801 1315/1531/1800 1311/1525/1794
f 1129/1527/1543 1130/1533/1539 1316/1532/1802 1312/1526/1796
f 1313/1528/1797 1317/1534/1803 1176/1535/1580 1175/1529/1582
f 1314/1530/1798 1318/1536/1804 1317/1534/1805 1313/1528/1799
f 1315/1531/1800 1319/1537/1806 1318/1536/1804 1314/1530/1798
f 1316/1532/1801 1320/1538/1807 1319/1537/1806 1315/1531/1800
f 1130/1533/1539 1131/1539/1537 1320/1538/1808 1316/1532/1802
f 1317/1534/1803 1321/1540/1809 1177/1334/1577 1176/1535/1580
f 1318/1536/1804 1322/1541/1810 1321/1540/1811 1317/1534/1805
f 1319/1537/1806 1323/1542/1812 1322/1541/1810 1318/1536/1804
f 1320/1538/1807 1324/1543/1813 1323/1542/1812 1319/1537/1806
f 1131/1539/1537 1132/1544/1534 1324/1543/1814 1320/1538/1808
f 1321/1540/1809 1325/1545/1815 1178/1546/1574 1177/1334/1577
f 1322/1541/1810 1326/1547/1816 1325/1545/1817 1321/1540/1811
f 1323/1542/1812 1327/1548/1818 1326/1547/1816 1322/1541/1810
f 1324/1543/1813 1328/1549/1819 1327/1548/1818 1323/1542/1812
f 1132/1544/1534 1133/1550/1531 1328/1549/1820 1324/1543/1814
f 1325/1545/1815 1329/1551/1821 1179/1552/1570 1178/1546/1574
f 1326/1547/1816 1330/1553/1822 1329/1551/1823 1325/1545/1817
f 1327/1548/1818 1331/1554/1824 1330/1553/1822 1326/1547/1816
f 1328/1549/1819 1332/1555/1825 1331/1554/1824 1327/1548/1818
f 1133/1550/1531 1134/1556/1527 1332/1555/1826 1328/1549/1820
f 1329/1551/1821 1333/1557/1827 1180/1558/1567 1179/1552/1570
f 1330/1553/1828 1334/1559/1829 1333/1557/1830 1329/1551/1830
f 1331/1554/1831 1335/1560/1832 1334/1559/1829 1330/1553/1828
f 1332/1555/1833 1336/1561/1833 1335/1560/1832 1331/1554/1831
f 1134/1556/1527 1135/1562/1524 1336/1561/1834 1332/1555/1826
f 1333/1557/1827 1337/1434/1835 1181/1435/1835 1180/1558/1567
f 1334/1559/1836 1338/1436/1837 1337/1434/1838 1333/1557/1839
f 1335/1560/1840 1339/1437/1841 1338/1436/1837 1334/1559/1836
f 1336/1561/1842 1340/1438/1843 1339/1437/1841 1335/1560/1840
f 1135/1562/1524 1136/1439/1844 1340/1438/1844 1336/1561/1834
f 1337/1434/1835 1341/1563/1845 1182/1564/1845 1181/1435/1835
f 1338/1436/1837 1342/1565/1846 1341/1563/1847 1337/1434/1838
f 1339/1437/1841 1343/1566/1848 1342/1565/1846 1338/1436/1837
f 1340/1438/1843 1344/1567/1849 1343/1566/1848 1339/1437/1841
f 1136/1439/1844 1137/1568/1850 1344/1567/1850 1340/1438/1844
f 1341/1563/1845 1345/1569/1851 1183/1323/1851 1182/1564/1845
f 1342/1565/1846 1346/1570/1852 1345/1569/1853 1341/1563/1847
f 1343/1566/1848 1347/1571/1854 1346/1570/1852 1342/1565/1846
f 1344/1567/1849 1348/1572/1855 1347/1571/1854 1343/1566/1848
f 1137/1568/1850 1138/1573/1856 1348/1572/1856 1344/1567/1850
f 1345/1569/1851 1349/1574/1857 1184/1575/1565 1183/1323/1851
f 1346/1570/1852 1350/1576/1858 1349/1574/1859 1345/1569/1853
f 1347/1571/1854 1351/1577/1860 1350/1576/1858 1346/1570/1852
f 1348/1572/1855 1352/1578/1861 1351/1577/1860 1347/1571/1854
f 1138/1573/1856 1139/1579/1521 1352/1578/1862 1348/1572/1856
f 1349/1574/1857 1353/1580/1863 1185/1581/1569 1184/1575/1565
f 1350/1576/1858 1354/1582/1864 1353/1580/1865 1349/1574/1859
f 1351/1577/1860 1355/1583/1866 1354/1582/1864 1350/1576/1858
f 1352/1578/1861 1356/1584/1867 1355/1583/1866 1351/1577/1860
f 1139/1579/1521 1140/1585/1526 1356/1584/1868 1352/1578/1862
f 1353/1580/1863 1357/1586/1869 1186/1587/1573 1185/1581/1569
f 1354/1582/1864 1358/1588/1870 1357/1586/1871 1353/1580/1865
f 1355/1583/1866 1359/1589/1872 1358/1588/1870 1354/1582/1864
f 1356/1584/1867 1360/1590/1873 1359/1589/1872 1355/1583/1866
f 1140/1585/1526 1141/1591/1530 1360/1590/1874 1356/1584/1868
f 1357/1586/1869 1361/1592/1875 1187/1593/1576 1186/1587/1573
f 1358/1588/1870 1362/1594/1876 1361/1592/1877 1357/1586/1871
f 1359/1589/1872 1363/1595/1878 1362/1594/1876 1358/1588/1870
f 1360/1590/1873 1364/1596/1879 1363/1595/1878 1359/1589/1872
f 1141/1591/1530 1142/1597/1533 1364/1596/1880 1360/1590/1874
f 1361/1592/1875 1365/1598/1881 1188/1599/1581 1187/1593/1576
f 1362/1594/1876 1366/1600/1882 1365/1598/1883 1361/1592/1877
f 1363/1595/1878 1367/1601/1884 1366/1600/1882 1362/1594/1876
f 1364/1596/1879 1368/1602/1885 1367/1601/1884 1363/1595/1878
f 1142/1597/1533 1143/1603/1538 1368/1602/1886 1364/1596/1880
f 1365/1598/1881 1273/1476/1737 1165/1327/1584 1188/1599/1581
f 1366/1600/1882 1274/1477/1739 1273/1476/1742 1365/1598/1883
f 1367/1601/1884 1275/1478/1743 1274/1477/1739 1366/1600/1882
f 1368/1602/1885 1276/1479/1745 1275/1478/1743 1367/1601/1884
f 1143/1603/1538 1120/1480/1541 1276/1479/1748 1368/1602/1886
o Trigger
v 0.059436 0.013641 0.005000
v 0.059955 0.015926 0.005000
v 0.060980 0.017837 0.005000
v 0.062207 0.019599 0.005000
v 0.063333 0.021436 0.005000
v 0.065421 0.019190 0.005000
v 0.067600 0.017070 0.005000
v 0.069595 0.014697 0.005000
v 0.071128 0.011692 0.005000
v 0.071608 0.008142 0.005000
v 0.071087 0.004857 0.005000
v 0.070586 0.001579 0.005000
v 0.071128 -0.001949 0.005000
v 0.072474 -0.004398 0.005000
v 0.074219 -0.006291 0.005000
v 0.076124 -0.007962 0.005000
v 0.077949 -0.009744 0.005000
v 0.075232 -0.009818 0.005000
v 0.072491 -0.010105 0.005000
v 0.069800 -0.009967 0.005000
v 0.067231 -0.008769 0.005000
v 0.065296 -0.006430 0.005000
v 0.064484 -0.003738 0.005000
v 0.064071 -0.000759 0.005000
v 0.063333 0.002436 0.005000
v 0.062040 0.005382 0.005000
v 0.060702 0.007946 0.005000
v 0.059705 0.010555 0.005000
v 0.059436 0.013641 -0.005000
v 0.059955 0.015926 -0.005000
v 0.060980 0.017837 -0.005000
v 0.062207 0.019599 -0.005000
v 0.063333 0.021436 -0.005000
v 0.065421 0.019190 -0.005000
v 0.067600 0.017070 -0.005000
v 0.069595 0.014697 -0.005000
v 0.071128 0.011692 -0.005000
v 0.071608 0.008142 -0.005000
v 0.071087 0.004857 -0.005000
v 0.070586 0.001579 -0.005000
v 0.071128 -0.001949 -0.005000
v 0.072474 -0.004398 -0.005000
v 0.074219 -0.006291 -0.005000
v 0.076124 -0.007962 -0.005000
v 0.077949 -0.009744 -0.005000
v 0.075232 -0.009818 -0.005000
v 0.072491 -0.010105 -0.005000
v 0.069800 -0.009967 -0.005000
v 0.067231 -0.008769 -0.005000
v 0.065296 -0.006430 -0.005000
v 0.064484 -0.003738 -0.005000
v 0.064071 -0.000759 -0.005000
v 0.063333 0.002436 -0.005000
v 0.062040 0.005382 -0.005000
v 0.060702 0.007946 -0.005000
v 0.059705 0.010555 -0.005000
v 0.058722 0.013690 -0.004707
v 0.058426 0.013710 -0.004000
v 0.058426 0.013710 0.004000
v 0.058722 0.013690 0.004707
v 0.059286 0.016176 -0.004707
v 0.059009 0.016279 -0.004000
v 0.059009 0.016279 0.004000
v 0.059286 0.016176 0.004707
v 0.060376 0.018208 -0.004707
v 0.060126 0.018361 -0.004000
v 0.060126 0.018361 0.004000
v 0.060376 0.018208 0.004707
v 0.061615 0.019987 -0.004707
v 0.061370 0.020147 -0.004000
v 0.061370 0.020147 0.004000
v 0.061615 0.019987 0.004707
v 0.063217 0.022599 -0.004707
v 0.063169 0.023081 -0.004000
v 0.063169 0.023081 0.004000
v 0.063217 0.022599 0.004707
v 0.065926 0.019684 -0.004707
v 0.066136 0.019889 -0.004000
v 0.066136 0.019889 0.004000
v 0.065926 0.019684 0.004707
v 0.068119 0.017552 -0.004707
v 0.068334 0.017752 -0.004000
v 0.068334 0.017752 0.004000
v 0.068119 0.017552 0.004707
v 0.070189 0.015091 -0.004707
v 0.070434 0.015253 -0.004000
v 0.070434 0.015253 0.004000
v 0.070189 0.015091 0.004707
v 0.071813 0.011906 -0.004707
v 0.072096 0.011995 -0.004000
v 0.072096 0.011995 0.004000
v 0.071813 0.011906 0.004707
v 0.072323 0.008134 -0.004707
v 0.072619 0.008130 -0.004000
v 0.072619 0.008130 0.004000
v 0.072323 0.008134 0.004707
v 0.071786 0.004748 -0.004707
v 0.072075 0.004703 -0.004000
v 0.072075 0.004703 0.004000
v 0.071786 0.004748 0.004707
v 0.071301 0.001579 -0.004707
v 0.071598 0.001580 -0.004000
v 0.071598 0.001580 0.004000
v 0.071301 0.001579 0.004707
v 0.071808 -0.001718 -0.004707
v 0.072090 -0.001622 -0.004000
v 0.072090 -0.001622 0.004000
v 0.071808 -0.001718 0.004707
v 0.073052 -0.003982 -0.004707
v 0.073292 -0.003810 -0.004000
v 0.073292 -0.003810 0.004000
v 0.073052 -0.003982 0.004707
v 0.074714 -0.005784 -0.004707
v 0.074919 -0.005574 -0.004000
v 0.074919 -0.005574 0.004000
v 0.074714 -0.005784 0.004707
v 0.076604 -0.007443 -0.004707
v 0.076803 -0.007228 -0.004000
v 0.076803 -0.007228 0.004000
v 0.076604 -0.007443 0.004707
v 0.079638 -0.010405 -0.004707
v 0.080337 -0.010678 -0.004000
v 0.080337 -0.010678 0.004000
v 0.079638 -0.010405 0.004707
v 0.075279 -0.010524 -0.004707
v 0.075298 -0.010817 -0.004000
v 0.075298 -0.010817 0.004000
v 0.075279 -0.010524 0.004707
v 0.072510 -0.010814 -0.004707
v 0.072518 -0.011108 -0.004000
v 0.072518 -0.011108 0.004000
v 0.072510 -0.010814 0.004707
v 0.069626 -0.010666 -0.004707
v 0.069554 -0.010956 -0.004000
v 0.069554 -0.010956 0.004000
v 0.069626 -0.010666 0.004707
v 0.066787 -0.009343 -0.004707
v 0.066604 -0.009580 -0.004000
v 0.066604 -0.009580 0.004000
v 0.066787 -0.009343 0.004707
v 0.064660 -0.006771 -0.004707
v 0.064397 -0.006912 -0.004000
v 0.064397 -0.006912 0.004000
v 0.064660 -0.006771 0.004707
v 0.063791 -0.003889 -0.004707
v 0.063504 -0.003952 -0.004000
v 0.063504 -0.003952 0.004000
v 0.063791 -0.003889 0.004707
v 0.063375 -0.000888 -0.004707
v 0.063087 -0.000941 -0.004000
v 0.063087 -0.000941 0.004000
v 0.063375 -0.000888 0.004707
v 0.062659 0.002212 -0.004707
v 0.062380 0.002120 -0.004000
v 0.062380 0.002120 0.004000
v 0.062659 0.002212 0.004707
v 0.061403 0.005076 -0.004707
v 0.061138 0.004949 -0.004000
v 0.061138 0.004949 0.004000
v 0.061403 0.005076 0.004707
v 0.060056 0.007655 -0.004707
v 0.059789 0.007534 -0.004000
v 0.059789 0.007534 0.004000
v 0.060056 0.007655 0.004707
v 0.059009 0.010395 -0.004707
v 0.058721 0.010329 -0.004000
v 0.058721 0.010329 0.004000
v 0.059009 0.010395 0.004707
vn -0.1603 0.1048 0.9815
vn 0.1373 0.1342 0.9814
vn -0.0190 0.1902 0.9816
vn -0.1719 0.1055 0.9794
vn 0.1471 0.1368 0.9796
vn -0.1961 0.0733 0.9778
vn 0.1729 0.1146 0.9783
vn -0.2107 0.0144 0.9774
vn 0.2027 0.0634 0.9772
vn -0.2044 -0.0470 0.9777
vn 0.2104 -0.0024 0.9776
vn -0.1839 -0.0828 0.9794
vn 0.1924 -0.0300 0.9809
vn -0.1722 -0.0826 0.9816
vn -0.1739 -0.0577 0.9831
vn 0.1750 0.0001 0.9846
vn -0.1864 -0.0344 0.9819
vn 0.1625 0.0552 0.9852
vn -0.1991 -0.0435 0.9790
vn 0.1456 0.1047 0.9838
vn -0.1893 -0.1015 0.9767
vn 0.1316 0.1349 0.9821
vn 0.1346 0.1455 0.9802
vn -0.1324 -0.1713 0.9763
vn 0.1284 -0.0503 0.9904
vn -0.0517 -0.2080 0.9768
vn 0.0125 -0.1900 0.9817
vn 0.0054 -0.2037 0.9790
vn -0.1603 0.1048 -0.9815
vn -0.0190 0.1902 -0.9816
vn 0.1373 0.1342 -0.9814
vn -0.1719 0.1055 -0.9794
vn 0.1471 0.1368 -0.9796
vn -0.1961 0.0733 -0.9778
vn 0.1729 0.1146 -0.9783
vn -0.2107 0.0144 -0.9774
vn 0.2027 0.0634 -0.9772
vn -0.2044 -0.0470 -0.9778
vn 0.2104 -0.0024 -0.9776
vn -0.1839 -0.0828 -0.9794
vn 0.1924 -0.0300 -0.9809
vn -0.1722 -0.0826 -0.9816
vn -0.1739 -0.0577 -0.9831
vn 0.1750 0.0001 -0.9846
vn -0.1864 -0.0344 -0.9819
vn 0.1625 0.0552 -0.9852
vn -0.1991 -0.0435 -0.9790
vn 0.1456 0.1047 -0.9838
vn -0.1893 -0.1015 -0.9767
vn 0.1316 0.1349 -0.9821
vn 0.1346 0.1455 -0.9802
vn -0.1324 -0.1713 -0.9763
vn 0.1284 -0.0503 -0.9904
vn -0.0517 -0.2080 -0.9768
vn 0.0125 -0.1900 -0.9817
vn 0.0054 -0.2037 -0.9790
vn -0.3779 0.0258 -0.9255
vn -0.3557 0.1330 -0.9251
vn -0.9788 0.0668 -0.1935
vn -0.9190 0.3435 -0.1935
vn -0.8642 0.3231 -0.3857
vn -0.9201 0.0628 -0.3866
vn -0.9788 0.0668 0.1935
vn -0.9190 0.3435 0.1935
vn -0.9201 0.0628 0.3866
vn -0.8642 0.3231 0.3857
vn -0.3557 0.1330 0.9251
vn -0.3779 0.0258 0.9255
vn -0.3257 0.1999 -0.9241
vn -0.8361 0.5131 -0.1940
vn -0.7873 0.4831 -0.3832
vn -0.8361 0.5131 0.1940
vn -0.7873 0.4831 0.3832
vn -0.3257 0.1999 0.9241
vn -0.3201 0.2094 -0.9239
vn -0.8206 0.5368 -0.1959
vn -0.7731 0.5057 -0.3828
vn -0.8206 0.5368 0.1959
vn -0.7731 0.5057 0.3828
vn -0.3201 0.2094 0.9239
vn -0.3262 0.2000 -0.9239
vn -0.8414 0.5159 -0.1609
vn -0.7876 0.4830 -0.3827
vn -0.8414 0.5159 0.1609
vn -0.7876 0.4830 0.3827
vn -0.3262 0.2000 0.9239
vn 0.2803 0.2605 -0.9239
vn 0.2736 0.2674 -0.9239
vn 0.7230 0.6719 -0.1609
vn 0.7012 0.6855 -0.1958
vn 0.6606 0.6458 -0.3828
vn 0.6768 0.6289 -0.3827
vn 0.7230 0.6719 0.1609
vn 0.7012 0.6855 0.1958
vn 0.6768 0.6289 0.3827
vn 0.6606 0.6458 0.3828
vn 0.2736 0.2674 0.9239
vn 0.2803 0.2605 0.9239
vn 0.2799 0.2604 -0.9240
vn 0.7183 0.6681 -0.1941
vn 0.6763 0.6291 -0.3831
vn 0.7183 0.6681 0.1941
vn 0.6763 0.6291 0.3831
vn 0.2799 0.2604 0.9240
vn 0.3172 0.2103 -0.9248
vn 0.8177 0.5421 -0.1935
vn 0.7693 0.5100 -0.3848
vn 0.8177 0.5421 0.1935
vn 0.7693 0.5100 0.3848
vn 0.3172 0.2103 0.9248
vn 0.3608 0.1128 -0.9258
vn 0.9364 0.2928 -0.1936
vn 0.8799 0.2752 -0.3874
vn 0.9364 0.2928 0.1936
vn 0.8799 0.2752 0.3874
vn 0.3608 0.1128 0.9258
vn 0.3792 -0.0044 -0.9253
vn 0.9810 -0.0113 -0.1935
vn 0.9224 -0.0106 -0.3862
vn 0.9810 -0.0113 0.1935
vn 0.9224 -0.0106 0.3862
vn 0.3792 -0.0044 0.9253
vn 0.3781 -0.0589 -0.9239
vn 0.9691 -0.1510 -0.1952
vn 0.9129 -0.1422 -0.3827
vn 0.9691 -0.1510 0.1952
vn 0.9129 -0.1422 0.3827
vn 0.3781 -0.0589 0.9239
vn 0.3789 0.0002 -0.9254
vn 0.9796 0.0004 -0.2009
vn 0.9223 0.0004 -0.3865
vn 0.9796 0.0004 0.2009
vn 0.9223 0.0004 0.3865
vn 0.3789 0.0002 0.9254
vn 0.3576 0.1215 -0.9259
vn 0.9273 0.3150 -0.2022
vn 0.8728 0.2965 -0.3877
vn 0.9273 0.3150 0.2022
vn 0.8728 0.2965 0.3877
vn 0.3576 0.1215 0.9259
vn 0.3087 0.2221 -0.9249
vn 0.7955 0.5722 -0.1993
vn 0.7492 0.5389 -0.3851
vn 0.7955 0.5722 0.1993
vn 0.7492 0.5389 0.3851
vn 0.3087 0.2221 0.9249
vn 0.2669 0.2736 -0.9241
vn 0.6847 0.7018 -0.1966
vn 0.6450 0.6612 -0.3831
vn 0.6847 0.7018 0.1966
vn 0.6450 0.6612 0.3831
vn 0.2669 0.2736 0.9241
vn 0.2599 0.2808 -0.9239
vn 0.6663 0.7199 -0.1945
vn 0.6275 0.6780 -0.3828
vn 0.6663 0.7199 0.1945
vn 0.6275 0.6780 0.3828
vn 0.2599 0.2808 0.9239
vn 0.2673 0.2738 -0.9239
vn 0.6922 0.7089 -0.1353
vn 0.6454 0.6610 -0.3827
vn 0.6922 0.7089 0.1353
vn 0.6454 0.6610 0.3827
vn 0.2674 0.2738 0.9239
vn 0.0105 -0.3825 -0.9239
vn 0.0252 -0.3816 -0.9240
vn 0.0272 -0.9904 -0.1353
vn 0.0645 -0.9785 -0.1961
vn 0.0608 -0.9218 -0.3829
vn 0.0254 -0.9235 -0.3827
vn 0.0272 -0.9904 0.1353
vn 0.0645 -0.9785 0.1961
vn 0.0254 -0.9235 0.3827
vn 0.0608 -0.9218 0.3829
vn 0.0252 -0.3816 0.9240
vn 0.0105 -0.3825 0.9239
vn 0.0101 -0.3816 -0.9243
vn 0.0261 -0.9807 -0.1938
vn 0.0245 -0.9231 -0.3837
vn 0.0261 -0.9807 0.1938
vn 0.0245 -0.9231 0.3837
vn 0.0101 -0.3816 0.9243
vn -0.0909 -0.3655 -0.9264
vn -0.2367 -0.9520 -0.1938
vn -0.2223 -0.8941 -0.3888
vn -0.2367 -0.9520 0.1938
vn -0.2223 -0.8941 0.3888
vn -0.0909 -0.3655 0.9264
vn -0.2291 -0.2964 -0.9272
vn -0.5999 -0.7761 -0.1942
vn -0.5629 -0.7283 -0.3908
vn -0.5999 -0.7761 0.1942
vn -0.5629 -0.7283 0.3908
vn -0.2291 -0.2964 0.9272
vn -0.3316 -0.1777 -0.9265
vn -0.8647 -0.4634 -0.1939
vn -0.8119 -0.4351 -0.3892
vn -0.8647 -0.4634 0.1939
vn -0.8119 -0.4351 0.3892
vn -0.3316 -0.1777 0.9265
vn -0.3729 -0.0816 -0.9243
vn -0.9584 -0.2096 -0.1938
vn -0.9021 -0.1973 -0.3837
vn -0.9584 -0.2096 0.1938
vn -0.9021 -0.1973 0.3837
vn -0.3729 -0.0816 0.9243
vn -0.3760 -0.0693 -0.9240
vn -0.9643 -0.1778 -0.1963
vn -0.9084 -0.1675 -0.3830
vn -0.9643 -0.1778 0.1963
vn -0.9084 -0.1675 0.3830
vn -0.3760 -0.0693 0.9240
vn -0.3619 -0.1200 -0.9245
vn -0.9304 -0.3085 -0.1981
vn -0.8764 -0.2906 -0.3841
vn -0.9304 -0.3085 0.1981
vn -0.8764 -0.2906 0.3841
vn -0.3619 -0.1200 0.9245
vn -0.3449 -0.1655 -0.9240
vn -0.8841 -0.4242 -0.1960
vn -0.8329 -0.3996 -0.3829
vn -0.8841 -0.4242 0.1960
vn -0.8329 -0.3996 0.3829
vn -0.3449 -0.1655 0.9240
vn -0.3484 -0.1569 -0.9241
vn -0.8945 -0.4027 -0.1940
vn -0.8422 -0.3792 -0.3832
vn -0.8945 -0.4027 0.1940
vn -0.8422 -0.3792 0.3832
vn -0.3484 -0.1569 0.9241
vn -0.3699 -0.0850 -0.9252
vn -0.9562 -0.2198 -0.1935
vn -0.8991 -0.2067 -0.3859
vn -0.9562 -0.2198 0.1935
vn -0.8991 -0.2067 0.3859
vn -0.3699 -0.0850 0.9252
vt 0.111111 0.000000
vt 0.185185 0.000000
vt 0.148148 0.000000
vt 0.074074 0.000000
vt 0.222222 0.000000
vt 0.037037 0.000000
vt 0.259259 0.000000
vt 0.000000 0.000000
vt 0.296296 0.000000
vt 1.000000 0.000000
vt 0.333333 0.000000
vt 0.962963 0.000000
vt 0.370370 0.000000
vt 0.925926 0.000000
vt 0.888889 0.000000
vt 0.407407 0.000000
vt 0.851852 0.000000
vt 0.444444 0.000000
vt 0.814815 0.000000
vt 0.481481 0.000000
vt 0.777778 0.000000
vt 0.518519 0.000000
vt 0.555556 0.000000
vt 0.740741 0.000000
vt 0.592593 0.000000
vt 0.703704 0.000000
vt 0.629630 0.000000
vt 0.666667 0.000000
vt 0.000000 0.200000
vt 0.035714 0.200000
vt 0.035714 0.000000
vt 0.000000 0.400000
vt 0.035714 0.400000
vt 0.000000 0.600000
vt 0.035714 0.600000
vt 0.000000 0.800000
vt 0.035714 0.800000
vt 0.000000 1.000000
vt 0.035714 1.000000
vt 0.071429 0.200000
vt 0.071429 0.000000
vt 0.071429 0.400000
vt 0.071429 0.600000
vt 0.071429 0.800000
vt 0.071429 1.000000
vt 0.107143 0.200000
vt 0.107143 0.000000
vt 0.107143 0.400000
vt 0.107143 0.600000
vt 0.107143 0.800000
vt 0.107143 1.000000
vt 0.142857 0.200000
vt 0.142857 0.000000
vt 0.142857 0.400000
vt 0.142857 0.600000
vt 0.142857 0.800000
vt 0.142857 1.000000
vt 0.178571 0.200000
vt 0.178571 0.000000
vt 0.178571 0.400000
vt 0.178571 0.600000
vt 0.178571 0.800000
vt 0.178571 1.000000
vt 0.214286 0.200000
vt 0.214286 0.000000
vt 0.214286 0.400000
vt 0.214286 0.600000
vt 0.214286 0.800000
vt 0.214286 1.000000
vt 0.250000 0.200000
vt 0.250000 0.000000
vt 0.250000 0.400000
vt 0.250000 0.600000
vt 0.250000 0.800000
vt 0.250000 1.000000
vt 0.285714 0.200000
vt 0.285714 0.000000
vt 0.285714 0.400000
vt 0.285714 0.600000
vt 0.285714 0.800000
vt 0.285714 1.000000
vt 0.321429 0.200000
vt 0.321429 0.000000
vt 0.321429 0.400000
vt 0.321429 0.600000
vt 0.321429 0.800000
vt 0.321429 1.000000
vt 0.357143 0.200000
vt 0.357143 0.000000
vt 0.357143 0.400000
vt 0.357143 0.600000
vt 0.357143 0.800000
vt 0.357143 1.000000
vt 0.392857 0.200000
vt 0.392857 0.000000
vt 0.392857 0.400000
vt 0.392857 0.600000
vt 0.392857 0.800000
vt 0.392857 1.000000
vt 0.428571 0.200000
vt 0.428571 0.000000
vt 0.428571 0.400000
vt 0.428571 0.600000
vt 0.428571 0.800000
vt 0.428571 1.000000
vt 0.464286 0.200000
vt 0.464286 0.000000
vt 0.464286 0.400000
vt 0.464286 0.600000
vt 0.464286 0.800000
vt 0.464286 1.000000
vt 0.500000 0.200000
vt 0.500000 0.000000
vt 0.500000 0.400000
vt 0.500000 0.600000
vt 0.500000 0.800000
vt 0.500000 1.000000
vt 0.535714 0.200000
vt 0.535714 0.000000
vt 0.535714 0.400000
vt 0.535714 0.600000
vt 0.535714 0.800000
vt 0.535714 1.000000
vt 0.571429 0.200000
vt 0.571429 0.000000
vt 0.571429 0.400000
vt 0.571429 0.600000
vt 0.571429 0.800000
vt 0.571429 1.000000
vt 0.607143 0.200000
vt 0.607143 0.000000
vt 0.607143 0.400000
vt 0.607143 0.600000
vt 0.607143 0.800000
vt 0.607143 1.000000
vt 0.642857 0.200000
vt 0.642857 0.000000
vt 0.642857 0.400000
vt 0.642857 0.600000
vt 0.642857 0.800000
vt 0.642857 1.000000
vt 0.678571 0.200000
vt 0.678571 0.000000
vt 0.678571 0.400000
vt 0.678571 0.600000
vt 0.678571 0.800000
vt 0.678571 1.000000
vt 0.714286 0.200000
vt 0.714286 0.000000
vt 0.714286 0.400000
vt 0.714286 0.600000
vt 0.714286 0.800000
vt 0.714286 1.000000
vt 0.750000 0.200000
vt 0.750000 0.000000
vt 0.750000 0.400000
vt 0.750000 0.600000
vt 0.750000 0.800000
vt 0.750000 1.000000
vt 0.785714 0.200000
vt 0.785714 0.000000
vt 0.785714 0.400000
vt 0.785714 0.600000
vt 0.785714 0.800000
vt 0.785714 1.000000
vt 0.821429 0.200000
vt 0.821429 0.000000
vt 0.821429 0.400000
vt 0.821429 0.600000
vt 0.821429 0.800000
vt 0.821429 1.000000
vt 0.857143 0.200000
vt 0.857143 0.000000
vt 0.857143 0.400000
vt 0.857143 0.600000
vt 0.857143 0.800000
vt 0.857143 1.000000
vt 0.892857 0.200000
vt 0.892857 0.000000
vt 0.892857 0.400000
vt 0.892857 0.600000
vt 0.892857 0.800000
vt 0.892857 1.000000
vt 0.928571 0.200000
vt 0.928571 0.000000
vt 0.928571 0.400000
vt 0.928571 0.600000
vt 0.928571 0.800000
vt 0.928571 1.000000
vt 0.964286 0.200000
vt 0.964286 0.000000
vt 0.964286 0.400000
vt 0.964286 0.600000
vt 0.964286 0.800000
vt 0.964286 1.000000
vt 1.000000 0.200000
vt 1.000000 0.400000
vt 1.000000 0.600000
vt 1.000000 0.800000
vt 1.000000 1.000000
s 1
usemtl Copper_|_burnished_trim
f 1372/1604/1887 1374/1605/1888 1373/1606/1889
f 1371/1607/1890 1374/1605/1888 1372/1604/1887
f 1371/1607/1890 1375/1608/1891 1374/1605/1888
f 1370/1609/1892 1375/1608/1891 1371/1607/1890
f 1370/1609/1892 1376/1610/1893 1375/1608/1891
f 1369/1611/1894 1376/1610/1893 1370/1609/1892
f 1369/1611/1894 1377/1612/1895 1376/1610/1893
f 1396/1613/1896 1377/1612/1895 1369/1611/1894
f 1396/1613/1896 1378/1614/1897 1377/1612/1895
f 1395/1615/1898 1378/1614/1897 1396/1613/1896
f 1395/1615/1898 1379/1616/1899 1378/1614/1897
f 1394/1617/1900 1379/1616/1899 1395/1615/1898
f 1393/1618/1901 1379/1616/1899 1394/1617/1900
f 1393/1618/1901 1380/1619/1902 1379/1616/1899
f 1392/1620/1903 1380/1619/1902 1393/1618/1901
f 1392/1620/1903 1381/1621/1904 1380/1619/1902
f 1391/1622/1905 1381/1621/1904 1392/1620/1903
f 1391/1622/1905 1382/1623/1906 1381/1621/1904
f 1390/1624/1907 1382/1623/1906 1391/1622/1905
f 1390/1624/1907 1383/1625/1908 1382/1623/1906
f 1390/1624/1907 1384/1626/1909 1383/1625/1908
f 1389/1627/1910 1384/1626/1909 1390/1624/1907
f 1389/1627/1910 1385/1628/1911 1384/1626/1909
f 1388/1629/1912 1386/1630/1913 1389/1627/1910
f 1386/1630/1913 1385/1628/1911 1389/1627/1910
f 1388/1629/1912 1387/1631/1914 1386/1630/1913
f 1400/1604/1915 1401/1606/1916 1402/1605/1917
f 1399/1607/1918 1400/1604/1915 1402/1605/1917
f 1399/1607/1918 1402/1605/1917 1403/1608/1919
f 1398/1609/1920 1399/1607/1918 1403/1608/1919
f 1398/1609/1920 1403/1608/1919 1404/1610/1921
f 1397/1611/1922 1398/1609/1920 1404/1610/1921
f 1397/1611/1922 1404/1610/1921 1405/1612/1923
f 1424/1613/1924 1397/1611/1922 1405/1612/1923
f 1424/1613/1924 1405/1612/1923 1406/1614/1925
f 1423/1615/1926 1424/1613/1924 1406/1614/1925
f 1423/1615/1926 1406/1614/1925 1407/1616/1927
f 1422/1617/1928 1423/1615/1926 1407/1616/1927
f 1421/1618/1929 1422/1617/1928 1407/1616/1927
f 1421/1618/1929 1407/1616/1927 1408/1619/1930
f 1420/1620/1931 1421/1618/1929 1408/1619/1930
f 1420/1620/1931 1408/1619/1930 1409/1621/1932
f 1419/1622/1933 1420/1620/1931 1409/1621/1932
f 1419/1622/1933 1409/1621/1932 1410/1623/1934
f 1418/1624/1935 1419/1622/1933 1410/1623/1934
f 1418/1624/1935 1410/1623/1934 1411/1625/1936
f 1418/1624/1935 1411/1625/1936 1412/1626/1937
f 1417/1627/1938 1418/1624/1935 1412/1626/1937
f 1417/1627/1938 1412/1626/1937 1413/1628/1939
f 1416/1629/1940 1417/1627/1938 1414/1630/1941
f 1414/1630/1941 1417/1627/1938 1413/1628/1939
f 1416/1629/1940 1414/1630/1941 1415/1631/1942
f 1425/1632/1943 1429/1633/1944 1398/1634/1920 1397/1611/1922
f 1426/1635/1945 1430/1636/1946 1429/1633/1947 1425/1632/1948
f 1427/1637/1949 1431/1638/1950 1430/1636/1946 1426/1635/1945
f 1428/1639/1951 1432/1640/1952 1431/1638/1950 1427/1637/1949
f 1369/1641/1894 1370/1642/1892 1432/1640/1953 1428/1639/1954
f 1429/1633/1944 1433/1643/1955 1399/1644/1918 1398/1634/1920
f 1430/1636/1946 1434/1645/1956 1433/1643/1957 1429/1633/1947
f 1431/1638/1950 1435/1646/1958 1434/1645/1956 1430/1636/1946
f 1432/1640/1952 1436/1647/1959 1435/1646/1958 1431/1638/1950
f 1370/1642/1892 1371/1648/1890 1436/1647/1960 1432/1640/1953
f 1433/1643/1955 1437/1649/1961 1400/1650/1915 1399/1644/1918
f 1434/1645/1956 1438/1651/1962 1437/1649/1963 1433/1643/1957
f 1435/1646/1958 1439/1652/1964 1438/1651/1962 1434/1645/1956
f 1436/1647/1959 1440/1653/1965 1439/1652/1964 1435/1646/1958
f 1371/1648/1890 1372/1654/1887 1440/1653/1966 1436/1647/1960
f 1437/1649/1961 1441/1655/1967 1401/1656/1916 1400/1650/1915
f 1438/1651/1962 1442/1657/1968 1441/1655/1969 1437/1649/1963
f 1439/1652/1964 1443/1658/1970 1442/1657/1968 1438/1651/1962
f 1440/1653/1965 1444/1659/1971 1443/1658/1970 1439/1652/1964
f 1372/1654/1887 1373/1660/1889 1444/1659/1972 1440/1653/1966
f 1441/1655/1973 1445/1661/1974 1402/1662/1917 1401/1656/1916
f 1442/1657/1975 1446/1663/1976 1445/1661/1977 1441/1655/1978
f 1443/1658/1979 1447/1664/1980 1446/1663/1976 1442/1657/1975
f 1444/1659/1981 1448/1665/1982 1447/1664/1980 1443/1658/1979
f 1373/1660/1889 1374/1666/1888 1448/1665/1983 1444/1659/1984
f 1445/1661/1974 1449/1667/1985 1403/1668/1919 1402/1662/1917
f 1446/1663/1976 1450/1669/1986 1449/1667/1987 1445/1661/1977
f 1447/1664/1980 1451/1670/1988 1450/1669/1986 1446/1663/1976
f 1448/1665/1982 1452/1671/1989 1451/1670/1988 1447/1664/1980
f 1374/1666/1888 1375/1672/1891 1452/1671/1990 1448/1665/1983
f 1449/1667/1985 1453/1673/1991 1404/1674/1921 1403/1668/1919
f 1450/1669/1986 1454/1675/1992 1453/1673/1993 1449/1667/1987
f 1451/1670/1988 1455/1676/1994 1454/1675/1992 1450/1669/1986
f 1452/1671/1989 1456/1677/1995 1455/1676/1994 1451/1670/1988
f 1375/1672/1891 1376/1678/1893 1456/1677/1996 1452/1671/1990
f 1453/1673/1991 1457/1679/1997 1405/1680/1923 1404/1674/1921
f 1454/1675/1992 1458/1681/1998 1457/1679/1999 1453/1673/1993
f 1455/1676/1994 1459/1682/2000 1458/1681/1998 1454/1675/1992
f 1456/1677/1995 1460/1683/2001 1459/1682/2000 1455/1676/1994
f 1376/1678/1893 1377/1684/1895 1460/1683/2002 1456/1677/1996
f 1457/1679/1997 1461/1685/2003 1406/1686/1925 1405/1680/1923
f 1458/1681/1998 1462/1687/2004 1461/1685/2005 1457/1679/1999
f 1459/1682/2000 1463/1688/2006 1462/1687/2004 1458/1681/1998
f 1460/1683/2001 1464/1689/2007 1463/1688/2006 1459/1682/2000
f 1377/1684/1895 1378/1690/1897 1464/1689/2008 1460/1683/2002
f 1461/1685/2003 1465/1691/2009 1407/1692/1927 1406/1686/1925
f 1462/1687/2004 1466/1693/2010 1465/1691/2011 1461/1685/2005
f 1463/1688/2006 1467/1694/2012 1466/1693/2010 1462/1687/2004
f 1464/1689/2007 1468/1695/2013 1467/1694/2012 1463/1688/2006
f 1378/1690/1897 1379/1696/1899 1468/1695/2014 1464/1689/2008
f 1465/1691/2009 1469/1697/2015 1408/1698/1930 1407/1692/1927
f 1466/1693/2010 1470/1699/2016 1469/1697/2017 1465/1691/2011
f 1467/1694/2012 1471/1700/2018 1470/1699/2016 1466/1693/2010
f 1468/1695/2013 1472/1701/2019 1471/1700/2018 1467/1694/2012
f 1379/1696/1899 1380/1702/1902 1472/1701/2020 1468/1695/2014
f 1469/1697/2015 1473/1703/2021 1409/1704/1932 1408/1698/1930
f 1470/1699/2016 1474/1705/2022 1473/1703/2023 1469/1697/2017
f 1471/1700/2018 1475/1706/2024 1474/1705/2022 1470/1699/2016
f 1472/1701/2019 1476/1707/2025 1475/1706/2024 1471/1700/2018
f 1380/1702/1902 1381/1708/1904 1476/1707/2026 1472/1701/2020
f 1473/1703/2021 1477/1709/2027 1410/1710/1934 1409/1704/1932
f 1474/1705/2022 1478/1711/2028 1477/1709/2029 1473/1703/2023
f 1475/1706/2024 1479/1712/2030 1478/1711/2028 1474/1705/2022
f 1476/1707/2025 1480/1713/2031 1479/1712/2030 1475/1706/2024
f 1381/1708/1904 1382/1714/1906 1480/1713/2032 1476/1707/2026
f 1477/1709/2027 1481/1715/2033 1411/1716/1936 1410/1710/1934
f 1478/1711/2028 1482/1717/2034 1481/1715/2035 1477/1709/2029
f 1479/1712/2030 1483/1718/2036 1482/1717/2034 1478/1711/2028
f 1480/1713/2031 1484/1719/2037 1483/1718/2036 1479/1712/2030
f 1382/1714/1906 1383/1720/1908 1484/1719/2038 1480/1713/2032
f 1481/1715/2033 1485/1721/2039 1412/1722/1937 1411/1716/1936
f 1482/1717/2034 1486/1723/2040 1485/1721/2041 1481/1715/2035
f 1483/1718/2036 1487/1724/2042 1486/1723/2040 1482/1717/2034
f 1484/1719/2037 1488/1725/2043 1487/1724/2042 1483/1718/2036
f 1383/1720/1908 1384/1726/1909 1488/1725/2044 1484/1719/2038
f 1485/1721/2039 1489/1727/2045 1413/1728/1939 1412/1722/1937
f 1486/1723/2040 1490/1729/2046 1489/1727/2047 1485/1721/2041
f 1487/1724/2042 1491/1730/2048 1490/1729/2046 1486/1723/2040
f 1488/1725/2043 1492/1731/2049 1491/1730/2048 1487/1724/2042
f 1384/1726/1909 1385/1732/1911 1492/1731/2050 1488/1725/2044
f 1489/1727/2051 1493/1733/2052 1414/1734/1941 1413/1728/1939
f 1490/1729/2053 1494/1735/2054 1493/1733/2055 1489/1727/2056
f 1491/1730/2057 1495/1736/2058 1494/1735/2054 1490/1729/2053
f 1492/1731/2059 1496/1737/2060 1495/1736/2058 1491/1730/2057
f 1385/1732/1911 1386/1738/1913 1496/1737/2061 1492/1731/2062
f 1493/1733/2052 1497/1739/2063 1415/1740/1942 1414/1734/1941
f 1494/1735/2054 1498/1741/2064 1497/1739/2065 1493/1733/2055
f 1495/1736/2058 1499/1742/2066 1498/1741/2064 1494/1735/2054
f 1496/1737/2060 1500/1743/2067 1499/1742/2066 1495/1736/2058
f 1386/1738/1913 1387/1744/1914 1500/1743/2068 1496/1737/2061
f 1497/1739/2063 1501/1745/2069 1416/1746/1940 1415/1740/1942
f 1498/1741/2064 1502/1747/2070 1501/1745/2071 1497/1739/2065
f 1499/1742/2066 1503/1748/2072 1502/1747/2070 1498/1741/2064
f 1500/1743/2067 1504/1749/2073 1503/1748/2072 1499/1742/2066
f 1387/1744/1914 1388/1750/1912 1504/1749/2074 1500/1743/2068
f 1501/1745/2069 1505/1751/2075 1417/1752/1938 1416/1746/1940
f 1502/1747/2070 1506/1753/2076 1505/1751/2077 1501/1745/2071
f 1503/1748/2072 1507/1754/2078 1506/1753/2076 1502/1747/2070
f 1504/1749/2073 1508/1755/2079 1507/1754/2078 1503/1748/2072
f 1388/1750/1912 1389/1756/1910 1508/1755/2080 1504/1749/2074
f 1505/1751/2075 1509/1757/2081 1418/1758/1935 1417/1752/1938
f 1506/1753/2076 1510/1759/2082 1509/1757/2083 1505/1751/2077
f 1507/1754/2078 1511/1760/2084 1510/1759/2082 1506/1753/2076
f 1508/1755/2079 1512/1761/2085 1511/1760/2084 1507/1754/2078
f 1389/1756/1910 1390/1762/1907 1512/1761/2086 1508/1755/2080
f 1509/1757/2081 1513/1763/2087 1419/1764/1933 1418/1758/1935
f 1510/1759/2082 1514/1765/2088 1513/1763/2089 1509/1757/2083
f 1511/1760/2084 1515/1766/2090 1514/1765/2088 1510/1759/2082
f 1512/1761/2085 1516/1767/2091 1515/1766/2090 1511/1760/2084
f 1390/1762/1907 1391/1768/1905 1516/1767/2092 1512/1761/2086
f 1513/1763/2087 1517/1769/2093 1420/1770/1931 1419/1764/1933
f 1514/1765/2088 1518/1771/2094 1517/1769/2095 1513/1763/2089
f 1515/1766/2090 1519/1772/2096 1518/1771/2094 1514/1765/2088
f 1516/1767/2091 1520/1773/2097 1519/1772/2096 1515/1766/2090
f 1391/1768/1905 1392/1774/1903 1520/1773/2098 1516/1767/2092
f 1517/1769/2093 1521/1775/2099 1421/1776/1929 1420/1770/1931
f 1518/1771/2094 1522/1777/2100 1521/1775/2101 1517/1769/2095
f 1519/1772/2096 1523/1778/2102 1522/1777/2100 1518/1771/2094
f 1520/1773/2097 1524/1779/2103 1523/1778/2102 1519/1772/2096
f 1392/1774/1903 1393/1780/1901 1524/1779/2104 1520/1773/2098
f 1521/1775/2099 1525/1781/2105 1422/1782/1928 1421/1776/1929
f 1522/1777/2100 1526/1783/2106 1525/1781/2107 1521/1775/2101
f 1523/1778/2102 1527/1784/2108 1526/1783/2106 1522/1777/2100
f 1524/1779/2103 1528/1785/2109 1527/1784/2108 1523/1778/2102
f 1393/1780/1901 1394/1786/1900 1528/1785/2110 1524/1779/2104
f 1525/1781/2105 1529/1787/2111 1423/1788/1926 1422/1782/1928
f 1526/1783/2106 1530/1789/2112 1529/1787/2113 1525/1781/2107
f 1527/1784/2108 1531/1790/2114 1530/1789/2112 1526/1783/2106
f 1528/1785/2109 1532/1791/2115 1531/1790/2114 1527/1784/2108
f 1394/1786/1900 1395/1792/1898 1532/1791/2116 1528/1785/2110
f 1529/1787/2111 1533/1793/2117 1424/1794/1924 1423/1788/1926
f 1530/1789/2112 1534/1795/2118 1533/1793/2119 1529/1787/2113
f 1531/1790/2114 1535/1796/2120 1534/1795/2118 1530/1789/2112
f 1532/1791/2115 1536/1797/2121 1535/1796/2120 1531/1790/2114
f 1395/1792/1898 1396/1798/1896 1536/1797/2122 1532/1791/2116
f 1533/1793/2117 1425/1799/1943 1397/1613/1922 1424/1794/1924
f 1534/1795/2118 1426/1800/1945 1425/1799/1948 1533/1793/2119
f 1535/1796/2120 1427/1801/1949 1426/1800/1945 1534/1795/2118
f 1536/1797/2121 1428/1802/1951 1427/1801/1949 1535/1796/2120
f 1396/1798/1896 1369/1803/1894 1428/1802/1954 1536/1797/2122
o Barrel_|_upper
v 0.263077 0.098323 -0.024059
v 0.263077 0.105572 -0.021704
v 0.263077 0.111737 -0.017224
v 0.263077 0.116217 -0.011059
v 0.263077 0.118572 -0.003811
v 0.263077 0.118572 0.003811
v 0.263077 0.116217 0.011059
v 0.263077 0.111737 0.017224
v 0.263077 0.105572 0.021704
v 0.263077 0.098323 0.024059
v 0.263077 0.090702 0.024059
v 0.263077 0.083454 0.021704
v 0.263077 0.077288 0.017224
v 0.263077 0.072809 0.011059
v 0.263077 0.070454 0.003811
v 0.263077 0.070454 -0.003811
v 0.263077 0.072809 -0.011059
v 0.263077 0.077288 -0.017224
v 0.263077 0.083454 -0.021704
v 0.263077 0.090702 -0.024059
v 0.626026 0.098323 -0.024059
v 0.626026 0.105572 -0.021704
v 0.626026 0.111737 -0.017224
v 0.626026 0.116217 -0.011059
v 0.626026 0.118572 -0.003811
v 0.626026 0.118572 0.003811
v 0.626026 0.116217 0.011059
v 0.626026 0.111737 0.017224
v 0.626026 0.105572 0.021704
v 0.626026 0.098323 0.024059
v 0.626026 0.090702 0.024059
v 0.626026 0.083454 0.021704
v 0.626026 0.077288 0.017224
v 0.626026 0.072809 0.011059
v 0.626026 0.070454 0.003811
v 0.626026 0.070454 -0.003811
v 0.626026 0.072809 -0.011059
v 0.626026 0.077288 -0.017224
v 0.626026 0.083454 -0.021704
v 0.626026 0.090702 -0.024059
v 0.627487 0.098704 -0.026465
v 0.627487 0.106677 -0.023874
v 0.627487 0.113460 -0.018947
v 0.627487 0.118387 -0.012165
v 0.627487 0.120978 -0.004192
v 0.627487 0.120978 0.004192
v 0.627487 0.118387 0.012165
v 0.627487 0.113460 0.018947
v 0.627487 0.106677 0.023874
v 0.627487 0.098704 0.026465
v 0.627487 0.090321 0.026465
v 0.627487 0.082348 0.023874
v 0.627487 0.075566 0.018947
v 0.627487 0.070638 0.012165
v 0.627487 0.068048 0.004192
v 0.627487 0.068048 -0.004192
v 0.627487 0.070638 -0.012165
v 0.627487 0.075566 -0.018947
v 0.627487 0.082348 -0.023874
v 0.627487 0.090321 -0.026465
v 0.637231 0.098704 -0.026465
v 0.637231 0.106677 -0.023874
v 0.637231 0.113460 -0.018947
v 0.637231 0.118387 -0.012165
v 0.637231 0.120978 -0.004192
v 0.637231 0.120978 0.004192
v 0.637231 0.118387 0.012165
v 0.637231 0.113460 0.018947
v 0.637231 0.106677 0.023874
v 0.637231 0.098704 0.026465
v 0.637231 0.090321 0.026465
v 0.637231 0.082348 0.023874
v 0.637231 0.075566 0.018947
v 0.637231 0.070638 0.012165
v 0.637231 0.068048 0.004192
v 0.637231 0.068048 -0.004192
v 0.637231 0.070638 -0.012165
v 0.637231 0.075566 -0.018947
v 0.637231 0.082348 -0.023874
v 0.637231 0.090321 -0.026465
v 0.638692 0.098476 -0.025021
v 0.638692 0.106014 -0.022572
v 0.638692 0.112426 -0.017913
v 0.638692 0.117085 -0.011501
v 0.638692 0.119534 -0.003963
v 0.638692 0.119534 0.003963
v 0.638692 0.117085 0.011501
v 0.638692 0.112426 0.017913
v 0.638692 0.106014 0.022572
v 0.638692 0.098476 0.025021
v 0.638692 0.090550 0.025021
v 0.638692 0.083012 0.022572
v 0.638692 0.076599 0.017913
v 0.638692 0.071941 0.011501
v 0.638692 0.069491 0.003963
v 0.638692 0.069491 -0.003963
v 0.638692 0.071941 -0.011501
v 0.638692 0.076599 -0.017913
v 0.638692 0.083012 -0.022572
v 0.638692 0.090550 -0.025021
v 0.672308 0.098476 -0.025021
v 0.672308 0.106014 -0.022572
v 0.672308 0.112426 -0.017913
v 0.672308 0.117085 -0.011501
v 0.672308 0.119534 -0.003963
v 0.672308 0.119534 0.003963
v 0.672308 0.117085 0.011501
v 0.672308 0.112426 0.017913
v 0.672308 0.106014 0.022572
v 0.672308 0.098476 0.025021
v 0.672308 0.090550 0.025021
v 0.672308 0.083012 0.022572
v 0.672308 0.076599 0.017913
v 0.672308 0.071941 0.011501
v 0.672308 0.069491 0.003963
v 0.672308 0.069491 -0.003963
v 0.672308 0.071941 -0.011501
v 0.672308 0.076599 -0.017913
v 0.672308 0.083012 -0.022572
v 0.672308 0.090550 -0.025021
v 0.674744 0.098019 -0.022134
v 0.674744 0.104687 -0.019968
v 0.674744 0.110359 -0.015846
v 0.674744 0.114481 -0.010174
v 0.674744 0.116647 -0.003506
v 0.674744 0.116647 0.003506
v 0.674744 0.114481 0.010174
v 0.674744 0.110359 0.015846
v 0.674744 0.104687 0.019968
v 0.674744 0.098019 0.022134
v 0.674744 0.091007 0.022134
v 0.674744 0.084339 0.019968
v 0.674744 0.078666 0.015846
v 0.674744 0.074545 0.010174
v 0.674744 0.072378 0.003506
v 0.674744 0.072378 -0.003506
v 0.674744 0.074545 -0.010174
v 0.674744 0.078666 -0.015846
v 0.674744 0.084339 -0.019968
v 0.674744 0.091007 -0.022134
v 0.675231 0.097104 -0.016360
v 0.675231 0.102033 -0.014759
v 0.675231 0.106225 -0.011713
v 0.675231 0.109272 -0.007520
v 0.675231 0.110873 -0.002591
v 0.675231 0.110873 0.002591
v 0.675231 0.109272 0.007520
v 0.675231 0.106225 0.011713
v 0.675231 0.102033 0.014759
v 0.675231 0.097104 0.016360
v 0.675231 0.091922 0.016360
v 0.675231 0.086993 0.014759
v 0.675231 0.082800 0.011713
v 0.675231 0.079754 0.007520
v 0.675231 0.078153 0.002591
v 0.675231 0.078153 -0.002591
v 0.675231 0.079754 -0.007520
v 0.675231 0.082800 -0.011713
v 0.675231 0.086993 -0.014759
v 0.675231 0.091922 -0.016360
v 0.665000 0.096799 -0.014435
v 0.665000 0.101148 -0.013022
v 0.665000 0.104847 -0.010335
v 0.665000 0.107535 -0.006635
v 0.665000 0.108948 -0.002286
v 0.665000 0.108948 0.002286
v 0.665000 0.107535 0.006635
v 0.665000 0.104847 0.010335
v 0.665000 0.101148 0.013022
v 0.665000 0.096799 0.014435
v 0.665000 0.092226 0.014435
v 0.665000 0.087878 0.013022
v 0.665000 0.084178 0.010335
v 0.665000 0.081490 0.006635
v 0.665000 0.080077 0.002286
v 0.665000 0.080077 -0.002286
v 0.665000 0.081490 -0.006635
v 0.665000 0.084178 -0.010335
v 0.665000 0.087878 -0.013022
v 0.665000 0.092226 -0.014435
v 0.665000 0.094513 0.000000
vn -0.0000 0.1564 -0.9877
vn -0.0000 0.4540 -0.8910
vn -0.0000 0.7071 -0.7071
vn -0.0000 0.8910 -0.4540
vn -0.0000 0.9877 -0.1564
vn -0.0000 0.9877 0.1564
vn -0.0000 0.8910 0.4540
vn -0.0000 0.7071 0.7071
vn -0.0000 0.4540 0.8910
vn -0.0000 0.1564 0.9877
vn -0.0000 -0.1564 0.9877
vn -0.0000 -0.4540 0.8910
vn -0.0000 -0.7071 0.7071
vn -0.0000 -0.8910 0.4540
vn -0.0000 -0.9877 0.1564
vn -0.0000 -0.9877 -0.1564
vn -0.0000 -0.8910 -0.4540
vn -0.0000 -0.7071 -0.7071
vn -0.0000 -0.4540 -0.8910
vn -0.0000 -0.1564 -0.9877
vn -0.8575 0.0805 -0.5082
vn -0.8575 0.2336 -0.4584
vn -0.8575 0.3638 -0.3638
vn -0.8575 0.4584 -0.2336
vn -0.8575 0.5082 -0.0805
vn -0.8575 0.5082 0.0805
vn -0.8575 0.4584 0.2336
vn -0.8575 0.3638 0.3638
vn -0.8575 0.2336 0.4584
vn -0.8575 0.0805 0.5082
vn -0.8575 -0.0805 0.5082
vn -0.8575 -0.2336 0.4584
vn -0.8575 -0.3638 0.3638
vn -0.8575 -0.4584 0.2336
vn -0.8575 -0.5082 0.0805
vn -0.8575 -0.5082 -0.0805
vn -0.8575 -0.4584 -0.2336
vn -0.8575 -0.3638 -0.3638
vn -0.8575 -0.2336 -0.4584
vn -0.8575 -0.0805 -0.5082
vn 0.7071 0.1106 -0.6984
vn 0.7071 0.3210 -0.6300
vn 0.7071 0.5000 -0.5000
vn 0.7071 0.6300 -0.3210
vn 0.7071 0.6984 -0.1106
vn 0.7071 0.6984 0.1106
vn 0.7071 0.6300 0.3210
vn 0.7071 0.5000 0.5000
vn 0.7071 0.3210 0.6300
vn 0.7071 0.1106 0.6984
vn 0.7071 -0.1106 0.6984
vn 0.7071 -0.3210 0.6300
vn 0.7071 -0.5000 0.5000
vn 0.7071 -0.6300 0.3210
vn 0.7071 -0.6984 0.1106
vn 0.7071 -0.6984 -0.1106
vn 0.7071 -0.6300 -0.3210
vn 0.7071 -0.5000 -0.5000
vn 0.7071 -0.3210 -0.6300
vn 0.7071 -0.1106 -0.6984
vn 0.7682 0.1001 -0.6323
vn 0.7682 0.2906 -0.5704
vn 0.7682 0.4527 -0.4527
vn 0.7682 0.5704 -0.2906
vn 0.7682 0.6323 -0.1001
vn 0.7682 0.6323 0.1001
vn 0.7682 0.5704 0.2906
vn 0.7682 0.4527 0.4527
vn 0.7682 0.2906 0.5704
vn 0.7682 0.1001 0.6323
vn 0.7682 -0.1001 0.6323
vn 0.7682 -0.2906 0.5704
vn 0.7682 -0.4527 0.4527
vn 0.7682 -0.5704 0.2906
vn 0.7682 -0.6323 0.1001
vn 0.7682 -0.6323 -0.1001
vn 0.7682 -0.5704 -0.2906
vn 0.7682 -0.4527 -0.4527
vn 0.7682 -0.2906 -0.5704
vn 0.7682 -0.1001 -0.6323
vn 0.9965 0.0130 -0.0820
vn 0.9965 0.0377 -0.0740
vn 0.9965 0.0587 -0.0587
vn 0.9965 0.0740 -0.0377
vn 0.9965 0.0820 -0.0130
vn 0.9965 0.0820 0.0130
vn 0.9965 0.0740 0.0377
vn 0.9965 0.0587 0.0587
vn 0.9965 0.0377 0.0740
vn 0.9965 0.0130 0.0820
vn 0.9965 -0.0130 0.0820
vn 0.9965 -0.0377 0.0740
vn 0.9965 -0.0587 0.0587
vn 0.9965 -0.0740 0.0377
vn 0.9965 -0.0820 0.0130
vn 0.9965 -0.0820 -0.0130
vn 0.9965 -0.0740 -0.0377
vn 0.9965 -0.0587 -0.0587
vn 0.9965 -0.0377 -0.0740
vn 0.9965 -0.0130 -0.0820
vn 0.1871 -0.1537 0.9702
vn 0.1871 -0.4460 0.8753
vn 0.1871 -0.6946 0.6946
vn 0.1871 -0.8753 0.4460
vn 0.1871 -0.9702 0.1537
vn 0.1871 -0.9702 -0.1537
vn 0.1871 -0.8753 -0.4460
vn 0.1871 -0.6946 -0.6946
vn 0.1871 -0.4460 -0.8753
vn 0.1871 -0.1537 -0.9702
vn 0.1871 0.1537 -0.9702
vn 0.1871 0.4460 -0.8753
vn 0.1871 0.6946 -0.6946
vn 0.1871 0.8753 -0.4460
vn 0.1871 0.9702 -0.1537
vn 0.1871 0.9702 0.1537
vn 0.1871 0.8753 0.4460
vn 0.1871 0.6946 0.6946
vn 0.1871 0.4460 0.8753
vn 0.1871 0.1537 0.9702
vn 1.0000 -0.0000 -0.0000
vn -1.0000 -0.0000 -0.0000
s 1
usemtl Lacquer_|_gloss_black
f 1537//2123 1538//2124 1558//2124 1557//2123
f 1538//2124 1539//2125 1559//2125 1558//2124
f 1539//2125 1540//2126 1560//2126 1559//2125
f 1540//2126 1541//2127 1561//2127 1560//2126
f 1541//2127 1542//2128 1562//2128 1561//2127
f 1542//2128 1543//2129 1563//2129 1562//2128
f 1543//2129 1544//2130 1564//2130 1563//2129
f 1544//2130 1545//2131 1565//2131 1564//2130
f 1545//2131 1546//2132 1566//2132 1565//2131
f 1546//2132 1547//2133 1567//2133 1566//2132
f 1547//2133 1548//2134 1568//2134 1567//2133
f 1548//2134 1549//2135 1569//2135 1568//2134
f 1549//2135 1550//2136 1570//2136 1569//2135
f 1550//2136 1551//2137 1571//2137 1570//2136
f 1551//2137 1552//2138 1572//2138 1571//2137
f 1552//2138 1553//2139 1573//2139 1572//2138
f 1553//2139 1554//2140 1574//2140 1573//2139
f 1554//2140 1555//2141 1575//2141 1574//2140
f 1555//2141 1556//2142 1576//2142 1575//2141
f 1556//2142 1537//2123 1557//2123 1576//2142
f 1597//2163 1598//2164 1618//2164 1617//2163
f 1598//2164 1599//2165 1619//2165 1618//2164
f 1599//2165 1600//2166 1620//2166 1619//2165
f 1600//2166 1601//2167 1621//2167 1620//2166
f 1601//2167 1602//2168 1622//2168 1621//2167
f 1602//2168 1603//2169 1623//2169 1622//2168
f 1603//2169 1604//2170 1624//2170 1623//2169
f 1604//2170 1605//2171 1625//2171 1624//2170
f 1605//2171 1606//2172 1626//2172 1625//2171
f 1606//2172 1607//2173 1627//2173 1626//2172
f 1607//2173 1608//2174 1628//2174 1627//2173
f 1608//2174 1609//2175 1629//2175 1628//2174
f 1609//2175 1610//2176 1630//2176 1629//2175
f 1610//2176 1611//2177 1631//2177 1630//2176
f 1611//2177 1612//2178 1632//2178 1631//2177
f 1612//2178 1613//2179 1633//2179 1632//2178
f 1613//2179 1614//2180 1634//2180 1633//2179
f 1614//2180 1615//2181 1635//2181 1634//2180
f 1615//2181 1616//2182 1636//2182 1635//2181
f 1616//2182 1597//2163 1617//2163 1636//2182
f 1617//2123 1618//2124 1638//2124 1637//2123
f 1618//2124 1619//2125 1639//2125 1638//2124
f 1619//2125 1620//2126 1640//2126 1639//2125
f 1620//2126 1621//2127 1641//2127 1640//2126
f 1621//2127 1622//2128 1642//2128 1641//2127
f 1622//2128 1623//2129 1643//2129 1642//2128
f 1623//2129 1624//2130 1644//2130 1643//2129
f 1624//2130 1625//2131 1645//2131 1644//2130
f 1625//2131 1626//2132 1646//2132 1645//2131
f 1626//2132 1627//2133 1647//2133 1646//2132
f 1627//2133 1628//2134 1648//2134 1647//2133
f 1628//2134 1629//2135 1649//2135 1648//2134
f 1629//2135 1630//2136 1650//2136 1649//2135
f 1630//2136 1631//2137 1651//2137 1650//2136
f 1631//2137 1632//2138 1652//2138 1651//2137
f 1632//2138 1633//2139 1653//2139 1652//2138
f 1633//2139 1634//2140 1654//2140 1653//2139
f 1634//2140 1635//2141 1655//2141 1654//2140
f 1635//2141 1636//2142 1656//2142 1655//2141
f 1636//2142 1617//2123 1637//2123 1656//2142
f 1637//2183 1638//2184 1658//2184 1657//2183
f 1638//2184 1639//2185 1659//2185 1658//2184
f 1639//2185 1640//2186 1660//2186 1659//2185
f 1640//2186 1641//2187 1661//2187 1660//2186
f 1641//2187 1642//2188 1662//2188 1661//2187
f 1642//2188 1643//2189 1663//2189 1662//2188
f 1643//2189 1644//2190 1664//2190 1663//2189
f 1644//2190 1645//2191 1665//2191 1664//2190
f 1645//2191 1646//2192 1666//2192 1665//2191
f 1646//2192 1647//2193 1667//2193 1666//2192
f 1647//2193 1648//2194 1668//2194 1667//2193
f 1648//2194 1649//2195 1669//2195 1668//2194
f 1649//2195 1650//2196 1670//2196 1669//2195
f 1650//2196 1651//2197 1671//2197 1670//2196
f 1651//2197 1652//2198 1672//2198 1671//2197
f 1652//2198 1653//2199 1673//2199 1672//2198
f 1653//2199 1654//2200 1674//2200 1673//2199
f 1654//2200 1655//2201 1675//2201 1674//2200
f 1655//2201 1656//2202 1676//2202 1675//2201
f 1656//2202 1637//2183 1657//2183 1676//2202
f 1537//2244 1556//2244 1555//2244 1554//2244 1553//2244 1552//2244 1551//2244 1550//2244 1549//2244 1548//2244 1547//2244 1546//2244 1545//2244 1544//2244 1543//2244 1542//2244 1541//2244 1540//2244 1539//2244 1538//2244
usemtl Glow_|_orange_neon
f 1557//2143 1558//2144 1578//2144 1577//2143
f 1558//2144 1559//2145 1579//2145 1578//2144
f 1559//2145 1560//2146 1580//2146 1579//2145
f 1560//2146 1561//2147 1581//2147 1580//2146
f 1561//2147 1562//2148 1582//2148 1581//2147
f 1562//2148 1563//2149 1583//2149 1582//2148
f 1563//2149 1564//2150 1584//2150 1583//2149
f 1564//2150 1565//2151 1585//2151 1584//2150
f 1565//2151 1566//2152 1586//2152 1585//2151
f 1566//2152 1567//2153 1587//2153 1586//2152
f 1567//2153 1568//2154 1588//2154 1587//2153
f 1568//2154 1569//2155 1589//2155 1588//2154
f 1569//2155 1570//2156 1590//2156 1589//2155
f 1570//2156 1571//2157 1591//2157 1590//2156
f 1571//2157 1572//2158 1592//2158 1591//2157
f 1572//2158 1573//2159 1593//2159 1592//2158
f 1573//2159 1574//2160 1594//2160 1593//2159
f 1574//2160 1575//2161 1595//2161 1594//2160
f 1575//2161 1576//2162 1596//2162 1595//2161
f 1576//2162 1557//2143 1577//2143 1596//2162
f 1577//2123 1578//2124 1598//2124 1597//2123
f 1578//2124 1579//2125 1599//2125 1598//2124
f 1579//2125 1580//2126 1600//2126 1599//2125
f 1580//2126 1581//2127 1601//2127 1600//2126
f 1581//2127 1582//2128 1602//2128 1601//2127
f 1582//2128 1583//2129 1603//2129 1602//2128
f 1583//2129 1584//2130 1604//2130 1603//2129
f 1584//2130 1585//2131 1605//2131 1604//2130
f 1585//2131 1586//2132 1606//2132 1605//2131
f 1586//2132 1587//2133 1607//2133 1606//2132
f 1587//2133 1588//2134 1608//2134 1607//2133
f 1588//2134 1589//2135 1609//2135 1608//2134
f 1589//2135 1590//2136 1610//2136 1609//2135
f 1590//2136 1591//2137 1611//2137 1610//2136
f 1591//2137 1592//2138 1612//2138 1611//2137
f 1592//2138 1593//2139 1613//2139 1612//2138
f 1593//2139 1594//2140 1614//2140 1613//2139
f 1594//2140 1595//2141 1615//2141 1614//2140
f 1595//2141 1596//2142 1616//2142 1615//2141
f 1596//2142 1577//2123 1597//2123 1616//2142
usemtl Rubber_|_ribbed_black
f 1657//2203 1658//2204 1678//2204 1677//2203
f 1658//2204 1659//2205 1679//2205 1678//2204
f 1659//2205 1660//2206 1680//2206 1679//2205
f 1660//2206 1661//2207 1681//2207 1680//2206
f 1661//2207 1662//2208 1682//2208 1681//2207
f 1662//2208 1663//2209 1683//2209 1682//2208
f 1663//2209 1664//2210 1684//2210 1683//2209
f 1664//2210 1665//2211 1685//2211 1684//2210
f 1665//2211 1666//2212 1686//2212 1685//2211
f 1666//2212 1667//2213 1687//2213 1686//2212
f 1667//2213 1668//2214 1688//2214 1687//2213
f 1668//2214 1669//2215 1689//2215 1688//2214
f 1669//2215 1670//2216 1690//2216 1689//2215
f 1670//2216 1671//2217 1691//2217 1690//2216
f 1671//2217 1672//2218 1692//2218 1691//2217
f 1672//2218 1673//2219 1693//2219 1692//2218
f 1673//2219 1674//2220 1694//2220 1693//2219
f 1674//2220 1675//2221 1695//2221 1694//2220
f 1675//2221 1676//2222 1696//2222 1695//2221
f 1676//2222 1657//2203 1677//2203 1696//2222
f 1677//2223 1678//2224 1698//2224 1697//2223
f 1678//2224 1679//2225 1699//2225 1698//2224
f 1679//2225 1680//2226 1700//2226 1699//2225
f 1680//2226 1681//2227 1701//2227 1700//2226
f 1681//2227 1682//2228 1702//2228 1701//2227
f 1682//2228 1683//2229 1703//2229 1702//2228
f 1683//2229 1684//2230 1704//2230 1703//2229
f 1684//2230 1685//2231 1705//2231 1704//2230
f 1685//2231 1686//2232 1706//2232 1705//2231
f 1686//2232 1687//2233 1707//2233 1706//2232
f 1687//2233 1688//2234 1708//2234 1707//2233
f 1688//2234 1689//2235 1709//2235 1708//2234
f 1689//2235 1690//2236 1710//2236 1709//2235
f 1690//2236 1691//2237 1711//2237 1710//2236
f 1691//2237 1692//2238 1712//2238 1711//2237
f 1692//2238 1693//2239 1713//2239 1712//2238
f 1693//2239 1694//2240 1714//2240 1713//2239
f 1694//2240 1695//2241 1715//2241 1714//2240
f 1695//2241 1696//2242 1716//2242 1715//2241
f 1696//2242 1677//2223 1697//2223 1716//2242
f 1697//2243 1698//2243 1717//2243
f 1698//2243 1699//2243 1717//2243
f 1699//2243 1700//2243 1717//2243
f 1700//2243 1701//2243 1717//2243
f 1701//2243 1702//2243 1717//2243
f 1702//2243 1703//2243 1717//2243
f 1703//2243 1704//2243 1717//2243
f 1704//2243 1705//2243 1717//2243
f 1705//2243 1706//2243 1717//2243
f 1706//2243 1707//2243 1717//2243
f 1707//2243 1708//2243 1717//2243
f 1708//2243 1709//2243 1717//2243
f 1709//2243 1710//2243 1717//2243
f 1710//2243 1711//2243 1717//2243
f 1711//2243 1712//2243 1717//2243
f 1712//2243 1713//2243 1717//2243
f 1713//2243 1714//2243 1717//2243
f 1714//2243 1715//2243 1717//2243
f 1715//2243 1716//2243 1717//2243
f 1716//2243 1697//2243 1717//2243
o Barrel_|_lower
v 0.263077 0.049635 -0.021172
v 0.263077 0.056014 -0.019100
v 0.263077 0.061440 -0.015157
v 0.263077 0.065382 -0.009732
v 0.263077 0.067454 -0.003353
v 0.263077 0.067454 0.003353
v 0.263077 0.065382 0.009732
v 0.263077 0.061440 0.015157
v 0.263077 0.056014 0.019100
v 0.263077 0.049635 0.021172
v 0.263077 0.042929 0.021172
v 0.263077 0.036550 0.019100
v 0.263077 0.031125 0.015157
v 0.263077 0.027183 0.009732
v 0.263077 0.025110 0.003353
v 0.263077 0.025110 -0.003353
v 0.263077 0.027183 -0.009732
v 0.263077 0.031125 -0.015157
v 0.263077 0.036550 -0.019100
v 0.263077 0.042929 -0.021172
v 0.626026 0.049635 -0.021172
v 0.626026 0.056014 -0.019100
v 0.626026 0.061440 -0.015157
v 0.626026 0.065382 -0.009732
v 0.626026 0.067454 -0.003353
v 0.626026 0.067454 0.003353
v 0.626026 0.065382 0.009732
v 0.626026 0.061440 0.015157
v 0.626026 0.056014 0.019100
v 0.626026 0.049635 0.021172
v 0.626026 0.042929 0.021172
v 0.626026 0.036550 0.019100
v 0.626026 0.031125 0.015157
v 0.626026 0.027183 0.009732
v 0.626026 0.025110 0.003353
v 0.626026 0.025110 -0.003353
v 0.626026 0.027183 -0.009732
v 0.626026 0.031125 -0.015157
v 0.626026 0.036550 -0.019100
v 0.626026 0.042929 -0.021172
v 0.627487 0.050016 -0.023578
v 0.627487 0.057120 -0.021270
v 0.627487 0.063162 -0.016880
v 0.627487 0.067552 -0.010838
v 0.627487 0.069860 -0.003734
v 0.627487 0.069860 0.003734
v 0.627487 0.067552 0.010838
v 0.627487 0.063162 0.016880
v 0.627487 0.057120 0.021270
v 0.627487 0.050016 0.023578
v 0.627487 0.042548 0.023578
v 0.627487 0.035444 0.021270
v 0.627487 0.029402 0.016880
v 0.627487 0.025012 0.010838
v 0.627487 0.022704 0.003734
v 0.627487 0.022704 -0.003734
v 0.627487 0.025012 -0.010838
v 0.627487 0.029402 -0.016880
v 0.627487 0.035444 -0.021270
v 0.627487 0.042548 -0.023578
v 0.637231 0.050016 -0.023578
v 0.637231 0.057120 -0.021270
v 0.637231 0.063162 -0.016880
v 0.637231 0.067552 -0.010838
v 0.637231 0.069860 -0.003734
v 0.637231 0.069860 0.003734
v 0.637231 0.067552 0.010838
v 0.637231 0.063162 0.016880
v 0.637231 0.057120 0.021270
v 0.637231 0.050016 0.023578
v 0.637231 0.042548 0.023578
v 0.637231 0.035444 0.021270
v 0.637231 0.029402 0.016880
v 0.637231 0.025012 0.010838
v 0.637231 0.022704 0.003734
v 0.637231 0.022704 -0.003734
v 0.637231 0.025012 -0.010838
v 0.637231 0.029402 -0.016880
v 0.637231 0.035444 -0.021270
v 0.637231 0.042548 -0.023578
v 0.638692 0.049788 -0.022134
v 0.638692 0.056456 -0.019968
v 0.638692 0.062128 -0.015846
v 0.638692 0.066250 -0.010174
v 0.638692 0.068416 -0.003506
v 0.638692 0.068416 0.003506
v 0.638692 0.066250 0.010174
v 0.638692 0.062128 0.015846
v 0.638692 0.056456 0.019968
v 0.638692 0.049788 0.022134
v 0.638692 0.042776 0.022134
v 0.638692 0.036108 0.019968
v 0.638692 0.030436 0.015846
v 0.638692 0.026314 0.010174
v 0.638692 0.024148 0.003506
v 0.638692 0.024148 -0.003506
v 0.638692 0.026314 -0.010174
v 0.638692 0.030436 -0.015846
v 0.638692 0.036108 -0.019968
v 0.638692 0.042776 -0.022134
v 0.672308 0.049788 -0.022134
v 0.672308 0.056456 -0.019968
v 0.672308 0.062128 -0.015846
v 0.672308 0.066250 -0.010174
v 0.672308 0.068416 -0.003506
v 0.672308 0.068416 0.003506
v 0.672308 0.066250 0.010174
v 0.672308 0.062128 0.015846
v 0.672308 0.056456 0.019968
v 0.672308 0.049788 0.022134
v 0.672308 0.042776 0.022134
v 0.672308 0.036108 0.019968
v 0.672308 0.030436 0.015846
v 0.672308 0.026314 0.010174
v 0.672308 0.024148 0.003506
v 0.672308 0.024148 -0.003506
v 0.672308 0.026314 -0.010174
v 0.672308 0.030436 -0.015846
v 0.672308 0.036108 -0.019968
v 0.672308 0.042776 -0.022134
v 0.674744 0.049331 -0.019247
v 0.674744 0.055129 -0.017363
v 0.674744 0.060062 -0.013780
v 0.674744 0.063645 -0.008847
v 0.674744 0.065529 -0.003048
v 0.674744 0.065529 0.003048
v 0.674744 0.063645 0.008847
v 0.674744 0.060062 0.013780
v 0.674744 0.055129 0.017363
v 0.674744 0.049331 0.019247
v 0.674744 0.043234 0.019247
v 0.674744 0.037435 0.017363
v 0.674744 0.032503 0.013780
v 0.674744 0.028919 0.008847
v 0.674744 0.027035 0.003048
v 0.674744 0.027035 -0.003048
v 0.674744 0.028919 -0.008847
v 0.674744 0.032503 -0.013780
v 0.674744 0.037435 -0.017363
v 0.674744 0.043234 -0.019247
v 0.675231 0.048568 -0.014435
v 0.675231 0.052917 -0.013022
v 0.675231 0.056617 -0.010335
v 0.675231 0.059304 -0.006635
v 0.675231 0.060717 -0.002286
v 0.675231 0.060717 0.002286
v 0.675231 0.059304 0.006635
v 0.675231 0.056617 0.010335
v 0.675231 0.052917 0.013022
v 0.675231 0.048568 0.014435
v 0.675231 0.043996 0.014435
v 0.675231 0.039647 0.013022
v 0.675231 0.035947 0.010335
v 0.675231 0.033260 0.006635
v 0.675231 0.031847 0.002286
v 0.675231 0.031847 -0.002286
v 0.675231 0.033260 -0.006635
v 0.675231 0.035947 -0.010335
v 0.675231 0.039647 -0.013022
v 0.675231 0.043996 -0.014435
v 0.665000 0.048264 -0.012511
v 0.665000 0.052033 -0.011286
v 0.665000 0.055239 -0.008957
v 0.665000 0.057568 -0.005751
v 0.665000 0.058793 -0.001982
v 0.665000 0.058793 0.001982
v 0.665000 0.057568 0.005751
v 0.665000 0.055239 0.008957
v 0.665000 0.052033 0.011286
v 0.665000 0.048264 0.012511
v 0.665000 0.044301 0.012511
v 0.665000 0.040532 0.011286
v 0.665000 0.037325 0.008957
v 0.665000 0.034996 0.005751
v 0.665000 0.033771 0.001982
v 0.665000 0.033771 -0.001982
v 0.665000 0.034996 -0.005751
v 0.665000 0.037325 -0.008957
v 0.665000 0.040532 -0.011286
v 0.665000 0.044301 -0.012511
v 0.665000 0.046282 0.000000
vn -0.0000 0.1564 -0.9877
vn -0.0000 0.4540 -0.8910
vn -0.0000 0.7071 -0.7071
vn -0.0000 0.8910 -0.4540
vn -0.0000 0.9877 -0.1564
vn -0.0000 0.9877 0.1564
vn -0.0000 0.8910 0.4540
vn -0.0000 0.7071 0.7071
vn -0.0000 0.4540 0.8910
vn -0.0000 0.1564 0.9877
vn -0.0000 -0.1564 0.9877
vn -0.0000 -0.4540 0.8910
vn -0.0000 -0.7071 0.7071
vn -0.0000 -0.8910 0.4540
vn -0.0000 -0.9877 0.1564
vn -0.0000 -0.9877 -0.1564
vn -0.0000 -0.8910 -0.4540
vn -0.0000 -0.7071 -0.7071
vn -0.0000 -0.4540 -0.8910
vn -0.0000 -0.1564 -0.9877
vn -0.8575 0.0805 -0.5082
vn -0.8575 0.2336 -0.4584
vn -0.8575 0.3638 -0.3638
vn -0.8575 0.4584 -0.2336
vn -0.8575 0.5082 -0.0805
vn -0.8575 0.5082 0.0805
vn -0.8575 0.4584 0.2336
vn -0.8575 0.3638 0.3638
vn -0.8575 0.2336 0.4584
vn -0.8575 0.0805 0.5082
vn -0.8575 -0.0805 0.5082
vn -0.8575 -0.2336 0.4584
vn -0.8575 -0.3638 0.3638
vn -0.8575 -0.4584 0.2336
vn -0.8575 -0.5082 0.0805
vn -0.8575 -0.5082 -0.0805
vn -0.8575 -0.4584 -0.2336
vn -0.8575 -0.3638 -0.3638
vn -0.8575 -0.2336 -0.4584
vn -0.8575 -0.0805 -0.5082
vn 0.7071 0.1106 -0.6984
vn 0.7071 0.3210 -0.6300
vn 0.7071 0.5000 -0.5000
vn 0.7071 0.6300 -0.3210
vn 0.7071 0.6984 -0.1106
vn 0.7071 0.6984 0.1106
vn 0.7071 0.6300 0.3210
vn 0.7071 0.5000 0.5000
vn 0.7071 0.3210 0.6300
vn 0.7071 0.1106 0.6984
vn 0.7071 -0.1106 0.6984
vn 0.7071 -0.3210 0.6300
vn 0.7071 -0.5000 0.5000
vn 0.7071 -0.6300 0.3210
vn 0.7071 -0.6984 0.1106
vn 0.7071 -0.6984 -0.1106
vn 0.7071 -0.6300 -0.3210
vn 0.7071 -0.5000 -0.5000
vn 0.7071 -0.3210 -0.6300
vn 0.7071 -0.1106 -0.6984
vn 0.7682 0.1001 -0.6323
vn 0.7682 0.2906 -0.5704
vn 0.9116 0.1867 -0.3664
vn 0.9116 0.0643 -0.4061
vn 0.7682 0.4527 -0.4527
vn 0.9116 0.2908 -0.2907
vn 0.7682 0.5704 -0.2906
vn 0.9116 0.3664 -0.1867
vn 0.7682 0.6323 -0.1002
vn 0.9116 0.4061 -0.0643
vn 0.7682 0.6323 0.1001
vn 0.9116 0.4061 0.0643
vn 0.7682 0.5704 0.2906
vn 0.9116 0.3664 0.1867
vn 0.7682 0.4527 0.4527
vn 0.9116 0.2908 0.2908
vn 0.7682 0.2906 0.5704
vn 0.9116 0.1867 0.3664
vn 0.7682 0.1001 0.6323
vn 0.9116 0.0643 0.4061
vn 0.7682 -0.1001 0.6323
vn 0.9116 -0.0643 0.4061
vn 0.7682 -0.2906 0.5704
vn 0.9116 -0.1867 0.3664
vn 0.7682 -0.4527 0.4527
vn 0.9116 -0.2908 0.2908
vn 0.7682 -0.5704 0.2906
vn 0.9115 -0.3664 0.1867
vn 0.7682 -0.6323 0.1001
vn 0.9116 -0.4061 0.0643
vn 0.7682 -0.6323 -0.1001
vn 0.9116 -0.4061 -0.0643
vn 0.7682 -0.5704 -0.2906
vn 0.9116 -0.3664 -0.1867
vn 0.7682 -0.4527 -0.4527
vn 0.9116 -0.2908 -0.2908
vn 0.7682 -0.2906 -0.5704
vn 0.9116 -0.1867 -0.3664
vn 0.7682 -0.1001 -0.6323
vn 0.9116 -0.0643 -0.4061
vn 0.9950 0.0452 -0.0886
vn 0.9950 0.0156 -0.0983
vn 0.9950 0.0704 -0.0704
vn 0.9950 0.0887 -0.0452
vn 0.9950 0.0983 -0.0156
vn 0.9950 0.0983 0.0156
vn 0.9950 0.0887 0.0452
vn 0.9950 0.0704 0.0704
vn 0.9950 0.0452 0.0887
vn 0.9950 0.0156 0.0983
vn 0.9950 -0.0156 0.0983
vn 0.9950 -0.0452 0.0887
vn 0.9950 -0.0704 0.0704
vn 0.9950 -0.0887 0.0452
vn 0.9950 -0.0983 0.0156
vn 0.9950 -0.0983 -0.0156
vn 0.9950 -0.0887 -0.0452
vn 0.9950 -0.0704 -0.0704
vn 0.9950 -0.0452 -0.0887
vn 0.9950 -0.0156 -0.0983
vn 0.1871 -0.1537 0.9702
vn 0.1871 -0.4460 0.8753
vn 0.1871 -0.6946 0.6946
vn 0.1871 -0.8753 0.4460
vn 0.1871 -0.9702 0.1537
vn 0.1871 -0.9702 -0.1537
vn 0.1871 -0.8753 -0.4460
vn 0.1871 -0.6946 -0.6946
vn 0.1871 -0.4460 -0.8753
vn 0.1871 -0.1537 -0.9702
vn 0.1871 0.1537 -0.9702
vn 0.1871 0.4460 -0.8753
vn 0.1871 0.6946 -0.6946
vn 0.1871 0.8753 -0.4460
vn 0.1871 0.9702 -0.1537
vn 0.1871 0.9702 0.1537
vn 0.1871 0.8753 0.4460
vn 0.1871 0.6946 0.6946
vn 0.1871 0.4460 0.8753
vn 0.1871 0.1537 0.9702
vn 1.0000 -0.0000 -0.0000
vn -1.0000 -0.0000 -0.0000
s 1
usemtl Lacquer_|_gloss_black
f 1718//2245 1719//2246 1739//2246 1738//2245
f 1719//2246 1720//2247 1740//2247 1739//2246
f 1720//2247 1721//2248 1741//2248 1740//2247
f 1721//2248 1722//2249 1742//2249 1741//2248
f 1722//2249 1723//2250 1743//2250 1742//2249
f 1723//2250 1724//2251 1744//2251 1743//2250
f 1724//2251 1725//2252 1745//2252 1744//2251
f 1725//2252 1726//2253 1746//2253 1745//2252
f 1726//2253 1727//2254 1747//2254 1746//2253
f 1727//2254 1728//2255 1748//2255 1747//2254
f 1728//2255 1729//2256 1749//2256 1748//2255
f 1729//2256 1730//2257 1750//2257 1749//2256
f 1730//2257 1731//2258 1751//2258 1750//2257
f 1731//2258 1732//2259 1752//2259 1751//2258
f 1732//2259 1733//2260 1753//2260 1752//2259
f 1733//2260 1734//2261 1754//2261 1753//2260
f 1734//2261 1735//2262 1755//2262 1754//2261
f 1735//2262 1736//2263 1756//2263 1755//2262
f 1736//2263 1737//2264 1757//2264 1756//2263
f 1737//2264 1718//2245 1738//2245 1757//2264
f 1778//2285 1779//2286 1799//2286 1798//2285
f 1779//2286 1780//2287 1800//2287 1799//2286
f 1780//2287 1781//2288 1801//2288 1800//2287
f 1781//2288 1782//2289 1802//2289 1801//2288
f 1782//2289 1783//2290 1803//2290 1802//2289
f 1783//2290 1784//2291 1804//2291 1803//2290
f 1784//2291 1785//2292 1805//2292 1804//2291
f 1785//2292 1786//2293 1806//2293 1805//2292
f 1786//2293 1787//2294 1807//2294 1806//2293
f 1787//2294 1788//2295 1808//2295 1807//2294
f 1788//2295 1789//2296 1809//2296 1808//2295
f 1789//2296 1790//2297 1810//2297 1809//2296
f 1790//2297 1791//2298 1811//2298 1810//2297
f 1791//2298 1792//2299 1812//2299 1811//2298
f 1792//2299 1793//2300 1813//2300 1812//2299
f 1793//2300 1794//2301 1814//2301 1813//2300
f 1794//2301 1795//2302 1815//2302 1814//2301
f 1795//2302 1796//2303 1816//2303 1815//2302
f 1796//2303 1797//2304 1817//2304 1816//2303
f 1797//2304 1778//2285 1798//2285 1817//2304
f 1798//2245 1799//2246 1819//2246 1818//2245
f 1799//2246 1800//2247 1820//2247 1819//2246
f 1800//2247 1801//2248 1821//2248 1820//2247
f 1801//2248 1802//2249 1822//2249 1821//2248
f 1802//2249 1803//2250 1823//2250 1822//2249
f 1803//2250 1804//2251 1824//2251 1823//2250
f 1804//2251 1805//2252 1825//2252 1824//2251
f 1805//2252 1806//2253 1826//2253 1825//2252
f 1806//2253 1807//2254 1827//2254 1826//2253
f 1807//2254 1808//2255 1828//2255 1827//2254
f 1808//2255 1809//2256 1829//2256 1828//2255
f 1809//2256 1810//2257 1830//2257 1829//2256
f 1810//2257 1811//2258 1831//2258 1830//2257
f 1811//2258 1812//2259 1832//2259 1831//2258
f 1812//2259 1813//2260 1833//2260 1832//2259
f 1813//2260 1814//2261 1834//2261 1833//2260
f 1814//2261 1815//2262 1835//2262 1834//2261
f 1815//2262 1816//2263 1836//2263 1835//2262
f 1816//2263 1817//2264 1837//2264 1836//2263
f 1817//2264 1798//2245 1818//2245 1837//2264
f 1818//2305 1819//2306 1839//2307 1838//2308
f 1819//2306 1820//2309 1840//2310 1839//2307
f 1820//2309 1821//2311 1841//2312 1840//2310
f 1821//2311 1822//2313 1842//2314 1841//2312
f 1822//2313 1823//2315 1843//2316 1842//2314
f 1823//2315 1824//2317 1844//2318 1843//2316
f 1824//2317 1825//2319 1845//2320 1844//2318
f 1825//2319 1826//2321 1846//2322 1845//2320
f 1826//2321 1827//2323 1847//2324 1846//2322
f 1827//2323 1828//2325 1848//2326 1847//2324
f 1828//2325 1829//2327 1849//2328 1848//2326
f 1829//2327 1830//2329 1850//2330 1849//2328
f 1830//2329 1831//2331 1851//2332 1850//2330
f 1831//2331 1832//2333 1852//2334 1851//2332
f 1832//2333 1833//2335 1853//2336 1852//2334
f 1833//2335 1834//2337 1854//2338 1853//2336
f 1834//2337 1835//2339 1855//2340 1854//2338
f 1835//2339 1836//2341 1856//2342 1855//2340
f 1836//2341 1837//2343 1857//2344 1856//2342
f 1837//2343 1818//2305 1838//2308 1857//2344
f 1718//2386 1737//2386 1736//2386 1735//2386 1734//2386 1733//2386 1732//2386 1731//2386 1730//2386 1729//2386 1728//2386 1727//2386 1726//2386 1725//2386 1724//2386 1723//2386 1722//2386 1721//2386 1720//2386 1719//2386
usemtl Glow_|_orange_neon
f 1738//2265 1739//2266 1759//2266 1758//2265
f 1739//2266 1740//2267 1760//2267 1759//2266
f 1740//2267 1741//2268 1761//2268 1760//2267
f 1741//2268 1742//2269 1762//2269 1761//2268
f 1742//2269 1743//2270 1763//2270 1762//2269
f 1743//2270 1744//2271 1764//2271 1763//2270
f 1744//2271 1745//2272 1765//2272 1764//2271
f 1745//2272 1746//2273 1766//2273 1765//2272
f 1746//2273 1747//2274 1767//2274 1766//2273
f 1747//2274 1748//2275 1768//2275 1767//2274
f 1748//2275 1749//2276 1769//2276 1768//2275
f 1749//2276 1750//2277 1770//2277 1769//2276
f 1750//2277 1751//2278 1771//2278 1770//2277
f 1751//2278 1752//2279 1772//2279 1771//2278
f 1752//2279 1753//2280 1773//2280 1772//2279
f 1753//2280 1754//2281 1774//2281 1773//2280
f 1754//2281 1755//2282 1775//2282 1774//2281
f 1755//2282 1756//2283 1776//2283 1775//2282
f 1756//2283 1757//2284 1777//2284 1776//2283
f 1757//2284 1738//2265 1758//2265 1777//2284
f 1758//2245 1759//2246 1779//2246 1778//2245
f 1759//2246 1760//2247 1780//2247 1779//2246
f 1760//2247 1761//2248 1781//2248 1780//2247
f 1761//2248 1762//2249 1782//2249 1781//2248
f 1762//2249 1763//2250 1783//2250 1782//2249
f 1763//2250 1764//2251 1784//2251 1783//2250
f 1764//2251 1765//2252 1785//2252 1784//2251
f 1765//2252 1766//2253 1786//2253 1785//2252
f 1766//2253 1767//2254 1787//2254 1786//2253
f 1767//2254 1768//2255 1788//2255 1787//2254
f 1768//2255 1769//2256 1789//2256 1788//2255
f 1769//2256 1770//2257 1790//2257 1789//2256
f 1770//2257 1771//2258 1791//2258 1790//2257
f 1771//2258 1772//2259 1792//2259 1791//2258
f 1772//2259 1773//2260 1793//2260 1792//2259
f 1773//2260 1774//2261 1794//2261 1793//2260
f 1774//2261 1775//2262 1795//2262 1794//2261
f 1775//2262 1776//2263 1796//2263 1795//2262
f 1776//2263 1777//2264 1797//2264 1796//2263
f 1777//2264 1758//2245 1778//2245 1797//2264
usemtl Rubber_|_ribbed_black
f 1838//2308 1839//2307 1859//2345 1858//2346
f 1839//2307 1840//2310 1860//2347 1859//2345
f 1840//2310 1841//2312 1861//2348 1860//2347
f 1841//2312 1842//2314 1862//2349 1861//2348
f 1842//2314 1843//2316 1863//2350 1862//2349
f 1843//2316 1844//2318 1864//2351 1863//2350
f 1844//2318 1845//2320 1865//2352 1864//2351
f 1845//2320 1846//2322 1866//2353 1865//2352
f 1846//2322 1847//2324 1867//2354 1866//2353
f 1847//2324 1848//2326 1868//2355 1867//2354
f 1848//2326 1849//2328 1869//2356 1868//2355
f 1849//2328 1850//2330 1870//2357 1869//2356
f 1850//2330 1851//2332 1871//2358 1870//2357
f 1851//2332 1852//2334 1872//2359 1871//2358
f 1852//2334 1853//2336 1873//2360 1872//2359
f 1853//2336 1854//2338 1874//2361 1873//2360
f 1854//2338 1855//2340 1875//2362 1874//2361
f 1855//2340 1856//2342 1876//2363 1875//2362
f 1856//2342 1857//2344 1877//2364 1876//2363
f 1857//2344 1838//2308 1858//2346 1877//2364
f 1858//2365 1859//2366 1879//2366 1878//2365
f 1859//2366 1860//2367 1880//2367 1879//2366
f 1860//2367 1861//2368 1881//2368 1880//2367
f 1861//2368 1862//2369 1882//2369 1881//2368
f 1862//2369 1863//2370 1883//2370 1882//2369
f 1863//2370 1864//2371 1884//2371 1883//2370
f 1864//2371 1865//2372 1885//2372 1884//2371
f 1865//2372 1866//2373 1886//2373 1885//2372
f 1866//2373 1867//2374 1887//2374 1886//2373
f 1867//2374 1868//2375 1888//2375 1887//2374
f 1868//2375 1869//2376 1889//2376 1888//2375
f 1869//2376 1870//2377 1890//2377 1889//2376
f 1870//2377 1871//2378 1891//2378 1890//2377
f 1871//2378 1872//2379 1892//2379 1891//2378
f 1872//2379 1873//2380 1893//2380 1892//2379
f 1873//2380 1874//2381 1894//2381 1893//2380
f 1874//2381 1875//2382 1895//2382 1894//2381
f 1875//2382 1876//2383 1896//2383 1895//2382
f 1876//2383 1877//2384 1897//2384 1896//2383
f 1877//2384 1858//2365 1878//2365 1897//2384
f 1878//2385 1879//2385 1898//2385
f 1879//2385 1880//2385 1898//2385
f 1880//2385 1881//2385 1898//2385
f 1881//2385 1882//2385 1898//2385
f 1882//2385 1883//2385 1898//2385
f 1883//2385 1884//2385 1898//2385
f 1884//2385 1885//2385 1898//2385
f 1885//2385 1886//2385 1898//2385
f 1886//2385 1887//2385 1898//2385
f 1887//2385 1888//2385 1898//2385
f 1888//2385 1889//2385 1898//2385
f 1889//2385 1890//2385 1898//2385
f 1890//2385 1891//2385 1898//2385
f 1891//2385 1892//2385 1898//2385
f 1892//2385 1893//2385 1898//2385
f 1893//2385 1894//2385 1898//2385
f 1894//2385 1895//2385 1898//2385
f 1895//2385 1896//2385 1898//2385
f 1896//2385 1897//2385 1898//2385
f 1897//2385 1878//2385 1898//2385
o Top_rib
v 0.243590 0.115949 0.012000
v 0.243590 0.132513 0.012000
v 0.618718 0.132513 0.012000
v 0.622615 0.115949 0.012000
v 0.243590 0.115949 -0.012000
v 0.243590 0.132513 -0.012000
v 0.618718 0.132513 -0.012000
v 0.622615 0.115949 -0.012000
v 0.242176 0.114534 -0.011414
v 0.241590 0.113949 -0.010000
v 0.241590 0.113949 0.010000
v 0.242176 0.114534 0.011414
v 0.242176 0.133927 -0.011414
v 0.241590 0.134513 -0.010000
v 0.241590 0.134513 0.010000
v 0.242176 0.133927 0.011414
v 0.619838 0.133927 -0.011414
v 0.620302 0.134513 -0.010000
v 0.620302 0.134513 0.010000
v 0.619838 0.133927 0.011414
v 0.624401 0.114534 -0.011414
v 0.625141 0.113949 -0.010000
v 0.625141 0.113949 0.010000
v 0.624401 0.114534 0.011414
vn -0.1481 -0.1481 0.9778
vn 0.1363 0.1721 0.9756
vn -0.1481 0.1481 0.9778
vn 0.1523 -0.1207 0.9809
vn -0.1481 -0.1481 -0.9778
vn -0.1481 0.1481 -0.9778
vn 0.1363 0.1721 -0.9756
vn 0.1523 -0.1207 -0.9809
vn -0.1988 -0.1988 -0.9597
vn -0.1988 0.1988 -0.9597
vn -0.9856 -0.0000 -0.1693
vn -0.9239 -0.0000 -0.3827
vn -0.9856 -0.0000 0.1693
vn -0.9239 -0.0000 0.3827
vn -0.1988 0.1988 0.9597
vn -0.1988 -0.1988 0.9597
vn 0.1917 0.2421 -0.9511
vn -0.0000 0.9856 -0.1693
vn -0.0000 0.9846 -0.1749
vn -0.0000 0.9239 -0.3827
vn -0.0000 0.9856 0.1693
vn -0.0000 0.9846 0.1749
vn -0.0000 0.9239 0.3827
vn 0.1917 0.2421 0.9511
vn 0.1952 -0.1546 -0.9685
vn 0.9584 0.2255 -0.1749
vn 0.9605 0.2260 -0.1624
vn 0.8993 0.2116 -0.3827
vn 0.9584 0.2255 0.1749
vn 0.9605 0.2260 0.1624
vn 0.8993 0.2116 0.3827
vn 0.1952 -0.1546 0.9685
vn -0.0000 -0.9867 -0.1624
vn -0.0000 -0.9856 -0.1693
vn -0.0000 -0.9239 -0.3827
vn -0.0000 -0.9867 0.1624
vn -0.0000 -0.9856 0.1693
vn -0.0000 -0.9239 0.3827
vt 0.000000 0.000000
vt 0.666667 0.000000
vt 0.333333 0.000000
vt 1.000000 0.000000
vt 0.000000 0.200000
vt 0.250000 0.200000
vt 0.250000 0.000000
vt 0.000000 0.400000
vt 0.250000 0.400000
vt 0.000000 0.600000
vt 0.250000 0.600000
vt 0.000000 0.800000
vt 0.250000 0.800000
vt 0.000000 1.000000
vt 0.250000 1.000000
vt 0.500000 0.200000
vt 0.500000 0.000000
vt 0.500000 0.400000
vt 0.500000 0.600000
vt 0.500000 0.800000
vt 0.500000 1.000000
vt 0.750000 0.200000
vt 0.750000 0.000000
vt 0.750000 0.400000
vt 0.750000 0.600000
vt 0.750000 0.800000
vt 0.750000 1.000000
vt 1.000000 0.200000
vt 1.000000 0.400000
vt 1.000000 0.600000
vt 1.000000 0.800000
vt 1.000000 1.000000
s 1
usemtl Lacquer_|_gloss_black
f 1899/1804/2387 1901/1805/2388 1900/1806/2389
f 1899/1804/2387 1902/1807/2390 1901/1805/2388
f 1903/1804/2391 1904/1806/2392 1905/1805/2393
f 1903/1804/2391 1905/1805/2393 1906/1807/2394
f 1907/1808/2395 1911/1809/2396 1904/1810/2392 1903/1804/2391
f 1908/1811/2397 1912/1812/2397 1911/1809/2398 1907/1808/2398
f 1909/1813/2399 1913/1814/2399 1912/1812/2397 1908/1811/2397
f 1910/1815/2400 1914/1816/2400 1913/1814/2399 1909/1813/2399
f 1899/1817/2387 1900/1818/2389 1914/1816/2401 1910/1815/2402
f 1911/1809/2396 1915/1819/2403 1905/1820/2393 1904/1810/2392
f 1912/1812/2404 1916/1821/2405 1915/1819/2406 1911/1809/2406
f 1913/1814/2407 1917/1822/2408 1916/1821/2405 1912/1812/2404
f 1914/1816/2409 1918/1823/2409 1917/1822/2408 1913/1814/2407
f 1900/1818/2389 1901/1824/2388 1918/1823/2410 1914/1816/2401
f 1915/1819/2403 1919/1825/2411 1906/1826/2394 1905/1820/2393
f 1916/1821/2412 1920/1827/2413 1919/1825/2414 1915/1819/2414
f 1917/1822/2415 1921/1828/2416 1920/1827/2413 1916/1821/2412
f 1918/1823/2417 1922/1829/2417 1921/1828/2416 1917/1822/2415
f 1901/1824/2388 1902/1830/2390 1922/1829/2418 1918/1823/2410
f 1919/1825/2411 1907/1831/2395 1903/1807/2391 1906/1826/2394
f 1920/1827/2419 1908/1832/2420 1907/1831/2421 1919/1825/2421
f 1921/1828/2422 1909/1833/2423 1908/1832/2420 1920/1827/2419
f 1922/1829/2424 1910/1834/2424 1909/1833/2423 1921/1828/2422
f 1902/1830/2390 1899/1835/2387 1910/1834/2402 1922/1829/2418
o Front_sight
v 0.665000 0.126667 0.007000
v 0.611410 0.130564 0.007000
v 0.614821 0.164179 0.007000
v 0.617557 0.164073 0.007000
v 0.620251 0.164059 0.007000
v 0.623031 0.163861 0.007000
v 0.626026 0.163205 0.007000
v 0.630208 0.161636 0.007000
v 0.633699 0.159790 0.007000
v 0.637008 0.157581 0.007000
v 0.640641 0.154923 0.007000
v 0.644869 0.151680 0.007000
v 0.648414 0.148602 0.007000
v 0.651726 0.145274 0.007000
v 0.655256 0.141282 0.007000
v 0.658195 0.137478 0.007000
v 0.660575 0.133841 0.007000
v 0.662732 0.130270 0.007000
v 0.665000 0.126667 -0.007000
v 0.611410 0.130564 -0.007000
v 0.614821 0.164179 -0.007000
v 0.617557 0.164073 -0.007000
v 0.620251 0.164059 -0.007000
v 0.623031 0.163861 -0.007000
v 0.626026 0.163205 -0.007000
v 0.630208 0.161636 -0.007000
v 0.633699 0.159790 -0.007000
v 0.637008 0.157581 -0.007000
v 0.640641 0.154923 -0.007000
v 0.644869 0.151680 -0.007000
v 0.648414 0.148602 -0.007000
v 0.651726 0.145274 -0.007000
v 0.655256 0.141282 -0.007000
v 0.658195 0.137478 -0.007000
v 0.660575 0.133841 -0.007000
v 0.662732 0.130270 -0.007000
v 0.667687 0.125053 -0.006414
v 0.668799 0.124385 -0.005000
v 0.668799 0.124385 0.005000
v 0.667687 0.125053 0.006414
v 0.609856 0.129259 -0.006414
v 0.609213 0.128719 -0.005000
v 0.609213 0.128719 0.005000
v 0.609856 0.129259 0.006414
v 0.613548 0.165644 -0.006414
v 0.613020 0.166251 -0.005000
v 0.613020 0.166251 0.005000
v 0.613548 0.165644 0.006414
v 0.617589 0.165487 -0.006414
v 0.617601 0.166073 -0.005000
v 0.617601 0.166073 0.005000
v 0.617589 0.165487 0.006414
v 0.620305 0.165473 -0.006414
v 0.620328 0.166059 -0.005000
v 0.620328 0.166059 0.005000
v 0.620305 0.165473 0.006414
v 0.623233 0.165265 -0.006414
v 0.623317 0.165846 -0.005000
v 0.623317 0.165846 0.005000
v 0.623233 0.165265 0.006414
v 0.626427 0.164565 -0.006414
v 0.626594 0.165128 -0.005000
v 0.626594 0.165128 0.005000
v 0.626427 0.164565 0.006414
v 0.630789 0.162929 -0.006414
v 0.631030 0.163464 -0.005000
v 0.631030 0.163464 0.005000
v 0.630789 0.162929 0.006414
v 0.634425 0.161006 -0.006414
v 0.634725 0.161510 -0.005000
v 0.634725 0.161510 0.005000
v 0.634425 0.161006 0.006414
v 0.637818 0.158740 -0.006414
v 0.638154 0.159220 -0.005000
v 0.638154 0.159220 0.005000
v 0.637818 0.158740 0.006414
v 0.641489 0.156055 -0.006414
v 0.641840 0.156524 -0.005000
v 0.641840 0.156524 0.005000
v 0.641489 0.156055 0.006414
v 0.645763 0.152776 -0.006414
v 0.646134 0.153230 -0.005000
v 0.646134 0.153230 0.005000
v 0.645763 0.152776 0.006414
v 0.649380 0.149636 -0.006414
v 0.649780 0.150064 -0.005000
v 0.649780 0.150064 0.005000
v 0.649380 0.149636 0.006414
v 0.652758 0.146242 -0.006414
v 0.653185 0.146643 -0.005000
v 0.653185 0.146643 0.005000
v 0.652758 0.146242 0.006414
v 0.656347 0.142184 -0.006414
v 0.656799 0.142557 -0.005000
v 0.656799 0.142557 0.005000
v 0.656347 0.142184 0.006414
v 0.659348 0.138299 -0.006414
v 0.659825 0.138639 -0.005000
v 0.659825 0.138639 0.005000
v 0.659348 0.138299 0.006414
v 0.661772 0.134594 -0.006414
v 0.662268 0.134906 -0.005000
v 0.662268 0.134906 0.005000
v 0.661772 0.134594 0.006414
v 0.663935 0.131013 -0.006414
v 0.664434 0.131320 -0.005000
v 0.664434 0.131320 0.005000
v 0.663935 0.131013 0.006414
vn -0.1592 -0.1337 0.9781
vn 0.0043 0.1930 0.9812
vn -0.1395 0.1606 0.9771
vn 0.0076 0.1988 0.9800
vn 0.0290 0.2011 0.9791
vn 0.0576 0.1948 0.9791
vn 0.0830 0.1845 0.9793
vn 0.1029 0.1726 0.9796
vn 0.1132 0.1619 0.9803
vn 0.1178 0.1572 0.9805
vn 0.1256 0.1539 0.9801
vn 0.1360 0.1456 0.9799
vn 0.1448 0.1359 0.9801
vn 0.1533 0.1268 0.9800
vn 0.1626 0.1158 0.9799
vn 0.1669 0.1050 0.9804
vn 0.1651 0.1018 0.9810
vn 0.1328 -0.0798 0.9879
vn -0.1592 -0.1337 -0.9781
vn -0.1395 0.1606 -0.9771
vn 0.0043 0.1930 -0.9812
vn 0.0076 0.1988 -0.9800
vn 0.0290 0.2011 -0.9791
vn 0.0576 0.1948 -0.9791
vn 0.0830 0.1845 -0.9793
vn 0.1029 0.1726 -0.9796
vn 0.1132 0.1619 -0.9803
vn 0.1178 0.1572 -0.9805
vn 0.1256 0.1539 -0.9801
vn 0.1361 0.1457 -0.9799
vn 0.1448 0.1359 -0.9801
vn 0.1533 0.1268 -0.9800
vn 0.1626 0.1158 -0.9799
vn 0.1669 0.1050 -0.9804
vn 0.1651 0.1018 -0.9810
vn 0.1328 -0.0798 -0.9879
vn -0.0278 -0.3817 -0.9239
vn -0.2124 -0.1784 -0.9608
vn -0.0718 -0.9869 -0.1442
vn -0.0715 -0.9831 -0.1686
vn -0.0670 -0.9214 -0.3827
vn -0.0718 -0.9869 0.1442
vn -0.0715 -0.9831 0.1686
vn -0.0670 -0.9214 0.3827
vn -0.2124 -0.1784 0.9608
vn -0.0278 -0.3817 0.9239
vn -0.1896 0.2181 -0.9573
vn -0.9807 0.0995 -0.1686
vn -0.9802 0.0994 -0.1710
vn -0.9191 0.0932 -0.3827
vn -0.9807 0.0995 0.1686
vn -0.9802 0.0994 0.1710
vn -0.9191 0.0932 0.3827
vn -0.1896 0.2181 0.9573
vn 0.0084 0.3825 -0.9239
vn 0.0382 0.9845 -0.1710
vn 0.0216 0.9805 -0.1955
vn 0.0204 0.9236 -0.3827
vn 0.0358 0.9232 -0.3827
vn 0.0382 0.9845 0.1710
vn 0.0216 0.9805 0.1955
vn 0.0358 0.9232 0.3827
vn 0.0204 0.9236 0.3827
vn 0.0084 0.3825 0.9239
vn 0.0146 0.3822 -0.9240
vn 0.0375 0.9802 -0.1944
vn 0.0353 0.9231 -0.3829
vn 0.0375 0.9802 0.1944
vn 0.0353 0.9231 0.3829
vn 0.0146 0.3822 0.9240
vn 0.0545 0.3779 -0.9242
vn 0.1401 0.9710 -0.1938
vn 0.1319 0.9141 -0.3835
vn 0.1401 0.9710 0.1938
vn 0.1319 0.9141 0.3835
vn 0.0545 0.3779 0.9242
vn 0.1082 0.3662 -0.9242
vn 0.2780 0.9408 -0.1939
vn 0.2617 0.8857 -0.3835
vn 0.2780 0.9408 0.1939
vn 0.2617 0.8857 0.3835
vn 0.1082 0.3662 0.9242
vn 0.1567 0.3484 -0.9242
vn 0.4024 0.8947 -0.1939
vn 0.3788 0.8423 -0.3833
vn 0.4024 0.8947 0.1939
vn 0.3788 0.8423 0.3833
vn 0.1567 0.3484 0.9242
vn 0.1957 0.3283 -0.9241
vn 0.5023 0.8426 -0.1941
vn 0.4730 0.7934 -0.3831
vn 0.5023 0.8426 0.1941
vn 0.4730 0.7934 0.3831
vn 0.1957 0.3283 0.9241
vn 0.2192 0.3136 -0.9239
vn 0.5620 0.8039 -0.1946
vn 0.5294 0.7571 -0.3828
vn 0.5620 0.8039 0.1946
vn 0.5294 0.7572 0.3827
vn 0.2192 0.3136 0.9239
vn 0.2294 0.3063 -0.9239
vn 0.5881 0.7850 -0.1948
vn 0.5539 0.7394 -0.3827
vn 0.5881 0.7850 0.1948
vn 0.5539 0.7394 0.3827
vn 0.2294 0.3063 0.9239
vn 0.2419 0.2963 -0.9239
vn 0.6204 0.7598 -0.1945
vn 0.5843 0.7156 -0.3829
vn 0.6204 0.7598 0.1945
vn 0.5843 0.7156 0.3829
vn 0.2419 0.2963 0.9239
vn 0.2611 0.2795 -0.9240
vn 0.6696 0.7168 -0.1944
vn 0.6306 0.6751 -0.3829
vn 0.6696 0.7168 0.1944
vn 0.6306 0.6751 0.3829
vn 0.2611 0.2795 0.9240
vn 0.2790 0.2618 -0.9239
vn 0.7153 0.6712 -0.1945
vn 0.6737 0.6321 -0.3828
vn 0.7153 0.6712 0.1945
vn 0.6737 0.6321 0.3828
vn 0.2790 0.2618 0.9239
vn 0.2948 0.2437 -0.9240
vn 0.7560 0.6251 -0.1944
vn 0.7120 0.5887 -0.3829
vn 0.7560 0.6251 0.1944
vn 0.7120 0.5887 0.3829
vn 0.2948 0.2437 0.9240
vn 0.3116 0.2218 -0.9240
vn 0.7992 0.5688 -0.1943
vn 0.7526 0.5357 -0.3829
vn 0.7992 0.5688 0.1943
vn 0.7526 0.5357 0.3829
vn 0.3116 0.2218 0.9240
vn 0.3239 0.2037 -0.9239
vn 0.8303 0.5222 -0.1947
vn 0.7820 0.4919 -0.3827
vn 0.8303 0.5222 0.1947
vn 0.7820 0.4919 0.3827
vn 0.3239 0.2037 0.9239
vn 0.3257 0.2009 -0.9239
vn 0.8348 0.5148 -0.1953
vn 0.7864 0.4850 -0.3827
vn 0.8348 0.5148 0.1953
vn 0.7864 0.4850 0.3827
vn 0.3257 0.2009 0.9239
vn 0.3239 0.2039 -0.9239
vn 0.8374 0.5271 -0.1442
vn 0.7819 0.4922 -0.3827
vn 0.8374 0.5271 0.1442
vn 0.7819 0.4922 0.3827
vn 0.3239 0.2039 0.9239
vt 0.058824 0.000000
vt 0.176471 0.000000
vt 0.117647 0.000000
vt 0.235294 0.000000
vt 0.294118 0.000000
vt 0.352941 0.000000
vt 0.411765 0.000000
vt 0.470588 0.000000
vt 0.529412 0.000000
vt 0.588235 0.000000
vt 0.647059 0.000000
vt 0.705882 0.000000
vt 0.764706 0.000000
vt 0.823529 0.000000
vt 0.882353 0.000000
vt 0.941176 0.000000
vt 1.000000 0.000000
vt 0.000000 0.000000
vt 0.000000 0.200000
vt 0.055556 0.200000
vt 0.055556 0.000000
vt 0.000000 0.400000
vt 0.055556 0.400000
vt 0.000000 0.600000
vt 0.055556 0.600000
vt 0.000000 0.800000
vt 0.055556 0.800000
vt 0.000000 1.000000
vt 0.055556 1.000000
vt 0.111111 0.200000
vt 0.111111 0.000000
vt 0.111111 0.400000
vt 0.111111 0.600000
vt 0.111111 0.800000
vt 0.111111 1.000000
vt 0.166667 0.200000
vt 0.166667 0.000000
vt 0.166667 0.400000
vt 0.166667 0.600000
vt 0.166667 0.800000
vt 0.166667 1.000000
vt 0.222222 0.200000
vt 0.222222 0.000000
vt 0.222222 0.400000
vt 0.222222 0.600000
vt 0.222222 0.800000
vt 0.222222 1.000000
vt 0.277778 0.200000
vt 0.277778 0.000000
vt 0.277778 0.400000
vt 0.277778 0.600000
vt 0.277778 0.800000
vt 0.277778 1.000000
vt 0.333333 0.200000
vt 0.333333 0.000000
vt 0.333333 0.400000
vt 0.333333 0.600000
vt 0.333333 0.800000
vt 0.333333 1.000000
vt 0.388889 0.200000
vt 0.388889 0.000000
vt 0.388889 0.400000
vt 0.388889 0.600000
vt 0.388889 0.800000
vt 0.388889 1.000000
vt 0.444444 0.200000
vt 0.444444 0.000000
vt 0.444444 0.400000
vt 0.444444 0.600000
vt 0.444444 0.800000
vt 0.444444 1.000000
vt 0.500000 0.200000
vt 0.500000 0.000000
vt 0.500000 0.400000
vt 0.500000 0.600000
vt 0.500000 0.800000
vt 0.500000 1.000000
vt 0.555556 0.200000
vt 0.555556 0.000000
vt 0.555556 0.400000
vt 0.555556 0.600000
vt 0.555556 0.800000
vt 0.555556 1.000000
vt 0.611111 0.200000
vt 0.611111 0.000000
vt 0.611111 0.400000
vt 0.611111 0.600000
vt 0.611111 0.800000
vt 0.611111 1.000000
vt 0.666667 0.200000
vt 0.666667 0.000000
vt 0.666667 0.400000
vt 0.666667 0.600000
vt 0.666667 0.800000
vt 0.666667 1.000000
vt 0.722222 0.200000
vt 0.722222 0.000000
vt 0.722222 0.400000
vt 0.722222 0.600000
vt 0.722222 0.800000
vt 0.722222 1.000000
vt 0.777778 0.200000
vt 0.777778 0.000000
vt 0.777778 0.400000
vt 0.777778 0.600000
vt 0.777778 0.800000
vt 0.777778 1.000000
vt 0.833333 0.200000
vt 0.833333 0.000000
vt 0.833333 0.400000
vt 0.833333 0.600000
vt 0.833333 0.800000
vt 0.833333 1.000000
vt 0.888889 0.200000
vt 0.888889 0.000000
vt 0.888889 0.400000
vt 0.888889 0.600000
vt 0.888889 0.800000
vt 0.888889 1.000000
vt 0.944444 0.200000
vt 0.944444 0.000000
vt 0.944444 0.400000
vt 0.944444 0.600000
vt 0.944444 0.800000
vt 0.944444 1.000000
vt 1.000000 0.200000
vt 1.000000 0.400000
vt 1.000000 0.600000
vt 1.000000 0.800000
vt 1.000000 1.000000
s 1
usemtl Copper_|_burnished_trim
f 1924/1836/2425 1926/1837/2426 1925/1838/2427
f 1924/1836/2425 1927/1839/2428 1926/1837/2426
f 1924/1836/2425 1928/1840/2429 1927/1839/2428
f 1924/1836/2425 1929/1841/2430 1928/1840/2429
f 1924/1836/2425 1930/1842/2431 1929/1841/2430
f 1924/1836/2425 1931/1843/2432 1930/1842/2431
f 1924/1836/2425 1932/1844/2433 1931/1843/2432
f 1924/1836/2425 1933/1845/2434 1932/1844/2433
f 1924/1836/2425 1934/1846/2435 1933/1845/2434
f 1924/1836/2425 1935/1847/2436 1934/1846/2435
f 1924/1836/2425 1936/1848/2437 1935/1847/2436
f 1924/1836/2425 1937/1849/2438 1936/1848/2437
f 1924/1836/2425 1938/1850/2439 1937/1849/2438
f 1924/1836/2425 1939/1851/2440 1938/1850/2439
f 1924/1836/2425 1940/1852/2441 1939/1851/2440
f 1923/1853/2442 1940/1852/2441 1924/1836/2425
f 1942/1836/2443 1943/1838/2444 1944/1837/2445
f 1942/1836/2443 1944/1837/2445 1945/1839/2446
f 1942/1836/2443 1945/1839/2446 1946/1840/2447
f 1942/1836/2443 1946/1840/2447 1947/1841/2448
f 1942/1836/2443 1947/1841/2448 1948/1842/2449
f 1942/1836/2443 1948/1842/2449 1949/1843/2450
f 1942/1836/2443 1949/1843/2450 1950/1844/2451
f 1942/1836/2443 1950/1844/2451 1951/1845/2452
f 1942/1836/2443 1951/1845/2452 1952/1846/2453
f 1942/1836/2443 1952/1846/2453 1953/1847/2454
f 1942/1836/2443 1953/1847/2454 1954/1848/2455
f 1942/1836/2443 1954/1848/2455 1955/1849/2456
f 1942/1836/2443 1955/1849/2456 1956/1850/2457
f 1942/1836/2443 1956/1850/2457 1957/1851/2458
f 1942/1836/2443 1957/1851/2458 1958/1852/2459
f 1941/1853/2460 1942/1836/2443 1958/1852/2459
f 1959/1854/2461 1963/1855/2462 1942/1856/2443 1941/1853/2460
f 1960/1857/2463 1964/1858/2464 1963/1855/2465 1959/1854/2465
f 1961/1859/2466 1965/1860/2467 1964/1858/2464 1960/1857/2463
f 1962/1861/2468 1966/1862/2468 1965/1860/2467 1961/1859/2466
f 1923/1863/2442 1924/1864/2425 1966/1862/2469 1962/1861/2470
f 1963/1855/2462 1967/1865/2471 1943/1866/2444 1942/1856/2443
f 1964/1858/2472 1968/1867/2473 1967/1865/2474 1963/1855/2474
f 1965/1860/2475 1969/1868/2476 1968/1867/2473 1964/1858/2472
f 1966/1862/2477 1970/1869/2477 1969/1868/2476 1965/1860/2475
f 1924/1864/2425 1925/1870/2427 1970/1869/2478 1966/1862/2469
f 1967/1865/2471 1971/1871/2479 1944/1872/2445 1943/1866/2444
f 1968/1867/2480 1972/1873/2481 1971/1871/2482 1967/1865/2483
f 1969/1868/2484 1973/1874/2485 1972/1873/2481 1968/1867/2480
f 1970/1869/2486 1974/1875/2487 1973/1874/2485 1969/1868/2484
f 1925/1870/2427 1926/1876/2426 1974/1875/2488 1970/1869/2478
f 1971/1871/2479 1975/1877/2489 1945/1878/2446 1944/1872/2445
f 1972/1873/2481 1976/1879/2490 1975/1877/2491 1971/1871/2482
f 1973/1874/2485 1977/1880/2492 1976/1879/2490 1972/1873/2481
f 1974/1875/2487 1978/1881/2493 1977/1880/2492 1973/1874/2485
f 1926/1876/2426 1927/1882/2428 1978/1881/2494 1974/1875/2488
f 1975/1877/2489 1979/1883/2495 1946/1884/2447 1945/1878/2446
f 1976/1879/2490 1980/1885/2496 1979/1883/2497 1975/1877/2491
f 1977/1880/2492 1981/1886/2498 1980/1885/2496 1976/1879/2490
f 1978/1881/2493 1982/1887/2499 1981/1886/2498 1977/1880/2492
f 1927/1882/2428 1928/1888/2429 1982/1887/2500 1978/1881/2494
f 1979/1883/2495 1983/1889/2501 1947/1890/2448 1946/1884/2447
f 1980/1885/2496 1984/1891/2502 1983/1889/2503 1979/1883/2497
f 1981/1886/2498 1985/1892/2504 1984/1891/2502 1980/1885/2496
f 1982/1887/2499 1986/1893/2505 1985/1892/2504 1981/1886/2498
f 1928/1888/2429 1929/1894/2430 1986/1893/2506 1982/1887/2500
f 1983/1889/2501 1987/1895/2507 1948/1896/2449 1947/1890/2448
f 1984/1891/2502 1988/1897/2508 1987/1895/2509 1983/1889/2503
f 1985/1892/2504 1989/1898/2510 1988/1897/2508 1984/1891/2502
f 1986/1893/2505 1990/1899/2511 1989/1898/2510 1985/1892/2504
f 1929/1894/2430 1930/1900/2431 1990/1899/2512 1986/1893/2506
f 1987/1895/2507 1991/1901/2513 1949/1902/2450 1948/1896/2449
f 1988/1897/2508 1992/1903/2514 1991/1901/2515 1987/1895/2509
f 1989/1898/2510 1993/1904/2516 1992/1903/2514 1988/1897/2508
f 1990/1899/2511 1994/1905/2517 1993/1904/2516 1989/1898/2510
f 1930/1900/2431 1931/1906/2432 1994/1905/2518 1990/1899/2512
f 1991/1901/2513 1995/1907/2519 1950/1908/2451 1949/1902/2450
f 1992/1903/2514 1996/1909/2520 1995/1907/2521 1991/1901/2515
f 1993/1904/2516 1997/1910/2522 1996/1909/2520 1992/1903/2514
f 1994/1905/2517 1998/1911/2523 1997/1910/2522 1993/1904/2516
f 1931/1906/2432 1932/1912/2433 1998/1911/2524 1994/1905/2518
f 1995/1907/2519 1999/1913/2525 1951/1914/2452 1950/1908/2451
f 1996/1909/2520 2000/1915/2526 1999/1913/2527 1995/1907/2521
f 1997/1910/2522 2001/1916/2528 2000/1915/2526 1996/1909/2520
f 1998/1911/2523 2002/1917/2529 2001/1916/2528 1997/1910/2522
f 1932/1912/2433 1933/1918/2434 2002/1917/2530 1998/1911/2524
f 1999/1913/2525 2003/1919/2531 1952/1920/2453 1951/1914/2452
f 2000/1915/2526 2004/1921/2532 2003/1919/2533 1999/1913/2527
f 2001/1916/2528 2005/1922/2534 2004/1921/2532 2000/1915/2526
f 2002/1917/2529 2006/1923/2535 2005/1922/2534 2001/1916/2528
f 1933/1918/2434 1934/1924/2435 2006/1923/2536 2002/1917/2530
f 2003/1919/2531 2007/1925/2537 1953/1926/2454 1952/1920/2453
f 2004/1921/2532 2008/1927/2538 2007/1925/2539 2003/1919/2533
f 2005/1922/2534 2009/1928/2540 2008/1927/2538 2004/1921/2532
f 2006/1923/2535 2010/1929/2541 2009/1928/2540 2005/1922/2534
f 1934/1924/2435 1935/1930/2436 2010/1929/2542 2006/1923/2536
f 2007/1925/2537 2011/1931/2543 1954/1932/2455 1953/1926/2454
f 2008/1927/2538 2012/1933/2544 2011/1931/2545 2007/1925/2539
f 2009/1928/2540 2013/1934/2546 2012/1933/2544 2008/1927/2538
f 2010/1929/2541 2014/1935/2547 2013/1934/2546 2009/1928/2540
f 1935/1930/2436 1936/1936/2437 2014/1935/2548 2010/1929/2542
f 2011/1931/2543 2015/1937/2549 1955/1938/2456 1954/1932/2455
f 2012/1933/2544 2016/1939/2550 2015/1937/2551 2011/1931/2545
f 2013/1934/2546 2017/1940/2552 2016/1939/2550 2012/1933/2544
f 2014/1935/2547 2018/1941/2553 2017/1940/2552 2013/1934/2546
f 1936/1936/2437 1937/1942/2438 2018/1941/2554 2014/1935/2548
f 2015/1937/2549 2019/1943/2555 1956/1944/2457 1955/1938/2456
f 2016/1939/2550 2020/1945/2556 2019/1943/2557 2015/1937/2551
f 2017/1940/2552 2021/1946/2558 2020/1945/2556 2016/1939/2550
f 2018/1941/2553 2022/1947/2559 2021/1946/2558 2017/1940/2552
f 1937/1942/2438 1938/1948/2439 2022/1947/2560 2018/1941/2554
f 2019/1943/2555 2023/1949/2561 1957/1950/2458 1956/1944/2457
f 2020/1945/2556 2024/1951/2562 2023/1949/2563 2019/1943/2557
f 2021/1946/2558 2025/1952/2564 2024/1951/2562 2020/1945/2556
f 2022/1947/2559 2026/1953/2565 2025/1952/2564 2021/1946/2558
f 1938/1948/2439 1939/1954/2440 2026/1953/2566 2022/1947/2560
f 2023/1949/2561 2027/1955/2567 1958/1956/2459 1957/1950/2458
f 2024/1951/2562 2028/1957/2568 2027/1955/2569 2023/1949/2563
f 2025/1952/2564 2029/1958/2570 2028/1957/2568 2024/1951/2562
f 2026/1953/2565 2030/1959/2571 2029/1958/2570 2025/1952/2564
f 1939/1954/2440 1940/1960/2441 2030/1959/2572 2026/1953/2566
f 2027/1955/2567 1959/1961/2573 1941/1852/2460 1958/1956/2459
f 2028/1957/2568 1960/1962/2574 1959/1961/2575 2027/1955/2569
f 2029/1958/2570 1961/1963/2576 1960/1962/2574 2028/1957/2568
f 2030/1959/2571 1962/1964/2577 1961/1963/2576 2029/1958/2570
f 1940/1960/2441 1923/1965/2442 1962/1964/2578 2030/1959/2572
o Forend_|_pump
v 0.287436 0.034103 0.029000
v 0.285693 0.042482 0.029000
v 0.285887 0.050347 0.029000
v 0.286855 0.058007 0.029000
v 0.287436 0.065769 0.029000
v 0.550513 0.065769 0.029000
v 0.556243 0.064602 0.029000
v 0.562140 0.063874 0.029000
v 0.567704 0.062267 0.029000
v 0.572436 0.058462 0.029000
v 0.576828 0.050477 0.029000
v 0.578211 0.042236 0.029000
v 0.577316 0.033582 0.029000
v 0.574872 0.024359 0.029000
v 0.573307 0.020465 0.029000
v 0.571243 0.017322 0.029000
v 0.568558 0.014652 0.029000
v 0.565128 0.012179 0.029000
v 0.560393 0.009771 0.029000
v 0.555827 0.008527 0.029000
v 0.551040 0.007891 0.029000
v 0.545641 0.007308 0.029000
v 0.510049 0.005058 0.029000
v 0.465286 0.004902 0.029000
v 0.416854 0.005584 0.029000
v 0.370256 0.005846 0.029000
v 0.360513 0.014615 0.029000
v 0.302051 0.016077 0.029000
v 0.298138 0.020227 0.029000
v 0.294052 0.024141 0.029000
v 0.290311 0.028528 0.029000
v 0.287436 0.034103 -0.029000
v 0.285693 0.042482 -0.029000
v 0.285887 0.050347 -0.029000
v 0.286855 0.058007 -0.029000
v 0.287436 0.065769 -0.029000
v 0.550513 0.065769 -0.029000
v 0.556243 0.064602 -0.029000
v 0.562140 0.063874 -0.029000
v 0.567704 0.062267 -0.029000
v 0.572436 0.058462 -0.029000
v 0.576828 0.050477 -0.029000
v 0.578211 0.042236 -0.029000
v 0.577316 0.033582 -0.029000
v 0.574872 0.024359 -0.029000
v 0.573307 0.020465 -0.029000
v 0.571243 0.017322 -0.029000
v 0.568558 0.014652 -0.029000
v 0.565128 0.012179 -0.029000
v 0.560393 0.009771 -0.029000
v 0.555827 0.008527 -0.029000
v 0.551040 0.007891 -0.029000
v 0.545641 0.007308 -0.029000
v 0.510049 0.005058 -0.029000
v 0.465286 0.004902 -0.029000
v 0.416854 0.005584 -0.029000
v 0.370256 0.005846 -0.029000
v 0.360513 0.014615 -0.029000
v 0.302051 0.016077 -0.029000
v 0.298138 0.020227 -0.029000
v 0.294052 0.024141 -0.029000
v 0.290311 0.028528 -0.029000
v 0.284073 0.032910 -0.027536
v 0.282680 0.032417 -0.024000
v 0.282680 0.032417 0.024000
v 0.284073 0.032910 0.027536
v 0.282149 0.042161 -0.027536
v 0.280681 0.042029 -0.024000
v 0.280681 0.042029 0.024000
v 0.282149 0.042161 0.027536
v 0.282357 0.050613 -0.027536
v 0.280895 0.050723 -0.024000
v 0.280895 0.050723 0.024000
v 0.282357 0.050613 0.027536
v 0.283336 0.058361 -0.027536
v 0.281879 0.058507 -0.024000
v 0.281879 0.058507 0.024000
v 0.283336 0.058361 0.027536
v 0.284155 0.069305 -0.027536
v 0.282796 0.070769 -0.024000
v 0.282796 0.070769 0.024000
v 0.284155 0.069305 0.027536
v 0.550869 0.069305 -0.027536
v 0.551017 0.070769 -0.024000
v 0.551017 0.070769 0.024000
v 0.550869 0.069305 0.027536
v 0.556813 0.068094 -0.027536
v 0.557050 0.069540 -0.024000
v 0.557050 0.069540 0.024000
v 0.556813 0.068094 0.027536
v 0.562851 0.067349 -0.027536
v 0.563146 0.068788 -0.024000
v 0.563146 0.068788 0.024000
v 0.562851 0.067349 0.027536
v 0.569367 0.065467 -0.027536
v 0.570056 0.066792 -0.024000
v 0.570056 0.066792 0.024000
v 0.569367 0.065467 0.027536
v 0.575197 0.060778 -0.027536
v 0.576340 0.061738 -0.024000
v 0.576340 0.061738 0.024000
v 0.575197 0.060778 0.027536
v 0.580215 0.051655 -0.027536
v 0.581618 0.052143 -0.024000
v 0.581618 0.052143 0.024000
v 0.580215 0.051655 0.027536
v 0.581777 0.042349 -0.027536
v 0.583254 0.042395 -0.024000
v 0.583254 0.042395 0.024000
v 0.581777 0.042349 0.027536
v 0.580804 0.032943 -0.027536
v 0.582249 0.032679 -0.024000
v 0.582249 0.032679 0.024000
v 0.580804 0.032943 0.027536
v 0.578233 0.023243 -0.027536
v 0.579626 0.022780 -0.024000
v 0.579626 0.022780 0.024000
v 0.578233 0.023243 0.027536
v 0.576456 0.018820 -0.027536
v 0.577760 0.018138 -0.024000
v 0.577760 0.018138 0.024000
v 0.576456 0.018820 0.027536
v 0.573997 0.015074 -0.027536
v 0.575138 0.014143 -0.024000
v 0.575138 0.014143 0.024000
v 0.573997 0.015074 0.027536
v 0.570853 0.011948 -0.027536
v 0.571803 0.010828 -0.024000
v 0.571803 0.010828 0.024000
v 0.570853 0.011948 0.027536
v 0.566974 0.009152 -0.027536
v 0.567739 0.007898 -0.024000
v 0.567739 0.007898 0.024000
v 0.566974 0.009152 0.027536
v 0.561672 0.006455 -0.027536
v 0.562202 0.005082 -0.024000
v 0.562202 0.005082 0.024000
v 0.561672 0.006455 0.027536
v 0.556527 0.005053 -0.027536
v 0.556817 0.003614 -0.024000
v 0.556817 0.003614 0.024000
v 0.556527 0.005053 0.027536
v 0.551462 0.004381 -0.027536
v 0.551637 0.002927 -0.024000
v 0.551637 0.002927 0.024000
v 0.551462 0.004381 0.027536
v 0.545943 0.003784 -0.027536
v 0.546068 0.002325 -0.024000
v 0.546068 0.002325 0.024000
v 0.545943 0.003784 0.027536
v 0.510167 0.001523 -0.027536
v 0.510215 0.000059 -0.024000
v 0.510215 0.000059 0.024000
v 0.510167 0.001523 0.027536
v 0.465267 0.001367 -0.027536
v 0.465259 -0.000098 -0.024000
v 0.465259 -0.000098 0.024000
v 0.465267 0.001367 0.027536
v 0.416819 0.002048 -0.027536
v 0.416805 0.000584 -0.024000
v 0.416805 0.000584 0.024000
v 0.416819 0.002048 0.027536
v 0.368891 0.002318 -0.027536
v 0.368326 0.000857 -0.024000
v 0.368326 0.000857 0.024000
v 0.368891 0.002318 0.027536
v 0.359119 0.011114 -0.027536
v 0.358541 0.009663 -0.024000
v 0.358541 0.009663 0.024000
v 0.359119 0.011114 0.027536
v 0.300490 0.012579 -0.027536
v 0.299843 0.011131 -0.024000
v 0.299843 0.011131 0.024000
v 0.300490 0.012579 0.027536
v 0.295627 0.017736 -0.027536
v 0.294588 0.016705 -0.024000
v 0.294588 0.016705 0.024000
v 0.295627 0.017736 0.027536
v 0.291477 0.021711 -0.027536
v 0.290411 0.020705 -0.024000
v 0.290411 0.020705 0.024000
v 0.291477 0.021711 0.027536
v 0.287356 0.026545 -0.027536
v 0.286132 0.025724 -0.024000
v 0.286132 0.025724 0.024000
v 0.287356 0.026545 0.027536
vn -0.1910 0.0192 0.9814
vn 0.0207 0.2051 0.9785
vn -0.1451 0.1564 0.9770
vn 0.0307 0.1878 0.9817
vn 0.0409 0.1998 0.9790
vn 0.0990 0.1906 0.9767
vn 0.1643 0.1379 0.9767
vn 0.2006 0.0697 0.9772
vn -0.2003 0.0151 0.9796
vn 0.2093 0.0066 0.9778
vn -0.2067 -0.0187 0.9782
vn -0.1974 -0.0700 0.9778
vn 0.2005 -0.0367 0.9790
vn -0.1723 -0.1156 0.9782
vn 0.1918 -0.0637 0.9794
vn -0.1461 -0.1379 0.9796
vn 0.1826 -0.0954 0.9786
vn -0.1363 -0.1352 0.9814
vn 0.1599 -0.1305 0.9785
vn -0.0917 -0.2053 0.9744
vn 0.1319 -0.1555 0.9790
vn -0.0531 -0.1334 0.9896
vn 0.1061 -0.1739 0.9790
vn -0.0808 -0.2089 0.9746
vn 0.0743 -0.1925 0.9785
vn 0.0401 -0.1987 0.9792
vn 0.0235 -0.1951 0.9805
vn 0.0169 -0.1970 0.9803
vn -0.0019 -0.1946 0.9809
vn 0.0066 -0.1985 0.9801
vn -0.0010 -0.1961 0.9806
vn -0.1910 0.0192 -0.9814
vn -0.1451 0.1564 -0.9770
vn 0.0207 0.2051 -0.9785
vn 0.0307 0.1878 -0.9817
vn 0.0409 0.1998 -0.9790
vn 0.0990 0.1906 -0.9767
vn 0.1643 0.1379 -0.9767
vn 0.2006 0.0697 -0.9772
vn -0.2003 0.0151 -0.9796
vn 0.2093 0.0066 -0.9778
vn -0.2067 -0.0187 -0.9782
vn -0.1974 -0.0700 -0.9778
vn 0.2005 -0.0367 -0.9790
vn -0.1723 -0.1156 -0.9782
vn 0.1918 -0.0637 -0.9794
vn -0.1461 -0.1379 -0.9796
vn 0.1826 -0.0954 -0.9786
vn -0.1363 -0.1352 -0.9814
vn 0.1599 -0.1305 -0.9785
vn -0.0917 -0.2053 -0.9744
vn 0.1319 -0.1555 -0.9790
vn -0.0531 -0.1334 -0.9896
vn 0.1061 -0.1739 -0.9790
vn -0.0808 -0.2089 -0.9746
vn 0.0743 -0.1925 -0.9785
vn 0.0401 -0.1987 -0.9792
vn 0.0235 -0.1951 -0.9805
vn 0.0169 -0.1970 -0.9803
vn -0.0019 -0.1946 -0.9809
vn 0.0066 -0.1985 -0.9801
vn -0.0010 -0.1961 -0.9806
vn -0.3579 -0.1268 -0.9251
vn -0.3790 -0.0343 -0.9248
vn -0.9247 -0.3278 -0.1935
vn -0.9771 -0.0884 -0.1935
vn -0.9192 -0.0831 -0.3848
vn -0.8696 -0.3082 -0.3857
vn -0.9247 -0.3278 0.1935
vn -0.9771 -0.0884 0.1935
vn -0.8696 -0.3082 0.3857
vn -0.9192 -0.0831 0.3848
vn -0.3790 -0.0343 0.9248
vn -0.3579 -0.1268 0.9251
vn -0.3812 0.0287 -0.9241
vn -0.9782 0.0737 -0.1941
vn -0.9211 0.0694 -0.3831
vn -0.9782 0.0737 0.1941
vn -0.9211 0.0694 0.3831
vn -0.3812 0.0287 0.9241
vn -0.3807 0.0383 -0.9239
vn -0.9757 0.0981 -0.1958
vn -0.9192 0.0924 -0.3828
vn -0.9757 0.0981 0.1958
vn -0.9192 0.0924 0.3828
vn -0.3807 0.0383 0.9239
vn -0.1976 0.2130 -0.9569
vn -0.9825 0.0735 -0.1713
vn -0.9213 0.0689 -0.3827
vn -0.9825 0.0735 0.1713
vn -0.9213 0.0689 0.3827
vn -0.1976 0.2130 0.9569
vn 0.0382 0.3791 -0.9246
vn -0.0000 0.9852 -0.1713
vn 0.0984 0.9761 -0.1936
vn 0.0926 0.9185 -0.3843
vn -0.0000 0.9239 -0.3827
vn -0.0000 0.9852 0.1713
vn 0.0984 0.9761 0.1936
vn -0.0000 0.9239 0.3827
vn 0.0926 0.9185 0.3843
vn 0.0382 0.3791 0.9246
vn 0.0616 0.3774 -0.9240
vn 0.1580 0.9678 -0.1962
vn 0.1489 0.9117 -0.3829
vn 0.1580 0.9678 0.1962
vn 0.1489 0.9117 0.3829
vn 0.0616 0.3774 0.9240
vn 0.0766 0.3739 -0.9243
vn 0.1968 0.9611 -0.1938
vn 0.1852 0.9047 -0.3837
vn 0.1968 0.9611 0.1938
vn 0.1852 0.9047 0.3837
vn 0.0766 0.3739 0.9243
vn 0.1735 0.3339 -0.9265
vn 0.4524 0.8705 -0.1939
vn 0.4248 0.8174 -0.3892
vn 0.4524 0.8705 0.1939
vn 0.4248 0.8174 0.3892
vn 0.1735 0.3339 0.9265
vn 0.2884 0.2420 -0.9264
vn 0.7515 0.6306 -0.1938
vn 0.7057 0.5922 -0.3890
vn 0.7515 0.6306 0.1938
vn 0.7057 0.5922 0.3890
vn 0.2884 0.2420 0.9264
vn 0.3571 0.1241 -0.9258
vn 0.9267 0.3222 -0.1936
vn 0.8708 0.3027 -0.3873
vn 0.9267 0.3222 0.1936
vn 0.8708 0.3027 0.3873
vn 0.3571 0.1241 0.9258
vn 0.3795 0.0120 -0.9251
vn 0.9806 0.0310 -0.1935
vn 0.9222 0.0292 -0.3857
vn 0.9806 0.0310 0.1935
vn 0.9222 0.0292 0.3856
vn 0.3795 0.0120 0.9251
vn 0.3754 -0.0687 -0.9243
vn 0.9650 -0.1767 -0.1938
vn 0.9084 -0.1663 -0.3837
vn 0.9650 -0.1767 0.1938
vn 0.9084 -0.1663 0.3837
vn 0.3754 -0.0687 0.9243
vn 0.3626 -0.1204 -0.9241
vn 0.9310 -0.3092 -0.1940
vn 0.8766 -0.2911 -0.3833
vn 0.9310 -0.3092 0.1940
vn 0.8766 -0.2911 0.3833
vn 0.3626 -0.1204 0.9241
vn 0.3377 -0.1765 -0.9245
vn 0.8695 -0.4544 -0.1936
vn 0.8182 -0.4276 -0.3843
vn 0.8695 -0.4544 0.1936
vn 0.8182 -0.4276 0.3843
vn 0.3377 -0.1765 0.9245
vn 0.2951 -0.2409 -0.9246
vn 0.7600 -0.6204 -0.1936
vn 0.7152 -0.5837 -0.3844
vn 0.7600 -0.6204 0.1936
vn 0.7152 -0.5837 0.3844
vn 0.2951 -0.2409 0.9246
vn 0.2469 -0.2910 -0.9243
vn 0.6347 -0.7481 -0.1938
vn 0.5974 -0.7042 -0.3837
vn 0.6347 -0.7481 0.1938
vn 0.5974 -0.7042 0.3837
vn 0.2469 -0.2910 0.9243
vn 0.1987 -0.3259 -0.9243
vn 0.5108 -0.8376 -0.1938
vn 0.4808 -0.7884 -0.3837
vn 0.5108 -0.8376 0.1938
vn 0.4808 -0.7884 0.3837
vn 0.1987 -0.3259 0.9243
vn 0.1372 -0.3554 -0.9246
vn 0.3532 -0.9153 -0.1936
vn 0.3323 -0.8613 -0.3844
vn 0.3532 -0.9153 0.1936
vn 0.3323 -0.8613 0.3844
vn 0.1372 -0.3554 0.9246
vn 0.0755 -0.3744 -0.9242
vn 0.1939 -0.9617 -0.1939
vn 0.1826 -0.9054 -0.3834
vn 0.1939 -0.9617 0.1939
vn 0.1826 -0.9053 0.3834
vn 0.0755 -0.3744 0.9242
vn 0.0457 -0.3799 -0.9239
vn 0.1173 -0.9738 -0.1948
vn 0.1104 -0.9172 -0.3827
vn 0.1173 -0.9738 0.1948
vn 0.1104 -0.9172 0.3827
vn 0.0457 -0.3799 0.9239
vn 0.0326 -0.3812 -0.9239
vn 0.0837 -0.9773 -0.1946
vn 0.0788 -0.9205 -0.3828
vn 0.0837 -0.9773 0.1946
vn 0.0788 -0.9205 0.3828
vn 0.0326 -0.3812 0.9239
vn 0.0127 -0.3823 -0.9239
vn 0.0327 -0.9804 -0.1945
vn 0.0308 -0.9233 -0.3828
vn 0.0327 -0.9804 0.1945
vn 0.0308 -0.9233 0.3828
vn 0.0127 -0.3823 0.9239
vn -0.0020 -0.3827 -0.9239
vn -0.0052 -0.9808 -0.1949
vn -0.0049 -0.9239 -0.3827
vn -0.0052 -0.9808 0.1949
vn -0.0049 -0.9239 0.3827
vn -0.0020 -0.3827 0.9239
vn -0.0038 -0.3827 -0.9239
vn -0.0097 -0.9807 -0.1952
vn -0.0091 -0.9238 -0.3827
vn -0.0097 -0.9807 0.1952
vn -0.0091 -0.9238 0.3827
vn -0.0038 -0.3827 0.9239
vn -0.1303 -0.3367 -0.9326
vn -0.0055 -0.9826 -0.1857
vn -0.0052 -0.9239 -0.3827
vn -0.0055 -0.9826 0.1857
vn -0.0052 -0.9239 0.3827
vn -0.1303 -0.3367 0.9326
vn -0.1340 -0.3365 -0.9321
vn -0.6573 -0.7304 -0.1857
vn -0.6550 -0.7278 -0.2034
vn -0.6180 -0.6867 -0.3827
vn -0.6573 -0.7304 0.1857
vn -0.6550 -0.7278 0.2034
vn -0.6180 -0.6867 0.3827
vn -0.1340 -0.3365 0.9321
vn -0.1456 -0.3261 -0.9341
vn -0.0245 -0.9788 -0.2034
vn -0.0246 -0.9825 -0.1847
vn -0.0231 -0.9236 -0.3827
vn -0.0245 -0.9788 0.2034
vn -0.0246 -0.9825 0.1847
vn -0.0231 -0.9236 0.3827
vn -0.1456 -0.3261 0.9341
vn -0.2716 -0.2695 -0.9239
vn -0.7151 -0.6742 -0.1847
vn -0.6961 -0.6907 -0.1958
vn -0.6558 -0.6507 -0.3828
vn -0.6722 -0.6338 -0.3827
vn -0.7151 -0.6742 0.1847
vn -0.6961 -0.6907 0.1958
vn -0.6722 -0.6338 0.3827
vn -0.6558 -0.6507 0.3828
vn -0.2716 -0.2695 0.9239
vn -0.2780 -0.2624 -0.9241
vn -0.7134 -0.6733 -0.1941
vn -0.6718 -0.6340 -0.3831
vn -0.7134 -0.6733 0.1941
vn -0.6718 -0.6340 0.3831
vn -0.2780 -0.2624 0.9241
vn -0.3160 -0.2121 -0.9248
vn -0.8146 -0.5467 -0.1935
vn -0.7664 -0.5143 -0.3848
vn -0.8146 -0.5467 0.1935
vn -0.7664 -0.5143 0.3848
vn -0.3160 -0.2121 0.9248
vt 0.100000 0.000000
vt 0.166667 0.000000
vt 0.133333 0.000000
vt 0.200000 0.000000
vt 0.233333 0.000000
vt 0.266667 0.000000
vt 0.300000 0.000000
vt 0.333333 0.000000
vt 0.066667 0.000000
vt 0.366667 0.000000
vt 0.033333 0.000000
vt 0.000000 0.000000
vt 0.400000 0.000000
vt 1.000000 0.000000
vt 0.433333 0.000000
vt 0.966667 0.000000
vt 0.466667 0.000000
vt 0.933333 0.000000
vt 0.500000 0.000000
vt 0.900000 0.000000
vt 0.533333 0.000000
vt 0.866667 0.000000
vt 0.566667 0.000000
vt 0.833333 0.000000
vt 0.600000 0.000000
vt 0.633333 0.000000
vt 0.666667 0.000000
vt 0.700000 0.000000
vt 0.800000 0.000000
vt 0.733333 0.000000
vt 0.766667 0.000000
vt 0.000000 0.200000
vt 0.032258 0.200000
vt 0.032258 0.000000
vt 0.000000 0.400000
vt 0.032258 0.400000
vt 0.000000 0.600000
vt 0.032258 0.600000
vt 0.000000 0.800000
vt 0.032258 0.800000
vt 0.000000 1.000000
vt 0.032258 1.000000
vt 0.064516 0.200000
vt 0.064516 0.000000
vt 0.064516 0.400000
vt 0.064516 0.600000
vt 0.064516 0.800000
vt 0.064516 1.000000
vt 0.096774 0.200000
vt 0.096774 0.000000
vt 0.096774 0.400000
vt 0.096774 0.600000
vt 0.096774 0.800000
vt 0.096774 1.000000
vt 0.129032 0.200000
vt 0.129032 0.000000
vt 0.129032 0.400000
vt 0.129032 0.600000
vt 0.129032 0.800000
vt 0.129032 1.000000
vt 0.161290 0.200000
vt 0.161290 0.000000
vt 0.161290 0.400000
vt 0.161290 0.600000
vt 0.161290 0.800000
vt 0.161290 1.000000
vt 0.193548 0.200000
vt 0.193548 0.000000
vt 0.193548 0.400000
vt 0.193548 0.600000
vt 0.193548 0.800000
vt 0.193548 1.000000
vt 0.225806 0.200000
vt 0.225806 0.000000
vt 0.225806 0.400000
vt 0.225806 0.600000
vt 0.225806 0.800000
vt 0.225806 1.000000
vt 0.258065 0.200000
vt 0.258065 0.000000
vt 0.258065 0.400000
vt 0.258065 0.600000
vt 0.258065 0.800000
vt 0.258065 1.000000
vt 0.290323 0.200000
vt 0.290323 0.000000
vt 0.290323 0.400000
vt 0.290323 0.600000
vt 0.290323 0.800000
vt 0.290323 1.000000
vt 0.322581 0.200000
vt 0.322581 0.000000
vt 0.322581 0.400000
vt 0.322581 0.600000
vt 0.322581 0.800000
vt 0.322581 1.000000
vt 0.354839 0.200000
vt 0.354839 0.000000
vt 0.354839 0.400000
vt 0.354839 0.600000
vt 0.354839 0.800000
vt 0.354839 1.000000
vt 0.387097 0.200000
vt 0.387097 0.000000
vt 0.387097 0.400000
vt 0.387097 0.600000
vt 0.387097 0.800000
vt 0.387097 1.000000
vt 0.419355 0.200000
vt 0.419355 0.000000
vt 0.419355 0.400000
vt 0.419355 0.600000
vt 0.419355 0.800000
vt 0.419355 1.000000
vt 0.451613 0.200000
vt 0.451613 0.000000
vt 0.451613 0.400000
vt 0.451613 0.600000
vt 0.451613 0.800000
vt 0.451613 1.000000
vt 0.483871 0.200000
vt 0.483871 0.000000
vt 0.483871 0.400000
vt 0.483871 0.600000
vt 0.483871 0.800000
vt 0.483871 1.000000
vt 0.516129 0.200000
vt 0.516129 0.000000
vt 0.516129 0.400000
vt 0.516129 0.600000
vt 0.516129 0.800000
vt 0.516129 1.000000
vt 0.548387 0.200000
vt 0.548387 0.000000
vt 0.548387 0.400000
vt 0.548387 0.600000
vt 0.548387 0.800000
vt 0.548387 1.000000
vt 0.580645 0.200000
vt 0.580645 0.000000
vt 0.580645 0.400000
vt 0.580645 0.600000
vt 0.580645 0.800000
vt 0.580645 1.000000
vt 0.612903 0.200000
vt 0.612903 0.000000
vt 0.612903 0.400000
vt 0.612903 0.600000
vt 0.612903 0.800000
vt 0.612903 1.000000
vt 0.645161 0.200000
vt 0.645161 0.000000
vt 0.645161 0.400000
vt 0.645161 0.600000
vt 0.645161 0.800000
vt 0.645161 1.000000
vt 0.677419 0.200000
vt 0.677419 0.000000
vt 0.677419 0.400000
vt 0.677419 0.600000
vt 0.677419 0.800000
vt 0.677419 1.000000
vt 0.709677 0.200000
vt 0.709677 0.000000
vt 0.709677 0.400000
vt 0.709677 0.600000
vt 0.709677 0.800000
vt 0.709677 1.000000
vt 0.741935 0.200000
vt 0.741935 0.000000
vt 0.741935 0.400000
vt 0.741935 0.600000
vt 0.741935 0.800000
vt 0.741935 1.000000
vt 0.774194 0.200000
vt 0.774194 0.000000
vt 0.774194 0.400000
vt 0.774194 0.600000
vt 0.774194 0.800000
vt 0.774194 1.000000
vt 0.806452 0.200000
vt 0.806452 0.000000
vt 0.806452 0.400000
vt 0.806452 0.600000
vt 0.806452 0.800000
vt 0.806452 1.000000
vt 0.838710 0.200000
vt 0.838710 0.000000
vt 0.838710 0.400000
vt 0.838710 0.600000
vt 0.838710 0.800000
vt 0.838710 1.000000
vt 0.870968 0.200000
vt 0.870968 0.000000
vt 0.870968 0.400000
vt 0.870968 0.600000
vt 0.870968 0.800000
vt 0.870968 1.000000
vt 0.903226 0.200000
vt 0.903226 0.000000
vt 0.903226 0.400000
vt 0.903226 0.600000
vt 0.903226 0.800000
vt 0.903226 1.000000
vt 0.935484 0.200000
vt 0.935484 0.000000
vt 0.935484 0.400000
vt 0.935484 0.600000
vt 0.935484 0.800000
vt 0.935484 1.000000
vt 0.967742 0.200000
vt 0.967742 0.000000
vt 0.967742 0.400000
vt 0.967742 0.600000
vt 0.967742 0.800000
vt 0.967742 1.000000
vt 1.000000 0.200000
vt 1.000000 0.400000
vt 1.000000 0.600000
vt 1.000000 0.800000
vt 1.000000 1.000000
s 1
usemtl Lacquer_|_gloss_black
f 2034/1966/2579 2036/1967/2580 2035/1968/2581
f 2034/1966/2579 2037/1969/2582 2036/1967/2580
f 2034/1966/2579 2038/1970/2583 2037/1969/2582
f 2034/1966/2579 2039/1971/2584 2038/1970/2583
f 2034/1966/2579 2040/1972/2585 2039/1971/2584
f 2034/1966/2579 2041/1973/2586 2040/1972/2585
f 2033/1974/2587 2041/1973/2586 2034/1966/2579
f 2033/1974/2587 2042/1975/2588 2041/1973/2586
f 2032/1976/2589 2042/1975/2588 2033/1974/2587
f 2031/1977/2590 2042/1975/2588 2032/1976/2589
f 2031/1977/2590 2043/1978/2591 2042/1975/2588
f 2061/1979/2592 2043/1978/2591 2031/1977/2590
f 2061/1979/2592 2044/1980/2593 2043/1978/2591
f 2060/1981/2594 2044/1980/2593 2061/1979/2592
f 2060/1981/2594 2045/1982/2595 2044/1980/2593
f 2059/1983/2596 2045/1982/2595 2060/1981/2594
f 2059/1983/2596 2046/1984/2597 2045/1982/2595
f 2058/1985/2598 2046/1984/2597 2059/1983/2596
f 2058/1985/2598 2047/1986/2599 2046/1984/2597
f 2057/1987/2600 2047/1986/2599 2058/1985/2598
f 2057/1987/2600 2048/1988/2601 2047/1986/2599
f 2056/1989/2602 2048/1988/2601 2057/1987/2600
f 2056/1989/2602 2049/1990/2603 2048/1988/2601
f 2056/1989/2602 2050/1991/2604 2049/1990/2603
f 2056/1989/2602 2051/1992/2605 2050/1991/2604
f 2056/1989/2602 2052/1993/2606 2051/1992/2605
f 2056/1989/2602 2055/1994/2607 2052/1993/2606
f 2055/1994/2607 2053/1995/2608 2052/1993/2606
f 2054/1996/2609 2053/1995/2608 2055/1994/2607
f 2065/1966/2610 2066/1968/2611 2067/1967/2612
f 2065/1966/2610 2067/1967/2612 2068/1969/2613
f 2065/1966/2610 2068/1969/2613 2069/1970/2614
f 2065/1966/2610 2069/1970/2614 2070/1971/2615
f 2065/1966/2610 2070/1971/2615 2071/1972/2616
f 2065/1966/2610 2071/1972/2616 2072/1973/2617
f 2064/1974/2618 2065/1966/2610 2072/1973/2617
f 2064/1974/2618 2072/1973/2617 2073/1975/2619
f 2063/1976/2620 2064/1974/2618 2073/1975/2619
f 2062/1977/2621 2063/1976/2620 2073/1975/2619
f 2062/1977/2621 2073/1975/2619 2074/1978/2622
f 2092/1979/2623 2062/1977/2621 2074/1978/2622
f 2092/1979/2623 2074/1978/2622 2075/1980/2624
f 2091/1981/2625 2092/1979/2623 2075/1980/2624
f 2091/1981/2625 2075/1980/2624 2076/1982/2626
f 2090/1983/2627 2091/1981/2625 2076/1982/2626
f 2090/1983/2627 2076/1982/2626 2077/1984/2628
f 2089/1985/2629 2090/1983/2627 2077/1984/2628
f 2089/1985/2629 2077/1984/2628 2078/1986/2630
f 2088/1987/2631 2089/1985/2629 2078/1986/2630
f 2088/1987/2631 2078/1986/2630 2079/1988/2632
f 2087/1989/2633 2088/1987/2631 2079/1988/2632
f 2087/1989/2633 2079/1988/2632 2080/1990/2634
f 2087/1989/2633 2080/1990/2634 2081/1991/2635
f 2087/1989/2633 2081/1991/2635 2082/1992/2636
f 2087/1989/2633 2082/1992/2636 2083/1993/2637
f 2087/1989/2633 2083/1993/2637 2086/1994/2638
f 2086/1994/2638 2083/1993/2637 2084/1995/2639
f 2085/1996/2640 2086/1994/2638 2084/1995/2639
f 2093/1997/2641 2097/1998/2642 2063/1999/2620 2062/1977/2621
f 2094/2000/2643 2098/2001/2644 2097/1998/2645 2093/1997/2646
f 2095/2002/2647 2099/2003/2648 2098/2001/2644 2094/2000/2643
f 2096/2004/2649 2100/2005/2650 2099/2003/2648 2095/2002/2647
f 2031/2006/2590 2032/2007/2589 2100/2005/2651 2096/2004/2652
f 2097/1998/2642 2101/2008/2653 2064/2009/2618 2063/1999/2620
f 2098/2001/2644 2102/2010/2654 2101/2008/2655 2097/1998/2645
f 2099/2003/2648 2103/2011/2656 2102/2010/2654 2098/2001/2644
f 2100/2005/2650 2104/2012/2657 2103/2011/2656 2099/2003/2648
f 2032/2007/2589 2033/2013/2587 2104/2012/2658 2100/2005/2651
f 2101/2008/2653 2105/2014/2659 2065/2015/2610 2064/2009/2618
f 2102/2010/2654 2106/2016/2660 2105/2014/2661 2101/2008/2655
f 2103/2011/2656 2107/2017/2662 2106/2016/2660 2102/2010/2654
f 2104/2012/2657 2108/2018/2663 2107/2017/2662 2103/2011/2656
f 2033/2013/2587 2034/2019/2579 2108/2018/2664 2104/2012/2658
f 2105/2014/2659 2109/2020/2665 2066/2021/2611 2065/2015/2610
f 2106/2016/2660 2110/2022/2666 2109/2020/2667 2105/2014/2661
f 2107/2017/2662 2111/2023/2668 2110/2022/2666 2106/2016/2660
f 2108/2018/2663 2112/2024/2669 2111/2023/2668 2107/2017/2662
f 2034/2019/2579 2035/2025/2581 2112/2024/2670 2108/2018/2664
f 2109/2020/2665 2113/2026/2671 2067/2027/2612 2066/2021/2611
f 2110/2022/2672 2114/2028/2673 2113/2026/2674 2109/2020/2675
f 2111/2023/2676 2115/2029/2677 2114/2028/2673 2110/2022/2672
f 2112/2024/2678 2116/2030/2679 2115/2029/2677 2111/2023/2676
f 2035/2025/2581 2036/2031/2580 2116/2030/2680 2112/2024/2670
f 2113/2026/2671 2117/2032/2681 2068/2033/2613 2067/2027/2612
f 2114/2028/2673 2118/2034/2682 2117/2032/2683 2113/2026/2674
f 2115/2029/2677 2119/2035/2684 2118/2034/2682 2114/2028/2673
f 2116/2030/2679 2120/2036/2685 2119/2035/2684 2115/2029/2677
f 2036/2031/2580 2037/2037/2582 2120/2036/2686 2116/2030/2680
f 2117/2032/2681 2121/2038/2687 2069/2039/2614 2068/2033/2613
f 2118/2034/2682 2122/2040/2688 2121/2038/2689 2117/2032/2683
f 2119/2035/2684 2123/2041/2690 2122/2040/2688 2118/2034/2682
f 2120/2036/2685 2124/2042/2691 2123/2041/2690 2119/2035/2684
f 2037/2037/2582 2038/2043/2583 2124/2042/2692 2120/2036/2686
f 2121/2038/2687 2125/2044/2693 2070/2045/2615 2069/2039/2614
f 2122/2040/2688 2126/2046/2694 2125/2044/2695 2121/2038/2689
f 2123/2041/2690 2127/2047/2696 2126/2046/2694 2122/2040/2688
f 2124/2042/2691 2128/2048/2697 2127/2047/2696 2123/2041/2690
f 2038/2043/2583 2039/2049/2584 2128/2048/2698 2124/2042/2692
f 2125/2044/2693 2129/2050/2699 2071/2051/2616 2070/2045/2615
f 2126/2046/2694 2130/2052/2700 2129/2050/2701 2125/2044/2695
f 2127/2047/2696 2131/2053/2702 2130/2052/2700 2126/2046/2694
f 2128/2048/2697 2132/2054/2703 2131/2053/2702 2127/2047/2696
f 2039/2049/2584 2040/2055/2585 2132/2054/2704 2128/2048/2698
f 2129/2050/2699 2133/2056/2705 2072/2057/2617 2071/2051/2616
f 2130/2052/2700 2134/2058/2706 2133/2056/2707 2129/2050/2701
f 2131/2053/2702 2135/2059/2708 2134/2058/2706 2130/2052/2700
f 2132/2054/2703 2136/2060/2709 2135/2059/2708 2131/2053/2702
f 2040/2055/2585 2041/2061/2586 2136/2060/2710 2132/2054/2704
f 2133/2056/2705 2137/2062/2711 2073/2063/2619 2072/2057/2617
f 2134/2058/2706 2138/2064/2712 2137/2062/2713 2133/2056/2707
f 2135/2059/2708 2139/2065/2714 2138/2064/2712 2134/2058/2706
f 2136/2060/2709 2140/2066/2715 2139/2065/2714 2135/2059/2708
f 2041/2061/2586 2042/2067/2588 2140/2066/2716 2136/2060/2710
f 2137/2062/2711 2141/2068/2717 2074/2069/2622 2073/2063/2619
f 2138/2064/2712 2142/2070/2718 2141/2068/2719 2137/2062/2713
f 2139/2065/2714 2143/2071/2720 2142/2070/2718 2138/2064/2712
f 2140/2066/2715 2144/2072/2721 2143/2071/2720 2139/2065/2714
f 2042/2067/2588 2043/2073/2591 2144/2072/2722 2140/2066/2716
f 2141/2068/2717 2145/2074/2723 2075/2075/2624 2074/2069/2622
f 2142/2070/2718 2146/2076/2724 2145/2074/2725 2141/2068/2719
f 2143/2071/2720 2147/2077/2726 2146/2076/2724 2142/2070/2718
f 2144/2072/2721 2148/2078/2727 2147/2077/2726 2143/2071/2720
f 2043/2073/2591 2044/2079/2593 2148/2078/2728 2144/2072/2722
f 2145/2074/2723 2149/2080/2729 2076/2081/2626 2075/2075/2624
f 2146/2076/2724 2150/2082/2730 2149/2080/2731 2145/2074/2725
f 2147/2077/2726 2151/2083/2732 2150/2082/2730 2146/2076/2724
f 2148/2078/2727 2152/2084/2733 2151/2083/2732 2147/2077/2726
f 2044/2079/2593 2045/2085/2595 2152/2084/2734 2148/2078/2728
f 2149/2080/2729 2153/2086/2735 2077/2087/2628 2076/2081/2626
f 2150/2082/2730 2154/2088/2736 2153/2086/2737 2149/2080/2731
f 2151/2083/2732 2155/2089/2738 2154/2088/2736 2150/2082/2730
f 2152/2084/2733 2156/2090/2739 2155/2089/2738 2151/2083/2732
f 2045/2085/2595 2046/2091/2597 2156/2090/2740 2152/2084/2734
f 2153/2086/2735 2157/2092/2741 2078/2093/2630 2077/2087/2628
f 2154/2088/2736 2158/2094/2742 2157/2092/2743 2153/2086/2737
f 2155/2089/2738 2159/2095/2744 2158/2094/2742 2154/2088/2736
f 2156/2090/2739 2160/2096/2745 2159/2095/2744 2155/2089/2738
f 2046/2091/2597 2047/2097/2599 2160/2096/2746 2156/2090/2740
f 2157/2092/2741 2161/2098/2747 2079/2099/2632 2078/2093/2630
f 2158/2094/2742 2162/2100/2748 2161/2098/2749 2157/2092/2743
f 2159/2095/2744 2163/2101/2750 2162/2100/2748 2158/2094/2742
f 2160/2096/2745 2164/2102/2751 2163/2101/2750 2159/2095/2744
f 2047/2097/2599 2048/2103/2601 2164/2102/2752 2160/2096/2746
f 2161/2098/2747 2165/2104/2753 2080/2105/2634 2079/2099/2632
f 2162/2100/2748 2166/2106/2754 2165/2104/2755 2161/2098/2749
f 2163/2101/2750 2167/2107/2756 2166/2106/2754 2162/2100/2748
f 2164/2102/2751 2168/2108/2757 2167/2107/2756 2163/2101/2750
f 2048/2103/2601 2049/2109/2603 2168/2108/2758 2164/2102/2752
f 2165/2104/2753 2169/2110/2759 2081/2111/2635 2080/2105/2634
f 2166/2106/2754 2170/2112/2760 2169/2110/2761 2165/2104/2755
f 2167/2107/2756 2171/2113/2762 2170/2112/2760 2166/2106/2754
f 2168/2108/2757 2172/2114/2763 2171/2113/2762 2167/2107/2756
f 2049/2109/2603 2050/2115/2604 2172/2114/2764 2168/2108/2758
f 2169/2110/2759 2173/2116/2765 2082/2117/2636 2081/2111/2635
f 2170/2112/2760 2174/2118/2766 2173/2116/2767 2169/2110/2761
f 2171/2113/2762 2175/2119/2768 2174/2118/2766 2170/2112/2760
f 2172/2114/2763 2176/2120/2769 2175/2119/2768 2171/2113/2762
f 2050/2115/2604 2051/2121/2605 2176/2120/2770 2172/2114/2764
f 2173/2116/2765 2177/2122/2771 2083/2123/2637 2082/2117/2636
f 2174/2118/2766 2178/2124/2772 2177/2122/2773 2173/2116/2767
f 2175/2119/2768 2179/2125/2774 2178/2124/2772 2174/2118/2766
f 2176/2120/2769 2180/2126/2775 2179/2125/2774 2175/2119/2768
f 2051/2121/2605 2052/2127/2606 2180/2126/2776 2176/2120/2770
f 2177/2122/2771 2181/2128/2777 2084/2129/2639 2083/2123/2637
f 2178/2124/2772 2182/2130/2778 2181/2128/2779 2177/2122/2773
f 2179/2125/2774 2183/2131/2780 2182/2130/2778 2178/2124/2772
f 2180/2126/2775 2184/2132/2781 2183/2131/2780 2179/2125/2774
f 2052/2127/2606 2053/2133/2608 2184/2132/2782 2180/2126/2776
f 2181/2128/2777 2185/2134/2783 2085/2135/2640 2084/2129/2639
f 2182/2130/2778 2186/2136/2784 2185/2134/2785 2181/2128/2779
f 2183/2131/2780 2187/2137/2786 2186/2136/2784 2182/2130/2778
f 2184/2132/2781 2188/2138/2787 2187/2137/2786 2183/2131/2780
f 2053/2133/2608 2054/2139/2609 2188/2138/2788 2184/2132/2782
f 2185/2134/2783 2189/2140/2789 2086/2141/2638 2085/2135/2640
f 2186/2136/2784 2190/2142/2790 2189/2140/2791 2185/2134/2785
f 2187/2137/2786 2191/2143/2792 2190/2142/2790 2186/2136/2784
f 2188/2138/2787 2192/2144/2793 2191/2143/2792 2187/2137/2786
f 2054/2139/2609 2055/2145/2607 2192/2144/2794 2188/2138/2788
f 2189/2140/2789 2193/2146/2795 2087/2147/2633 2086/2141/2638
f 2190/2142/2790 2194/2148/2796 2193/2146/2797 2189/2140/2791
f 2191/2143/2792 2195/2149/2798 2194/2148/2796 2190/2142/2790
f 2192/2144/2793 2196/2150/2799 2195/2149/2798 2191/2143/2792
f 2055/2145/2607 2056/2151/2602 2196/2150/2800 2192/2144/2794
f 2193/2146/2795 2197/2152/2801 2088/2153/2631 2087/2147/2633
f 2194/2148/2802 2198/2154/2803 2197/2152/2804 2193/2146/2804
f 2195/2149/2805 2199/2155/2806 2198/2154/2803 2194/2148/2802
f 2196/2150/2807 2200/2156/2807 2199/2155/2806 2195/2149/2805
f 2056/2151/2602 2057/2157/2600 2200/2156/2808 2196/2150/2800
f 2197/2152/2801 2201/2158/2809 2089/2159/2629 2088/2153/2631
f 2198/2154/2810 2202/2160/2811 2201/2158/2812 2197/2152/2812
f 2199/2155/2813 2203/2161/2814 2202/2160/2811 2198/2154/2810
f 2200/2156/2815 2204/2162/2815 2203/2161/2814 2199/2155/2813
f 2057/2157/2600 2058/2163/2598 2204/2162/2816 2200/2156/2808
f 2201/2158/2809 2205/2164/2817 2090/2165/2627 2089/2159/2629
f 2202/2160/2818 2206/2166/2819 2205/2164/2820 2201/2158/2821
f 2203/2161/2822 2207/2167/2823 2206/2166/2819 2202/2160/2818
f 2204/2162/2824 2208/2168/2825 2207/2167/2823 2203/2161/2822
f 2058/2163/2598 2059/2169/2596 2208/2168/2826 2204/2162/2816
f 2205/2164/2817 2209/2170/2827 2091/2171/2625 2090/2165/2627
f 2206/2166/2819 2210/2172/2828 2209/2170/2829 2205/2164/2820
f 2207/2167/2823 2211/2173/2830 2210/2172/2828 2206/2166/2819
f 2208/2168/2825 2212/2174/2831 2211/2173/2830 2207/2167/2823
f 2059/2169/2596 2060/2175/2594 2212/2174/2832 2208/2168/2826
f 2209/2170/2827 2213/2176/2833 2092/2177/2623 2091/2171/2625
f 2210/2172/2828 2214/2178/2834 2213/2176/2835 2209/2170/2829
f 2211/2173/2830 2215/2179/2836 2214/2178/2834 2210/2172/2828
f 2212/2174/2831 2216/2180/2837 2215/2179/2836 2211/2173/2830
f 2060/2175/2594 2061/2181/2592 2216/2180/2838 2212/2174/2832
f 2213/2176/2833 2093/2182/2641 2062/1979/2621 2092/2177/2623
f 2214/2178/2834 2094/2183/2643 2093/2182/2646 2213/2176/2835
f 2215/2179/2836 2095/2184/2647 2094/2183/2643 2214/2178/2834
f 2216/2180/2837 2096/2185/2649 2095/2184/2647 2215/2179/2836
f 2061/2181/2592 2031/2186/2590 2096/2185/2652 2216/2180/2838
o Glow_|_left_rib_strip
v 0.617744 0.126762 -0.013562
v 0.617744 0.126762 -0.010638
v 0.617744 0.124231 -0.009177
v 0.617744 0.121699 -0.010638
v 0.617744 0.121699 -0.013562
v 0.617744 0.124231 -0.015023
v 0.253333 0.126762 -0.013562
v 0.253333 0.126762 -0.010638
v 0.253333 0.124231 -0.009177
v 0.253333 0.121699 -0.010638
v 0.253333 0.121699 -0.013562
v 0.253333 0.124231 -0.015023
v 0.379426 0.126762 -0.013562
v 0.379426 0.126762 -0.010638
v 0.379426 0.124231 -0.009177
v 0.379426 0.121699 -0.010638
v 0.379426 0.121699 -0.013562
v 0.379426 0.124231 -0.015023
v 0.491651 0.126762 -0.013562
v 0.491651 0.126762 -0.010638
v 0.491651 0.124231 -0.009177
v 0.491651 0.121699 -0.010638
v 0.491651 0.121699 -0.013562
v 0.491651 0.124231 -0.015023
vn 1.0000 -0.0000 -0.0000
vn -1.0000 -0.0000 -0.0000
vn -0.0000 0.8660 -0.5000
vn -0.0000 0.5000 -0.8660
vn -0.0000 0.8660 0.5000
vn -0.0000 0.5000 0.8660
vn -0.0000 -0.5000 0.8660
vn -0.0000 -1.0000 -0.0000
vn -0.0000 -0.5000 -0.8660
vt 1.000000 0.000000
vt 0.600000 0.000000
vt 0.800000 0.000000
vt 0.400000 0.000000
vt 0.000000 0.000000
vt 0.200000 0.000000
vt 0.000000 1.000000
vt 0.333333 1.000000
vt 0.333333 0.833333
vt 0.000000 0.833333
vt 0.000000 0.166667
vt 0.333333 0.166667
vt 0.333333 0.000000
vt 0.000000 0.333333
vt 0.333333 0.333333
vt 0.000000 0.500000
vt 0.333333 0.500000
vt 0.000000 0.666667
vt 0.333333 0.666667
vt 0.666667 1.000000
vt 0.666667 0.833333
vt 0.666667 0.166667
vt 0.666667 0.000000
vt 0.666667 0.333333
vt 0.666667 0.500000
vt 0.666667 0.666667
vt 1.000000 1.000000
vt 1.000000 0.833333
vt 1.000000 0.166667
vt 1.000000 0.333333
vt 1.000000 0.500000
vt 1.000000 0.666667
s 1
usemtl Glow_|_orange_neon
f 2222/2187/2839 2220/2188/2839 2221/2189/2839
f 2222/2187/2839 2219/2190/2839 2220/2188/2839
f 2217/2191/2839 2219/2190/2839 2222/2187/2839
f 2217/2191/2839 2218/2192/2839 2219/2190/2839
f 2225/2190/2840 2227/2189/2840 2226/2188/2840
f 2225/2190/2840 2228/2187/2840 2227/2189/2840
f 2224/2192/2840 2228/2187/2840 2225/2190/2840
f 2224/2192/2840 2223/2191/2840 2228/2187/2840
f 2223/2193/2841 2229/2194/2841 2234/2195/2842 2228/2196/2842
f 2224/2197/2843 2230/2198/2843 2229/2199/2841 2223/2191/2841
f 2225/2200/2844 2231/2201/2844 2230/2198/2843 2224/2197/2843
f 2226/2202/2845 2232/2203/2845 2231/2201/2845 2225/2200/2845
f 2227/2204/2846 2233/2205/2846 2232/2203/2846 2226/2202/2846
f 2228/2196/2847 2234/2195/2847 2233/2205/2847 2227/2204/2847
f 2229/2194/2841 2235/2206/2841 2240/2207/2842 2234/2195/2842
f 2230/2198/2843 2236/2208/2843 2235/2209/2841 2229/2199/2841
f 2231/2201/2844 2237/2210/2844 2236/2208/2843 2230/2198/2843
f 2232/2203/2845 2238/2211/2845 2237/2210/2845 2231/2201/2845
f 2233/2205/2846 2239/2212/2846 2238/2211/2846 2232/2203/2846
f 2234/2195/2847 2240/2207/2847 2239/2212/2847 2233/2205/2847
f 2235/2206/2841 2217/2213/2841 2222/2214/2842 2240/2207/2842
f 2236/2208/2843 2218/2215/2843 2217/2187/2841 2235/2209/2841
f 2237/2210/2844 2219/2216/2844 2218/2215/2843 2236/2208/2843
f 2238/2211/2845 2220/2217/2845 2219/2216/2845 2237/2210/2845
f 2239/2212/2846 2221/2218/2846 2220/2217/2846 2238/2211/2846
f 2240/2207/2847 2222/2214/2847 2221/2218/2847 2239/2212/2847
o Glow_|_left_barrel_slot_1
v 0.336154 0.115848 -0.017148
v 0.336154 0.115848 -0.012763
v 0.336154 0.112051 -0.010571
v 0.336154 0.108254 -0.012763
v 0.336154 0.108254 -0.017148
v 0.336154 0.112051 -0.019340
v 0.309359 0.115848 -0.017148
v 0.309359 0.115848 -0.012763
v 0.309359 0.112051 -0.010571
v 0.309359 0.108254 -0.012763
v 0.309359 0.108254 -0.017148
v 0.309359 0.112051 -0.019340
v 0.318630 0.115848 -0.017148
v 0.318630 0.115848 -0.012763
v 0.318630 0.112051 -0.010571
v 0.318630 0.108254 -0.012763
v 0.318630 0.108254 -0.017148
v 0.318630 0.112051 -0.019340
v 0.326882 0.115848 -0.017148
v 0.326882 0.115848 -0.012763
v 0.326882 0.112051 -0.010571
v 0.326882 0.108254 -0.012763
v 0.326882 0.108254 -0.017148
v 0.326882 0.112051 -0.019340
vn 1.0000 -0.0000 -0.0000
vn -1.0000 -0.0000 -0.0000
vn -0.0000 0.8660 -0.5000
vn -0.0000 0.5000 -0.8660
vn -0.0000 0.8660 0.5000
vn -0.0000 0.5000 0.8660
vn -0.0000 -0.8660 0.5000
vn -0.0000 -0.5000 0.8660
vn -0.0000 -0.8660 -0.5000
vn -0.0000 -0.5000 -0.8660
vn -0.0000 -1.0000 -0.0000
vt 1.000000 0.000000
vt 0.600000 0.000000
vt 0.800000 0.000000
vt 0.400000 0.000000
vt 0.000000 0.000000
vt 0.200000 0.000000
vt 0.000000 1.000000
vt 0.333333 1.000000
vt 0.333333 0.833333
vt 0.000000 0.833333
vt 0.000000 0.166667
vt 0.333333 0.166667
vt 0.333333 0.000000
vt 0.000000 0.333333
vt 0.333333 0.333333
vt 0.000000 0.500000
vt 0.333333 0.500000
vt 0.000000 0.666667
vt 0.333333 0.666667
vt 0.666667 1.000000
vt 0.666667 0.833333
vt 0.666667 0.166667
vt 0.666667 0.000000
vt 0.666667 0.333333
vt 0.666667 0.500000
vt 0.666667 0.666667
vt 1.000000 1.000000
vt 1.000000 0.833333
vt 1.000000 0.166667
vt 1.000000 0.333333
vt 1.000000 0.500000
vt 1.000000 0.666667
s 1
usemtl Glow_|_orange_neon
f 2246/2219/2848 2244/2220/2848 2245/2221/2848
f 2246/2219/2848 2243/2222/2848 2244/2220/2848
f 2241/2223/2848 2243/2222/2848 2246/2219/2848
f 2241/2223/2848 2242/2224/2848 2243/2222/2848
f 2249/2222/2849 2251/2221/2849 2250/2220/2849
f 2249/2222/2849 2252/2219/2849 2251/2221/2849
f 2248/2224/2849 2252/2219/2849 2249/2222/2849
f 2248/2224/2849 2247/2223/2849 2252/2219/2849
f 2247/2225/2850 2253/2226/2850 2258/2227/2851 2252/2228/2851
f 2248/2229/2852 2254/2230/2852 2253/2231/2850 2247/2223/2850
f 2249/2232/2853 2255/2233/2853 2254/2230/2852 2248/2229/2852
f 2250/2234/2854 2256/2235/2854 2255/2233/2855 2249/2232/2855
f 2251/2236/2856 2257/2237/2856 2256/2235/2854 2250/2234/2854
f 2252/2228/2857 2258/2227/2857 2257/2237/2856 2251/2236/2856
f 2253/2226/2850 2259/2238/2850 2264/2239/2851 2258/2227/2851
f 2254/2230/2852 2260/2240/2852 2259/2241/2850 2253/2231/2850
f 2255/2233/2853 2261/2242/2853 2260/2240/2852 2254/2230/2852
f 2256/2235/2854 2262/2243/2854 2261/2242/2855 2255/2233/2855
f 2257/2237/2856 2263/2244/2856 2262/2243/2854 2256/2235/2854
f 2258/2227/2857 2264/2239/2857 2263/2244/2856 2257/2237/2856
f 2259/2238/2850 2241/2245/2850 2246/2246/2851 2264/2239/2851
f 2260/2240/2852 2242/2247/2852 2241/2219/2850 2259/2241/2850
f 2261/2242/2853 2243/2248/2853 2242/2247/2852 2260/2240/2852
f 2262/2243/2854 2244/2249/2854 2243/2248/2855 2261/2242/2855
f 2263/2244/2856 2245/2250/2858 2244/2249/2854 2262/2243/2854
f 2264/2239/2857 2246/2246/2857 2245/2250/2857 2263/2244/2856
o Glow_|_left_barrel_slot_2
v 0.389744 0.115848 -0.017148
v 0.389744 0.115848 -0.012763
v 0.389744 0.112051 -0.010571
v 0.389744 0.108254 -0.012763
v 0.389744 0.108254 -0.017148
v 0.389744 0.112051 -0.019340
v 0.362949 0.115848 -0.017148
v 0.362949 0.115848 -0.012763
v 0.362949 0.112051 -0.010571
v 0.362949 0.108254 -0.012763
v 0.362949 0.108254 -0.017148
v 0.362949 0.112051 -0.019340
v 0.372220 0.115848 -0.017148
v 0.372220 0.115848 -0.012763
v 0.372220 0.112051 -0.010571
v 0.372220 0.108254 -0.012763
v 0.372220 0.108254 -0.017148
v 0.372220 0.112051 -0.019340
v 0.380472 0.115848 -0.017148
v 0.380472 0.115848 -0.012763
v 0.380472 0.112051 -0.010571
v 0.380472 0.108254 -0.012763
v 0.380472 0.108254 -0.017148
v 0.380472 0.112051 -0.019340
vn 1.0000 -0.0000 -0.0000
vn -1.0000 -0.0000 -0.0000
vn -0.0000 0.8660 -0.5000
vn -0.0000 -0.0000 -1.0000
vn -0.0000 0.5000 -0.8660
vn -0.0000 0.8660 0.5000
vn -0.0000 0.5000 0.8660
vn -0.0000 -0.0000 1.0000
vn -0.0000 -0.8660 0.5000
vn -0.0000 -0.5000 0.8660
vn -0.0000 -1.0000 -0.0000
vn -0.0000 -0.5000 -0.8660
vn -0.0000 -0.8660 -0.5000
vt 1.000000 0.000000
vt 0.600000 0.000000
vt 0.800000 0.000000
vt 0.400000 0.000000
vt 0.000000 0.000000
vt 0.200000 0.000000
vt 0.000000 1.000000
vt 0.333333 1.000000
vt 0.333333 0.833333
vt 0.000000 0.833333
vt 0.000000 0.166667
vt 0.333333 0.166667
vt 0.333333 0.000000
vt 0.000000 0.333333
vt 0.333333 0.333333
vt 0.000000 0.500000
vt 0.333333 0.500000
vt 0.000000 0.666667
vt 0.333333 0.666667
vt 0.666667 1.000000
vt 0.666667 0.833333
vt 0.666667 0.166667
vt 0.666667 0.000000
vt 0.666667 0.333333
vt 0.666667 0.500000
vt 0.666667 0.666667
vt 1.000000 1.000000
vt 1.000000 0.833333
vt 1.000000 0.166667
vt 1.000000 0.333333
vt 1.000000 0.500000
vt 1.000000 0.666667
s 1
usemtl Glow_|_orange_neon
f 2270/2251/2859 2268/2252/2859 2269/2253/2859
f 2270/2251/2859 2267/2254/2859 2268/2252/2859
f 2265/2255/2859 2267/2254/2859 2270/2251/2859
f 2265/2255/2859 2266/2256/2859 2267/2254/2859
f 2273/2254/2860 2275/2253/2860 2274/2252/2860
f 2273/2254/2860 2276/2251/2860 2275/2253/2860
f 2272/2256/2860 2276/2251/2860 2273/2254/2860
f 2272/2256/2860 2271/2255/2860 2276/2251/2860
f 2271/2257/2861 2277/2258/2861 2282/2259/2862 2276/2260/2863
f 2272/2261/2864 2278/2262/2864 2277/2263/2861 2271/2255/2861
f 2273/2264/2865 2279/2265/2866 2278/2262/2864 2272/2261/2864
f 2274/2266/2867 2280/2267/2867 2279/2265/2866 2273/2264/2868
f 2275/2268/2869 2281/2269/2869 2280/2267/2867 2274/2266/2867
f 2276/2260/2870 2282/2259/2862 2281/2269/2870 2275/2268/2870
f 2277/2258/2861 2283/2270/2861 2288/2271/2862 2282/2259/2862
f 2278/2262/2864 2284/2272/2864 2283/2273/2861 2277/2263/2861
f 2279/2265/2866 2285/2274/2866 2284/2272/2864 2278/2262/2864
f 2280/2267/2867 2286/2275/2867 2285/2274/2866 2279/2265/2866
f 2281/2269/2869 2287/2276/2871 2286/2275/2867 2280/2267/2867
f 2282/2259/2862 2288/2271/2862 2287/2276/2871 2281/2269/2870
f 2283/2270/2861 2265/2277/2861 2270/2278/2863 2288/2271/2862
f 2284/2272/2864 2266/2279/2864 2265/2251/2861 2283/2273/2861
f 2285/2274/2866 2267/2280/2865 2266/2279/2864 2284/2272/2864
f 2286/2275/2867 2268/2281/2867 2267/2280/2868 2285/2274/2866
f 2287/2276/2871 2269/2282/2871 2268/2281/2867 2286/2275/2867
f 2288/2271/2862 2270/2278/2870 2269/2282/2871 2287/2276/2871
o Glow_|_left_barrel_slot_3
v 0.443333 0.115848 -0.017148
v 0.443333 0.115848 -0.012763
v 0.443333 0.112051 -0.010571
v 0.443333 0.108254 -0.012763
v 0.443333 0.108254 -0.017148
v 0.443333 0.112051 -0.019340
v 0.416538 0.115848 -0.017148
v 0.416538 0.115848 -0.012763
v 0.416538 0.112051 -0.010571
v 0.416538 0.108254 -0.012763
v 0.416538 0.108254 -0.017148
v 0.416538 0.112051 -0.019340
v 0.425810 0.115848 -0.017148
v 0.425810 0.115848 -0.012763
v 0.425810 0.112051 -0.010571
v 0.425810 0.108254 -0.012763
v 0.425810 0.108254 -0.017148
v 0.425810 0.112051 -0.019340
v 0.434062 0.115848 -0.017148
v 0.434062 0.115848 -0.012763
v 0.434062 0.112051 -0.010571
v 0.434062 0.108254 -0.012763
v 0.434062 0.108254 -0.017148
v 0.434062 0.112051 -0.019340
vn 1.0000 -0.0000 -0.0000
vn -1.0000 -0.0000 -0.0000
vn -0.0000 0.5000 -0.8660
vn -0.0000 0.8660 -0.5000
vn -0.0000 -0.0000 -1.0000
vn -0.0000 1.0000 -0.0000
vn -0.0000 0.8660 0.5000
vn -0.0000 -0.0000 1.0000
vn -0.0000 0.5000 0.8660
vn -0.0000 -0.5000 0.8660
vn -0.0000 -0.8660 0.5000
vn -0.0000 -1.0000 -0.0000
vn -0.0000 -0.8660 -0.5000
vn -0.0000 -0.5000 -0.8660
vt 1.000000 0.000000
vt 0.600000 0.000000
vt 0.800000 0.000000
vt 0.400000 0.000000
vt 0.000000 0.000000
vt 0.200000 0.000000
vt 0.000000 1.000000
vt 0.333333 1.000000
vt 0.333333 0.833333
vt 0.000000 0.833333
vt 0.000000 0.166667
vt 0.333333 0.166667
vt 0.333333 0.000000
vt 0.000000 0.333333
vt 0.333333 0.333333
vt 0.000000 0.500000
vt 0.333333 0.500000
vt 0.000000 0.666667
vt 0.333333 0.666667
vt 0.666667 1.000000
vt 0.666667 0.833333
vt 0.666667 0.166667
vt 0.666667 0.000000
vt 0.666667 0.333333
vt 0.666667 0.500000
vt 0.666667 0.666667
vt 1.000000 1.000000
vt 1.000000 0.833333
vt 1.000000 0.166667
vt 1.000000 0.333333
vt 1.000000 0.500000
vt 1.000000 0.666667
s 1
usemtl Glow_|_orange_neon
f 2294/2283/2872 2292/2284/2872 2293/2285/2872
f 2294/2283/2872 2291/2286/2872 2292/2284/2872
f 2289/2287/2872 2291/2286/2872 2294/2283/2872
f 2289/2287/2872 2290/2288/2872 2291/2286/2872
f 2297/2286/2873 2299/2285/2873 2298/2284/2873
f 2297/2286/2873 2300/2283/2873 2299/2285/2873
f 2296/2288/2873 2300/2283/2873 2297/2286/2873
f 2296/2288/2873 2295/2287/2873 2300/2283/2873
f 2295/2289/2874 2301/2290/2875 2306/2291/2876 2300/2292/2876
f 2296/2293/2877 2302/2294/2878 2301/2295/2875 2295/2287/2877
f 2297/2296/2879 2303/2297/2879 2302/2294/2878 2296/2293/2880
f 2298/2298/2881 2304/2299/2882 2303/2297/2879 2297/2296/2879
f 2299/2300/2883 2305/2301/2884 2304/2299/2882 2298/2298/2883
f 2300/2292/2876 2306/2291/2876 2305/2301/2884 2299/2300/2885
f 2301/2290/2875 2307/2302/2875 2312/2303/2874 2306/2291/2876
f 2302/2294/2878 2308/2304/2878 2307/2305/2875 2301/2295/2875
f 2303/2297/2879 2309/2306/2880 2308/2304/2878 2302/2294/2878
f 2304/2299/2882 2310/2307/2882 2309/2306/2881 2303/2297/2879
f 2305/2301/2884 2311/2308/2884 2310/2307/2882 2304/2299/2882
f 2306/2291/2876 2312/2303/2885 2311/2308/2884 2305/2301/2884
f 2307/2302/2875 2289/2309/2875 2294/2310/2874 2312/2303/2874
f 2308/2304/2878 2290/2311/2878 2289/2283/2875 2307/2305/2875
f 2309/2306/2880 2291/2312/2880 2290/2311/2878 2308/2304/2878
f 2310/2307/2882 2292/2313/2882 2291/2312/2881 2309/2306/2881
f 2311/2308/2884 2293/2314/2883 2292/2313/2882 2310/2307/2882
f 2312/2303/2885 2294/2310/2885 2293/2314/2885 2311/2308/2884
o Glow_|_left_barrel_slot_4
v 0.496923 0.115848 -0.017148
v 0.496923 0.115848 -0.012763
v 0.496923 0.112051 -0.010571
v 0.496923 0.108254 -0.012763
v 0.496923 0.108254 -0.017148
v 0.496923 0.112051 -0.019340
v 0.470128 0.115848 -0.017148
v 0.470128 0.115848 -0.012763
v 0.470128 0.112051 -0.010571
v 0.470128 0.108254 -0.012763
v 0.470128 0.108254 -0.017148
v 0.470128 0.112051 -0.019340
v 0.479400 0.115848 -0.017148
v 0.479400 0.115848 -0.012763
v 0.479400 0.112051 -0.010571
v 0.479400 0.108254 -0.012763
v 0.479400 0.108254 -0.017148
v 0.479400 0.112051 -0.019340
v 0.487652 0.115848 -0.017148
v 0.487652 0.115848 -0.012763
v 0.487652 0.112051 -0.010571
v 0.487652 0.108254 -0.012763
v 0.487652 0.108254 -0.017148
v 0.487652 0.112051 -0.019340
vn 1.0000 -0.0000 -0.0000
vn -1.0000 -0.0000 -0.0000
vn -0.0000 0.8660 -0.5000
vn -0.0000 0.5000 -0.8660
vn -0.0000 0.8660 0.5000
vn -0.0000 0.5000 0.8660
vn -0.0000 -0.8660 0.5000
vn -0.0000 -0.5000 0.8660
vn -0.0000 -1.0000 -0.0000
vn -0.0000 -0.8660 -0.5000
vn -0.0000 -0.5000 -0.8660
vn -0.0000 -0.0000 -1.0000
vn -0.0000 -0.0000 1.0000
vn -0.0000 1.0000 -0.0000
vt 1.000000 0.000000
vt 0.600000 0.000000
vt 0.800000 0.000000
vt 0.400000 0.000000
vt 0.000000 0.000000
vt 0.200000 0.000000
vt 0.000000 1.000000
vt 0.333333 1.000000
vt 0.333333 0.833333
vt 0.000000 0.833333
vt 0.000000 0.166667
vt 0.333333 0.166667
vt 0.333333 0.000000
vt 0.000000 0.333333
vt 0.333333 0.333333
vt 0.000000 0.500000
vt 0.333333 0.500000
vt 0.000000 0.666667
vt 0.333333 0.666667
vt 0.666667 1.000000
vt 0.666667 0.833333
vt 0.666667 0.166667
vt 0.666667 0.000000
vt 0.666667 0.333333
vt 0.666667 0.500000
vt 0.666667 0.666667
vt 1.000000 1.000000
vt 1.000000 0.833333
vt 1.000000 0.166667
vt 1.000000 0.333333
vt 1.000000 0.500000
vt 1.000000 0.666667
s 1
usemtl Glow_|_orange_neon
f 2318/2315/2886 2316/2316/2886 2317/2317/2886
f 2318/2315/2886 2315/2318/2886 2316/2316/2886
f 2313/2319/2886 2315/2318/2886 2318/2315/2886
f 2313/2319/2886 2314/2320/2886 2315/2318/2886
f 2321/2318/2887 2323/2317/2887 2322/2316/2887
f 2321/2318/2887 2324/2315/2887 2323/2317/2887
f 2320/2320/2887 2324/2315/2887 2321/2318/2887
f 2320/2320/2887 2319/2319/2887 2324/2315/2887
f 2319/2321/2888 2325/2322/2888 2330/2323/2889 2324/2324/2889
f 2320/2325/2890 2326/2326/2890 2325/2327/2888 2319/2319/2888
f 2321/2328/2891 2327/2329/2891 2326/2326/2890 2320/2325/2890
f 2322/2330/2892 2328/2331/2892 2327/2329/2893 2321/2328/2893
f 2323/2332/2894 2329/2333/2895 2328/2331/2892 2322/2330/2892
f 2324/2324/2896 2330/2323/2896 2329/2333/2895 2323/2332/2896
f 2325/2322/2888 2331/2334/2888 2336/2335/2897 2330/2323/2889
f 2326/2326/2890 2332/2336/2890 2331/2337/2888 2325/2327/2888
f 2327/2329/2891 2333/2338/2898 2332/2336/2890 2326/2326/2890
f 2328/2331/2892 2334/2339/2892 2333/2338/2898 2327/2329/2893
f 2329/2333/2895 2335/2340/2895 2334/2339/2892 2328/2331/2892
f 2330/2323/2896 2336/2335/2897 2335/2340/2895 2329/2333/2895
f 2331/2334/2888 2313/2341/2889 2318/2342/2897 2336/2335/2897
f 2332/2336/2890 2314/2343/2899 2313/2315/2899 2331/2337/2888
f 2333/2338/2898 2315/2344/2898 2314/2343/2891 2332/2336/2890
f 2334/2339/2892 2316/2345/2893 2315/2344/2898 2333/2338/2898
f 2335/2340/2895 2317/2346/2894 2316/2345/2894 2334/2339/2892
f 2336/2335/2897 2318/2342/2897 2317/2346/2896 2335/2340/2895
o Glow_|_left_barrel_slot_5
v 0.550513 0.115848 -0.017148
v 0.550513 0.115848 -0.012763
v 0.550513 0.112051 -0.010571
v 0.550513 0.108254 -0.012763
v 0.550513 0.108254 -0.017148
v 0.550513 0.112051 -0.019340
v 0.523718 0.115848 -0.017148
v 0.523718 0.115848 -0.012763
v 0.523718 0.112051 -0.010571
v 0.523718 0.108254 -0.012763
v 0.523718 0.108254 -0.017148
v 0.523718 0.112051 -0.019340
v 0.532989 0.115848 -0.017148
v 0.532989 0.115848 -0.012763
v 0.532989 0.112051 -0.010571
v 0.532989 0.108254 -0.012763
v 0.532989 0.108254 -0.017148
v 0.532989 0.112051 -0.019340
v 0.541241 0.115848 -0.017148
v 0.541241 0.115848 -0.012763
v 0.541241 0.112051 -0.010571
v 0.541241 0.108254 -0.012763
v 0.541241 0.108254 -0.017148
v 0.541241 0.112051 -0.019340
vn 1.0000 -0.0000 -0.0000
vn -1.0000 -0.0000 -0.0000
vn -0.0000 0.8660 -0.5000
vn -0.0000 -0.0000 -1.0000
vn -0.0000 0.5000 -0.8660
vn -0.0000 0.8660 0.5000
vn -0.0000 0.5000 0.8660
vn -0.0000 -0.0000 1.0000
vn -0.0000 -0.8660 0.5000
vn -0.0000 -0.5000 0.8660
vn -0.0000 -1.0000 -0.0000
vn -0.0000 -0.5000 -0.8660
vt 1.000000 0.000000
vt 0.600000 0.000000
vt 0.800000 0.000000
vt 0.400000 0.000000
vt 0.000000 0.000000
vt 0.200000 0.000000
vt 0.000000 1.000000
vt 0.333333 1.000000
vt 0.333333 0.833333
vt 0.000000 0.833333
vt 0.000000 0.166667
vt 0.333333 0.166667
vt 0.333333 0.000000
vt 0.000000 0.333333
vt 0.333333 0.333333
vt 0.000000 0.500000
vt 0.333333 0.500000
vt 0.000000 0.666667
vt 0.333333 0.666667
vt 0.666667 1.000000
vt 0.666667 0.833333
vt 0.666667 0.166667
vt 0.666667 0.000000
vt 0.666667 0.333333
vt 0.666667 0.500000
vt 0.666667 0.666667
vt 1.000000 1.000000
vt 1.000000 0.833333
vt 1.000000 0.166667
vt 1.000000 0.333333
vt 1.000000 0.500000
vt 1.000000 0.666667
s 1
usemtl Glow_|_orange_neon
f 2342/2347/2900 2340/2348/2900 2341/2349/2900
f 2342/2347/2900 2339/2350/2900 2340/2348/2900
f 2337/2351/2900 2339/2350/2900 2342/2347/2900
f 2337/2351/2900 2338/2352/2900 2339/2350/2900
f 2345/2350/2901 2347/2349/2901 2346/2348/2901
f 2345/2350/2901 2348/2347/2901 2347/2349/2901
f 2344/2352/2901 2348/2347/2901 2345/2350/2901
f 2344/2352/2901 2343/2351/2901 2348/2347/2901
f 2343/2353/2902 2349/2354/2902 2354/2355/2903 2348/2356/2904
f 2344/2357/2905 2350/2358/2905 2349/2359/2902 2343/2351/2902
f 2345/2360/2906 2351/2361/2907 2350/2358/2905 2344/2357/2905
f 2346/2362/2908 2352/2363/2908 2351/2361/2907 2345/2360/2909
f 2347/2364/2910 2353/2365/2910 2352/2363/2908 2346/2362/2908
f 2348/2356/2911 2354/2355/2903 2353/2365/2911 2347/2364/2911
f 2349/2354/2902 2355/2366/2902 2360/2367/2903 2354/2355/2903
f 2350/2358/2905 2356/2368/2905 2355/2369/2902 2349/2359/2902
f 2351/2361/2907 2357/2370/2907 2356/2368/2905 2350/2358/2905
f 2352/2363/2908 2358/2371/2908 2357/2370/2907 2351/2361/2907
f 2353/2365/2910 2359/2372/2910 2358/2371/2908 2352/2363/2908
f 2354/2355/2903 2360/2367/2903 2359/2372/2911 2353/2365/2911
f 2355/2366/2902 2337/2373/2902 2342/2374/2904 2360/2367/2903
f 2356/2368/2905 2338/2375/2905 2337/2347/2902 2355/2369/2902
f 2357/2370/2907 2339/2376/2906 2338/2375/2905 2356/2368/2905
f 2358/2371/2908 2340/2377/2908 2339/2376/2909 2357/2370/2907
f 2359/2372/2910 2341/2378/2910 2340/2377/2908 2358/2371/2908
f 2360/2367/2903 2342/2374/2911 2341/2378/2911 2359/2372/2911
o Glow_|_left_barrel_slot_6
v 0.604103 0.115848 -0.017148
v 0.604103 0.115848 -0.012763
v 0.604103 0.112051 -0.010571
v 0.604103 0.108254 -0.012763
v 0.604103 0.108254 -0.017148
v 0.604103 0.112051 -0.019340
v 0.577308 0.115848 -0.017148
v 0.577308 0.115848 -0.012763
v 0.577308 0.112051 -0.010571
v 0.577308 0.108254 -0.012763
v 0.577308 0.108254 -0.017148
v 0.577308 0.112051 -0.019340
v 0.586579 0.115848 -0.017148
v 0.586579 0.115848 -0.012763
v 0.586579 0.112051 -0.010571
v 0.586579 0.108254 -0.012763
v 0.586579 0.108254 -0.017148
v 0.586579 0.112051 -0.019340
v 0.594831 0.115848 -0.017148
v 0.594831 0.115848 -0.012763
v 0.594831 0.112051 -0.010571
v 0.594831 0.108254 -0.012763
v 0.594831 0.108254 -0.017148
v 0.594831 0.112051 -0.019340
vn 1.0000 -0.0000 -0.0000
vn -1.0000 -0.0000 -0.0000
vn -0.0000 0.8660 -0.5000
vn -0.0000 -0.0000 -1.0000
vn -0.0000 0.5000 -0.8660
vn -0.0000 0.8660 0.5000
vn -0.0000 0.5000 0.8660
vn -0.0000 -0.0000 1.0000
vn -0.0000 -0.8660 0.5000
vn -0.0000 -0.5000 0.8660
vn -0.0000 -1.0000 -0.0000
vn -0.0000 -0.5000 -0.8660
vn -0.0000 -0.8660 -0.5000
vt 1.000000 0.000000
vt 0.600000 0.000000
vt 0.800000 0.000000
vt 0.400000 0.000000
vt 0.000000 0.000000
vt 0.200000 0.000000
vt 0.000000 1.000000
vt 0.333333 1.000000
vt 0.333333 0.833333
vt 0.000000 0.833333
vt 0.000000 0.166667
vt 0.333333 0.166667
vt 0.333333 0.000000
vt 0.000000 0.333333
vt 0.333333 0.333333
vt 0.000000 0.500000
vt 0.333333 0.500000
vt 0.000000 0.666667
vt 0.333333 0.666667
vt 0.666667 1.000000
vt 0.666667 0.833333
vt 0.666667 0.166667
vt 0.666667 0.000000
vt 0.666667 0.333333
vt 0.666667 0.500000
vt 0.666667 0.666667
vt 1.000000 1.000000
vt 1.000000 0.833333
vt 1.000000 0.166667
vt 1.000000 0.333333
vt 1.000000 0.500000
vt 1.000000 0.666667
s 1
usemtl Glow_|_orange_neon
f 2366/2379/2912 2364/2380/2912 2365/2381/2912
f 2366/2379/2912 2363/2382/2912 2364/2380/2912
f 2361/2383/2912 2363/2382/2912 2366/2379/2912
f 2361/2383/2912 2362/2384/2912 2363/2382/2912
f 2369/2382/2913 2371/2381/2913 2370/2380/2913
f 2369/2382/2913 2372/2379/2913 2371/2381/2913
f 2368/2384/2913 2372/2379/2913 2369/2382/2913
f 2368/2384/2913 2367/2383/2913 2372/2379/2913
f 2367/2385/2914 2373/2386/2914 2378/2387/2915 2372/2388/2916
f 2368/2389/2917 2374/2390/2917 2373/2391/2914 2367/2383/2914
f 2369/2392/2918 2375/2393/2919 2374/2390/2917 2368/2389/2917
f 2370/2394/2920 2376/2395/2920 2375/2393/2919 2369/2392/2921
f 2371/2396/2922 2377/2397/2922 2376/2395/2920 2370/2394/2920
f 2372/2388/2923 2378/2387/2915 2377/2397/2923 2371/2396/2923
f 2373/2386/2914 2379/2398/2914 2384/2399/2915 2378/2387/2915
f 2374/2390/2917 2380/2400/2917 2379/2401/2914 2373/2391/2914
f 2375/2393/2919 2381/2402/2919 2380/2400/2917 2374/2390/2917
f 2376/2395/2920 2382/2403/2920 2381/2402/2919 2375/2393/2919
f 2377/2397/2922 2383/2404/2924 2382/2403/2920 2376/2395/2920
f 2378/2387/2915 2384/2399/2915 2383/2404/2924 2377/2397/2923
f 2379/2398/2914 2361/2405/2914 2366/2406/2916 2384/2399/2915
f 2380/2400/2917 2362/2407/2917 2361/2379/2914 2379/2401/2914
f 2381/2402/2919 2363/2408/2918 2362/2407/2917 2380/2400/2917
f 2382/2403/2920 2364/2409/2920 2363/2408/2921 2381/2402/2919
f 2383/2404/2924 2365/2410/2924 2364/2409/2920 2382/2403/2920
f 2384/2399/2915 2366/2406/2923 2365/2410/2924 2383/2404/2924
o Glow_|_left_receiver_ring
v 0.072151 0.092527 -0.026705
v 0.072151 0.092527 -0.023295
v 0.069422 0.091397 -0.021590
v 0.066694 0.090266 -0.023295
v 0.066694 0.090266 -0.026705
v 0.069422 0.091397 -0.028410
v 0.073292 0.089316 -0.026705
v 0.073292 0.089316 -0.023295
v 0.070445 0.088530 -0.021590
v 0.067598 0.087744 -0.023295
v 0.067598 0.087744 -0.026705
v 0.070445 0.088530 -0.028410
v 0.073907 0.086223 -0.026705
v 0.073907 0.086223 -0.023295
v 0.070976 0.085860 -0.021590
v 0.068045 0.085498 -0.023295
v 0.068045 0.085498 -0.026705
v 0.070976 0.085860 -0.028410
v 0.074082 0.082821 -0.026705
v 0.074082 0.082821 -0.023295
v 0.071128 0.082821 -0.021590
v 0.068175 0.082821 -0.023295
v 0.068175 0.082821 -0.026705
v 0.071128 0.082821 -0.028410
v 0.073907 0.079418 -0.026705
v 0.073907 0.079418 -0.023295
v 0.070976 0.079781 -0.021590
v 0.068045 0.080144 -0.023295
v 0.068045 0.080144 -0.026705
v 0.070976 0.079781 -0.028410
v 0.073292 0.076325 -0.026705
v 0.073292 0.076325 -0.023295
v 0.070445 0.077111 -0.021590
v 0.067598 0.077897 -0.023295
v 0.067598 0.077897 -0.026705
v 0.070445 0.077111 -0.028410
v 0.072151 0.073114 -0.026705
v 0.072151 0.073114 -0.023295
v 0.069422 0.074244 -0.021590
v 0.066694 0.075375 -0.023295
v 0.066694 0.075375 -0.026705
v 0.069422 0.074244 -0.028410
v 0.070688 0.070037 -0.026705
v 0.070688 0.070037 -0.023295
v 0.068119 0.071494 -0.021590
v 0.065550 0.072951 -0.023295
v 0.065550 0.072951 -0.026705
v 0.068119 0.071494 -0.028410
v 0.068935 0.067415 -0.026705
v 0.068935 0.067415 -0.023295
v 0.066606 0.069231 -0.021590
v 0.064277 0.071047 -0.023295
v 0.064277 0.071047 -0.026705
v 0.066606 0.069231 -0.028410
v 0.066653 0.064886 -0.026705
v 0.066653 0.064886 -0.023295
v 0.064564 0.066974 -0.021590
v 0.062476 0.069062 -0.023295
v 0.062476 0.069062 -0.026705
v 0.064564 0.066974 -0.028410
v 0.064123 0.062603 -0.026705
v 0.064124 0.062603 -0.023295
v 0.062307 0.064932 -0.021590
v 0.060491 0.067261 -0.023295
v 0.060491 0.067261 -0.026705
v 0.062307 0.064932 -0.028410
v 0.061501 0.060851 -0.026705
v 0.061501 0.060851 -0.023295
v 0.060044 0.063420 -0.021590
v 0.058587 0.065989 -0.023295
v 0.058587 0.065989 -0.026705
v 0.060044 0.063420 -0.028410
v 0.058424 0.059388 -0.026705
v 0.058424 0.059388 -0.023295
v 0.057294 0.062116 -0.021590
v 0.056164 0.064845 -0.023295
v 0.056164 0.064845 -0.026705
v 0.057294 0.062116 -0.028410
v 0.055214 0.058247 -0.026705
v 0.055214 0.058247 -0.023295
v 0.054427 0.061093 -0.021590
v 0.053641 0.063940 -0.023295
v 0.053641 0.063940 -0.026705
v 0.054427 0.061093 -0.028410
v 0.052121 0.057631 -0.026705
v 0.052121 0.057631 -0.023295
v 0.051758 0.060562 -0.021590
v 0.051395 0.063493 -0.023295
v 0.051395 0.063493 -0.026705
v 0.051758 0.060562 -0.028410
v 0.048718 0.057457 -0.026705
v 0.048718 0.057457 -0.023295
v 0.048718 0.060410 -0.021590
v 0.048718 0.063364 -0.023295
v 0.048718 0.063364 -0.026705
v 0.048718 0.060410 -0.028410
v 0.045315 0.057631 -0.026705
v 0.045315 0.057631 -0.023295
v 0.045678 0.060562 -0.021590
v 0.046041 0.063493 -0.023295
v 0.046041 0.063493 -0.026705
v 0.045678 0.060562 -0.028410
v 0.042222 0.058247 -0.026705
v 0.042222 0.058247 -0.023295
v 0.043008 0.061093 -0.021590
v 0.043795 0.063940 -0.023295
v 0.043795 0.063940 -0.026705
v 0.043008 0.061093 -0.028410
v 0.039012 0.059388 -0.026705
v 0.039012 0.059388 -0.023295
v 0.040142 0.062116 -0.021590
v 0.041272 0.064845 -0.023295
v 0.041272 0.064845 -0.026705
v 0.040142 0.062116 -0.028410
v 0.035935 0.060851 -0.026705
v 0.035935 0.060851 -0.023295
v 0.037392 0.063420 -0.021590
v 0.038848 0.065989 -0.023295
v 0.038848 0.065989 -0.026705
v 0.037392 0.063420 -0.028410
v 0.033312 0.062603 -0.026705
v 0.033312 0.062603 -0.023295
v 0.035128 0.064932 -0.021590
v 0.036944 0.067261 -0.023295
v 0.036944 0.067261 -0.026705
v 0.035128 0.064932 -0.028410
v 0.030783 0.064886 -0.026705
v 0.030783 0.064886 -0.023295
v 0.032872 0.066974 -0.021590
v 0.034960 0.069062 -0.023295
v 0.034960 0.069062 -0.026705
v 0.032872 0.066974 -0.028410
v 0.028500 0.067415 -0.026705
v 0.028500 0.067415 -0.023295
v 0.030830 0.069231 -0.021590
v 0.033159 0.071047 -0.023295
v 0.033159 0.071047 -0.026705
v 0.030830 0.069231 -0.028410
v 0.026748 0.070037 -0.026705
v 0.026748 0.070037 -0.023295
v 0.029317 0.071494 -0.021590
v 0.031886 0.072951 -0.023295
v 0.031886 0.072951 -0.026705
v 0.029317 0.071494 -0.028410
v 0.025285 0.073114 -0.026705
v 0.025285 0.073114 -0.023295
v 0.028014 0.074244 -0.021590
v 0.030742 0.075375 -0.023295
v 0.030742 0.075375 -0.026705
v 0.028014 0.074244 -0.028410
v 0.024144 0.076325 -0.026705
v 0.024144 0.076325 -0.023295
v 0.026991 0.077111 -0.021590
v 0.029837 0.077897 -0.023295
v 0.029837 0.077897 -0.026705
v 0.026991 0.077111 -0.028410
v 0.023529 0.079418 -0.026705
v 0.023529 0.079418 -0.023295
v 0.026460 0.079781 -0.021590
v 0.029391 0.080144 -0.023295
v 0.029391 0.080144 -0.026705
v 0.026460 0.079781 -0.028410
v 0.023354 0.082821 -0.026705
v 0.023354 0.082821 -0.023295
v 0.026308 0.082821 -0.021590
v 0.029261 0.082821 -0.023295
v 0.029261 0.082821 -0.026705
v 0.026308 0.082821 -0.028410
v 0.023529 0.086223 -0.026705
v 0.023529 0.086223 -0.023295
v 0.026460 0.085860 -0.021590
v 0.029391 0.085498 -0.023295
v 0.029391 0.085498 -0.026705
v 0.026460 0.085860 -0.028410
v 0.024144 0.089316 -0.026705
v 0.024144 0.089316 -0.023295
v 0.026991 0.088530 -0.021590
v 0.029837 0.087744 -0.023295
v 0.029837 0.087744 -0.026705
v 0.026991 0.088530 -0.028410
v 0.025285 0.092527 -0.026705
v 0.025285 0.092527 -0.023295
v 0.028014 0.091397 -0.021590
v 0.030742 0.090266 -0.023295
v 0.030742 0.090266 -0.026705
v 0.028014 0.091397 -0.028410
v 0.026748 0.095604 -0.026705
v 0.026748 0.095604 -0.023295
v 0.029317 0.094147 -0.021590
v 0.031886 0.092690 -0.023295
v 0.031886 0.092690 -0.026705
v 0.029317 0.094147 -0.028410
v 0.028500 0.098226 -0.026705
v 0.028500 0.098226 -0.023295
v 0.030830 0.096410 -0.021590
v 0.033159 0.094594 -0.023295
v 0.033159 0.094594 -0.026705
v 0.030830 0.096410 -0.028410
v 0.030783 0.100755 -0.026705
v 0.030783 0.100755 -0.023295
v 0.032872 0.098667 -0.021590
v 0.034960 0.096579 -0.023295
v 0.034960 0.096579 -0.026705
v 0.032872 0.098667 -0.028410
v 0.033312 0.103038 -0.026705
v 0.033312 0.103038 -0.023295
v 0.035128 0.100709 -0.021590
v 0.036944 0.098380 -0.023295
v 0.036944 0.098380 -0.026705
v 0.035128 0.100709 -0.028410
v 0.035935 0.104790 -0.026705
v 0.035935 0.104790 -0.023295
v 0.037392 0.102221 -0.021590
v 0.038848 0.099652 -0.023295
v 0.038848 0.099652 -0.026705
v 0.037392 0.102221 -0.028410
v 0.039012 0.106253 -0.026705
v 0.039012 0.106253 -0.023295
v 0.040142 0.103525 -0.021590
v 0.041272 0.100796 -0.023295
v 0.041272 0.100796 -0.026705
v 0.040142 0.103525 -0.028410
v 0.042222 0.107395 -0.026705
v 0.042222 0.107395 -0.023295
v 0.043008 0.104548 -0.021590
v 0.043795 0.101701 -0.023295
v 0.043795 0.101701 -0.026705
v 0.043008 0.104548 -0.028410
v 0.045315 0.108010 -0.026705
v 0.045315 0.108010 -0.023295
v 0.045678 0.105079 -0.021590
v 0.046041 0.102148 -0.023295
v 0.046041 0.102148 -0.026705
v 0.045678 0.105079 -0.028410
v 0.048718 0.108184 -0.026705
v 0.048718 0.108184 -0.023295
v 0.048718 0.105231 -0.021590
v 0.048718 0.102277 -0.023295
v 0.048718 0.102277 -0.026705
v 0.048718 0.105231 -0.028410
v 0.052121 0.108010 -0.026705
v 0.052121 0.108010 -0.023295
v 0.051758 0.105079 -0.021590
v 0.051395 0.102148 -0.023295
v 0.051395 0.102148 -0.026705
v 0.051758 0.105079 -0.028410
v 0.055214 0.107395 -0.026705
v 0.055214 0.107395 -0.023295
v 0.054427 0.104548 -0.021590
v 0.053641 0.101701 -0.023295
v 0.053641 0.101701 -0.026705
v 0.054427 0.104548 -0.028410
v 0.058424 0.106253 -0.026705
v 0.058424 0.106253 -0.023295
v 0.057294 0.103525 -0.021590
v 0.056164 0.100796 -0.023295
v 0.056164 0.100796 -0.026705
v 0.057294 0.103525 -0.028410
v 0.061501 0.104790 -0.026705
v 0.061501 0.104790 -0.023295
v 0.060044 0.102221 -0.021590
v 0.058587 0.099652 -0.023295
v 0.058587 0.099652 -0.026705
v 0.060044 0.102221 -0.028410
v 0.064124 0.103038 -0.026705
v 0.064123 0.103038 -0.023295
v 0.062307 0.100709 -0.021590
v 0.060491 0.098380 -0.023295
v 0.060491 0.098380 -0.026705
v 0.062307 0.100709 -0.028410
v 0.066653 0.100755 -0.026705
v 0.066653 0.100755 -0.023295
v 0.064564 0.098667 -0.021590
v 0.062476 0.096579 -0.023295
v 0.062476 0.096579 -0.026705
v 0.064564 0.098667 -0.028410
v 0.068935 0.098226 -0.026705
v 0.068935 0.098226 -0.023295
v 0.066606 0.096410 -0.021590
v 0.064277 0.094594 -0.023295
v 0.064277 0.094594 -0.026705
v 0.066606 0.096410 -0.028410
v 0.070688 0.095604 -0.026705
v 0.070688 0.095604 -0.023295
v 0.068119 0.094147 -0.021590
v 0.065550 0.092690 -0.023295
v 0.065550 0.092690 -0.026705
v 0.068119 0.094147 -0.028410
vn 0.8038 0.3330 -0.4930
vn 0.8402 0.2317 -0.4903
vn 0.4819 0.1329 -0.8661
vn 0.4622 0.1914 -0.8659
vn 0.8038 0.3330 0.4930
vn 0.8402 0.2316 0.4903
vn 0.4622 0.1914 0.8659
vn 0.4819 0.1329 0.8661
vn -0.7965 -0.3299 0.5066
vn -0.8287 -0.2295 0.5105
vn -0.4818 -0.1333 0.8661
vn -0.4622 -0.1915 0.8659
vn -0.7965 -0.3299 -0.5066
vn -0.8287 -0.2295 -0.5105
vn -0.4622 -0.1914 -0.8659
vn -0.4818 -0.1333 -0.8661
vn 0.8649 0.1075 -0.4903
vn 0.4961 0.0616 -0.8661
vn 0.8649 0.1075 0.4903
vn 0.4961 0.0616 0.8661
vn -0.8534 -0.1051 0.5105
vn -0.4961 -0.0612 0.8661
vn -0.8534 -0.1051 -0.5105
vn -0.4961 -0.0612 -0.8661
vn 0.8701 -0.0000 -0.4930
vn 0.5003 -0.0000 -0.8659
vn 0.8701 -0.0000 0.4930
vn 0.5003 -0.0000 0.8659
vn -0.8622 -0.0000 0.5066
vn -0.5003 -0.0000 0.8659
vn -0.8622 -0.0000 -0.5066
vn -0.5003 -0.0000 -0.8659
vn 0.8649 -0.1075 -0.4903
vn 0.4961 -0.0616 -0.8661
vn 0.8649 -0.1075 0.4903
vn 0.4961 -0.0616 0.8661
vn -0.8534 0.1051 0.5105
vn -0.4961 0.0612 0.8661
vn -0.8534 0.1051 -0.5105
vn -0.4961 0.0612 -0.8661
vn 0.8402 -0.2317 -0.4903
vn 0.4819 -0.1329 -0.8661
vn 0.8402 -0.2317 0.4903
vn 0.4819 -0.1329 0.8661
vn -0.8287 0.2295 0.5105
vn -0.4818 0.1333 0.8661
vn -0.8287 0.2295 -0.5105
vn -0.4818 0.1333 -0.8661
vn 0.8038 -0.3330 -0.4930
vn 0.4622 -0.1914 -0.8659
vn 0.8038 -0.3330 0.4930
vn 0.4622 -0.1914 0.8659
vn -0.7965 0.3299 0.5066
vn -0.4622 0.1915 0.8659
vn -0.7965 0.3299 -0.5066
vn -0.4622 0.1915 -0.8659
vn 0.7579 -0.4303 -0.4903
vn 0.4347 -0.2467 -0.8661
vn 0.7579 -0.4303 0.4903
vn 0.4347 -0.2467 0.8661
vn -0.7482 0.4237 0.5105
vn -0.4349 0.2464 0.8661
vn -0.7482 0.4237 -0.5105
vn -0.4349 0.2464 -0.8661
vn 0.6876 -0.5355 -0.4903
vn 0.3943 -0.3072 -0.8661
vn 0.6876 -0.5355 0.4903
vn 0.3943 -0.3072 0.8661
vn -0.6777 0.5292 0.5105
vn -0.3941 0.3075 0.8661
vn -0.6777 0.5292 -0.5105
vn -0.3941 0.3075 -0.8661
vn 0.6152 -0.6152 -0.4930
vn 0.3537 -0.3537 -0.8659
vn 0.6152 -0.6152 0.4930
vn 0.3537 -0.3537 0.8659
vn -0.6096 0.6096 0.5066
vn -0.3538 0.3538 0.8659
vn -0.6096 0.6096 -0.5066
vn -0.3538 0.3538 -0.8659
vn 0.5355 -0.6876 -0.4903
vn 0.3072 -0.3943 -0.8661
vn 0.5355 -0.6876 0.4903
vn 0.3072 -0.3943 0.8661
vn -0.5292 0.6777 0.5105
vn -0.3075 0.3941 0.8661
vn -0.5292 0.6777 -0.5105
vn -0.3075 0.3941 -0.8661
vn 0.4303 -0.7579 -0.4903
vn 0.2467 -0.4347 -0.8661
vn 0.4303 -0.7579 0.4903
vn 0.2467 -0.4347 0.8661
vn -0.4237 0.7482 0.5105
vn -0.2464 0.4349 0.8661
vn -0.4237 0.7482 -0.5105
vn -0.2464 0.4349 -0.8661
vn 0.3330 -0.8038 -0.4930
vn 0.1914 -0.4622 -0.8659
vn 0.3330 -0.8038 0.4930
vn 0.1914 -0.4622 0.8659
vn -0.3299 0.7965 0.5066
vn -0.1915 0.4622 0.8659
vn -0.3299 0.7965 -0.5066
vn -0.1915 0.4622 -0.8659
vn 0.2316 -0.8402 -0.4903
vn 0.1329 -0.4819 -0.8661
vn 0.2317 -0.8402 0.4903
vn 0.1329 -0.4819 0.8661
vn -0.2295 0.8287 0.5105
vn -0.1333 0.4818 0.8661
vn -0.2295 0.8287 -0.5105
vn -0.1333 0.4818 -0.8661
vn 0.1075 -0.8649 -0.4903
vn 0.0616 -0.4961 -0.8661
vn 0.1075 -0.8649 0.4903
vn 0.0616 -0.4961 0.8661
vn -0.1051 0.8534 0.5105
vn -0.0612 0.4961 0.8661
vn -0.1051 0.8534 -0.5105
vn -0.0612 0.4961 -0.8661
vn -0.0000 -0.8701 -0.4930
vn -0.0000 -0.5003 -0.8659
vn -0.0000 -0.8701 0.4930
vn -0.0000 -0.5003 0.8659
vn -0.0000 0.8622 0.5066
vn -0.0000 0.5003 0.8659
vn -0.0000 0.8622 -0.5066
vn -0.0000 0.5003 -0.8659
vn -0.1075 -0.8649 -0.4903
vn -0.0616 -0.4961 -0.8661
vn -0.1075 -0.8649 0.4903
vn -0.0616 -0.4961 0.8661
vn 0.1051 0.8534 0.5105
vn 0.0612 0.4961 0.8661
vn 0.1051 0.8534 -0.5105
vn 0.0612 0.4961 -0.8661
vn -0.2316 -0.8402 -0.4903
vn -0.1329 -0.4819 -0.8661
vn -0.2316 -0.8402 0.4903
vn -0.1329 -0.4819 0.8661
vn 0.2295 0.8287 0.5105
vn 0.1333 0.4818 0.8661
vn 0.2295 0.8287 -0.5105
vn 0.1333 0.4818 -0.8661
vn -0.3330 -0.8038 -0.4930
vn -0.1914 -0.4622 -0.8659
vn -0.3330 -0.8038 0.4930
vn -0.1914 -0.4622 0.8659
vn 0.3299 0.7965 0.5066
vn 0.1915 0.4622 0.8659
vn 0.3299 0.7965 -0.5066
vn 0.1915 0.4622 -0.8659
vn -0.4303 -0.7579 -0.4903
vn -0.2467 -0.4347 -0.8661
vn -0.4303 -0.7579 0.4903
vn -0.2467 -0.4347 0.8661
vn 0.4237 0.7482 0.5105
vn 0.2464 0.4349 0.8661
vn 0.4237 0.7482 -0.5105
vn 0.2464 0.4349 -0.8661
vn -0.5355 -0.6876 -0.4903
vn -0.3072 -0.3943 -0.8661
vn -0.5355 -0.6876 0.4903
vn -0.3072 -0.3943 0.8661
vn 0.5292 0.6777 0.5105
vn 0.3075 0.3941 0.8661
vn 0.5292 0.6777 -0.5105
vn 0.3075 0.3941 -0.8661
vn -0.6152 -0.6152 -0.4930
vn -0.3537 -0.3537 -0.8659
vn -0.6152 -0.6152 0.4930
vn -0.3537 -0.3537 0.8659
vn 0.6096 0.6096 0.5066
vn 0.3538 0.3538 0.8659
vn 0.6096 0.6096 -0.5066
vn 0.3538 0.3538 -0.8659
vn -0.6876 -0.5355 -0.4903
vn -0.3943 -0.3072 -0.8661
vn -0.6876 -0.5355 0.4903
vn -0.3943 -0.3072 0.8661
vn 0.6777 0.5292 0.5105
vn 0.3941 0.3075 0.8661
vn 0.6777 0.5292 -0.5105
vn 0.3941 0.3075 -0.8661
vn -0.7579 -0.4303 -0.4903
vn -0.4347 -0.2467 -0.8661
vn -0.7579 -0.4303 0.4903
vn -0.4347 -0.2467 0.8661
vn 0.7482 0.4237 0.5105
vn 0.4349 0.2464 0.8661
vn 0.7482 0.4237 -0.5105
vn 0.4349 0.2464 -0.8661
vn -0.8038 -0.3330 -0.4930
vn -0.8038 -0.3330 0.4930
vn -0.4622 -0.1914 0.8659
vn 0.7965 0.3299 0.5066
vn 0.4622 0.1915 0.8659
vn 0.7965 0.3299 -0.5066
vn 0.4622 0.1915 -0.8659
vn -0.8402 -0.2316 -0.4903
vn -0.4819 -0.1329 -0.8661
vn -0.8402 -0.2316 0.4903
vn -0.4819 -0.1329 0.8661
vn 0.8287 0.2295 0.5105
vn 0.4818 0.1333 0.8661
vn 0.8287 0.2295 -0.5105
vn 0.4818 0.1333 -0.8661
vn -0.8649 -0.1075 -0.4903
vn -0.4961 -0.0616 -0.8661
vn -0.8649 -0.1075 0.4903
vn -0.4961 -0.0616 0.8661
vn 0.8534 0.1051 0.5105
vn 0.4961 0.0612 0.8661
vn 0.8534 0.1051 -0.5105
vn 0.4961 0.0612 -0.8661
vn -0.8701 -0.0000 -0.4930
vn -0.8701 -0.0000 0.4930
vn 0.8622 -0.0000 0.5066
vn 0.8622 -0.0000 -0.5066
vn -0.8649 0.1075 -0.4903
vn -0.4961 0.0616 -0.8661
vn -0.8649 0.1075 0.4903
vn -0.4961 0.0616 0.8661
vn 0.8534 -0.1051 0.5105
vn 0.4961 -0.0612 0.8661
vn 0.8534 -0.1051 -0.5105
vn 0.4961 -0.0612 -0.8661
vn -0.8402 0.2317 -0.4903
vn -0.4819 0.1329 -0.8661
vn -0.8402 0.2317 0.4903
vn -0.4819 0.1329 0.8661
vn 0.8287 -0.2295 0.5105
vn 0.4818 -0.1333 0.8661
vn 0.8287 -0.2295 -0.5105
vn 0.4818 -0.1333 -0.8661
vn -0.8038 0.3330 -0.4930
vn -0.4622 0.1914 -0.8659
vn -0.8038 0.3330 0.4930
vn -0.4622 0.1914 0.8659
vn 0.7965 -0.3299 0.5066
vn 0.4622 -0.1915 0.8659
vn 0.7965 -0.3299 -0.5066
vn 0.4622 -0.1915 -0.8659
vn -0.7579 0.4303 -0.4903
vn -0.4347 0.2467 -0.8661
vn -0.7579 0.4303 0.4903
vn -0.4347 0.2467 0.8661
vn 0.7482 -0.4237 0.5105
vn 0.4349 -0.2464 0.8661
vn 0.7482 -0.4237 -0.5105
vn 0.4349 -0.2464 -0.8661
vn -0.6876 0.5355 -0.4903
vn -0.3943 0.3072 -0.8661
vn -0.6876 0.5355 0.4903
vn -0.3943 0.3072 0.8661
vn 0.6777 -0.5292 0.5105
vn 0.3941 -0.3075 0.8661
vn 0.6777 -0.5292 -0.5105
vn 0.3941 -0.3075 -0.8661
vn -0.6152 0.6152 -0.4930
vn -0.3537 0.3537 -0.8659
vn -0.6152 0.6152 0.4930
vn -0.3537 0.3537 0.8659
vn 0.6096 -0.6096 0.5066
vn 0.3538 -0.3538 0.8659
vn 0.6096 -0.6096 -0.5066
vn 0.3538 -0.3538 -0.8659
vn -0.5355 0.6876 -0.4903
vn -0.3072 0.3943 -0.8661
vn -0.5355 0.6876 0.4903
vn -0.3072 0.3943 0.8661
vn 0.5292 -0.6777 0.5105
vn 0.3075 -0.3941 0.8661
vn 0.5292 -0.6777 -0.5105
vn 0.3075 -0.3941 -0.8661
vn -0.4303 0.7579 -0.4903
vn -0.2467 0.4347 -0.8661
vn -0.4303 0.7579 0.4903
vn -0.2467 0.4347 0.8661
vn 0.4237 -0.7482 0.5105
vn 0.2464 -0.4349 0.8661
vn 0.4237 -0.7482 -0.5105
vn 0.2464 -0.4349 -0.8661
vn -0.3330 0.8038 -0.4930
vn -0.1914 0.4622 -0.8659
vn -0.3330 0.8038 0.4930
vn -0.1914 0.4622 0.8659
vn 0.3299 -0.7965 0.5066
vn 0.1915 -0.4622 0.8659
vn 0.3299 -0.7965 -0.5066
vn 0.1915 -0.4622 -0.8659
vn -0.2317 0.8402 -0.4903
vn -0.1329 0.4819 -0.8661
vn -0.2317 0.8402 0.4903
vn -0.1329 0.4819 0.8661
vn 0.2295 -0.8287 0.5105
vn 0.1333 -0.4818 0.8661
vn 0.2295 -0.8287 -0.5105
vn 0.1333 -0.4818 -0.8661
vn -0.1075 0.8649 -0.4903
vn -0.0616 0.4961 -0.8661
vn -0.1075 0.8649 0.4903
vn -0.0616 0.4961 0.8661
vn 0.1051 -0.8534 0.5105
vn 0.0612 -0.4961 0.8661
vn 0.1051 -0.8534 -0.5105
vn 0.0612 -0.4961 -0.8661
vn -0.0000 0.8701 -0.4930
vn -0.0000 0.8701 0.4930
vn -0.0000 -0.8622 0.5066
vn -0.0000 -0.8622 -0.5066
vn 0.1075 0.8649 -0.4903
vn 0.0616 0.4961 -0.8661
vn 0.1075 0.8649 0.4903
vn 0.0616 0.4961 0.8661
vn -0.1051 -0.8534 0.5105
vn -0.0612 -0.4961 0.8661
vn -0.1051 -0.8534 -0.5105
vn -0.0612 -0.4961 -0.8661
vn 0.2317 0.8402 -0.4903
vn 0.1329 0.4819 -0.8661
vn 0.2316 0.8402 0.4903
vn 0.1329 0.4819 0.8661
vn -0.2295 -0.8287 0.5105
vn -0.1333 -0.4818 0.8661
vn -0.2295 -0.8287 -0.5105
vn -0.1333 -0.4818 -0.8661
vn 0.3330 0.8038 -0.4930
vn 0.1914 0.4622 -0.8659
vn 0.3330 0.8038 0.4930
vn 0.1914 0.4622 0.8659
vn -0.3299 -0.7965 0.5066
vn -0.1915 -0.4622 0.8659
vn -0.3299 -0.7965 -0.5066
vn -0.1915 -0.4622 -0.8659
vn 0.4303 0.7579 -0.4903
vn 0.2467 0.4347 -0.8661
vn 0.4303 0.7579 0.4903
vn 0.2467 0.4347 0.8661
vn -0.4237 -0.7482 0.5105
vn -0.2464 -0.4349 0.8661
vn -0.4237 -0.7482 -0.5105
vn -0.2464 -0.4349 -0.8661
vn 0.5355 0.6876 -0.4903
vn 0.3072 0.3943 -0.8661
vn 0.5355 0.6876 0.4903
vn 0.3072 0.3943 0.8661
vn -0.5292 -0.6777 0.5105
vn -0.3075 -0.3941 0.8661
vn -0.5292 -0.6777 -0.5105
vn -0.3075 -0.3941 -0.8661
vn 0.6152 0.6152 -0.4930
vn 0.3537 0.3537 -0.8659
vn 0.6152 0.6152 0.4930
vn 0.3537 0.3537 0.8659
vn -0.6096 -0.6096 0.5066
vn -0.3538 -0.3538 0.8659
vn -0.6096 -0.6096 -0.5066
vn -0.3538 -0.3538 -0.8659
vn 0.6876 0.5355 -0.4903
vn 0.3943 0.3072 -0.8661
vn 0.6876 0.5355 0.4903
vn 0.3943 0.3072 0.8661
vn -0.6777 -0.5292 0.5105
vn -0.3941 -0.3075 0.8661
vn -0.6777 -0.5292 -0.5105
vn -0.3941 -0.3075 -0.8661
vn 0.7579 0.4303 -0.4903
vn 0.4347 0.2467 -0.8661
vn 0.7579 0.4303 0.4903
vn 0.4347 0.2467 0.8661
vn -0.7482 -0.4237 0.5105
vn -0.4349 -0.2464 0.8661
vn -0.7482 -0.4237 -0.5105
vn -0.4349 -0.2464 -0.8661
vt 0.000000 1.000000
vt 0.020833 1.000000
vt 0.020833 0.833333
vt 0.000000 0.833333
vt 0.000000 0.166667
vt 0.020833 0.166667
vt 0.020833 0.000000
vt 0.000000 0.000000
vt 0.000000 0.333333
vt 0.020833 0.333333
vt 0.000000 0.500000
vt 0.020833 0.500000
vt 0.000000 0.666667
vt 0.020833 0.666667
vt 0.041667 1.000000
vt 0.041667 0.833333
vt 0.041667 0.166667
vt 0.041667 0.000000
vt 0.041667 0.333333
vt 0.041667 0.500000
vt 0.041667 0.666667
vt 0.062500 1.000000
vt 0.062500 0.833333
vt 0.062500 0.166667
vt 0.062500 0.000000
vt 0.062500 0.333333
vt 0.062500 0.500000
vt 0.062500 0.666667
vt 0.083333 1.000000
vt 0.083333 0.833333
vt 0.083333 0.166667
vt 0.083333 0.000000
vt 0.083333 0.333333
vt 0.083333 0.500000
vt 0.083333 0.666667
vt 0.104167 1.000000
vt 0.104167 0.833333
vt 0.104167 0.166667
vt 0.104167 0.000000
vt 0.104167 0.333333
vt 0.104167 0.500000
vt 0.104167 0.666667
vt 0.125000 1.000000
vt 0.125000 0.833333
vt 0.125000 0.166667
vt 0.125000 0.000000
vt 0.125000 0.333333
vt 0.125000 0.500000
vt 0.125000 0.666667
vt 0.145833 1.000000
vt 0.145833 0.833333
vt 0.145833 0.166667
vt 0.145833 0.000000
vt 0.145833 0.333333
vt 0.145833 0.500000
vt 0.145833 0.666667
vt 0.166667 1.000000
vt 0.166667 0.833333
vt 0.166667 0.166667
vt 0.166667 0.000000
vt 0.166667 0.333333
vt 0.166667 0.500000
vt 0.166667 0.666667
vt 0.187500 1.000000
vt 0.187500 0.833333
vt 0.187500 0.166667
vt 0.187500 0.000000
vt 0.187500 0.333333
vt 0.187500 0.500000
vt 0.187500 0.666667
vt 0.208333 1.000000
vt 0.208333 0.833333
vt 0.208333 0.166667
vt 0.208333 0.000000
vt 0.208333 0.333333
vt 0.208333 0.500000
vt 0.208333 0.666667
vt 0.229167 1.000000
vt 0.229167 0.833333
vt 0.229167 0.166667
vt 0.229167 0.000000
vt 0.229167 0.333333
vt 0.229167 0.500000
vt 0.229167 0.666667
vt 0.250000 1.000000
vt 0.250000 0.833333
vt 0.250000 0.166667
vt 0.250000 0.000000
vt 0.250000 0.333333
vt 0.250000 0.500000
vt 0.250000 0.666667
vt 0.270833 1.000000
vt 0.270833 0.833333
vt 0.270833 0.166667
vt 0.270833 0.000000
vt 0.270833 0.333333
vt 0.270833 0.500000
vt 0.270833 0.666667
vt 0.291667 1.000000
vt 0.291667 0.833333
vt 0.291667 0.166667
vt 0.291667 0.000000
vt 0.291667 0.333333
vt 0.291667 0.500000
vt 0.291667 0.666667
vt 0.312500 1.000000
vt 0.312500 0.833333
vt 0.312500 0.166667
vt 0.312500 0.000000
vt 0.312500 0.333333
vt 0.312500 0.500000
vt 0.312500 0.666667
vt 0.333333 1.000000
vt 0.333333 0.833333
vt 0.333333 0.166667
vt 0.333333 0.000000
vt 0.333333 0.333333
vt 0.333333 0.500000
vt 0.333333 0.666667
vt 0.354167 1.000000
vt 0.354167 0.833333
vt 0.354167 0.166667
vt 0.354167 0.000000
vt 0.354167 0.333333
vt 0.354167 0.500000
vt 0.354167 0.666667
vt 0.375000 1.000000
vt 0.375000 0.833333
vt 0.375000 0.166667
vt 0.375000 0.000000
vt 0.375000 0.333333
vt 0.375000 0.500000
vt 0.375000 0.666667
vt 0.395833 1.000000
vt 0.395833 0.833333
vt 0.395833 0.166667
vt 0.395833 0.000000
vt 0.395833 0.333333
vt 0.395833 0.500000
vt 0.395833 0.666667
vt 0.416667 1.000000
vt 0.416667 0.833333
vt 0.416667 0.166667
vt 0.416667 0.000000
vt 0.416667 0.333333
vt 0.416667 0.500000
vt 0.416667 0.666667
vt 0.437500 1.000000
vt 0.437500 0.833333
vt 0.437500 0.166667
vt 0.437500 0.000000
vt 0.437500 0.333333
vt 0.437500 0.500000
vt 0.437500 0.666667
vt 0.458333 1.000000
vt 0.458333 0.833333
vt 0.458333 0.166667
vt 0.458333 0.000000
vt 0.458333 0.333333
vt 0.458333 0.500000
vt 0.458333 0.666667
vt 0.479167 1.000000
vt 0.479167 0.833333
vt 0.479167 0.166667
vt 0.479167 0.000000
vt 0.479167 0.333333
vt 0.479167 0.500000
vt 0.479167 0.666667
vt 0.500000 1.000000
vt 0.500000 0.833333
vt 0.500000 0.166667
vt 0.500000 0.000000
vt 0.500000 0.333333
vt 0.500000 0.500000
vt 0.500000 0.666667
vt 0.520833 1.000000
vt 0.520833 0.833333
vt 0.520833 0.166667
vt 0.520833 0.000000
vt 0.520833 0.333333
vt 0.520833 0.500000
vt 0.520833 0.666667
vt 0.541667 1.000000
vt 0.541667 0.833333
vt 0.541667 0.166667
vt 0.541667 0.000000
vt 0.541667 0.333333
vt 0.541667 0.500000
vt 0.541667 0.666667
vt 0.562500 1.000000
vt 0.562500 0.833333
vt 0.562500 0.166667
vt 0.562500 0.000000
vt 0.562500 0.333333
vt 0.562500 0.500000
vt 0.562500 0.666667
vt 0.583333 1.000000
vt 0.583333 0.833333
vt 0.583333 0.166667
vt 0.583333 0.000000
vt 0.583333 0.333333
vt 0.583333 0.500000
vt 0.583333 0.666667
vt 0.604167 1.000000
vt 0.604167 0.833333
vt 0.604167 0.166667
vt 0.604167 0.000000
vt 0.604167 0.333333
vt 0.604167 0.500000
vt 0.604167 0.666667
vt 0.625000 1.000000
vt 0.625000 0.833333
vt 0.625000 0.166667
vt 0.625000 0.000000
vt 0.625000 0.333333
vt 0.625000 0.500000
vt 0.625000 0.666667
vt 0.645833 1.000000
vt 0.645833 0.833333
vt 0.645833 0.166667
vt 0.645833 0.000000
vt 0.645833 0.333333
vt 0.645833 0.500000
vt 0.645833 0.666667
vt 0.666667 1.000000
vt 0.666667 0.833333
vt 0.666667 0.166667
vt 0.666667 0.000000
vt 0.666667 0.333333
vt 0.666667 0.500000
vt 0.666667 0.666667
vt 0.687500 1.000000
vt 0.687500 0.833333
vt 0.687500 0.166667
vt 0.687500 0.000000
vt 0.687500 0.333333
vt 0.687500 0.500000
vt 0.687500 0.666667
vt 0.708333 1.000000
vt 0.708333 0.833333
vt 0.708333 0.166667
vt 0.708333 0.000000
vt 0.708333 0.333333
vt 0.708333 0.500000
vt 0.708333 0.666667
vt 0.729167 1.000000
vt 0.729167 0.833333
vt 0.729167 0.166667
vt 0.729167 0.000000
vt 0.729167 0.333333
vt 0.729167 0.500000
vt 0.729167 0.666667
vt 0.750000 1.000000
vt 0.750000 0.833333
vt 0.750000 0.166667
vt 0.750000 0.000000
vt 0.750000 0.333333
vt 0.750000 0.500000
vt 0.750000 0.666667
vt 0.770833 1.000000
vt 0.770833 0.833333
vt 0.770833 0.166667
vt 0.770833 0.000000
vt 0.770833 0.333333
vt 0.770833 0.500000
vt 0.770833 0.666667
vt 0.791667 1.000000
vt 0.791667 0.833333
vt 0.791667 0.166667
vt 0.791667 0.000000
vt 0.791667 0.333333
vt 0.791667 0.500000
vt 0.791667 0.666667
vt 0.812500 1.000000
vt 0.812500 0.833333
vt 0.812500 0.166667
vt 0.812500 0.000000
vt 0.812500 0.333333
vt 0.812500 0.500000
vt 0.812500 0.666667
vt 0.833333 1.000000
vt 0.833333 0.833333
vt 0.833333 0.166667
vt 0.833333 0.000000
vt 0.833333 0.333333
vt 0.833333 0.500000
vt 0.833333 0.666667
vt 0.854167 1.000000
vt 0.854167 0.833333
vt 0.854167 0.166667
vt 0.854167 0.000000
vt 0.854167 0.333333
vt 0.854167 0.500000
vt 0.854167 0.666667
vt 0.875000 1.000000
vt 0.875000 0.833333
vt 0.875000 0.166667
vt 0.875000 0.000000
vt 0.875000 0.333333
vt 0.875000 0.500000
vt 0.875000 0.666667
vt 0.895833 1.000000
vt 0.895833 0.833333
vt 0.895833 0.166667
vt 0.895833 0.000000
vt 0.895833 0.333333
vt 0.895833 0.500000
vt 0.895833 0.666667
vt 0.916667 1.000000
vt 0.916667 0.833333
vt 0.916667 0.166667
vt 0.916667 0.000000
vt 0.916667 0.333333
vt 0.916667 0.500000
vt 0.916667 0.666667
vt 0.937500 1.000000
vt 0.937500 0.833333
vt 0.937500 0.166667
vt 0.937500 0.000000
vt 0.937500 0.333333
vt 0.937500 0.500000
vt 0.937500 0.666667
vt 0.958333 1.000000
vt 0.958333 0.833333
vt 0.958333 0.166667
vt 0.958333 0.000000
vt 0.958333 0.333333
vt 0.958333 0.500000
vt 0.958333 0.666667
vt 0.979167 1.000000
vt 0.979167 0.833333
vt 0.979167 0.166667
vt 0.979167 0.000000
vt 0.979167 0.333333
vt 0.979167 0.500000
vt 0.979167 0.666667
vt 1.000000 1.000000
vt 1.000000 0.833333
vt 1.000000 0.166667
vt 1.000000 0.000000
vt 1.000000 0.333333
vt 1.000000 0.500000
vt 1.000000 0.666667
s 1
usemtl Glow_|_orange_neon
f 2385/2411/2925 2391/2412/2926 2396/2413/2927 2390/2414/2928
f 2386/2415/2929 2392/2416/2930 2391/2417/2926 2385/2418/2925
f 2387/2419/2931 2393/2420/2932 2392/2416/2930 2386/2415/2929
f 2388/2421/2933 2394/2422/2934 2393/2420/2935 2387/2419/2936
f 2389/2423/2937 2395/2424/2938 2394/2422/2934 2388/2421/2933
f 2390/2414/2939 2396/2413/2940 2395/2424/2938 2389/2423/2937
f 2391/2412/2926 2397/2425/2941 2402/2426/2942 2396/2413/2927
f 2392/2416/2930 2398/2427/2943 2397/2428/2941 2391/2417/2926
f 2393/2420/2932 2399/2429/2944 2398/2427/2943 2392/2416/2930
f 2394/2422/2934 2400/2430/2945 2399/2429/2946 2393/2420/2935
f 2395/2424/2938 2401/2431/2947 2400/2430/2945 2394/2422/2934
f 2396/2413/2940 2402/2426/2948 2401/2431/2947 2395/2424/2938
f 2397/2425/2941 2403/2432/2949 2408/2433/2950 2402/2426/2942
f 2398/2427/2943 2404/2434/2951 2403/2435/2949 2397/2428/2941
f 2399/2429/2944 2405/2436/2952 2404/2434/2951 2398/2427/2943
f 2400/2430/2945 2406/2437/2953 2405/2436/2954 2399/2429/2946
f 2401/2431/2947 2407/2438/2955 2406/2437/2953 2400/2430/2945
f 2402/2426/2948 2408/2433/2956 2407/2438/2955 2401/2431/2947
f 2403/2432/2949 2409/2439/2957 2414/2440/2958 2408/2433/2950
f 2404/2434/2951 2410/2441/2959 2409/2442/2957 2403/2435/2949
f 2405/2436/2952 2411/2443/2960 2410/2441/2959 2404/2434/2951
f 2406/2437/2953 2412/2444/2961 2411/2443/2962 2405/2436/2954
f 2407/2438/2955 2413/2445/2963 2412/2444/2961 2406/2437/2953
f 2408/2433/2956 2414/2440/2964 2413/2445/2963 2407/2438/2955
f 2409/2439/2957 2415/2446/2965 2420/2447/2966 2414/2440/2958
f 2410/2441/2959 2416/2448/2967 2415/2449/2965 2409/2442/2957
f 2411/2443/2960 2417/2450/2968 2416/2448/2967 2410/2441/2959
f 2412/2444/2961 2418/2451/2969 2417/2450/2970 2411/2443/2962
f 2413/2445/2963 2419/2452/2971 2418/2451/2969 2412/2444/2961
f 2414/2440/2964 2420/2447/2972 2419/2452/2971 2413/2445/2963
f 2415/2446/2965 2421/2453/2973 2426/2454/2974 2420/2447/2966
f 2416/2448/2967 2422/2455/2975 2421/2456/2973 2415/2449/2965
f 2417/2450/2968 2423/2457/2976 2422/2455/2975 2416/2448/2967
f 2418/2451/2969 2424/2458/2977 2423/2457/2978 2417/2450/2970
f 2419/2452/2971 2425/2459/2979 2424/2458/2977 2418/2451/2969
f 2420/2447/2972 2426/2454/2980 2425/2459/2979 2419/2452/2971
f 2421/2453/2973 2427/2460/2981 2432/2461/2982 2426/2454/2974
f 2422/2455/2975 2428/2462/2983 2427/2463/2981 2421/2456/2973
f 2423/2457/2976 2429/2464/2984 2428/2462/2983 2422/2455/2975
f 2424/2458/2977 2430/2465/2985 2429/2464/2986 2423/2457/2978
f 2425/2459/2979 2431/2466/2987 2430/2465/2985 2424/2458/2977
f 2426/2454/2980 2432/2461/2988 2431/2466/2987 2425/2459/2979
f 2427/2460/2981 2433/2467/2989 2438/2468/2990 2432/2461/2982
f 2428/2462/2983 2434/2469/2991 2433/2470/2989 2427/2463/2981
f 2429/2464/2984 2435/2471/2992 2434/2469/2991 2428/2462/2983
f 2430/2465/2985 2436/2472/2993 2435/2471/2994 2429/2464/2986
f 2431/2466/2987 2437/2473/2995 2436/2472/2993 2430/2465/2985
f 2432/2461/2988 2438/2468/2996 2437/2473/2995 2431/2466/2987
f 2433/2467/2989 2439/2474/2997 2444/2475/2998 2438/2468/2990
f 2434/2469/2991 2440/2476/2999 2439/2477/2997 2433/2470/2989
f 2435/2471/2992 2441/2478/3000 2440/2476/2999 2434/2469/2991
f 2436/2472/2993 2442/2479/3001 2441/2478/3002 2435/2471/2994
f 2437/2473/2995 2443/2480/3003 2442/2479/3001 2436/2472/2993
f 2438/2468/2996 2444/2475/3004 2443/2480/3003 2437/2473/2995
f 2439/2474/2997 2445/2481/3005 2450/2482/3006 2444/2475/2998
f 2440/2476/2999 2446/2483/3007 2445/2484/3005 2439/2477/2997
f 2441/2478/3000 2447/2485/3008 2446/2483/3007 2440/2476/2999
f 2442/2479/3001 2448/2486/3009 2447/2485/3010 2441/2478/3002
f 2443/2480/3003 2449/2487/3011 2448/2486/3009 2442/2479/3001
f 2444/2475/3004 2450/2482/3012 2449/2487/3011 2443/2480/3003
f 2445/2481/3005 2451/2488/3013 2456/2489/3014 2450/2482/3006
f 2446/2483/3007 2452/2490/3015 2451/2491/3013 2445/2484/3005
f 2447/2485/3008 2453/2492/3016 2452/2490/3015 2446/2483/3007
f 2448/2486/3009 2454/2493/3017 2453/2492/3018 2447/2485/3010
f 2449/2487/3011 2455/2494/3019 2454/2493/3017 2448/2486/3009
f 2450/2482/3012 2456/2489/3020 2455/2494/3019 2449/2487/3011
f 2451/2488/3013 2457/2495/3021 2462/2496/3022 2456/2489/3014
f 2452/2490/3015 2458/2497/3023 2457/2498/3021 2451/2491/3013
f 2453/2492/3016 2459/2499/3024 2458/2497/3023 2452/2490/3015
f 2454/2493/3017 2460/2500/3025 2459/2499/3026 2453/2492/3018
f 2455/2494/3019 2461/2501/3027 2460/2500/3025 2454/2493/3017
f 2456/2489/3020 2462/2496/3028 2461/2501/3027 2455/2494/3019
f 2457/2495/3021 2463/2502/3029 2468/2503/3030 2462/2496/3022
f 2458/2497/3023 2464/2504/3031 2463/2505/3029 2457/2498/3021
f 2459/2499/3024 2465/2506/3032 2464/2504/3031 2458/2497/3023
f 2460/2500/3025 2466/2507/3033 2465/2506/3034 2459/2499/3026
f 2461/2501/3027 2467/2508/3035 2466/2507/3033 2460/2500/3025
f 2462/2496/3028 2468/2503/3036 2467/2508/3035 2461/2501/3027
f 2463/2502/3029 2469/2509/3037 2474/2510/3038 2468/2503/3030
f 2464/2504/3031 2470/2511/3039 2469/2512/3037 2463/2505/3029
f 2465/2506/3032 2471/2513/3040 2470/2511/3039 2464/2504/3031
f 2466/2507/3033 2472/2514/3041 2471/2513/3042 2465/2506/3034
f 2467/2508/3035 2473/2515/3043 2472/2514/3041 2466/2507/3033
f 2468/2503/3036 2474/2510/3044 2473/2515/3043 2467/2508/3035
f 2469/2509/3037 2475/2516/3045 2480/2517/3046 2474/2510/3038
f 2470/2511/3039 2476/2518/3047 2475/2519/3045 2469/2512/3037
f 2471/2513/3040 2477/2520/3048 2476/2518/3047 2470/2511/3039
f 2472/2514/3041 2478/2521/3049 2477/2520/3050 2471/2513/3042
f 2473/2515/3043 2479/2522/3051 2478/2521/3049 2472/2514/3041
f 2474/2510/3044 2480/2517/3052 2479/2522/3051 2473/2515/3043
f 2475/2516/3045 2481/2523/3053 2486/2524/3054 2480/2517/3046
f 2476/2518/3047 2482/2525/3055 2481/2526/3053 2475/2519/3045
f 2477/2520/3048 2483/2527/3056 2482/2525/3055 2476/2518/3047
f 2478/2521/3049 2484/2528/3057 2483/2527/3058 2477/2520/3050
f 2479/2522/3051 2485/2529/3059 2484/2528/3057 2478/2521/3049
f 2480/2517/3052 2486/2524/3060 2485/2529/3059 2479/2522/3051
f 2481/2523/3053 2487/2530/3061 2492/2531/3062 2486/2524/3054
f 2482/2525/3055 2488/2532/3063 2487/2533/3061 2481/2526/3053
f 2483/2527/3056 2489/2534/3064 2488/2532/3063 2482/2525/3055
f 2484/2528/3057 2490/2535/3065 2489/2534/3066 2483/2527/3058
f 2485/2529/3059 2491/2536/3067 2490/2535/3065 2484/2528/3057
f 2486/2524/3060 2492/2531/3068 2491/2536/3067 2485/2529/3059
f 2487/2530/3061 2493/2537/3069 2498/2538/3070 2492/2531/3062
f 2488/2532/3063 2494/2539/3071 2493/2540/3069 2487/2533/3061
f 2489/2534/3064 2495/2541/3072 2494/2539/3071 2488/2532/3063
f 2490/2535/3065 2496/2542/3073 2495/2541/3074 2489/2534/3066
f 2491/2536/3067 2497/2543/3075 2496/2542/3073 2490/2535/3065
f 2492/2531/3068 2498/2538/3076 2497/2543/3075 2491/2536/3067
f 2493/2537/3069 2499/2544/3077 2504/2545/3078 2498/2538/3070
f 2494/2539/3071 2500/2546/3079 2499/2547/3077 2493/2540/3069
f 2495/2541/3072 2501/2548/3080 2500/2546/3079 2494/2539/3071
f 2496/2542/3073 2502/2549/3081 2501/2548/3082 2495/2541/3074
f 2497/2543/3075 2503/2550/3083 2502/2549/3081 2496/2542/3073
f 2498/2538/3076 2504/2545/3084 2503/2550/3083 2497/2543/3075
f 2499/2544/3077 2505/2551/3085 2510/2552/3086 2504/2545/3078
f 2500/2546/3079 2506/2553/3087 2505/2554/3085 2499/2547/3077
f 2501/2548/3080 2507/2555/3088 2506/2553/3087 2500/2546/3079
f 2502/2549/3081 2508/2556/3089 2507/2555/3090 2501/2548/3082
f 2503/2550/3083 2509/2557/3091 2508/2556/3089 2502/2549/3081
f 2504/2545/3084 2510/2552/3092 2509/2557/3091 2503/2550/3083
f 2505/2551/3085 2511/2558/3093 2516/2559/3094 2510/2552/3086
f 2506/2553/3087 2512/2560/3095 2511/2561/3093 2505/2554/3085
f 2507/2555/3088 2513/2562/3096 2512/2560/3095 2506/2553/3087
f 2508/2556/3089 2514/2563/3097 2513/2562/3098 2507/2555/3090
f 2509/2557/3091 2515/2564/3099 2514/2563/3097 2508/2556/3089
f 2510/2552/3092 2516/2559/3100 2515/2564/3099 2509/2557/3091
f 2511/2558/3093 2517/2565/3101 2522/2566/3102 2516/2559/3094
f 2512/2560/3095 2518/2567/3103 2517/2568/3101 2511/2561/3093
f 2513/2562/3096 2519/2569/3104 2518/2567/3103 2512/2560/3095
f 2514/2563/3097 2520/2570/3105 2519/2569/3106 2513/2562/3098
f 2515/2564/3099 2521/2571/3107 2520/2570/3105 2514/2563/3097
f 2516/2559/3100 2522/2566/3108 2521/2571/3107 2515/2564/3099
f 2517/2565/3101 2523/2572/3109 2528/2573/3110 2522/2566/3102
f 2518/2567/3103 2524/2574/3111 2523/2575/3109 2517/2568/3101
f 2519/2569/3104 2525/2576/3112 2524/2574/3111 2518/2567/3103
f 2520/2570/3105 2526/2577/3113 2525/2576/3114 2519/2569/3106
f 2521/2571/3107 2527/2578/3115 2526/2577/3113 2520/2570/3105
f 2522/2566/3108 2528/2573/3116 2527/2578/3115 2521/2571/3107
f 2523/2572/3109 2529/2579/3117 2534/2580/2939 2528/2573/3110
f 2524/2574/3111 2530/2581/3118 2529/2582/3117 2523/2575/3109
f 2525/2576/3112 2531/2583/3119 2530/2581/3118 2524/2574/3111
f 2526/2577/3113 2532/2584/3120 2531/2583/3121 2525/2576/3114
f 2527/2578/3115 2533/2585/3122 2532/2584/3120 2526/2577/3113
f 2528/2573/3116 2534/2580/3123 2533/2585/3122 2527/2578/3115
f 2529/2579/3117 2535/2586/3124 2540/2587/3125 2534/2580/2939
f 2530/2581/3118 2536/2588/3126 2535/2589/3124 2529/2582/3117
f 2531/2583/3119 2537/2590/3127 2536/2588/3126 2530/2581/3118
f 2532/2584/3120 2538/2591/3128 2537/2590/3129 2531/2583/3121
f 2533/2585/3122 2539/2592/3130 2538/2591/3128 2532/2584/3120
f 2534/2580/3123 2540/2587/3131 2539/2592/3130 2533/2585/3122
f 2535/2586/3124 2541/2593/3132 2546/2594/3133 2540/2587/3125
f 2536/2588/3126 2542/2595/3134 2541/2596/3132 2535/2589/3124
f 2537/2590/3127 2543/2597/3135 2542/2595/3134 2536/2588/3126
f 2538/2591/3128 2544/2598/3136 2543/2597/3137 2537/2590/3129
f 2539/2592/3130 2545/2599/3138 2544/2598/3136 2538/2591/3128
f 2540/2587/3131 2546/2594/3139 2545/2599/3138 2539/2592/3130
f 2541/2593/3132 2547/2600/3140 2552/2601/2956 2546/2594/3133
f 2542/2595/3134 2548/2602/3141 2547/2603/3140 2541/2596/3132
f 2543/2597/3135 2549/2604/2954 2548/2602/3141 2542/2595/3134
f 2544/2598/3136 2550/2605/3142 2549/2604/2952 2543/2597/3137
f 2545/2599/3138 2551/2606/3143 2550/2605/3142 2544/2598/3136
f 2546/2594/3139 2552/2601/2950 2551/2606/3143 2545/2599/3138
f 2547/2600/3140 2553/2607/3144 2558/2608/3145 2552/2601/2956
f 2548/2602/3141 2554/2609/3146 2553/2610/3144 2547/2603/3140
f 2549/2604/2954 2555/2611/3147 2554/2609/3146 2548/2602/3141
f 2550/2605/3142 2556/2612/3148 2555/2611/3149 2549/2604/2952
f 2551/2606/3143 2557/2613/3150 2556/2612/3148 2550/2605/3142
f 2552/2601/2950 2558/2608/3151 2557/2613/3150 2551/2606/3143
f 2553/2607/3144 2559/2614/3152 2564/2615/3153 2558/2608/3145
f 2554/2609/3146 2560/2616/3154 2559/2617/3152 2553/2610/3144
f 2555/2611/3147 2561/2618/3155 2560/2616/3154 2554/2609/3146
f 2556/2612/3148 2562/2619/3156 2561/2618/3157 2555/2611/3149
f 2557/2613/3150 2563/2620/3158 2562/2619/3156 2556/2612/3148
f 2558/2608/3151 2564/2615/3159 2563/2620/3158 2557/2613/3150
f 2559/2614/3152 2565/2621/3160 2570/2622/3161 2564/2615/3153
f 2560/2616/3154 2566/2623/3162 2565/2624/3160 2559/2617/3152
f 2561/2618/3155 2567/2625/3163 2566/2623/3162 2560/2616/3154
f 2562/2619/3156 2568/2626/3164 2567/2625/3165 2561/2618/3157
f 2563/2620/3158 2569/2627/3166 2568/2626/3164 2562/2619/3156
f 2564/2615/3159 2570/2622/3167 2569/2627/3166 2563/2620/3158
f 2565/2621/3160 2571/2628/3168 2576/2629/3169 2570/2622/3161
f 2566/2623/3162 2572/2630/3170 2571/2631/3168 2565/2624/3160
f 2567/2625/3163 2573/2632/3171 2572/2630/3170 2566/2623/3162
f 2568/2626/3164 2574/2633/3172 2573/2632/3173 2567/2625/3165
f 2569/2627/3166 2575/2634/3174 2574/2633/3172 2568/2626/3164
f 2570/2622/3167 2576/2629/3175 2575/2634/3174 2569/2627/3166
f 2571/2628/3168 2577/2635/3176 2582/2636/3177 2576/2629/3169
f 2572/2630/3170 2578/2637/3178 2577/2638/3176 2571/2631/3168
f 2573/2632/3171 2579/2639/3179 2578/2637/3178 2572/2630/3170
f 2574/2633/3172 2580/2640/3180 2579/2639/3181 2573/2632/3173
f 2575/2634/3174 2581/2641/3182 2580/2640/3180 2574/2633/3172
f 2576/2629/3175 2582/2636/3183 2581/2641/3182 2575/2634/3174
f 2577/2635/3176 2583/2642/3184 2588/2643/3185 2582/2636/3177
f 2578/2637/3178 2584/2644/3186 2583/2645/3184 2577/2638/3176
f 2579/2639/3179 2585/2646/3187 2584/2644/3186 2578/2637/3178
f 2580/2640/3180 2586/2647/3188 2585/2646/3189 2579/2639/3181
f 2581/2641/3182 2587/2648/3190 2586/2647/3188 2580/2640/3180
f 2582/2636/3183 2588/2643/3191 2587/2648/3190 2581/2641/3182
f 2583/2642/3184 2589/2649/3192 2594/2650/3193 2588/2643/3185
f 2584/2644/3186 2590/2651/3194 2589/2652/3192 2583/2645/3184
f 2585/2646/3187 2591/2653/3195 2590/2651/3194 2584/2644/3186
f 2586/2647/3188 2592/2654/3196 2591/2653/3197 2585/2646/3189
f 2587/2648/3190 2593/2655/3198 2592/2654/3196 2586/2647/3188
f 2588/2643/3191 2594/2650/3199 2593/2655/3198 2587/2648/3190
f 2589/2649/3192 2595/2656/3200 2600/2657/3201 2594/2650/3193
f 2590/2651/3194 2596/2658/3202 2595/2659/3200 2589/2652/3192
f 2591/2653/3195 2597/2660/3203 2596/2658/3202 2590/2651/3194
f 2592/2654/3196 2598/2661/3204 2597/2660/3205 2591/2653/3197
f 2593/2655/3198 2599/2662/3206 2598/2661/3204 2592/2654/3196
f 2594/2650/3199 2600/2657/3207 2599/2662/3206 2593/2655/3198
f 2595/2656/3200 2601/2663/3208 2606/2664/3209 2600/2657/3201
f 2596/2658/3202 2602/2665/3210 2601/2666/3208 2595/2659/3200
f 2597/2660/3203 2603/2667/3211 2602/2665/3210 2596/2658/3202
f 2598/2661/3204 2604/2668/3212 2603/2667/3213 2597/2660/3205
f 2599/2662/3206 2605/2669/3214 2604/2668/3212 2598/2661/3204
f 2600/2657/3207 2606/2664/3215 2605/2669/3214 2599/2662/3206
f 2601/2663/3208 2607/2670/3216 2612/2671/3217 2606/2664/3209
f 2602/2665/3210 2608/2672/3218 2607/2673/3216 2601/2666/3208
f 2603/2667/3211 2609/2674/3219 2608/2672/3218 2602/2665/3210
f 2604/2668/3212 2610/2675/3220 2609/2674/3221 2603/2667/3213
f 2605/2669/3214 2611/2676/3222 2610/2675/3220 2604/2668/3212
f 2606/2664/3215 2612/2671/3223 2611/2676/3222 2605/2669/3214
f 2607/2670/3216 2613/2677/3224 2618/2678/3225 2612/2671/3217
f 2608/2672/3218 2614/2679/3226 2613/2680/3224 2607/2673/3216
f 2609/2674/3219 2615/2681/3227 2614/2679/3226 2608/2672/3218
f 2610/2675/3220 2616/2682/3228 2615/2681/3229 2609/2674/3221
f 2611/2676/3222 2617/2683/3230 2616/2682/3228 2610/2675/3220
f 2612/2671/3223 2618/2678/3231 2617/2683/3230 2611/2676/3222
f 2613/2677/3224 2619/2684/3232 2624/2685/3052 2618/2678/3225
f 2614/2679/3226 2620/2686/3233 2619/2687/3232 2613/2680/3224
f 2615/2681/3227 2621/2688/3050 2620/2686/3233 2614/2679/3226
f 2616/2682/3228 2622/2689/3234 2621/2688/3048 2615/2681/3229
f 2617/2683/3230 2623/2690/3235 2622/2689/3234 2616/2682/3228
f 2618/2678/3231 2624/2685/3046 2623/2690/3235 2617/2683/3230
f 2619/2684/3232 2625/2691/3236 2630/2692/3237 2624/2685/3052
f 2620/2686/3233 2626/2693/3238 2625/2694/3236 2619/2687/3232
f 2621/2688/3050 2627/2695/3239 2626/2693/3238 2620/2686/3233
f 2622/2689/3234 2628/2696/3240 2627/2695/3241 2621/2688/3048
f 2623/2690/3235 2629/2697/3242 2628/2696/3240 2622/2689/3234
f 2624/2685/3046 2630/2692/3243 2629/2697/3242 2623/2690/3235
f 2625/2691/3236 2631/2698/3244 2636/2699/3245 2630/2692/3237
f 2626/2693/3238 2632/2700/3246 2631/2701/3244 2625/2694/3236
f 2627/2695/3239 2633/2702/3247 2632/2700/3246 2626/2693/3238
f 2628/2696/3240 2634/2703/3248 2633/2702/3249 2627/2695/3241
f 2629/2697/3242 2635/2704/3250 2634/2703/3248 2628/2696/3240
f 2630/2692/3243 2636/2699/3251 2635/2704/3250 2629/2697/3242
f 2631/2698/3244 2637/2705/3252 2642/2706/3253 2636/2699/3245
f 2632/2700/3246 2638/2707/3254 2637/2708/3252 2631/2701/3244
f 2633/2702/3247 2639/2709/3255 2638/2707/3254 2632/2700/3246
f 2634/2703/3248 2640/2710/3256 2639/2709/3257 2633/2702/3249
f 2635/2704/3250 2641/2711/3258 2640/2710/3256 2634/2703/3248
f 2636/2699/3251 2642/2706/3259 2641/2711/3258 2635/2704/3250
f 2637/2705/3252 2643/2712/3260 2648/2713/3261 2642/2706/3253
f 2638/2707/3254 2644/2714/3262 2643/2715/3260 2637/2708/3252
f 2639/2709/3255 2645/2716/3263 2644/2714/3262 2638/2707/3254
f 2640/2710/3256 2646/2717/3264 2645/2716/3265 2639/2709/3257
f 2641/2711/3258 2647/2718/3266 2646/2717/3264 2640/2710/3256
f 2642/2706/3259 2648/2713/3267 2647/2718/3266 2641/2711/3258
f 2643/2712/3260 2649/2719/3268 2654/2720/3269 2648/2713/3261
f 2644/2714/3262 2650/2721/3270 2649/2722/3268 2643/2715/3260
f 2645/2716/3263 2651/2723/3271 2650/2721/3270 2644/2714/3262
f 2646/2717/3264 2652/2724/3272 2651/2723/3273 2645/2716/3265
f 2647/2718/3266 2653/2725/3274 2652/2724/3272 2646/2717/3264
f 2648/2713/3267 2654/2720/3275 2653/2725/3274 2647/2718/3266
f 2649/2719/3268 2655/2726/3276 2660/2727/3277 2654/2720/3269
f 2650/2721/3270 2656/2728/3278 2655/2729/3276 2649/2722/3268
f 2651/2723/3271 2657/2730/3279 2656/2728/3278 2650/2721/3270
f 2652/2724/3272 2658/2731/3280 2657/2730/3281 2651/2723/3273
f 2653/2725/3274 2659/2732/3282 2658/2731/3280 2652/2724/3272
f 2654/2720/3275 2660/2727/3283 2659/2732/3282 2653/2725/3274
f 2655/2726/3276 2661/2733/3284 2666/2734/3285 2660/2727/3277
f 2656/2728/3278 2662/2735/3286 2661/2736/3284 2655/2729/3276
f 2657/2730/3279 2663/2737/3287 2662/2735/3286 2656/2728/3278
f 2658/2731/3280 2664/2738/3288 2663/2737/3289 2657/2730/3281
f 2659/2732/3282 2665/2739/3290 2664/2738/3288 2658/2731/3280
f 2660/2727/3283 2666/2734/3291 2665/2739/3290 2659/2732/3282
f 2661/2733/3284 2667/2740/3292 2672/2741/3293 2666/2734/3285
f 2662/2735/3286 2668/2742/3294 2667/2743/3292 2661/2736/3284
f 2663/2737/3287 2669/2744/3295 2668/2742/3294 2662/2735/3286
f 2664/2738/3288 2670/2745/3296 2669/2744/3297 2663/2737/3289
f 2665/2739/3290 2671/2746/3298 2670/2745/3296 2664/2738/3288
f 2666/2734/3291 2672/2741/3299 2671/2746/3298 2665/2739/3290
f 2667/2740/3292 2385/2747/2925 2390/2748/2928 2672/2741/3293
f 2668/2742/3294 2386/2749/2929 2385/2750/2925 2667/2743/3292
f 2669/2744/3295 2387/2751/2931 2386/2749/2929 2668/2742/3294
f 2670/2745/3296 2388/2752/2933 2387/2751/2936 2669/2744/3297
f 2671/2746/3298 2389/2753/2937 2388/2752/2933 2670/2745/3296
f 2672/2741/3299 2390/2748/2939 2389/2753/2937 2671/2746/3298
o Receiver_|_left_ring_hub
v 0.060012 0.085847 -0.024000
v 0.056986 0.091088 -0.024000
v 0.051744 0.094114 -0.024000
v 0.045692 0.094114 -0.024000
v 0.040450 0.091088 -0.024000
v 0.037424 0.085847 -0.024000
v 0.037424 0.079794 -0.024000
v 0.040450 0.074553 -0.024000
v 0.045692 0.071527 -0.024000
v 0.051744 0.071527 -0.024000
v 0.056986 0.074553 -0.024000
v 0.060012 0.079794 -0.024000
v 0.060012 0.085847 -0.028000
v 0.056986 0.091088 -0.028000
v 0.051744 0.094114 -0.028000
v 0.045692 0.094114 -0.028000
v 0.040450 0.091088 -0.028000
v 0.037424 0.085847 -0.028000
v 0.037424 0.079794 -0.028000
v 0.040450 0.074553 -0.028000
v 0.045692 0.071527 -0.028000
v 0.051744 0.071527 -0.028000
v 0.056986 0.074553 -0.028000
v 0.060012 0.079794 -0.028000
v 0.055494 0.084636 -0.029250
v 0.053679 0.087781 -0.029250
v 0.050534 0.089597 -0.029250
v 0.046902 0.089597 -0.029250
v 0.043757 0.087781 -0.029250
v 0.041942 0.084636 -0.029250
v 0.041942 0.081005 -0.029250
v 0.043757 0.077860 -0.029250
v 0.046902 0.076044 -0.029250
v 0.050534 0.076044 -0.029250
v 0.053679 0.077860 -0.029250
v 0.055494 0.081005 -0.029250
v 0.048718 0.082821 -0.030000
vn 0.9659 0.2588 -0.0000
vn 0.7071 0.7071 -0.0000
vn 0.2588 0.9659 -0.0000
vn -0.2588 0.9659 -0.0000
vn -0.7071 0.7071 -0.0000
vn -0.9659 0.2588 -0.0000
vn -0.9659 -0.2588 -0.0000
vn -0.7071 -0.7071 -0.0000
vn -0.2588 -0.9659 -0.0000
vn 0.2588 -0.9659 -0.0000
vn 0.7071 -0.7071 -0.0000
vn 0.9659 -0.2588 -0.0000
vn 0.2494 0.0668 -0.9661
vn 0.1885 0.0505 -0.9808
vn 0.1380 0.1380 -0.9808
vn 0.1826 0.1826 -0.9661
vn 0.0505 0.1885 -0.9808
vn 0.0668 0.2494 -0.9661
vn -0.0505 0.1885 -0.9808
vn -0.0668 0.2494 -0.9661
vn -0.1380 0.1380 -0.9808
vn -0.1826 0.1826 -0.9661
vn -0.1885 0.0505 -0.9808
vn -0.2494 0.0668 -0.9661
vn -0.1885 -0.0505 -0.9808
vn -0.2494 -0.0668 -0.9661
vn -0.1380 -0.1380 -0.9808
vn -0.1826 -0.1826 -0.9661
vn -0.0505 -0.1885 -0.9808
vn -0.0668 -0.2494 -0.9661
vn 0.0505 -0.1885 -0.9808
vn 0.0668 -0.2494 -0.9661
vn 0.1380 -0.1380 -0.9808
vn 0.1826 -0.1826 -0.9661
vn 0.1885 -0.0505 -0.9808
vn 0.2494 -0.0668 -0.9661
vn -0.0000 -0.0000 -1.0000
vn -0.0000 -0.0000 1.0000
s 1
usemtl Copper_|_burnished_trim
f 2673//3300 2685//3300 2686//3301 2674//3301
f 2674//3301 2686//3301 2687//3302 2675//3302
f 2675//3302 2687//3302 2688//3303 2676//3303
f 2676//3303 2688//3303 2689//3304 2677//3304
f 2677//3304 2689//3304 2690//3305 2678//3305
f 2678//3305 2690//3305 2691//3306 2679//3306
f 2679//3306 2691//3306 2692//3307 2680//3307
f 2680//3307 2692//3307 2693//3308 2681//3308
f 2681//3308 2693//3308 2694//3309 2682//3309
f 2682//3309 2694//3309 2695//3310 2683//3310
f 2683//3310 2695//3310 2696//3311 2684//3311
f 2684//3311 2696//3311 2685//3300 2673//3300
f 2685//3312 2697//3313 2698//3314 2686//3315
f 2686//3315 2698//3314 2699//3316 2687//3317
f 2687//3317 2699//3316 2700//3318 2688//3319
f 2688//3319 2700//3318 2701//3320 2689//3321
f 2689//3321 2701//3320 2702//3322 2690//3323
f 2690//3323 2702//3322 2703//3324 2691//3325
f 2691//3325 2703//3324 2704//3326 2692//3327
f 2692//3327 2704//3326 2705//3328 2693//3329
f 2693//3329 2705//3328 2706//3330 2694//3331
f 2694//3331 2706//3330 2707//3332 2695//3333
f 2695//3333 2707//3332 2708//3334 2696//3335
f 2696//3335 2708//3334 2697//3313 2685//3312
f 2697//3313 2709//3336 2698//3314
f 2698//3314 2709//3336 2699//3316
f 2699//3316 2709//3336 2700//3318
f 2700//3318 2709//3336 2701//3320
f 2701//3320 2709//3336 2702//3322
f 2702//3322 2709//3336 2703//3324
f 2703//3324 2709//3336 2704//3326
f 2704//3326 2709//3336 2705//3328
f 2705//3328 2709//3336 2706//3330
f 2706//3330 2709//3336 2707//3332
f 2707//3332 2709//3336 2708//3334
f 2708//3334 2709//3336 2697//3313
f 2673//3337 2674//3337 2675//3337 2676//3337 2677//3337 2678//3337 2679//3337 2680//3337 2681//3337 2682//3337 2683//3337 2684//3337
o Glow_|_left_receiver_strip
v 0.197308 0.086196 -0.026949
v 0.197308 0.086196 -0.023051
v 0.197308 0.082821 -0.021103
v 0.197308 0.079445 -0.023051
v 0.197308 0.079445 -0.026949
v 0.197308 0.082821 -0.028897
v 0.072103 0.086196 -0.026949
v 0.072103 0.086196 -0.023051
v 0.072103 0.082821 -0.021103
v 0.072103 0.079445 -0.023051
v 0.072103 0.079445 -0.026949
v 0.072103 0.082821 -0.028897
v 0.115426 0.086196 -0.026949
v 0.115426 0.086196 -0.023051
v 0.115426 0.082821 -0.021103
v 0.115426 0.079445 -0.023051
v 0.115426 0.079445 -0.026949
v 0.115426 0.082821 -0.028897
v 0.153985 0.086196 -0.026949
v 0.153985 0.086196 -0.023051
v 0.153985 0.082821 -0.021103
v 0.153985 0.079445 -0.023051
v 0.153985 0.079445 -0.026949
v 0.153985 0.082821 -0.028897
vn 1.0000 -0.0000 -0.0000
vn -1.0000 -0.0000 -0.0000
vn -0.0000 0.8660 -0.5000
vn -0.0000 0.5000 -0.8660
vn -0.0000 0.8660 0.5000
vn -0.0000 0.5000 0.8660
vn -0.0000 -0.8660 0.5000
vn -0.0000 -0.5000 0.8660
vn -0.0000 -0.8660 -0.5000
vn -0.0000 -0.5000 -0.8660
vt 1.000000 0.000000
vt 0.600000 0.000000
vt 0.800000 0.000000
vt 0.400000 0.000000
vt 0.000000 0.000000
vt 0.200000 0.000000
vt 0.000000 1.000000
vt 0.333333 1.000000
vt 0.333333 0.833333
vt 0.000000 0.833333
vt 0.000000 0.166667
vt 0.333333 0.166667
vt 0.333333 0.000000
vt 0.000000 0.333333
vt 0.333333 0.333333
vt 0.000000 0.500000
vt 0.333333 0.500000
vt 0.000000 0.666667
vt 0.333333 0.666667
vt 0.666667 1.000000
vt 0.666667 0.833333
vt 0.666667 0.166667
vt 0.666667 0.000000
vt 0.666667 0.333333
vt 0.666667 0.500000
vt 0.666667 0.666667
vt 1.000000 1.000000
vt 1.000000 0.833333
vt 1.000000 0.166667
vt 1.000000 0.333333
vt 1.000000 0.500000
vt 1.000000 0.666667
s 1
usemtl Glow_|_orange_neon
f 2715/2754/3338 2713/2755/3338 2714/2756/3338
f 2715/2754/3338 2712/2757/3338 2713/2755/3338
f 2710/2758/3338 2712/2757/3338 2715/2754/3338
f 2710/2758/3338 2711/2759/3338 2712/2757/3338
f 2718/2757/3339 2720/2756/3339 2719/2755/3339
f 2718/2757/3339 2721/2754/3339 2720/2756/3339
f 2717/2759/3339 2721/2754/3339 2718/2757/3339
f 2717/2759/3339 2716/2758/3339 2721/2754/3339
f 2716/2760/3340 2722/2761/3340 2727/2762/3341 2721/2763/3341
f 2717/2764/3342 2723/2765/3342 2722/2766/3340 2716/2758/3340
f 2718/2767/3343 2724/2768/3343 2723/2765/3342 2717/2764/3342
f 2719/2769/3344 2725/2770/3344 2724/2768/3345 2718/2767/3345
f 2720/2771/3346 2726/2772/3346 2725/2770/3344 2719/2769/3344
f 2721/2763/3347 2727/2762/3347 2726/2772/3346 2720/2771/3346
f 2722/2761/3340 2728/2773/3340 2733/2774/3341 2727/2762/3341
f 2723/2765/3342 2729/2775/3342 2728/2776/3340 2722/2766/3340
f 2724/2768/3343 2730/2777/3343 2729/2775/3342 2723/2765/3342
f 2725/2770/3344 2731/2778/3344 2730/2777/3345 2724/2768/3345
f 2726/2772/3346 2732/2779/3346 2731/2778/3344 2725/2770/3344
f 2727/2762/3347 2733/2774/3347 2732/2779/3346 2726/2772/3346
f 2728/2773/3340 2710/2780/3340 2715/2781/3341 2733/2774/3341
f 2729/2775/3342 2711/2782/3342 2710/2754/3340 2728/2776/3340
f 2730/2777/3343 2712/2783/3343 2711/2782/3342 2729/2775/3342
f 2731/2778/3344 2713/2784/3344 2712/2783/3345 2730/2777/3345
f 2732/2779/3346 2714/2785/3346 2713/2784/3344 2731/2778/3344
f 2733/2774/3347 2715/2781/3347 2714/2785/3346 2732/2779/3346
o Receiver_|_left_spike
v 0.025333 0.078923 -0.023400
v 0.020998 0.077442 -0.023400
v 0.016472 0.078689 -0.023400
v 0.011871 0.081028 -0.023400
v 0.007308 0.082821 -0.023400
v 0.011871 0.084613 -0.023400
v 0.016472 0.086952 -0.023400
v 0.020998 0.088199 -0.023400
v 0.025333 0.086718 -0.023400
v 0.026666 0.084963 -0.023400
v 0.027110 0.082821 -0.023400
v 0.026666 0.080679 -0.023400
v 0.025333 0.078923 -0.026600
v 0.020998 0.077442 -0.026600
v 0.016472 0.078689 -0.026600
v 0.011871 0.081028 -0.026600
v 0.007308 0.082821 -0.026600
v 0.011871 0.084613 -0.026600
v 0.016472 0.086952 -0.026600
v 0.020998 0.088199 -0.026600
v 0.025333 0.086718 -0.026600
v 0.026666 0.084963 -0.026600
v 0.027110 0.082821 -0.026600
v 0.026666 0.080679 -0.026600
v 0.025593 0.078563 -0.026424
v 0.025701 0.078414 -0.026000
v 0.025701 0.078414 -0.024000
v 0.025593 0.078563 -0.023576
v 0.021011 0.076998 -0.026424
v 0.021017 0.076814 -0.026000
v 0.021017 0.076814 -0.024000
v 0.021011 0.076998 -0.023576
v 0.016318 0.078291 -0.026424
v 0.016255 0.078127 -0.026000
v 0.016255 0.078127 -0.024000
v 0.016318 0.078291 -0.023576
v 0.011697 0.080640 -0.026424
v 0.011625 0.080480 -0.026000
v 0.011625 0.080480 -0.024000
v 0.011697 0.080640 -0.023576
v 0.006147 0.082821 -0.026424
v 0.005667 0.082821 -0.026000
v 0.005667 0.082821 -0.024000
v 0.006147 0.082821 -0.023576
v 0.011697 0.085001 -0.026424
v 0.011625 0.085161 -0.026000
v 0.011625 0.085161 -0.024000
v 0.011697 0.085001 -0.023576
v 0.016318 0.087350 -0.026424
v 0.016255 0.087514 -0.026000
v 0.016255 0.087514 -0.024000
v 0.016318 0.087350 -0.023576
v 0.021011 0.088643 -0.026424
v 0.021017 0.088827 -0.026000
v 0.021017 0.088827 -0.024000
v 0.021011 0.088643 -0.023576
v 0.025593 0.087078 -0.026424
v 0.025701 0.087227 -0.026000
v 0.025701 0.087227 -0.024000
v 0.025593 0.087078 -0.023576
v 0.027061 0.085143 -0.026424
v 0.027226 0.085217 -0.026000
v 0.027226 0.085217 -0.024000
v 0.027061 0.085143 -0.023576
v 0.027543 0.082821 -0.026424
v 0.027722 0.082821 -0.026000
v 0.027722 0.082821 -0.024000
v 0.027543 0.082821 -0.023576
v 0.027061 0.080498 -0.026424
v 0.027226 0.080424 -0.026000
v 0.027226 0.080424 -0.024000
v 0.027061 0.080498 -0.023576
vn -0.0745 0.1922 0.9785
vn 0.1294 0.1793 0.9753
vn 0.0067 0.2211 0.9752
vn -0.0775 0.1725 0.9819
vn 0.1971 0.0896 0.9763
vn 0.2152 -0.0000 0.9766
vn -0.1308 -0.0000 0.9914
vn -0.0775 -0.1725 0.9819
vn 0.1971 -0.0896 0.9763
vn -0.0745 -0.1922 0.9785
vn 0.1294 -0.1793 0.9753
vn 0.0067 -0.2211 0.9752
vn -0.0745 0.1922 -0.9785
vn 0.0067 0.2211 -0.9752
vn 0.1294 0.1793 -0.9753
vn -0.0775 0.1725 -0.9819
vn 0.1971 0.0896 -0.9763
vn 0.2152 -0.0000 -0.9766
vn -0.1308 -0.0000 -0.9914
vn -0.0775 -0.1725 -0.9819
vn 0.1971 -0.0896 -0.9763
vn -0.0745 -0.1922 -0.9785
vn 0.1294 -0.1793 -0.9753
vn 0.0067 -0.2211 -0.9752
vn 0.2156 -0.2986 -0.9297
vn 0.0111 -0.3679 -0.9298
vn 0.5741 -0.7950 -0.1958
vn 0.0296 -0.9802 -0.1959
vn 0.0276 -0.9171 -0.3977
vn 0.5372 -0.7440 -0.3974
vn 0.5741 -0.7950 0.1958
vn 0.0296 -0.9802 0.1959
vn 0.5372 -0.7440 0.3974
vn 0.0277 -0.9171 0.3977
vn 0.0111 -0.3679 0.9298
vn 0.2156 -0.2986 0.9297
vn -0.1376 -0.3553 -0.9246
vn -0.3544 -0.9148 -0.1936
vn -0.3335 -0.8609 -0.3843
vn -0.3544 -0.9148 0.1936
vn -0.3335 -0.8609 0.3843
vn -0.1376 -0.3553 0.9246
vn -0.1567 -0.3487 -0.9240
vn -0.4019 -0.8944 -0.1964
vn -0.3786 -0.8426 -0.3831
vn -0.4019 -0.8944 0.1964
vn -0.3786 -0.8426 0.3831
vn -0.1567 -0.3487 0.9240
vn -0.1399 -0.3562 -0.9239
vn -0.3625 -0.9227 -0.1312
vn -0.3378 -0.8599 -0.3827
vn -0.3625 -0.9227 0.1312
vn -0.3378 -0.8599 0.3827
vn -0.1399 -0.3562 0.9239
vn -0.1399 0.3562 -0.9239
vn -0.1567 0.3487 -0.9240
vn -0.3625 0.9227 -0.1312
vn -0.4019 0.8944 -0.1964
vn -0.3786 0.8426 -0.3831
vn -0.3378 0.8599 -0.3827
vn -0.3625 0.9227 0.1312
vn -0.4019 0.8944 0.1964
vn -0.3378 0.8599 0.3827
vn -0.3786 0.8426 0.3831
vn -0.1567 0.3487 0.9240
vn -0.1399 0.3562 0.9239
vn -0.1376 0.3553 -0.9246
vn -0.3544 0.9148 -0.1936
vn -0.3335 0.8609 -0.3843
vn -0.3544 0.9148 0.1936
vn -0.3335 0.8609 0.3843
vn -0.1376 0.3553 0.9246
vn 0.0111 0.3679 -0.9298
vn 0.0296 0.9802 -0.1959
vn 0.0276 0.9171 -0.3977
vn 0.0296 0.9802 0.1959
vn 0.0277 0.9171 0.3977
vn 0.0111 0.3679 0.9298
vn 0.2156 0.2986 -0.9297
vn 0.5741 0.7950 -0.1958
vn 0.5372 0.7440 -0.3974
vn 0.5741 0.7950 0.1958
vn 0.5372 0.7440 0.3974
vn 0.2156 0.2986 0.9297
vn 0.3410 0.1551 -0.9272
vn 0.8930 0.4061 -0.1942
vn 0.8379 0.3810 -0.3909
vn 0.8930 0.4061 0.1942
vn 0.8379 0.3810 0.3909
vn 0.3410 0.1551 0.9272
vn 0.3759 -0.0000 -0.9267
vn 0.9810 -0.0000 -0.1939
vn 0.9210 -0.0000 -0.3896
vn 0.9810 -0.0000 0.1939
vn 0.9210 -0.0000 0.3896
vn 0.3759 -0.0000 0.9267
vn 0.3410 -0.1551 -0.9272
vn 0.8930 -0.4061 -0.1942
vn 0.8379 -0.3810 -0.3909
vn 0.8930 -0.4061 0.1942
vn 0.8379 -0.3810 0.3909
vn 0.3410 -0.1551 0.9272
vt 0.545455 0.000000
vt 0.727273 0.000000
vt 0.636364 0.000000
vt 0.454545 0.000000
vt 0.818182 0.000000
vt 0.909091 0.000000
vt 0.363636 0.000000
vt 0.272727 0.000000
vt 1.000000 0.000000
vt 0.181818 0.000000
vt 0.000000 0.000000
vt 0.090909 0.000000
vt 0.000000 0.200000
vt 0.083333 0.200000
vt 0.083333 0.000000
vt 0.000000 0.400000
vt 0.083333 0.400000
vt 0.000000 0.600000
vt 0.083333 0.600000
vt 0.000000 0.800000
vt 0.083333 0.800000
vt 0.000000 1.000000
vt 0.083333 1.000000
vt 0.166667 0.200000
vt 0.166667 0.000000
vt 0.166667 0.400000
vt 0.166667 0.600000
vt 0.166667 0.800000
vt 0.166667 1.000000
vt 0.250000 0.200000
vt 0.250000 0.000000
vt 0.250000 0.400000
vt 0.250000 0.600000
vt 0.250000 0.800000
vt 0.250000 1.000000
vt 0.333333 0.200000
vt 0.333333 0.000000
vt 0.333333 0.400000
vt 0.333333 0.600000
vt 0.333333 0.800000
vt 0.333333 1.000000
vt 0.416667 0.200000
vt 0.416667 0.000000
vt 0.416667 0.400000
vt 0.416667 0.600000
vt 0.416667 0.800000
vt 0.416667 1.000000
vt 0.500000 0.200000
vt 0.500000 0.000000
vt 0.500000 0.400000
vt 0.500000 0.600000
vt 0.500000 0.800000
vt 0.500000 1.000000
vt 0.583333 0.200000
vt 0.583333 0.000000
vt 0.583333 0.400000
vt 0.583333 0.600000
vt 0.583333 0.800000
vt 0.583333 1.000000
vt 0.666667 0.200000
vt 0.666667 0.000000
vt 0.666667 0.400000
vt 0.666667 0.600000
vt 0.666667 0.800000
vt 0.666667 1.000000
vt 0.750000 0.200000
vt 0.750000 0.000000
vt 0.750000 0.400000
vt 0.750000 0.600000
vt 0.750000 0.800000
vt 0.750000 1.000000
vt 0.833333 0.200000
vt 0.833333 0.000000
vt 0.833333 0.400000
vt 0.833333 0.600000
vt 0.833333 0.800000
vt 0.833333 1.000000
vt 0.916667 0.200000
vt 0.916667 0.000000
vt 0.916667 0.400000
vt 0.916667 0.600000
vt 0.916667 0.800000
vt 0.916667 1.000000
vt 1.000000 0.200000
vt 1.000000 0.400000
vt 1.000000 0.600000
vt 1.000000 0.800000
vt 1.000000 1.000000
s 1
usemtl Copper_|_burnished_trim
f 2740/2786/3348 2742/2787/3349 2741/2788/3350
f 2739/2789/3351 2742/2787/3349 2740/2786/3348
f 2739/2789/3351 2743/2790/3352 2742/2787/3349
f 2739/2789/3351 2744/2791/3353 2743/2790/3352
f 2738/2792/3354 2744/2791/3353 2739/2789/3351
f 2737/2793/3355 2744/2791/3353 2738/2792/3354
f 2737/2793/3355 2745/2794/3356 2744/2791/3353
f 2736/2795/3357 2745/2794/3356 2737/2793/3355
f 2736/2795/3357 2734/2796/3358 2745/2794/3356
f 2736/2795/3357 2735/2797/3359 2734/2796/3358
f 2752/2786/3360 2753/2788/3361 2754/2787/3362
f 2751/2789/3363 2752/2786/3360 2754/2787/3362
f 2751/2789/3363 2754/2787/3362 2755/2790/3364
f 2751/2789/3363 2755/2790/3364 2756/2791/3365
f 2750/2792/3366 2751/2789/3363 2756/2791/3365
f 2749/2793/3367 2750/2792/3366 2756/2791/3365
f 2749/2793/3367 2756/2791/3365 2757/2794/3368
f 2748/2795/3369 2749/2793/3367 2757/2794/3368
f 2748/2795/3369 2757/2794/3368 2746/2796/3370
f 2748/2795/3369 2746/2796/3370 2747/2797/3371
f 2758/2798/3372 2762/2799/3373 2747/2800/3371 2746/2796/3370
f 2759/2801/3374 2763/2802/3375 2762/2799/3376 2758/2798/3377
f 2760/2803/3378 2764/2804/3379 2763/2802/3375 2759/2801/3374
f 2761/2805/3380 2765/2806/3381 2764/2804/3379 2760/2803/3378
f 2734/2807/3358 2735/2808/3359 2765/2806/3382 2761/2805/3383
f 2762/2799/3373 2766/2809/3384 2748/2810/3369 2747/2800/3371
f 2763/2802/3375 2767/2811/3385 2766/2809/3386 2762/2799/3376
f 2764/2804/3379 2768/2812/3387 2767/2811/3385 2763/2802/3375
f 2765/2806/3381 2769/2813/3388 2768/2812/3387 2764/2804/3379
f 2735/2808/3359 2736/2814/3357 2769/2813/3389 2765/2806/3382
f 2766/2809/3384 2770/2815/3390 2749/2816/3367 2748/2810/3369
f 2767/2811/3385 2771/2817/3391 2770/2815/3392 2766/2809/3386
f 2768/2812/3387 2772/2818/3393 2771/2817/3391 2767/2811/3385
f 2769/2813/3388 2773/2819/3394 2772/2818/3393 2768/2812/3387
f 2736/2814/3357 2737/2820/3355 2773/2819/3395 2769/2813/3389
f 2770/2815/3390 2774/2821/3396 2750/2822/3366 2749/2816/3367
f 2771/2817/3391 2775/2823/3397 2774/2821/3398 2770/2815/3392
f 2772/2818/3393 2776/2824/3399 2775/2823/3397 2771/2817/3391
f 2773/2819/3394 2777/2825/3400 2776/2824/3399 2772/2818/3393
f 2737/2820/3355 2738/2826/3354 2777/2825/3401 2773/2819/3395
f 2774/2821/3402 2778/2827/3403 2751/2828/3363 2750/2822/3366
f 2775/2823/3404 2779/2829/3405 2778/2827/3406 2774/2821/3407
f 2776/2824/3408 2780/2830/3409 2779/2829/3405 2775/2823/3404
f 2777/2825/3410 2781/2831/3411 2780/2830/3409 2776/2824/3408
f 2738/2826/3354 2739/2832/3351 2781/2831/3412 2777/2825/3413
f 2778/2827/3403 2782/2833/3414 2752/2834/3360 2751/2828/3363
f 2779/2829/3405 2783/2835/3415 2782/2833/3416 2778/2827/3406
f 2780/2830/3409 2784/2836/3417 2783/2835/3415 2779/2829/3405
f 2781/2831/3411 2785/2837/3418 2784/2836/3417 2780/2830/3409
f 2739/2832/3351 2740/2838/3348 2785/2837/3419 2781/2831/3412
f 2782/2833/3414 2786/2839/3420 2753/2840/3361 2752/2834/3360
f 2783/2835/3415 2787/2841/3421 2786/2839/3422 2782/2833/3416
f 2784/2836/3417 2788/2842/3423 2787/2841/3421 2783/2835/3415
f 2785/2837/3418 2789/2843/3424 2788/2842/3423 2784/2836/3417
f 2740/2838/3348 2741/2844/3350 2789/2843/3425 2785/2837/3419
f 2786/2839/3420 2790/2845/3426 2754/2846/3362 2753/2840/3361
f 2787/2841/3421 2791/2847/3427 2790/2845/3428 2786/2839/3422
f 2788/2842/3423 2792/2848/3429 2791/2847/3427 2787/2841/3421
f 2789/2843/3424 2793/2849/3430 2792/2848/3429 2788/2842/3423
f 2741/2844/3350 2742/2850/3349 2793/2849/3431 2789/2843/3425
f 2790/2845/3426 2794/2851/3432 2755/2852/3364 2754/2846/3362
f 2791/2847/3427 2795/2853/3433 2794/2851/3434 2790/2845/3428
f 2792/2848/3429 2796/2854/3435 2795/2853/3433 2791/2847/3427
f 2793/2849/3430 2797/2855/3436 2796/2854/3435 2792/2848/3429
f 2742/2850/3349 2743/2856/3352 2797/2855/3437 2793/2849/3431
f 2794/2851/3432 2798/2857/3438 2756/2858/3365 2755/2852/3364
f 2795/2853/3433 2799/2859/3439 2798/2857/3440 2794/2851/3434
f 2796/2854/3435 2800/2860/3441 2799/2859/3439 2795/2853/3433
f 2797/2855/3436 2801/2861/3442 2800/2860/3441 2796/2854/3435
f 2743/2856/3352 2744/2862/3353 2801/2861/3443 2797/2855/3437
f 2798/2857/3438 2802/2863/3444 2757/2864/3368 2756/2858/3365
f 2799/2859/3439 2803/2865/3445 2802/2863/3446 2798/2857/3440
f 2800/2860/3441 2804/2866/3447 2803/2865/3445 2799/2859/3439
f 2801/2861/3442 2805/2867/3448 2804/2866/3447 2800/2860/3441
f 2744/2862/3353 2745/2868/3356 2805/2867/3449 2801/2861/3443
f 2802/2863/3444 2758/2869/3372 2746/2794/3370 2757/2864/3368
f 2803/2865/3445 2759/2870/3374 2758/2869/3377 2802/2863/3446
f 2804/2866/3447 2760/2871/3378 2759/2870/3374 2803/2865/3445
f 2805/2867/3448 2761/2872/3380 2760/2871/3378 2804/2866/3447
f 2745/2868/3356 2734/2873/3358 2761/2872/3383 2805/2867/3449
o Receiver_|_left_lower_panel
v 0.102308 0.041410 -0.023000
v 0.102308 0.064308 -0.023000
v 0.248462 0.064308 -0.023000
v 0.253333 0.041410 -0.023000
v 0.102308 0.041410 -0.027000
v 0.102308 0.064308 -0.027000
v 0.248462 0.064308 -0.027000
v 0.253333 0.041410 -0.027000
v 0.101742 0.040845 -0.026766
v 0.101508 0.040610 -0.026200
v 0.101508 0.040610 -0.023800
v 0.101742 0.040845 -0.023234
v 0.101742 0.064873 -0.026766
v 0.101508 0.065108 -0.026200
v 0.101508 0.065108 -0.023800
v 0.101742 0.064873 -0.023234
v 0.248920 0.064873 -0.026766
v 0.249109 0.065108 -0.026200
v 0.249109 0.065108 -0.023800
v 0.248920 0.064873 -0.023234
v 0.254032 0.040845 -0.026766
v 0.254321 0.040610 -0.026200
v 0.254321 0.040610 -0.023800
v 0.254032 0.040845 -0.023234
vn -0.1481 -0.1481 0.9778
vn 0.1377 0.1701 0.9758
vn -0.1481 0.1481 0.9778
vn 0.1523 -0.1233 0.9806
vn -0.1481 -0.1481 -0.9778
vn -0.1481 0.1481 -0.9778
vn 0.1377 0.1701 -0.9758
vn 0.1523 -0.1233 -0.9806
vn -0.1988 -0.1988 -0.9597
vn -0.1988 0.1988 -0.9597
vn -0.9856 -0.0000 -0.1693
vn -0.9239 -0.0000 -0.3827
vn -0.9856 -0.0000 0.1693
vn -0.9239 -0.0000 0.3827
vn -0.1988 0.1988 0.9597
vn -0.1988 -0.1988 0.9597
vn 0.1928 0.2382 -0.9519
vn -0.0000 0.9856 -0.1693
vn -0.0000 0.9847 -0.1744
vn -0.0000 0.9239 -0.3827
vn -0.0000 0.9856 0.1693
vn -0.0000 0.9847 0.1744
vn -0.0000 0.9239 0.3827
vn 0.1928 0.2382 0.9519
vn 0.1960 -0.1587 -0.9677
vn 0.9631 0.2049 -0.1744
vn 0.9650 0.2053 -0.1631
vn 0.9036 0.1923 -0.3827
vn 0.9631 0.2049 0.1744
vn 0.9650 0.2053 0.1631
vn 0.9036 0.1923 0.3827
vn 0.1960 -0.1587 0.9677
vn -0.0000 -0.9866 -0.1631
vn -0.0000 -0.9856 -0.1693
vn -0.0000 -0.9239 -0.3827
vn -0.0000 -0.9866 0.1631
vn -0.0000 -0.9856 0.1693
vn -0.0000 -0.9239 0.3827
vt 0.000000 0.000000
vt 0.666667 0.000000
vt 0.333333 0.000000
vt 1.000000 0.000000
vt 0.000000 0.200000
vt 0.250000 0.200000
vt 0.250000 0.000000
vt 0.000000 0.400000
vt 0.250000 0.400000
vt 0.000000 0.600000
vt 0.250000 0.600000
vt 0.000000 0.800000
vt 0.250000 0.800000
vt 0.000000 1.000000
vt 0.250000 1.000000
vt 0.500000 0.200000
vt 0.500000 0.000000
vt 0.500000 0.400000
vt 0.500000 0.600000
vt 0.500000 0.800000
vt 0.500000 1.000000
vt 0.750000 0.200000
vt 0.750000 0.000000
vt 0.750000 0.400000
vt 0.750000 0.600000
vt 0.750000 0.800000
vt 0.750000 1.000000
vt 1.000000 0.200000
vt 1.000000 0.400000
vt 1.000000 0.600000
vt 1.000000 0.800000
vt 1.000000 1.000000
s 1
usemtl Lacquer_|_gloss_black
f 2806/2874/3450 2808/2875/3451 2807/2876/3452
f 2806/2874/3450 2809/2877/3453 2808/2875/3451
f 2810/2874/3454 2811/2876/3455 2812/2875/3456
f 2810/2874/3454 2812/2875/3456 2813/2877/3457
f 2814/2878/3458 2818/2879/3459 2811/2880/3455 2810/2874/3454
f 2815/2881/3460 2819/2882/3460 2818/2879/3461 2814/2878/3461
f 2816/2883/3462 2820/2884/3462 2819/2882/3460 2815/2881/3460
f 2817/2885/3463 2821/2886/3463 2820/2884/3462 2816/2883/3462
f 2806/2887/3450 2807/2888/3452 2821/2886/3464 2817/2885/3465
f 2818/2879/3459 2822/2889/3466 2812/2890/3456 2811/2880/3455
f 2819/2882/3467 2823/2891/3468 2822/2889/3469 2818/2879/3469
f 2820/2884/3470 2824/2892/3471 2823/2891/3468 2819/2882/3467
f 2821/2886/3472 2825/2893/3472 2824/2892/3471 2820/2884/3470
f 2807/2888/3452 2808/2894/3451 2825/2893/3473 2821/2886/3464
f 2822/2889/3466 2826/2895/3474 2813/2896/3457 2812/2890/3456
f 2823/2891/3475 2827/2897/3476 2826/2895/3477 2822/2889/3477
f 2824/2892/3478 2828/2898/3479 2827/2897/3476 2823/2891/3475
f 2825/2893/3480 2829/2899/3480 2828/2898/3479 2824/2892/3478
f 2808/2894/3451 2809/2900/3453 2829/2899/3481 2825/2893/3473
f 2826/2895/3474 2814/2901/3458 2810/2877/3454 2813/2896/3457
f 2827/2897/3482 2815/2902/3483 2814/2901/3484 2826/2895/3484
f 2828/2898/3485 2816/2903/3486 2815/2902/3483 2827/2897/3482
f 2829/2899/3487 2817/2904/3487 2816/2903/3486 2828/2898/3485
f 2809/2900/3453 2806/2905/3450 2817/2904/3465 2829/2899/3481
o Glow_|_left_receiver_port
v 0.263077 0.072263 -0.026218
v 0.263077 0.072263 -0.023782
v 0.263077 0.070154 -0.022564
v 0.263077 0.068044 -0.023782
v 0.263077 0.068044 -0.026218
v 0.263077 0.070154 -0.027436
v 0.216795 0.072263 -0.026218
v 0.216795 0.072263 -0.023782
v 0.216795 0.070154 -0.022564
v 0.216795 0.068044 -0.023782
v 0.216795 0.068044 -0.026218
v 0.216795 0.070154 -0.027436
v 0.232809 0.072263 -0.026218
v 0.232809 0.072263 -0.023782
v 0.232809 0.070154 -0.022564
v 0.232809 0.068044 -0.023782
v 0.232809 0.068044 -0.026218
v 0.232809 0.070154 -0.027436
v 0.247063 0.072263 -0.026218
v 0.247063 0.072263 -0.023782
v 0.247063 0.070154 -0.022564
v 0.247063 0.068044 -0.023782
v 0.247063 0.068044 -0.026218
v 0.247063 0.070154 -0.027436
vn 1.0000 -0.0000 -0.0000
vn -1.0000 -0.0000 -0.0000
vn -0.0000 0.8660 -0.5000
vn -0.0000 0.5000 -0.8660
vn -0.0000 0.8660 0.5000
vn -0.0000 0.5000 0.8660
vn -0.0000 -0.0000 1.0000
vn -0.0000 -0.8660 0.5000
vn -0.0000 -0.5000 0.8660
vn -0.0000 -0.8660 -0.5000
vn -0.0000 -0.5000 -0.8660
vt 1.000000 0.000000
vt 0.600000 0.000000
vt 0.800000 0.000000
vt 0.400000 0.000000
vt 0.000000 0.000000
vt 0.200000 0.000000
vt 0.000000 1.000000
vt 0.333333 1.000000
vt 0.333333 0.833333
vt 0.000000 0.833333
vt 0.000000 0.166667
vt 0.333333 0.166667
vt 0.333333 0.000000
vt 0.000000 0.333333
vt 0.333333 0.333333
vt 0.000000 0.500000
vt 0.333333 0.500000
vt 0.000000 0.666667
vt 0.333333 0.666667
vt 0.666667 1.000000
vt 0.666667 0.833333
vt 0.666667 0.166667
vt 0.666667 0.000000
vt 0.666667 0.333333
vt 0.666667 0.500000
vt 0.666667 0.666667
vt 1.000000 1.000000
vt 1.000000 0.833333
vt 1.000000 0.166667
vt 1.000000 0.333333
vt 1.000000 0.500000
vt 1.000000 0.666667
s 1
usemtl Glow_|_orange_neon
f 2835/2906/3488 2833/2907/3488 2834/2908/3488
f 2835/2906/3488 2832/2909/3488 2833/2907/3488
f 2830/2910/3488 2832/2909/3488 2835/2906/3488
f 2830/2910/3488 2831/2911/3488 2832/2909/3488
f 2838/2909/3489 2840/2908/3489 2839/2907/3489
f 2838/2909/3489 2841/2906/3489 2840/2908/3489
f 2837/2911/3489 2841/2906/3489 2838/2909/3489
f 2837/2911/3489 2836/2910/3489 2841/2906/3489
f 2836/2912/3490 2842/2913/3490 2847/2914/3491 2841/2915/3491
f 2837/2916/3492 2843/2917/3492 2842/2918/3490 2836/2910/3490
f 2838/2919/3493 2844/2920/3494 2843/2917/3492 2837/2916/3492
f 2839/2921/3495 2845/2922/3495 2844/2920/3494 2838/2919/3496
f 2840/2923/3497 2846/2924/3497 2845/2922/3495 2839/2921/3495
f 2841/2915/3498 2847/2914/3498 2846/2924/3497 2840/2923/3497
f 2842/2913/3490 2848/2925/3490 2853/2926/3491 2847/2914/3491
f 2843/2917/3492 2849/2927/3492 2848/2928/3490 2842/2918/3490
f 2844/2920/3494 2850/2929/3494 2849/2927/3492 2843/2917/3492
f 2845/2922/3495 2851/2930/3495 2850/2929/3494 2844/2920/3494
f 2846/2924/3497 2852/2931/3497 2851/2930/3495 2845/2922/3495
f 2847/2914/3498 2853/2926/3498 2852/2931/3497 2846/2924/3497
f 2848/2925/3490 2830/2932/3490 2835/2933/3491 2853/2926/3491
f 2849/2927/3492 2831/2934/3492 2830/2906/3490 2848/2928/3490
f 2850/2929/3494 2832/2935/3493 2831/2934/3492 2849/2927/3492
f 2851/2930/3495 2833/2936/3495 2832/2935/3496 2850/2929/3494
f 2852/2931/3497 2834/2937/3497 2833/2936/3495 2851/2930/3495
f 2853/2926/3498 2835/2933/3498 2834/2937/3497 2852/2931/3497
o Glow_|_left_stock_rear
v -0.219652 -0.069564 -0.026462
v -0.219652 -0.069564 -0.023538
v -0.222154 -0.069179 -0.022077
v -0.224656 -0.068795 -0.023538
v -0.224656 -0.068795 -0.026462
v -0.222154 -0.069179 -0.027923
v -0.221577 0.068374 -0.026462
v -0.221577 0.068374 -0.023538
v -0.224103 0.068205 -0.022077
v -0.226628 0.068037 -0.023538
v -0.226628 0.068037 -0.026462
v -0.224103 0.068205 -0.027923
v -0.220152 0.048159 -0.026462
v -0.220152 0.048159 -0.023538
v -0.222677 0.047981 -0.022077
v -0.225202 0.047802 -0.023538
v -0.225202 0.047802 -0.026462
v -0.222677 0.047981 -0.027923
v -0.218874 0.030146 -0.026462
v -0.218874 0.030146 -0.023538
v -0.221400 0.029981 -0.022077
v -0.223926 0.029817 -0.023538
v -0.223926 0.029817 -0.026462
v -0.221400 0.029981 -0.027923
v -0.217679 0.009904 -0.026462
v -0.217679 0.009904 -0.023538
v -0.220205 0.009744 -0.022077
v -0.222732 0.009584 -0.023538
v -0.222732 0.009584 -0.026462
v -0.220205 0.009744 -0.027923
v -0.216425 -0.008638 -0.026462
v -0.216425 -0.008638 -0.023538
v -0.218951 -0.008798 -0.022077
v -0.221477 -0.008958 -0.023538
v -0.221477 -0.008958 -0.026462
v -0.218951 -0.008798 -0.027923
v -0.215451 -0.025254 -0.026462
v -0.215451 -0.025254 -0.023538
v -0.217982 -0.025310 -0.022077
v -0.220512 -0.025365 -0.023538
v -0.220512 -0.025365 -0.026462
v -0.217982 -0.025310 -0.027923
v -0.215730 -0.043998 -0.026462
v -0.215730 -0.043998 -0.023538
v -0.218256 -0.043846 -0.022077
v -0.220783 -0.043694 -0.023538
v -0.220783 -0.043694 -0.026462
v -0.218256 -0.043846 -0.027923
v -0.216681 -0.053015 -0.026462
v -0.216681 -0.053015 -0.023538
v -0.219187 -0.052656 -0.022077
v -0.221693 -0.052297 -0.023538
v -0.221693 -0.052297 -0.026462
v -0.219187 -0.052656 -0.027923
v -0.218105 -0.060883 -0.026462
v -0.218105 -0.060883 -0.023538
v -0.220596 -0.060436 -0.022077
v -0.223088 -0.059988 -0.023538
v -0.223088 -0.059988 -0.026462
v -0.220596 -0.060436 -0.027923
vn -0.1521 -0.9884 -0.0000
vn -0.0665 0.9978 -0.0000
vn 0.8636 0.0609 -0.5005
vn 0.8639 0.0611 -0.5000
vn 0.4988 0.0353 -0.8660
vn 0.4988 0.0351 -0.8660
vn 0.8636 0.0609 0.5005
vn 0.8639 0.0611 0.5000
vn 0.4988 0.0351 0.8660
vn 0.4988 0.0353 0.8660
vn -0.4988 -0.0351 0.8660
vn -0.8639 -0.0611 0.5000
vn -0.4988 -0.0353 0.8660
vn -0.8642 -0.0609 -0.4995
vn -0.8639 -0.0611 -0.5000
vn -0.9975 -0.0703 -0.0000
vn -0.4988 -0.0351 -0.8660
vn -0.4988 -0.0353 -0.8660
vn 0.4989 0.0324 -0.8660
vn 0.8647 0.0562 0.4992
vn 0.9979 0.0649 -0.0000
vn 0.4989 0.0324 0.8660
vn -0.8637 -0.0561 0.5008
vn -0.4989 -0.0324 0.8660
vn -0.8637 -0.0561 -0.5008
vn -0.4989 -0.0324 -0.8660
vn 0.4990 0.0316 -0.8660
vn 0.8640 0.0547 0.5006
vn 0.9980 0.0632 -0.0000
vn 0.4990 0.0316 0.8660
vn -0.8646 -0.0548 0.4994
vn -0.4990 -0.0316 0.8660
vn -0.8646 -0.0548 -0.4994
vn -0.4990 -0.0316 -0.8660
vn 0.8647 0.0546 -0.4993
vn 0.4991 0.0315 -0.8660
vn 0.8647 0.0546 0.4994
vn 0.4991 0.0315 0.8660
vn -0.8640 -0.0546 0.5006
vn -0.4991 -0.0315 0.8660
vn -0.8640 -0.0546 -0.5006
vn -0.4991 -0.0315 -0.8660
vn 0.8687 0.0190 -0.4950
vn 0.4999 0.0109 -0.8660
vn 0.8687 0.0190 0.4950
vn 0.4999 0.0109 0.8660
vn -0.8628 -0.0190 0.5051
vn -0.4999 -0.0110 0.8660
vn -0.8628 -0.0190 -0.5051
vn -0.4998 -0.0110 -0.8660
vn 0.8679 -0.0522 -0.4939
vn 0.4990 -0.0300 -0.8661
vn 0.8679 -0.0522 0.4939
vn 0.4990 -0.0300 0.8661
vn -0.8608 0.0518 0.5064
vn -0.4990 0.0300 0.8661
vn -0.8608 0.0518 -0.5064
vn -0.4990 0.0300 -0.8661
vn 0.8601 -0.1231 -0.4950
vn 0.4949 -0.0708 -0.8660
vn 0.8601 -0.1231 0.4950
vn 0.4949 -0.0708 0.8660
vn -0.8543 0.1224 0.5052
vn -0.4949 0.0709 0.8660
vn -0.8543 0.1224 -0.5052
vn -0.4949 0.0709 -0.8660
vn 0.8523 -0.1531 -0.5001
vn 0.4922 -0.0884 -0.8660
vn 0.8523 -0.1531 0.5001
vn 0.4922 -0.0884 0.8660
vn -0.8525 0.1532 0.4997
vn -0.4922 0.0884 0.8660
vn -0.8525 0.1532 -0.4997
vn -0.4922 0.0884 -0.8660
vn 0.8508 -0.1516 -0.5032
vn 0.4923 -0.0877 -0.8660
vn 0.8508 -0.1516 0.5032
vn 0.4923 -0.0877 0.8660
vn -0.8545 0.1521 0.4967
vn -0.4923 0.0877 0.8660
vn -0.8545 0.1521 -0.4967
vn -0.4923 0.0877 -0.8660
vt 0.400000 0.000000
vt 0.000000 0.000000
vt 0.200000 0.000000
vt 1.000000 0.000000
vt 0.600000 0.000000
vt 0.800000 0.000000
vt 0.000000 1.000000
vt 0.111111 1.000000
vt 0.111111 0.833333
vt 0.000000 0.833333
vt 0.000000 0.166667
vt 0.111111 0.166667
vt 0.111111 0.000000
vt 0.000000 0.333333
vt 0.111111 0.333333
vt 0.000000 0.500000
vt 0.111111 0.500000
vt 0.000000 0.666667
vt 0.111111 0.666667
vt 0.222222 1.000000
vt 0.222222 0.833333
vt 0.222222 0.166667
vt 0.222222 0.000000
vt 0.222222 0.333333
vt 0.222222 0.500000
vt 0.222222 0.666667
vt 0.333333 1.000000
vt 0.333333 0.833333
vt 0.333333 0.166667
vt 0.333333 0.000000
vt 0.333333 0.333333
vt 0.333333 0.500000
vt 0.333333 0.666667
vt 0.444444 1.000000
vt 0.444444 0.833333
vt 0.444444 0.166667
vt 0.444444 0.000000
vt 0.444444 0.333333
vt 0.444444 0.500000
vt 0.444444 0.666667
vt 0.555556 1.000000
vt 0.555556 0.833333
vt 0.555556 0.166667
vt 0.555556 0.000000
vt 0.555556 0.333333
vt 0.555556 0.500000
vt 0.555556 0.666667
vt 0.666667 1.000000
vt 0.666667 0.833333
vt 0.666667 0.166667
vt 0.666667 0.000000
vt 0.666667 0.333333
vt 0.666667 0.500000
vt 0.666667 0.666667
vt 0.777778 1.000000
vt 0.777778 0.833333
vt 0.777778 0.166667
vt 0.777778 0.000000
vt 0.777778 0.333333
vt 0.777778 0.500000
vt 0.777778 0.666667
vt 0.888889 1.000000
vt 0.888889 0.833333
vt 0.888889 0.166667
vt 0.888889 0.000000
vt 0.888889 0.333333
vt 0.888889 0.500000
vt 0.888889 0.666667
vt 1.000000 1.000000
vt 1.000000 0.833333
vt 1.000000 0.166667
vt 1.000000 0.333333
vt 1.000000 0.500000
vt 1.000000 0.666667
s 1
usemtl Glow_|_orange_neon
f 2856/2938/3499 2854/2939/3499 2855/2940/3499
f 2856/2938/3499 2859/2941/3499 2854/2939/3499
f 2857/2942/3499 2859/2941/3499 2856/2938/3499
f 2857/2942/3499 2858/2943/3499 2859/2941/3499
f 2862/2938/3500 2864/2943/3500 2863/2942/3500
f 2862/2938/3500 2865/2941/3500 2864/2943/3500
f 2861/2940/3500 2865/2941/3500 2862/2938/3500
f 2861/2940/3500 2860/2939/3500 2865/2941/3500
f 2860/2944/3501 2866/2945/3502 2871/2946/3503 2865/2947/3504
f 2861/2948/3505 2867/2949/3506 2866/2950/3502 2860/2939/3501
f 2862/2951/3507 2868/2952/3508 2867/2949/3506 2861/2948/3505
f 2863/2953/3509 2869/2954/3510 2868/2952/3511 2862/2951/3509
f 2864/2955/3512 2870/2956/3513 2869/2954/3510 2863/2953/3514
f 2865/2947/3515 2871/2946/3516 2870/2956/3513 2864/2955/3512
f 2866/2945/3502 2872/2957/3517 2877/2958/3517 2871/2946/3503
f 2867/2949/3506 2873/2959/3518 2872/2960/3519 2866/2950/3502
f 2868/2952/3508 2874/2961/3520 2873/2959/3518 2867/2949/3506
f 2869/2954/3510 2875/2962/3521 2874/2961/3522 2868/2952/3511
f 2870/2956/3513 2876/2963/3523 2875/2962/3521 2869/2954/3510
f 2871/2946/3516 2877/2958/3524 2876/2963/3523 2870/2956/3513
f 2872/2957/3517 2878/2964/3525 2883/2965/3525 2877/2958/3517
f 2873/2959/3518 2879/2966/3526 2878/2967/3527 2872/2960/3519
f 2874/2961/3520 2880/2968/3528 2879/2966/3526 2873/2959/3518
f 2875/2962/3521 2881/2969/3529 2880/2968/3530 2874/2961/3522
f 2876/2963/3523 2882/2970/3531 2881/2969/3529 2875/2962/3521
f 2877/2958/3524 2883/2965/3532 2882/2970/3531 2876/2963/3523
f 2878/2964/3525 2884/2971/3533 2889/2972/3534 2883/2965/3525
f 2879/2966/3526 2885/2973/3535 2884/2974/3533 2878/2967/3527
f 2880/2968/3528 2886/2975/3536 2885/2973/3535 2879/2966/3526
f 2881/2969/3529 2887/2976/3537 2886/2975/3538 2880/2968/3530
f 2882/2970/3531 2888/2977/3539 2887/2976/3537 2881/2969/3529
f 2883/2965/3532 2889/2972/3540 2888/2977/3539 2882/2970/3531
f 2884/2971/3533 2890/2978/3541 2895/2979/3542 2889/2972/3534
f 2885/2973/3535 2891/2980/3543 2890/2981/3541 2884/2974/3533
f 2886/2975/3536 2892/2982/3544 2891/2980/3543 2885/2973/3535
f 2887/2976/3537 2893/2983/3545 2892/2982/3546 2886/2975/3538
f 2888/2977/3539 2894/2984/3547 2893/2983/3545 2887/2976/3537
f 2889/2972/3540 2895/2979/3548 2894/2984/3547 2888/2977/3539
f 2890/2978/3541 2896/2985/3549 2901/2986/3550 2895/2979/3542
f 2891/2980/3543 2897/2987/3551 2896/2988/3549 2890/2981/3541
f 2892/2982/3544 2898/2989/3552 2897/2987/3551 2891/2980/3543
f 2893/2983/3545 2899/2990/3553 2898/2989/3554 2892/2982/3546
f 2894/2984/3547 2900/2991/3555 2899/2990/3553 2893/2983/3545
f 2895/2979/3548 2901/2986/3556 2900/2991/3555 2894/2984/3547
f 2896/2985/3549 2902/2992/3557 2907/2993/3558 2901/2986/3550
f 2897/2987/3551 2903/2994/3559 2902/2995/3557 2896/2988/3549
f 2898/2989/3552 2904/2996/3560 2903/2994/3559 2897/2987/3551
f 2899/2990/3553 2905/2997/3561 2904/2996/3562 2898/2989/3554
f 2900/2991/3555 2906/2998/3563 2905/2997/3561 2899/2990/3553
f 2901/2986/3556 2907/2993/3564 2906/2998/3563 2900/2991/3555
f 2902/2992/3557 2908/2999/3565 2913/3000/3566 2907/2993/3558
f 2903/2994/3559 2909/3001/3567 2908/3002/3565 2902/2995/3557
f 2904/2996/3560 2910/3003/3568 2909/3001/3567 2903/2994/3559
f 2905/2997/3561 2911/3004/3569 2910/3003/3570 2904/2996/3562
f 2906/2998/3563 2912/3005/3571 2911/3004/3569 2905/2997/3561
f 2907/2993/3564 2913/3000/3572 2912/3005/3571 2906/2998/3563
f 2908/2999/3565 2854/3006/3573 2859/3007/3574 2913/3000/3566
f 2909/3001/3567 2855/3008/3575 2854/2941/3573 2908/3002/3565
f 2910/3003/3568 2856/3009/3576 2855/3008/3575 2909/3001/3567
f 2911/3004/3569 2857/3010/3577 2856/3009/3578 2910/3003/3570
f 2912/3005/3571 2858/3011/3579 2857/3010/3577 2911/3004/3569
f 2913/3000/3572 2859/3007/3580 2858/3011/3579 2912/3005/3571
o Glow_|_left_stock_sweep
v -0.019789 0.076565 -0.026462
v -0.019789 0.076565 -0.023538
v -0.019487 0.074051 -0.022077
v -0.019186 0.071538 -0.023538
v -0.019186 0.071538 -0.026462
v -0.019487 0.074051 -0.027923
v -0.202254 -0.055698 -0.026462
v -0.202254 -0.055698 -0.023538
v -0.199744 -0.056026 -0.022077
v -0.197233 -0.056353 -0.023538
v -0.197233 -0.056353 -0.026462
v -0.199744 -0.056026 -0.027923
v -0.200396 -0.036271 -0.026462
v -0.200396 -0.036271 -0.023538
v -0.197876 -0.036507 -0.022077
v -0.195355 -0.036743 -0.023538
v -0.195355 -0.036743 -0.026462
v -0.197876 -0.036507 -0.027923
v -0.198791 -0.018754 -0.026462
v -0.198791 -0.018754 -0.023538
v -0.196286 -0.019120 -0.022077
v -0.193781 -0.019486 -0.023538
v -0.193781 -0.019486 -0.026462
v -0.196286 -0.019120 -0.027923
v -0.194906 0.000553 -0.026462
v -0.194906 0.000553 -0.023538
v -0.192436 0.000000 -0.022077
v -0.189966 -0.000553 -0.023538
v -0.189966 -0.000553 -0.026462
v -0.192436 -0.000000 -0.027923
v -0.191700 0.013546 -0.026462
v -0.191700 0.013546 -0.023538
v -0.189273 0.012826 -0.022077
v -0.186846 0.012106 -0.023538
v -0.186846 0.012106 -0.026462
v -0.189273 0.012826 -0.027923
v -0.187649 0.025103 -0.026462
v -0.187649 0.025103 -0.023538
v -0.185413 0.023917 -0.022077
v -0.183176 0.022730 -0.023538
v -0.183176 0.022730 -0.026462
v -0.185413 0.023917 -0.027923
v -0.179550 0.035951 -0.026462
v -0.179550 0.035951 -0.023538
v -0.177821 0.034103 -0.022077
v -0.176091 0.032254 -0.023538
v -0.176091 0.032254 -0.026462
v -0.177821 0.034103 -0.027923
v -0.166220 0.044582 -0.026462
v -0.166220 0.044582 -0.023538
v -0.165188 0.042270 -0.022077
v -0.164157 0.039958 -0.023538
v -0.164157 0.039958 -0.026462
v -0.165188 0.042270 -0.027923
v -0.152311 0.048393 -0.026462
v -0.152311 0.048393 -0.023538
v -0.151677 0.045943 -0.022077
v -0.151043 0.043492 -0.023538
v -0.151043 0.043492 -0.026462
v -0.151677 0.045943 -0.027923
v -0.137095 0.052129 -0.026462
v -0.137095 0.052129 -0.023538
v -0.136410 0.049692 -0.022077
v -0.135725 0.047255 -0.023538
v -0.135725 0.047255 -0.026462
v -0.136410 0.049692 -0.027923
v -0.113800 0.059517 -0.026462
v -0.113800 0.059517 -0.023538
v -0.113077 0.057091 -0.022077
v -0.112354 0.054665 -0.023538
v -0.112354 0.054665 -0.026462
v -0.113077 0.057091 -0.027923
v -0.092703 0.065404 -0.026462
v -0.092703 0.065404 -0.023538
v -0.092091 0.062948 -0.022077
v -0.091478 0.060492 -0.023538
v -0.091478 0.060492 -0.026462
v -0.092091 0.062948 -0.027923
v -0.068674 0.070693 -0.026462
v -0.068674 0.070693 -0.023538
v -0.068205 0.068205 -0.022077
v -0.067736 0.065717 -0.023538
v -0.067736 0.065717 -0.026462
v -0.068205 0.068205 -0.027923
v -0.051766 0.073351 -0.026462
v -0.051766 0.073351 -0.023538
v -0.051444 0.070840 -0.022077
v -0.051122 0.068329 -0.023538
v -0.051122 0.068329 -0.026462
v -0.051444 0.070840 -0.027923
v -0.036645 0.074853 -0.026462
v -0.036645 0.074853 -0.023538
v -0.036393 0.072335 -0.022077
v -0.036140 0.069816 -0.023538
v -0.036140 0.069816 -0.026462
v -0.036393 0.072335 -0.027923
vn 0.9929 0.1191 -0.0000
vn -0.1293 -0.9916 -0.0000
vn -0.8594 0.0822 -0.5046
vn -0.8622 0.0807 -0.5002
vn -0.4980 0.0466 -0.8659
vn -0.4978 0.0476 -0.8660
vn -0.8594 0.0822 0.5046
vn -0.8622 0.0807 0.5002
vn -0.4978 0.0476 0.8660
vn -0.4980 0.0466 0.8659
vn 0.8648 -0.0828 0.4952
vn 0.8625 -0.0807 0.4996
vn 0.4980 -0.0466 0.8659
vn 0.4978 -0.0477 0.8660
vn 0.8648 -0.0828 -0.4952
vn 0.8625 -0.0807 -0.4996
vn 0.4978 -0.0477 -0.8660
vn 0.4980 -0.0466 -0.8659
vn -0.8610 0.1257 -0.4929
vn -0.4945 0.0722 -0.8662
vn -0.8610 0.1257 0.4929
vn -0.4945 0.0722 0.8662
vn 0.8525 -0.1244 0.5077
vn 0.4945 -0.0722 0.8662
vn 0.8525 -0.1244 -0.5077
vn 0.4945 -0.0722 -0.8662
vn -0.8468 0.1896 -0.4969
vn -0.4881 0.1093 -0.8659
vn -0.8468 0.1896 0.4969
vn -0.4881 0.1093 0.8659
vn 0.8435 -0.1888 0.5029
vn 0.4881 -0.1093 0.8659
vn 0.8435 -0.1888 -0.5029
vn 0.4881 -0.1093 -0.8659
vn -0.8338 0.2482 -0.4931
vn -0.4801 0.1428 -0.8655
vn -0.8338 0.2482 0.4931
vn -0.4801 0.1428 0.8655
vn 0.8272 -0.2445 0.5059
vn 0.4803 -0.1422 0.8655
vn 0.8272 -0.2445 -0.5059
vn 0.4803 -0.1422 -0.8655
vn -0.7742 0.4120 -0.4805
vn -0.4409 0.2346 -0.8664
vn -0.7742 0.4120 0.4805
vn -0.4409 0.2346 0.8664
vn 0.7536 -0.3986 0.5226
vn 0.4412 -0.2339 0.8664
vn 0.7536 -0.3986 -0.5226
vn 0.4412 -0.2339 -0.8664
vn -0.6002 0.6417 -0.4775
vn -0.3411 0.3646 -0.8665
vn -0.6002 0.6417 0.4775
vn -0.3411 0.3646 0.8665
vn 0.5808 -0.6207 0.5267
vn 0.3411 -0.3645 0.8665
vn 0.5808 -0.6207 -0.5267
vn 0.3411 -0.3645 -0.8665
vn -0.3584 0.8005 -0.4804
vn -0.2040 0.4557 -0.8664
vn -0.3584 0.8005 0.4804
vn -0.2040 0.4557 0.8664
vn 0.3465 -0.7788 0.5229
vn 0.2033 -0.4560 0.8665
vn 0.3465 -0.7788 -0.5229
vn 0.2033 -0.4560 -0.8665
vn -0.2179 0.8396 -0.4976
vn -0.1258 0.4851 -0.8654
vn -0.2179 0.8396 0.4976
vn -0.1258 0.4851 0.8654
vn 0.2160 -0.8381 0.5010
vn 0.1253 -0.4853 0.8653
vn 0.2160 -0.8381 -0.5010
vn 0.1253 -0.4853 -0.8653
vn -0.2335 0.8311 -0.5047
vn -0.1352 0.4813 -0.8661
vn -0.2335 0.8311 0.5047
vn -0.1352 0.4813 0.8661
vn 0.2350 -0.8362 0.4955
vn 0.1353 -0.4813 0.8661
vn 0.2350 -0.8362 -0.4955
vn 0.1353 -0.4813 -0.8661
vn -0.2477 0.8313 -0.4976
vn -0.1428 0.4792 -0.8660
vn -0.2477 0.8313 0.4976
vn -0.1428 0.4792 0.8660
vn 0.2469 -0.8286 0.5024
vn 0.1428 -0.4792 0.8660
vn 0.2469 -0.8286 -0.5024
vn 0.1428 -0.4792 -0.8660
vn -0.2101 0.8424 -0.4962
vn -0.1210 0.4851 -0.8660
vn -0.2101 0.8424 0.4962
vn -0.1210 0.4851 0.8660
vn 0.2090 -0.8381 0.5039
vn 0.1210 -0.4851 0.8660
vn 0.2090 -0.8381 -0.5039
vn 0.1210 -0.4851 -0.8660
vn -0.1608 0.8534 -0.4959
vn -0.0926 0.4913 -0.8660
vn -0.1608 0.8534 0.4959
vn -0.0926 0.4913 0.8660
vn 0.1599 -0.8486 0.5042
vn 0.0926 -0.4913 0.8660
vn 0.1599 -0.8486 -0.5042
vn 0.0926 -0.4913 -0.8660
vn -0.1104 0.8612 -0.4961
vn -0.0636 0.4959 -0.8660
vn -0.1104 0.8612 0.4961
vn -0.0636 0.4959 0.8660
vn 0.1098 -0.8567 0.5040
vn 0.0635 -0.4959 0.8660
vn 0.1098 -0.8567 -0.5040
vn 0.0635 -0.4959 -0.8660
vn -0.0865 0.8616 -0.5001
vn -0.0500 0.4976 -0.8660
vn -0.0865 0.8616 0.5001
vn -0.0500 0.4976 0.8660
vn 0.0865 -0.8618 0.4998
vn 0.0500 -0.4976 0.8660
vn 0.0865 -0.8618 -0.4998
vn 0.0500 -0.4976 -0.8660
vn -0.0873 0.8602 -0.5025
vn -0.0505 0.4975 -0.8660
vn -0.0873 0.8602 0.5025
vn -0.0505 0.4975 0.8660
vn 0.0877 -0.8630 0.4975
vn 0.0505 -0.4975 0.8660
vn 0.0877 -0.8630 -0.4975
vn 0.0505 -0.4975 -0.8660
vt 1.000000 0.000000
vt 0.600000 0.000000
vt 0.800000 0.000000
vt 0.400000 0.000000
vt 0.000000 0.000000
vt 0.200000 0.000000
vt 0.000000 1.000000
vt 0.066667 1.000000
vt 0.066667 0.833333
vt 0.000000 0.833333
vt 0.000000 0.166667
vt 0.066667 0.166667
vt 0.066667 0.000000
vt 0.000000 0.333333
vt 0.066667 0.333333
vt 0.000000 0.500000
vt 0.066667 0.500000
vt 0.000000 0.666667
vt 0.066667 0.666667
vt 0.133333 1.000000
vt 0.133333 0.833333
vt 0.133333 0.166667
vt 0.133333 0.000000
vt 0.133333 0.333333
vt 0.133333 0.500000
vt 0.133333 0.666667
vt 0.200000 1.000000
vt 0.200000 0.833333
vt 0.200000 0.166667
vt 0.200000 0.333333
vt 0.200000 0.500000
vt 0.200000 0.666667
vt 0.266667 1.000000
vt 0.266667 0.833333
vt 0.266667 0.166667
vt 0.266667 0.000000
vt 0.266667 0.333333
vt 0.266667 0.500000
vt 0.266667 0.666667
vt 0.333333 1.000000
vt 0.333333 0.833333
vt 0.333333 0.166667
vt 0.333333 0.000000
vt 0.333333 0.333333
vt 0.333333 0.500000
vt 0.333333 0.666667
vt 0.400000 1.000000
vt 0.400000 0.833333
vt 0.400000 0.166667
vt 0.400000 0.333333
vt 0.400000 0.500000
vt 0.400000 0.666667
vt 0.466667 1.000000
vt 0.466667 0.833333
vt 0.466667 0.166667
vt 0.466667 0.000000
vt 0.466667 0.333333
vt 0.466667 0.500000
vt 0.466667 0.666667
vt 0.533333 1.000000
vt 0.533333 0.833333
vt 0.533333 0.166667
vt 0.533333 0.000000
vt 0.533333 0.333333
vt 0.533333 0.500000
vt 0.533333 0.666667
vt 0.600000 1.000000
vt 0.600000 0.833333
vt 0.600000 0.166667
vt 0.600000 0.333333
vt 0.600000 0.500000
vt 0.600000 0.666667
vt 0.666667 1.000000
vt 0.666667 0.833333
vt 0.666667 0.166667
vt 0.666667 0.000000
vt 0.666667 0.333333
vt 0.666667 0.500000
vt 0.666667 0.666667
vt 0.733333 1.000000
vt 0.733333 0.833333
vt 0.733333 0.166667
vt 0.733333 0.000000
vt 0.733333 0.333333
vt 0.733333 0.500000
vt 0.733333 0.666667
vt 0.800000 1.000000
vt 0.800000 0.833333
vt 0.800000 0.166667
vt 0.800000 0.333333
vt 0.800000 0.500000
vt 0.800000 0.666667
vt 0.866667 1.000000
vt 0.866667 0.833333
vt 0.866667 0.166667
vt 0.866667 0.000000
vt 0.866667 0.333333
vt 0.866667 0.500000
vt 0.866667 0.666667
vt 0.933333 1.000000
vt 0.933333 0.833333
vt 0.933333 0.166667
vt 0.933333 0.000000
vt 0.933333 0.333333
vt 0.933333 0.500000
vt 0.933333 0.666667
vt 1.000000 1.000000
vt 1.000000 0.833333
vt 1.000000 0.166667
vt 1.000000 0.333333
vt 1.000000 0.500000
vt 1.000000 0.666667
s 1
usemtl Glow_|_orange_neon
f 2919/3012/3581 2917/3013/3581 2918/3014/3581
f 2919/3012/3581 2916/3015/3581 2917/3013/3581
f 2914/3016/3581 2916/3015/3581 2919/3012/3581
f 2914/3016/3581 2915/3017/3581 2916/3015/3581
f 2922/3015/3582 2924/3014/3582 2923/3013/3582
f 2922/3015/3582 2925/3012/3582 2924/3014/3582
f 2921/3017/3582 2925/3012/3582 2922/3015/3582
f 2921/3017/3582 2920/3016/3582 2925/3012/3582
f 2920/3018/3583 2926/3019/3584 2931/3020/3585 2925/3021/3586
f 2921/3022/3587 2927/3023/3588 2926/3024/3584 2920/3016/3583
f 2922/3025/3589 2928/3026/3590 2927/3023/3588 2921/3022/3587
f 2923/3027/3591 2929/3028/3592 2928/3026/3593 2922/3025/3594
f 2924/3029/3595 2930/3030/3596 2929/3028/3592 2923/3027/3591
f 2925/3021/3597 2931/3020/3598 2930/3030/3596 2924/3029/3595
f 2926/3019/3584 2932/3031/3599 2937/3032/3600 2931/3020/3585
f 2927/3023/3588 2933/3033/3601 2932/3034/3599 2926/3024/3584
f 2928/3026/3590 2934/3035/3602 2933/3033/3601 2927/3023/3588
f 2929/3028/3592 2935/3036/3603 2934/3035/3604 2928/3026/3593
f 2930/3030/3596 2936/3037/3605 2935/3036/3603 2929/3028/3592
f 2931/3020/3598 2937/3032/3606 2936/3037/3605 2930/3030/3596
f 2932/3031/3599 2938/3038/3607 2943/3039/3608 2937/3032/3600
f 2933/3033/3601 2939/3040/3609 2938/3017/3607 2932/3034/3599
f 2934/3035/3602 2940/3041/3610 2939/3040/3609 2933/3033/3601
f 2935/3036/3603 2941/3042/3611 2940/3041/3612 2934/3035/3604
f 2936/3037/3605 2942/3043/3613 2941/3042/3611 2935/3036/3603
f 2937/3032/3606 2943/3039/3614 2942/3043/3613 2936/3037/3605
f 2938/3038/3607 2944/3044/3615 2949/3045/3616 2943/3039/3608
f 2939/3040/3609 2945/3046/3617 2944/3047/3615 2938/3017/3607
f 2940/3041/3610 2946/3048/3618 2945/3046/3617 2939/3040/3609
f 2941/3042/3611 2947/3049/3619 2946/3048/3620 2940/3041/3612
f 2942/3043/3613 2948/3050/3621 2947/3049/3619 2941/3042/3611
f 2943/3039/3614 2949/3045/3622 2948/3050/3621 2942/3043/3613
f 2944/3044/3615 2950/3051/3623 2955/3052/3624 2949/3045/3616
f 2945/3046/3617 2951/3053/3625 2950/3054/3623 2944/3047/3615
f 2946/3048/3618 2952/3055/3626 2951/3053/3625 2945/3046/3617
f 2947/3049/3619 2953/3056/3627 2952/3055/3628 2946/3048/3620
f 2948/3050/3621 2954/3057/3629 2953/3056/3627 2947/3049/3619
f 2949/3045/3622 2955/3052/3630 2954/3057/3629 2948/3050/3621
f 2950/3051/3623 2956/3058/3631 2961/3059/3632 2955/3052/3624
f 2951/3053/3625 2957/3060/3633 2956/3015/3631 2950/3054/3623
f 2952/3055/3626 2958/3061/3634 2957/3060/3633 2951/3053/3625
f 2953/3056/3627 2959/3062/3635 2958/3061/3636 2952/3055/3628
f 2954/3057/3629 2960/3063/3637 2959/3062/3635 2953/3056/3627
f 2955/3052/3630 2961/3059/3638 2960/3063/3637 2954/3057/3629
f 2956/3058/3631 2962/3064/3639 2967/3065/3640 2961/3059/3632
f 2957/3060/3633 2963/3066/3641 2962/3067/3639 2956/3015/3631
f 2958/3061/3634 2964/3068/3642 2963/3066/3641 2957/3060/3633
f 2959/3062/3635 2965/3069/3643 2964/3068/3644 2958/3061/3636
f 2960/3063/3637 2966/3070/3645 2965/3069/3643 2959/3062/3635
f 2961/3059/3638 2967/3065/3646 2966/3070/3645 2960/3063/3637
f 2962/3064/3639 2968/3071/3647 2973/3072/3648 2967/3065/3640
f 2963/3066/3641 2969/3073/3649 2968/3074/3647 2962/3067/3639
f 2964/3068/3642 2970/3075/3650 2969/3073/3649 2963/3066/3641
f 2965/3069/3643 2971/3076/3651 2970/3075/3652 2964/3068/3644
f 2966/3070/3645 2972/3077/3653 2971/3076/3651 2965/3069/3643
f 2967/3065/3646 2973/3072/3654 2972/3077/3653 2966/3070/3645
f 2968/3071/3647 2974/3078/3655 2979/3079/3656 2973/3072/3648
f 2969/3073/3649 2975/3080/3657 2974/3013/3655 2968/3074/3647
f 2970/3075/3650 2976/3081/3658 2975/3080/3657 2969/3073/3649
f 2971/3076/3651 2977/3082/3659 2976/3081/3660 2970/3075/3652
f 2972/3077/3653 2978/3083/3661 2977/3082/3659 2971/3076/3651
f 2973/3072/3654 2979/3079/3662 2978/3083/3661 2972/3077/3653
f 2974/3078/3655 2980/3084/3663 2985/3085/3664 2979/3079/3656
f 2975/3080/3657 2981/3086/3665 2980/3087/3663 2974/3013/3655
f 2976/3081/3658 2982/3088/3666 2981/3086/3665 2975/3080/3657
f 2977/3082/3659 2983/3089/3667 2982/3088/3668 2976/3081/3660
f 2978/3083/3661 2984/3090/3669 2983/3089/3667 2977/3082/3659
f 2979/3079/3662 2985/3085/3670 2984/3090/3669 2978/3083/3661
f 2980/3084/3663 2986/3091/3671 2991/3092/3672 2985/3085/3664
f 2981/3086/3665 2987/3093/3673 2986/3094/3671 2980/3087/3663
f 2982/3088/3666 2988/3095/3674 2987/3093/3673 2981/3086/3665
f 2983/3089/3667 2989/3096/3675 2988/3095/3676 2982/3088/3668
f 2984/3090/3669 2990/3097/3677 2989/3096/3675 2983/3089/3667
f 2985/3085/3670 2991/3092/3678 2990/3097/3677 2984/3090/3669
f 2986/3091/3671 2992/3098/3679 2997/3099/3680 2991/3092/3672
f 2987/3093/3673 2993/3100/3681 2992/3014/3679 2986/3094/3671
f 2988/3095/3674 2994/3101/3682 2993/3100/3681 2987/3093/3673
f 2989/3096/3675 2995/3102/3683 2994/3101/3684 2988/3095/3676
f 2990/3097/3677 2996/3103/3685 2995/3102/3683 2989/3096/3675
f 2991/3092/3678 2997/3099/3686 2996/3103/3685 2990/3097/3677
f 2992/3098/3679 2998/3104/3687 3003/3105/3688 2997/3099/3680
f 2993/3100/3681 2999/3106/3689 2998/3107/3687 2992/3014/3679
f 2994/3101/3682 3000/3108/3690 2999/3106/3689 2993/3100/3681
f 2995/3102/3683 3001/3109/3691 3000/3108/3692 2994/3101/3684
f 2996/3103/3685 3002/3110/3693 3001/3109/3691 2995/3102/3683
f 2997/3099/3686 3003/3105/3694 3002/3110/3693 2996/3103/3685
f 2998/3104/3687 3004/3111/3695 3009/3112/3696 3003/3105/3688
f 2999/3106/3689 3005/3113/3697 3004/3114/3695 2998/3107/3687
f 3000/3108/3690 3006/3115/3698 3005/3113/3697 2999/3106/3689
f 3001/3109/3691 3007/3116/3699 3006/3115/3700 3000/3108/3692
f 3002/3110/3693 3008/3117/3701 3007/3116/3699 3001/3109/3691
f 3003/3105/3694 3009/3112/3702 3008/3117/3701 3002/3110/3693
f 3004/3111/3695 2914/3118/3703 2919/3119/3704 3009/3112/3696
f 3005/3113/3697 2915/3120/3705 2914/3012/3703 3004/3114/3695
f 3006/3115/3698 2916/3121/3706 2915/3120/3705 3005/3113/3697
f 3007/3116/3699 2917/3122/3707 2916/3121/3708 3006/3115/3700
f 3008/3117/3701 2918/3123/3709 2917/3122/3707 3007/3116/3699
f 3009/3112/3702 2919/3119/3710 2918/3123/3709 3008/3117/3701
o Glow_|_left_stock_lower
v 0.038827 0.027860 -0.026462
v 0.038827 0.027860 -0.023538
v 0.038974 0.025333 -0.022077
v 0.039122 0.022806 -0.023538
v 0.039122 0.022806 -0.026462
v 0.038974 0.025333 -0.027923
v -0.188929 -0.053893 -0.026462
v -0.188929 -0.053893 -0.023538
v -0.187564 -0.056026 -0.022077
v -0.186200 -0.058158 -0.023538
v -0.186200 -0.058158 -0.026462
v -0.187564 -0.056026 -0.027923
v -0.167997 -0.040226 -0.026462
v -0.167997 -0.040226 -0.023538
v -0.166612 -0.042345 -0.022077
v -0.165227 -0.044464 -0.023538
v -0.165227 -0.044464 -0.026462
v -0.166612 -0.042345 -0.027923
v -0.149334 -0.028010 -0.026462
v -0.149334 -0.028010 -0.023538
v -0.147978 -0.030148 -0.022077
v -0.146622 -0.032285 -0.023538
v -0.146622 -0.032285 -0.026462
v -0.147978 -0.030148 -0.027923
v -0.127999 -0.014899 -0.026462
v -0.127999 -0.014899 -0.023538
v -0.126667 -0.017051 -0.022077
v -0.125334 -0.019204 -0.023538
v -0.125334 -0.019204 -0.026462
v -0.126667 -0.017051 -0.027923
v -0.108359 -0.002647 -0.026462
v -0.108359 -0.002647 -0.023538
v -0.107044 -0.004810 -0.022077
v -0.105729 -0.006973 -0.023538
v -0.105729 -0.006973 -0.026462
v -0.107044 -0.004810 -0.027923
v -0.090475 0.007938 -0.026462
v -0.090475 0.007938 -0.023538
v -0.089335 0.005678 -0.022077
v -0.088194 0.003418 -0.023538
v -0.088194 0.003418 -0.026462
v -0.089335 0.005678 -0.027923
v -0.069010 0.017015 -0.026462
v -0.069010 0.017015 -0.023538
v -0.068205 0.014615 -0.022077
v -0.067400 0.012215 -0.023538
v -0.067400 0.012215 -0.026462
v -0.068205 0.014615 -0.027923
v -0.052173 0.021269 -0.026462
v -0.052173 0.021269 -0.023538
v -0.051719 0.018779 -0.022077
v -0.051265 0.016288 -0.023538
v -0.051265 0.016288 -0.026462
v -0.051719 0.018779 -0.027923
v -0.036814 0.023019 -0.026462
v -0.036814 0.023019 -0.023538
v -0.036566 0.020500 -0.022077
v -0.036318 0.017981 -0.023538
v -0.036318 0.017981 -0.026462
v -0.036566 0.020500 -0.027923
v -0.019695 0.024446 -0.026462
v -0.019695 0.024446 -0.023538
v -0.019487 0.021923 -0.022077
v -0.019280 0.019400 -0.023538
v -0.019280 0.019400 -0.026462
v -0.019487 0.021923 -0.027923
v 0.000544 0.026088 -0.026462
v 0.000544 0.026088 -0.023538
v 0.000704 0.023562 -0.022077
v 0.000864 0.021036 -0.023538
v 0.000864 0.021036 -0.026462
v 0.000704 0.023562 -0.027923
v 0.018610 0.026912 -0.026462
v 0.018610 0.026912 -0.023538
v 0.018727 0.024383 -0.022077
v 0.018844 0.021854 -0.023538
v 0.018844 0.021854 -0.026462
v 0.018727 0.024383 -0.027923
vn 0.9983 0.0582 -0.0000
vn -0.8423 -0.5391 -0.0000
vn -0.4731 0.7245 -0.5013
vn -0.4739 0.7248 -0.5001
vn -0.2736 0.4185 -0.8660
vn -0.2734 0.4187 -0.8660
vn -0.4731 0.7245 0.5013
vn -0.4739 0.7248 0.5001
vn -0.2734 0.4187 0.8660
vn -0.2736 0.4185 0.8660
vn 0.4739 -0.7257 0.4987
vn 0.4739 -0.7249 0.4999
vn 0.2736 -0.4185 0.8660
vn 0.2734 -0.4187 0.8660
vn 0.4739 -0.7257 -0.4987
vn 0.4739 -0.7249 -0.4999
vn 0.2734 -0.4187 -0.8660
vn 0.2736 -0.4185 -0.8660
vn -0.4645 0.7322 -0.4981
vn -0.2678 0.4222 -0.8660
vn -0.4645 0.7322 0.4981
vn -0.2678 0.4222 0.8660
vn 0.4633 -0.7303 0.5020
vn 0.2678 -0.4222 0.8660
vn 0.4633 -0.7303 -0.5020
vn 0.2678 -0.4222 -0.8660
vn -0.4558 0.7361 -0.5005
vn -0.2632 0.4251 -0.8660
vn -0.4558 0.7361 0.5005
vn -0.2632 0.4251 0.8660
vn 0.4560 -0.7365 0.4995
vn 0.2632 -0.4251 0.8660
vn 0.4560 -0.7365 -0.4995
vn 0.2632 -0.4251 -0.8660
vn -0.4503 0.7409 -0.4983
vn -0.2598 0.4274 -0.8659
vn -0.4503 0.7409 0.4983
vn -0.2598 0.4274 0.8659
vn 0.4495 -0.7392 0.5015
vn 0.2599 -0.4274 0.8659
vn 0.4495 -0.7392 -0.5015
vn 0.2599 -0.4274 -0.8659
vn -0.3924 0.7777 -0.4910
vn -0.2252 0.4463 -0.8661
vn -0.3924 0.7777 0.4910
vn -0.2252 0.4463 0.8661
vn 0.3878 -0.7681 0.5096
vn 0.2253 -0.4462 0.8661
vn 0.3878 -0.7681 -0.5096
vn 0.2253 -0.4462 -0.8661
vn -0.2774 0.8265 -0.4898
vn -0.1590 0.4739 -0.8661
vn -0.2774 0.8265 0.4898
vn -0.1590 0.4739 0.8661
vn 0.2735 -0.8150 0.5109
vn 0.1590 -0.4739 0.8661
vn 0.2735 -0.8150 -0.5109
vn 0.1590 -0.4739 -0.8661
vn -0.1563 0.8570 -0.4911
vn -0.0897 0.4918 -0.8661
vn -0.1563 0.8570 0.4911
vn -0.0897 0.4918 0.8661
vn 0.1541 -0.8465 0.5096
vn 0.0896 -0.4918 0.8661
vn 0.1541 -0.8465 -0.5096
vn 0.0896 -0.4918 -0.8661
vn -0.0851 0.8631 -0.4978
vn -0.0491 0.4978 -0.8659
vn -0.0851 0.8631 0.4978
vn -0.0491 0.4978 0.8659
vn 0.0846 -0.8607 0.5020
vn 0.0490 -0.4978 0.8659
vn 0.0846 -0.8607 -0.5020
vn 0.0490 -0.4978 -0.8659
vn -0.0710 0.8632 -0.4998
vn -0.0410 0.4983 -0.8660
vn -0.0710 0.8632 0.4998
vn -0.0410 0.4983 0.8660
vn 0.0710 -0.8630 0.5001
vn 0.0410 -0.4983 0.8660
vn 0.0710 -0.8630 -0.5001
vn 0.0410 -0.4983 -0.8660
vn -0.0548 0.8657 -0.4976
vn -0.0316 0.4990 -0.8660
vn -0.0548 0.8657 0.4976
vn -0.0316 0.4990 0.8660
vn 0.0546 -0.8629 0.5025
vn 0.0316 -0.4990 0.8660
vn 0.0546 -0.8629 -0.5025
vn 0.0316 -0.4990 -0.8660
vn -0.0400 0.8651 -0.5001
vn -0.0231 0.4995 -0.8660
vn -0.0400 0.8651 0.5001
vn -0.0231 0.4995 0.8660
vn 0.0400 -0.8652 0.4999
vn 0.0231 -0.4995 0.8660
vn 0.0400 -0.8652 -0.4999
vn 0.0231 -0.4995 -0.8660
vn -0.0406 0.8642 -0.5016
vn -0.0234 0.4995 -0.8660
vn -0.0406 0.8642 0.5016
vn -0.0234 0.4995 0.8660
vn 0.0407 -0.8660 0.4984
vn 0.0235 -0.4995 0.8660
vn 0.0407 -0.8660 -0.4984
vn 0.0235 -0.4995 -0.8660
vt 1.000000 0.000000
vt 0.600000 0.000000
vt 0.800000 0.000000
vt 0.400000 0.000000
vt 0.000000 0.000000
vt 0.200000 0.000000
vt 0.000000 1.000000
vt 0.083333 1.000000
vt 0.083333 0.833333
vt 0.000000 0.833333
vt 0.000000 0.166667
vt 0.083333 0.166667
vt 0.083333 0.000000
vt 0.000000 0.333333
vt 0.083333 0.333333
vt 0.000000 0.500000
vt 0.083333 0.500000
vt 0.000000 0.666667
vt 0.083333 0.666667
vt 0.166667 1.000000
vt 0.166667 0.833333
vt 0.166667 0.166667
vt 0.166667 0.000000
vt 0.166667 0.333333
vt 0.166667 0.500000
vt 0.166667 0.666667
vt 0.250000 1.000000
vt 0.250000 0.833333
vt 0.250000 0.166667
vt 0.250000 0.000000
vt 0.250000 0.333333
vt 0.250000 0.500000
vt 0.250000 0.666667
vt 0.333333 1.000000
vt 0.333333 0.833333
vt 0.333333 0.166667
vt 0.333333 0.000000
vt 0.333333 0.333333
vt 0.333333 0.500000
vt 0.333333 0.666667
vt 0.416667 1.000000
vt 0.416667 0.833333
vt 0.416667 0.166667
vt 0.416667 0.000000
vt 0.416667 0.333333
vt 0.416667 0.500000
vt 0.416667 0.666667
vt 0.500000 1.000000
vt 0.500000 0.833333
vt 0.500000 0.166667
vt 0.500000 0.000000
vt 0.500000 0.333333
vt 0.500000 0.500000
vt 0.500000 0.666667
vt 0.583333 1.000000
vt 0.583333 0.833333
vt 0.583333 0.166667
vt 0.583333 0.000000
vt 0.583333 0.333333
vt 0.583333 0.500000
vt 0.583333 0.666667
vt 0.666667 1.000000
vt 0.666667 0.833333
vt 0.666667 0.166667
vt 0.666667 0.000000
vt 0.666667 0.333333
vt 0.666667 0.500000
vt 0.666667 0.666667
vt 0.750000 1.000000
vt 0.750000 0.833333
vt 0.750000 0.166667
vt 0.750000 0.000000
vt 0.750000 0.333333
vt 0.750000 0.500000
vt 0.750000 0.666667
vt 0.833333 1.000000
vt 0.833333 0.833333
vt 0.833333 0.166667
vt 0.833333 0.000000
vt 0.833333 0.333333
vt 0.833333 0.500000
vt 0.833333 0.666667
vt 0.916667 1.000000
vt 0.916667 0.833333
vt 0.916667 0.166667
vt 0.916667 0.000000
vt 0.916667 0.333333
vt 0.916667 0.500000
vt 0.916667 0.666667
vt 1.000000 1.000000
vt 1.000000 0.833333
vt 1.000000 0.166667
vt 1.000000 0.333333
vt 1.000000 0.500000
vt 1.000000 0.666667
s 1
usemtl Glow_|_orange_neon
f 3015/3124/3711 3013/3125/3711 3014/3126/3711
f 3015/3124/3711 3012/3127/3711 3013/3125/3711
f 3010/3128/3711 3012/3127/3711 3015/3124/3711
f 3010/3128/3711 3011/3129/3711 3012/3127/3711
f 3018/3127/3712 3020/3126/3712 3019/3125/3712
f 3018/3127/3712 3021/3124/3712 3020/3126/3712
f 3017/3129/3712 3021/3124/3712 3018/3127/3712
f 3017/3129/3712 3016/3128/3712 3021/3124/3712
f 3016/3130/3713 3022/3131/3714 3027/3132/3715 3021/3133/3716
f 3017/3134/3717 3023/3135/3718 3022/3136/3714 3016/3128/3713
f 3018/3137/3719 3024/3138/3720 3023/3135/3718 3017/3134/3717
f 3019/3139/3721 3025/3140/3722 3024/3138/3723 3018/3137/3724
f 3020/3141/3725 3026/3142/3726 3025/3140/3722 3019/3139/3721
f 3021/3133/3727 3027/3132/3728 3026/3142/3726 3020/3141/3725
f 3022/3131/3714 3028/3143/3729 3033/3144/3730 3027/3132/3715
f 3023/3135/3718 3029/3145/3731 3028/3146/3729 3022/3136/3714
f 3024/3138/3720 3030/3147/3732 3029/3145/3731 3023/3135/3718
f 3025/3140/3722 3031/3148/3733 3030/3147/3734 3024/3138/3723
f 3026/3142/3726 3032/3149/3735 3031/3148/3733 3025/3140/3722
f 3027/3132/3728 3033/3144/3736 3032/3149/3735 3026/3142/3726
f 3028/3143/3729 3034/3150/3737 3039/3151/3738 3033/3144/3730
f 3029/3145/3731 3035/3152/3739 3034/3153/3737 3028/3146/3729
f 3030/3147/3732 3036/3154/3740 3035/3152/3739 3029/3145/3731
f 3031/3148/3733 3037/3155/3741 3036/3154/3742 3030/3147/3734
f 3032/3149/3735 3038/3156/3743 3037/3155/3741 3031/3148/3733
f 3033/3144/3736 3039/3151/3744 3038/3156/3743 3032/3149/3735
f 3034/3150/3737 3040/3157/3745 3045/3158/3746 3039/3151/3738
f 3035/3152/3739 3041/3159/3747 3040/3160/3745 3034/3153/3737
f 3036/3154/3740 3042/3161/3748 3041/3159/3747 3035/3152/3739
f 3037/3155/3741 3043/3162/3749 3042/3161/3750 3036/3154/3742
f 3038/3156/3743 3044/3163/3751 3043/3162/3749 3037/3155/3741
f 3039/3151/3744 3045/3158/3752 3044/3163/3751 3038/3156/3743
f 3040/3157/3745 3046/3164/3753 3051/3165/3754 3045/3158/3746
f 3041/3159/3747 3047/3166/3755 3046/3167/3753 3040/3160/3745
f 3042/3161/3748 3048/3168/3756 3047/3166/3755 3041/3159/3747
f 3043/3162/3749 3049/3169/3757 3048/3168/3758 3042/3161/3750
f 3044/3163/3751 3050/3170/3759 3049/3169/3757 3043/3162/3749
f 3045/3158/3752 3051/3165/3760 3050/3170/3759 3044/3163/3751
f 3046/3164/3753 3052/3171/3761 3057/3172/3762 3051/3165/3754
f 3047/3166/3755 3053/3173/3763 3052/3174/3761 3046/3167/3753
f 3048/3168/3756 3054/3175/3764 3053/3173/3763 3047/3166/3755
f 3049/3169/3757 3055/3176/3765 3054/3175/3766 3048/3168/3758
f 3050/3170/3759 3056/3177/3767 3055/3176/3765 3049/3169/3757
f 3051/3165/3760 3057/3172/3768 3056/3177/3767 3050/3170/3759
f 3052/3171/3761 3058/3178/3769 3063/3179/3770 3057/3172/3762
f 3053/3173/3763 3059/3180/3771 3058/3181/3769 3052/3174/3761
f 3054/3175/3764 3060/3182/3772 3059/3180/3771 3053/3173/3763
f 3055/3176/3765 3061/3183/3773 3060/3182/3774 3054/3175/3766
f 3056/3177/3767 3062/3184/3775 3061/3183/3773 3055/3176/3765
f 3057/3172/3768 3063/3179/3776 3062/3184/3775 3056/3177/3767
f 3058/3178/3769 3064/3185/3777 3069/3186/3778 3063/3179/3770
f 3059/3180/3771 3065/3187/3779 3064/3188/3777 3058/3181/3769
f 3060/3182/3772 3066/3189/3780 3065/3187/3779 3059/3180/3771
f 3061/3183/3773 3067/3190/3781 3066/3189/3782 3060/3182/3774
f 3062/3184/3775 3068/3191/3783 3067/3190/3781 3061/3183/3773
f 3063/3179/3776 3069/3186/3784 3068/3191/3783 3062/3184/3775
f 3064/3185/3777 3070/3192/3785 3075/3193/3786 3069/3186/3778
f 3065/3187/3779 3071/3194/3787 3070/3195/3785 3064/3188/3777
f 3066/3189/3780 3072/3196/3788 3071/3194/3787 3065/3187/3779
f 3067/3190/3781 3073/3197/3789 3072/3196/3790 3066/3189/3782
f 3068/3191/3783 3074/3198/3791 3073/3197/3789 3067/3190/3781
f 3069/3186/3784 3075/3193/3792 3074/3198/3791 3068/3191/3783
f 3070/3192/3785 3076/3199/3793 3081/3200/3794 3075/3193/3786
f 3071/3194/3787 3077/3201/3795 3076/3202/3793 3070/3195/3785
f 3072/3196/3788 3078/3203/3796 3077/3201/3795 3071/3194/3787
f 3073/3197/3789 3079/3204/3797 3078/3203/3798 3072/3196/3790
f 3074/3198/3791 3080/3205/3799 3079/3204/3797 3073/3197/3789
f 3075/3193/3792 3081/3200/3800 3080/3205/3799 3074/3198/3791
f 3076/3199/3793 3082/3206/3801 3087/3207/3802 3081/3200/3794
f 3077/3201/3795 3083/3208/3803 3082/3209/3801 3076/3202/3793
f 3078/3203/3796 3084/3210/3804 3083/3208/3803 3077/3201/3795
f 3079/3204/3797 3085/3211/3805 3084/3210/3806 3078/3203/3798
f 3080/3205/3799 3086/3212/3807 3085/3211/3805 3079/3204/3797
f 3081/3200/3800 3087/3207/3808 3086/3212/3807 3080/3205/3799
f 3082/3206/3801 3010/3213/3809 3015/3214/3810 3087/3207/3802
f 3083/3208/3803 3011/3215/3811 3010/3124/3809 3082/3209/3801
f 3084/3210/3804 3012/3216/3812 3011/3215/3811 3083/3208/3803
f 3085/3211/3805 3013/3217/3813 3012/3216/3814 3084/3210/3806
f 3086/3212/3807 3014/3218/3815 3013/3217/3813 3085/3211/3805
f 3087/3207/3808 3015/3214/3816 3014/3218/3815 3086/3212/3807
o Stock_|_left_ribbed_inlay
v -0.213385 -0.051154 -0.023200
v -0.226842 -0.032118 -0.023200
v -0.229859 -0.003212 -0.023200
v -0.224883 0.027909 -0.023200
v -0.214359 0.053590 -0.023200
v -0.211356 0.056685 -0.023200
v -0.207630 0.058371 -0.023200
v -0.203614 0.059493 -0.023200
v -0.199744 0.060897 -0.023200
v -0.199744 -0.043846 -0.023200
v -0.203062 -0.046449 -0.023200
v -0.206320 -0.049568 -0.023200
v -0.209700 -0.051654 -0.023200
v -0.213385 -0.051154 -0.026800
v -0.226842 -0.032118 -0.026800
v -0.229859 -0.003212 -0.026800
v -0.224883 0.027909 -0.026800
v -0.214359 0.053590 -0.026800
v -0.211356 0.056685 -0.026800
v -0.207630 0.058371 -0.026800
v -0.203614 0.059493 -0.026800
v -0.199744 0.060897 -0.026800
v -0.199744 -0.043846 -0.026800
v -0.203062 -0.046449 -0.026800
v -0.206320 -0.049568 -0.026800
v -0.209700 -0.051654 -0.026800
v -0.213625 -0.051549 -0.026624
v -0.213724 -0.051713 -0.026200
v -0.213724 -0.051713 -0.023800
v -0.213625 -0.051549 -0.023376
v -0.227252 -0.032273 -0.026624
v -0.227422 -0.032337 -0.026200
v -0.227422 -0.032337 -0.023800
v -0.227252 -0.032273 -0.023376
v -0.230287 -0.003201 -0.026624
v -0.230464 -0.003196 -0.026200
v -0.230464 -0.003196 -0.023800
v -0.230287 -0.003201 -0.023376
v -0.225294 0.028024 -0.026624
v -0.225464 0.028072 -0.026200
v -0.225464 0.028072 -0.023800
v -0.225294 0.028024 -0.023376
v -0.214721 0.053826 -0.026624
v -0.214870 0.053924 -0.026200
v -0.214870 0.053924 -0.023800
v -0.214721 0.053826 -0.023376
v -0.211605 0.057038 -0.026624
v -0.211707 0.057185 -0.026200
v -0.211707 0.057185 -0.023800
v -0.211605 0.057038 -0.023376
v -0.207775 0.058771 -0.026624
v -0.207836 0.058937 -0.026200
v -0.207836 0.058937 -0.023800
v -0.207775 0.058771 -0.023376
v -0.203744 0.059898 -0.026624
v -0.203798 0.060065 -0.026200
v -0.203798 0.060065 -0.023800
v -0.203744 0.059898 -0.023376
v -0.199319 0.061503 -0.026624
v -0.199144 0.061753 -0.026200
v -0.199144 0.061753 -0.023800
v -0.199319 0.061503 -0.023376
v -0.199319 -0.044053 -0.026624
v -0.199144 -0.044138 -0.026200
v -0.199144 -0.044138 -0.023800
v -0.199319 -0.044053 -0.023376
v -0.202784 -0.046770 -0.026624
v -0.202669 -0.046903 -0.026200
v -0.202669 -0.046903 -0.023800
v -0.202784 -0.046770 -0.023376
v -0.206059 -0.049906 -0.026624
v -0.205951 -0.050046 -0.026200
v -0.205951 -0.050046 -0.023800
v -0.206059 -0.049906 -0.023376
v -0.209606 -0.052095 -0.026624
v -0.209568 -0.052277 -0.026200
v -0.209568 -0.052277 -0.023800
v -0.209606 -0.052095 -0.023376
vn -0.0581 0.1814 0.9817
vn 0.2030 -0.0988 0.9742
vn 0.1060 0.1512 0.9828
vn -0.0696 0.1914 0.9790
vn -0.1230 0.1750 0.9768
vn -0.1792 0.1173 0.9768
vn -0.1998 0.0561 0.9782
vn -0.2090 0.0057 0.9779
vn -0.2048 -0.0770 0.9758
vn -0.1168 -0.1926 0.9743
vn 0.1238 -0.1428 0.9820
vn 0.1264 -0.1634 0.9784
vn 0.0463 -0.2184 0.9748
vn -0.0581 0.1814 -0.9817
vn 0.1060 0.1512 -0.9828
vn 0.2030 -0.0988 -0.9742
vn -0.0696 0.1914 -0.9790
vn -0.1230 0.1750 -0.9768
vn -0.1792 0.1173 -0.9768
vn -0.1998 0.0561 -0.9782
vn -0.2090 0.0057 -0.9779
vn -0.2048 -0.0770 -0.9758
vn -0.1168 -0.1926 -0.9743
vn 0.1238 -0.1428 -0.9820
vn 0.1264 -0.1634 -0.9784
vn 0.0463 -0.2184 -0.9748
vn -0.1841 -0.3036 -0.9348
vn -0.3482 -0.1309 -0.9282
vn -0.8026 -0.5674 -0.1843
vn -0.9181 -0.3452 -0.1948
vn -0.8605 -0.3236 -0.3936
vn -0.7544 -0.5333 -0.3827
vn -0.8026 -0.5674 0.1843
vn -0.9181 -0.3452 0.1948
vn -0.7544 -0.5333 0.3827
vn -0.8605 -0.3236 0.3936
vn -0.3482 -0.1309 0.9282
vn -0.1841 -0.3036 0.9348
vn -0.3797 0.0104 -0.9250
vn -0.9807 0.0268 -0.1935
vn -0.9223 0.0252 -0.3855
vn -0.9807 0.0268 0.1935
vn -0.9223 0.0252 0.3855
vn -0.3797 0.0104 0.9250
vn -0.3663 0.1029 -0.9248
vn -0.9446 0.2652 -0.1936
vn -0.8886 0.2495 -0.3849
vn -0.9446 0.2652 0.1936
vn -0.8886 0.2495 0.3849
vn -0.3664 0.1029 0.9248
vn -0.3152 0.2063 -0.9263
vn -0.8208 0.5373 -0.1938
vn -0.7709 0.5046 -0.3887
vn -0.8208 0.5373 0.1938
vn -0.7709 0.5046 0.3887
vn -0.3152 0.2063 0.9263
vn -0.2168 0.3083 -0.9262
vn -0.5642 0.8026 -0.1937
vn -0.5299 0.7538 -0.3885
vn -0.5642 0.8026 0.1937
vn -0.5299 0.7538 0.3885
vn -0.2168 0.3083 0.9262
vn -0.1304 0.3588 -0.9243
vn -0.3352 0.9220 -0.1938
vn -0.3156 0.8679 -0.3836
vn -0.3352 0.9220 0.1938
vn -0.3156 0.8679 0.3836
vn -0.1304 0.3588 0.9243
vn -0.1168 0.3642 -0.9240
vn -0.2994 0.9338 -0.1961
vn -0.2820 0.8797 -0.3829
vn -0.2994 0.9338 0.1961
vn -0.2820 0.8797 0.3829
vn -0.1168 0.3642 0.9240
vn -0.1305 0.3598 -0.9239
vn -0.3367 0.9282 -0.1581
vn -0.3150 0.8685 -0.3827
vn -0.3367 0.9282 0.1581
vn -0.3150 0.8685 0.3827
vn -0.1305 0.3597 0.9239
vn 0.3827 -0.0000 -0.9239
vn 0.3138 -0.1527 -0.9371
vn 0.9874 -0.0000 -0.1581
vn 0.9831 -0.0000 -0.1829
vn 0.9239 -0.0000 -0.3827
vn 0.9874 -0.0000 0.1581
vn 0.9831 -0.0000 0.1829
vn 0.9239 -0.0000 0.3827
vn 0.3138 -0.1527 0.9371
vn 0.3827 -0.0000 0.9239
vn 0.2505 -0.2888 -0.9240
vn 0.6067 -0.7736 -0.1829
vn 0.6424 -0.7408 -0.1965
vn 0.6052 -0.6979 -0.3831
vn 0.5701 -0.7270 -0.3827
vn 0.6067 -0.7736 0.1829
vn 0.6424 -0.7408 0.1965
vn 0.5701 -0.7270 0.3827
vn 0.6052 -0.6979 0.3831
vn 0.2505 -0.2888 0.9240
vn 0.2330 -0.3013 -0.9246
vn 0.6002 -0.7761 -0.1936
vn 0.5647 -0.7302 -0.3845
vn 0.6002 -0.7761 0.1936
vn 0.5647 -0.7302 0.3845
vn 0.2330 -0.3013 0.9246
vn 0.0754 -0.3554 -0.9317
vn 0.5159 -0.8361 -0.1862
vn 0.4852 -0.7863 -0.3827
vn 0.5159 -0.8361 0.1862
vn 0.4852 -0.7862 0.3827
vn 0.0754 -0.3554 0.9317
vn -0.1321 -0.9736 -0.1862
vn -0.1321 -0.9740 -0.1843
vn -0.1242 -0.9155 -0.3827
vn -0.1321 -0.9736 0.1862
vn -0.1321 -0.9740 0.1843
vn -0.1242 -0.9155 0.3827
vt 0.583333 0.000000
vt 0.750000 0.000000
vt 0.666667 0.000000
vt 0.500000 0.000000
vt 0.416667 0.000000
vt 0.333333 0.000000
vt 0.250000 0.000000
vt 0.166667 0.000000
vt 0.083333 0.000000
vt 0.000000 0.000000
vt 0.833333 0.000000
vt 0.916667 0.000000
vt 1.000000 0.000000
vt 0.000000 0.200000
vt 0.076923 0.200000
vt 0.076923 0.000000
vt 0.000000 0.400000
vt 0.076923 0.400000
vt 0.000000 0.600000
vt 0.076923 0.600000
vt 0.000000 0.800000
vt 0.076923 0.800000
vt 0.000000 1.000000
vt 0.076923 1.000000
vt 0.153846 0.200000
vt 0.153846 0.000000
vt 0.153846 0.400000
vt 0.153846 0.600000
vt 0.153846 0.800000
vt 0.153846 1.000000
vt 0.230769 0.200000
vt 0.230769 0.000000
vt 0.230769 0.400000
vt 0.230769 0.600000
vt 0.230769 0.800000
vt 0.230769 1.000000
vt 0.307692 0.200000
vt 0.307692 0.000000
vt 0.307692 0.400000
vt 0.307692 0.600000
vt 0.307692 0.800000
vt 0.307692 1.000000
vt 0.384615 0.200000
vt 0.384615 0.000000
vt 0.384615 0.400000
vt 0.384615 0.600000
vt 0.384615 0.800000
vt 0.384615 1.000000
vt 0.461538 0.200000
vt 0.461538 0.000000
vt 0.461538 0.400000
vt 0.461538 0.600000
vt 0.461538 0.800000
vt 0.461538 1.000000
vt 0.538462 0.200000
vt 0.538462 0.000000
vt 0.538462 0.400000
vt 0.538462 0.600000
vt 0.538462 0.800000
vt 0.538462 1.000000
vt 0.615385 0.200000
vt 0.615385 0.000000
vt 0.615385 0.400000
vt 0.615385 0.600000
vt 0.615385 0.800000
vt 0.615385 1.000000
vt 0.692308 0.200000
vt 0.692308 0.000000
vt 0.692308 0.400000
vt 0.692308 0.600000
vt 0.692308 0.800000
vt 0.692308 1.000000
vt 0.769231 0.200000
vt 0.769231 0.000000
vt 0.769231 0.400000
vt 0.769231 0.600000
vt 0.769231 0.800000
vt 0.769231 1.000000
vt 0.846154 0.200000
vt 0.846154 0.000000
vt 0.846154 0.400000
vt 0.846154 0.600000
vt 0.846154 0.800000
vt 0.846154 1.000000
vt 0.923077 0.200000
vt 0.923077 0.000000
vt 0.923077 0.400000
vt 0.923077 0.600000
vt 0.923077 0.800000
vt 0.923077 1.000000
vt 1.000000 0.200000
vt 1.000000 0.400000
vt 1.000000 0.600000
vt 1.000000 0.800000
vt 1.000000 1.000000
s 1
usemtl Rubber_|_ribbed_black
f 3095/3219/3817 3097/3220/3818 3096/3221/3819
f 3094/3222/3820 3097/3220/3818 3095/3219/3817
f 3093/3223/3821 3097/3220/3818 3094/3222/3820
f 3092/3224/3822 3097/3220/3818 3093/3223/3821
f 3091/3225/3823 3097/3220/3818 3092/3224/3822
f 3090/3226/3824 3097/3220/3818 3091/3225/3823
f 3089/3227/3825 3097/3220/3818 3090/3226/3824
f 3088/3228/3826 3097/3220/3818 3089/3227/3825
f 3088/3228/3826 3098/3229/3827 3097/3220/3818
f 3088/3228/3826 3099/3230/3828 3098/3229/3827
f 3088/3228/3826 3100/3231/3829 3099/3230/3828
f 3108/3219/3830 3109/3221/3831 3110/3220/3832
f 3107/3222/3833 3108/3219/3830 3110/3220/3832
f 3106/3223/3834 3107/3222/3833 3110/3220/3832
f 3105/3224/3835 3106/3223/3834 3110/3220/3832
f 3104/3225/3836 3105/3224/3835 3110/3220/3832
f 3103/3226/3837 3104/3225/3836 3110/3220/3832
f 3102/3227/3838 3103/3226/3837 3110/3220/3832
f 3101/3228/3839 3102/3227/3838 3110/3220/3832
f 3101/3228/3839 3110/3220/3832 3111/3229/3840
f 3101/3228/3839 3111/3229/3840 3112/3230/3841
f 3101/3228/3839 3112/3230/3841 3113/3231/3842
f 3114/3232/3843 3118/3233/3844 3102/3234/3838 3101/3228/3839
f 3115/3235/3845 3119/3236/3846 3118/3233/3847 3114/3232/3848
f 3116/3237/3849 3120/3238/3850 3119/3236/3846 3115/3235/3845
f 3117/3239/3851 3121/3240/3852 3120/3238/3850 3116/3237/3849
f 3088/3241/3826 3089/3242/3825 3121/3240/3853 3117/3239/3854
f 3118/3233/3844 3122/3243/3855 3103/3244/3837 3102/3234/3838
f 3119/3236/3846 3123/3245/3856 3122/3243/3857 3118/3233/3847
f 3120/3238/3850 3124/3246/3858 3123/3245/3856 3119/3236/3846
f 3121/3240/3852 3125/3247/3859 3124/3246/3858 3120/3238/3850
f 3089/3242/3825 3090/3248/3824 3125/3247/3860 3121/3240/3853
f 3122/3243/3855 3126/3249/3861 3104/3250/3836 3103/3244/3837
f 3123/3245/3856 3127/3251/3862 3126/3249/3863 3122/3243/3857
f 3124/3246/3858 3128/3252/3864 3127/3251/3862 3123/3245/3856
f 3125/3247/3859 3129/3253/3865 3128/3252/3864 3124/3246/3858
f 3090/3248/3824 3091/3254/3823 3129/3253/3866 3125/3247/3860
f 3126/3249/3861 3130/3255/3867 3105/3256/3835 3104/3250/3836
f 3127/3251/3862 3131/3257/3868 3130/3255/3869 3126/3249/3863
f 3128/3252/3864 3132/3258/3870 3131/3257/3868 3127/3251/3862
f 3129/3253/3865 3133/3259/3871 3132/3258/3870 3128/3252/3864
f 3091/3254/3823 3092/3260/3822 3133/3259/3872 3129/3253/3866
f 3130/3255/3867 3134/3261/3873 3106/3262/3834 3105/3256/3835
f 3131/3257/3868 3135/3263/3874 3134/3261/3875 3130/3255/3869
f 3132/3258/3870 3136/3264/3876 3135/3263/3874 3131/3257/3868
f 3133/3259/3871 3137/3265/3877 3136/3264/3876 3132/3258/3870
f 3092/3260/3822 3093/3266/3821 3137/3265/3878 3133/3259/3872
f 3134/3261/3873 3138/3267/3879 3107/3268/3833 3106/3262/3834
f 3135/3263/3874 3139/3269/3880 3138/3267/3881 3134/3261/3875
f 3136/3264/3876 3140/3270/3882 3139/3269/3880 3135/3263/3874
f 3137/3265/3877 3141/3271/3883 3140/3270/3882 3136/3264/3876
f 3093/3266/3821 3094/3272/3820 3141/3271/3884 3137/3265/3878
f 3138/3267/3879 3142/3273/3885 3108/3274/3830 3107/3268/3833
f 3139/3269/3880 3143/3275/3886 3142/3273/3887 3138/3267/3881
f 3140/3270/3882 3144/3276/3888 3143/3275/3886 3139/3269/3880
f 3141/3271/3883 3145/3277/3889 3144/3276/3888 3140/3270/3882
f 3094/3272/3820 3095/3278/3817 3145/3277/3890 3141/3271/3884
f 3142/3273/3885 3146/3279/3891 3109/3280/3831 3108/3274/3830
f 3143/3275/3886 3147/3281/3892 3146/3279/3893 3142/3273/3887
f 3144/3276/3888 3148/3282/3894 3147/3281/3892 3143/3275/3886
f 3145/3277/3889 3149/3283/3895 3148/3282/3894 3144/3276/3888
f 3095/3278/3817 3096/3284/3819 3149/3283/3896 3145/3277/3890
f 3146/3279/3897 3150/3285/3898 3110/3286/3832 3109/3280/3831
f 3147/3281/3899 3151/3287/3900 3150/3285/3901 3146/3279/3901
f 3148/3282/3902 3152/3288/3903 3151/3287/3900 3147/3281/3899
f 3149/3283/3904 3153/3289/3904 3152/3288/3903 3148/3282/3902
f 3096/3284/3819 3097/3290/3818 3153/3289/3905 3149/3283/3906
f 3150/3285/3898 3154/3291/3907 3111/3292/3840 3110/3286/3832
f 3151/3287/3908 3155/3293/3909 3154/3291/3910 3150/3285/3911
f 3152/3288/3912 3156/3294/3913 3155/3293/3909 3151/3287/3908
f 3153/3289/3914 3157/3295/3915 3156/3294/3913 3152/3288/3912
f 3097/3290/3818 3098/3296/3827 3157/3295/3916 3153/3289/3905
f 3154/3291/3907 3158/3297/3917 3112/3298/3841 3111/3292/3840
f 3155/3293/3909 3159/3299/3918 3158/3297/3919 3154/3291/3910
f 3156/3294/3913 3160/3300/3920 3159/3299/3918 3155/3293/3909
f 3157/3295/3915 3161/3301/3921 3160/3300/3920 3156/3294/3913
f 3098/3296/3827 3099/3302/3828 3161/3301/3922 3157/3295/3916
f 3158/3297/3917 3162/3303/3923 3113/3304/3842 3112/3298/3841
f 3159/3299/3918 3163/3305/3924 3162/3303/3925 3158/3297/3919
f 3160/3300/3920 3164/3306/3926 3163/3305/3924 3159/3299/3918
f 3161/3301/3921 3165/3307/3927 3164/3306/3926 3160/3300/3920
f 3099/3302/3828 3100/3308/3829 3165/3307/3928 3161/3301/3922
f 3162/3303/3923 3114/3309/3843 3101/3231/3839 3113/3304/3842
f 3163/3305/3929 3115/3310/3930 3114/3309/3931 3162/3303/3931
f 3164/3306/3932 3116/3311/3933 3115/3310/3930 3163/3305/3929
f 3165/3307/3934 3117/3312/3934 3116/3311/3933 3164/3306/3932
f 3100/3308/3829 3088/3313/3826 3117/3312/3854 3165/3307/3928
o Glow_|_left_grip_front
v 0.015027 -0.087032 -0.016538
v 0.015027 -0.087032 -0.019462
v 0.017538 -0.086718 -0.020923
v 0.020050 -0.086404 -0.019462
v 0.020050 -0.086404 -0.016538
v 0.017538 -0.086718 -0.015077
v 0.031766 0.000974 -0.016538
v 0.031766 0.000974 -0.019462
v 0.034103 0.000000 -0.020923
v 0.036439 -0.000974 -0.019462
v 0.036439 -0.000974 -0.016538
v 0.034103 -0.000000 -0.015077
v 0.027339 -0.008998 -0.016538
v 0.027339 -0.008998 -0.019462
v 0.029651 -0.010028 -0.020923
v 0.031963 -0.011058 -0.019462
v 0.031963 -0.011058 -0.016538
v 0.029651 -0.010028 -0.015077
v 0.023317 -0.017994 -0.016538
v 0.023317 -0.017994 -0.019462
v 0.025663 -0.018944 -0.020923
v 0.028010 -0.019894 -0.019462
v 0.028010 -0.019894 -0.016538
v 0.025663 -0.018944 -0.015077
v 0.019523 -0.028426 -0.016538
v 0.019523 -0.028426 -0.019462
v 0.021923 -0.029231 -0.020923
v 0.024323 -0.030036 -0.019462
v 0.024323 -0.030036 -0.016538
v 0.021923 -0.029231 -0.015077
v 0.015911 -0.040161 -0.016538
v 0.015911 -0.040161 -0.019462
v 0.018354 -0.040825 -0.020923
v 0.020797 -0.041489 -0.019462
v 0.020797 -0.041489 -0.016538
v 0.018354 -0.040825 -0.015077
v 0.013374 -0.050910 -0.016538
v 0.013374 -0.050910 -0.019462
v 0.015870 -0.051334 -0.020923
v 0.018365 -0.051758 -0.019462
v 0.018365 -0.051758 -0.016538
v 0.015870 -0.051334 -0.015077
v 0.012085 -0.063252 -0.016538
v 0.012085 -0.063252 -0.019462
v 0.014615 -0.063333 -0.020923
v 0.017146 -0.063414 -0.019462
v 0.017146 -0.063414 -0.016538
v 0.014615 -0.063333 -0.015077
v 0.012425 -0.071720 -0.016538
v 0.012425 -0.071720 -0.019462
v 0.014942 -0.071453 -0.020923
v 0.017460 -0.071185 -0.019462
v 0.017460 -0.071185 -0.016538
v 0.014942 -0.071453 -0.015077
v 0.013689 -0.079065 -0.016538
v 0.013689 -0.079065 -0.019462
v 0.016185 -0.078640 -0.020923
v 0.018680 -0.078216 -0.019462
v 0.018680 -0.078216 -0.016538
v 0.016185 -0.078640 -0.015077
vn 0.1240 -0.9923 -0.0000
vn 0.3846 0.9231 -0.0000
vn -0.7899 0.3507 0.5031
vn -0.7910 0.3524 0.5001
vn -0.4568 0.2035 0.8660
vn -0.4570 0.2029 0.8660
vn -0.7899 0.3507 -0.5031
vn -0.7910 0.3524 -0.5001
vn -0.4570 0.2029 -0.8660
vn -0.4568 0.2035 -0.8660
vn 0.7932 -0.3521 -0.4968
vn 0.7912 -0.3526 -0.4997
vn 0.4568 -0.2036 -0.8660
vn 0.4571 -0.2029 -0.8660
vn 0.7932 -0.3521 0.4968
vn 0.7912 -0.3526 0.4997
vn 0.4571 -0.2029 0.8660
vn 0.4568 -0.2036 0.8660
vn -0.8053 0.3260 0.4952
vn -0.4634 0.1876 0.8661
vn -0.8053 0.3260 -0.4952
vn -0.4634 0.1876 -0.8661
vn 0.8000 -0.3239 -0.5051
vn 0.4634 -0.1876 -0.8661
vn 0.8000 -0.3239 0.5051
vn 0.4634 -0.1876 0.8661
vn -0.8229 0.2761 0.4965
vn -0.4741 0.1590 0.8660
vn -0.8229 0.2761 -0.4965
vn -0.4741 0.1590 -0.8660
vn 0.8192 -0.2748 -0.5034
vn 0.4741 -0.1590 -0.8660
vn 0.8192 -0.2748 0.5034
vn 0.4741 -0.1590 0.8660
vn -0.8383 0.2277 0.4954
vn -0.4826 0.1311 0.8660
vn -0.8383 0.2277 -0.4954
vn -0.4826 0.1311 -0.8660
vn 0.8331 -0.2266 -0.5045
vn 0.4826 -0.1312 -0.8660
vn 0.8331 -0.2266 0.5045
vn 0.4826 -0.1312 0.8660
vn -0.8587 0.1456 0.4914
vn -0.4929 0.0836 0.8661
vn -0.8587 0.1456 -0.4914
vn -0.4929 0.0836 -0.8661
vn 0.8485 -0.1442 -0.5091
vn 0.4929 -0.0837 -0.8661
vn 0.8485 -0.1442 0.5091
vn 0.4929 -0.0837 0.8661
vn -0.8711 0.0279 0.4904
vn -0.4997 0.0160 0.8661
vn -0.8711 0.0279 -0.4904
vn -0.4997 0.0160 -0.8661
vn 0.8596 -0.0275 -0.5103
vn 0.4996 -0.0160 -0.8661
vn 0.8596 -0.0275 0.5103
vn 0.4996 -0.0160 0.8661
vn -0.8662 -0.0916 0.4913
vn -0.4971 -0.0526 0.8661
vn -0.8662 -0.0916 -0.4913
vn -0.4971 -0.0526 -0.8661
vn 0.8557 0.0911 -0.5094
vn 0.4970 0.0528 -0.8661
vn 0.8557 0.0911 0.5094
vn 0.4970 0.0528 0.8661
vn -0.8537 -0.1451 0.5001
vn -0.4932 -0.0839 0.8659
vn -0.8537 -0.1451 -0.5001
vn -0.4932 -0.0839 -0.8659
vn 0.8540 0.1456 -0.4994
vn 0.4932 0.0840 -0.8659
vn 0.8540 0.1456 0.4994
vn 0.4932 0.0840 0.8659
vn -0.8509 -0.1428 0.5056
vn -0.4933 -0.0827 0.8659
vn -0.8509 -0.1428 -0.5056
vn -0.4933 -0.0827 -0.8659
vn 0.8575 0.1435 -0.4941
vn 0.4933 0.0826 -0.8659
vn 0.8575 0.1435 0.4941
vn 0.4933 0.0826 0.8659
vt 0.400000 0.000000
vt 0.000000 0.000000
vt 0.200000 0.000000
vt 1.000000 0.000000
vt 0.600000 0.000000
vt 0.800000 0.000000
vt 0.000000 1.000000
vt 0.111111 1.000000
vt 0.111111 0.833333
vt 0.000000 0.833333
vt 0.000000 0.166667
vt 0.111111 0.166667
vt 0.111111 0.000000
vt 0.000000 0.333333
vt 0.111111 0.333333
vt 0.000000 0.500000
vt 0.111111 0.500000
vt 0.000000 0.666667
vt 0.111111 0.666667
vt 0.222222 1.000000
vt 0.222222 0.833333
vt 0.222222 0.166667
vt 0.222222 0.000000
vt 0.222222 0.333333
vt 0.222222 0.500000
vt 0.222222 0.666667
vt 0.333333 1.000000
vt 0.333333 0.833333
vt 0.333333 0.166667
vt 0.333333 0.000000
vt 0.333333 0.333333
vt 0.333333 0.500000
vt 0.333333 0.666667
vt 0.444444 1.000000
vt 0.444444 0.833333
vt 0.444444 0.166667
vt 0.444444 0.000000
vt 0.444444 0.333333
vt 0.444444 0.500000
vt 0.444444 0.666667
vt 0.555556 1.000000
vt 0.555556 0.833333
vt 0.555556 0.166667
vt 0.555556 0.000000
vt 0.555556 0.333333
vt 0.555556 0.500000
vt 0.555556 0.666667
vt 0.666667 1.000000
vt 0.666667 0.833333
vt 0.666667 0.166667
vt 0.666667 0.000000
vt 0.666667 0.333333
vt 0.666667 0.500000
vt 0.666667 0.666667
vt 0.777778 1.000000
vt 0.777778 0.833333
vt 0.777778 0.166667
vt 0.777778 0.000000
vt 0.777778 0.333333
vt 0.777778 0.500000
vt 0.777778 0.666667
vt 0.888889 1.000000
vt 0.888889 0.833333
vt 0.888889 0.166667
vt 0.888889 0.000000
vt 0.888889 0.333333
vt 0.888889 0.500000
vt 0.888889 0.666667
vt 1.000000 1.000000
vt 1.000000 0.833333
vt 1.000000 0.166667
vt 1.000000 0.333333
vt 1.000000 0.500000
vt 1.000000 0.666667
s 1
usemtl Glow_|_orange_neon
f 3168/3314/3935 3166/3315/3935 3167/3316/3935
f 3168/3314/3935 3171/3317/3935 3166/3315/3935
f 3169/3318/3935 3171/3317/3935 3168/3314/3935
f 3169/3318/3935 3170/3319/3935 3171/3317/3935
f 3175/3318/3936 3177/3317/3936 3176/3319/3936
f 3174/3314/3936 3177/3317/3936 3175/3318/3936
f 3173/3316/3936 3177/3317/3936 3174/3314/3936
f 3173/3316/3936 3172/3315/3936 3177/3317/3936
f 3172/3320/3937 3178/3321/3938 3183/3322/3939 3177/3323/3940
f 3173/3324/3941 3179/3325/3942 3178/3326/3938 3172/3315/3937
f 3174/3327/3943 3180/3328/3944 3179/3325/3942 3173/3324/3941
f 3175/3329/3945 3181/3330/3946 3180/3328/3947 3174/3327/3948
f 3176/3331/3949 3182/3332/3950 3181/3330/3946 3175/3329/3945
f 3177/3323/3951 3183/3322/3952 3182/3332/3950 3176/3331/3949
f 3178/3321/3938 3184/3333/3953 3189/3334/3954 3183/3322/3939
f 3179/3325/3942 3185/3335/3955 3184/3336/3953 3178/3326/3938
f 3180/3328/3944 3186/3337/3956 3185/3335/3955 3179/3325/3942
f 3181/3330/3946 3187/3338/3957 3186/3337/3958 3180/3328/3947
f 3182/3332/3950 3188/3339/3959 3187/3338/3957 3181/3330/3946
f 3183/3322/3952 3189/3334/3960 3188/3339/3959 3182/3332/3950
f 3184/3333/3953 3190/3340/3961 3195/3341/3962 3189/3334/3954
f 3185/3335/3955 3191/3342/3963 3190/3343/3961 3184/3336/3953
f 3186/3337/3956 3192/3344/3964 3191/3342/3963 3185/3335/3955
f 3187/3338/3957 3193/3345/3965 3192/3344/3966 3186/3337/3958
f 3188/3339/3959 3194/3346/3967 3193/3345/3965 3187/3338/3957
f 3189/3334/3960 3195/3341/3968 3194/3346/3967 3188/3339/3959
f 3190/3340/3961 3196/3347/3969 3201/3348/3970 3195/3341/3962
f 3191/3342/3963 3197/3349/3971 3196/3350/3969 3190/3343/3961
f 3192/3344/3964 3198/3351/3972 3197/3349/3971 3191/3342/3963
f 3193/3345/3965 3199/3352/3973 3198/3351/3974 3192/3344/3966
f 3194/3346/3967 3200/3353/3975 3199/3352/3973 3193/3345/3965
f 3195/3341/3968 3201/3348/3976 3200/3353/3975 3194/3346/3967
f 3196/3347/3969 3202/3354/3977 3207/3355/3978 3201/3348/3970
f 3197/3349/3971 3203/3356/3979 3202/3357/3977 3196/3350/3969
f 3198/3351/3972 3204/3358/3980 3203/3356/3979 3197/3349/3971
f 3199/3352/3973 3205/3359/3981 3204/3358/3982 3198/3351/3974
f 3200/3353/3975 3206/3360/3983 3205/3359/3981 3199/3352/3973
f 3201/3348/3976 3207/3355/3984 3206/3360/3983 3200/3353/3975
f 3202/3354/3977 3208/3361/3985 3213/3362/3986 3207/3355/3978
f 3203/3356/3979 3209/3363/3987 3208/3364/3985 3202/3357/3977
f 3204/3358/3980 3210/3365/3988 3209/3363/3987 3203/3356/3979
f 3205/3359/3981 3211/3366/3989 3210/3365/3990 3204/3358/3982
f 3206/3360/3983 3212/3367/3991 3211/3366/3989 3205/3359/3981
f 3207/3355/3984 3213/3362/3992 3212/3367/3991 3206/3360/3983
f 3208/3361/3985 3214/3368/3993 3219/3369/3994 3213/3362/3986
f 3209/3363/3987 3215/3370/3995 3214/3371/3993 3208/3364/3985
f 3210/3365/3988 3216/3372/3996 3215/3370/3995 3209/3363/3987
f 3211/3366/3989 3217/3373/3997 3216/3372/3998 3210/3365/3990
f 3212/3367/3991 3218/3374/3999 3217/3373/3997 3211/3366/3989
f 3213/3362/3992 3219/3369/4000 3218/3374/3999 3212/3367/3991
f 3214/3368/3993 3220/3375/4001 3225/3376/4002 3219/3369/3994
f 3215/3370/3995 3221/3377/4003 3220/3378/4001 3214/3371/3993
f 3216/3372/3996 3222/3379/4004 3221/3377/4003 3215/3370/3995
f 3217/3373/3997 3223/3380/4005 3222/3379/4006 3216/3372/3998
f 3218/3374/3999 3224/3381/4007 3223/3380/4005 3217/3373/3997
f 3219/3369/4000 3225/3376/4008 3224/3381/4007 3218/3374/3999
f 3220/3375/4001 3166/3382/4009 3171/3383/4010 3225/3376/4002
f 3221/3377/4003 3167/3384/4011 3166/3317/4009 3220/3378/4001
f 3222/3379/4004 3168/3385/4012 3167/3384/4011 3221/3377/4003
f 3223/3380/4005 3169/3386/4013 3168/3385/4014 3222/3379/4006
f 3224/3381/4007 3170/3387/4015 3169/3386/4013 3223/3380/4005
f 3225/3376/4008 3171/3383/4016 3170/3387/4015 3224/3381/4007
o Glow_|_left_grip_rear
v -0.014292 0.010164 -0.019462
v -0.014292 0.010164 -0.016538
v -0.012179 0.008769 -0.015077
v -0.010067 0.007374 -0.016538
v -0.010067 0.007374 -0.019462
v -0.012179 0.008769 -0.020923
v -0.054875 -0.062192 -0.019462
v -0.054875 -0.062192 -0.016538
v -0.052615 -0.063333 -0.015077
v -0.050356 -0.064475 -0.016538
v -0.050356 -0.064475 -0.019462
v -0.052615 -0.063333 -0.020923
v -0.047030 -0.046088 -0.019462
v -0.047030 -0.046088 -0.016538
v -0.044753 -0.047195 -0.015077
v -0.042476 -0.048302 -0.016538
v -0.042476 -0.048302 -0.019462
v -0.044753 -0.047195 -0.020923
v -0.040032 -0.031661 -0.019462
v -0.040032 -0.031661 -0.016538
v -0.037780 -0.032817 -0.015077
v -0.035528 -0.033973 -0.016538
v -0.035528 -0.033973 -0.019462
v -0.037780 -0.032817 -0.020923
v -0.031420 -0.015781 -0.019462
v -0.031420 -0.015781 -0.016538
v -0.029231 -0.017051 -0.015077
v -0.027041 -0.018322 -0.016538
v -0.027041 -0.018322 -0.019462
v -0.029231 -0.017051 -0.020923
v -0.025716 -0.006572 -0.019462
v -0.025716 -0.006572 -0.016538
v -0.023595 -0.007953 -0.015077
v -0.021474 -0.009335 -0.016538
v -0.021474 -0.009335 -0.019462
v -0.023595 -0.007953 -0.020923
v -0.020302 0.001344 -0.019462
v -0.020302 0.001344 -0.016538
v -0.018212 -0.000083 -0.015077
v -0.016121 -0.001511 -0.016538
v -0.016121 -0.001511 -0.019462
v -0.018212 -0.000083 -0.020923
vn 0.5511 0.8345 -0.0000
vn -0.4510 -0.8925 -0.0000
vn -0.7775 0.3788 -0.5020
vn -0.7788 0.3786 -0.5001
vn -0.4497 0.2186 -0.8660
vn -0.4495 0.2190 -0.8660
vn -0.7775 0.3788 0.5020
vn -0.7788 0.3786 0.5001
vn -0.4495 0.2190 0.8660
vn -0.4497 0.2186 0.8660
vn 0.7796 -0.3798 0.4980
vn 0.7790 -0.3786 0.4999
vn 0.4497 -0.2186 0.8660
vn 0.4495 -0.2190 0.8660
vn 0.7796 -0.3798 -0.4980
vn 0.7790 -0.3786 -0.4999
vn 0.4495 -0.2190 -0.8660
vn 0.4497 -0.2186 -0.8660
vn -0.7720 0.3963 -0.4969
vn -0.4448 0.2283 -0.8660
vn -0.7720 0.3963 0.4969
vn -0.4448 0.2283 0.8660
vn 0.7688 -0.3946 0.5032
vn 0.4448 -0.2283 0.8660
vn 0.7688 -0.3946 -0.5032
vn 0.4448 -0.2283 -0.8660
vn -0.7510 0.4357 -0.4961
vn -0.4325 0.2509 -0.8660
vn -0.7510 0.4357 0.4961
vn -0.4325 0.2509 0.8660
vn 0.7470 -0.4334 0.5040
vn 0.4324 -0.2509 0.8660
vn 0.7470 -0.4334 -0.5040
vn 0.4324 -0.2509 -0.8660
vn -0.7272 0.4736 -0.4969
vn -0.4190 0.2729 -0.8660
vn -0.7272 0.4736 0.4969
vn -0.4190 0.2729 0.8660
vn 0.7241 -0.4717 0.5032
vn 0.4190 -0.2729 0.8660
vn 0.7241 -0.4717 -0.5032
vn 0.4190 -0.2729 -0.8660
vn -0.7152 0.4883 -0.5001
vn -0.4130 0.2819 -0.8660
vn -0.7152 0.4883 0.5001
vn -0.4130 0.2819 0.8660
vn 0.7153 -0.4884 0.4999
vn 0.4130 -0.2819 0.8660
vn 0.7153 -0.4884 -0.4999
vn 0.4130 -0.2819 -0.8660
vn -0.7147 0.4870 -0.5020
vn -0.4132 0.2816 -0.8660
vn -0.7147 0.4870 0.5020
vn -0.4132 0.2816 0.8660
vn 0.7166 -0.4883 0.4980
vn 0.4132 -0.2816 0.8660
vn 0.7166 -0.4883 -0.4980
vn 0.4132 -0.2816 -0.8660
vt 1.000000 0.000000
vt 0.600000 0.000000
vt 0.800000 0.000000
vt 0.400000 0.000000
vt 0.000000 0.000000
vt 0.200000 0.000000
vt 0.000000 1.000000
vt 0.166667 1.000000
vt 0.166667 0.833333
vt 0.000000 0.833333
vt 0.000000 0.166667
vt 0.166667 0.166667
vt 0.166667 0.000000
vt 0.000000 0.333333
vt 0.166667 0.333333
vt 0.000000 0.500000
vt 0.166667 0.500000
vt 0.000000 0.666667
vt 0.166667 0.666667
vt 0.333333 1.000000
vt 0.333333 0.833333
vt 0.333333 0.166667
vt 0.333333 0.000000
vt 0.333333 0.333333
vt 0.333333 0.500000
vt 0.333333 0.666667
vt 0.500000 1.000000
vt 0.500000 0.833333
vt 0.500000 0.166667
vt 0.500000 0.000000
vt 0.500000 0.333333
vt 0.500000 0.500000
vt 0.500000 0.666667
vt 0.666667 1.000000
vt 0.666667 0.833333
vt 0.666667 0.166667
vt 0.666667 0.000000
vt 0.666667 0.333333
vt 0.666667 0.500000
vt 0.666667 0.666667
vt 0.833333 1.000000
vt 0.833333 0.833333
vt 0.833333 0.166667
vt 0.833333 0.000000
vt 0.833333 0.333333
vt 0.833333 0.500000
vt 0.833333 0.666667
vt 1.000000 1.000000
vt 1.000000 0.833333
vt 1.000000 0.166667
vt 1.000000 0.333333
vt 1.000000 0.500000
vt 1.000000 0.666667
s 1
usemtl Glow_|_orange_neon
f 3231/3388/4017 3229/3389/4017 3230/3390/4017
f 3231/3388/4017 3228/3391/4017 3229/3389/4017
f 3226/3392/4017 3228/3391/4017 3231/3388/4017
f 3226/3392/4017 3227/3393/4017 3228/3391/4017
f 3234/3391/4018 3236/3390/4018 3235/3389/4018
f 3234/3391/4018 3237/3388/4018 3236/3390/4018
f 3233/3393/4018 3237/3388/4018 3234/3391/4018
f 3233/3393/4018 3232/3392/4018 3237/3388/4018
f 3232/3394/4019 3238/3395/4020 3243/3396/4021 3237/3397/4022
f 3233/3398/4023 3239/3399/4024 3238/3400/4020 3232/3392/4019
f 3234/3401/4025 3240/3402/4026 3239/3399/4024 3233/3398/4023
f 3235/3403/4027 3241/3404/4028 3240/3402/4029 3234/3401/4030
f 3236/3405/4031 3242/3406/4032 3241/3404/4028 3235/3403/4027
f 3237/3397/4033 3243/3396/4034 3242/3406/4032 3236/3405/4031
f 3238/3395/4020 3244/3407/4035 3249/3408/4036 3243/3396/4021
f 3239/3399/4024 3245/3409/4037 3244/3410/4035 3238/3400/4020
f 3240/3402/4026 3246/3411/4038 3245/3409/4037 3239/3399/4024
f 3241/3404/4028 3247/3412/4039 3246/3411/4040 3240/3402/4029
f 3242/3406/4032 3248/3413/4041 3247/3412/4039 3241/3404/4028
f 3243/3396/4034 3249/3408/4042 3248/3413/4041 3242/3406/4032
f 3244/3407/4035 3250/3414/4043 3255/3415/4044 3249/3408/4036
f 3245/3409/4037 3251/3416/4045 3250/3417/4043 3244/3410/4035
f 3246/3411/4038 3252/3418/4046 3251/3416/4045 3245/3409/4037
f 3247/3412/4039 3253/3419/4047 3252/3418/4048 3246/3411/4040
f 3248/3413/4041 3254/3420/4049 3253/3419/4047 3247/3412/4039
f 3249/3408/4042 3255/3415/4050 3254/3420/4049 3248/3413/4041
f 3250/3414/4043 3256/3421/4051 3261/3422/4052 3255/3415/4044
f 3251/3416/4045 3257/3423/4053 3256/3424/4051 3250/3417/4043
f 3252/3418/4046 3258/3425/4054 3257/3423/4053 3251/3416/4045
f 3253/3419/4047 3259/3426/4055 3258/3425/4056 3252/3418/4048
f 3254/3420/4049 3260/3427/4057 3259/3426/4055 3253/3419/4047
f 3255/3415/4050 3261/3422/4058 3260/3427/4057 3254/3420/4049
f 3256/3421/4051 3262/3428/4059 3267/3429/4060 3261/3422/4052
f 3257/3423/4053 3263/3430/4061 3262/3431/4059 3256/3424/4051
f 3258/3425/4054 3264/3432/4062 3263/3430/4061 3257/3423/4053
f 3259/3426/4055 3265/3433/4063 3264/3432/4064 3258/3425/4056
f 3260/3427/4057 3266/3434/4065 3265/3433/4063 3259/3426/4055
f 3261/3422/4058 3267/3429/4066 3266/3434/4065 3260/3427/4057
f 3262/3428/4059 3226/3435/4067 3231/3436/4068 3267/3429/4060
f 3263/3430/4061 3227/3437/4069 3226/3388/4067 3262/3431/4059
f 3264/3432/4062 3228/3438/4070 3227/3437/4069 3263/3430/4061
f 3265/3433/4063 3229/3439/4071 3228/3438/4072 3264/3432/4064
f 3266/3434/4065 3230/3440/4073 3229/3439/4071 3265/3433/4063
f 3267/3429/4066 3231/3436/4074 3230/3440/4073 3266/3434/4065
o Grip_|_left_rubber_panel
v -0.029231 -0.063333 -0.016200
v -0.030763 -0.058530 -0.016200
v -0.030226 -0.053873 -0.016200
v -0.028583 -0.049075 -0.016200
v -0.026795 -0.043846 -0.016200
v -0.022546 -0.031437 -0.016200
v -0.017605 -0.020636 -0.016200
v -0.012387 -0.010479 -0.016200
v -0.007308 0.000000 -0.016200
v -0.000243 0.001171 -0.016200
v 0.007065 0.003123 -0.016200
v 0.013886 0.003514 -0.016200
v 0.019487 0.000000 -0.016200
v 0.022735 -0.010397 -0.016200
v 0.019070 -0.020770 -0.016200
v 0.012569 -0.031720 -0.016200
v 0.007308 -0.043846 -0.016200
v 0.005190 -0.052498 -0.016200
v 0.003395 -0.060333 -0.016200
v 0.001730 -0.067841 -0.016200
v 0.000000 -0.075513 -0.016200
v -0.007805 -0.073401 -0.016200
v -0.015942 -0.071910 -0.016200
v -0.023416 -0.069177 -0.016200
v -0.029231 -0.063333 -0.019800
v -0.030763 -0.058530 -0.019800
v -0.030226 -0.053873 -0.019800
v -0.028583 -0.049075 -0.019800
v -0.026795 -0.043846 -0.019800
v -0.022546 -0.031437 -0.019800
v -0.017605 -0.020636 -0.019800
v -0.012387 -0.010479 -0.019800
v -0.007308 -0.000000 -0.019800
v -0.000243 0.001171 -0.019800
v 0.007065 0.003123 -0.019800
v 0.013886 0.003514 -0.019800
v 0.019487 -0.000000 -0.019800
v 0.022735 -0.010397 -0.019800
v 0.019070 -0.020770 -0.019800
v 0.012569 -0.031720 -0.019800
v 0.007308 -0.043846 -0.019800
v 0.005190 -0.052498 -0.019800
v 0.003395 -0.060333 -0.019800
v 0.001730 -0.067841 -0.019800
v 0.000000 -0.075513 -0.019800
v -0.007805 -0.073401 -0.019800
v -0.015942 -0.071910 -0.019800
v -0.023416 -0.069177 -0.019800
v -0.029604 -0.063560 -0.019624
v -0.029758 -0.063654 -0.019200
v -0.029758 -0.063654 -0.016800
v -0.029604 -0.063560 -0.016376
v -0.031195 -0.058572 -0.019624
v -0.031373 -0.058589 -0.019200
v -0.031373 -0.058589 -0.016800
v -0.031195 -0.058572 -0.016376
v -0.030643 -0.053779 -0.019624
v -0.030815 -0.053740 -0.019200
v -0.030815 -0.053740 -0.016800
v -0.030643 -0.053779 -0.016376
v -0.028985 -0.048937 -0.019624
v -0.029151 -0.048880 -0.019200
v -0.029151 -0.048880 -0.016800
v -0.028985 -0.048937 -0.016376
v -0.027196 -0.043709 -0.019624
v -0.027363 -0.043652 -0.019200
v -0.027363 -0.043652 -0.016800
v -0.027196 -0.043709 -0.016376
v -0.022940 -0.031279 -0.019624
v -0.023104 -0.031214 -0.019200
v -0.023104 -0.031214 -0.016800
v -0.022940 -0.031279 -0.016376
v -0.017987 -0.020451 -0.019624
v -0.018145 -0.020374 -0.019200
v -0.018145 -0.020374 -0.016800
v -0.017987 -0.020451 -0.016376
v -0.012767 -0.010289 -0.019624
v -0.012924 -0.010211 -0.019200
v -0.012924 -0.010211 -0.016800
v -0.012767 -0.010289 -0.016376
v -0.007594 0.000383 -0.019624
v -0.007712 0.000541 -0.019200
v -0.007712 0.000541 -0.016800
v -0.007594 0.000383 -0.016376
v -0.000333 0.001586 -0.019624
v -0.000370 0.001758 -0.019200
v -0.000370 0.001758 -0.016800
v -0.000333 0.001586 -0.016376
v 0.006998 0.003544 -0.019624
v 0.006970 0.003719 -0.019200
v 0.006970 0.003719 -0.016800
v 0.006998 0.003544 -0.016376
v 0.013997 0.003945 -0.019624
v 0.014043 0.004123 -0.019200
v 0.014043 0.004123 -0.016800
v 0.013997 0.003945 -0.016376
v 0.019845 0.000276 -0.019624
v 0.019994 0.000390 -0.019200
v 0.019994 0.000390 -0.016800
v 0.019845 0.000276 -0.016376
v 0.023182 -0.010405 -0.019624
v 0.023367 -0.010408 -0.019200
v 0.023367 -0.010408 -0.016800
v 0.023182 -0.010405 -0.016376
v 0.019456 -0.020951 -0.019624
v 0.019616 -0.021026 -0.019200
v 0.019616 -0.021026 -0.016800
v 0.019456 -0.020951 -0.016376
v 0.012947 -0.031914 -0.019624
v 0.013104 -0.031994 -0.019200
v 0.013104 -0.031994 -0.016800
v 0.012947 -0.031914 -0.016376
v 0.007711 -0.043982 -0.019624
v 0.007878 -0.044038 -0.019200
v 0.007878 -0.044038 -0.016800
v 0.007711 -0.043982 -0.016376
v 0.005603 -0.052595 -0.019624
v 0.005774 -0.052636 -0.019200
v 0.005774 -0.052636 -0.016800
v 0.005603 -0.052595 -0.016376
v 0.003809 -0.060426 -0.019624
v 0.003981 -0.060464 -0.019200
v 0.003981 -0.060464 -0.016800
v 0.003809 -0.060426 -0.016376
v 0.002144 -0.067934 -0.019624
v 0.002316 -0.067972 -0.019200
v 0.002316 -0.067972 -0.016800
v 0.002144 -0.067934 -0.016376
v 0.000316 -0.076038 -0.019624
v 0.000448 -0.076256 -0.019200
v 0.000448 -0.076256 -0.016800
v 0.000316 -0.076038 -0.016376
v -0.007899 -0.073815 -0.019624
v -0.007938 -0.073986 -0.019200
v -0.007938 -0.073986 -0.016800
v -0.007899 -0.073815 -0.016376
v -0.016054 -0.072321 -0.019624
v -0.016100 -0.072491 -0.019200
v -0.016100 -0.072491 -0.016800
v -0.016054 -0.072321 -0.016376
v -0.023650 -0.069543 -0.019624
v -0.023747 -0.069694 -0.019200
v -0.023747 -0.069694 -0.016800
v -0.023650 -0.069543 -0.016376
vn -0.0327 0.2036 0.9785
vn 0.1771 0.1365 0.9747
vn 0.0552 0.2148 0.9751
vn -0.0399 0.1848 0.9820
vn -0.1352 0.1809 0.9742
vn -0.1733 0.0865 0.9811
vn 0.2223 -0.0041 0.9750
vn 0.1865 -0.0873 0.9786
vn -0.1779 0.0863 0.9803
vn -0.1865 0.0744 0.9796
vn 0.1667 -0.0852 0.9823
vn -0.1846 0.0632 0.9808
vn 0.1747 -0.0588 0.9829
vn 0.1890 -0.0448 0.9810
vn -0.2017 0.0456 0.9784
vn 0.1899 -0.0428 0.9809
vn -0.2148 -0.0209 0.9764
vn -0.1860 -0.1129 0.9760
vn 0.1906 -0.0426 0.9807
vn -0.1166 -0.1822 0.9763
vn -0.0420 -0.1853 0.9818
vn 0.1069 -0.1774 0.9783
vn -0.0537 -0.1973 0.9789
vn -0.0327 0.2036 -0.9785
vn 0.0552 0.2148 -0.9751
vn 0.1771 0.1365 -0.9747
vn -0.0399 0.1848 -0.9820
vn -0.1352 0.1809 -0.9742
vn -0.1733 0.0865 -0.9811
vn 0.2223 -0.0041 -0.9750
vn 0.1865 -0.0873 -0.9786
vn -0.1779 0.0863 -0.9803
vn -0.1865 0.0744 -0.9796
vn 0.1667 -0.0852 -0.9823
vn -0.1846 0.0632 -0.9808
vn 0.1747 -0.0588 -0.9829
vn 0.1890 -0.0448 -0.9810
vn -0.2017 0.0456 -0.9784
vn 0.1899 -0.0428 -0.9809
vn -0.2148 -0.0209 -0.9764
vn -0.1860 -0.1129 -0.9760
vn 0.1906 -0.0426 -0.9807
vn -0.1166 -0.1822 -0.9763
vn -0.0420 -0.1853 -0.9818
vn 0.1069 -0.1774 -0.9783
vn -0.0537 -0.1973 -0.9789
vn -0.3192 -0.1939 -0.9276
vn -0.3736 -0.0364 -0.9269
vn -0.8384 -0.5092 -0.1944
vn -0.9764 -0.0950 -0.1940
vn -0.9164 -0.0892 -0.3901
vn -0.7863 -0.4776 -0.3920
vn -0.8384 -0.5092 0.1944
vn -0.9764 -0.0950 0.1940
vn -0.7863 -0.4776 0.3920
vn -0.9164 -0.0892 0.3901
vn -0.3736 -0.0364 0.9269
vn -0.3192 -0.1939 0.9276
vn -0.3714 0.0839 -0.9247
vn -0.9570 0.2163 -0.1936
vn -0.9004 0.2035 -0.3846
vn -0.9570 0.2163 0.1936
vn -0.9004 0.2035 0.3846
vn -0.3714 0.0839 0.9247
vn -0.3621 0.1239 -0.9239
vn -0.9279 0.3176 -0.1951
vn -0.8741 0.2992 -0.3827
vn -0.9279 0.3176 0.1951
vn -0.8741 0.2992 0.3827
vn -0.3621 0.1239 0.9239
vn -0.3551 0.1416 -0.9240
vn -0.9112 0.3634 -0.1941
vn -0.8580 0.3422 -0.3831
vn -0.9112 0.3634 0.1941
vn -0.8580 0.3422 0.3831
vn -0.3551 0.1416 0.9240
vn -0.3442 0.1670 -0.9239
vn -0.8825 0.4282 -0.1946
vn -0.8311 0.4033 -0.3828
vn -0.8825 0.4282 0.1946
vn -0.8311 0.4033 0.3828
vn -0.3442 0.1670 0.9239
vn -0.3424 0.1709 -0.9239
vn -0.8775 0.4380 -0.1954
vn -0.8266 0.4126 -0.3827
vn -0.8775 0.4380 0.1954
vn -0.8266 0.4126 0.3827
vn -0.3424 0.1709 0.9239
vn -0.2067 0.2765 -0.9385
vn -0.8848 0.4289 -0.1821
vn -0.8314 0.4030 -0.3827
vn -0.8848 0.4289 0.1821
vn -0.8314 0.4030 0.3827
vn -0.2067 0.2765 0.9385
vn -0.0807 0.3737 -0.9240
vn -0.1608 0.9700 -0.1821
vn -0.2069 0.9584 -0.1965
vn -0.1949 0.9029 -0.3831
vn -0.1511 0.9114 -0.3827
vn -0.1608 0.9700 0.1821
vn -0.2069 0.9584 0.1965
vn -0.1511 0.9114 0.3827
vn -0.1949 0.9029 0.3831
vn -0.0807 0.3737 0.9240
vn -0.0604 0.3762 -0.9246
vn -0.1554 0.9687 -0.1936
vn -0.1462 0.9115 -0.3844
vn -0.1554 0.9687 0.1936
vn -0.1462 0.9115 0.3844
vn -0.0604 0.3762 0.9246
vn 0.0914 0.3555 -0.9302
vn 0.2440 0.9497 -0.1962
vn 0.2282 0.8882 -0.3987
vn 0.2440 0.9497 0.1962
vn 0.2282 0.8882 0.3987
vn 0.0914 0.3555 0.9302
vn 0.2868 0.2211 -0.9321
vn 0.5221 0.8324 -0.1860
vn 0.4909 0.7826 -0.3827
vn 0.5221 0.8324 0.1860
vn 0.4909 0.7826 0.3827
vn 0.2868 0.2211 0.9321
vn 0.3657 -0.0067 -0.9307
vn 0.9379 0.2930 -0.1860
vn 0.9803 -0.0181 -0.1966
vn 0.9163 -0.0169 -0.4001
vn 0.8819 0.2755 -0.3827
vn 0.9379 0.2930 0.1860
vn 0.9803 -0.0181 0.1966
vn 0.8819 0.2755 0.3827
vn 0.9163 -0.0169 0.4001
vn 0.3657 -0.0067 0.9307
vn 0.3452 -0.1615 -0.9245
vn 0.8886 -0.4158 -0.1936
vn 0.8362 -0.3913 -0.3843
vn 0.8886 -0.4158 0.1936
vn 0.8362 -0.3913 0.3843
vn 0.3452 -0.1615 0.9245
vn 0.3402 -0.1739 -0.9241
vn 0.8730 -0.4463 -0.1970
vn 0.8224 -0.4204 -0.3833
vn 0.8730 -0.4463 0.1970
vn 0.8224 -0.4204 0.3833
vn 0.3402 -0.1739 0.9242
vn 0.3616 -0.1217 -0.9244
vn 0.9290 -0.3127 -0.1978
vn 0.8751 -0.2946 -0.3839
vn 0.9290 -0.3127 0.1978
vn 0.8751 -0.2946 0.3839
vn 0.3616 -0.1217 0.9244
vn 0.3724 -0.0882 -0.9239
vn 0.9543 -0.2261 -0.1953
vn 0.8990 -0.2130 -0.3827
vn 0.9543 -0.2261 0.1953
vn 0.8990 -0.2130 0.3827
vn 0.3724 -0.0882 0.9239
vn 0.3733 -0.0842 -0.9239
vn 0.9568 -0.2157 -0.1952
vn 0.9013 -0.2032 -0.3827
vn 0.9568 -0.2157 0.1952
vn 0.9013 -0.2032 0.3827
vn 0.3733 -0.0842 0.9239
vn 0.3735 -0.0835 -0.9239
vn 0.9571 -0.2141 -0.1950
vn 0.9016 -0.2016 -0.3827
vn 0.9571 -0.2141 0.1950
vn 0.9016 -0.2016 0.3827
vn 0.3735 -0.0835 0.9239
vn 0.1422 -0.2360 -0.9613
vn 0.9616 -0.2168 -0.1682
vn 0.9012 -0.2032 -0.3827
vn 0.9616 -0.2168 0.1682
vn 0.9012 -0.2032 0.3827
vn 0.1422 -0.2360 0.9613
vn -0.0845 -0.3730 -0.9240
vn -0.2575 -0.9515 -0.1682
vn -0.2166 -0.9563 -0.1962
vn -0.2040 -0.9009 -0.3830
vn -0.2413 -0.8918 -0.3827
vn -0.2575 -0.9515 0.1682
vn -0.2166 -0.9563 0.1962
vn -0.2413 -0.8918 0.3827
vn -0.2040 -0.9009 0.3830
vn -0.0845 -0.3730 0.9240
vn -0.1003 -0.3681 -0.9244
vn -0.2578 -0.9466 -0.1937
vn -0.2427 -0.8909 -0.3839
vn -0.2578 -0.9466 0.1937
vn -0.2427 -0.8909 0.3839
vn -0.1003 -0.3681 0.9244
vn -0.2021 -0.3158 -0.9271
vn -0.5288 -0.8263 -0.1941
vn -0.4962 -0.7754 -0.3906
vn -0.5288 -0.8263 0.1941
vn -0.4962 -0.7754 0.3906
vn -0.2021 -0.3158 0.9271
vt 0.434783 0.000000
vt 0.521739 0.000000
vt 0.478261 0.000000
vt 0.391304 0.000000
vt 0.347826 0.000000
vt 0.304348 0.000000
vt 0.565217 0.000000
vt 0.608696 0.000000
vt 0.260870 0.000000
vt 0.217391 0.000000
vt 0.652174 0.000000
vt 0.173913 0.000000
vt 0.695652 0.000000
vt 0.130435 0.000000
vt 0.739130 0.000000
vt 0.086957 0.000000
vt 0.782609 0.000000
vt 0.043478 0.000000
vt 0.000000 0.000000
vt 0.826087 0.000000
vt 1.000000 0.000000
vt 0.913043 0.000000
vt 0.869565 0.000000
vt 0.956522 0.000000
vt 0.000000 0.200000
vt 0.041667 0.200000
vt 0.041667 0.000000
vt 0.000000 0.400000
vt 0.041667 0.400000
vt 0.000000 0.600000
vt 0.041667 0.600000
vt 0.000000 0.800000
vt 0.041667 0.800000
vt 0.000000 1.000000
vt 0.041667 1.000000
vt 0.083333 0.200000
vt 0.083333 0.000000
vt 0.083333 0.400000
vt 0.083333 0.600000
vt 0.083333 0.800000
vt 0.083333 1.000000
vt 0.125000 0.200000
vt 0.125000 0.000000
vt 0.125000 0.400000
vt 0.125000 0.600000
vt 0.125000 0.800000
vt 0.125000 1.000000
vt 0.166667 0.200000
vt 0.166667 0.000000
vt 0.166667 0.400000
vt 0.166667 0.600000
vt 0.166667 0.800000
vt 0.166667 1.000000
vt 0.208333 0.200000
vt 0.208333 0.000000
vt 0.208333 0.400000
vt 0.208333 0.600000
vt 0.208333 0.800000
vt 0.208333 1.000000
vt 0.250000 0.200000
vt 0.250000 0.000000
vt 0.250000 0.400000
vt 0.250000 0.600000
vt 0.250000 0.800000
vt 0.250000 1.000000
vt 0.291667 0.200000
vt 0.291667 0.000000
vt 0.291667 0.400000
vt 0.291667 0.600000
vt 0.291667 0.800000
vt 0.291667 1.000000
vt 0.333333 0.200000
vt 0.333333 0.000000
vt 0.333333 0.400000
vt 0.333333 0.600000
vt 0.333333 0.800000
vt 0.333333 1.000000
vt 0.375000 0.200000
vt 0.375000 0.000000
vt 0.375000 0.400000
vt 0.375000 0.600000
vt 0.375000 0.800000
vt 0.375000 1.000000
vt 0.416667 0.200000
vt 0.416667 0.000000
vt 0.416667 0.400000
vt 0.416667 0.600000
vt 0.416667 0.800000
vt 0.416667 1.000000
vt 0.458333 0.200000
vt 0.458333 0.000000
vt 0.458333 0.400000
vt 0.458333 0.600000
vt 0.458333 0.800000
vt 0.458333 1.000000
vt 0.500000 0.200000
vt 0.500000 0.000000
vt 0.500000 0.400000
vt 0.500000 0.600000
vt 0.500000 0.800000
vt 0.500000 1.000000
vt 0.541667 0.200000
vt 0.541667 0.000000
vt 0.541667 0.400000
vt 0.541667 0.600000
vt 0.541667 0.800000
vt 0.541667 1.000000
vt 0.583333 0.200000
vt 0.583333 0.000000
vt 0.583333 0.400000
vt 0.583333 0.600000
vt 0.583333 0.800000
vt 0.583333 1.000000
vt 0.625000 0.200000
vt 0.625000 0.000000
vt 0.625000 0.400000
vt 0.625000 0.600000
vt 0.625000 0.800000
vt 0.625000 1.000000
vt 0.666667 0.200000
vt 0.666667 0.000000
vt 0.666667 0.400000
vt 0.666667 0.600000
vt 0.666667 0.800000
vt 0.666667 1.000000
vt 0.708333 0.200000
vt 0.708333 0.000000
vt 0.708333 0.400000
vt 0.708333 0.600000
vt 0.708333 0.800000
vt 0.708333 1.000000
vt 0.750000 0.200000
vt 0.750000 0.000000
vt 0.750000 0.400000
vt 0.750000 0.600000
vt 0.750000 0.800000
vt 0.750000 1.000000
vt 0.791667 0.200000
vt 0.791667 0.000000
vt 0.791667 0.400000
vt 0.791667 0.600000
vt 0.791667 0.800000
vt 0.791667 1.000000
vt 0.833333 0.200000
vt 0.833333 0.000000
vt 0.833333 0.400000
vt 0.833333 0.600000
vt 0.833333 0.800000
vt 0.833333 1.000000
vt 0.875000 0.200000
vt 0.875000 0.000000
vt 0.875000 0.400000
vt 0.875000 0.600000
vt 0.875000 0.800000
vt 0.875000 1.000000
vt 0.916667 0.200000
vt 0.916667 0.000000
vt 0.916667 0.400000
vt 0.916667 0.600000
vt 0.916667 0.800000
vt 0.916667 1.000000
vt 0.958333 0.200000
vt 0.958333 0.000000
vt 0.958333 0.400000
vt 0.958333 0.600000
vt 0.958333 0.800000
vt 0.958333 1.000000
vt 1.000000 0.200000
vt 1.000000 0.400000
vt 1.000000 0.600000
vt 1.000000 0.800000
vt 1.000000 1.000000
s 1
usemtl Rubber_|_ribbed_black
f 3278/3441/4075 3280/3442/4076 3279/3443/4077
f 3277/3444/4078 3280/3442/4076 3278/3441/4075
f 3276/3445/4079 3280/3442/4076 3277/3444/4078
f 3275/3446/4080 3280/3442/4076 3276/3445/4079
f 3275/3446/4080 3281/3447/4081 3280/3442/4076
f 3275/3446/4080 3282/3448/4082 3281/3447/4081
f 3274/3449/4083 3282/3448/4082 3275/3446/4080
f 3273/3450/4084 3282/3448/4082 3274/3449/4083
f 3273/3450/4084 3283/3451/4085 3282/3448/4082
f 3272/3452/4086 3283/3451/4085 3273/3450/4084
f 3272/3452/4086 3284/3453/4087 3283/3451/4085
f 3271/3454/4086 3284/3453/4087 3272/3452/4086
f 3271/3454/4086 3285/3455/4088 3284/3453/4087
f 3270/3456/4089 3285/3455/4088 3271/3454/4086
f 3270/3456/4089 3286/3457/4090 3285/3455/4088
f 3269/3458/4091 3286/3457/4090 3270/3456/4089
f 3268/3459/4092 3286/3457/4090 3269/3458/4091
f 3268/3459/4092 3287/3460/4093 3286/3457/4090
f 3291/3461/4094 3287/3460/4093 3268/3459/4092
f 3291/3461/4094 3289/3462/4095 3287/3460/4093
f 3289/3462/4095 3288/3463/4096 3287/3460/4093
f 3290/3464/4097 3289/3462/4095 3291/3461/4094
f 3302/3441/4098 3303/3443/4099 3304/3442/4100
f 3301/3444/4101 3302/3441/4098 3304/3442/4100
f 3300/3445/4102 3301/3444/4101 3304/3442/4100
f 3299/3446/4103 3300/3445/4102 3304/3442/4100
f 3299/3446/4103 3304/3442/4100 3305/3447/4104
f 3299/3446/4103 3305/3447/4104 3306/3448/4105
f 3298/3449/4106 3299/3446/4103 3306/3448/4105
f 3297/3450/4107 3298/3449/4106 3306/3448/4105
f 3297/3450/4107 3306/3448/4105 3307/3451/4108
f 3296/3452/4109 3297/3450/4107 3307/3451/4108
f 3296/3452/4109 3307/3451/4108 3308/3453/4110
f 3295/3454/4109 3296/3452/4109 3308/3453/4110
f 3295/3454/4109 3308/3453/4110 3309/3455/4111
f 3294/3456/4112 3295/3454/4109 3309/3455/4111
f 3294/3456/4112 3309/3455/4111 3310/3457/4113
f 3293/3458/4114 3294/3456/4112 3310/3457/4113
f 3292/3459/4115 3293/3458/4114 3310/3457/4113
f 3292/3459/4115 3310/3457/4113 3311/3460/4116
f 3315/3461/4117 3292/3459/4115 3311/3460/4116
f 3315/3461/4117 3311/3460/4116 3313/3462/4118
f 3313/3462/4118 3311/3460/4116 3312/3463/4119
f 3314/3464/4120 3315/3461/4117 3313/3462/4118
f 3316/3465/4121 3320/3466/4122 3293/3467/4114 3292/3459/4115
f 3317/3468/4123 3321/3469/4124 3320/3466/4125 3316/3465/4126
f 3318/3470/4127 3322/3471/4128 3321/3469/4124 3317/3468/4123
f 3319/3472/4129 3323/3473/4130 3322/3471/4128 3318/3470/4127
f 3268/3474/4092 3269/3475/4091 3323/3473/4131 3319/3472/4132
f 3320/3466/4122 3324/3476/4133 3294/3477/4112 3293/3467/4114
f 3321/3469/4124 3325/3478/4134 3324/3476/4135 3320/3466/4125
f 3322/3471/4128 3326/3479/4136 3325/3478/4134 3321/3469/4124
f 3323/3473/4130 3327/3480/4137 3326/3479/4136 3322/3471/4128
f 3269/3475/4091 3270/3481/4089 3327/3480/4138 3323/3473/4131
f 3324/3476/4133 3328/3482/4139 3295/3483/4109 3294/3477/4112
f 3325/3478/4134 3329/3484/4140 3328/3482/4141 3324/3476/4135
f 3326/3479/4136 3330/3485/4142 3329/3484/4140 3325/3478/4134
f 3327/3480/4137 3331/3486/4143 3330/3485/4142 3326/3479/4136
f 3270/3481/4089 3271/3487/4086 3331/3486/4144 3327/3480/4138
f 3328/3482/4139 3332/3488/4139 3296/3489/4109 3295/3483/4109
f 3329/3484/4140 3333/3490/4140 3332/3488/4141 3328/3482/4141
f 3330/3485/4142 3334/3491/4142 3333/3490/4140 3329/3484/4140
f 3331/3486/4143 3335/3492/4143 3334/3491/4142 3330/3485/4142
f 3271/3487/4086 3272/3493/4086 3335/3492/4144 3331/3486/4144
f 3332/3488/4139 3336/3494/4145 3297/3495/4107 3296/3489/4109
f 3333/3490/4140 3337/3496/4146 3336/3494/4147 3332/3488/4141
f 3334/3491/4142 3338/3497/4148 3337/3496/4146 3333/3490/4140
f 3335/3492/4143 3339/3498/4149 3338/3497/4148 3334/3491/4142
f 3272/3493/4086 3273/3499/4084 3339/3498/4150 3335/3492/4144
f 3336/3494/4145 3340/3500/4151 3298/3501/4106 3297/3495/4107
f 3337/3496/4146 3341/3502/4152 3340/3500/4153 3336/3494/4147
f 3338/3497/4148 3342/3503/4154 3341/3502/4152 3337/3496/4146
f 3339/3498/4149 3343/3504/4155 3342/3503/4154 3338/3497/4148
f 3273/3499/4084 3274/3505/4083 3343/3504/4156 3339/3498/4150
f 3340/3500/4151 3344/3506/4157 3299/3507/4103 3298/3501/4106
f 3341/3502/4152 3345/3508/4158 3344/3506/4159 3340/3500/4153
f 3342/3503/4154 3346/3509/4160 3345/3508/4158 3341/3502/4152
f 3343/3504/4155 3347/3510/4161 3346/3509/4160 3342/3503/4154
f 3274/3505/4083 3275/3511/4080 3347/3510/4162 3343/3504/4156
f 3344/3506/4157 3348/3512/4163 3300/3513/4102 3299/3507/4103
f 3345/3508/4158 3349/3514/4164 3348/3512/4165 3344/3506/4159
f 3346/3509/4160 3350/3515/4166 3349/3514/4164 3345/3508/4158
f 3347/3510/4161 3351/3516/4167 3350/3515/4166 3346/3509/4160
f 3275/3511/4080 3276/3517/4079 3351/3516/4168 3347/3510/4162
f 3348/3512/4163 3352/3518/4169 3301/3519/4101 3300/3513/4102
f 3349/3514/4170 3353/3520/4171 3352/3518/4172 3348/3512/4173
f 3350/3515/4174 3354/3521/4175 3353/3520/4171 3349/3514/4170
f 3351/3516/4176 3355/3522/4177 3354/3521/4175 3350/3515/4174
f 3276/3517/4079 3277/3523/4078 3355/3522/4178 3351/3516/4168
f 3352/3518/4169 3356/3524/4179 3302/3525/4098 3301/3519/4101
f 3353/3520/4171 3357/3526/4180 3356/3524/4181 3352/3518/4172
f 3354/3521/4175 3358/3527/4182 3357/3526/4180 3353/3520/4171
f 3355/3522/4177 3359/3528/4183 3358/3527/4182 3354/3521/4175
f 3277/3523/4078 3278/3529/4075 3359/3528/4184 3355/3522/4178
f 3356/3524/4179 3360/3530/4185 3303/3531/4099 3302/3525/4098
f 3357/3526/4180 3361/3532/4186 3360/3530/4187 3356/3524/4181
f 3358/3527/4182 3362/3533/4188 3361/3532/4186 3357/3526/4180
f 3359/3528/4183 3363/3534/4189 3362/3533/4188 3358/3527/4182
f 3278/3529/4075 3279/3535/4077 3363/3534/4190 3359/3528/4184
f 3360/3530/4185 3364/3536/4191 3304/3537/4100 3303/3531/4099
f 3361/3532/4186 3365/3538/4192 3364/3536/4193 3360/3530/4187
f 3362/3533/4188 3366/3539/4194 3365/3538/4192 3361/3532/4186
f 3363/3534/4189 3367/3540/4195 3366/3539/4194 3362/3533/4188
f 3279/3535/4077 3280/3541/4076 3367/3540/4196 3363/3534/4190
f 3364/3536/4191 3368/3542/4197 3305/3543/4104 3304/3537/4100
f 3365/3538/4198 3369/3544/4199 3368/3542/4200 3364/3536/4201
f 3366/3539/4202 3370/3545/4203 3369/3544/4199 3365/3538/4198
f 3367/3540/4204 3371/3546/4205 3370/3545/4203 3366/3539/4202
f 3280/3541/4076 3281/3547/4081 3371/3546/4206 3367/3540/4196
f 3368/3542/4197 3372/3548/4207 3306/3549/4105 3305/3543/4104
f 3369/3544/4199 3373/3550/4208 3372/3548/4209 3368/3542/4200
f 3370/3545/4203 3374/3551/4210 3373/3550/4208 3369/3544/4199
f 3371/3546/4205 3375/3552/4211 3374/3551/4210 3370/3545/4203
f 3281/3547/4081 3282/3553/4082 3375/3552/4212 3371/3546/4206
f 3372/3548/4207 3376/3554/4213 3307/3555/4108 3306/3549/4105
f 3373/3550/4208 3377/3556/4214 3376/3554/4215 3372/3548/4209
f 3374/3551/4210 3378/3557/4216 3377/3556/4214 3373/3550/4208
f 3375/3552/4211 3379/3558/4217 3378/3557/4216 3374/3551/4210
f 3282/3553/4082 3283/3559/4085 3379/3558/4218 3375/3552/4212
f 3376/3554/4213 3380/3560/4219 3308/3561/4110 3307/3555/4108
f 3377/3556/4214 3381/3562/4220 3380/3560/4221 3376/3554/4215
f 3378/3557/4216 3382/3563/4222 3381/3562/4220 3377/3556/4214
f 3379/3558/4217 3383/3564/4223 3382/3563/4222 3378/3557/4216
f 3283/3559/4085 3284/3565/4087 3383/3564/4224 3379/3558/4218
f 3380/3560/4219 3384/3566/4225 3309/3567/4111 3308/3561/4110
f 3381/3562/4220 3385/3568/4226 3384/3566/4227 3380/3560/4221
f 3382/3563/4222 3386/3569/4228 3385/3568/4226 3381/3562/4220
f 3383/3564/4223 3387/3570/4229 3386/3569/4228 3382/3563/4222
f 3284/3565/4087 3285/3571/4088 3387/3570/4230 3383/3564/4224
f 3384/3566/4225 3388/3572/4231 3310/3573/4113 3309/3567/4111
f 3385/3568/4226 3389/3574/4232 3388/3572/4233 3384/3566/4227
f 3386/3569/4228 3390/3575/4234 3389/3574/4232 3385/3568/4226
f 3387/3570/4229 3391/3576/4235 3390/3575/4234 3386/3569/4228
f 3285/3571/4088 3286/3577/4090 3391/3576/4236 3387/3570/4230
f 3388/3572/4231 3392/3578/4237 3311/3579/4116 3310/3573/4113
f 3389/3574/4232 3393/3580/4238 3392/3578/4239 3388/3572/4233
f 3390/3575/4234 3394/3581/4240 3393/3580/4238 3389/3574/4232
f 3391/3576/4235 3395/3582/4241 3394/3581/4240 3390/3575/4234
f 3286/3577/4090 3287/3583/4093 3395/3582/4242 3391/3576/4236
f 3392/3578/4237 3396/3584/4243 3312/3585/4119 3311/3579/4116
f 3393/3580/4238 3397/3586/4244 3396/3584/4245 3392/3578/4239
f 3394/3581/4240 3398/3587/4246 3397/3586/4244 3393/3580/4238
f 3395/3582/4241 3399/3588/4247 3398/3587/4246 3394/3581/4240
f 3287/3583/4093 3288/3589/4096 3399/3588/4248 3395/3582/4242
f 3396/3584/4243 3400/3590/4249 3313/3591/4118 3312/3585/4119
f 3397/3586/4250 3401/3592/4251 3400/3590/4252 3396/3584/4253
f 3398/3587/4254 3402/3593/4255 3401/3592/4251 3397/3586/4250
f 3399/3588/4256 3403/3594/4257 3402/3593/4255 3398/3587/4254
f 3288/3589/4096 3289/3595/4095 3403/3594/4258 3399/3588/4248
f 3400/3590/4249 3404/3596/4259 3314/3597/4120 3313/3591/4118
f 3401/3592/4251 3405/3598/4260 3404/3596/4261 3400/3590/4252
f 3402/3593/4255 3406/3599/4262 3405/3598/4260 3401/3592/4251
f 3403/3594/4257 3407/3600/4263 3406/3599/4262 3402/3593/4255
f 3289/3595/4095 3290/3601/4097 3407/3600/4264 3403/3594/4258
f 3404/3596/4259 3408/3602/4265 3315/3603/4117 3314/3597/4120
f 3405/3598/4260 3409/3604/4266 3408/3602/4267 3404/3596/4261
f 3406/3599/4262 3410/3605/4268 3409/3604/4266 3405/3598/4260
f 3407/3600/4263 3411/3606/4269 3410/3605/4268 3406/3599/4262
f 3290/3601/4097 3291/3607/4094 3411/3606/4270 3407/3600/4264
f 3408/3602/4265 3316/3608/4121 3292/3461/4115 3315/3603/4117
f 3409/3604/4266 3317/3609/4123 3316/3608/4126 3408/3602/4267
f 3410/3605/4268 3318/3610/4127 3317/3609/4123 3409/3604/4266
f 3411/3606/4269 3319/3611/4129 3318/3610/4127 3410/3605/4268
f 3291/3607/4094 3268/3612/4092 3319/3611/4132 3411/3606/4270
o Glow_|_left_forend_strip
v 0.487179 0.053068 -0.030949
v 0.487179 0.053068 -0.027051
v 0.487179 0.049692 -0.025103
v 0.487179 0.046317 -0.027051
v 0.487179 0.046317 -0.030949
v 0.487179 0.049692 -0.032897
v 0.343462 0.053068 -0.030949
v 0.343462 0.053068 -0.027051
v 0.343462 0.049692 -0.025103
v 0.343462 0.046317 -0.027051
v 0.343462 0.046317 -0.030949
v 0.343462 0.049692 -0.032897
v 0.393190 0.053068 -0.030949
v 0.393190 0.053068 -0.027051
v 0.393190 0.049692 -0.025103
v 0.393190 0.046317 -0.027051
v 0.393190 0.046317 -0.030949
v 0.393190 0.049692 -0.032897
v 0.437451 0.053068 -0.030949
v 0.437451 0.053068 -0.027051
v 0.437451 0.049692 -0.025103
v 0.437451 0.046317 -0.027051
v 0.437451 0.046317 -0.030949
v 0.437451 0.049692 -0.032897
vn 1.0000 -0.0000 -0.0000
vn -1.0000 -0.0000 -0.0000
vn -0.0000 0.5000 -0.8660
vn -0.0000 -0.0000 -1.0000
vn -0.0000 1.0000 -0.0000
vn -0.0000 0.8660 0.5000
vn -0.0000 -0.0000 1.0000
vn -0.0000 0.5000 0.8660
vn -0.0000 -0.8660 0.5000
vn -0.0000 -1.0000 -0.0000
vn -0.0000 -0.5000 -0.8660
vt 1.000000 0.000000
vt 0.600000 0.000000
vt 0.800000 0.000000
vt 0.400000 0.000000
vt 0.000000 0.000000
vt 0.200000 0.000000
vt 0.000000 1.000000
vt 0.333333 1.000000
vt 0.333333 0.833333
vt 0.000000 0.833333
vt 0.000000 0.166667
vt 0.333333 0.166667
vt 0.333333 0.000000
vt 0.000000 0.333333
vt 0.333333 0.333333
vt 0.000000 0.500000
vt 0.333333 0.500000
vt 0.000000 0.666667
vt 0.333333 0.666667
vt 0.666667 1.000000
vt 0.666667 0.833333
vt 0.666667 0.166667
vt 0.666667 0.000000
vt 0.666667 0.333333
vt 0.666667 0.500000
vt 0.666667 0.666667
vt 1.000000 1.000000
vt 1.000000 0.833333
vt 1.000000 0.166667
vt 1.000000 0.333333
vt 1.000000 0.500000
vt 1.000000 0.666667
s 1
usemtl Glow_|_orange_neon
f 3417/3613/4271 3415/3614/4271 3416/3615/4271
f 3417/3613/4271 3414/3616/4271 3415/3614/4271
f 3412/3617/4271 3414/3616/4271 3417/3613/4271
f 3412/3617/4271 3413/3618/4271 3414/3616/4271
f 3421/3614/4272 3423/3613/4272 3422/3615/4272
f 3420/3616/4272 3423/3613/4272 3421/3614/4272
f 3419/3618/4272 3423/3613/4272 3420/3616/4272
f 3419/3618/4272 3418/3617/4272 3423/3613/4272
f 3418/3619/4273 3424/3620/4273 3429/3621/4274 3423/3622/4274
f 3419/3623/4275 3425/3624/4276 3424/3625/4275 3418/3617/4275
f 3420/3626/4277 3426/3627/4277 3425/3624/4276 3419/3623/4278
f 3421/3628/4279 3427/3629/4279 3426/3627/4277 3420/3626/4277
f 3422/3630/4280 3428/3631/4280 3427/3629/4279 3421/3628/4279
f 3423/3622/4274 3429/3621/4274 3428/3631/4281 3422/3630/4281
f 3424/3620/4273 3430/3632/4273 3435/3633/4274 3429/3621/4274
f 3425/3624/4276 3431/3634/4276 3430/3635/4275 3424/3625/4275
f 3426/3627/4277 3432/3636/4277 3431/3634/4276 3425/3624/4276
f 3427/3629/4279 3433/3637/4279 3432/3636/4277 3426/3627/4277
f 3428/3631/4280 3434/3638/4280 3433/3637/4279 3427/3629/4279
f 3429/3621/4274 3435/3633/4274 3434/3638/4281 3428/3631/4281
f 3430/3632/4273 3412/3639/4273 3417/3640/4274 3435/3633/4274
f 3431/3634/4276 3413/3641/4275 3412/3613/4275 3430/3635/4275
f 3432/3636/4277 3414/3642/4277 3413/3641/4278 3431/3634/4276
f 3433/3637/4279 3415/3643/4279 3414/3642/4277 3432/3636/4277
f 3434/3638/4280 3416/3644/4280 3415/3643/4279 3433/3637/4279
f 3435/3633/4274 3417/3640/4274 3416/3644/4281 3434/3638/4281
o Forend_|_left_rib_01
v 0.383410 0.010718 -0.032731
v 0.386333 0.010718 -0.032731
v 0.387795 0.010718 -0.030200
v 0.386333 0.010718 -0.027669
v 0.383410 0.010718 -0.027669
v 0.381949 0.010718 -0.030200
v 0.383410 0.028256 -0.032731
v 0.386333 0.028256 -0.032731
v 0.387795 0.028256 -0.030200
v 0.386333 0.028256 -0.027669
v 0.383410 0.028256 -0.027669
v 0.381949 0.028256 -0.030200
v 0.383410 0.022188 -0.032731
v 0.386333 0.022188 -0.032731
v 0.387795 0.022188 -0.030200
v 0.386333 0.022188 -0.027669
v 0.383410 0.022188 -0.027669
v 0.381949 0.022188 -0.030200
v 0.383410 0.016787 -0.032731
v 0.386333 0.016787 -0.032731
v 0.387795 0.016787 -0.030200
v 0.386333 0.016787 -0.027669
v 0.383410 0.016787 -0.027669
v 0.381949 0.016787 -0.030200
vn -0.0000 -1.0000 -0.0000
vn -0.0000 1.0000 -0.0000
vn -0.8660 -0.0000 -0.5000
vn -0.5000 -0.0000 -0.8660
vn -1.0000 -0.0000 -0.0000
vn -0.0000 -0.0000 -1.0000
vn 0.5000 -0.0000 -0.8660
vn 1.0000 -0.0000 -0.0000
vn 0.8660 -0.0000 -0.5000
vn 0.8660 -0.0000 0.5000
vn 0.5000 -0.0000 0.8660
vn -0.0000 -0.0000 1.0000
vn -0.5000 -0.0000 0.8660
vn -0.8660 -0.0000 0.5000
vt 0.400000 0.000000
vt 0.000000 0.000000
vt 0.200000 0.000000
vt 1.000000 0.000000
vt 0.600000 0.000000
vt 0.800000 0.000000
vt 0.000000 1.000000
vt 0.333333 1.000000
vt 0.333333 0.833333
vt 0.000000 0.833333
vt 0.000000 0.166667
vt 0.333333 0.166667
vt 0.333333 0.000000
vt 0.000000 0.333333
vt 0.333333 0.333333
vt 0.000000 0.500000
vt 0.333333 0.500000
vt 0.000000 0.666667
vt 0.333333 0.666667
vt 0.666667 1.000000
vt 0.666667 0.833333
vt 0.666667 0.166667
vt 0.666667 0.000000
vt 0.666667 0.333333
vt 0.666667 0.500000
vt 0.666667 0.666667
vt 1.000000 1.000000
vt 1.000000 0.833333
vt 1.000000 0.166667
vt 1.000000 0.333333
vt 1.000000 0.500000
vt 1.000000 0.666667
s 1
usemtl Rubber_|_ribbed_black
f 3438/3645/4282 3436/3646/4282 3437/3647/4282
f 3438/3645/4282 3441/3648/4282 3436/3646/4282
f 3439/3649/4282 3441/3648/4282 3438/3645/4282
f 3439/3649/4282 3440/3650/4282 3441/3648/4282
f 3447/3648/4283 3443/3647/4283 3442/3646/4283
f 3447/3648/4283 3444/3645/4283 3443/3647/4283
f 3446/3650/4283 3444/3645/4283 3447/3648/4283
f 3446/3650/4283 3445/3649/4283 3444/3645/4283
f 3442/3651/4284 3448/3652/4285 3453/3653/4286 3447/3654/4286
f 3443/3655/4287 3449/3656/4288 3448/3657/4285 3442/3646/4287
f 3444/3658/4289 3450/3659/4289 3449/3656/4288 3443/3655/4290
f 3445/3660/4291 3451/3661/4292 3450/3659/4289 3444/3658/4289
f 3446/3662/4293 3452/3663/4294 3451/3661/4292 3445/3660/4293
f 3447/3654/4286 3453/3653/4286 3452/3663/4294 3446/3662/4295
f 3448/3652/4285 3454/3664/4285 3459/3665/4286 3453/3653/4286
f 3449/3656/4288 3455/3666/4288 3454/3667/4285 3448/3657/4285
f 3450/3659/4289 3456/3668/4289 3455/3666/4288 3449/3656/4288
f 3451/3661/4292 3457/3669/4292 3456/3668/4289 3450/3659/4289
f 3452/3663/4294 3458/3670/4294 3457/3669/4292 3451/3661/4292
f 3453/3653/4286 3459/3665/4286 3458/3670/4294 3452/3663/4294
f 3454/3664/4285 3436/3671/4284 3441/3672/4286 3459/3665/4286
f 3455/3666/4288 3437/3673/4287 3436/3648/4287 3454/3667/4285
f 3456/3668/4289 3438/3674/4289 3437/3673/4290 3455/3666/4288
f 3457/3669/4292 3439/3675/4291 3438/3674/4289 3456/3668/4289
f 3458/3670/4294 3440/3676/4293 3439/3675/4293 3457/3669/4292
f 3459/3665/4286 3441/3672/4286 3440/3676/4295 3458/3670/4294
o Forend_|_left_rib_02
v 0.395590 0.010718 -0.032731
v 0.398513 0.010718 -0.032731
v 0.399974 0.010718 -0.030200
v 0.398513 0.010718 -0.027669
v 0.395590 0.010718 -0.027669
v 0.394128 0.010718 -0.030200
v 0.395590 0.028256 -0.032731
v 0.398513 0.028256 -0.032731
v 0.399974 0.028256 -0.030200
v 0.398513 0.028256 -0.027669
v 0.395590 0.028256 -0.027669
v 0.394128 0.028256 -0.030200
v 0.395590 0.022188 -0.032731
v 0.398513 0.022188 -0.032731
v 0.399974 0.022188 -0.030200
v 0.398513 0.022188 -0.027669
v 0.395590 0.022188 -0.027669
v 0.394128 0.022188 -0.030200
v 0.395590 0.016787 -0.032731
v 0.398513 0.016787 -0.032731
v 0.399974 0.016787 -0.030200
v 0.398513 0.016787 -0.027669
v 0.395590 0.016787 -0.027669
v 0.394128 0.016787 -0.030200
vn -0.0000 -1.0000 -0.0000
vn -0.0000 1.0000 -0.0000
vn -0.8660 -0.0000 -0.5000
vn -0.5000 -0.0000 -0.8660
vn -1.0000 -0.0000 -0.0000
vn 0.5000 -0.0000 -0.8660
vn -0.0000 -0.0000 -1.0000
vn 0.8660 -0.0000 -0.5000
vn 0.5000 -0.0000 0.8660
vn 0.8660 -0.0000 0.5000
vn -0.0000 -0.0000 1.0000
vn -0.5000 -0.0000 0.8660
vn -0.8660 -0.0000 0.5000
vn 1.0000 -0.0000 -0.0000
vt 0.400000 0.000000
vt 0.000000 0.000000
vt 0.200000 0.000000
vt 1.000000 0.000000
vt 0.600000 0.000000
vt 0.800000 0.000000
vt 0.000000 1.000000
vt 0.333333 1.000000
vt 0.333333 0.833333
vt 0.000000 0.833333
vt 0.000000 0.166667
vt 0.333333 0.166667
vt 0.333333 0.000000
vt 0.000000 0.333333
vt 0.333333 0.333333
vt 0.000000 0.500000
vt 0.333333 0.500000
vt 0.000000 0.666667
vt 0.333333 0.666667
vt 0.666667 1.000000
vt 0.666667 0.833333
vt 0.666667 0.166667
vt 0.666667 0.000000
vt 0.666667 0.333333
vt 0.666667 0.500000
vt 0.666667 0.666667
vt 1.000000 1.000000
vt 1.000000 0.833333
vt 1.000000 0.166667
vt 1.000000 0.333333
vt 1.000000 0.500000
vt 1.000000 0.666667
s 1
usemtl Rubber_|_ribbed_black
f 3462/3677/4296 3460/3678/4296 3461/3679/4296
f 3462/3677/4296 3465/3680/4296 3460/3678/4296
f 3463/3681/4296 3465/3680/4296 3462/3677/4296
f 3463/3681/4296 3464/3682/4296 3465/3680/4296
f 3471/3680/4297 3467/3679/4297 3466/3678/4297
f 3471/3680/4297 3468/3677/4297 3467/3679/4297
f 3470/3682/4297 3468/3677/4297 3471/3680/4297
f 3470/3682/4297 3469/3681/4297 3468/3677/4297
f 3466/3683/4298 3472/3684/4299 3477/3685/4300 3471/3686/4300
f 3467/3687/4301 3473/3688/4301 3472/3689/4299 3466/3678/4302
f 3468/3690/4303 3474/3691/4303 3473/3688/4301 3467/3687/4301
f 3469/3692/4304 3475/3693/4304 3474/3691/4305 3468/3690/4305
f 3470/3694/4306 3476/3695/4307 3475/3693/4304 3469/3692/4304
f 3471/3686/4300 3477/3685/4300 3476/3695/4307 3470/3694/4308
f 3472/3684/4299 3478/3696/4299 3483/3697/4300 3477/3685/4300
f 3473/3688/4301 3479/3698/4301 3478/3699/4299 3472/3689/4299
f 3474/3691/4303 3480/3700/4309 3479/3698/4301 3473/3688/4301
f 3475/3693/4304 3481/3701/4304 3480/3700/4309 3474/3691/4305
f 3476/3695/4307 3482/3702/4307 3481/3701/4304 3475/3693/4304
f 3477/3685/4300 3483/3697/4300 3482/3702/4307 3476/3695/4307
f 3478/3696/4299 3460/3703/4298 3465/3704/4300 3483/3697/4300
f 3479/3698/4301 3461/3705/4302 3460/3680/4302 3478/3699/4299
f 3480/3700/4309 3462/3706/4309 3461/3705/4303 3479/3698/4301
f 3481/3701/4304 3463/3707/4305 3462/3706/4309 3480/3700/4309
f 3482/3702/4307 3464/3708/4306 3463/3707/4306 3481/3701/4304
f 3483/3697/4300 3465/3704/4300 3464/3708/4308 3482/3702/4307
o Forend_|_left_rib_03
v 0.407769 0.010718 -0.032731
v 0.410692 0.010718 -0.032731
v 0.412154 0.010718 -0.030200
v 0.410692 0.010718 -0.027669
v 0.407769 0.010718 -0.027669
v 0.406308 0.010718 -0.030200
v 0.407769 0.028256 -0.032731
v 0.410692 0.028256 -0.032731
v 0.412154 0.028256 -0.030200
v 0.410692 0.028256 -0.027669
v 0.407769 0.028256 -0.027669
v 0.406308 0.028256 -0.030200
v 0.407769 0.022188 -0.032731
v 0.410692 0.022188 -0.032731
v 0.412154 0.022188 -0.030200
v 0.410692 0.022188 -0.027669
v 0.407769 0.022188 -0.027669
v 0.406308 0.022188 -0.030200
v 0.407769 0.016787 -0.032731
v 0.410692 0.016787 -0.032731
v 0.412154 0.016787 -0.030200
v 0.410692 0.016787 -0.027669
v 0.407769 0.016787 -0.027669
v 0.406308 0.016787 -0.030200
vn -0.0000 -1.0000 -0.0000
vn -0.0000 1.0000 -0.0000
vn -0.8660 -0.0000 -0.5000
vn -0.5000 -0.0000 -0.8660
vn -1.0000 -0.0000 -0.0000
vn -0.0000 -0.0000 -1.0000
vn 0.5000 -0.0000 -0.8660
vn 1.0000 -0.0000 -0.0000
vn 0.8660 -0.0000 -0.5000
vn 0.8660 -0.0000 0.5000
vn 0.5000 -0.0000 0.8660
vn -0.0000 -0.0000 1.0000
vn -0.5000 -0.0000 0.8660
vn -0.8660 -0.0000 0.5000
vt 0.400000 0.000000
vt 0.000000 0.000000
vt 0.200000 0.000000
vt 1.000000 0.000000
vt 0.600000 0.000000
vt 0.800000 0.000000
vt 0.000000 1.000000
vt 0.333333 1.000000
vt 0.333333 0.833333
vt 0.000000 0.833333
vt 0.000000 0.166667
vt 0.333333 0.166667
vt 0.333333 0.000000
vt 0.000000 0.333333
vt 0.333333 0.333333
vt 0.000000 0.500000
vt 0.333333 0.500000
vt 0.000000 0.666667
vt 0.333333 0.666667
vt 0.666667 1.000000
vt 0.666667 0.833333
vt 0.666667 0.166667
vt 0.666667 0.000000
vt 0.666667 0.333333
vt 0.666667 0.500000
vt 0.666667 0.666667
vt 1.000000 1.000000
vt 1.000000 0.833333
vt 1.000000 0.166667
vt 1.000000 0.333333
vt 1.000000 0.500000
vt 1.000000 0.666667
s 1
usemtl Rubber_|_ribbed_black
f 3486/3709/4310 3484/3710/4310 3485/3711/4310
f 3486/3709/4310 3489/3712/4310 3484/3710/4310
f 3487/3713/4310 3489/3712/4310 3486/3709/4310
f 3487/3713/4310 3488/3714/4310 3489/3712/4310
f 3495/3712/4311 3491/3711/4311 3490/3710/4311
f 3495/3712/4311 3492/3709/4311 3491/3711/4311
f 3494/3714/4311 3492/3709/4311 3495/3712/4311
f 3494/3714/4311 3493/3713/4311 3492/3709/4311
f 3490/3715/4312 3496/3716/4313 3501/3717/4314 3495/3718/4314
f 3491/3719/4315 3497/3720/4316 3496/3721/4313 3490/3710/4315
f 3492/3722/4317 3498/3723/4317 3497/3720/4316 3491/3719/4318
f 3493/3724/4319 3499/3725/4320 3498/3723/4317 3492/3722/4317
f 3494/3726/4321 3500/3727/4322 3499/3725/4320 3493/3724/4321
f 3495/3718/4314 3501/3717/4314 3500/3727/4322 3494/3726/4323
f 3496/3716/4313 3502/3728/4313 3507/3729/4312 3501/3717/4314
f 3497/3720/4316 3503/3730/4316 3502/3731/4313 3496/3721/4313
f 3498/3723/4317 3504/3732/4317 3503/3730/4316 3497/3720/4316
f 3499/3725/4320 3505/3733/4320 3504/3732/4317 3498/3723/4317
f 3500/3727/4322 3506/3734/4322 3505/3733/4320 3499/3725/4320
f 3501/3717/4314 3507/3729/4323 3506/3734/4322 3500/3727/4322
f 3502/3728/4313 3484/3735/4313 3489/3736/4312 3507/3729/4312
f 3503/3730/4316 3485/3737/4315 3484/3712/4313 3502/3731/4313
f 3504/3732/4317 3486/3738/4317 3485/3737/4318 3503/3730/4316
f 3505/3733/4320 3487/3739/4319 3486/3738/4317 3504/3732/4317
f 3506/3734/4322 3488/3740/4322 3487/3739/4321 3505/3733/4320
f 3507/3729/4323 3489/3736/4323 3488/3740/4322 3506/3734/4322
o Forend_|_left_rib_04
v 0.419949 0.010718 -0.032731
v 0.422872 0.010718 -0.032731
v 0.424333 0.010718 -0.030200
v 0.422872 0.010718 -0.027669
v 0.419949 0.010718 -0.027669
v 0.418487 0.010718 -0.030200
v 0.419949 0.028256 -0.032731
v 0.422872 0.028256 -0.032731
v 0.424333 0.028256 -0.030200
v 0.422872 0.028256 -0.027669
v 0.419949 0.028256 -0.027669
v 0.418487 0.028256 -0.030200
v 0.419949 0.022188 -0.032731
v 0.422872 0.022188 -0.032731
v 0.424333 0.022188 -0.030200
v 0.422872 0.022188 -0.027669
v 0.419949 0.022188 -0.027669
v 0.418487 0.022188 -0.030200
v 0.419949 0.016787 -0.032731
v 0.422872 0.016787 -0.032731
v 0.424333 0.016787 -0.030200
v 0.422872 0.016787 -0.027669
v 0.419949 0.016787 -0.027669
v 0.418487 0.016787 -0.030200
vn -0.0000 -1.0000 -0.0000
vn -0.0000 1.0000 -0.0000
vn -0.5000 -0.0000 -0.8660
vn -0.8660 -0.0000 -0.5000
vn -0.0000 -0.0000 -1.0000
vn 0.5000 -0.0000 -0.8660
vn 1.0000 -0.0000 -0.0000
vn 0.8660 -0.0000 -0.5000
vn 0.8660 -0.0000 0.5000
vn 0.5000 -0.0000 0.8660
vn -0.5000 -0.0000 0.8660
vn -0.0000 -0.0000 1.0000
vn -0.8660 -0.0000 0.5000
vn -1.0000 -0.0000 -0.0000
vt 0.400000 0.000000
vt 0.000000 0.000000
vt 0.200000 0.000000
vt 1.000000 0.000000
vt 0.600000 0.000000
vt 0.800000 0.000000
vt 0.000000 1.000000
vt 0.333333 1.000000
vt 0.333333 0.833333
vt 0.000000 0.833333
vt 0.000000 0.166667
vt 0.333333 0.166667
vt 0.333333 0.000000
vt 0.000000 0.333333
vt 0.333333 0.333333
vt 0.000000 0.500000
vt 0.333333 0.500000
vt 0.000000 0.666667
vt 0.333333 0.666667
vt 0.666667 1.000000
vt 0.666667 0.833333
vt 0.666667 0.166667
vt 0.666667 0.000000
vt 0.666667 0.333333
vt 0.666667 0.500000
vt 0.666667 0.666667
vt 1.000000 1.000000
vt 1.000000 0.833333
vt 1.000000 0.166667
vt 1.000000 0.333333
vt 1.000000 0.500000
vt 1.000000 0.666667
s 1
usemtl Rubber_|_ribbed_black
f 3510/3741/4324 3508/3742/4324 3509/3743/4324
f 3510/3741/4324 3513/3744/4324 3508/3742/4324
f 3511/3745/4324 3513/3744/4324 3510/3741/4324
f 3511/3745/4324 3512/3746/4324 3513/3744/4324
f 3519/3744/4325 3515/3743/4325 3514/3742/4325
f 3519/3744/4325 3516/3741/4325 3515/3743/4325
f 3518/3746/4325 3516/3741/4325 3519/3744/4325
f 3518/3746/4325 3517/3745/4325 3516/3741/4325
f 3514/3747/4326 3520/3748/4326 3525/3749/4327 3519/3750/4327
f 3515/3751/4328 3521/3752/4329 3520/3753/4326 3514/3742/4326
f 3516/3754/4330 3522/3755/4330 3521/3752/4329 3515/3751/4331
f 3517/3756/4332 3523/3757/4333 3522/3755/4330 3516/3754/4330
f 3518/3758/4334 3524/3759/4334 3523/3757/4333 3517/3756/4335
f 3519/3750/4336 3525/3749/4336 3524/3759/4334 3518/3758/4334
f 3520/3748/4326 3526/3760/4326 3531/3761/4337 3525/3749/4327
f 3521/3752/4329 3527/3762/4329 3526/3763/4326 3520/3753/4326
f 3522/3755/4330 3528/3764/4330 3527/3762/4329 3521/3752/4329
f 3523/3757/4333 3529/3765/4333 3528/3764/4330 3522/3755/4330
f 3524/3759/4334 3530/3766/4334 3529/3765/4333 3523/3757/4333
f 3525/3749/4336 3531/3761/4337 3530/3766/4334 3524/3759/4334
f 3526/3760/4326 3508/3767/4327 3513/3768/4337 3531/3761/4337
f 3527/3762/4329 3509/3769/4328 3508/3744/4328 3526/3763/4326
f 3528/3764/4330 3510/3770/4330 3509/3769/4331 3527/3762/4329
f 3529/3765/4333 3511/3771/4332 3510/3770/4330 3528/3764/4330
f 3530/3766/4334 3512/3772/4335 3511/3771/4335 3529/3765/4333
f 3531/3761/4337 3513/3768/4337 3512/3772/4336 3530/3766/4334
o Forend_|_left_rib_05
v 0.432128 0.010718 -0.032731
v 0.435051 0.010718 -0.032731
v 0.436513 0.010718 -0.030200
v 0.435051 0.010718 -0.027669
v 0.432128 0.010718 -0.027669
v 0.430667 0.010718 -0.030200
v 0.432128 0.028256 -0.032731
v 0.435051 0.028256 -0.032731
v 0.436513 0.028256 -0.030200
v 0.435051 0.028256 -0.027669
v 0.432128 0.028256 -0.027669
v 0.430667 0.028256 -0.030200
v 0.432128 0.022188 -0.032731
v 0.435051 0.022188 -0.032731
v 0.436513 0.022188 -0.030200
v 0.435051 0.022188 -0.027669
v 0.432128 0.022188 -0.027669
v 0.430667 0.022188 -0.030200
v 0.432128 0.016787 -0.032731
v 0.435051 0.016787 -0.032731
v 0.436513 0.016787 -0.030200
v 0.435051 0.016787 -0.027669
v 0.432128 0.016787 -0.027669
v 0.430667 0.016787 -0.030200
vn -0.0000 -1.0000 -0.0000
vn -0.0000 1.0000 -0.0000
vn -0.8660 -0.0000 -0.5000
vn -0.5000 -0.0000 -0.8660
vn -1.0000 -0.0000 -0.0000
vn -0.0000 -0.0000 -1.0000
vn 0.5000 -0.0000 -0.8660
vn 1.0000 -0.0000 -0.0000
vn 0.8660 -0.0000 -0.5000
vn 0.8660 -0.0000 0.5000
vn 0.5000 -0.0000 0.8660
vn -0.0000 -0.0000 1.0000
vn -0.5000 -0.0000 0.8660
vn -0.8660 -0.0000 0.5000
vt 0.400000 0.000000
vt 0.000000 0.000000
vt 0.200000 0.000000
vt 1.000000 0.000000
vt 0.600000 0.000000
vt 0.800000 0.000000
vt 0.000000 1.000000
vt 0.333333 1.000000
vt 0.333333 0.833333
vt 0.000000 0.833333
vt 0.000000 0.166667
vt 0.333333 0.166667
vt 0.333333 0.000000
vt 0.000000 0.333333
vt 0.333333 0.333333
vt 0.000000 0.500000
vt 0.333333 0.500000
vt 0.000000 0.666667
vt 0.333333 0.666667
vt 0.666667 1.000000
vt 0.666667 0.833333
vt 0.666667 0.166667
vt 0.666667 0.000000
vt 0.666667 0.333333
vt 0.666667 0.500000
vt 0.666667 0.666667
vt 1.000000 1.000000
vt 1.000000 0.833333
vt 1.000000 0.166667
vt 1.000000 0.333333
vt 1.000000 0.500000
vt 1.000000 0.666667
s 1
usemtl Rubber_|_ribbed_black
f 3534/3773/4338 3532/3774/4338 3533/3775/4338
f 3534/3773/4338 3537/3776/4338 3532/3774/4338
f 3535/3777/4338 3537/3776/4338 3534/3773/4338
f 3535/3777/4338 3536/3778/4338 3537/3776/4338
f 3543/3776/4339 3539/3775/4339 3538/3774/4339
f 3543/3776/4339 3540/3773/4339 3539/3775/4339
f 3542/3778/4339 3540/3773/4339 3543/3776/4339
f 3542/3778/4339 3541/3777/4339 3540/3773/4339
f 3538/3779/4340 3544/3780/4341 3549/3781/4342 3543/3782/4342
f 3539/3783/4343 3545/3784/4344 3544/3785/4341 3538/3774/4343
f 3540/3786/4345 3546/3787/4345 3545/3784/4344 3539/3783/4346
f 3541/3788/4347 3547/3789/4348 3546/3787/4345 3540/3786/4345
f 3542/3790/4349 3548/3791/4350 3547/3789/4348 3541/3788/4349
f 3543/3782/4342 3549/3781/4342 3548/3791/4350 3542/3790/4351
f 3544/3780/4341 3550/3792/4341 3555/3793/4342 3549/3781/4342
f 3545/3784/4344 3551/3794/4344 3550/3795/4341 3544/3785/4341
f 3546/3787/4345 3552/3796/4345 3551/3794/4344 3545/3784/4344
f 3547/3789/4348 3553/3797/4348 3552/3796/4345 3546/3787/4345
f 3548/3791/4350 3554/3798/4350 3553/3797/4348 3547/3789/4348
f 3549/3781/4342 3555/3793/4342 3554/3798/4350 3548/3791/4350
f 3550/3792/4341 3532/3799/4340 3537/3800/4342 3555/3793/4342
f 3551/3794/4344 3533/3801/4343 3532/3776/4343 3550/3795/4341
f 3552/3796/4345 3534/3802/4345 3533/3801/4346 3551/3794/4344
f 3553/3797/4348 3535/3803/4347 3534/3802/4345 3552/3796/4345
f 3554/3798/4350 3536/3804/4349 3535/3803/4349 3553/3797/4348
f 3555/3793/4342 3537/3800/4342 3536/3804/4351 3554/3798/4350
o Forend_|_left_rib_06
v 0.444308 0.010718 -0.032731
v 0.447231 0.010718 -0.032731
v 0.448692 0.010718 -0.030200
v 0.447231 0.010718 -0.027669
v 0.444308 0.010718 -0.027669
v 0.442846 0.010718 -0.030200
v 0.444308 0.028256 -0.032731
v 0.447231 0.028256 -0.032731
v 0.448692 0.028256 -0.030200
v 0.447231 0.028256 -0.027669
v 0.444308 0.028256 -0.027669
v 0.442846 0.028256 -0.030200
v 0.444308 0.022188 -0.032731
v 0.447231 0.022188 -0.032731
v 0.448692 0.022188 -0.030200
v 0.447231 0.022188 -0.027669
v 0.444308 0.022188 -0.027669
v 0.442846 0.022188 -0.030200
v 0.444308 0.016787 -0.032731
v 0.447231 0.016787 -0.032731
v 0.448692 0.016787 -0.030200
v 0.447231 0.016787 -0.027669
v 0.444308 0.016787 -0.027669
v 0.442846 0.016787 -0.030200
vn -0.0000 -1.0000 -0.0000
vn -0.0000 1.0000 -0.0000
vn -0.8660 -0.0000 -0.5000
vn -0.5000 -0.0000 -0.8660
vn -1.0000 -0.0000 -0.0000
vn -0.0000 -0.0000 -1.0000
vn 0.5000 -0.0000 -0.8660
vn 1.0000 -0.0000 -0.0000
vn 0.8660 -0.0000 -0.5000
vn 0.8660 -0.0000 0.5000
vn 0.5000 -0.0000 0.8660
vn -0.0000 -0.0000 1.0000
vn -0.5000 -0.0000 0.8660
vn -0.8660 -0.0000 0.5000
vt 0.400000 0.000000
vt 0.000000 0.000000
vt 0.200000 0.000000
vt 1.000000 0.000000
vt 0.600000 0.000000
vt 0.800000 0.000000
vt 0.000000 1.000000
vt 0.333333 1.000000
vt 0.333333 0.833333
vt 0.000000 0.833333
vt 0.000000 0.166667
vt 0.333333 0.166667
vt 0.333333 0.000000
vt 0.000000 0.333333
vt 0.333333 0.333333
vt 0.000000 0.500000
vt 0.333333 0.500000
vt 0.000000 0.666667
vt 0.333333 0.666667
vt 0.666667 1.000000
vt 0.666667 0.833333
vt 0.666667 0.166667
vt 0.666667 0.000000
vt 0.666667 0.333333
vt 0.666667 0.500000
vt 0.666667 0.666667
vt 1.000000 1.000000
vt 1.000000 0.833333
vt 1.000000 0.166667
vt 1.000000 0.333333
vt 1.000000 0.500000
vt 1.000000 0.666667
s 1
usemtl Rubber_|_ribbed_black
f 3558/3805/4352 3556/3806/4352 3557/3807/4352
f 3558/3805/4352 3561/3808/4352 3556/3806/4352
f 3559/3809/4352 3561/3808/4352 3558/3805/4352
f 3559/3809/4352 3560/3810/4352 3561/3808/4352
f 3567/3808/4353 3563/3807/4353 3562/3806/4353
f 3567/3808/4353 3564/3805/4353 3563/3807/4353
f 3566/3810/4353 3564/3805/4353 3567/3808/4353
f 3566/3810/4353 3565/3809/4353 3564/3805/4353
f 3562/3811/4354 3568/3812/4355 3573/3813/4356 3567/3814/4356
f 3563/3815/4357 3569/3816/4358 3568/3817/4355 3562/3806/4357
f 3564/3818/4359 3570/3819/4359 3569/3816/4358 3563/3815/4360
f 3565/3820/4361 3571/3821/4362 3570/3819/4359 3564/3818/4359
f 3566/3822/4363 3572/3823/4364 3571/3821/4362 3565/3820/4363
f 3567/3814/4356 3573/3813/4356 3572/3823/4364 3566/3822/4365
f 3568/3812/4355 3574/3824/4355 3579/3825/4356 3573/3813/4356
f 3569/3816/4358 3575/3826/4358 3574/3827/4355 3568/3817/4355
f 3570/3819/4359 3576/3828/4359 3575/3826/4358 3569/3816/4358
f 3571/3821/4362 3577/3829/4362 3576/3828/4359 3570/3819/4359
f 3572/3823/4364 3578/3830/4364 3577/3829/4362 3571/3821/4362
f 3573/3813/4356 3579/3825/4356 3578/3830/4364 3572/3823/4364
f 3574/3824/4355 3556/3831/4354 3561/3832/4356 3579/3825/4356
f 3575/3826/4358 3557/3833/4357 3556/3808/4357 3574/3827/4355
f 3576/3828/4359 3558/3834/4359 3557/3833/4360 3575/3826/4358
f 3577/3829/4362 3559/3835/4361 3558/3834/4359 3576/3828/4359
f 3578/3830/4364 3560/3836/4363 3559/3835/4363 3577/3829/4362
f 3579/3825/4356 3561/3832/4356 3560/3836/4365 3578/3830/4364
o Forend_|_left_rib_07
v 0.456487 0.010718 -0.032731
v 0.459410 0.010718 -0.032731
v 0.460872 0.010718 -0.030200
v 0.459410 0.010718 -0.027669
v 0.456487 0.010718 -0.027669
v 0.455026 0.010718 -0.030200
v 0.456487 0.028256 -0.032731
v 0.459410 0.028256 -0.032731
v 0.460872 0.028256 -0.030200
v 0.459410 0.028256 -0.027669
v 0.456487 0.028256 -0.027669
v 0.455026 0.028256 -0.030200
v 0.456487 0.022188 -0.032731
v 0.459410 0.022188 -0.032731
v 0.460872 0.022188 -0.030200
v 0.459410 0.022188 -0.027669
v 0.456487 0.022188 -0.027669
v 0.455026 0.022188 -0.030200
v 0.456487 0.016787 -0.032731
v 0.459410 0.016787 -0.032731
v 0.460872 0.016787 -0.030200
v 0.459410 0.016787 -0.027669
v 0.456487 0.016787 -0.027669
v 0.455026 0.016787 -0.030200
vn -0.0000 -1.0000 -0.0000
vn -0.0000 1.0000 -0.0000
vn -0.5000 -0.0000 -0.8660
vn -0.8660 -0.0000 -0.5000
vn -0.0000 -0.0000 -1.0000
vn 0.5000 -0.0000 -0.8660
vn 1.0000 -0.0000 -0.0000
vn 0.8660 -0.0000 -0.5000
vn 0.8660 -0.0000 0.5000
vn 0.5000 -0.0000 0.8660
vn -0.5000 -0.0000 0.8660
vn -0.0000 -0.0000 1.0000
vn -0.8660 -0.0000 0.5000
vn -1.0000 -0.0000 -0.0000
vt 0.400000 0.000000
vt 0.000000 0.000000
vt 0.200000 0.000000
vt 1.000000 0.000000
vt 0.600000 0.000000
vt 0.800000 0.000000
vt 0.000000 1.000000
vt 0.333333 1.000000
vt 0.333333 0.833333
vt 0.000000 0.833333
vt 0.000000 0.166667
vt 0.333333 0.166667
vt 0.333333 0.000000
vt 0.000000 0.333333
vt 0.333333 0.333333
vt 0.000000 0.500000
vt 0.333333 0.500000
vt 0.000000 0.666667
vt 0.333333 0.666667
vt 0.666667 1.000000
vt 0.666667 0.833333
vt 0.666667 0.166667
vt 0.666667 0.000000
vt 0.666667 0.333333
vt 0.666667 0.500000
vt 0.666667 0.666667
vt 1.000000 1.000000
vt 1.000000 0.833333
vt 1.000000 0.166667
vt 1.000000 0.333333
vt 1.000000 0.500000
vt 1.000000 0.666667
s 1
usemtl Rubber_|_ribbed_black
f 3582/3837/4366 3580/3838/4366 3581/3839/4366
f 3582/3837/4366 3585/3840/4366 3580/3838/4366
f 3583/3841/4366 3585/3840/4366 3582/3837/4366
f 3583/3841/4366 3584/3842/4366 3585/3840/4366
f 3591/3840/4367 3587/3839/4367 3586/3838/4367
f 3591/3840/4367 3588/3837/4367 3587/3839/4367
f 3590/3842/4367 3588/3837/4367 3591/3840/4367
f 3590/3842/4367 3589/3841/4367 3588/3837/4367
f 3586/3843/4368 3592/3844/4368 3597/3845/4369 3591/3846/4369
f 3587/3847/4370 3593/3848/4371 3592/3849/4368 3586/3838/4368
f 3588/3850/4372 3594/3851/4372 3593/3848/4371 3587/3847/4373
f 3589/3852/4374 3595/3853/4375 3594/3851/4372 3588/3850/4372
f 3590/3854/4376 3596/3855/4376 3595/3853/4375 3589/3852/4377
f 3591/3846/4378 3597/3845/4378 3596/3855/4376 3590/3854/4376
f 3592/3844/4368 3598/3856/4368 3603/3857/4379 3597/3845/4369
f 3593/3848/4371 3599/3858/4371 3598/3859/4368 3592/3849/4368
f 3594/3851/4372 3600/3860/4372 3599/3858/4371 3593/3848/4371
f 3595/3853/4375 3601/3861/4375 3600/3860/4372 3594/3851/4372
f 3596/3855/4376 3602/3862/4376 3601/3861/4375 3595/3853/4375
f 3597/3845/4378 3603/3857/4379 3602/3862/4376 3596/3855/4376
f 3598/3856/4368 3580/3863/4369 3585/3864/4379 3603/3857/4379
f 3599/3858/4371 3581/3865/4370 3580/3840/4370 3598/3859/4368
f 3600/3860/4372 3582/3866/4372 3581/3865/4373 3599/3858/4371
f 3601/3861/4375 3583/3867/4374 3582/3866/4372 3600/3860/4372
f 3602/3862/4376 3584/3868/4377 3583/3867/4377 3601/3861/4375
f 3603/3857/4379 3585/3864/4379 3584/3868/4378 3602/3862/4376
o Forend_|_left_rib_08
v 0.468667 0.010718 -0.032731
v 0.471590 0.010718 -0.032731
v 0.473051 0.010718 -0.030200
v 0.471590 0.010718 -0.027669
v 0.468667 0.010718 -0.027669
v 0.467205 0.010718 -0.030200
v 0.468667 0.028256 -0.032731
v 0.471590 0.028256 -0.032731
v 0.473051 0.028256 -0.030200
v 0.471590 0.028256 -0.027669
v 0.468667 0.028256 -0.027669
v 0.467205 0.028256 -0.030200
v 0.468667 0.022188 -0.032731
v 0.471590 0.022188 -0.032731
v 0.473051 0.022188 -0.030200
v 0.471590 0.022188 -0.027669
v 0.468667 0.022188 -0.027669
v 0.467205 0.022188 -0.030200
v 0.468667 0.016787 -0.032731
v 0.471590 0.016787 -0.032731
v 0.473051 0.016787 -0.030200
v 0.471590 0.016787 -0.027669
v 0.468667 0.016787 -0.027669
v 0.467205 0.016787 -0.030200
vn -0.0000 -1.0000 -0.0000
vn -0.0000 1.0000 -0.0000
vn -0.8660 -0.0000 -0.5000
vn -0.5000 -0.0000 -0.8660
vn -1.0000 -0.0000 -0.0000
vn -0.0000 -0.0000 -1.0000
vn 0.5000 -0.0000 -0.8660
vn 1.0000 -0.0000 -0.0000
vn 0.8660 -0.0000 -0.5000
vn 0.8660 -0.0000 0.5000
vn 0.5000 -0.0000 0.8660
vn -0.0000 -0.0000 1.0000
vn -0.5000 -0.0000 0.8660
vn -0.8660 -0.0000 0.5000
vt 0.400000 0.000000
vt 0.000000 0.000000
vt 0.200000 0.000000
vt 1.000000 0.000000
vt 0.600000 0.000000
vt 0.800000 0.000000
vt 0.000000 1.000000
vt 0.333333 1.000000
vt 0.333333 0.833333
vt 0.000000 0.833333
vt 0.000000 0.166667
vt 0.333333 0.166667
vt 0.333333 0.000000
vt 0.000000 0.333333
vt 0.333333 0.333333
vt 0.000000 0.500000
vt 0.333333 0.500000
vt 0.000000 0.666667
vt 0.333333 0.666667
vt 0.666667 1.000000
vt 0.666667 0.833333
vt 0.666667 0.166667
vt 0.666667 0.000000
vt 0.666667 0.333333
vt 0.666667 0.500000
vt 0.666667 0.666667
vt 1.000000 1.000000
vt 1.000000 0.833333
vt 1.000000 0.166667
vt 1.000000 0.333333
vt 1.000000 0.500000
vt 1.000000 0.666667
s 1
usemtl Rubber_|_ribbed_black
f 3606/3869/4380 3604/3870/4380 3605/3871/4380
f 3606/3869/4380 3609/3872/4380 3604/3870/4380
f 3607/3873/4380 3609/3872/4380 3606/3869/4380
f 3607/3873/4380 3608/3874/4380 3609/3872/4380
f 3615/3872/4381 3611/3871/4381 3610/3870/4381
f 3615/3872/4381 3612/3869/4381 3611/3871/4381
f 3614/3874/4381 3612/3869/4381 3615/3872/4381
f 3614/3874/4381 3613/3873/4381 3612/3869/4381
f 3610/3875/4382 3616/3876/4383 3621/3877/4384 3615/3878/4384
f 3611/3879/4385 3617/3880/4386 3616/3881/4383 3610/3870/4385
f 3612/3882/4387 3618/3883/4387 3617/3880/4386 3611/3879/4388
f 3613/3884/4389 3619/3885/4390 3618/3883/4387 3612/3882/4387
f 3614/3886/4391 3620/3887/4392 3619/3885/4390 3613/3884/4391
f 3615/3878/4384 3621/3877/4384 3620/3887/4392 3614/3886/4393
f 3616/3876/4383 3622/3888/4383 3627/3889/4382 3621/3877/4384
f 3617/3880/4386 3623/3890/4386 3622/3891/4383 3616/3881/4383
f 3618/3883/4387 3624/3892/4387 3623/3890/4386 3617/3880/4386
f 3619/3885/4390 3625/3893/4390 3624/3892/4387 3618/3883/4387
f 3620/3887/4392 3626/3894/4392 3625/3893/4390 3619/3885/4390
f 3621/3877/4384 3627/3889/4393 3626/3894/4392 3620/3887/4392
f 3622/3888/4383 3604/3895/4383 3609/3896/4382 3627/3889/4382
f 3623/3890/4386 3605/3897/4385 3604/3872/4383 3622/3891/4383
f 3624/3892/4387 3606/3898/4387 3605/3897/4388 3623/3890/4386
f 3625/3893/4390 3607/3899/4389 3606/3898/4387 3624/3892/4387
f 3626/3894/4392 3608/3900/4392 3607/3899/4391 3625/3893/4390
f 3627/3889/4393 3609/3896/4393 3608/3900/4392 3626/3894/4392
o Forend_|_left_rib_09
v 0.480846 0.010718 -0.032731
v 0.483769 0.010718 -0.032731
v 0.485231 0.010718 -0.030200
v 0.483769 0.010718 -0.027669
v 0.480846 0.010718 -0.027669
v 0.479385 0.010718 -0.030200
v 0.480846 0.028256 -0.032731
v 0.483769 0.028256 -0.032731
v 0.485231 0.028256 -0.030200
v 0.483769 0.028256 -0.027669
v 0.480846 0.028256 -0.027669
v 0.479385 0.028256 -0.030200
v 0.480846 0.022188 -0.032731
v 0.483769 0.022188 -0.032731
v 0.485231 0.022188 -0.030200
v 0.483769 0.022188 -0.027669
v 0.480846 0.022188 -0.027669
v 0.479385 0.022188 -0.030200
v 0.480846 0.016787 -0.032731
v 0.483769 0.016787 -0.032731
v 0.485231 0.016787 -0.030200
v 0.483769 0.016787 -0.027669
v 0.480846 0.016787 -0.027669
v 0.479385 0.016787 -0.030200
vn -0.0000 -1.0000 -0.0000
vn -0.0000 1.0000 -0.0000
vn -0.8660 -0.0000 -0.5000
vn -0.5000 -0.0000 -0.8660
vn -1.0000 -0.0000 -0.0000
vn 0.5000 -0.0000 -0.8660
vn -0.0000 -0.0000 -1.0000
vn 0.8660 -0.0000 -0.5000
vn 1.0000 -0.0000 -0.0000
vn 0.5000 -0.0000 0.8660
vn 0.8660 -0.0000 0.5000
vn -0.0000 -0.0000 1.0000
vn -0.5000 -0.0000 0.8660
vn -0.8660 -0.0000 0.5000
vt 0.400000 0.000000
vt 0.000000 0.000000
vt 0.200000 0.000000
vt 1.000000 0.000000
vt 0.600000 0.000000
vt 0.800000 0.000000
vt 0.000000 1.000000
vt 0.333333 1.000000
vt 0.333333 0.833333
vt 0.000000 0.833333
vt 0.000000 0.166667
vt 0.333333 0.166667
vt 0.333333 0.000000
vt 0.000000 0.333333
vt 0.333333 0.333333
vt 0.000000 0.500000
vt 0.333333 0.500000
vt 0.000000 0.666667
vt 0.333333 0.666667
vt 0.666667 1.000000
vt 0.666667 0.833333
vt 0.666667 0.166667
vt 0.666667 0.000000
vt 0.666667 0.333333
vt 0.666667 0.500000
vt 0.666667 0.666667
vt 1.000000 1.000000
vt 1.000000 0.833333
vt 1.000000 0.166667
vt 1.000000 0.333333
vt 1.000000 0.500000
vt 1.000000 0.666667
s 1
usemtl Rubber_|_ribbed_black
f 3630/3901/4394 3628/3902/4394 3629/3903/4394
f 3630/3901/4394 3633/3904/4394 3628/3902/4394
f 3631/3905/4394 3633/3904/4394 3630/3901/4394
f 3631/3905/4394 3632/3906/4394 3633/3904/4394
f 3639/3904/4395 3635/3903/4395 3634/3902/4395
f 3639/3904/4395 3636/3901/4395 3635/3903/4395
f 3638/3906/4395 3636/3901/4395 3639/3904/4395
f 3638/3906/4395 3637/3905/4395 3636/3901/4395
f 3634/3907/4396 3640/3908/4397 3645/3909/4398 3639/3910/4398
f 3635/3911/4399 3641/3912/4399 3640/3913/4397 3634/3902/4400
f 3636/3914/4401 3642/3915/4402 3641/3912/4399 3635/3911/4399
f 3637/3916/4403 3643/3917/4403 3642/3915/4402 3636/3914/4404
f 3638/3918/4405 3644/3919/4406 3643/3917/4403 3637/3916/4403
f 3639/3910/4398 3645/3909/4398 3644/3919/4406 3638/3918/4407
f 3640/3908/4397 3646/3920/4397 3651/3921/4398 3645/3909/4398
f 3641/3912/4399 3647/3922/4399 3646/3923/4397 3640/3913/4397
f 3642/3915/4402 3648/3924/4402 3647/3922/4399 3641/3912/4399
f 3643/3917/4403 3649/3925/4403 3648/3924/4402 3642/3915/4402
f 3644/3919/4406 3650/3926/4406 3649/3925/4403 3643/3917/4403
f 3645/3909/4398 3651/3921/4398 3650/3926/4406 3644/3919/4406
f 3646/3920/4397 3628/3927/4396 3633/3928/4398 3651/3921/4398
f 3647/3922/4399 3629/3929/4399 3628/3904/4400 3646/3923/4397
f 3648/3924/4402 3630/3930/4401 3629/3929/4399 3647/3922/4399
f 3649/3925/4403 3631/3931/4403 3630/3930/4404 3648/3924/4402
f 3650/3926/4406 3632/3932/4405 3631/3931/4403 3649/3925/4403
f 3651/3921/4398 3633/3928/4398 3632/3932/4407 3650/3926/4406
o Forend_|_left_rib_10
v 0.493026 0.010718 -0.032731
v 0.495949 0.010718 -0.032731
v 0.497410 0.010718 -0.030200
v 0.495949 0.010718 -0.027669
v 0.493026 0.010718 -0.027669
v 0.491564 0.010718 -0.030200
v 0.493026 0.028256 -0.032731
v 0.495949 0.028256 -0.032731
v 0.497410 0.028256 -0.030200
v 0.495949 0.028256 -0.027669
v 0.493026 0.028256 -0.027669
v 0.491564 0.028256 -0.030200
v 0.493026 0.022188 -0.032731
v 0.495949 0.022188 -0.032731
v 0.497410 0.022188 -0.030200
v 0.495949 0.022188 -0.027669
v 0.493026 0.022188 -0.027669
v 0.491564 0.022188 -0.030200
v 0.493026 0.016787 -0.032731
v 0.495949 0.016787 -0.032731
v 0.497410 0.016787 -0.030200
v 0.495949 0.016787 -0.027669
v 0.493026 0.016787 -0.027669
v 0.491564 0.016787 -0.030200
vn -0.0000 -1.0000 -0.0000
vn -0.0000 1.0000 -0.0000
vn -0.5000 -0.0000 -0.8660
vn -0.8660 -0.0000 -0.5000
vn -0.0000 -0.0000 -1.0000
vn 0.5000 -0.0000 -0.8660
vn 1.0000 -0.0000 -0.0000
vn 0.8660 -0.0000 -0.5000
vn 0.8660 -0.0000 0.5000
vn 0.5000 -0.0000 0.8660
vn -0.5000 -0.0000 0.8660
vn -0.0000 -0.0000 1.0000
vn -0.8660 -0.0000 0.5000
vt 0.400000 0.000000
vt 0.000000 0.000000
vt 0.200000 0.000000
vt 1.000000 0.000000
vt 0.600000 0.000000
vt 0.800000 0.000000
vt 0.000000 1.000000
vt 0.333333 1.000000
vt 0.333333 0.833333
vt 0.000000 0.833333
vt 0.000000 0.166667
vt 0.333333 0.166667
vt 0.333333 0.000000
vt 0.000000 0.333333
vt 0.333333 0.333333
vt 0.000000 0.500000
vt 0.333333 0.500000
vt 0.000000 0.666667
vt 0.333333 0.666667
vt 0.666667 1.000000
vt 0.666667 0.833333
vt 0.666667 0.166667
vt 0.666667 0.000000
vt 0.666667 0.333333
vt 0.666667 0.500000
vt 0.666667 0.666667
vt 1.000000 1.000000
vt 1.000000 0.833333
vt 1.000000 0.166667
vt 1.000000 0.333333
vt 1.000000 0.500000
vt 1.000000 0.666667
s 1
usemtl Rubber_|_ribbed_black
f 3654/3933/4408 3652/3934/4408 3653/3935/4408
f 3654/3933/4408 3657/3936/4408 3652/3934/4408
f 3655/3937/4408 3657/3936/4408 3654/3933/4408
f 3655/3937/4408 3656/3938/4408 3657/3936/4408
f 3663/3936/4409 3659/3935/4409 3658/3934/4409
f 3663/3936/4409 3660/3933/4409 3659/3935/4409
f 3662/3938/4409 3660/3933/4409 3663/3936/4409
f 3662/3938/4409 3661/3937/4409 3660/3933/4409
f 3658/3939/4410 3664/3940/4410 3669/3941/4411 3663/3942/4411
f 3659/3943/4412 3665/3944/4413 3664/3945/4410 3658/3934/4410
f 3660/3946/4414 3666/3947/4414 3665/3944/4413 3659/3943/4415
f 3661/3948/4416 3667/3949/4417 3666/3947/4414 3660/3946/4414
f 3662/3950/4418 3668/3951/4418 3667/3949/4417 3661/3948/4419
f 3663/3942/4420 3669/3941/4420 3668/3951/4418 3662/3950/4418
f 3664/3940/4410 3670/3952/4410 3675/3953/4411 3669/3941/4411
f 3665/3944/4413 3671/3954/4413 3670/3955/4410 3664/3945/4410
f 3666/3947/4414 3672/3956/4414 3671/3954/4413 3665/3944/4413
f 3667/3949/4417 3673/3957/4417 3672/3956/4414 3666/3947/4414
f 3668/3951/4418 3674/3958/4418 3673/3957/4417 3667/3949/4417
f 3669/3941/4420 3675/3953/4420 3674/3958/4418 3668/3951/4418
f 3670/3952/4410 3652/3959/4410 3657/3960/4411 3675/3953/4411
f 3671/3954/4413 3653/3961/4412 3652/3936/4410 3670/3955/4410
f 3672/3956/4414 3654/3962/4414 3653/3961/4415 3671/3954/4413
f 3673/3957/4417 3655/3963/4416 3654/3962/4414 3672/3956/4414
f 3674/3958/4418 3656/3964/4418 3655/3963/4419 3673/3957/4417
f 3675/3953/4420 3657/3960/4420 3656/3964/4418 3674/3958/4418
o Forend_|_left_rib_11
v 0.505205 0.010718 -0.032731
v 0.508128 0.010718 -0.032731
v 0.509590 0.010718 -0.030200
v 0.508128 0.010718 -0.027669
v 0.505205 0.010718 -0.027669
v 0.503744 0.010718 -0.030200
v 0.505205 0.028256 -0.032731
v 0.508128 0.028256 -0.032731
v 0.509590 0.028256 -0.030200
v 0.508128 0.028256 -0.027669
v 0.505205 0.028256 -0.027669
v 0.503744 0.028256 -0.030200
v 0.505205 0.022188 -0.032731
v 0.508128 0.022188 -0.032731
v 0.509590 0.022188 -0.030200
v 0.508128 0.022188 -0.027669
v 0.505205 0.022188 -0.027669
v 0.503744 0.022188 -0.030200
v 0.505205 0.016787 -0.032731
v 0.508128 0.016787 -0.032731
v 0.509590 0.016787 -0.030200
v 0.508128 0.016787 -0.027669
v 0.505205 0.016787 -0.027669
v 0.503744 0.016787 -0.030200
vn -0.0000 -1.0000 -0.0000
vn -0.0000 1.0000 -0.0000
vn -0.8660 -0.0000 -0.5000
vn -1.0000 -0.0000 -0.0000
vn -0.0000 -0.0000 -1.0000
vn 1.0000 -0.0000 -0.0000
vn 0.8660 -0.0000 -0.5000
vn 0.8660 -0.0000 0.5000
vn -0.0000 -0.0000 1.0000
vn -0.8660 -0.0000 0.5000
vt 0.400000 0.000000
vt 0.000000 0.000000
vt 0.200000 0.000000
vt 1.000000 0.000000
vt 0.600000 0.000000
vt 0.800000 0.000000
vt 0.000000 1.000000
vt 0.333333 1.000000
vt 0.333333 0.833333
vt 0.000000 0.833333
vt 0.000000 0.166667
vt 0.333333 0.166667
vt 0.333333 0.000000
vt 0.000000 0.333333
vt 0.333333 0.333333
vt 0.000000 0.500000
vt 0.333333 0.500000
vt 0.000000 0.666667
vt 0.333333 0.666667
vt 0.666667 1.000000
vt 0.666667 0.833333
vt 0.666667 0.166667
vt 0.666667 0.000000
vt 0.666667 0.333333
vt 0.666667 0.500000
vt 0.666667 0.666667
vt 1.000000 1.000000
vt 1.000000 0.833333
vt 1.000000 0.166667
vt 1.000000 0.333333
vt 1.000000 0.500000
vt 1.000000 0.666667
s 1
usemtl Rubber_|_ribbed_black
f 3678/3965/4421 3676/3966/4421 3677/3967/4421
f 3678/3965/4421 3681/3968/4421 3676/3966/4421
f 3679/3969/4421 3681/3968/4421 3678/3965/4421
f 3679/3969/4421 3680/3970/4421 3681/3968/4421
f 3687/3968/4422 3683/3967/4422 3682/3966/4422
f 3687/3968/4422 3684/3965/4422 3683/3967/4422
f 3686/3970/4422 3684/3965/4422 3687/3968/4422
f 3686/3970/4422 3685/3969/4422 3684/3965/4422
f 3682/3971/4423 3688/3972/4423 3693/3973/4424 3687/3974/4424
f 3683/3975/4425 3689/3976/4425 3688/3977/4425 3682/3966/4425
f 3684/3978/4426 3690/3979/4426 3689/3976/4427 3683/3975/4427
f 3685/3980/4428 3691/3981/4428 3690/3979/4426 3684/3978/4426
f 3686/3982/4429 3692/3983/4429 3691/3981/4429 3685/3980/4429
f 3687/3974/4424 3693/3973/4424 3692/3983/4430 3686/3982/4430
f 3688/3972/4423 3694/3984/4423 3699/3985/4424 3693/3973/4424
f 3689/3976/4425 3695/3986/4425 3694/3987/4425 3688/3977/4425
f 3690/3979/4426 3696/3988/4426 3695/3986/4427 3689/3976/4427
f 3691/3981/4428 3697/3989/4428 3696/3988/4426 3690/3979/4426
f 3692/3983/4429 3698/3990/4429 3697/3989/4429 3691/3981/4429
f 3693/3973/4424 3699/3985/4424 3698/3990/4430 3692/3983/4430
f 3694/3984/4423 3676/3991/4423 3681/3992/4424 3699/3985/4424
f 3695/3986/4425 3677/3993/4425 3676/3968/4425 3694/3987/4425
f 3696/3988/4426 3678/3994/4426 3677/3993/4427 3695/3986/4427
f 3697/3989/4428 3679/3995/4428 3678/3994/4426 3696/3988/4426
f 3698/3990/4429 3680/3996/4429 3679/3995/4429 3697/3989/4429
f 3699/3985/4424 3681/3992/4424 3680/3996/4430 3698/3990/4430
o Forend_|_left_rib_12
v 0.517385 0.010718 -0.032731
v 0.520308 0.010718 -0.032731
v 0.521769 0.010718 -0.030200
v 0.520308 0.010718 -0.027669
v 0.517385 0.010718 -0.027669
v 0.515923 0.010718 -0.030200
v 0.517385 0.028256 -0.032731
v 0.520308 0.028256 -0.032731
v 0.521769 0.028256 -0.030200
v 0.520308 0.028256 -0.027669
v 0.517385 0.028256 -0.027669
v 0.515923 0.028256 -0.030200
v 0.517385 0.022188 -0.032731
v 0.520308 0.022188 -0.032731
v 0.521769 0.022188 -0.030200
v 0.520308 0.022188 -0.027669
v 0.517385 0.022188 -0.027669
v 0.515923 0.022188 -0.030200
v 0.517385 0.016787 -0.032731
v 0.520308 0.016787 -0.032731
v 0.521769 0.016787 -0.030200
v 0.520308 0.016787 -0.027669
v 0.517385 0.016787 -0.027669
v 0.515923 0.016787 -0.030200
vn -0.0000 -1.0000 -0.0000
vn -0.0000 1.0000 -0.0000
vn -0.8660 -0.0000 -0.5000
vn -1.0000 -0.0000 -0.0000
vn -0.0000 -0.0000 -1.0000
vn 1.0000 -0.0000 -0.0000
vn 0.8660 -0.0000 -0.5000
vn 0.8660 -0.0000 0.5000
vn -0.0000 -0.0000 1.0000
vn -0.8660 -0.0000 0.5000
vt 0.400000 0.000000
vt 0.000000 0.000000
vt 0.200000 0.000000
vt 1.000000 0.000000
vt 0.600000 0.000000
vt 0.800000 0.000000
vt 0.000000 1.000000
vt 0.333333 1.000000
vt 0.333333 0.833333
vt 0.000000 0.833333
vt 0.000000 0.166667
vt 0.333333 0.166667
vt 0.333333 0.000000
vt 0.000000 0.333333
vt 0.333333 0.333333
vt 0.000000 0.500000
vt 0.333333 0.500000
vt 0.000000 0.666667
vt 0.333333 0.666667
vt 0.666667 1.000000
vt 0.666667 0.833333
vt 0.666667 0.166667
vt 0.666667 0.000000
vt 0.666667 0.333333
vt 0.666667 0.500000
vt 0.666667 0.666667
vt 1.000000 1.000000
vt 1.000000 0.833333
vt 1.000000 0.166667
vt 1.000000 0.333333
vt 1.000000 0.500000
vt 1.000000 0.666667
s 1
usemtl Rubber_|_ribbed_black
f 3702/3997/4431 3700/3998/4431 3701/3999/4431
f 3702/3997/4431 3705/4000/4431 3700/3998/4431
f 3703/4001/4431 3705/4000/4431 3702/3997/4431
f 3703/4001/4431 3704/4002/4431 3705/4000/4431
f 3711/4000/4432 3707/3999/4432 3706/3998/4432
f 3711/4000/4432 3708/3997/4432 3707/3999/4432
f 3710/4002/4432 3708/3997/4432 3711/4000/4432
f 3710/4002/4432 3709/4001/4432 3708/3997/4432
f 3706/4003/4433 3712/4004/4433 3717/4005/4434 3711/4006/4434
f 3707/4007/4435 3713/4008/4435 3712/4009/4435 3706/3998/4435
f 3708/4010/4436 3714/4011/4436 3713/4008/4437 3707/4007/4437
f 3709/4012/4438 3715/4013/4438 3714/4011/4436 3708/4010/4436
f 3710/4014/4439 3716/4015/4439 3715/4013/4439 3709/4012/4439
f 3711/4006/4434 3717/4005/4434 3716/4015/4440 3710/4014/4440
f 3712/4004/4433 3718/4016/4433 3723/4017/4434 3717/4005/4434
f 3713/4008/4435 3719/4018/4435 3718/4019/4435 3712/4009/4435
f 3714/4011/4436 3720/4020/4436 3719/4018/4437 3713/4008/4437
f 3715/4013/4438 3721/4021/4438 3720/4020/4436 3714/4011/4436
f 3716/4015/4439 3722/4022/4439 3721/4021/4439 3715/4013/4439
f 3717/4005/4434 3723/4017/4434 3722/4022/4440 3716/4015/4440
f 3718/4016/4433 3700/4023/4433 3705/4024/4434 3723/4017/4434
f 3719/4018/4435 3701/4025/4435 3700/4000/4435 3718/4019/4435
f 3720/4020/4436 3702/4026/4436 3701/4025/4437 3719/4018/4437
f 3721/4021/4438 3703/4027/4438 3702/4026/4436 3720/4020/4436
f 3722/4022/4439 3704/4028/4439 3703/4027/4439 3721/4021/4439
f 3723/4017/4434 3705/4024/4434 3704/4028/4440 3722/4022/4440
o Glow_|_left_forend_nose
v 0.571133 0.014522 -0.030218
v 0.571133 0.014522 -0.027782
v 0.569026 0.014615 -0.026564
v 0.566918 0.014709 -0.027782
v 0.566918 0.014709 -0.030218
v 0.569026 0.014615 -0.031436
v 0.557194 0.061983 -0.030218
v 0.557194 0.061983 -0.027782
v 0.555385 0.060897 -0.026564
v 0.553576 0.059812 -0.027782
v 0.553576 0.059812 -0.030218
v 0.555385 0.060897 -0.031436
v 0.562826 0.053964 -0.030218
v 0.562826 0.053964 -0.027782
v 0.561105 0.052745 -0.026564
v 0.559383 0.051526 -0.027782
v 0.559383 0.051526 -0.030218
v 0.561105 0.052745 -0.031436
v 0.568113 0.046543 -0.030218
v 0.568113 0.046543 -0.027782
v 0.566269 0.045519 -0.026564
v 0.564425 0.044494 -0.027782
v 0.564425 0.044494 -0.030218
v 0.566269 0.045519 -0.031436
v 0.572045 0.037056 -0.030218
v 0.572045 0.037056 -0.027782
v 0.570000 0.036538 -0.026564
v 0.567955 0.036021 -0.027782
v 0.567955 0.036021 -0.030218
v 0.570000 0.036538 -0.031436
v 0.572876 0.029042 -0.030218
v 0.572876 0.029042 -0.027782
v 0.570767 0.029065 -0.026564
v 0.568657 0.029089 -0.027782
v 0.568657 0.029089 -0.030218
v 0.570767 0.029065 -0.031436
v 0.572009 0.022005 -0.030218
v 0.572009 0.022005 -0.027782
v 0.569915 0.022258 -0.026564
v 0.567820 0.022510 -0.027782
v 0.567820 0.022510 -0.030218
v 0.569915 0.022258 -0.031436
vn -0.0444 -0.9990 -0.0000
vn -0.5145 0.8575 -0.0000
vn 0.7042 0.4946 -0.5094
vn 0.7069 0.5002 -0.5000
vn 0.4088 0.2893 -0.8655
vn 0.4096 0.2876 -0.8657
vn 0.7042 0.4946 0.5094
vn 0.7069 0.5002 0.5000
vn 0.4096 0.2876 0.8657
vn 0.4088 0.2893 0.8655
vn -0.7139 -0.5004 0.4898
vn -0.7071 -0.5012 0.4988
vn -0.4087 -0.2895 0.8655
vn -0.4098 -0.2873 0.8657
vn -0.7139 -0.5004 -0.4898
vn -0.7071 -0.5012 -0.4988
vn -0.4098 -0.2873 -0.8657
vn -0.4087 -0.2895 -0.8655
vn 0.7648 0.4239 -0.4852
vn 0.4371 0.2424 -0.8661
vn 0.7648 0.4239 0.4852
vn 0.4371 0.2424 0.8661
vn -0.7482 -0.4166 0.5164
vn -0.4368 -0.2429 0.8661
vn -0.7482 -0.4166 -0.5164
vn -0.4368 -0.2429 -0.8661
vn 0.8496 0.2152 -0.4815
vn 0.4840 0.1226 -0.8665
vn 0.8496 0.2152 0.4815
vn 0.4840 0.1226 0.8665
vn -0.8270 -0.2093 0.5217
vn -0.4839 -0.1225 0.8665
vn -0.8270 -0.2093 -0.5217
vn -0.4839 -0.1225 -0.8665
vn 0.8744 -0.0086 -0.4852
vn 0.4998 -0.0051 -0.8661
vn 0.8744 -0.0086 0.4852
vn 0.4998 -0.0051 0.8661
vn -0.8563 0.0107 0.5164
vn -0.4998 0.0059 0.8661
vn -0.8563 0.0107 -0.5164
vn -0.4998 0.0059 -0.8661
vn 0.8598 -0.1034 -0.5000
vn 0.4972 -0.0599 -0.8655
vn 0.8598 -0.1034 0.5000
vn 0.4973 -0.0599 0.8655
vn -0.8604 0.1044 0.4988
vn -0.4972 0.0602 0.8655
vn -0.8604 0.1044 -0.4988
vn -0.4972 0.0602 -0.8655
vn 0.8547 -0.0999 -0.5095
vn 0.4971 -0.0580 -0.8657
vn 0.8547 -0.0999 0.5095
vn 0.4971 -0.0580 0.8657
vn -0.8661 0.1002 0.4898
vn -0.4971 0.0577 0.8658
vn -0.8661 0.1002 -0.4898
vn -0.4971 0.0577 -0.8658
vt 0.400000 0.000000
vt 0.000000 0.000000
vt 0.200000 0.000000
vt 1.000000 0.000000
vt 0.600000 0.000000
vt 0.800000 0.000000
vt 0.000000 1.000000
vt 0.166667 1.000000
vt 0.166667 0.833333
vt 0.000000 0.833333
vt 0.000000 0.166667
vt 0.166667 0.166667
vt 0.166667 0.000000
vt 0.000000 0.333333
vt 0.166667 0.333333
vt 0.000000 0.500000
vt 0.166667 0.500000
vt 0.000000 0.666667
vt 0.166667 0.666667
vt 0.333333 1.000000
vt 0.333333 0.833333
vt 0.333333 0.166667
vt 0.333333 0.000000
vt 0.333333 0.333333
vt 0.333333 0.500000
vt 0.333333 0.666667
vt 0.500000 1.000000
vt 0.500000 0.833333
vt 0.500000 0.166667
vt 0.500000 0.000000
vt 0.500000 0.333333
vt 0.500000 0.500000
vt 0.500000 0.666667
vt 0.666667 1.000000
vt 0.666667 0.833333
vt 0.666667 0.166667
vt 0.666667 0.000000
vt 0.666667 0.333333
vt 0.666667 0.500000
vt 0.666667 0.666667
vt 0.833333 1.000000
vt 0.833333 0.833333
vt 0.833333 0.166667
vt 0.833333 0.000000
vt 0.833333 0.333333
vt 0.833333 0.500000
vt 0.833333 0.666667
vt 1.000000 1.000000
vt 1.000000 0.833333
vt 1.000000 0.166667
vt 1.000000 0.333333
vt 1.000000 0.500000
vt 1.000000 0.666667
s 1
usemtl Glow_|_orange_neon
f 3726/4029/4441 3724/4030/4441 3725/4031/4441
f 3726/4029/4441 3729/4032/4441 3724/4030/4441
f 3727/4033/4441 3729/4032/4441 3726/4029/4441
f 3727/4033/4441 3728/4034/4441 3729/4032/4441
f 3732/4029/4442 3734/4034/4442 3733/4033/4442
f 3732/4029/4442 3735/4032/4442 3734/4034/4442
f 3731/4031/4442 3735/4032/4442 3732/4029/4442
f 3731/4031/4442 3730/4030/4442 3735/4032/4442
f 3730/4035/4443 3736/4036/4444 3741/4037/4445 3735/4038/4446
f 3731/4039/4447 3737/4040/4448 3736/4041/4444 3730/4030/4443
f 3732/4042/4449 3738/4043/4450 3737/4040/4448 3731/4039/4447
f 3733/4044/4451 3739/4045/4452 3738/4043/4453 3732/4042/4454
f 3734/4046/4455 3740/4047/4456 3739/4045/4452 3733/4044/4451
f 3735/4038/4457 3741/4037/4458 3740/4047/4456 3734/4046/4455
f 3736/4036/4444 3742/4048/4459 3747/4049/4460 3741/4037/4445
f 3737/4040/4448 3743/4050/4461 3742/4051/4459 3736/4041/4444
f 3738/4043/4450 3744/4052/4462 3743/4050/4461 3737/4040/4448
f 3739/4045/4452 3745/4053/4463 3744/4052/4464 3738/4043/4453
f 3740/4047/4456 3746/4054/4465 3745/4053/4463 3739/4045/4452
f 3741/4037/4458 3747/4049/4466 3746/4054/4465 3740/4047/4456
f 3742/4048/4459 3748/4055/4467 3753/4056/4468 3747/4049/4460
f 3743/4050/4461 3749/4057/4469 3748/4058/4467 3742/4051/4459
f 3744/4052/4462 3750/4059/4470 3749/4057/4469 3743/4050/4461
f 3745/4053/4463 3751/4060/4471 3750/4059/4472 3744/4052/4464
f 3746/4054/4465 3752/4061/4473 3751/4060/4471 3745/4053/4463
f 3747/4049/4466 3753/4056/4474 3752/4061/4473 3746/4054/4465
f 3748/4055/4467 3754/4062/4475 3759/4063/4476 3753/4056/4468
f 3749/4057/4469 3755/4064/4477 3754/4065/4475 3748/4058/4467
f 3750/4059/4470 3756/4066/4478 3755/4064/4477 3749/4057/4469
f 3751/4060/4471 3757/4067/4479 3756/4066/4480 3750/4059/4472
f 3752/4061/4473 3758/4068/4481 3757/4067/4479 3751/4060/4471
f 3753/4056/4474 3759/4063/4482 3758/4068/4481 3752/4061/4473
f 3754/4062/4475 3760/4069/4483 3765/4070/4484 3759/4063/4476
f 3755/4064/4477 3761/4071/4485 3760/4072/4483 3754/4065/4475
f 3756/4066/4478 3762/4073/4486 3761/4071/4485 3755/4064/4477
f 3757/4067/4479 3763/4074/4487 3762/4073/4488 3756/4066/4480
f 3758/4068/4481 3764/4075/4489 3763/4074/4487 3757/4067/4479
f 3759/4063/4482 3765/4070/4490 3764/4075/4489 3758/4068/4481
f 3760/4069/4483 3724/4076/4491 3729/4077/4492 3765/4070/4484
f 3761/4071/4485 3725/4078/4493 3724/4032/4491 3760/4072/4483
f 3762/4073/4486 3726/4079/4494 3725/4078/4493 3761/4071/4485
f 3763/4074/4487 3727/4080/4495 3726/4079/4496 3762/4073/4488
f 3764/4075/4489 3728/4081/4497 3727/4080/4495 3763/4074/4487
f 3765/4070/4490 3729/4077/4498 3728/4081/4497 3764/4075/4489
o Glow_|_right_rib_strip
v 0.617744 0.126762 0.010638
v 0.617744 0.126762 0.013562
v 0.617744 0.124231 0.015023
v 0.617744 0.121699 0.013562
v 0.617744 0.121699 0.010638
v 0.617744 0.124231 0.009177
v 0.253333 0.126762 0.010638
v 0.253333 0.126762 0.013562
v 0.253333 0.124231 0.015023
v 0.253333 0.121699 0.013562
v 0.253333 0.121699 0.010638
v 0.253333 0.124231 0.009177
v 0.379426 0.126762 0.010638
v 0.379426 0.126762 0.013562
v 0.379426 0.124231 0.015023
v 0.379426 0.121699 0.013562
v 0.379426 0.121699 0.010638
v 0.379426 0.124231 0.009177
v 0.491651 0.126762 0.010638
v 0.491651 0.126762 0.013562
v 0.491651 0.124231 0.015023
v 0.491651 0.121699 0.013562
v 0.491651 0.121699 0.010638
v 0.491651 0.124231 0.009177
vn 1.0000 -0.0000 -0.0000
vn -1.0000 -0.0000 -0.0000
vn -0.0000 0.8660 -0.5000
vn -0.0000 0.5000 -0.8660
vn -0.0000 0.8660 0.5000
vn -0.0000 0.5000 0.8660
vn -0.0000 -0.5000 0.8660
vn -0.0000 -1.0000 -0.0000
vn -0.0000 -0.5000 -0.8660
vt 1.000000 0.000000
vt 0.600000 0.000000
vt 0.800000 0.000000
vt 0.400000 0.000000
vt 0.000000 0.000000
vt 0.200000 0.000000
vt 0.000000 1.000000
vt 0.333333 1.000000
vt 0.333333 0.833333
vt 0.000000 0.833333
vt 0.000000 0.166667
vt 0.333333 0.166667
vt 0.333333 0.000000
vt 0.000000 0.333333
vt 0.333333 0.333333
vt 0.000000 0.500000
vt 0.333333 0.500000
vt 0.000000 0.666667
vt 0.333333 0.666667
vt 0.666667 1.000000
vt 0.666667 0.833333
vt 0.666667 0.166667
vt 0.666667 0.000000
vt 0.666667 0.333333
vt 0.666667 0.500000
vt 0.666667 0.666667
vt 1.000000 1.000000
vt 1.000000 0.833333
vt 1.000000 0.166667
vt 1.000000 0.333333
vt 1.000000 0.500000
vt 1.000000 0.666667
s 1
usemtl Glow_|_orange_neon
f 3771/4082/4499 3769/4083/4499 3770/4084/4499
f 3771/4082/4499 3768/4085/4499 3769/4083/4499
f 3766/4086/4499 3768/4085/4499 3771/4082/4499
f 3766/4086/4499 3767/4087/4499 3768/4085/4499
f 3774/4085/4500 3776/4084/4500 3775/4083/4500
f 3774/4085/4500 3777/4082/4500 3776/4084/4500
f 3773/4087/4500 3777/4082/4500 3774/4085/4500
f 3773/4087/4500 3772/4086/4500 3777/4082/4500
f 3772/4088/4501 3778/4089/4501 3783/4090/4502 3777/4091/4502
f 3773/4092/4503 3779/4093/4503 3778/4094/4501 3772/4086/4501
f 3774/4095/4504 3780/4096/4504 3779/4093/4503 3773/4092/4503
f 3775/4097/4505 3781/4098/4505 3780/4096/4505 3774/4095/4505
f 3776/4099/4506 3782/4100/4506 3781/4098/4506 3775/4097/4506
f 3777/4091/4507 3783/4090/4507 3782/4100/4507 3776/4099/4507
f 3778/4089/4501 3784/4101/4501 3789/4102/4502 3783/4090/4502
f 3779/4093/4503 3785/4103/4503 3784/4104/4501 3778/4094/4501
f 3780/4096/4504 3786/4105/4504 3785/4103/4503 3779/4093/4503
f 3781/4098/4505 3787/4106/4505 3786/4105/4505 3780/4096/4505
f 3782/4100/4506 3788/4107/4506 3787/4106/4506 3781/4098/4506
f 3783/4090/4507 3789/4102/4507 3788/4107/4507 3782/4100/4507
f 3784/4101/4501 3766/4108/4501 3771/4109/4502 3789/4102/4502
f 3785/4103/4503 3767/4110/4503 3766/4082/4501 3784/4104/4501
f 3786/4105/4504 3768/4111/4504 3767/4110/4503 3785/4103/4503
f 3787/4106/4505 3769/4112/4505 3768/4111/4505 3786/4105/4505
f 3788/4107/4506 3770/4113/4506 3769/4112/4506 3787/4106/4506
f 3789/4102/4507 3771/4109/4507 3770/4113/4507 3788/4107/4507
o Glow_|_right_barrel_slot_1
v 0.336154 0.115848 0.012763
v 0.336154 0.115848 0.017148
v 0.336154 0.112051 0.019340
v 0.336154 0.108254 0.017148
v 0.336154 0.108254 0.012763
v 0.336154 0.112051 0.010571
v 0.309359 0.115848 0.012763
v 0.309359 0.115848 0.017148
v 0.309359 0.112051 0.019340
v 0.309359 0.108254 0.017148
v 0.309359 0.108254 0.012763
v 0.309359 0.112051 0.010571
v 0.318630 0.115848 0.012763
v 0.318630 0.115848 0.017148
v 0.318630 0.112051 0.019340
v 0.318630 0.108254 0.017148
v 0.318630 0.108254 0.012763
v 0.318630 0.112051 0.010571
v 0.326882 0.115848 0.012763
v 0.326882 0.115848 0.017148
v 0.326882 0.112051 0.019340
v 0.326882 0.108254 0.017148
v 0.326882 0.108254 0.012763
v 0.326882 0.112051 0.010571
vn 1.0000 -0.0000 -0.0000
vn -1.0000 -0.0000 -0.0000
vn -0.0000 0.8660 -0.5000
vn -0.0000 0.5000 -0.8660
vn -0.0000 0.8660 0.5000
vn -0.0000 0.5000 0.8660
vn -0.0000 -0.8660 0.5000
vn -0.0000 -0.5000 0.8660
vn -0.0000 -0.8660 -0.5000
vn -0.0000 -0.5000 -0.8660
vn -0.0000 -1.0000 -0.0000
vt 1.000000 0.000000
vt 0.600000 0.000000
vt 0.800000 0.000000
vt 0.400000 0.000000
vt 0.000000 0.000000
vt 0.200000 0.000000
vt 0.000000 1.000000
vt 0.333333 1.000000
vt 0.333333 0.833333
vt 0.000000 0.833333
vt 0.000000 0.166667
vt 0.333333 0.166667
vt 0.333333 0.000000
vt 0.000000 0.333333
vt 0.333333 0.333333
vt 0.000000 0.500000
vt 0.333333 0.500000
vt 0.000000 0.666667
vt 0.333333 0.666667
vt 0.666667 1.000000
vt 0.666667 0.833333
vt 0.666667 0.166667
vt 0.666667 0.000000
vt 0.666667 0.333333
vt 0.666667 0.500000
vt 0.666667 0.666667
vt 1.000000 1.000000
vt 1.000000 0.833333
vt 1.000000 0.166667
vt 1.000000 0.333333
vt 1.000000 0.500000
vt 1.000000 0.666667
s 1
usemtl Glow_|_orange_neon
f 3795/4114/4508 3793/4115/4508 3794/4116/4508
f 3795/4114/4508 3792/4117/4508 3793/4115/4508
f 3790/4118/4508 3792/4117/4508 3795/4114/4508
f 3790/4118/4508 3791/4119/4508 3792/4117/4508
f 3798/4117/4509 3800/4116/4509 3799/4115/4509
f 3798/4117/4509 3801/4114/4509 3800/4116/4509
f 3797/4119/4509 3801/4114/4509 3798/4117/4509
f 3797/4119/4509 3796/4118/4509 3801/4114/4509
f 3796/4120/4510 3802/4121/4510 3807/4122/4511 3801/4123/4511
f 3797/4124/4512 3803/4125/4512 3802/4126/4510 3796/4118/4510
f 3798/4127/4513 3804/4128/4513 3803/4125/4512 3797/4124/4512
f 3799/4129/4514 3805/4130/4514 3804/4128/4515 3798/4127/4515
f 3800/4131/4516 3806/4132/4516 3805/4130/4514 3799/4129/4514
f 3801/4123/4517 3807/4122/4517 3806/4132/4516 3800/4131/4516
f 3802/4121/4510 3808/4133/4510 3813/4134/4511 3807/4122/4511
f 3803/4125/4512 3809/4135/4512 3808/4136/4510 3802/4126/4510
f 3804/4128/4513 3810/4137/4513 3809/4135/4512 3803/4125/4512
f 3805/4130/4514 3811/4138/4514 3810/4137/4515 3804/4128/4515
f 3806/4132/4516 3812/4139/4516 3811/4138/4514 3805/4130/4514
f 3807/4122/4517 3813/4134/4517 3812/4139/4516 3806/4132/4516
f 3808/4133/4510 3790/4140/4510 3795/4141/4511 3813/4134/4511
f 3809/4135/4512 3791/4142/4512 3790/4114/4510 3808/4136/4510
f 3810/4137/4513 3792/4143/4513 3791/4142/4512 3809/4135/4512
f 3811/4138/4514 3793/4144/4515 3792/4143/4515 3810/4137/4515
f 3812/4139/4516 3794/4145/4516 3793/4144/4518 3811/4138/4514
f 3813/4134/4517 3795/4141/4517 3794/4145/4516 3812/4139/4516
o Glow_|_right_barrel_slot_2
v 0.389744 0.115848 0.012763
v 0.389744 0.115848 0.017148
v 0.389744 0.112051 0.019340
v 0.389744 0.108254 0.017148
v 0.389744 0.108254 0.012763
v 0.389744 0.112051 0.010571
v 0.362949 0.115848 0.012763
v 0.362949 0.115848 0.017148
v 0.362949 0.112051 0.019340
v 0.362949 0.108254 0.017148
v 0.362949 0.108254 0.012763
v 0.362949 0.112051 0.010571
v 0.372220 0.115848 0.012763
v 0.372220 0.115848 0.017148
v 0.372220 0.112051 0.019340
v 0.372220 0.108254 0.017148
v 0.372220 0.108254 0.012763
v 0.372220 0.112051 0.010571
v 0.380472 0.115848 0.012763
v 0.380472 0.115848 0.017148
v 0.380472 0.112051 0.019340
v 0.380472 0.108254 0.017148
v 0.380472 0.108254 0.012763
v 0.380472 0.112051 0.010571
vn 1.0000 -0.0000 -0.0000
vn -1.0000 -0.0000 -0.0000
vn -0.0000 0.8660 -0.5000
vn -0.0000 -0.0000 -1.0000
vn -0.0000 0.5000 -0.8660
vn -0.0000 0.8660 0.5000
vn -0.0000 0.5000 0.8660
vn -0.0000 -0.0000 1.0000
vn -0.0000 -0.5000 0.8660
vn -0.0000 -0.8660 -0.5000
vn -0.0000 -1.0000 -0.0000
vn -0.0000 -0.5000 -0.8660
vn -0.0000 -0.8660 0.5000
vt 1.000000 0.000000
vt 0.600000 0.000000
vt 0.800000 0.000000
vt 0.400000 0.000000
vt 0.000000 0.000000
vt 0.200000 0.000000
vt 0.000000 1.000000
vt 0.333333 1.000000
vt 0.333333 0.833333
vt 0.000000 0.833333
vt 0.000000 0.166667
vt 0.333333 0.166667
vt 0.333333 0.000000
vt 0.000000 0.333333
vt 0.333333 0.333333
vt 0.000000 0.500000
vt 0.333333 0.500000
vt 0.000000 0.666667
vt 0.333333 0.666667
vt 0.666667 1.000000
vt 0.666667 0.833333
vt 0.666667 0.166667
vt 0.666667 0.000000
vt 0.666667 0.333333
vt 0.666667 0.500000
vt 0.666667 0.666667
vt 1.000000 1.000000
vt 1.000000 0.833333
vt 1.000000 0.166667
vt 1.000000 0.333333
vt 1.000000 0.500000
vt 1.000000 0.666667
s 1
usemtl Glow_|_orange_neon
f 3819/4146/4519 3817/4147/4519 3818/4148/4519
f 3819/4146/4519 3816/4149/4519 3817/4147/4519
f 3814/4150/4519 3816/4149/4519 3819/4146/4519
f 3814/4150/4519 3815/4151/4519 3816/4149/4519
f 3822/4149/4520 3824/4148/4520 3823/4147/4520
f 3822/4149/4520 3825/4146/4520 3824/4148/4520
f 3821/4151/4520 3825/4146/4520 3822/4149/4520
f 3821/4151/4520 3820/4150/4520 3825/4146/4520
f 3820/4152/4521 3826/4153/4521 3831/4154/4522 3825/4155/4523
f 3821/4156/4524 3827/4157/4524 3826/4158/4521 3820/4150/4521
f 3822/4159/4525 3828/4160/4526 3827/4157/4524 3821/4156/4524
f 3823/4161/4527 3829/4162/4527 3828/4160/4526 3822/4159/4527
f 3824/4163/4528 3830/4164/4528 3829/4162/4529 3823/4161/4529
f 3825/4155/4530 3831/4154/4522 3830/4164/4528 3824/4163/4528
f 3826/4153/4521 3832/4165/4521 3837/4166/4522 3831/4154/4522
f 3827/4157/4524 3833/4167/4524 3832/4168/4521 3826/4158/4521
f 3828/4160/4526 3834/4169/4526 3833/4167/4524 3827/4157/4524
f 3829/4162/4527 3835/4170/4531 3834/4169/4526 3828/4160/4526
f 3830/4164/4528 3836/4171/4528 3835/4170/4531 3829/4162/4529
f 3831/4154/4522 3837/4166/4522 3836/4171/4528 3830/4164/4528
f 3832/4165/4521 3814/4172/4521 3819/4173/4523 3837/4166/4522
f 3833/4167/4524 3815/4174/4524 3814/4146/4521 3832/4168/4521
f 3834/4169/4526 3816/4175/4525 3815/4174/4524 3833/4167/4524
f 3835/4170/4531 3817/4176/4531 3816/4175/4527 3834/4169/4526
f 3836/4171/4528 3818/4177/4528 3817/4176/4531 3835/4170/4531
f 3837/4166/4522 3819/4173/4530 3818/4177/4528 3836/4171/4528
o Glow_|_right_barrel_slot_3
v 0.443333 0.115848 0.012763
v 0.443333 0.115848 0.017148
v 0.443333 0.112051 0.019340
v 0.443333 0.108254 0.017148
v 0.443333 0.108254 0.012763
v 0.443333 0.112051 0.010571
v 0.416538 0.115848 0.012763
v 0.416538 0.115848 0.017148
v 0.416538 0.112051 0.019340
v 0.416538 0.108254 0.017148
v 0.416538 0.108254 0.012763
v 0.416538 0.112051 0.010571
v 0.425810 0.115848 0.012763
v 0.425810 0.115848 0.017148
v 0.425810 0.112051 0.019340
v 0.425810 0.108254 0.017148
v 0.425810 0.108254 0.012763
v 0.425810 0.112051 0.010571
v 0.434062 0.115848 0.012763
v 0.434062 0.115848 0.017148
v 0.434062 0.112051 0.019340
v 0.434062 0.108254 0.017148
v 0.434062 0.108254 0.012763
v 0.434062 0.112051 0.010571
vn 1.0000 -0.0000 -0.0000
vn -1.0000 -0.0000 -0.0000
vn -0.0000 0.5000 -0.8660
vn -0.0000 0.8660 -0.5000
vn -0.0000 -0.0000 -1.0000
vn -0.0000 1.0000 -0.0000
vn -0.0000 0.8660 0.5000
vn -0.0000 -0.0000 1.0000
vn -0.0000 0.5000 0.8660
vn -0.0000 -0.5000 0.8660
vn -0.0000 -0.8660 0.5000
vn -0.0000 -1.0000 -0.0000
vn -0.0000 -0.8660 -0.5000
vn -0.0000 -0.5000 -0.8660
vt 1.000000 0.000000
vt 0.600000 0.000000
vt 0.800000 0.000000
vt 0.400000 0.000000
vt 0.000000 0.000000
vt 0.200000 0.000000
vt 0.000000 1.000000
vt 0.333333 1.000000
vt 0.333333 0.833333
vt 0.000000 0.833333
vt 0.000000 0.166667
vt 0.333333 0.166667
vt 0.333333 0.000000
vt 0.000000 0.333333
vt 0.333333 0.333333
vt 0.000000 0.500000
vt 0.333333 0.500000
vt 0.000000 0.666667
vt 0.333333 0.666667
vt 0.666667 1.000000
vt 0.666667 0.833333
vt 0.666667 0.166667
vt 0.666667 0.000000
vt 0.666667 0.333333
vt 0.666667 0.500000
vt 0.666667 0.666667
vt 1.000000 1.000000
vt 1.000000 0.833333
vt 1.000000 0.166667
vt 1.000000 0.333333
vt 1.000000 0.500000
vt 1.000000 0.666667
s 1
usemtl Glow_|_orange_neon
f 3843/4178/4532 3841/4179/4532 3842/4180/4532
f 3843/4178/4532 3840/4181/4532 3841/4179/4532
f 3838/4182/4532 3840/4181/4532 3843/4178/4532
f 3838/4182/4532 3839/4183/4532 3840/4181/4532
f 3846/4181/4533 3848/4180/4533 3847/4179/4533
f 3846/4181/4533 3849/4178/4533 3848/4180/4533
f 3845/4183/4533 3849/4178/4533 3846/4181/4533
f 3845/4183/4533 3844/4182/4533 3849/4178/4533
f 3844/4184/4534 3850/4185/4535 3855/4186/4536 3849/4187/4536
f 3845/4188/4537 3851/4189/4538 3850/4190/4535 3844/4182/4537
f 3846/4191/4539 3852/4192/4539 3851/4189/4538 3845/4188/4540
f 3847/4193/4541 3853/4194/4542 3852/4192/4539 3846/4191/4539
f 3848/4195/4543 3854/4196/4544 3853/4194/4542 3847/4193/4543
f 3849/4187/4536 3855/4186/4536 3854/4196/4544 3848/4195/4545
f 3850/4185/4535 3856/4197/4535 3861/4198/4534 3855/4186/4536
f 3851/4189/4538 3857/4199/4538 3856/4200/4535 3850/4190/4535
f 3852/4192/4539 3858/4201/4540 3857/4199/4538 3851/4189/4538
f 3853/4194/4542 3859/4202/4542 3858/4201/4541 3852/4192/4539
f 3854/4196/4544 3860/4203/4544 3859/4202/4542 3853/4194/4542
f 3855/4186/4536 3861/4198/4545 3860/4203/4544 3854/4196/4544
f 3856/4197/4535 3838/4204/4535 3843/4205/4534 3861/4198/4534
f 3857/4199/4538 3839/4206/4538 3838/4178/4535 3856/4200/4535
f 3858/4201/4540 3840/4207/4540 3839/4206/4538 3857/4199/4538
f 3859/4202/4542 3841/4208/4541 3840/4207/4541 3858/4201/4541
f 3860/4203/4544 3842/4209/4544 3841/4208/4543 3859/4202/4542
f 3861/4198/4545 3843/4205/4545 3842/4209/4544 3860/4203/4544
o Glow_|_right_barrel_slot_4
v 0.496923 0.115848 0.012763
v 0.496923 0.115848 0.017148
v 0.496923 0.112051 0.019340
v 0.496923 0.108254 0.017148
v 0.496923 0.108254 0.012763
v 0.496923 0.112051 0.010571
v 0.470128 0.115848 0.012763
v 0.470128 0.115848 0.017148
v 0.470128 0.112051 0.019340
v 0.470128 0.108254 0.017148
v 0.470128 0.108254 0.012763
v 0.470128 0.112051 0.010571
v 0.479400 0.115848 0.012763
v 0.479400 0.115848 0.017148
v 0.479400 0.112051 0.019340
v 0.479400 0.108254 0.017148
v 0.479400 0.108254 0.012763
v 0.479400 0.112051 0.010571
v 0.487652 0.115848 0.012763
v 0.487652 0.115848 0.017148
v 0.487652 0.112051 0.019340
v 0.487652 0.108254 0.017148
v 0.487652 0.108254 0.012763
v 0.487652 0.112051 0.010571
vn 1.0000 -0.0000 -0.0000
vn -1.0000 -0.0000 -0.0000
vn -0.0000 0.8660 -0.5000
vn -0.0000 0.5000 -0.8660
vn -0.0000 0.8660 0.5000
vn -0.0000 0.5000 0.8660
vn -0.0000 -0.5000 0.8660
vn -0.0000 -0.8660 0.5000
vn -0.0000 -0.8660 -0.5000
vn -0.0000 -1.0000 -0.0000
vn -0.0000 -0.5000 -0.8660
vn -0.0000 -0.0000 -1.0000
vn -0.0000 -0.0000 1.0000
vn -0.0000 1.0000 -0.0000
vt 1.000000 0.000000
vt 0.600000 0.000000
vt 0.800000 0.000000
vt 0.400000 0.000000
vt 0.000000 0.000000
vt 0.200000 0.000000
vt 0.000000 1.000000
vt 0.333333 1.000000
vt 0.333333 0.833333
vt 0.000000 0.833333
vt 0.000000 0.166667
vt 0.333333 0.166667
vt 0.333333 0.000000
vt 0.000000 0.333333
vt 0.333333 0.333333
vt 0.000000 0.500000
vt 0.333333 0.500000
vt 0.000000 0.666667
vt 0.333333 0.666667
vt 0.666667 1.000000
vt 0.666667 0.833333
vt 0.666667 0.166667
vt 0.666667 0.000000
vt 0.666667 0.333333
vt 0.666667 0.500000
vt 0.666667 0.666667
vt 1.000000 1.000000
vt 1.000000 0.833333
vt 1.000000 0.166667
vt 1.000000 0.333333
vt 1.000000 0.500000
vt 1.000000 0.666667
s 1
usemtl Glow_|_orange_neon
f 3867/4210/4546 3865/4211/4546 3866/4212/4546
f 3867/4210/4546 3864/4213/4546 3865/4211/4546
f 3862/4214/4546 3864/4213/4546 3867/4210/4546
f 3862/4214/4546 3863/4215/4546 3864/4213/4546
f 3870/4213/4547 3872/4212/4547 3871/4211/4547
f 3870/4213/4547 3873/4210/4547 3872/4212/4547
f 3869/4215/4547 3873/4210/4547 3870/4213/4547
f 3869/4215/4547 3868/4214/4547 3873/4210/4547
f 3868/4216/4548 3874/4217/4548 3879/4218/4549 3873/4219/4549
f 3869/4220/4550 3875/4221/4550 3874/4222/4548 3868/4214/4548
f 3870/4223/4551 3876/4224/4551 3875/4221/4550 3869/4220/4550
f 3871/4225/4552 3877/4226/4553 3876/4224/4552 3870/4223/4552
f 3872/4227/4554 3878/4228/4554 3877/4226/4553 3871/4225/4555
f 3873/4219/4556 3879/4218/4556 3878/4228/4554 3872/4227/4554
f 3874/4217/4548 3880/4229/4548 3885/4230/4557 3879/4218/4549
f 3875/4221/4550 3881/4231/4550 3880/4232/4548 3874/4222/4548
f 3876/4224/4551 3882/4233/4558 3881/4231/4550 3875/4221/4550
f 3877/4226/4553 3883/4234/4553 3882/4233/4558 3876/4224/4552
f 3878/4228/4554 3884/4235/4554 3883/4234/4553 3877/4226/4553
f 3879/4218/4556 3885/4230/4557 3884/4235/4554 3878/4228/4554
f 3880/4229/4548 3862/4236/4549 3867/4237/4557 3885/4230/4557
f 3881/4231/4550 3863/4238/4559 3862/4210/4559 3880/4232/4548
f 3882/4233/4558 3864/4239/4558 3863/4238/4551 3881/4231/4550
f 3883/4234/4553 3865/4240/4552 3864/4239/4558 3882/4233/4558
f 3884/4235/4554 3866/4241/4555 3865/4240/4555 3883/4234/4553
f 3885/4230/4557 3867/4237/4557 3866/4241/4556 3884/4235/4554
o Glow_|_right_barrel_slot_5
v 0.550513 0.115848 0.012763
v 0.550513 0.115848 0.017148
v 0.550513 0.112051 0.019340
v 0.550513 0.108254 0.017148
v 0.550513 0.108254 0.012763
v 0.550513 0.112051 0.010571
v 0.523718 0.115848 0.012763
v 0.523718 0.115848 0.017148
v 0.523718 0.112051 0.019340
v 0.523718 0.108254 0.017148
v 0.523718 0.108254 0.012763
v 0.523718 0.112051 0.010571
v 0.532989 0.115848 0.012763
v 0.532989 0.115848 0.017148
v 0.532989 0.112051 0.019340
v 0.532989 0.108254 0.017148
v 0.532989 0.108254 0.012763
v 0.532989 0.112051 0.010571
v 0.541241 0.115848 0.012763
v 0.541241 0.115848 0.017148
v 0.541241 0.112051 0.019340
v 0.541241 0.108254 0.017148
v 0.541241 0.108254 0.012763
v 0.541241 0.112051 0.010571
vn 1.0000 -0.0000 -0.0000
vn -1.0000 -0.0000 -0.0000
vn -0.0000 0.8660 -0.5000
vn -0.0000 -0.0000 -1.0000
vn -0.0000 0.5000 -0.8660
vn -0.0000 0.8660 0.5000
vn -0.0000 0.5000 0.8660
vn -0.0000 -0.0000 1.0000
vn -0.0000 -0.5000 0.8660
vn -0.0000 -0.8660 -0.5000
vn -0.0000 -1.0000 -0.0000
vn -0.0000 -0.5000 -0.8660
vt 1.000000 0.000000
vt 0.600000 0.000000
vt 0.800000 0.000000
vt 0.400000 0.000000
vt 0.000000 0.000000
vt 0.200000 0.000000
vt 0.000000 1.000000
vt 0.333333 1.000000
vt 0.333333 0.833333
vt 0.000000 0.833333
vt 0.000000 0.166667
vt 0.333333 0.166667
vt 0.333333 0.000000
vt 0.000000 0.333333
vt 0.333333 0.333333
vt 0.000000 0.500000
vt 0.333333 0.500000
vt 0.000000 0.666667
vt 0.333333 0.666667
vt 0.666667 1.000000
vt 0.666667 0.833333
vt 0.666667 0.166667
vt 0.666667 0.000000
vt 0.666667 0.333333
vt 0.666667 0.500000
vt 0.666667 0.666667
vt 1.000000 1.000000
vt 1.000000 0.833333
vt 1.000000 0.166667
vt 1.000000 0.333333
vt 1.000000 0.500000
vt 1.000000 0.666667
s 1
usemtl Glow_|_orange_neon
f 3891/4242/4560 3889/4243/4560 3890/4244/4560
f 3891/4242/4560 3888/4245/4560 3889/4243/4560
f 3886/4246/4560 3888/4245/4560 3891/4242/4560
f 3886/4246/4560 3887/4247/4560 3888/4245/4560
f 3894/4245/4561 3896/4244/4561 3895/4243/4561
f 3894/4245/4561 3897/4242/4561 3896/4244/4561
f 3893/4247/4561 3897/4242/4561 3894/4245/4561
f 3893/4247/4561 3892/4246/4561 3897/4242/4561
f 3892/4248/4562 3898/4249/4562 3903/4250/4563 3897/4251/4564
f 3893/4252/4565 3899/4253/4565 3898/4254/4562 3892/4246/4562
f 3894/4255/4566 3900/4256/4567 3899/4253/4565 3893/4252/4565
f 3895/4257/4568 3901/4258/4568 3900/4256/4567 3894/4255/4568
f 3896/4259/4569 3902/4260/4569 3901/4258/4570 3895/4257/4570
f 3897/4251/4571 3903/4250/4563 3902/4260/4569 3896/4259/4569
f 3898/4249/4562 3904/4261/4562 3909/4262/4563 3903/4250/4563
f 3899/4253/4565 3905/4263/4565 3904/4264/4562 3898/4254/4562
f 3900/4256/4567 3906/4265/4567 3905/4263/4565 3899/4253/4565
f 3901/4258/4568 3907/4266/4568 3906/4265/4567 3900/4256/4567
f 3902/4260/4569 3908/4267/4569 3907/4266/4570 3901/4258/4570
f 3903/4250/4563 3909/4262/4563 3908/4267/4569 3902/4260/4569
f 3904/4261/4562 3886/4268/4562 3891/4269/4564 3909/4262/4563
f 3905/4263/4565 3887/4270/4565 3886/4242/4562 3904/4264/4562
f 3906/4265/4567 3888/4271/4566 3887/4270/4565 3905/4263/4565
f 3907/4266/4568 3889/4272/4568 3888/4271/4568 3906/4265/4567
f 3908/4267/4569 3890/4273/4569 3889/4272/4570 3907/4266/4570
f 3909/4262/4563 3891/4269/4571 3890/4273/4569 3908/4267/4569
o Glow_|_right_barrel_slot_6
v 0.604103 0.115848 0.012763
v 0.604103 0.115848 0.017148
v 0.604103 0.112051 0.019340
v 0.604103 0.108254 0.017148
v 0.604103 0.108254 0.012763
v 0.604103 0.112051 0.010571
v 0.577308 0.115848 0.012763
v 0.577308 0.115848 0.017148
v 0.577308 0.112051 0.019340
v 0.577308 0.108254 0.017148
v 0.577308 0.108254 0.012763
v 0.577308 0.112051 0.010571
v 0.586579 0.115848 0.012763
v 0.586579 0.115848 0.017148
v 0.586579 0.112051 0.019340
v 0.586579 0.108254 0.017148
v 0.586579 0.108254 0.012763
v 0.586579 0.112051 0.010571
v 0.594831 0.115848 0.012763
v 0.594831 0.115848 0.017148
v 0.594831 0.112051 0.019340
v 0.594831 0.108254 0.017148
v 0.594831 0.108254 0.012763
v 0.594831 0.112051 0.010571
vn 1.0000 -0.0000 -0.0000
vn -1.0000 -0.0000 -0.0000
vn -0.0000 0.8660 -0.5000
vn -0.0000 -0.0000 -1.0000
vn -0.0000 0.5000 -0.8660
vn -0.0000 0.8660 0.5000
vn -0.0000 0.5000 0.8660
vn -0.0000 -0.0000 1.0000
vn -0.0000 -0.5000 0.8660
vn -0.0000 -0.8660 -0.5000
vn -0.0000 -1.0000 -0.0000
vn -0.0000 -0.5000 -0.8660
vn -0.0000 -0.8660 0.5000
vt 1.000000 0.000000
vt 0.600000 0.000000
vt 0.800000 0.000000
vt 0.400000 0.000000
vt 0.000000 0.000000
vt 0.200000 0.000000
vt 0.000000 1.000000
vt 0.333333 1.000000
vt 0.333333 0.833333
vt 0.000000 0.833333
vt 0.000000 0.166667
vt 0.333333 0.166667
vt 0.333333 0.000000
vt 0.000000 0.333333
vt 0.333333 0.333333
vt 0.000000 0.500000
vt 0.333333 0.500000
vt 0.000000 0.666667
vt 0.333333 0.666667
vt 0.666667 1.000000
vt 0.666667 0.833333
vt 0.666667 0.166667
vt 0.666667 0.000000
vt 0.666667 0.333333
vt 0.666667 0.500000
vt 0.666667 0.666667
vt 1.000000 1.000000
vt 1.000000 0.833333
vt 1.000000 0.166667
vt 1.000000 0.333333
vt 1.000000 0.500000
vt 1.000000 0.666667
s 1
usemtl Glow_|_orange_neon
f 3915/4274/4572 3913/4275/4572 3914/4276/4572
f 3915/4274/4572 3912/4277/4572 3913/4275/4572
f 3910/4278/4572 3912/4277/4572 3915/4274/4572
f 3910/4278/4572 3911/4279/4572 3912/4277/4572
f 3918/4277/4573 3920/4276/4573 3919/4275/4573
f 3918/4277/4573 3921/4274/4573 3920/4276/4573
f 3917/4279/4573 3921/4274/4573 3918/4277/4573
f 3917/4279/4573 3916/4278/4573 3921/4274/4573
f 3916/4280/4574 3922/4281/4574 3927/4282/4575 3921/4283/4576
f 3917/4284/4577 3923/4285/4577 3922/4286/4574 3916/4278/4574
f 3918/4287/4578 3924/4288/4579 3923/4285/4577 3917/4284/4577
f 3919/4289/4580 3925/4290/4580 3924/4288/4579 3918/4287/4580
f 3920/4291/4581 3926/4292/4581 3925/4290/4582 3919/4289/4582
f 3921/4283/4583 3927/4282/4575 3926/4292/4581 3920/4291/4581
f 3922/4281/4574 3928/4293/4574 3933/4294/4575 3927/4282/4575
f 3923/4285/4577 3929/4295/4577 3928/4296/4574 3922/4286/4574
f 3924/4288/4579 3930/4297/4579 3929/4295/4577 3923/4285/4577
f 3925/4290/4580 3931/4298/4584 3930/4297/4579 3924/4288/4579
f 3926/4292/4581 3932/4299/4581 3931/4298/4584 3925/4290/4582
f 3927/4282/4575 3933/4294/4575 3932/4299/4581 3926/4292/4581
f 3928/4293/4574 3910/4300/4574 3915/4301/4576 3933/4294/4575
f 3929/4295/4577 3911/4302/4577 3910/4274/4574 3928/4296/4574
f 3930/4297/4579 3912/4303/4578 3911/4302/4577 3929/4295/4577
f 3931/4298/4584 3913/4304/4584 3912/4303/4580 3930/4297/4579
f 3932/4299/4581 3914/4305/4581 3913/4304/4584 3931/4298/4584
f 3933/4294/4575 3915/4301/4583 3914/4305/4581 3932/4299/4581
o Glow_|_right_receiver_ring
v 0.072151 0.092527 0.023295
v 0.072151 0.092527 0.026705
v 0.069422 0.091397 0.028410
v 0.066694 0.090266 0.026705
v 0.066694 0.090266 0.023295
v 0.069422 0.091397 0.021590
v 0.073292 0.089316 0.023295
v 0.073292 0.089316 0.026705
v 0.070445 0.088530 0.028410
v 0.067598 0.087744 0.026705
v 0.067598 0.087744 0.023295
v 0.070445 0.088530 0.021590
v 0.073907 0.086223 0.023295
v 0.073907 0.086223 0.026705
v 0.070976 0.085860 0.028410
v 0.068045 0.085498 0.026705
v 0.068045 0.085498 0.023295
v 0.070976 0.085860 0.021590
v 0.074082 0.082821 0.023295
v 0.074082 0.082821 0.026705
v 0.071128 0.082821 0.028410
v 0.068175 0.082821 0.026705
v 0.068175 0.082821 0.023295
v 0.071128 0.082821 0.021590
v 0.073907 0.079418 0.023295
v 0.073907 0.079418 0.026705
v 0.070976 0.079781 0.028410
v 0.068045 0.080144 0.026705
v 0.068045 0.080144 0.023295
v 0.070976 0.079781 0.021590
v 0.073292 0.076325 0.023295
v 0.073292 0.076325 0.026705
v 0.070445 0.077111 0.028410
v 0.067598 0.077897 0.026705
v 0.067598 0.077897 0.023295
v 0.070445 0.077111 0.021590
v 0.072151 0.073114 0.023295
v 0.072151 0.073114 0.026705
v 0.069422 0.074244 0.028410
v 0.066694 0.075375 0.026705
v 0.066694 0.075375 0.023295
v 0.069422 0.074244 0.021590
v 0.070688 0.070037 0.023295
v 0.070688 0.070037 0.026705
v 0.068119 0.071494 0.028410
v 0.065550 0.072951 0.026705
v 0.065550 0.072951 0.023295
v 0.068119 0.071494 0.021590
v 0.068935 0.067415 0.023295
v 0.068935 0.067415 0.026705
v 0.066606 0.069231 0.028410
v 0.064277 0.071047 0.026705
v 0.064277 0.071047 0.023295
v 0.066606 0.069231 0.021590
v 0.066653 0.064886 0.023295
v 0.066653 0.064886 0.026705
v 0.064564 0.066974 0.028410
v 0.062476 0.069062 0.026705
v 0.062476 0.069062 0.023295
v 0.064564 0.066974 0.021590
v 0.064123 0.062603 0.023295
v 0.064124 0.062603 0.026705
v 0.062307 0.064932 0.028410
v 0.060491 0.067261 0.026705
v 0.060491 0.067261 0.023295
v 0.062307 0.064932 0.021590
v 0.061501 0.060851 0.023295
v 0.061501 0.060851 0.026705
v 0.060044 0.063420 0.028410
v 0.058587 0.065989 0.026705
v 0.058587 0.065989 0.023295
v 0.060044 0.063420 0.021590
v 0.058424 0.059388 0.023295
v 0.058424 0.059388 0.026705
v 0.057294 0.062116 0.028410
v 0.056164 0.064845 0.026705
v 0.056164 0.064845 0.023295
v 0.057294 0.062116 0.021590
v 0.055214 0.058247 0.023295
v 0.055214 0.058247 0.026705
v 0.054427 0.061093 0.028410
v 0.053641 0.063940 0.026705
v 0.053641 0.063940 0.023295
v 0.054427 0.061093 0.021590
v 0.052121 0.057631 0.023295
v 0.052121 0.057631 0.026705
v 0.051758 0.060562 0.028410
v 0.051395 0.063493 0.026705
v 0.051395 0.063493 0.023295
v 0.051758 0.060562 0.021590
v 0.048718 0.057457 0.023295
v 0.048718 0.057457 0.026705
v 0.048718 0.060410 0.028410
v 0.048718 0.063364 0.026705
v 0.048718 0.063364 0.023295
v 0.048718 0.060410 0.021590
v 0.045315 0.057631 0.023295
v 0.045315 0.057631 0.026705
v 0.045678 0.060562 0.028410
v 0.046041 0.063493 0.026705
v 0.046041 0.063493 0.023295
v 0.045678 0.060562 0.021590
v 0.042222 0.058247 0.023295
v 0.042222 0.058247 0.026705
v 0.043008 0.061093 0.028410
v 0.043795 0.063940 0.026705
v 0.043795 0.063940 0.023295
v 0.043008 0.061093 0.021590
v 0.039012 0.059388 0.023295
v 0.039012 0.059388 0.026705
v 0.040142 0.062116 0.028410
v 0.041272 0.064845 0.026705
v 0.041272 0.064845 0.023295
v 0.040142 0.062116 0.021590
v 0.035935 0.060851 0.023295
v 0.035935 0.060851 0.026705
v 0.037392 0.063420 0.028410
v 0.038848 0.065989 0.026705
v 0.038848 0.065989 0.023295
v 0.037392 0.063420 0.021590
v 0.033312 0.062603 0.023295
v 0.033312 0.062603 0.026705
v 0.035128 0.064932 0.028410
v 0.036944 0.067261 0.026705
v 0.036944 0.067261 0.023295
v 0.035128 0.064932 0.021590
v 0.030783 0.064886 0.023295
v 0.030783 0.064886 0.026705
v 0.032872 0.066974 0.028410
v 0.034960 0.069062 0.026705
v 0.034960 0.069062 0.023295
v 0.032872 0.066974 0.021590
v 0.028500 0.067415 0.023295
v 0.028500 0.067415 0.026705
v 0.030830 0.069231 0.028410
v 0.033159 0.071047 0.026705
v 0.033159 0.071047 0.023295
v 0.030830 0.069231 0.021590
v 0.026748 0.070037 0.023295
v 0.026748 0.070037 0.026705
v 0.029317 0.071494 0.028410
v 0.031886 0.072951 0.026705
v 0.031886 0.072951 0.023295
v 0.029317 0.071494 0.021590
v 0.025285 0.073114 0.023295
v 0.025285 0.073114 0.026705
v 0.028014 0.074244 0.028410
v 0.030742 0.075375 0.026705
v 0.030742 0.075375 0.023295
v 0.028014 0.074244 0.021590
v 0.024144 0.076325 0.023295
v 0.024144 0.076325 0.026705
v 0.026991 0.077111 0.028410
v 0.029837 0.077897 0.026705
v 0.029837 0.077897 0.023295
v 0.026991 0.077111 0.021590
v 0.023529 0.079418 0.023295
v 0.023529 0.079418 0.026705
v 0.026460 0.079781 0.028410
v 0.029391 0.080144 0.026705
v 0.029391 0.080144 0.023295
v 0.026460 0.079781 0.021590
v 0.023354 0.082821 0.023295
v 0.023354 0.082821 0.026705
v 0.026308 0.082821 0.028410
v 0.029261 0.082821 0.026705
v 0.029261 0.082821 0.023295
v 0.026308 0.082821 0.021590
v 0.023529 0.086223 0.023295
v 0.023529 0.086223 0.026705
v 0.026460 0.085860 0.028410
v 0.029391 0.085498 0.026705
v 0.029391 0.085498 0.023295
v 0.026460 0.085860 0.021590
v 0.024144 0.089316 0.023295
v 0.024144 0.089316 0.026705
v 0.026991 0.088530 0.028410
v 0.029837 0.087744 0.026705
v 0.029837 0.087744 0.023295
v 0.026991 0.088530 0.021590
v 0.025285 0.092527 0.023295
v 0.025285 0.092527 0.026705
v 0.028014 0.091397 0.028410
v 0.030742 0.090266 0.026705
v 0.030742 0.090266 0.023295
v 0.028014 0.091397 0.021590
v 0.026748 0.095604 0.023295
v 0.026748 0.095604 0.026705
v 0.029317 0.094147 0.028410
v 0.031886 0.092690 0.026705
v 0.031886 0.092690 0.023295
v 0.029317 0.094147 0.021590
v 0.028500 0.098226 0.023295
v 0.028500 0.098226 0.026705
v 0.030830 0.096410 0.028410
v 0.033159 0.094594 0.026705
v 0.033159 0.094594 0.023295
v 0.030830 0.096410 0.021590
v 0.030783 0.100755 0.023295
v 0.030783 0.100755 0.026705
v 0.032872 0.098667 0.028410
v 0.034960 0.096579 0.026705
v 0.034960 0.096579 0.023295
v 0.032872 0.098667 0.021590
v 0.033312 0.103038 0.023295
v 0.033312 0.103038 0.026705
v 0.035128 0.100709 0.028410
v 0.036944 0.098380 0.026705
v 0.036944 0.098380 0.023295
v 0.035128 0.100709 0.021590
v 0.035935 0.104790 0.023295
v 0.035935 0.104790 0.026705
v 0.037392 0.102221 0.028410
v 0.038848 0.099652 0.026705
v 0.038848 0.099652 0.023295
v 0.037392 0.102221 0.021590
v 0.039012 0.106253 0.023295
v 0.039012 0.106253 0.026705
v 0.040142 0.103525 0.028410
v 0.041272 0.100796 0.026705
v 0.041272 0.100796 0.023295
v 0.040142 0.103525 0.021590
v 0.042222 0.107395 0.023295
v 0.042222 0.107395 0.026705
v 0.043008 0.104548 0.028410
v 0.043795 0.101701 0.026705
v 0.043795 0.101701 0.023295
v 0.043008 0.104548 0.021590
v 0.045315 0.108010 0.023295
v 0.045315 0.108010 0.026705
v 0.045678 0.105079 0.028410
v 0.046041 0.102148 0.026705
v 0.046041 0.102148 0.023295
v 0.045678 0.105079 0.021590
v 0.048718 0.108184 0.023295
v 0.048718 0.108184 0.026705
v 0.048718 0.105231 0.028410
v 0.048718 0.102277 0.026705
v 0.048718 0.102277 0.023295
v 0.048718 0.105231 0.021590
v 0.052121 0.108010 0.023295
v 0.052121 0.108010 0.026705
v 0.051758 0.105079 0.028410
v 0.051395 0.102148 0.026705
v 0.051395 0.102148 0.023295
v 0.051758 0.105079 0.021590
v 0.055214 0.107395 0.023295
v 0.055214 0.107395 0.026705
v 0.054427 0.104548 0.028410
v 0.053641 0.101701 0.026705
v 0.053641 0.101701 0.023295
v 0.054427 0.104548 0.021590
v 0.058424 0.106253 0.023295
v 0.058424 0.106253 0.026705
v 0.057294 0.103525 0.028410
v 0.056164 0.100796 0.026705
v 0.056164 0.100796 0.023295
v 0.057294 0.103525 0.021590
v 0.061501 0.104790 0.023295
v 0.061501 0.104790 0.026705
v 0.060044 0.102221 0.028410
v 0.058587 0.099652 0.026705
v 0.058587 0.099652 0.023295
v 0.060044 0.102221 0.021590
v 0.064124 0.103038 0.023295
v 0.064123 0.103038 0.026705
v 0.062307 0.100709 0.028410
v 0.060491 0.098380 0.026705
v 0.060491 0.098380 0.023295
v 0.062307 0.100709 0.021590
v 0.066653 0.100755 0.023295
v 0.066653 0.100755 0.026705
v 0.064564 0.098667 0.028410
v 0.062476 0.096579 0.026705
v 0.062476 0.096579 0.023295
v 0.064564 0.098667 0.021590
v 0.068935 0.098226 0.023295
v 0.068935 0.098226 0.026705
v 0.066606 0.096410 0.028410
v 0.064277 0.094594 0.026705
v 0.064277 0.094594 0.023295
v 0.066606 0.096410 0.021590
v 0.070688 0.095604 0.023295
v 0.070688 0.095604 0.026705
v 0.068119 0.094147 0.028410
v 0.065550 0.092690 0.026705
v 0.065550 0.092690 0.023295
v 0.068119 0.094147 0.021590
vn 0.8038 0.3330 -0.4930
vn 0.8402 0.2316 -0.4903
vn 0.4819 0.1329 -0.8661
vn 0.4622 0.1914 -0.8659
vn 0.8038 0.3330 0.4930
vn 0.8402 0.2317 0.4903
vn 0.4622 0.1914 0.8659
vn 0.4819 0.1329 0.8661
vn -0.7965 -0.3299 0.5066
vn -0.8287 -0.2295 0.5105
vn -0.4818 -0.1333 0.8661
vn -0.4622 -0.1914 0.8659
vn -0.7965 -0.3299 -0.5066
vn -0.8287 -0.2295 -0.5105
vn -0.4622 -0.1914 -0.8659
vn -0.4818 -0.1333 -0.8661
vn 0.8649 0.1075 -0.4903
vn 0.4961 0.0616 -0.8661
vn 0.8649 0.1075 0.4903
vn 0.4961 0.0616 0.8661
vn -0.8534 -0.1051 0.5105
vn -0.4961 -0.0612 0.8661
vn -0.8534 -0.1051 -0.5105
vn -0.4961 -0.0612 -0.8661
vn 0.8701 -0.0000 -0.4930
vn 0.5003 -0.0000 -0.8659
vn 0.8701 -0.0000 0.4930
vn 0.5003 -0.0000 0.8659
vn -0.8622 -0.0000 0.5066
vn -0.5003 -0.0000 0.8659
vn -0.8622 -0.0000 -0.5066
vn -0.5003 -0.0000 -0.8659
vn 0.8649 -0.1075 -0.4903
vn 0.4961 -0.0616 -0.8661
vn 0.8649 -0.1075 0.4903
vn 0.4961 -0.0616 0.8661
vn -0.8534 0.1051 0.5105
vn -0.4961 0.0612 0.8661
vn -0.8534 0.1051 -0.5105
vn -0.4961 0.0612 -0.8661
vn 0.8402 -0.2317 -0.4903
vn 0.4819 -0.1329 -0.8661
vn 0.8402 -0.2317 0.4903
vn 0.4819 -0.1329 0.8661
vn -0.8287 0.2295 0.5105
vn -0.4818 0.1333 0.8661
vn -0.8287 0.2295 -0.5105
vn -0.4818 0.1333 -0.8661
vn 0.8038 -0.3330 -0.4930
vn 0.4622 -0.1914 -0.8659
vn 0.8038 -0.3330 0.4930
vn 0.4622 -0.1914 0.8659
vn -0.7965 0.3299 0.5066
vn -0.4622 0.1915 0.8659
vn -0.7965 0.3299 -0.5066
vn -0.4622 0.1915 -0.8659
vn 0.7579 -0.4303 -0.4903
vn 0.4347 -0.2467 -0.8661
vn 0.7579 -0.4303 0.4903
vn 0.4347 -0.2467 0.8661
vn -0.7482 0.4237 0.5105
vn -0.4349 0.2464 0.8661
vn -0.7482 0.4237 -0.5105
vn -0.4349 0.2464 -0.8661
vn 0.6876 -0.5355 -0.4903
vn 0.3943 -0.3072 -0.8661
vn 0.6876 -0.5355 0.4903
vn 0.3943 -0.3072 0.8661
vn -0.6777 0.5292 0.5105
vn -0.3941 0.3075 0.8661
vn -0.6777 0.5292 -0.5105
vn -0.3941 0.3075 -0.8661
vn 0.6152 -0.6152 -0.4930
vn 0.3537 -0.3537 -0.8659
vn 0.6152 -0.6152 0.4930
vn 0.3537 -0.3537 0.8659
vn -0.6096 0.6096 0.5066
vn -0.3538 0.3538 0.8659
vn -0.6096 0.6096 -0.5066
vn -0.3538 0.3538 -0.8659
vn 0.5355 -0.6876 -0.4903
vn 0.3072 -0.3943 -0.8661
vn 0.5355 -0.6876 0.4903
vn 0.3072 -0.3943 0.8661
vn -0.5292 0.6777 0.5105
vn -0.3075 0.3941 0.8661
vn -0.5292 0.6777 -0.5105
vn -0.3075 0.3941 -0.8661
vn 0.4303 -0.7579 -0.4903
vn 0.2467 -0.4347 -0.8661
vn 0.4303 -0.7579 0.4903
vn 0.2467 -0.4347 0.8661
vn -0.4237 0.7482 0.5105
vn -0.2464 0.4349 0.8661
vn -0.4237 0.7482 -0.5105
vn -0.2464 0.4349 -0.8661
vn 0.3330 -0.8038 -0.4930
vn 0.1914 -0.4622 -0.8659
vn 0.3330 -0.8038 0.4930
vn 0.1914 -0.4622 0.8659
vn -0.3299 0.7965 0.5066
vn -0.1915 0.4622 0.8659
vn -0.3299 0.7965 -0.5066
vn -0.1915 0.4622 -0.8659
vn 0.2316 -0.8402 -0.4903
vn 0.1329 -0.4819 -0.8661
vn 0.2317 -0.8402 0.4903
vn 0.1329 -0.4819 0.8661
vn -0.2295 0.8287 0.5105
vn -0.1333 0.4818 0.8661
vn -0.2295 0.8287 -0.5105
vn -0.1333 0.4818 -0.8661
vn 0.1075 -0.8649 -0.4903
vn 0.0616 -0.4961 -0.8661
vn 0.1075 -0.8649 0.4903
vn 0.0616 -0.4961 0.8661
vn -0.1051 0.8534 0.5105
vn -0.0612 0.4961 0.8661
vn -0.1051 0.8534 -0.5105
vn -0.0612 0.4961 -0.8661
vn -0.0000 -0.8701 -0.4930
vn -0.0000 -0.5003 -0.8659
vn -0.0000 -0.8701 0.4930
vn -0.0000 -0.5003 0.8659
vn -0.0000 0.8622 0.5066
vn -0.0000 0.5003 0.8659
vn -0.0000 0.8622 -0.5066
vn -0.0000 0.5003 -0.8659
vn -0.1075 -0.8649 -0.4903
vn -0.0616 -0.4961 -0.8661
vn -0.1075 -0.8649 0.4903
vn -0.0616 -0.4961 0.8661
vn 0.1051 0.8534 0.5105
vn 0.0612 0.4961 0.8661
vn 0.1051 0.8534 -0.5105
vn 0.0612 0.4961 -0.8661
vn -0.2317 -0.8402 -0.4903
vn -0.1329 -0.4819 -0.8661
vn -0.2316 -0.8402 0.4903
vn -0.1329 -0.4819 0.8661
vn 0.2295 0.8287 0.5105
vn 0.1333 0.4818 0.8661
vn 0.2295 0.8287 -0.5105
vn 0.1333 0.4818 -0.8661
vn -0.3330 -0.8038 -0.4930
vn -0.1914 -0.4622 -0.8659
vn -0.3330 -0.8038 0.4930
vn -0.1914 -0.4622 0.8659
vn 0.3299 0.7965 0.5066
vn 0.1915 0.4622 0.8659
vn 0.3299 0.7965 -0.5066
vn 0.1915 0.4622 -0.8659
vn -0.4303 -0.7579 -0.4903
vn -0.2467 -0.4347 -0.8661
vn -0.4303 -0.7579 0.4903
vn -0.2467 -0.4347 0.8661
vn 0.4237 0.7482 0.5105
vn 0.2464 0.4349 0.8661
vn 0.4237 0.7482 -0.5105
vn 0.2464 0.4349 -0.8661
vn -0.5355 -0.6876 -0.4903
vn -0.3072 -0.3943 -0.8661
vn -0.5355 -0.6876 0.4903
vn -0.3072 -0.3943 0.8661
vn 0.5292 0.6777 0.5105
vn 0.3075 0.3941 0.8661
vn 0.5292 0.6777 -0.5105
vn 0.3075 0.3941 -0.8661
vn -0.6152 -0.6152 -0.4930
vn -0.3537 -0.3537 -0.8659
vn -0.6152 -0.6152 0.4930
vn -0.3537 -0.3537 0.8659
vn 0.6096 0.6096 0.5066
vn 0.3538 0.3538 0.8659
vn 0.6096 0.6096 -0.5066
vn 0.3538 0.3538 -0.8659
vn -0.6876 -0.5355 -0.4903
vn -0.3943 -0.3072 -0.8661
vn -0.6876 -0.5355 0.4903
vn -0.3943 -0.3072 0.8661
vn 0.6777 0.5292 0.5105
vn 0.3941 0.3075 0.8661
vn 0.6777 0.5292 -0.5105
vn 0.3941 0.3075 -0.8661
vn -0.7579 -0.4303 -0.4903
vn -0.4347 -0.2467 -0.8661
vn -0.7579 -0.4303 0.4903
vn -0.4347 -0.2467 0.8661
vn 0.7482 0.4237 0.5105
vn 0.4349 0.2464 0.8661
vn 0.7482 0.4237 -0.5105
vn 0.4349 0.2464 -0.8661
vn -0.8038 -0.3330 -0.4930
vn -0.8038 -0.3330 0.4930
vn 0.7965 0.3299 0.5066
vn 0.4622 0.1915 0.8659
vn 0.7965 0.3299 -0.5066
vn 0.4622 0.1915 -0.8659
vn -0.8402 -0.2316 -0.4903
vn -0.4819 -0.1329 -0.8661
vn -0.8402 -0.2316 0.4903
vn -0.4819 -0.1329 0.8661
vn 0.8287 0.2295 0.5105
vn 0.4818 0.1333 0.8661
vn 0.8287 0.2295 -0.5105
vn 0.4818 0.1333 -0.8661
vn -0.8649 -0.1075 -0.4903
vn -0.4961 -0.0616 -0.8661
vn -0.8649 -0.1075 0.4903
vn -0.4961 -0.0616 0.8661
vn 0.8534 0.1051 0.5105
vn 0.4961 0.0612 0.8661
vn 0.8534 0.1051 -0.5105
vn 0.4961 0.0612 -0.8661
vn -0.8701 -0.0000 -0.4930
vn -0.8701 -0.0000 0.4930
vn 0.8622 -0.0000 0.5066
vn 0.8622 -0.0000 -0.5066
vn -0.8649 0.1075 -0.4903
vn -0.4961 0.0616 -0.8661
vn -0.8649 0.1075 0.4903
vn -0.4961 0.0616 0.8661
vn 0.8534 -0.1051 0.5105
vn 0.4961 -0.0612 0.8661
vn 0.8534 -0.1051 -0.5105
vn 0.4961 -0.0612 -0.8661
vn -0.8402 0.2317 -0.4903
vn -0.4819 0.1329 -0.8661
vn -0.8402 0.2316 0.4903
vn -0.4819 0.1329 0.8661
vn 0.8287 -0.2295 0.5105
vn 0.4818 -0.1333 0.8661
vn 0.8287 -0.2295 -0.5105
vn 0.4818 -0.1333 -0.8661
vn -0.8038 0.3330 -0.4930
vn -0.4622 0.1914 -0.8659
vn -0.8038 0.3330 0.4930
vn -0.4622 0.1914 0.8659
vn 0.7965 -0.3299 0.5066
vn 0.4622 -0.1915 0.8659
vn 0.7965 -0.3299 -0.5066
vn 0.4622 -0.1915 -0.8659
vn -0.7579 0.4303 -0.4903
vn -0.4347 0.2467 -0.8661
vn -0.7579 0.4303 0.4903
vn -0.4347 0.2467 0.8661
vn 0.7482 -0.4237 0.5105
vn 0.4349 -0.2464 0.8661
vn 0.7482 -0.4237 -0.5105
vn 0.4349 -0.2464 -0.8661
vn -0.6876 0.5355 -0.4903
vn -0.3943 0.3072 -0.8661
vn -0.6876 0.5355 0.4903
vn -0.3943 0.3072 0.8661
vn 0.6777 -0.5292 0.5105
vn 0.3941 -0.3075 0.8661
vn 0.6777 -0.5292 -0.5105
vn 0.3941 -0.3075 -0.8661
vn -0.6152 0.6152 -0.4930
vn -0.3537 0.3537 -0.8659
vn -0.6152 0.6152 0.4930
vn -0.3537 0.3537 0.8659
vn 0.6096 -0.6096 0.5066
vn 0.3538 -0.3538 0.8659
vn 0.6096 -0.6096 -0.5066
vn 0.3538 -0.3538 -0.8659
vn -0.5355 0.6876 -0.4903
vn -0.3072 0.3943 -0.8661
vn -0.5355 0.6876 0.4903
vn -0.3072 0.3943 0.8661
vn 0.5292 -0.6777 0.5105
vn 0.3075 -0.3941 0.8661
vn 0.5292 -0.6777 -0.5105
vn 0.3075 -0.3941 -0.8661
vn -0.4303 0.7579 -0.4903
vn -0.2467 0.4347 -0.8661
vn -0.4303 0.7579 0.4903
vn -0.2467 0.4347 0.8661
vn 0.4237 -0.7482 0.5105
vn 0.2464 -0.4349 0.8661
vn 0.4237 -0.7482 -0.5105
vn 0.2464 -0.4349 -0.8661
vn -0.3330 0.8038 -0.4930
vn -0.1914 0.4622 -0.8659
vn -0.3330 0.8038 0.4930
vn -0.1914 0.4622 0.8659
vn 0.3299 -0.7965 0.5066
vn 0.1915 -0.4622 0.8659
vn 0.3299 -0.7965 -0.5066
vn 0.1915 -0.4622 -0.8659
vn -0.2317 0.8402 -0.4903
vn -0.1329 0.4819 -0.8661
vn -0.2317 0.8402 0.4903
vn -0.1329 0.4819 0.8661
vn 0.2295 -0.8287 0.5105
vn 0.1333 -0.4818 0.8661
vn 0.2295 -0.8287 -0.5105
vn 0.1333 -0.4818 -0.8661
vn -0.1075 0.8649 -0.4903
vn -0.0616 0.4961 -0.8661
vn -0.1075 0.8649 0.4903
vn -0.0616 0.4961 0.8661
vn 0.1051 -0.8534 0.5105
vn 0.0612 -0.4961 0.8661
vn 0.1051 -0.8534 -0.5105
vn 0.0612 -0.4961 -0.8661
vn -0.0000 0.8701 -0.4930
vn -0.0000 0.8701 0.4930
vn -0.0000 -0.8622 0.5066
vn -0.0000 -0.8622 -0.5066
vn 0.1075 0.8649 -0.4903
vn 0.0616 0.4961 -0.8661
vn 0.1075 0.8649 0.4903
vn 0.0616 0.4961 0.8661
vn -0.1051 -0.8534 0.5105
vn -0.0612 -0.4961 0.8661
vn -0.1051 -0.8534 -0.5105
vn -0.0612 -0.4961 -0.8661
vn 0.2317 0.8402 -0.4903
vn 0.1329 0.4819 -0.8661
vn 0.2316 0.8402 0.4903
vn 0.1329 0.4819 0.8661
vn -0.2295 -0.8287 0.5105
vn -0.1333 -0.4818 0.8661
vn -0.2295 -0.8287 -0.5105
vn -0.1333 -0.4818 -0.8661
vn 0.3330 0.8038 -0.4930
vn 0.1914 0.4622 -0.8659
vn 0.3330 0.8038 0.4930
vn 0.1914 0.4622 0.8659
vn -0.3299 -0.7965 0.5066
vn -0.1915 -0.4622 0.8659
vn -0.3299 -0.7965 -0.5066
vn -0.1915 -0.4622 -0.8659
vn 0.4303 0.7579 -0.4903
vn 0.2467 0.4347 -0.8661
vn 0.4303 0.7579 0.4903
vn 0.2467 0.4347 0.8661
vn -0.4237 -0.7482 0.5105
vn -0.2464 -0.4349 0.8661
vn -0.4237 -0.7482 -0.5105
vn -0.2464 -0.4349 -0.8661
vn 0.5355 0.6876 -0.4903
vn 0.3072 0.3943 -0.8661
vn 0.5355 0.6876 0.4903
vn 0.3072 0.3943 0.8661
vn -0.5292 -0.6777 0.5105
vn -0.3075 -0.3941 0.8661
vn -0.5292 -0.6777 -0.5105
vn -0.3075 -0.3941 -0.8661
vn 0.6152 0.6152 -0.4930
vn 0.3537 0.3537 -0.8659
vn 0.6152 0.6152 0.4930
vn 0.3537 0.3537 0.8659
vn -0.6096 -0.6096 0.5066
vn -0.3538 -0.3538 0.8659
vn -0.6096 -0.6096 -0.5066
vn -0.3538 -0.3538 -0.8659
vn 0.6876 0.5355 -0.4903
vn 0.3943 0.3072 -0.8661
vn 0.6876 0.5355 0.4903
vn 0.3943 0.3072 0.8661
vn -0.6777 -0.5292 0.5105
vn -0.3941 -0.3075 0.8661
vn -0.6777 -0.5292 -0.5105
vn -0.3941 -0.3075 -0.8661
vn 0.7579 0.4303 -0.4903
vn 0.4347 0.2467 -0.8661
vn 0.7579 0.4303 0.4903
vn 0.4347 0.2467 0.8661
vn -0.7482 -0.4237 0.5105
vn -0.4349 -0.2464 0.8661
vn -0.7482 -0.4237 -0.5105
vn -0.4349 -0.2464 -0.8661
vt 0.000000 1.000000
vt 0.020833 1.000000
vt 0.020833 0.833333
vt 0.000000 0.833333
vt 0.000000 0.166667
vt 0.020833 0.166667
vt 0.020833 0.000000
vt 0.000000 0.000000
vt 0.000000 0.333333
vt 0.020833 0.333333
vt 0.000000 0.500000
vt 0.020833 0.500000
vt 0.000000 0.666667
vt 0.020833 0.666667
vt 0.041667 1.000000
vt 0.041667 0.833333
vt 0.041667 0.166667
vt 0.041667 0.000000
vt 0.041667 0.333333
vt 0.041667 0.500000
vt 0.041667 0.666667
vt 0.062500 1.000000
vt 0.062500 0.833333
vt 0.062500 0.166667
vt 0.062500 0.000000
vt 0.062500 0.333333
vt 0.062500 0.500000
vt 0.062500 0.666667
vt 0.083333 1.000000
vt 0.083333 0.833333
vt 0.083333 0.166667
vt 0.083333 0.000000
vt 0.083333 0.333333
vt 0.083333 0.500000
vt 0.083333 0.666667
vt 0.104167 1.000000
vt 0.104167 0.833333
vt 0.104167 0.166667
vt 0.104167 0.000000
vt 0.104167 0.333333
vt 0.104167 0.500000
vt 0.104167 0.666667
vt 0.125000 1.000000
vt 0.125000 0.833333
vt 0.125000 0.166667
vt 0.125000 0.000000
vt 0.125000 0.333333
vt 0.125000 0.500000
vt 0.125000 0.666667
vt 0.145833 1.000000
vt 0.145833 0.833333
vt 0.145833 0.166667
vt 0.145833 0.000000
vt 0.145833 0.333333
vt 0.145833 0.500000
vt 0.145833 0.666667
vt 0.166667 1.000000
vt 0.166667 0.833333
vt 0.166667 0.166667
vt 0.166667 0.000000
vt 0.166667 0.333333
vt 0.166667 0.500000
vt 0.166667 0.666667
vt 0.187500 1.000000
vt 0.187500 0.833333
vt 0.187500 0.166667
vt 0.187500 0.000000
vt 0.187500 0.333333
vt 0.187500 0.500000
vt 0.187500 0.666667
vt 0.208333 1.000000
vt 0.208333 0.833333
vt 0.208333 0.166667
vt 0.208333 0.000000
vt 0.208333 0.333333
vt 0.208333 0.500000
vt 0.208333 0.666667
vt 0.229167 1.000000
vt 0.229167 0.833333
vt 0.229167 0.166667
vt 0.229167 0.000000
vt 0.229167 0.333333
vt 0.229167 0.500000
vt 0.229167 0.666667
vt 0.250000 1.000000
vt 0.250000 0.833333
vt 0.250000 0.166667
vt 0.250000 0.000000
vt 0.250000 0.333333
vt 0.250000 0.500000
vt 0.250000 0.666667
vt 0.270833 1.000000
vt 0.270833 0.833333
vt 0.270833 0.166667
vt 0.270833 0.000000
vt 0.270833 0.333333
vt 0.270833 0.500000
vt 0.270833 0.666667
vt 0.291667 1.000000
vt 0.291667 0.833333
vt 0.291667 0.166667
vt 0.291667 0.000000
vt 0.291667 0.333333
vt 0.291667 0.500000
vt 0.291667 0.666667
vt 0.312500 1.000000
vt 0.312500 0.833333
vt 0.312500 0.166667
vt 0.312500 0.000000
vt 0.312500 0.333333
vt 0.312500 0.500000
vt 0.312500 0.666667
vt 0.333333 1.000000
vt 0.333333 0.833333
vt 0.333333 0.166667
vt 0.333333 0.000000
vt 0.333333 0.333333
vt 0.333333 0.500000
vt 0.333333 0.666667
vt 0.354167 1.000000
vt 0.354167 0.833333
vt 0.354167 0.166667
vt 0.354167 0.000000
vt 0.354167 0.333333
vt 0.354167 0.500000
vt 0.354167 0.666667
vt 0.375000 1.000000
vt 0.375000 0.833333
vt 0.375000 0.166667
vt 0.375000 0.000000
vt 0.375000 0.333333
vt 0.375000 0.500000
vt 0.375000 0.666667
vt 0.395833 1.000000
vt 0.395833 0.833333
vt 0.395833 0.166667
vt 0.395833 0.000000
vt 0.395833 0.333333
vt 0.395833 0.500000
vt 0.395833 0.666667
vt 0.416667 1.000000
vt 0.416667 0.833333
vt 0.416667 0.166667
vt 0.416667 0.000000
vt 0.416667 0.333333
vt 0.416667 0.500000
vt 0.416667 0.666667
vt 0.437500 1.000000
vt 0.437500 0.833333
vt 0.437500 0.166667
vt 0.437500 0.000000
vt 0.437500 0.333333
vt 0.437500 0.500000
vt 0.437500 0.666667
vt 0.458333 1.000000
vt 0.458333 0.833333
vt 0.458333 0.166667
vt 0.458333 0.000000
vt 0.458333 0.333333
vt 0.458333 0.500000
vt 0.458333 0.666667
vt 0.479167 1.000000
vt 0.479167 0.833333
vt 0.479167 0.166667
vt 0.479167 0.000000
vt 0.479167 0.333333
vt 0.479167 0.500000
vt 0.479167 0.666667
vt 0.500000 1.000000
vt 0.500000 0.833333
vt 0.500000 0.166667
vt 0.500000 0.000000
vt 0.500000 0.333333
vt 0.500000 0.500000
vt 0.500000 0.666667
vt 0.520833 1.000000
vt 0.520833 0.833333
vt 0.520833 0.166667
vt 0.520833 0.000000
vt 0.520833 0.333333
vt 0.520833 0.500000
vt 0.520833 0.666667
vt 0.541667 1.000000
vt 0.541667 0.833333
vt 0.541667 0.166667
vt 0.541667 0.000000
vt 0.541667 0.333333
vt 0.541667 0.500000
vt 0.541667 0.666667
vt 0.562500 1.000000
vt 0.562500 0.833333
vt 0.562500 0.166667
vt 0.562500 0.000000
vt 0.562500 0.333333
vt 0.562500 0.500000
vt 0.562500 0.666667
vt 0.583333 1.000000
vt 0.583333 0.833333
vt 0.583333 0.166667
vt 0.583333 0.000000
vt 0.583333 0.333333
vt 0.583333 0.500000
vt 0.583333 0.666667
vt 0.604167 1.000000
vt 0.604167 0.833333
vt 0.604167 0.166667
vt 0.604167 0.000000
vt 0.604167 0.333333
vt 0.604167 0.500000
vt 0.604167 0.666667
vt 0.625000 1.000000
vt 0.625000 0.833333
vt 0.625000 0.166667
vt 0.625000 0.000000
vt 0.625000 0.333333
vt 0.625000 0.500000
vt 0.625000 0.666667
vt 0.645833 1.000000
vt 0.645833 0.833333
vt 0.645833 0.166667
vt 0.645833 0.000000
vt 0.645833 0.333333
vt 0.645833 0.500000
vt 0.645833 0.666667
vt 0.666667 1.000000
vt 0.666667 0.833333
vt 0.666667 0.166667
vt 0.666667 0.000000
vt 0.666667 0.333333
vt 0.666667 0.500000
vt 0.666667 0.666667
vt 0.687500 1.000000
vt 0.687500 0.833333
vt 0.687500 0.166667
vt 0.687500 0.000000
vt 0.687500 0.333333
vt 0.687500 0.500000
vt 0.687500 0.666667
vt 0.708333 1.000000
vt 0.708333 0.833333
vt 0.708333 0.166667
vt 0.708333 0.000000
vt 0.708333 0.333333
vt 0.708333 0.500000
vt 0.708333 0.666667
vt 0.729167 1.000000
vt 0.729167 0.833333
vt 0.729167 0.166667
vt 0.729167 0.000000
vt 0.729167 0.333333
vt 0.729167 0.500000
vt 0.729167 0.666667
vt 0.750000 1.000000
vt 0.750000 0.833333
vt 0.750000 0.166667
vt 0.750000 0.000000
vt 0.750000 0.333333
vt 0.750000 0.500000
vt 0.750000 0.666667
vt 0.770833 1.000000
vt 0.770833 0.833333
vt 0.770833 0.166667
vt 0.770833 0.000000
vt 0.770833 0.333333
vt 0.770833 0.500000
vt 0.770833 0.666667
vt 0.791667 1.000000
vt 0.791667 0.833333
vt 0.791667 0.166667
vt 0.791667 0.000000
vt 0.791667 0.333333
vt 0.791667 0.500000
vt 0.791667 0.666667
vt 0.812500 1.000000
vt 0.812500 0.833333
vt 0.812500 0.166667
vt 0.812500 0.000000
vt 0.812500 0.333333
vt 0.812500 0.500000
vt 0.812500 0.666667
vt 0.833333 1.000000
vt 0.833333 0.833333
vt 0.833333 0.166667
vt 0.833333 0.000000
vt 0.833333 0.333333
vt 0.833333 0.500000
vt 0.833333 0.666667
vt 0.854167 1.000000
vt 0.854167 0.833333
vt 0.854167 0.166667
vt 0.854167 0.000000
vt 0.854167 0.333333
vt 0.854167 0.500000
vt 0.854167 0.666667
vt 0.875000 1.000000
vt 0.875000 0.833333
vt 0.875000 0.166667
vt 0.875000 0.000000
vt 0.875000 0.333333
vt 0.875000 0.500000
vt 0.875000 0.666667
vt 0.895833 1.000000
vt 0.895833 0.833333
vt 0.895833 0.166667
vt 0.895833 0.000000
vt 0.895833 0.333333
vt 0.895833 0.500000
vt 0.895833 0.666667
vt 0.916667 1.000000
vt 0.916667 0.833333
vt 0.916667 0.166667
vt 0.916667 0.000000
vt 0.916667 0.333333
vt 0.916667 0.500000
vt 0.916667 0.666667
vt 0.937500 1.000000
vt 0.937500 0.833333
vt 0.937500 0.166667
vt 0.937500 0.000000
vt 0.937500 0.333333
vt 0.937500 0.500000
vt 0.937500 0.666667
vt 0.958333 1.000000
vt 0.958333 0.833333
vt 0.958333 0.166667
vt 0.958333 0.000000
vt 0.958333 0.333333
vt 0.958333 0.500000
vt 0.958333 0.666667
vt 0.979167 1.000000
vt 0.979167 0.833333
vt 0.979167 0.166667
vt 0.979167 0.000000
vt 0.979167 0.333333
vt 0.979167 0.500000
vt 0.979167 0.666667
vt 1.000000 1.000000
vt 1.000000 0.833333
vt 1.000000 0.166667
vt 1.000000 0.000000
vt 1.000000 0.333333
vt 1.000000 0.500000
vt 1.000000 0.666667
s 1
usemtl Glow_|_orange_neon
f 3934/4306/4585 3940/4307/4586 3945/4308/4587 3939/4309/4588
f 3935/4310/4589 3941/4311/4590 3940/4312/4586 3934/4313/4585
f 3936/4314/4591 3942/4315/4592 3941/4311/4590 3935/4310/4589
f 3937/4316/4593 3943/4317/4594 3942/4315/4595 3936/4314/4596
f 3938/4318/4597 3944/4319/4598 3943/4317/4594 3937/4316/4593
f 3939/4309/4599 3945/4308/4600 3944/4319/4598 3938/4318/4597
f 3940/4307/4586 3946/4320/4601 3951/4321/4602 3945/4308/4587
f 3941/4311/4590 3947/4322/4603 3946/4323/4601 3940/4312/4586
f 3942/4315/4592 3948/4324/4604 3947/4322/4603 3941/4311/4590
f 3943/4317/4594 3949/4325/4605 3948/4324/4606 3942/4315/4595
f 3944/4319/4598 3950/4326/4607 3949/4325/4605 3943/4317/4594
f 3945/4308/4600 3951/4321/4608 3950/4326/4607 3944/4319/4598
f 3946/4320/4601 3952/4327/4609 3957/4328/4610 3951/4321/4602
f 3947/4322/4603 3953/4329/4611 3952/4330/4609 3946/4323/4601
f 3948/4324/4604 3954/4331/4612 3953/4329/4611 3947/4322/4603
f 3949/4325/4605 3955/4332/4613 3954/4331/4614 3948/4324/4606
f 3950/4326/4607 3956/4333/4615 3955/4332/4613 3949/4325/4605
f 3951/4321/4608 3957/4328/4616 3956/4333/4615 3950/4326/4607
f 3952/4327/4609 3958/4334/4617 3963/4335/4618 3957/4328/4610
f 3953/4329/4611 3959/4336/4619 3958/4337/4617 3952/4330/4609
f 3954/4331/4612 3960/4338/4620 3959/4336/4619 3953/4329/4611
f 3955/4332/4613 3961/4339/4621 3960/4338/4622 3954/4331/4614
f 3956/4333/4615 3962/4340/4623 3961/4339/4621 3955/4332/4613
f 3957/4328/4616 3963/4335/4624 3962/4340/4623 3956/4333/4615
f 3958/4334/4617 3964/4341/4625 3969/4342/4626 3963/4335/4618
f 3959/4336/4619 3965/4343/4627 3964/4344/4625 3958/4337/4617
f 3960/4338/4620 3966/4345/4628 3965/4343/4627 3959/4336/4619
f 3961/4339/4621 3967/4346/4629 3966/4345/4630 3960/4338/4622
f 3962/4340/4623 3968/4347/4631 3967/4346/4629 3961/4339/4621
f 3963/4335/4624 3969/4342/4632 3968/4347/4631 3962/4340/4623
f 3964/4341/4625 3970/4348/4633 3975/4349/4634 3969/4342/4626
f 3965/4343/4627 3971/4350/4635 3970/4351/4633 3964/4344/4625
f 3966/4345/4628 3972/4352/4636 3971/4350/4635 3965/4343/4627
f 3967/4346/4629 3973/4353/4637 3972/4352/4638 3966/4345/4630
f 3968/4347/4631 3974/4354/4639 3973/4353/4637 3967/4346/4629
f 3969/4342/4632 3975/4349/4640 3974/4354/4639 3968/4347/4631
f 3970/4348/4633 3976/4355/4641 3981/4356/4642 3975/4349/4634
f 3971/4350/4635 3977/4357/4643 3976/4358/4641 3970/4351/4633
f 3972/4352/4636 3978/4359/4644 3977/4357/4643 3971/4350/4635
f 3973/4353/4637 3979/4360/4645 3978/4359/4646 3972/4352/4638
f 3974/4354/4639 3980/4361/4647 3979/4360/4645 3973/4353/4637
f 3975/4349/4640 3981/4356/4648 3980/4361/4647 3974/4354/4639
f 3976/4355/4641 3982/4362/4649 3987/4363/4650 3981/4356/4642
f 3977/4357/4643 3983/4364/4651 3982/4365/4649 3976/4358/4641
f 3978/4359/4644 3984/4366/4652 3983/4364/4651 3977/4357/4643
f 3979/4360/4645 3985/4367/4653 3984/4366/4654 3978/4359/4646
f 3980/4361/4647 3986/4368/4655 3985/4367/4653 3979/4360/4645
f 3981/4356/4648 3987/4363/4656 3986/4368/4655 3980/4361/4647
f 3982/4362/4649 3988/4369/4657 3993/4370/4658 3987/4363/4650
f 3983/4364/4651 3989/4371/4659 3988/4372/4657 3982/4365/4649
f 3984/4366/4652 3990/4373/4660 3989/4371/4659 3983/4364/4651
f 3985/4367/4653 3991/4374/4661 3990/4373/4662 3984/4366/4654
f 3986/4368/4655 3992/4375/4663 3991/4374/4661 3985/4367/4653
f 3987/4363/4656 3993/4370/4664 3992/4375/4663 3986/4368/4655
f 3988/4369/4657 3994/4376/4665 3999/4377/4666 3993/4370/4658
f 3989/4371/4659 3995/4378/4667 3994/4379/4665 3988/4372/4657
f 3990/4373/4660 3996/4380/4668 3995/4378/4667 3989/4371/4659
f 3991/4374/4661 3997/4381/4669 3996/4380/4670 3990/4373/4662
f 3992/4375/4663 3998/4382/4671 3997/4381/4669 3991/4374/4661
f 3993/4370/4664 3999/4377/4672 3998/4382/4671 3992/4375/4663
f 3994/4376/4665 4000/4383/4673 4005/4384/4674 3999/4377/4666
f 3995/4378/4667 4001/4385/4675 4000/4386/4673 3994/4379/4665
f 3996/4380/4668 4002/4387/4676 4001/4385/4675 3995/4378/4667
f 3997/4381/4669 4003/4388/4677 4002/4387/4678 3996/4380/4670
f 3998/4382/4671 4004/4389/4679 4003/4388/4677 3997/4381/4669
f 3999/4377/4672 4005/4384/4680 4004/4389/4679 3998/4382/4671
f 4000/4383/4673 4006/4390/4681 4011/4391/4682 4005/4384/4674
f 4001/4385/4675 4007/4392/4683 4006/4393/4681 4000/4386/4673
f 4002/4387/4676 4008/4394/4684 4007/4392/4683 4001/4385/4675
f 4003/4388/4677 4009/4395/4685 4008/4394/4686 4002/4387/4678
f 4004/4389/4679 4010/4396/4687 4009/4395/4685 4003/4388/4677
f 4005/4384/4680 4011/4391/4688 4010/4396/4687 4004/4389/4679
f 4006/4390/4681 4012/4397/4689 4017/4398/4690 4011/4391/4682
f 4007/4392/4683 4013/4399/4691 4012/4400/4689 4006/4393/4681
f 4008/4394/4684 4014/4401/4692 4013/4399/4691 4007/4392/4683
f 4009/4395/4685 4015/4402/4693 4014/4401/4694 4008/4394/4686
f 4010/4396/4687 4016/4403/4695 4015/4402/4693 4009/4395/4685
f 4011/4391/4688 4017/4398/4696 4016/4403/4695 4010/4396/4687
f 4012/4397/4689 4018/4404/4697 4023/4405/4698 4017/4398/4690
f 4013/4399/4691 4019/4406/4699 4018/4407/4697 4012/4400/4689
f 4014/4401/4692 4020/4408/4700 4019/4406/4699 4013/4399/4691
f 4015/4402/4693 4021/4409/4701 4020/4408/4702 4014/4401/4694
f 4016/4403/4695 4022/4410/4703 4021/4409/4701 4015/4402/4693
f 4017/4398/4696 4023/4405/4704 4022/4410/4703 4016/4403/4695
f 4018/4404/4697 4024/4411/4705 4029/4412/4706 4023/4405/4698
f 4019/4406/4699 4025/4413/4707 4024/4414/4705 4018/4407/4697
f 4020/4408/4700 4026/4415/4708 4025/4413/4707 4019/4406/4699
f 4021/4409/4701 4027/4416/4709 4026/4415/4710 4020/4408/4702
f 4022/4410/4703 4028/4417/4711 4027/4416/4709 4021/4409/4701
f 4023/4405/4704 4029/4412/4712 4028/4417/4711 4022/4410/4703
f 4024/4411/4705 4030/4418/4713 4035/4419/4714 4029/4412/4706
f 4025/4413/4707 4031/4420/4715 4030/4421/4713 4024/4414/4705
f 4026/4415/4708 4032/4422/4716 4031/4420/4715 4025/4413/4707
f 4027/4416/4709 4033/4423/4717 4032/4422/4718 4026/4415/4710
f 4028/4417/4711 4034/4424/4719 4033/4423/4717 4027/4416/4709
f 4029/4412/4712 4035/4419/4720 4034/4424/4719 4028/4417/4711
f 4030/4418/4713 4036/4425/4721 4041/4426/4722 4035/4419/4714
f 4031/4420/4715 4037/4427/4723 4036/4428/4721 4030/4421/4713
f 4032/4422/4716 4038/4429/4724 4037/4427/4723 4031/4420/4715
f 4033/4423/4717 4039/4430/4725 4038/4429/4726 4032/4422/4718
f 4034/4424/4719 4040/4431/4727 4039/4430/4725 4033/4423/4717
f 4035/4419/4720 4041/4426/4728 4040/4431/4727 4034/4424/4719
f 4036/4425/4721 4042/4432/4729 4047/4433/4730 4041/4426/4722
f 4037/4427/4723 4043/4434/4731 4042/4435/4729 4036/4428/4721
f 4038/4429/4724 4044/4436/4732 4043/4434/4731 4037/4427/4723
f 4039/4430/4725 4045/4437/4733 4044/4436/4734 4038/4429/4726
f 4040/4431/4727 4046/4438/4735 4045/4437/4733 4039/4430/4725
f 4041/4426/4728 4047/4433/4736 4046/4438/4735 4040/4431/4727
f 4042/4432/4729 4048/4439/4737 4053/4440/4738 4047/4433/4730
f 4043/4434/4731 4049/4441/4739 4048/4442/4737 4042/4435/4729
f 4044/4436/4732 4050/4443/4740 4049/4441/4739 4043/4434/4731
f 4045/4437/4733 4051/4444/4741 4050/4443/4742 4044/4436/4734
f 4046/4438/4735 4052/4445/4743 4051/4444/4741 4045/4437/4733
f 4047/4433/4736 4053/4440/4744 4052/4445/4743 4046/4438/4735
f 4048/4439/4737 4054/4446/4745 4059/4447/4746 4053/4440/4738
f 4049/4441/4739 4055/4448/4747 4054/4449/4745 4048/4442/4737
f 4050/4443/4740 4056/4450/4748 4055/4448/4747 4049/4441/4739
f 4051/4444/4741 4057/4451/4749 4056/4450/4750 4050/4443/4742
f 4052/4445/4743 4058/4452/4751 4057/4451/4749 4051/4444/4741
f 4053/4440/4744 4059/4447/4752 4058/4452/4751 4052/4445/4743
f 4054/4446/4745 4060/4453/4753 4065/4454/4754 4059/4447/4746
f 4055/4448/4747 4061/4455/4755 4060/4456/4753 4054/4449/4745
f 4056/4450/4748 4062/4457/4756 4061/4455/4755 4055/4448/4747
f 4057/4451/4749 4063/4458/4757 4062/4457/4758 4056/4450/4750
f 4058/4452/4751 4064/4459/4759 4063/4458/4757 4057/4451/4749
f 4059/4447/4752 4065/4454/4760 4064/4459/4759 4058/4452/4751
f 4060/4453/4753 4066/4460/4761 4071/4461/4762 4065/4454/4754
f 4061/4455/4755 4067/4462/4763 4066/4463/4761 4060/4456/4753
f 4062/4457/4756 4068/4464/4764 4067/4462/4763 4061/4455/4755
f 4063/4458/4757 4069/4465/4765 4068/4464/4766 4062/4457/4758
f 4064/4459/4759 4070/4466/4767 4069/4465/4765 4063/4458/4757
f 4065/4454/4760 4071/4461/4768 4070/4466/4767 4064/4459/4759
f 4066/4460/4761 4072/4467/4769 4077/4468/4770 4071/4461/4762
f 4067/4462/4763 4073/4469/4771 4072/4470/4769 4066/4463/4761
f 4068/4464/4764 4074/4471/4772 4073/4469/4771 4067/4462/4763
f 4069/4465/4765 4075/4472/4773 4074/4471/4774 4068/4464/4766
f 4070/4466/4767 4076/4473/4775 4075/4472/4773 4069/4465/4765
f 4071/4461/4768 4077/4468/4776 4076/4473/4775 4070/4466/4767
f 4072/4467/4769 4078/4474/4777 4083/4475/4599 4077/4468/4770
f 4073/4469/4771 4079/4476/4778 4078/4477/4777 4072/4470/4769
f 4074/4471/4772 4080/4478/4596 4079/4476/4778 4073/4469/4771
f 4075/4472/4773 4081/4479/4779 4080/4478/4780 4074/4471/4774
f 4076/4473/4775 4082/4480/4781 4081/4479/4779 4075/4472/4773
f 4077/4468/4776 4083/4475/4782 4082/4480/4781 4076/4473/4775
f 4078/4474/4777 4084/4481/4783 4089/4482/4784 4083/4475/4599
f 4079/4476/4778 4085/4483/4785 4084/4484/4783 4078/4477/4777
f 4080/4478/4596 4086/4485/4786 4085/4483/4785 4079/4476/4778
f 4081/4479/4779 4087/4486/4787 4086/4485/4788 4080/4478/4780
f 4082/4480/4781 4088/4487/4789 4087/4486/4787 4081/4479/4779
f 4083/4475/4782 4089/4482/4790 4088/4487/4789 4082/4480/4781
f 4084/4481/4783 4090/4488/4791 4095/4489/4792 4089/4482/4784
f 4085/4483/4785 4091/4490/4793 4090/4491/4791 4084/4484/4783
f 4086/4485/4786 4092/4492/4794 4091/4490/4793 4085/4483/4785
f 4087/4486/4787 4093/4493/4795 4092/4492/4796 4086/4485/4788
f 4088/4487/4789 4094/4494/4797 4093/4493/4795 4087/4486/4787
f 4089/4482/4790 4095/4489/4798 4094/4494/4797 4088/4487/4789
f 4090/4488/4791 4096/4495/4799 4101/4496/4616 4095/4489/4792
f 4091/4490/4793 4097/4497/4800 4096/4498/4799 4090/4491/4791
f 4092/4492/4794 4098/4499/4614 4097/4497/4800 4091/4490/4793
f 4093/4493/4795 4099/4500/4801 4098/4499/4612 4092/4492/4796
f 4094/4494/4797 4100/4501/4802 4099/4500/4801 4093/4493/4795
f 4095/4489/4798 4101/4496/4610 4100/4501/4802 4094/4494/4797
f 4096/4495/4799 4102/4502/4803 4107/4503/4804 4101/4496/4616
f 4097/4497/4800 4103/4504/4805 4102/4505/4803 4096/4498/4799
f 4098/4499/4614 4104/4506/4806 4103/4504/4805 4097/4497/4800
f 4099/4500/4801 4105/4507/4807 4104/4506/4808 4098/4499/4612
f 4100/4501/4802 4106/4508/4809 4105/4507/4807 4099/4500/4801
f 4101/4496/4610 4107/4503/4810 4106/4508/4809 4100/4501/4802
f 4102/4502/4803 4108/4509/4811 4113/4510/4812 4107/4503/4804
f 4103/4504/4805 4109/4511/4813 4108/4512/4811 4102/4505/4803
f 4104/4506/4806 4110/4513/4814 4109/4511/4813 4103/4504/4805
f 4105/4507/4807 4111/4514/4815 4110/4513/4816 4104/4506/4808
f 4106/4508/4809 4112/4515/4817 4111/4514/4815 4105/4507/4807
f 4107/4503/4810 4113/4510/4818 4112/4515/4817 4106/4508/4809
f 4108/4509/4811 4114/4516/4819 4119/4517/4820 4113/4510/4812
f 4109/4511/4813 4115/4518/4821 4114/4519/4819 4108/4512/4811
f 4110/4513/4814 4116/4520/4822 4115/4518/4821 4109/4511/4813
f 4111/4514/4815 4117/4521/4823 4116/4520/4824 4110/4513/4816
f 4112/4515/4817 4118/4522/4825 4117/4521/4823 4111/4514/4815
f 4113/4510/4818 4119/4517/4826 4118/4522/4825 4112/4515/4817
f 4114/4516/4819 4120/4523/4827 4125/4524/4828 4119/4517/4820
f 4115/4518/4821 4121/4525/4829 4120/4526/4827 4114/4519/4819
f 4116/4520/4822 4122/4527/4830 4121/4525/4829 4115/4518/4821
f 4117/4521/4823 4123/4528/4831 4122/4527/4832 4116/4520/4824
f 4118/4522/4825 4124/4529/4833 4123/4528/4831 4117/4521/4823
f 4119/4517/4826 4125/4524/4834 4124/4529/4833 4118/4522/4825
f 4120/4523/4827 4126/4530/4835 4131/4531/4836 4125/4524/4828
f 4121/4525/4829 4127/4532/4837 4126/4533/4835 4120/4526/4827
f 4122/4527/4830 4128/4534/4838 4127/4532/4837 4121/4525/4829
f 4123/4528/4831 4129/4535/4839 4128/4534/4840 4122/4527/4832
f 4124/4529/4833 4130/4536/4841 4129/4535/4839 4123/4528/4831
f 4125/4524/4834 4131/4531/4842 4130/4536/4841 4124/4529/4833
f 4126/4530/4835 4132/4537/4843 4137/4538/4844 4131/4531/4836
f 4127/4532/4837 4133/4539/4845 4132/4540/4843 4126/4533/4835
f 4128/4534/4838 4134/4541/4846 4133/4539/4845 4127/4532/4837
f 4129/4535/4839 4135/4542/4847 4134/4541/4848 4128/4534/4840
f 4130/4536/4841 4136/4543/4849 4135/4542/4847 4129/4535/4839
f 4131/4531/4842 4137/4538/4850 4136/4543/4849 4130/4536/4841
f 4132/4537/4843 4138/4544/4851 4143/4545/4852 4137/4538/4844
f 4133/4539/4845 4139/4546/4853 4138/4547/4851 4132/4540/4843
f 4134/4541/4846 4140/4548/4854 4139/4546/4853 4133/4539/4845
f 4135/4542/4847 4141/4549/4855 4140/4548/4856 4134/4541/4848
f 4136/4543/4849 4142/4550/4857 4141/4549/4855 4135/4542/4847
f 4137/4538/4850 4143/4545/4858 4142/4550/4857 4136/4543/4849
f 4138/4544/4851 4144/4551/4859 4149/4552/4860 4143/4545/4852
f 4139/4546/4853 4145/4553/4861 4144/4554/4859 4138/4547/4851
f 4140/4548/4854 4146/4555/4862 4145/4553/4861 4139/4546/4853
f 4141/4549/4855 4147/4556/4863 4146/4555/4864 4140/4548/4856
f 4142/4550/4857 4148/4557/4865 4147/4556/4863 4141/4549/4855
f 4143/4545/4858 4149/4552/4866 4148/4557/4865 4142/4550/4857
f 4144/4551/4859 4150/4558/4867 4155/4559/4868 4149/4552/4860
f 4145/4553/4861 4151/4560/4869 4150/4561/4867 4144/4554/4859
f 4146/4555/4862 4152/4562/4870 4151/4560/4869 4145/4553/4861
f 4147/4556/4863 4153/4563/4871 4152/4562/4872 4146/4555/4864
f 4148/4557/4865 4154/4564/4873 4153/4563/4871 4147/4556/4863
f 4149/4552/4866 4155/4559/4874 4154/4564/4873 4148/4557/4865
f 4150/4558/4867 4156/4565/4875 4161/4566/4876 4155/4559/4868
f 4151/4560/4869 4157/4567/4877 4156/4568/4875 4150/4561/4867
f 4152/4562/4870 4158/4569/4878 4157/4567/4877 4151/4560/4869
f 4153/4563/4871 4159/4570/4879 4158/4569/4880 4152/4562/4872
f 4154/4564/4873 4160/4571/4881 4159/4570/4879 4153/4563/4871
f 4155/4559/4874 4161/4566/4882 4160/4571/4881 4154/4564/4873
f 4156/4565/4875 4162/4572/4883 4167/4573/4884 4161/4566/4876
f 4157/4567/4877 4163/4574/4885 4162/4575/4883 4156/4568/4875
f 4158/4569/4878 4164/4576/4886 4163/4574/4885 4157/4567/4877
f 4159/4570/4879 4165/4577/4887 4164/4576/4888 4158/4569/4880
f 4160/4571/4881 4166/4578/4889 4165/4577/4887 4159/4570/4879
f 4161/4566/4882 4167/4573/4890 4166/4578/4889 4160/4571/4881
f 4162/4572/4883 4168/4579/4891 4173/4580/4712 4167/4573/4884
f 4163/4574/4885 4169/4581/4892 4168/4582/4891 4162/4575/4883
f 4164/4576/4886 4170/4583/4710 4169/4581/4892 4163/4574/4885
f 4165/4577/4887 4171/4584/4893 4170/4583/4708 4164/4576/4888
f 4166/4578/4889 4172/4585/4894 4171/4584/4893 4165/4577/4887
f 4167/4573/4890 4173/4580/4706 4172/4585/4894 4166/4578/4889
f 4168/4579/4891 4174/4586/4895 4179/4587/4896 4173/4580/4712
f 4169/4581/4892 4175/4588/4897 4174/4589/4895 4168/4582/4891
f 4170/4583/4710 4176/4590/4898 4175/4588/4897 4169/4581/4892
f 4171/4584/4893 4177/4591/4899 4176/4590/4900 4170/4583/4708
f 4172/4585/4894 4178/4592/4901 4177/4591/4899 4171/4584/4893
f 4173/4580/4706 4179/4587/4902 4178/4592/4901 4172/4585/4894
f 4174/4586/4895 4180/4593/4903 4185/4594/4904 4179/4587/4896
f 4175/4588/4897 4181/4595/4905 4180/4596/4903 4174/4589/4895
f 4176/4590/4898 4182/4597/4906 4181/4595/4905 4175/4588/4897
f 4177/4591/4899 4183/4598/4907 4182/4597/4908 4176/4590/4900
f 4178/4592/4901 4184/4599/4909 4183/4598/4907 4177/4591/4899
f 4179/4587/4902 4185/4594/4910 4184/4599/4909 4178/4592/4901
f 4180/4593/4903 4186/4600/4911 4191/4601/4912 4185/4594/4904
f 4181/4595/4905 4187/4602/4913 4186/4603/4911 4180/4596/4903
f 4182/4597/4906 4188/4604/4914 4187/4602/4913 4181/4595/4905
f 4183/4598/4907 4189/4605/4915 4188/4604/4916 4182/4597/4908
f 4184/4599/4909 4190/4606/4917 4189/4605/4915 4183/4598/4907
f 4185/4594/4910 4191/4601/4918 4190/4606/4917 4184/4599/4909
f 4186/4600/4911 4192/4607/4919 4197/4608/4920 4191/4601/4912
f 4187/4602/4913 4193/4609/4921 4192/4610/4919 4186/4603/4911
f 4188/4604/4914 4194/4611/4922 4193/4609/4921 4187/4602/4913
f 4189/4605/4915 4195/4612/4923 4194/4611/4924 4188/4604/4916
f 4190/4606/4917 4196/4613/4925 4195/4612/4923 4189/4605/4915
f 4191/4601/4918 4197/4608/4926 4196/4613/4925 4190/4606/4917
f 4192/4607/4919 4198/4614/4927 4203/4615/4928 4197/4608/4920
f 4193/4609/4921 4199/4616/4929 4198/4617/4927 4192/4610/4919
f 4194/4611/4922 4200/4618/4930 4199/4616/4929 4193/4609/4921
f 4195/4612/4923 4201/4619/4931 4200/4618/4932 4194/4611/4924
f 4196/4613/4925 4202/4620/4933 4201/4619/4931 4195/4612/4923
f 4197/4608/4926 4203/4615/4934 4202/4620/4933 4196/4613/4925
f 4198/4614/4927 4204/4621/4935 4209/4622/4936 4203/4615/4928
f 4199/4616/4929 4205/4623/4937 4204/4624/4935 4198/4617/4927
f 4200/4618/4930 4206/4625/4938 4205/4623/4937 4199/4616/4929
f 4201/4619/4931 4207/4626/4939 4206/4625/4940 4200/4618/4932
f 4202/4620/4933 4208/4627/4941 4207/4626/4939 4201/4619/4931
f 4203/4615/4934 4209/4622/4942 4208/4627/4941 4202/4620/4933
f 4204/4621/4935 4210/4628/4943 4215/4629/4944 4209/4622/4936
f 4205/4623/4937 4211/4630/4945 4210/4631/4943 4204/4624/4935
f 4206/4625/4938 4212/4632/4946 4211/4630/4945 4205/4623/4937
f 4207/4626/4939 4213/4633/4947 4212/4632/4948 4206/4625/4940
f 4208/4627/4941 4214/4634/4949 4213/4633/4947 4207/4626/4939
f 4209/4622/4942 4215/4629/4950 4214/4634/4949 4208/4627/4941
f 4210/4628/4943 4216/4635/4951 4221/4636/4952 4215/4629/4944
f 4211/4630/4945 4217/4637/4953 4216/4638/4951 4210/4631/4943
f 4212/4632/4946 4218/4639/4954 4217/4637/4953 4211/4630/4945
f 4213/4633/4947 4219/4640/4955 4218/4639/4956 4212/4632/4948
f 4214/4634/4949 4220/4641/4957 4219/4640/4955 4213/4633/4947
f 4215/4629/4950 4221/4636/4958 4220/4641/4957 4214/4634/4949
f 4216/4635/4951 3934/4642/4585 3939/4643/4588 4221/4636/4952
f 4217/4637/4953 3935/4644/4589 3934/4645/4585 4216/4638/4951
f 4218/4639/4954 3936/4646/4591 3935/4644/4589 4217/4637/4953
f 4219/4640/4955 3937/4647/4593 3936/4646/4596 4218/4639/4956
f 4220/4641/4957 3938/4648/4597 3937/4647/4593 4219/4640/4955
f 4221/4636/4958 3939/4643/4599 3938/4648/4597 4220/4641/4957
o Receiver_|_right_ring_hub
v 0.060012 0.085847 0.024000
v 0.056986 0.091088 0.024000
v 0.051744 0.094114 0.024000
v 0.045692 0.094114 0.024000
v 0.040450 0.091088 0.024000
v 0.037424 0.085847 0.024000
v 0.037424 0.079794 0.024000
v 0.040450 0.074553 0.024000
v 0.045692 0.071527 0.024000
v 0.051744 0.071527 0.024000
v 0.056986 0.074553 0.024000
v 0.060012 0.079794 0.024000
v 0.060012 0.085847 0.028000
v 0.056986 0.091088 0.028000
v 0.051744 0.094114 0.028000
v 0.045692 0.094114 0.028000
v 0.040450 0.091088 0.028000
v 0.037424 0.085847 0.028000
v 0.037424 0.079794 0.028000
v 0.040450 0.074553 0.028000
v 0.045692 0.071527 0.028000
v 0.051744 0.071527 0.028000
v 0.056986 0.074553 0.028000
v 0.060012 0.079794 0.028000
v 0.055494 0.084636 0.029250
v 0.053679 0.087781 0.029250
v 0.050534 0.089597 0.029250
v 0.046902 0.089597 0.029250
v 0.043757 0.087781 0.029250
v 0.041942 0.084636 0.029250
v 0.041942 0.081005 0.029250
v 0.043757 0.077860 0.029250
v 0.046902 0.076044 0.029250
v 0.050534 0.076044 0.029250
v 0.053679 0.077860 0.029250
v 0.055494 0.081005 0.029250
v 0.048718 0.082821 0.030000
vn 0.9659 0.2588 -0.0000
vn 0.7071 0.7071 -0.0000
vn 0.2588 0.9659 -0.0000
vn -0.2588 0.9659 -0.0000
vn -0.7071 0.7071 -0.0000
vn -0.9659 0.2588 -0.0000
vn -0.9659 -0.2588 -0.0000
vn -0.7071 -0.7071 -0.0000
vn -0.2588 -0.9659 -0.0000
vn 0.2588 -0.9659 -0.0000
vn 0.7071 -0.7071 -0.0000
vn 0.9659 -0.2588 -0.0000
vn 0.2494 0.0668 0.9661
vn 0.1826 0.1826 0.9661
vn 0.1380 0.1380 0.9808
vn 0.1885 0.0505 0.9808
vn 0.0668 0.2494 0.9661
vn 0.0505 0.1885 0.9808
vn -0.0668 0.2494 0.9661
vn -0.0505 0.1885 0.9808
vn -0.1826 0.1826 0.9661
vn -0.1380 0.1380 0.9808
vn -0.2494 0.0668 0.9661
vn -0.1885 0.0505 0.9808
vn -0.2494 -0.0668 0.9661
vn -0.1885 -0.0505 0.9808
vn -0.1826 -0.1826 0.9661
vn -0.1380 -0.1380 0.9808
vn -0.0668 -0.2494 0.9661
vn -0.0505 -0.1885 0.9808
vn 0.0668 -0.2494 0.9661
vn 0.0505 -0.1885 0.9808
vn 0.1826 -0.1826 0.9661
vn 0.1380 -0.1380 0.9808
vn 0.2494 -0.0668 0.9661
vn 0.1885 -0.0505 0.9808
vn -0.0000 -0.0000 1.0000
vn -0.0000 -0.0000 -1.0000
s 1
usemtl Copper_|_burnished_trim
f 4222//4959 4223//4960 4235//4960 4234//4959
f 4223//4960 4224//4961 4236//4961 4235//4960
f 4224//4961 4225//4962 4237//4962 4236//4961
f 4225//4962 4226//4963 4238//4963 4237//4962
f 4226//4963 4227//4964 4239//4964 4238//4963
f 4227//4964 4228//4965 4240//4965 4239//4964
f 4228//4965 4229//4966 4241//4966 4240//4965
f 4229//4966 4230//4967 4242//4967 4241//4966
f 4230//4967 4231//4968 4243//4968 4242//4967
f 4231//4968 4232//4969 4244//4969 4243//4968
f 4232//4969 4233//4970 4245//4970 4244//4969
f 4233//4970 4222//4959 4234//4959 4245//4970
f 4234//4971 4235//4972 4247//4973 4246//4974
f 4235//4972 4236//4975 4248//4976 4247//4973
f 4236//4975 4237//4977 4249//4978 4248//4976
f 4237//4977 4238//4979 4250//4980 4249//4978
f 4238//4979 4239//4981 4251//4982 4250//4980
f 4239//4981 4240//4983 4252//4984 4251//4982
f 4240//4983 4241//4985 4253//4986 4252//4984
f 4241//4985 4242//4987 4254//4988 4253//4986
f 4242//4987 4243//4989 4255//4990 4254//4988
f 4243//4989 4244//4991 4256//4992 4255//4990
f 4244//4991 4245//4993 4257//4994 4256//4992
f 4245//4993 4234//4971 4246//4974 4257//4994
f 4246//4974 4247//4973 4258//4995
f 4247//4973 4248//4976 4258//4995
f 4248//4976 4249//4978 4258//4995
f 4249//4978 4250//4980 4258//4995
f 4250//4980 4251//4982 4258//4995
f 4251//4982 4252//4984 4258//4995
f 4252//4984 4253//4986 4258//4995
f 4253//4986 4254//4988 4258//4995
f 4254//4988 4255//4990 4258//4995
f 4255//4990 4256//4992 4258//4995
f 4256//4992 4257//4994 4258//4995
f 4257//4994 4246//4974 4258//4995
f 4222//4996 4233//4996 4232//4996 4231//4996 4230//4996 4229//4996 4228//4996 4227//4996 4226//4996 4225//4996 4224//4996 4223//4996
o Glow_|_right_receiver_strip
v 0.197308 0.086196 0.023051
v 0.197308 0.086196 0.026949
v 0.197308 0.082821 0.028897
v 0.197308 0.079445 0.026949
v 0.197308 0.079445 0.023051
v 0.197308 0.082821 0.021103
v 0.072103 0.086196 0.023051
v 0.072103 0.086196 0.026949
v 0.072103 0.082821 0.028897
v 0.072103 0.079445 0.026949
v 0.072103 0.079445 0.023051
v 0.072103 0.082821 0.021103
v 0.115426 0.086196 0.023051
v 0.115426 0.086196 0.026949
v 0.115426 0.082821 0.028897
v 0.115426 0.079445 0.026949
v 0.115426 0.079445 0.023051
v 0.115426 0.082821 0.021103
v 0.153985 0.086196 0.023051
v 0.153985 0.086196 0.026949
v 0.153985 0.082821 0.028897
v 0.153985 0.079445 0.026949
v 0.153985 0.079445 0.023051
v 0.153985 0.082821 0.021103
vn 1.0000 -0.0000 -0.0000
vn -1.0000 -0.0000 -0.0000
vn -0.0000 0.8660 -0.5000
vn -0.0000 0.5000 -0.8660
vn -0.0000 0.8660 0.5000
vn -0.0000 0.5000 0.8660
vn -0.0000 -0.8660 0.5000
vn -0.0000 -0.5000 0.8660
vn -0.0000 -0.8660 -0.5000
vn -0.0000 -0.5000 -0.8660
vt 1.000000 0.000000
vt 0.600000 0.000000
vt 0.800000 0.000000
vt 0.400000 0.000000
vt 0.000000 0.000000
vt 0.200000 0.000000
vt 0.000000 1.000000
vt 0.333333 1.000000
vt 0.333333 0.833333
vt 0.000000 0.833333
vt 0.000000 0.166667
vt 0.333333 0.166667
vt 0.333333 0.000000
vt 0.000000 0.333333
vt 0.333333 0.333333
vt 0.000000 0.500000
vt 0.333333 0.500000
vt 0.000000 0.666667
vt 0.333333 0.666667
vt 0.666667 1.000000
vt 0.666667 0.833333
vt 0.666667 0.166667
vt 0.666667 0.000000
vt 0.666667 0.333333
vt 0.666667 0.500000
vt 0.666667 0.666667
vt 1.000000 1.000000
vt 1.000000 0.833333
vt 1.000000 0.166667
vt 1.000000 0.333333
vt 1.000000 0.500000
vt 1.000000 0.666667
s 1
usemtl Glow_|_orange_neon
f 4264/4649/4997 4262/4650/4997 4263/4651/4997
f 4264/4649/4997 4261/4652/4997 4262/4650/4997
f 4259/4653/4997 4261/4652/4997 4264/4649/4997
f 4259/4653/4997 4260/4654/4997 4261/4652/4997
f 4267/4652/4998 4269/4651/4998 4268/4650/4998
f 4267/4652/4998 4270/4649/4998 4269/4651/4998
f 4266/4654/4998 4270/4649/4998 4267/4652/4998
f 4266/4654/4998 4265/4653/4998 4270/4649/4998
f 4265/4655/4999 4271/4656/4999 4276/4657/5000 4270/4658/5000
f 4266/4659/5001 4272/4660/5001 4271/4661/4999 4265/4653/4999
f 4267/4662/5002 4273/4663/5002 4272/4660/5001 4266/4659/5001
f 4268/4664/5003 4274/4665/5003 4273/4663/5004 4267/4662/5004
f 4269/4666/5005 4275/4667/5005 4274/4665/5003 4268/4664/5003
f 4270/4658/5006 4276/4657/5006 4275/4667/5005 4269/4666/5005
f 4271/4656/4999 4277/4668/4999 4282/4669/5000 4276/4657/5000
f 4272/4660/5001 4278/4670/5001 4277/4671/4999 4271/4661/4999
f 4273/4663/5002 4279/4672/5002 4278/4670/5001 4272/4660/5001
f 4274/4665/5003 4280/4673/5003 4279/4672/5004 4273/4663/5004
f 4275/4667/5005 4281/4674/5005 4280/4673/5003 4274/4665/5003
f 4276/4657/5006 4282/4669/5006 4281/4674/5005 4275/4667/5005
f 4277/4668/4999 4259/4675/4999 4264/4676/5000 4282/4669/5000
f 4278/4670/5001 4260/4677/5001 4259/4649/4999 4277/4671/4999
f 4279/4672/5002 4261/4678/5002 4260/4677/5001 4278/4670/5001
f 4280/4673/5003 4262/4679/5003 4261/4678/5004 4279/4672/5004
f 4281/4674/5005 4263/4680/5005 4262/4679/5003 4280/4673/5003
f 4282/4669/5006 4264/4676/5006 4263/4680/5005 4281/4674/5005
o Receiver_|_right_spike
v 0.025333 0.078923 0.026600
v 0.020998 0.077442 0.026600
v 0.016472 0.078689 0.026600
v 0.011871 0.081028 0.026600
v 0.007308 0.082821 0.026600
v 0.011871 0.084613 0.026600
v 0.016472 0.086952 0.026600
v 0.020998 0.088199 0.026600
v 0.025333 0.086718 0.026600
v 0.026666 0.084963 0.026600
v 0.027110 0.082821 0.026600
v 0.026666 0.080679 0.026600
v 0.025333 0.078923 0.023400
v 0.020998 0.077442 0.023400
v 0.016472 0.078689 0.023400
v 0.011871 0.081028 0.023400
v 0.007308 0.082821 0.023400
v 0.011871 0.084613 0.023400
v 0.016472 0.086952 0.023400
v 0.020998 0.088199 0.023400
v 0.025333 0.086718 0.023400
v 0.026666 0.084963 0.023400
v 0.027110 0.082821 0.023400
v 0.026666 0.080679 0.023400
v 0.025593 0.078563 0.023576
v 0.025701 0.078414 0.024000
v 0.025701 0.078414 0.026000
v 0.025593 0.078563 0.026424
v 0.021011 0.076998 0.023576
v 0.021017 0.076814 0.024000
v 0.021017 0.076814 0.026000
v 0.021011 0.076998 0.026424
v 0.016318 0.078291 0.023576
v 0.016255 0.078127 0.024000
v 0.016255 0.078127 0.026000
v 0.016318 0.078291 0.026424
v 0.011697 0.080640 0.023576
v 0.011625 0.080480 0.024000
v 0.011625 0.080480 0.026000
v 0.011697 0.080640 0.026424
v 0.006147 0.082821 0.023576
v 0.005667 0.082821 0.024000
v 0.005667 0.082821 0.026000
v 0.006147 0.082821 0.026424
v 0.011697 0.085001 0.023576
v 0.011625 0.085161 0.024000
v 0.011625 0.085161 0.026000
v 0.011697 0.085001 0.026424
v 0.016318 0.087350 0.023576
v 0.016255 0.087514 0.024000
v 0.016255 0.087514 0.026000
v 0.016318 0.087350 0.026424
v 0.021011 0.088643 0.023576
v 0.021017 0.088827 0.024000
v 0.021017 0.088827 0.026000
v 0.021011 0.088643 0.026424
v 0.025593 0.087078 0.023576
v 0.025701 0.087227 0.024000
v 0.025701 0.087227 0.026000
v 0.025593 0.087078 0.026424
v 0.027061 0.085143 0.023576
v 0.027226 0.085217 0.024000
v 0.027226 0.085217 0.026000
v 0.027061 0.085143 0.026424
v 0.027543 0.082821 0.023576
v 0.027722 0.082821 0.024000
v 0.027722 0.082821 0.026000
v 0.027543 0.082821 0.026424
v 0.027061 0.080498 0.023576
v 0.027226 0.080424 0.024000
v 0.027226 0.080424 0.026000
v 0.027061 0.080498 0.026424
vn -0.0745 0.1922 0.9785
vn 0.1294 0.1793 0.9753
vn 0.0067 0.2211 0.9752
vn -0.0775 0.1725 0.9819
vn 0.1971 0.0896 0.9763
vn 0.2152 -0.0000 0.9766
vn -0.1308 -0.0000 0.9914
vn -0.0775 -0.1725 0.9819
vn 0.1971 -0.0896 0.9763
vn -0.0745 -0.1922 0.9785
vn 0.1294 -0.1793 0.9753
vn 0.0067 -0.2211 0.9752
vn -0.0745 0.1922 -0.9785
vn 0.0067 0.2211 -0.9752
vn 0.1294 0.1793 -0.9753
vn -0.0775 0.1725 -0.9819
vn 0.1971 0.0896 -0.9763
vn 0.2152 -0.0000 -0.9766
vn -0.1308 -0.0000 -0.9914
vn -0.0775 -0.1725 -0.9819
vn 0.1971 -0.0896 -0.9763
vn -0.0745 -0.1922 -0.9785
vn 0.1294 -0.1793 -0.9753
vn 0.0067 -0.2211 -0.9752
vn 0.2156 -0.2986 -0.9297
vn 0.0111 -0.3679 -0.9298
vn 0.5741 -0.7950 -0.1958
vn 0.0296 -0.9802 -0.1959
vn 0.0277 -0.9171 -0.3977
vn 0.5372 -0.7440 -0.3974
vn 0.5741 -0.7950 0.1958
vn 0.0296 -0.9802 0.1959
vn 0.5372 -0.7440 0.3974
vn 0.0277 -0.9171 0.3977
vn 0.0111 -0.3679 0.9298
vn 0.2156 -0.2986 0.9297
vn -0.1376 -0.3553 -0.9246
vn -0.3544 -0.9148 -0.1936
vn -0.3335 -0.8609 -0.3843
vn -0.3544 -0.9148 0.1936
vn -0.3335 -0.8609 0.3843
vn -0.1376 -0.3553 0.9246
vn -0.1567 -0.3487 -0.9240
vn -0.4019 -0.8944 -0.1964
vn -0.3786 -0.8426 -0.3831
vn -0.4019 -0.8944 0.1964
vn -0.3786 -0.8426 0.3831
vn -0.1567 -0.3487 0.9240
vn -0.1399 -0.3562 -0.9239
vn -0.3625 -0.9227 -0.1312
vn -0.3378 -0.8599 -0.3827
vn -0.3625 -0.9227 0.1312
vn -0.3378 -0.8599 0.3827
vn -0.1399 -0.3562 0.9239
vn -0.1399 0.3562 -0.9239
vn -0.1567 0.3487 -0.9240
vn -0.3625 0.9227 -0.1312
vn -0.4019 0.8944 -0.1964
vn -0.3786 0.8426 -0.3831
vn -0.3378 0.8599 -0.3827
vn -0.3625 0.9227 0.1312
vn -0.4019 0.8944 0.1964
vn -0.3378 0.8599 0.3827
vn -0.3786 0.8426 0.3831
vn -0.1567 0.3487 0.9240
vn -0.1399 0.3562 0.9239
vn -0.1376 0.3553 -0.9246
vn -0.3544 0.9148 -0.1936
vn -0.3335 0.8609 -0.3843
vn -0.3544 0.9148 0.1936
vn -0.3335 0.8609 0.3843
vn -0.1376 0.3553 0.9246
vn 0.0111 0.3679 -0.9298
vn 0.0296 0.9802 -0.1959
vn 0.0277 0.9171 -0.3977
vn 0.0296 0.9802 0.1959
vn 0.0277 0.9171 0.3977
vn 0.0111 0.3679 0.9298
vn 0.2156 0.2986 -0.9297
vn 0.5741 0.7950 -0.1958
vn 0.5372 0.7440 -0.3974
vn 0.5741 0.7950 0.1958
vn 0.5372 0.7440 0.3974
vn 0.2156 0.2986 0.9297
vn 0.3410 0.1551 -0.9272
vn 0.8930 0.4061 -0.1942
vn 0.8379 0.3810 -0.3909
vn 0.8930 0.4061 0.1942
vn 0.8379 0.3810 0.3909
vn 0.3410 0.1551 0.9272
vn 0.3759 -0.0000 -0.9267
vn 0.9810 -0.0000 -0.1939
vn 0.9210 -0.0000 -0.3896
vn 0.9810 -0.0000 0.1939
vn 0.9210 -0.0000 0.3896
vn 0.3759 -0.0000 0.9267
vn 0.3410 -0.1551 -0.9272
vn 0.8930 -0.4061 -0.1942
vn 0.8379 -0.3810 -0.3909
vn 0.8930 -0.4061 0.1942
vn 0.8379 -0.3810 0.3909
vn 0.3410 -0.1551 0.9272
vt 0.545455 0.000000
vt 0.727273 0.000000
vt 0.636364 0.000000
vt 0.454545 0.000000
vt 0.818182 0.000000
vt 0.909091 0.000000
vt 0.363636 0.000000
vt 0.272727 0.000000
vt 1.000000 0.000000
vt 0.181818 0.000000
vt 0.000000 0.000000
vt 0.090909 0.000000
vt 0.000000 0.200000
vt 0.083333 0.200000
vt 0.083333 0.000000
vt 0.000000 0.400000
vt 0.083333 0.400000
vt 0.000000 0.600000
vt 0.083333 0.600000
vt 0.000000 0.800000
vt 0.083333 0.800000
vt 0.000000 1.000000
vt 0.083333 1.000000
vt 0.166667 0.200000
vt 0.166667 0.000000
vt 0.166667 0.400000
vt 0.166667 0.600000
vt 0.166667 0.800000
vt 0.166667 1.000000
vt 0.250000 0.200000
vt 0.250000 0.000000
vt 0.250000 0.400000
vt 0.250000 0.600000
vt 0.250000 0.800000
vt 0.250000 1.000000
vt 0.333333 0.200000
vt 0.333333 0.000000
vt 0.333333 0.400000
vt 0.333333 0.600000
vt 0.333333 0.800000
vt 0.333333 1.000000
vt 0.416667 0.200000
vt 0.416667 0.000000
vt 0.416667 0.400000
vt 0.416667 0.600000
vt 0.416667 0.800000
vt 0.416667 1.000000
vt 0.500000 0.200000
vt 0.500000 0.000000
vt 0.500000 0.400000
vt 0.500000 0.600000
vt 0.500000 0.800000
vt 0.500000 1.000000
vt 0.583333 0.200000
vt 0.583333 0.000000
vt 0.583333 0.400000
vt 0.583333 0.600000
vt 0.583333 0.800000
vt 0.583333 1.000000
vt 0.666667 0.200000
vt 0.666667 0.000000
vt 0.666667 0.400000
vt 0.666667 0.600000
vt 0.666667 0.800000
vt 0.666667 1.000000
vt 0.750000 0.200000
vt 0.750000 0.000000
vt 0.750000 0.400000
vt 0.750000 0.600000
vt 0.750000 0.800000
vt 0.750000 1.000000
vt 0.833333 0.200000
vt 0.833333 0.000000
vt 0.833333 0.400000
vt 0.833333 0.600000
vt 0.833333 0.800000
vt 0.833333 1.000000
vt 0.916667 0.200000
vt 0.916667 0.000000
vt 0.916667 0.400000
vt 0.916667 0.600000
vt 0.916667 0.800000
vt 0.916667 1.000000
vt 1.000000 0.200000
vt 1.000000 0.400000
vt 1.000000 0.600000
vt 1.000000 0.800000
vt 1.000000 1.000000
s 1
usemtl Copper_|_burnished_trim
f 4289/4681/5007 4291/4682/5008 4290/4683/5009
f 4288/4684/5010 4291/4682/5008 4289/4681/5007
f 4288/4684/5010 4292/4685/5011 4291/4682/5008
f 4288/4684/5010 4293/4686/5012 4292/4685/5011
f 4287/4687/5013 4293/4686/5012 4288/4684/5010
f 4286/4688/5014 4293/4686/5012 4287/4687/5013
f 4286/4688/5014 4294/4689/5015 4293/4686/5012
f 4285/4690/5016 4294/4689/5015 4286/4688/5014
f 4285/4690/5016 4283/4691/5017 4294/4689/5015
f 4285/4690/5016 4284/4692/5018 4283/4691/5017
f 4301/4681/5019 4302/4683/5020 4303/4682/5021
f 4300/4684/5022 4301/4681/5019 4303/4682/5021
f 4300/4684/5022 4303/4682/5021 4304/4685/5023
f 4300/4684/5022 4304/4685/5023 4305/4686/5024
f 4299/4687/5025 4300/4684/5022 4305/4686/5024
f 4298/4688/5026 4299/4687/5025 4305/4686/5024
f 4298/4688/5026 4305/4686/5024 4306/4689/5027
f 4297/4690/5028 4298/4688/5026 4306/4689/5027
f 4297/4690/5028 4306/4689/5027 4295/4691/5029
f 4297/4690/5028 4295/4691/5029 4296/4692/5030
f 4307/4693/5031 4311/4694/5032 4296/4695/5030 4295/4691/5029
f 4308/4696/5033 4312/4697/5034 4311/4694/5035 4307/4693/5036
f 4309/4698/5037 4313/4699/5038 4312/4697/5034 4308/4696/5033
f 4310/4700/5039 4314/4701/5040 4313/4699/5038 4309/4698/5037
f 4283/4702/5017 4284/4703/5018 4314/4701/5041 4310/4700/5042
f 4311/4694/5032 4315/4704/5043 4297/4705/5028 4296/4695/5030
f 4312/4697/5034 4316/4706/5044 4315/4704/5045 4311/4694/5035
f 4313/4699/5038 4317/4707/5046 4316/4706/5044 4312/4697/5034
f 4314/4701/5040 4318/4708/5047 4317/4707/5046 4313/4699/5038
f 4284/4703/5018 4285/4709/5016 4318/4708/5048 4314/4701/5041
f 4315/4704/5043 4319/4710/5049 4298/4711/5026 4297/4705/5028
f 4316/4706/5044 4320/4712/5050 4319/4710/5051 4315/4704/5045
f 4317/4707/5046 4321/4713/5052 4320/4712/5050 4316/4706/5044
f 4318/4708/5047 4322/4714/5053 4321/4713/5052 4317/4707/5046
f 4285/4709/5016 4286/4715/5014 4322/4714/5054 4318/4708/5048
f 4319/4710/5049 4323/4716/5055 4299/4717/5025 4298/4711/5026
f 4320/4712/5050 4324/4718/5056 4323/4716/5057 4319/4710/5051
f 4321/4713/5052 4325/4719/5058 4324/4718/5056 4320/4712/5050
f 4322/4714/5053 4326/4720/5059 4325/4719/5058 4321/4713/5052
f 4286/4715/5014 4287/4721/5013 4326/4720/5060 4322/4714/5054
f 4323/4716/5061 4327/4722/5062 4300/4723/5022 4299/4717/5025
f 4324/4718/5063 4328/4724/5064 4327/4722/5065 4323/4716/5066
f 4325/4719/5067 4329/4725/5068 4328/4724/5064 4324/4718/5063
f 4326/4720/5069 4330/4726/5070 4329/4725/5068 4325/4719/5067
f 4287/4721/5013 4288/4727/5010 4330/4726/5071 4326/4720/5072
f 4327/4722/5062 4331/4728/5073 4301/4729/5019 4300/4723/5022
f 4328/4724/5064 4332/4730/5074 4331/4728/5075 4327/4722/5065
f 4329/4725/5068 4333/4731/5076 4332/4730/5074 4328/4724/5064
f 4330/4726/5070 4334/4732/5077 4333/4731/5076 4329/4725/5068
f 4288/4727/5010 4289/4733/5007 4334/4732/5078 4330/4726/5071
f 4331/4728/5073 4335/4734/5079 4302/4735/5020 4301/4729/5019
f 4332/4730/5074 4336/4736/5080 4335/4734/5081 4331/4728/5075
f 4333/4731/5076 4337/4737/5082 4336/4736/5080 4332/4730/5074
f 4334/4732/5077 4338/4738/5083 4337/4737/5082 4333/4731/5076
f 4289/4733/5007 4290/4739/5009 4338/4738/5084 4334/4732/5078
f 4335/4734/5079 4339/4740/5085 4303/4741/5021 4302/4735/5020
f 4336/4736/5080 4340/4742/5086 4339/4740/5087 4335/4734/5081
f 4337/4737/5082 4341/4743/5088 4340/4742/5086 4336/4736/5080
f 4338/4738/5083 4342/4744/5089 4341/4743/5088 4337/4737/5082
f 4290/4739/5009 4291/4745/5008 4342/4744/5090 4338/4738/5084
f 4339/4740/5085 4343/4746/5091 4304/4747/5023 4303/4741/5021
f 4340/4742/5086 4344/4748/5092 4343/4746/5093 4339/4740/5087
f 4341/4743/5088 4345/4749/5094 4344/4748/5092 4340/4742/5086
f 4342/4744/5089 4346/4750/5095 4345/4749/5094 4341/4743/5088
f 4291/4745/5008 4292/4751/5011 4346/4750/5096 4342/4744/5090
f 4343/4746/5091 4347/4752/5097 4305/4753/5024 4304/4747/5023
f 4344/4748/5092 4348/4754/5098 4347/4752/5099 4343/4746/5093
f 4345/4749/5094 4349/4755/5100 4348/4754/5098 4344/4748/5092
f 4346/4750/5095 4350/4756/5101 4349/4755/5100 4345/4749/5094
f 4292/4751/5011 4293/4757/5012 4350/4756/5102 4346/4750/5096
f 4347/4752/5097 4351/4758/5103 4306/4759/5027 4305/4753/5024
f 4348/4754/5098 4352/4760/5104 4351/4758/5105 4347/4752/5099
f 4349/4755/5100 4353/4761/5106 4352/4760/5104 4348/4754/5098
f 4350/4756/5101 4354/4762/5107 4353/4761/5106 4349/4755/5100
f 4293/4757/5012 4294/4763/5015 4354/4762/5108 4350/4756/5102
f 4351/4758/5103 4307/4764/5031 4295/4689/5029 4306/4759/5027
f 4352/4760/5104 4308/4765/5033 4307/4764/5036 4351/4758/5105
f 4353/4761/5106 4309/4766/5037 4308/4765/5033 4352/4760/5104
f 4354/4762/5107 4310/4767/5039 4309/4766/5037 4353/4761/5106
f 4294/4763/5015 4283/4768/5017 4310/4767/5042 4354/4762/5108
o Receiver_|_right_lower_panel
v 0.102308 0.041410 0.027000
v 0.102308 0.064308 0.027000
v 0.248462 0.064308 0.027000
v 0.253333 0.041410 0.027000
v 0.102308 0.041410 0.023000
v 0.102308 0.064308 0.023000
v 0.248462 0.064308 0.023000
v 0.253333 0.041410 0.023000
v 0.101742 0.040845 0.023234
v 0.101508 0.040610 0.023800
v 0.101508 0.040610 0.026200
v 0.101742 0.040845 0.026766
v 0.101742 0.064873 0.023234
v 0.101508 0.065108 0.023800
v 0.101508 0.065108 0.026200
v 0.101742 0.064873 0.026766
v 0.248920 0.064873 0.023234
v 0.249109 0.065108 0.023800
v 0.249109 0.065108 0.026200
v 0.248920 0.064873 0.026766
v 0.254032 0.040845 0.023234
v 0.254321 0.040610 0.023800
v 0.254321 0.040610 0.026200
v 0.254032 0.040845 0.026766
vn -0.1481 -0.1481 0.9778
vn 0.1377 0.1701 0.9758
vn -0.1481 0.1481 0.9778
vn 0.1523 -0.1233 0.9806
vn -0.1481 -0.1481 -0.9778
vn -0.1481 0.1481 -0.9778
vn 0.1377 0.1701 -0.9758
vn 0.1523 -0.1233 -0.9806
vn -0.1988 -0.1988 -0.9597
vn -0.1988 0.1988 -0.9597
vn -0.9856 -0.0000 -0.1693
vn -0.9239 -0.0000 -0.3827
vn -0.9856 -0.0000 0.1693
vn -0.9239 -0.0000 0.3827
vn -0.1988 0.1988 0.9597
vn -0.1988 -0.1988 0.9597
vn 0.1928 0.2382 -0.9519
vn -0.0000 0.9856 -0.1693
vn -0.0000 0.9847 -0.1744
vn -0.0000 0.9239 -0.3827
vn -0.0000 0.9856 0.1693
vn -0.0000 0.9847 0.1744
vn -0.0000 0.9239 0.3827
vn 0.1928 0.2382 0.9519
vn 0.1960 -0.1587 -0.9677
vn 0.9631 0.2049 -0.1744
vn 0.9650 0.2053 -0.1631
vn 0.9036 0.1923 -0.3827
vn 0.9631 0.2049 0.1744
vn 0.9650 0.2053 0.1631
vn 0.9036 0.1923 0.3827
vn 0.1960 -0.1587 0.9677
vn -0.0000 -0.9866 -0.1631
vn -0.0000 -0.9856 -0.1693
vn -0.0000 -0.9239 -0.3827
vn -0.0000 -0.9866 0.1631
vn -0.0000 -0.9856 0.1693
vn -0.0000 -0.9239 0.3827
vt 0.000000 0.000000
vt 0.666667 0.000000
vt 0.333333 0.000000
vt 1.000000 0.000000
vt 0.000000 0.200000
vt 0.250000 0.200000
vt 0.250000 0.000000
vt 0.000000 0.400000
vt 0.250000 0.400000
vt 0.000000 0.600000
vt 0.250000 0.600000
vt 0.000000 0.800000
vt 0.250000 0.800000
vt 0.000000 1.000000
vt 0.250000 1.000000
vt 0.500000 0.200000
vt 0.500000 0.000000
vt 0.500000 0.400000
vt 0.500000 0.600000
vt 0.500000 0.800000
vt 0.500000 1.000000
vt 0.750000 0.200000
vt 0.750000 0.000000
vt 0.750000 0.400000
vt 0.750000 0.600000
vt 0.750000 0.800000
vt 0.750000 1.000000
vt 1.000000 0.200000
vt 1.000000 0.400000
vt 1.000000 0.600000
vt 1.000000 0.800000
vt 1.000000 1.000000
s 1
usemtl Lacquer_|_gloss_black
f 4355/4769/5109 4357/4770/5110 4356/4771/5111
f 4355/4769/5109 4358/4772/5112 4357/4770/5110
f 4359/4769/5113 4360/4771/5114 4361/4770/5115
f 4359/4769/5113 4361/4770/5115 4362/4772/5116
f 4363/4773/5117 4367/4774/5118 4360/4775/5114 4359/4769/5113
f 4364/4776/5119 4368/4777/5119 4367/4774/5120 4363/4773/5120
f 4365/4778/5121 4369/4779/5121 4368/4777/5119 4364/4776/5119
f 4366/4780/5122 4370/4781/5122 4369/4779/5121 4365/4778/5121
f 4355/4782/5109 4356/4783/5111 4370/4781/5123 4366/4780/5124
f 4367/4774/5118 4371/4784/5125 4361/4785/5115 4360/4775/5114
f 4368/4777/5126 4372/4786/5127 4371/4784/5128 4367/4774/5128
f 4369/4779/5129 4373/4787/5130 4372/4786/5127 4368/4777/5126
f 4370/4781/5131 4374/4788/5131 4373/4787/5130 4369/4779/5129
f 4356/4783/5111 4357/4789/5110 4374/4788/5132 4370/4781/5123
f 4371/4784/5125 4375/4790/5133 4362/4791/5116 4361/4785/5115
f 4372/4786/5134 4376/4792/5135 4375/4790/5136 4371/4784/5136
f 4373/4787/5137 4377/4793/5138 4376/4792/5135 4372/4786/5134
f 4374/4788/5139 4378/4794/5139 4377/4793/5138 4373/4787/5137
f 4357/4789/5110 4358/4795/5112 4378/4794/5140 4374/4788/5132
f 4375/4790/5133 4363/4796/5117 4359/4772/5113 4362/4791/5116
f 4376/4792/5141 4364/4797/5142 4363/4796/5143 4375/4790/5143
f 4377/4793/5144 4365/4798/5145 4364/4797/5142 4376/4792/5141
f 4378/4794/5146 4366/4799/5146 4365/4798/5145 4377/4793/5144
f 4358/4795/5112 4355/4800/5109 4366/4799/5124 4378/4794/5140
o Glow_|_right_receiver_port
v 0.263077 0.072263 0.023782
v 0.263077 0.072263 0.026218
v 0.263077 0.070154 0.027436
v 0.263077 0.068044 0.026218
v 0.263077 0.068044 0.023782
v 0.263077 0.070154 0.022564
v 0.216795 0.072263 0.023782
v 0.216795 0.072263 0.026218
v 0.216795 0.070154 0.027436
v 0.216795 0.068044 0.026218
v 0.216795 0.068044 0.023782
v 0.216795 0.070154 0.022564
v 0.232809 0.072263 0.023782
v 0.232809 0.072263 0.026218
v 0.232809 0.070154 0.027436
v 0.232809 0.068044 0.026218
v 0.232809 0.068044 0.023782
v 0.232809 0.070154 0.022564
v 0.247063 0.072263 0.023782
v 0.247063 0.072263 0.026218
v 0.247063 0.070154 0.027436
v 0.247063 0.068044 0.026218
v 0.247063 0.068044 0.023782
v 0.247063 0.070154 0.022564
vn 1.0000 -0.0000 -0.0000
vn -1.0000 -0.0000 -0.0000
vn -0.0000 0.8660 -0.5000
vn -0.0000 -0.0000 -1.0000
vn -0.0000 0.5000 -0.8660
vn -0.0000 0.8660 0.5000
vn -0.0000 0.5000 0.8660
vn -0.0000 -0.8660 0.5000
vn -0.0000 -0.5000 0.8660
vn -0.0000 -0.8660 -0.5000
vn -0.0000 -0.5000 -0.8660
vt 1.000000 0.000000
vt 0.600000 0.000000
vt 0.800000 0.000000
vt 0.400000 0.000000
vt 0.000000 0.000000
vt 0.200000 0.000000
vt 0.000000 1.000000
vt 0.333333 1.000000
vt 0.333333 0.833333
vt 0.000000 0.833333
vt 0.000000 0.166667
vt 0.333333 0.166667
vt 0.333333 0.000000
vt 0.000000 0.333333
vt 0.333333 0.333333
vt 0.000000 0.500000
vt 0.333333 0.500000
vt 0.000000 0.666667
vt 0.333333 0.666667
vt 0.666667 1.000000
vt 0.666667 0.833333
vt 0.666667 0.166667
vt 0.666667 0.000000
vt 0.666667 0.333333
vt 0.666667 0.500000
vt 0.666667 0.666667
vt 1.000000 1.000000
vt 1.000000 0.833333
vt 1.000000 0.166667
vt 1.000000 0.333333
vt 1.000000 0.500000
vt 1.000000 0.666667
s 1
usemtl Glow_|_orange_neon
f 4384/4801/5147 4382/4802/5147 4383/4803/5147
f 4384/4801/5147 4381/4804/5147 4382/4802/5147
f 4379/4805/5147 4381/4804/5147 4384/4801/5147
f 4379/4805/5147 4380/4806/5147 4381/4804/5147
f 4387/4804/5148 4389/4803/5148 4388/4802/5148
f 4387/4804/5148 4390/4801/5148 4389/4803/5148
f 4386/4806/5148 4390/4801/5148 4387/4804/5148
f 4386/4806/5148 4385/4805/5148 4390/4801/5148
f 4385/4807/5149 4391/4808/5149 4396/4809/5150 4390/4810/5151
f 4386/4811/5152 4392/4812/5152 4391/4813/5149 4385/4805/5149
f 4387/4814/5153 4393/4815/5153 4392/4812/5152 4386/4811/5152
f 4388/4816/5154 4394/4817/5154 4393/4815/5155 4387/4814/5155
f 4389/4818/5156 4395/4819/5156 4394/4817/5154 4388/4816/5154
f 4390/4810/5157 4396/4809/5150 4395/4819/5156 4389/4818/5156
f 4391/4808/5149 4397/4820/5149 4402/4821/5150 4396/4809/5150
f 4392/4812/5152 4398/4822/5152 4397/4823/5149 4391/4813/5149
f 4393/4815/5153 4399/4824/5153 4398/4822/5152 4392/4812/5152
f 4394/4817/5154 4400/4825/5154 4399/4824/5155 4393/4815/5155
f 4395/4819/5156 4401/4826/5156 4400/4825/5154 4394/4817/5154
f 4396/4809/5150 4402/4821/5150 4401/4826/5156 4395/4819/5156
f 4397/4820/5149 4379/4827/5149 4384/4828/5151 4402/4821/5150
f 4398/4822/5152 4380/4829/5152 4379/4801/5149 4397/4823/5149
f 4399/4824/5153 4381/4830/5153 4380/4829/5152 4398/4822/5152
f 4400/4825/5154 4382/4831/5154 4381/4830/5155 4399/4824/5155
f 4401/4826/5156 4383/4832/5156 4382/4831/5154 4400/4825/5154
f 4402/4821/5150 4384/4828/5157 4383/4832/5156 4401/4826/5156
o Glow_|_right_stock_rear
v -0.219652 -0.069564 0.023538
v -0.219652 -0.069564 0.026462
v -0.222154 -0.069179 0.027923
v -0.224656 -0.068795 0.026462
v -0.224656 -0.068795 0.023538
v -0.222154 -0.069179 0.022077
v -0.221577 0.068374 0.023538
v -0.221577 0.068374 0.026462
v -0.224103 0.068205 0.027923
v -0.226628 0.068037 0.026462
v -0.226628 0.068037 0.023538
v -0.224103 0.068205 0.022077
v -0.220152 0.048159 0.023538
v -0.220152 0.048159 0.026462
v -0.222677 0.047981 0.027923
v -0.225202 0.047802 0.026462
v -0.225202 0.047802 0.023538
v -0.222677 0.047981 0.022077
v -0.218874 0.030146 0.023538
v -0.218874 0.030146 0.026462
v -0.221400 0.029981 0.027923
v -0.223926 0.029817 0.026462
v -0.223926 0.029817 0.023538
v -0.221400 0.029981 0.022077
v -0.217679 0.009904 0.023538
v -0.217679 0.009904 0.026462
v -0.220205 0.009744 0.027923
v -0.222732 0.009584 0.026462
v -0.222732 0.009584 0.023538
v -0.220205 0.009744 0.022077
v -0.216425 -0.008638 0.023538
v -0.216425 -0.008638 0.026462
v -0.218951 -0.008798 0.027923
v -0.221477 -0.008958 0.026462
v -0.221477 -0.008958 0.023538
v -0.218951 -0.008798 0.022077
v -0.215451 -0.025254 0.023538
v -0.215451 -0.025254 0.026462
v -0.217982 -0.025310 0.027923
v -0.220512 -0.025365 0.026462
v -0.220512 -0.025365 0.023538
v -0.217982 -0.025310 0.022077
v -0.215730 -0.043998 0.023538
v -0.215730 -0.043998 0.026462
v -0.218256 -0.043846 0.027923
v -0.220783 -0.043694 0.026462
v -0.220783 -0.043694 0.023538
v -0.218256 -0.043846 0.022077
v -0.216681 -0.053015 0.023538
v -0.216681 -0.053015 0.026462
v -0.219187 -0.052656 0.027923
v -0.221693 -0.052297 0.026462
v -0.221693 -0.052297 0.023538
v -0.219187 -0.052656 0.022077
v -0.218105 -0.060883 0.023538
v -0.218105 -0.060883 0.026462
v -0.220596 -0.060436 0.027923
v -0.223088 -0.059988 0.026462
v -0.223088 -0.059988 0.023538
v -0.220596 -0.060436 0.022077
vn -0.1521 -0.9884 -0.0000
vn -0.0665 0.9978 -0.0000
vn 0.8636 0.0609 -0.5005
vn 0.8639 0.0611 -0.5000
vn 0.4988 0.0353 -0.8660
vn 0.4988 0.0351 -0.8660
vn 0.8636 0.0609 0.5005
vn 0.8639 0.0611 0.5000
vn 0.4988 0.0351 0.8660
vn 0.4988 0.0353 0.8660
vn -0.4988 -0.0351 0.8660
vn -0.8639 -0.0611 0.5000
vn -0.4988 -0.0353 0.8660
vn -0.8642 -0.0609 -0.4995
vn -0.8639 -0.0611 -0.5000
vn -0.9975 -0.0703 -0.0000
vn -0.4988 -0.0351 -0.8660
vn -0.4988 -0.0353 -0.8660
vn 0.4989 0.0324 -0.8660
vn 0.8647 0.0562 0.4992
vn 0.9979 0.0649 -0.0000
vn 0.4989 0.0324 0.8660
vn -0.8637 -0.0561 0.5008
vn -0.4989 -0.0324 0.8660
vn -0.8637 -0.0561 -0.5008
vn -0.4989 -0.0324 -0.8660
vn 0.4990 0.0316 -0.8660
vn 0.8640 0.0547 0.5006
vn 0.9980 0.0632 -0.0000
vn 0.4990 0.0316 0.8660
vn -0.8646 -0.0548 0.4994
vn -0.4990 -0.0316 0.8660
vn -0.8646 -0.0548 -0.4994
vn -0.4990 -0.0316 -0.8660
vn 0.8647 0.0546 -0.4993
vn 0.4991 0.0315 -0.8660
vn 0.8647 0.0546 0.4994
vn 0.4991 0.0315 0.8660
vn -0.8640 -0.0546 0.5006
vn -0.4991 -0.0315 0.8660
vn -0.8640 -0.0546 -0.5006
vn -0.4991 -0.0315 -0.8660
vn 0.8687 0.0190 -0.4950
vn 0.4999 0.0109 -0.8660
vn 0.8687 0.0190 0.4950
vn 0.4999 0.0109 0.8660
vn -0.8628 -0.0190 0.5051
vn -0.4999 -0.0110 0.8660
vn -0.8628 -0.0190 -0.5051
vn -0.4998 -0.0110 -0.8660
vn 0.8679 -0.0522 -0.4939
vn 0.4990 -0.0300 -0.8661
vn 0.8679 -0.0522 0.4939
vn 0.4990 -0.0300 0.8661
vn -0.8608 0.0518 0.5064
vn -0.4990 0.0300 0.8661
vn -0.8608 0.0518 -0.5064
vn -0.4990 0.0300 -0.8661
vn 0.8601 -0.1231 -0.4950
vn 0.4949 -0.0708 -0.8660
vn 0.8601 -0.1231 0.4950
vn 0.4949 -0.0708 0.8660
vn -0.8543 0.1224 0.5052
vn -0.4949 0.0709 0.8660
vn -0.8543 0.1224 -0.5052
vn -0.4949 0.0709 -0.8660
vn 0.8523 -0.1531 -0.5001
vn 0.4922 -0.0884 -0.8660
vn 0.8523 -0.1531 0.5001
vn 0.4922 -0.0884 0.8660
vn -0.8525 0.1532 0.4997
vn -0.4922 0.0884 0.8660
vn -0.8525 0.1532 -0.4997
vn -0.4922 0.0884 -0.8660
vn 0.8508 -0.1516 -0.5032
vn 0.4923 -0.0877 -0.8660
vn 0.8508 -0.1516 0.5032
vn 0.4923 -0.0877 0.8660
vn -0.8545 0.1521 0.4967
vn -0.4923 0.0877 0.8660
vn -0.8545 0.1521 -0.4967
vn -0.4923 0.0877 -0.8660
vt 0.400000 0.000000
vt 0.000000 0.000000
vt 0.200000 0.000000
vt 1.000000 0.000000
vt 0.600000 0.000000
vt 0.800000 0.000000
vt 0.000000 1.000000
vt 0.111111 1.000000
vt 0.111111 0.833333
vt 0.000000 0.833333
vt 0.000000 0.166667
vt 0.111111 0.166667
vt 0.111111 0.000000
vt 0.000000 0.333333
vt 0.111111 0.333333
vt 0.000000 0.500000
vt 0.111111 0.500000
vt 0.000000 0.666667
vt 0.111111 0.666667
vt 0.222222 1.000000
vt 0.222222 0.833333
vt 0.222222 0.166667
vt 0.222222 0.000000
vt 0.222222 0.333333
vt 0.222222 0.500000
vt 0.222222 0.666667
vt 0.333333 1.000000
vt 0.333333 0.833333
vt 0.333333 0.166667
vt 0.333333 0.000000
vt 0.333333 0.333333
vt 0.333333 0.500000
vt 0.333333 0.666667
vt 0.444444 1.000000
vt 0.444444 0.833333
vt 0.444444 0.166667
vt 0.444444 0.000000
vt 0.444444 0.333333
vt 0.444444 0.500000
vt 0.444444 0.666667
vt 0.555556 1.000000
vt 0.555556 0.833333
vt 0.555556 0.166667
vt 0.555556 0.000000
vt 0.555556 0.333333
vt 0.555556 0.500000
vt 0.555556 0.666667
vt 0.666667 1.000000
vt 0.666667 0.833333
vt 0.666667 0.166667
vt 0.666667 0.000000
vt 0.666667 0.333333
vt 0.666667 0.500000
vt 0.666667 0.666667
vt 0.777778 1.000000
vt 0.777778 0.833333
vt 0.777778 0.166667
vt 0.777778 0.000000
vt 0.777778 0.333333
vt 0.777778 0.500000
vt 0.777778 0.666667
vt 0.888889 1.000000
vt 0.888889 0.833333
vt 0.888889 0.166667
vt 0.888889 0.000000
vt 0.888889 0.333333
vt 0.888889 0.500000
vt 0.888889 0.666667
vt 1.000000 1.000000
vt 1.000000 0.833333
vt 1.000000 0.166667
vt 1.000000 0.333333
vt 1.000000 0.500000
vt 1.000000 0.666667
s 1
usemtl Glow_|_orange_neon
f 4405/4833/5158 4403/4834/5158 4404/4835/5158
f 4405/4833/5158 4408/4836/5158 4403/4834/5158
f 4406/4837/5158 4408/4836/5158 4405/4833/5158
f 4406/4837/5158 4407/4838/5158 4408/4836/5158
f 4411/4833/5159 4413/4838/5159 4412/4837/5159
f 4411/4833/5159 4414/4836/5159 4413/4838/5159
f 4410/4835/5159 4414/4836/5159 4411/4833/5159
f 4410/4835/5159 4409/4834/5159 4414/4836/5159
f 4409/4839/5160 4415/4840/5161 4420/4841/5162 4414/4842/5163
f 4410/4843/5164 4416/4844/5165 4415/4845/5161 4409/4834/5160
f 4411/4846/5166 4417/4847/5167 4416/4844/5165 4410/4843/5164
f 4412/4848/5168 4418/4849/5169 4417/4847/5170 4411/4846/5168
f 4413/4850/5171 4419/4851/5172 4418/4849/5169 4412/4848/5173
f 4414/4842/5174 4420/4841/5175 4419/4851/5172 4413/4850/5171
f 4415/4840/5161 4421/4852/5176 4426/4853/5176 4420/4841/5162
f 4416/4844/5165 4422/4854/5177 4421/4855/5178 4415/4845/5161
f 4417/4847/5167 4423/4856/5179 4422/4854/5177 4416/4844/5165
f 4418/4849/5169 4424/4857/5180 4423/4856/5181 4417/4847/5170
f 4419/4851/5172 4425/4858/5182 4424/4857/5180 4418/4849/5169
f 4420/4841/5175 4426/4853/5183 4425/4858/5182 4419/4851/5172
f 4421/4852/5176 4427/4859/5184 4432/4860/5184 4426/4853/5176
f 4422/4854/5177 4428/4861/5185 4427/4862/5186 4421/4855/5178
f 4423/4856/5179 4429/4863/5187 4428/4861/5185 4422/4854/5177
f 4424/4857/5180 4430/4864/5188 4429/4863/5189 4423/4856/5181
f 4425/4858/5182 4431/4865/5190 4430/4864/5188 4424/4857/5180
f 4426/4853/5183 4432/4860/5191 4431/4865/5190 4425/4858/5182
f 4427/4859/5184 4433/4866/5192 4438/4867/5193 4432/4860/5184
f 4428/4861/5185 4434/4868/5194 4433/4869/5192 4427/4862/5186
f 4429/4863/5187 4435/4870/5195 4434/4868/5194 4428/4861/5185
f 4430/4864/5188 4436/4871/5196 4435/4870/5197 4429/4863/5189
f 4431/4865/5190 4437/4872/5198 4436/4871/5196 4430/4864/5188
f 4432/4860/5191 4438/4867/5199 4437/4872/5198 4431/4865/5190
f 4433/4866/5192 4439/4873/5200 4444/4874/5201 4438/4867/5193
f 4434/4868/5194 4440/4875/5202 4439/4876/5200 4433/4869/5192
f 4435/4870/5195 4441/4877/5203 4440/4875/5202 4434/4868/5194
f 4436/4871/5196 4442/4878/5204 4441/4877/5205 4435/4870/5197
f 4437/4872/5198 4443/4879/5206 4442/4878/5204 4436/4871/5196
f 4438/4867/5199 4444/4874/5207 4443/4879/5206 4437/4872/5198
f 4439/4873/5200 4445/4880/5208 4450/4881/5209 4444/4874/5201
f 4440/4875/5202 4446/4882/5210 4445/4883/5208 4439/4876/5200
f 4441/4877/5203 4447/4884/5211 4446/4882/5210 4440/4875/5202
f 4442/4878/5204 4448/4885/5212 4447/4884/5213 4441/4877/5205
f 4443/4879/5206 4449/4886/5214 4448/4885/5212 4442/4878/5204
f 4444/4874/5207 4450/4881/5215 4449/4886/5214 4443/4879/5206
f 4445/4880/5208 4451/4887/5216 4456/4888/5217 4450/4881/5209
f 4446/4882/5210 4452/4889/5218 4451/4890/5216 4445/4883/5208
f 4447/4884/5211 4453/4891/5219 4452/4889/5218 4446/4882/5210
f 4448/4885/5212 4454/4892/5220 4453/4891/5221 4447/4884/5213
f 4449/4886/5214 4455/4893/5222 4454/4892/5220 4448/4885/5212
f 4450/4881/5215 4456/4888/5223 4455/4893/5222 4449/4886/5214
f 4451/4887/5216 4457/4894/5224 4462/4895/5225 4456/4888/5217
f 4452/4889/5218 4458/4896/5226 4457/4897/5224 4451/4890/5216
f 4453/4891/5219 4459/4898/5227 4458/4896/5226 4452/4889/5218
f 4454/4892/5220 4460/4899/5228 4459/4898/5229 4453/4891/5221
f 4455/4893/5222 4461/4900/5230 4460/4899/5228 4454/4892/5220
f 4456/4888/5223 4462/4895/5231 4461/4900/5230 4455/4893/5222
f 4457/4894/5224 4403/4901/5232 4408/4902/5233 4462/4895/5225
f 4458/4896/5226 4404/4903/5234 4403/4836/5232 4457/4897/5224
f 4459/4898/5227 4405/4904/5235 4404/4903/5234 4458/4896/5226
f 4460/4899/5228 4406/4905/5236 4405/4904/5237 4459/4898/5229
f 4461/4900/5230 4407/4906/5238 4406/4905/5236 4460/4899/5228
f 4462/4895/5231 4408/4902/5239 4407/4906/5238 4461/4900/5230
o Glow_|_right_stock_sweep
v -0.019789 0.076565 0.023538
v -0.019789 0.076565 0.026462
v -0.019487 0.074051 0.027923
v -0.019186 0.071538 0.026462
v -0.019186 0.071538 0.023538
v -0.019487 0.074051 0.022077
v -0.202254 -0.055698 0.023538
v -0.202254 -0.055698 0.026462
v -0.199744 -0.056026 0.027923
v -0.197233 -0.056353 0.026462
v -0.197233 -0.056353 0.023538
v -0.199744 -0.056026 0.022077
v -0.200396 -0.036271 0.023538
v -0.200396 -0.036271 0.026462
v -0.197876 -0.036507 0.027923
v -0.195355 -0.036743 0.026462
v -0.195355 -0.036743 0.023538
v -0.197876 -0.036507 0.022077
v -0.198791 -0.018754 0.023538
v -0.198791 -0.018754 0.026462
v -0.196286 -0.019120 0.027923
v -0.193781 -0.019486 0.026462
v -0.193781 -0.019486 0.023538
v -0.196286 -0.019120 0.022077
v -0.194906 0.000553 0.023538
v -0.194906 0.000553 0.026462
v -0.192436 0.000000 0.027923
v -0.189966 -0.000553 0.026462
v -0.189966 -0.000553 0.023538
v -0.192436 -0.000000 0.022077
v -0.191700 0.013546 0.023538
v -0.191700 0.013546 0.026462
v -0.189273 0.012826 0.027923
v -0.186846 0.012106 0.026462
v -0.186846 0.012106 0.023538
v -0.189273 0.012826 0.022077
v -0.187649 0.025103 0.023538
v -0.187649 0.025103 0.026462
v -0.185413 0.023917 0.027923
v -0.183176 0.022730 0.026462
v -0.183176 0.022730 0.023538
v -0.185413 0.023917 0.022077
v -0.179550 0.035951 0.023538
v -0.179550 0.035951 0.026462
v -0.177821 0.034103 0.027923
v -0.176091 0.032254 0.026462
v -0.176091 0.032254 0.023538
v -0.177821 0.034103 0.022077
v -0.166220 0.044582 0.023538
v -0.166220 0.044582 0.026462
v -0.165188 0.042270 0.027923
v -0.164157 0.039958 0.026462
v -0.164157 0.039958 0.023538
v -0.165188 0.042270 0.022077
v -0.152311 0.048393 0.023538
v -0.152311 0.048393 0.026462
v -0.151677 0.045943 0.027923
v -0.151043 0.043492 0.026462
v -0.151043 0.043492 0.023538
v -0.151677 0.045943 0.022077
v -0.137095 0.052129 0.023538
v -0.137095 0.052129 0.026462
v -0.136410 0.049692 0.027923
v -0.135725 0.047255 0.026462
v -0.135725 0.047255 0.023538
v -0.136410 0.049692 0.022077
v -0.113800 0.059517 0.023538
v -0.113800 0.059517 0.026462
v -0.113077 0.057091 0.027923
v -0.112354 0.054665 0.026462
v -0.112354 0.054665 0.023538
v -0.113077 0.057091 0.022077
v -0.092703 0.065404 0.023538
v -0.092703 0.065404 0.026462
v -0.092091 0.062948 0.027923
v -0.091478 0.060492 0.026462
v -0.091478 0.060492 0.023538
v -0.092091 0.062948 0.022077
v -0.068674 0.070693 0.023538
v -0.068674 0.070693 0.026462
v -0.068205 0.068205 0.027923
v -0.067736 0.065717 0.026462
v -0.067736 0.065717 0.023538
v -0.068205 0.068205 0.022077
v -0.051766 0.073351 0.023538
v -0.051766 0.073351 0.026462
v -0.051444 0.070840 0.027923
v -0.051122 0.068329 0.026462
v -0.051122 0.068329 0.023538
v -0.051444 0.070840 0.022077
v -0.036645 0.074853 0.023538
v -0.036645 0.074853 0.026462
v -0.036393 0.072335 0.027923
v -0.036140 0.069816 0.026462
v -0.036140 0.069816 0.023538
v -0.036393 0.072335 0.022077
vn 0.9929 0.1191 -0.0000
vn -0.1293 -0.9916 -0.0000
vn -0.8594 0.0822 -0.5046
vn -0.8622 0.0807 -0.5002
vn -0.4980 0.0466 -0.8659
vn -0.4978 0.0476 -0.8660
vn -0.8594 0.0822 0.5046
vn -0.8622 0.0807 0.5002
vn -0.4978 0.0476 0.8660
vn -0.4980 0.0466 0.8659
vn 0.8648 -0.0828 0.4952
vn 0.8625 -0.0807 0.4996
vn 0.4980 -0.0466 0.8659
vn 0.4978 -0.0477 0.8660
vn 0.8648 -0.0828 -0.4952
vn 0.8625 -0.0807 -0.4996
vn 0.4978 -0.0477 -0.8660
vn 0.4980 -0.0466 -0.8659
vn -0.8610 0.1257 -0.4929
vn -0.4945 0.0722 -0.8662
vn -0.8610 0.1257 0.4929
vn -0.4945 0.0722 0.8662
vn 0.8525 -0.1244 0.5077
vn 0.4945 -0.0722 0.8662
vn 0.8525 -0.1244 -0.5077
vn 0.4945 -0.0722 -0.8662
vn -0.8468 0.1896 -0.4969
vn -0.4881 0.1093 -0.8659
vn -0.8468 0.1896 0.4969
vn -0.4881 0.1093 0.8659
vn 0.8435 -0.1888 0.5029
vn 0.4881 -0.1093 0.8659
vn 0.8435 -0.1888 -0.5029
vn 0.4881 -0.1093 -0.8659
vn -0.8338 0.2482 -0.4931
vn -0.4801 0.1428 -0.8655
vn -0.8338 0.2482 0.4931
vn -0.4801 0.1428 0.8655
vn 0.8272 -0.2445 0.5059
vn 0.4803 -0.1422 0.8655
vn 0.8272 -0.2445 -0.5059
vn 0.4803 -0.1422 -0.8655
vn -0.7742 0.4120 -0.4805
vn -0.4409 0.2346 -0.8664
vn -0.7742 0.4120 0.4805
vn -0.4409 0.2346 0.8664
vn 0.7536 -0.3986 0.5226
vn 0.4412 -0.2339 0.8664
vn 0.7536 -0.3986 -0.5226
vn 0.4412 -0.2339 -0.8664
vn -0.6002 0.6417 -0.4775
vn -0.3411 0.3646 -0.8665
vn -0.6002 0.6417 0.4775
vn -0.3411 0.3646 0.8665
vn 0.5808 -0.6207 0.5267
vn 0.3411 -0.3645 0.8665
vn 0.5808 -0.6207 -0.5267
vn 0.3411 -0.3645 -0.8665
vn -0.3584 0.8005 -0.4804
vn -0.2040 0.4557 -0.8664
vn -0.3584 0.8005 0.4804
vn -0.2040 0.4557 0.8664
vn 0.3465 -0.7788 0.5229
vn 0.2033 -0.4560 0.8665
vn 0.3465 -0.7788 -0.5229
vn 0.2033 -0.4560 -0.8665
vn -0.2179 0.8396 -0.4976
vn -0.1258 0.4851 -0.8654
vn -0.2179 0.8396 0.4976
vn -0.1258 0.4851 0.8654
vn 0.2160 -0.8381 0.5010
vn 0.1253 -0.4853 0.8653
vn 0.2160 -0.8381 -0.5010
vn 0.1253 -0.4853 -0.8653
vn -0.2335 0.8311 -0.5047
vn -0.1352 0.4813 -0.8661
vn -0.2335 0.8311 0.5047
vn -0.1352 0.4813 0.8661
vn 0.2350 -0.8362 0.4955
vn 0.1353 -0.4813 0.8661
vn 0.2350 -0.8362 -0.4955
vn 0.1353 -0.4813 -0.8661
vn -0.2477 0.8313 -0.4976
vn -0.1428 0.4792 -0.8660
vn -0.2477 0.8313 0.4976
vn -0.1428 0.4792 0.8660
vn 0.2469 -0.8286 0.5024
vn 0.1428 -0.4792 0.8660
vn 0.2469 -0.8286 -0.5024
vn 0.1428 -0.4792 -0.8660
vn -0.2101 0.8424 -0.4962
vn -0.1210 0.4851 -0.8660
vn -0.2101 0.8424 0.4962
vn -0.1210 0.4851 0.8660
vn 0.2090 -0.8381 0.5039
vn 0.1210 -0.4851 0.8660
vn 0.2090 -0.8381 -0.5039
vn 0.1210 -0.4851 -0.8660
vn -0.1608 0.8534 -0.4959
vn -0.0926 0.4913 -0.8660
vn -0.1608 0.8534 0.4959
vn -0.0926 0.4913 0.8660
vn 0.1599 -0.8486 0.5042
vn 0.0926 -0.4913 0.8660
vn 0.1599 -0.8486 -0.5042
vn 0.0926 -0.4913 -0.8660
vn -0.1104 0.8612 -0.4961
vn -0.0636 0.4959 -0.8660
vn -0.1104 0.8612 0.4961
vn -0.0636 0.4959 0.8660
vn 0.1098 -0.8567 0.5040
vn 0.0635 -0.4959 0.8660
vn 0.1098 -0.8567 -0.5040
vn 0.0635 -0.4959 -0.8660
vn -0.0865 0.8616 -0.5001
vn -0.0500 0.4976 -0.8660
vn -0.0865 0.8616 0.5001
vn -0.0500 0.4976 0.8660
vn 0.0865 -0.8618 0.4998
vn 0.0500 -0.4976 0.8660
vn 0.0865 -0.8618 -0.4998
vn 0.0500 -0.4976 -0.8660
vn -0.0873 0.8602 -0.5025
vn -0.0505 0.4975 -0.8660
vn -0.0873 0.8602 0.5025
vn -0.0505 0.4975 0.8660
vn 0.0877 -0.8630 0.4975
vn 0.0505 -0.4975 0.8660
vn 0.0877 -0.8630 -0.4975
vn 0.0505 -0.4975 -0.8660
vt 1.000000 0.000000
vt 0.600000 0.000000
vt 0.800000 0.000000
vt 0.400000 0.000000
vt 0.000000 0.000000
vt 0.200000 0.000000
vt 0.000000 1.000000
vt 0.066667 1.000000
vt 0.066667 0.833333
vt 0.000000 0.833333
vt 0.000000 0.166667
vt 0.066667 0.166667
vt 0.066667 0.000000
vt 0.000000 0.333333
vt 0.066667 0.333333
vt 0.000000 0.500000
vt 0.066667 0.500000
vt 0.000000 0.666667
vt 0.066667 0.666667
vt 0.133333 1.000000
vt 0.133333 0.833333
vt 0.133333 0.166667
vt 0.133333 0.000000
vt 0.133333 0.333333
vt 0.133333 0.500000
vt 0.133333 0.666667
vt 0.200000 1.000000
vt 0.200000 0.833333
vt 0.200000 0.166667
vt 0.200000 0.333333
vt 0.200000 0.500000
vt 0.200000 0.666667
vt 0.266667 1.000000
vt 0.266667 0.833333
vt 0.266667 0.166667
vt 0.266667 0.000000
vt 0.266667 0.333333
vt 0.266667 0.500000
vt 0.266667 0.666667
vt 0.333333 1.000000
vt 0.333333 0.833333
vt 0.333333 0.166667
vt 0.333333 0.000000
vt 0.333333 0.333333
vt 0.333333 0.500000
vt 0.333333 0.666667
vt 0.400000 1.000000
vt 0.400000 0.833333
vt 0.400000 0.166667
vt 0.400000 0.333333
vt 0.400000 0.500000
vt 0.400000 0.666667
vt 0.466667 1.000000
vt 0.466667 0.833333
vt 0.466667 0.166667
vt 0.466667 0.000000
vt 0.466667 0.333333
vt 0.466667 0.500000
vt 0.466667 0.666667
vt 0.533333 1.000000
vt 0.533333 0.833333
vt 0.533333 0.166667
vt 0.533333 0.000000
vt 0.533333 0.333333
vt 0.533333 0.500000
vt 0.533333 0.666667
vt 0.600000 1.000000
vt 0.600000 0.833333
vt 0.600000 0.166667
vt 0.600000 0.333333
vt 0.600000 0.500000
vt 0.600000 0.666667
vt 0.666667 1.000000
vt 0.666667 0.833333
vt 0.666667 0.166667
vt 0.666667 0.000000
vt 0.666667 0.333333
vt 0.666667 0.500000
vt 0.666667 0.666667
vt 0.733333 1.000000
vt 0.733333 0.833333
vt 0.733333 0.166667
vt 0.733333 0.000000
vt 0.733333 0.333333
vt 0.733333 0.500000
vt 0.733333 0.666667
vt 0.800000 1.000000
vt 0.800000 0.833333
vt 0.800000 0.166667
vt 0.800000 0.333333
vt 0.800000 0.500000
vt 0.800000 0.666667
vt 0.866667 1.000000
vt 0.866667 0.833333
vt 0.866667 0.166667
vt 0.866667 0.000000
vt 0.866667 0.333333
vt 0.866667 0.500000
vt 0.866667 0.666667
vt 0.933333 1.000000
vt 0.933333 0.833333
vt 0.933333 0.166667
vt 0.933333 0.000000
vt 0.933333 0.333333
vt 0.933333 0.500000
vt 0.933333 0.666667
vt 1.000000 1.000000
vt 1.000000 0.833333
vt 1.000000 0.166667
vt 1.000000 0.333333
vt 1.000000 0.500000
vt 1.000000 0.666667
s 1
usemtl Glow_|_orange_neon
f 4468/4907/5240 4466/4908/5240 4467/4909/5240
f 4468/4907/5240 4465/4910/5240 4466/4908/5240
f 4463/4911/5240 4465/4910/5240 4468/4907/5240
f 4463/4911/5240 4464/4912/5240 4465/4910/5240
f 4471/4910/5241 4473/4909/5241 4472/4908/5241
f 4471/4910/5241 4474/4907/5241 4473/4909/5241
f 4470/4912/5241 4474/4907/5241 4471/4910/5241
f 4470/4912/5241 4469/4911/5241 4474/4907/5241
f 4469/4913/5242 4475/4914/5243 4480/4915/5244 4474/4916/5245
f 4470/4917/5246 4476/4918/5247 4475/4919/5243 4469/4911/5242
f 4471/4920/5248 4477/4921/5249 4476/4918/5247 4470/4917/5246
f 4472/4922/5250 4478/4923/5251 4477/4921/5252 4471/4920/5253
f 4473/4924/5254 4479/4925/5255 4478/4923/5251 4472/4922/5250
f 4474/4916/5256 4480/4915/5257 4479/4925/5255 4473/4924/5254
f 4475/4914/5243 4481/4926/5258 4486/4927/5259 4480/4915/5244
f 4476/4918/5247 4482/4928/5260 4481/4929/5258 4475/4919/5243
f 4477/4921/5249 4483/4930/5261 4482/4928/5260 4476/4918/5247
f 4478/4923/5251 4484/4931/5262 4483/4930/5263 4477/4921/5252
f 4479/4925/5255 4485/4932/5264 4484/4931/5262 4478/4923/5251
f 4480/4915/5257 4486/4927/5265 4485/4932/5264 4479/4925/5255
f 4481/4926/5258 4487/4933/5266 4492/4934/5267 4486/4927/5259
f 4482/4928/5260 4488/4935/5268 4487/4912/5266 4481/4929/5258
f 4483/4930/5261 4489/4936/5269 4488/4935/5268 4482/4928/5260
f 4484/4931/5262 4490/4937/5270 4489/4936/5271 4483/4930/5263
f 4485/4932/5264 4491/4938/5272 4490/4937/5270 4484/4931/5262
f 4486/4927/5265 4492/4934/5273 4491/4938/5272 4485/4932/5264
f 4487/4933/5266 4493/4939/5274 4498/4940/5275 4492/4934/5267
f 4488/4935/5268 4494/4941/5276 4493/4942/5274 4487/4912/5266
f 4489/4936/5269 4495/4943/5277 4494/4941/5276 4488/4935/5268
f 4490/4937/5270 4496/4944/5278 4495/4943/5279 4489/4936/5271
f 4491/4938/5272 4497/4945/5280 4496/4944/5278 4490/4937/5270
f 4492/4934/5273 4498/4940/5281 4497/4945/5280 4491/4938/5272
f 4493/4939/5274 4499/4946/5282 4504/4947/5283 4498/4940/5275
f 4494/4941/5276 4500/4948/5284 4499/4949/5282 4493/4942/5274
f 4495/4943/5277 4501/4950/5285 4500/4948/5284 4494/4941/5276
f 4496/4944/5278 4502/4951/5286 4501/4950/5287 4495/4943/5279
f 4497/4945/5280 4503/4952/5288 4502/4951/5286 4496/4944/5278
f 4498/4940/5281 4504/4947/5289 4503/4952/5288 4497/4945/5280
f 4499/4946/5282 4505/4953/5290 4510/4954/5291 4504/4947/5283
f 4500/4948/5284 4506/4955/5292 4505/4910/5290 4499/4949/5282
f 4501/4950/5285 4507/4956/5293 4506/4955/5292 4500/4948/5284
f 4502/4951/5286 4508/4957/5294 4507/4956/5295 4501/4950/5287
f 4503/4952/5288 4509/4958/5296 4508/4957/5294 4502/4951/5286
f 4504/4947/5289 4510/4954/5297 4509/4958/5296 4503/4952/5288
f 4505/4953/5290 4511/4959/5298 4516/4960/5299 4510/4954/5291
f 4506/4955/5292 4512/4961/5300 4511/4962/5298 4505/4910/5290
f 4507/4956/5293 4513/4963/5301 4512/4961/5300 4506/4955/5292
f 4508/4957/5294 4514/4964/5302 4513/4963/5303 4507/4956/5295
f 4509/4958/5296 4515/4965/5304 4514/4964/5302 4508/4957/5294
f 4510/4954/5297 4516/4960/5305 4515/4965/5304 4509/4958/5296
f 4511/4959/5298 4517/4966/5306 4522/4967/5307 4516/4960/5299
f 4512/4961/5300 4518/4968/5308 4517/4969/5306 4511/4962/5298
f 4513/4963/5301 4519/4970/5309 4518/4968/5308 4512/4961/5300
f 4514/4964/5302 4520/4971/5310 4519/4970/5311 4513/4963/5303
f 4515/4965/5304 4521/4972/5312 4520/4971/5310 4514/4964/5302
f 4516/4960/5305 4522/4967/5313 4521/4972/5312 4515/4965/5304
f 4517/4966/5306 4523/4973/5314 4528/4974/5315 4522/4967/5307
f 4518/4968/5308 4524/4975/5316 4523/4908/5314 4517/4969/5306
f 4519/4970/5309 4525/4976/5317 4524/4975/5316 4518/4968/5308
f 4520/4971/5310 4526/4977/5318 4525/4976/5319 4519/4970/5311
f 4521/4972/5312 4527/4978/5320 4526/4977/5318 4520/4971/5310
f 4522/4967/5313 4528/4974/5321 4527/4978/5320 4521/4972/5312
f 4523/4973/5314 4529/4979/5322 4534/4980/5323 4528/4974/5315
f 4524/4975/5316 4530/4981/5324 4529/4982/5322 4523/4908/5314
f 4525/4976/5317 4531/4983/5325 4530/4981/5324 4524/4975/5316
f 4526/4977/5318 4532/4984/5326 4531/4983/5327 4525/4976/5319
f 4527/4978/5320 4533/4985/5328 4532/4984/5326 4526/4977/5318
f 4528/4974/5321 4534/4980/5329 4533/4985/5328 4527/4978/5320
f 4529/4979/5322 4535/4986/5330 4540/4987/5331 4534/4980/5323
f 4530/4981/5324 4536/4988/5332 4535/4989/5330 4529/4982/5322
f 4531/4983/5325 4537/4990/5333 4536/4988/5332 4530/4981/5324
f 4532/4984/5326 4538/4991/5334 4537/4990/5335 4531/4983/5327
f 4533/4985/5328 4539/4992/5336 4538/4991/5334 4532/4984/5326
f 4534/4980/5329 4540/4987/5337 4539/4992/5336 4533/4985/5328
f 4535/4986/5330 4541/4993/5338 4546/4994/5339 4540/4987/5331
f 4536/4988/5332 4542/4995/5340 4541/4909/5338 4535/4989/5330
f 4537/4990/5333 4543/4996/5341 4542/4995/5340 4536/4988/5332
f 4538/4991/5334 4544/4997/5342 4543/4996/5343 4537/4990/5335
f 4539/4992/5336 4545/4998/5344 4544/4997/5342 4538/4991/5334
f 4540/4987/5337 4546/4994/5345 4545/4998/5344 4539/4992/5336
f 4541/4993/5338 4547/4999/5346 4552/5000/5347 4546/4994/5339
f 4542/4995/5340 4548/5001/5348 4547/5002/5346 4541/4909/5338
f 4543/4996/5341 4549/5003/5349 4548/5001/5348 4542/4995/5340
f 4544/4997/5342 4550/5004/5350 4549/5003/5351 4543/4996/5343
f 4545/4998/5344 4551/5005/5352 4550/5004/5350 4544/4997/5342
f 4546/4994/5345 4552/5000/5353 4551/5005/5352 4545/4998/5344
f 4547/4999/5346 4553/5006/5354 4558/5007/5355 4552/5000/5347
f 4548/5001/5348 4554/5008/5356 4553/5009/5354 4547/5002/5346
f 4549/5003/5349 4555/5010/5357 4554/5008/5356 4548/5001/5348
f 4550/5004/5350 4556/5011/5358 4555/5010/5359 4549/5003/5351
f 4551/5005/5352 4557/5012/5360 4556/5011/5358 4550/5004/5350
f 4552/5000/5353 4558/5007/5361 4557/5012/5360 4551/5005/5352
f 4553/5006/5354 4463/5013/5362 4468/5014/5363 4558/5007/5355
f 4554/5008/5356 4464/5015/5364 4463/4907/5362 4553/5009/5354
f 4555/5010/5357 4465/5016/5365 4464/5015/5364 4554/5008/5356
f 4556/5011/5358 4466/5017/5366 4465/5016/5367 4555/5010/5359
f 4557/5012/5360 4467/5018/5368 4466/5017/5366 4556/5011/5358
f 4558/5007/5361 4468/5014/5369 4467/5018/5368 4557/5012/5360
o Glow_|_right_stock_lower
v 0.038827 0.027860 0.023538
v 0.038827 0.027860 0.026462
v 0.038974 0.025333 0.027923
v 0.039122 0.022806 0.026462
v 0.039122 0.022806 0.023538
v 0.038974 0.025333 0.022077
v -0.188929 -0.053893 0.023538
v -0.188929 -0.053893 0.026462
v -0.187564 -0.056026 0.027923
v -0.186200 -0.058158 0.026462
v -0.186200 -0.058158 0.023538
v -0.187564 -0.056026 0.022077
v -0.167997 -0.040226 0.023538
v -0.167997 -0.040226 0.026462
v -0.166612 -0.042345 0.027923
v -0.165227 -0.044464 0.026462
v -0.165227 -0.044464 0.023538
v -0.166612 -0.042345 0.022077
v -0.149334 -0.028010 0.023538
v -0.149334 -0.028010 0.026462
v -0.147978 -0.030148 0.027923
v -0.146622 -0.032285 0.026462
v -0.146622 -0.032285 0.023538
v -0.147978 -0.030148 0.022077
v -0.127999 -0.014899 0.023538
v -0.127999 -0.014899 0.026462
v -0.126667 -0.017051 0.027923
v -0.125334 -0.019204 0.026462
v -0.125334 -0.019204 0.023538
v -0.126667 -0.017051 0.022077
v -0.108359 -0.002647 0.023538
v -0.108359 -0.002647 0.026462
v -0.107044 -0.004810 0.027923
v -0.105729 -0.006973 0.026462
v -0.105729 -0.006973 0.023538
v -0.107044 -0.004810 0.022077
v -0.090475 0.007938 0.023538
v -0.090475 0.007938 0.026462
v -0.089335 0.005678 0.027923
v -0.088194 0.003418 0.026462
v -0.088194 0.003418 0.023538
v -0.089335 0.005678 0.022077
v -0.069010 0.017015 0.023538
v -0.069010 0.017015 0.026462
v -0.068205 0.014615 0.027923
v -0.067400 0.012215 0.026462
v -0.067400 0.012215 0.023538
v -0.068205 0.014615 0.022077
v -0.052173 0.021269 0.023538
v -0.052173 0.021269 0.026462
v -0.051719 0.018779 0.027923
v -0.051265 0.016288 0.026462
v -0.051265 0.016288 0.023538
v -0.051719 0.018779 0.022077
v -0.036814 0.023019 0.023538
v -0.036814 0.023019 0.026462
v -0.036566 0.020500 0.027923
v -0.036318 0.017981 0.026462
v -0.036318 0.017981 0.023538
v -0.036566 0.020500 0.022077
v -0.019695 0.024446 0.023538
v -0.019695 0.024446 0.026462
v -0.019487 0.021923 0.027923
v -0.019280 0.019400 0.026462
v -0.019280 0.019400 0.023538
v -0.019487 0.021923 0.022077
v 0.000544 0.026088 0.023538
v 0.000544 0.026088 0.026462
v 0.000704 0.023562 0.027923
v 0.000864 0.021036 0.026462
v 0.000864 0.021036 0.023538
v 0.000704 0.023562 0.022077
v 0.018610 0.026912 0.023538
v 0.018610 0.026912 0.026462
v 0.018727 0.024383 0.027923
v 0.018844 0.021854 0.026462
v 0.018844 0.021854 0.023538
v 0.018727 0.024383 0.022077
vn 0.9983 0.0582 -0.0000
vn -0.8423 -0.5391 -0.0000
vn -0.4731 0.7245 -0.5013
vn -0.4739 0.7248 -0.5001
vn -0.2736 0.4185 -0.8660
vn -0.2734 0.4187 -0.8660
vn -0.4731 0.7245 0.5013
vn -0.4739 0.7248 0.5001
vn -0.2734 0.4187 0.8660
vn -0.2736 0.4185 0.8660
vn 0.4739 -0.7257 0.4987
vn 0.4739 -0.7249 0.4999
vn 0.2736 -0.4185 0.8660
vn 0.2734 -0.4187 0.8660
vn 0.4739 -0.7257 -0.4987
vn 0.4739 -0.7249 -0.4999
vn 0.2734 -0.4187 -0.8660
vn 0.2736 -0.4185 -0.8660
vn -0.4645 0.7322 -0.4981
vn -0.2678 0.4222 -0.8660
vn -0.4645 0.7322 0.4981
vn -0.2678 0.4222 0.8660
vn 0.4633 -0.7303 0.5020
vn 0.2678 -0.4222 0.8660
vn 0.4633 -0.7303 -0.5020
vn 0.2678 -0.4222 -0.8660
vn -0.4558 0.7361 -0.5005
vn -0.2632 0.4251 -0.8660
vn -0.4558 0.7361 0.5005
vn -0.2632 0.4251 0.8660
vn 0.4560 -0.7365 0.4995
vn 0.2632 -0.4251 0.8660
vn 0.4560 -0.7365 -0.4995
vn 0.2632 -0.4251 -0.8660
vn -0.4503 0.7409 -0.4983
vn -0.2598 0.4274 -0.8659
vn -0.4503 0.7409 0.4983
vn -0.2598 0.4274 0.8659
vn 0.4495 -0.7392 0.5015
vn 0.2599 -0.4274 0.8659
vn 0.4495 -0.7392 -0.5015
vn 0.2599 -0.4274 -0.8659
vn -0.3924 0.7777 -0.4910
vn -0.2252 0.4463 -0.8661
vn -0.3924 0.7777 0.4910
vn -0.2252 0.4463 0.8661
vn 0.3878 -0.7681 0.5096
vn 0.2253 -0.4462 0.8661
vn 0.3878 -0.7681 -0.5096
vn 0.2253 -0.4462 -0.8661
vn -0.2774 0.8265 -0.4898
vn -0.1590 0.4739 -0.8661
vn -0.2774 0.8265 0.4898
vn -0.1590 0.4739 0.8661
vn 0.2735 -0.8150 0.5109
vn 0.1590 -0.4739 0.8661
vn 0.2735 -0.8150 -0.5109
vn 0.1590 -0.4739 -0.8661
vn -0.1563 0.8570 -0.4911
vn -0.0897 0.4918 -0.8661
vn -0.1563 0.8570 0.4911
vn -0.0897 0.4918 0.8661
vn 0.1541 -0.8465 0.5096
vn 0.0896 -0.4918 0.8661
vn 0.1541 -0.8465 -0.5096
vn 0.0896 -0.4918 -0.8661
vn -0.0851 0.8631 -0.4978
vn -0.0491 0.4978 -0.8659
vn -0.0851 0.8631 0.4978
vn -0.0491 0.4978 0.8659
vn 0.0846 -0.8607 0.5020
vn 0.0490 -0.4978 0.8659
vn 0.0846 -0.8607 -0.5020
vn 0.0490 -0.4978 -0.8659
vn -0.0710 0.8632 -0.4998
vn -0.0410 0.4983 -0.8660
vn -0.0710 0.8632 0.4998
vn -0.0410 0.4983 0.8660
vn 0.0710 -0.8630 0.5001
vn 0.0410 -0.4983 0.8660
vn 0.0710 -0.8630 -0.5001
vn 0.0410 -0.4983 -0.8660
vn -0.0548 0.8657 -0.4976
vn -0.0316 0.4990 -0.8660
vn -0.0548 0.8657 0.4976
vn -0.0316 0.4990 0.8660
vn 0.0546 -0.8629 0.5025
vn 0.0316 -0.4990 0.8660
vn 0.0546 -0.8629 -0.5025
vn 0.0316 -0.4990 -0.8660
vn -0.0400 0.8651 -0.5001
vn -0.0231 0.4995 -0.8660
vn -0.0400 0.8651 0.5001
vn -0.0231 0.4995 0.8660
vn 0.0400 -0.8652 0.4999
vn 0.0231 -0.4995 0.8660
vn 0.0400 -0.8652 -0.4999
vn 0.0231 -0.4995 -0.8660
vn -0.0406 0.8642 -0.5016
vn -0.0234 0.4995 -0.8660
vn -0.0406 0.8642 0.5016
vn -0.0234 0.4995 0.8660
vn 0.0407 -0.8660 0.4984
vn 0.0235 -0.4995 0.8660
vn 0.0407 -0.8660 -0.4984
vn 0.0235 -0.4995 -0.8660
vt 1.000000 0.000000
vt 0.600000 0.000000
vt 0.800000 0.000000
vt 0.400000 0.000000
vt 0.000000 0.000000
vt 0.200000 0.000000
vt 0.000000 1.000000
vt 0.083333 1.000000
vt 0.083333 0.833333
vt 0.000000 0.833333
vt 0.000000 0.166667
vt 0.083333 0.166667
vt 0.083333 0.000000
vt 0.000000 0.333333
vt 0.083333 0.333333
vt 0.000000 0.500000
vt 0.083333 0.500000
vt 0.000000 0.666667
vt 0.083333 0.666667
vt 0.166667 1.000000
vt 0.166667 0.833333
vt 0.166667 0.166667
vt 0.166667 0.000000
vt 0.166667 0.333333
vt 0.166667 0.500000
vt 0.166667 0.666667
vt 0.250000 1.000000
vt 0.250000 0.833333
vt 0.250000 0.166667
vt 0.250000 0.000000
vt 0.250000 0.333333
vt 0.250000 0.500000
vt 0.250000 0.666667
vt 0.333333 1.000000
vt 0.333333 0.833333
vt 0.333333 0.166667
vt 0.333333 0.000000
vt 0.333333 0.333333
vt 0.333333 0.500000
vt 0.333333 0.666667
vt 0.416667 1.000000
vt 0.416667 0.833333
vt 0.416667 0.166667
vt 0.416667 0.000000
vt 0.416667 0.333333
vt 0.416667 0.500000
vt 0.416667 0.666667
vt 0.500000 1.000000
vt 0.500000 0.833333
vt 0.500000 0.166667
vt 0.500000 0.000000
vt 0.500000 0.333333
vt 0.500000 0.500000
vt 0.500000 0.666667
vt 0.583333 1.000000
vt 0.583333 0.833333
vt 0.583333 0.166667
vt 0.583333 0.000000
vt 0.583333 0.333333
vt 0.583333 0.500000
vt 0.583333 0.666667
vt 0.666667 1.000000
vt 0.666667 0.833333
vt 0.666667 0.166667
vt 0.666667 0.000000
vt 0.666667 0.333333
vt 0.666667 0.500000
vt 0.666667 0.666667
vt 0.750000 1.000000
vt 0.750000 0.833333
vt 0.750000 0.166667
vt 0.750000 0.000000
vt 0.750000 0.333333
vt 0.750000 0.500000
vt 0.750000 0.666667
vt 0.833333 1.000000
vt 0.833333 0.833333
vt 0.833333 0.166667
vt 0.833333 0.000000
vt 0.833333 0.333333
vt 0.833333 0.500000
vt 0.833333 0.666667
vt 0.916667 1.000000
vt 0.916667 0.833333
vt 0.916667 0.166667
vt 0.916667 0.000000
vt 0.916667 0.333333
vt 0.916667 0.500000
vt 0.916667 0.666667
vt 1.000000 1.000000
vt 1.000000 0.833333
vt 1.000000 0.166667
vt 1.000000 0.333333
vt 1.000000 0.500000
vt 1.000000 0.666667
s 1
usemtl Glow_|_orange_neon
f 4564/5019/5370 4562/5020/5370 4563/5021/5370
f 4564/5019/5370 4561/5022/5370 4562/5020/5370
f 4559/5023/5370 4561/5022/5370 4564/5019/5370
f 4559/5023/5370 4560/5024/5370 4561/5022/5370
f 4567/5022/5371 4569/5021/5371 4568/5020/5371
f 4567/5022/5371 4570/5019/5371 4569/5021/5371
f 4566/5024/5371 4570/5019/5371 4567/5022/5371
f 4566/5024/5371 4565/5023/5371 4570/5019/5371
f 4565/5025/5372 4571/5026/5373 4576/5027/5374 4570/5028/5375
f 4566/5029/5376 4572/5030/5377 4571/5031/5373 4565/5023/5372
f 4567/5032/5378 4573/5033/5379 4572/5030/5377 4566/5029/5376
f 4568/5034/5380 4574/5035/5381 4573/5033/5382 4567/5032/5383
f 4569/5036/5384 4575/5037/5385 4574/5035/5381 4568/5034/5380
f 4570/5028/5386 4576/5027/5387 4575/5037/5385 4569/5036/5384
f 4571/5026/5373 4577/5038/5388 4582/5039/5389 4576/5027/5374
f 4572/5030/5377 4578/5040/5390 4577/5041/5388 4571/5031/5373
f 4573/5033/5379 4579/5042/5391 4578/5040/5390 4572/5030/5377
f 4574/5035/5381 4580/5043/5392 4579/5042/5393 4573/5033/5382
f 4575/5037/5385 4581/5044/5394 4580/5043/5392 4574/5035/5381
f 4576/5027/5387 4582/5039/5395 4581/5044/5394 4575/5037/5385
f 4577/5038/5388 4583/5045/5396 4588/5046/5397 4582/5039/5389
f 4578/5040/5390 4584/5047/5398 4583/5048/5396 4577/5041/5388
f 4579/5042/5391 4585/5049/5399 4584/5047/5398 4578/5040/5390
f 4580/5043/5392 4586/5050/5400 4585/5049/5401 4579/5042/5393
f 4581/5044/5394 4587/5051/5402 4586/5050/5400 4580/5043/5392
f 4582/5039/5395 4588/5046/5403 4587/5051/5402 4581/5044/5394
f 4583/5045/5396 4589/5052/5404 4594/5053/5405 4588/5046/5397
f 4584/5047/5398 4590/5054/5406 4589/5055/5404 4583/5048/5396
f 4585/5049/5399 4591/5056/5407 4590/5054/5406 4584/5047/5398
f 4586/5050/5400 4592/5057/5408 4591/5056/5409 4585/5049/5401
f 4587/5051/5402 4593/5058/5410 4592/5057/5408 4586/5050/5400
f 4588/5046/5403 4594/5053/5411 4593/5058/5410 4587/5051/5402
f 4589/5052/5404 4595/5059/5412 4600/5060/5413 4594/5053/5405
f 4590/5054/5406 4596/5061/5414 4595/5062/5412 4589/5055/5404
f 4591/5056/5407 4597/5063/5415 4596/5061/5414 4590/5054/5406
f 4592/5057/5408 4598/5064/5416 4597/5063/5417 4591/5056/5409
f 4593/5058/5410 4599/5065/5418 4598/5064/5416 4592/5057/5408
f 4594/5053/5411 4600/5060/5419 4599/5065/5418 4593/5058/5410
f 4595/5059/5412 4601/5066/5420 4606/5067/5421 4600/5060/5413
f 4596/5061/5414 4602/5068/5422 4601/5069/5420 4595/5062/5412
f 4597/5063/5415 4603/5070/5423 4602/5068/5422 4596/5061/5414
f 4598/5064/5416 4604/5071/5424 4603/5070/5425 4597/5063/5417
f 4599/5065/5418 4605/5072/5426 4604/5071/5424 4598/5064/5416
f 4600/5060/5419 4606/5067/5427 4605/5072/5426 4599/5065/5418
f 4601/5066/5420 4607/5073/5428 4612/5074/5429 4606/5067/5421
f 4602/5068/5422 4608/5075/5430 4607/5076/5428 4601/5069/5420
f 4603/5070/5423 4609/5077/5431 4608/5075/5430 4602/5068/5422
f 4604/5071/5424 4610/5078/5432 4609/5077/5433 4603/5070/5425
f 4605/5072/5426 4611/5079/5434 4610/5078/5432 4604/5071/5424
f 4606/5067/5427 4612/5074/5435 4611/5079/5434 4605/5072/5426
f 4607/5073/5428 4613/5080/5436 4618/5081/5437 4612/5074/5429
f 4608/5075/5430 4614/5082/5438 4613/5083/5436 4607/5076/5428
f 4609/5077/5431 4615/5084/5439 4614/5082/5438 4608/5075/5430
f 4610/5078/5432 4616/5085/5440 4615/5084/5441 4609/5077/5433
f 4611/5079/5434 4617/5086/5442 4616/5085/5440 4610/5078/5432
f 4612/5074/5435 4618/5081/5443 4617/5086/5442 4611/5079/5434
f 4613/5080/5436 4619/5087/5444 4624/5088/5445 4618/5081/5437
f 4614/5082/5438 4620/5089/5446 4619/5090/5444 4613/5083/5436
f 4615/5084/5439 4621/5091/5447 4620/5089/5446 4614/5082/5438
f 4616/5085/5440 4622/5092/5448 4621/5091/5449 4615/5084/5441
f 4617/5086/5442 4623/5093/5450 4622/5092/5448 4616/5085/5440
f 4618/5081/5443 4624/5088/5451 4623/5093/5450 4617/5086/5442
f 4619/5087/5444 4625/5094/5452 4630/5095/5453 4624/5088/5445
f 4620/5089/5446 4626/5096/5454 4625/5097/5452 4619/5090/5444
f 4621/5091/5447 4627/5098/5455 4626/5096/5454 4620/5089/5446
f 4622/5092/5448 4628/5099/5456 4627/5098/5457 4621/5091/5449
f 4623/5093/5450 4629/5100/5458 4628/5099/5456 4622/5092/5448
f 4624/5088/5451 4630/5095/5459 4629/5100/5458 4623/5093/5450
f 4625/5094/5452 4631/5101/5460 4636/5102/5461 4630/5095/5453
f 4626/5096/5454 4632/5103/5462 4631/5104/5460 4625/5097/5452
f 4627/5098/5455 4633/5105/5463 4632/5103/5462 4626/5096/5454
f 4628/5099/5456 4634/5106/5464 4633/5105/5465 4627/5098/5457
f 4629/5100/5458 4635/5107/5466 4634/5106/5464 4628/5099/5456
f 4630/5095/5459 4636/5102/5467 4635/5107/5466 4629/5100/5458
f 4631/5101/5460 4559/5108/5468 4564/5109/5469 4636/5102/5461
f 4632/5103/5462 4560/5110/5470 4559/5019/5468 4631/5104/5460
f 4633/5105/5463 4561/5111/5471 4560/5110/5470 4632/5103/5462
f 4634/5106/5464 4562/5112/5472 4561/5111/5473 4633/5105/5465
f 4635/5107/5466 4563/5113/5474 4562/5112/5472 4634/5106/5464
f 4636/5102/5467 4564/5109/5475 4563/5113/5474 4635/5107/5466
o Stock_|_right_ribbed_inlay
v -0.213385 -0.051154 0.026800
v -0.226842 -0.032118 0.026800
v -0.229859 -0.003212 0.026800
v -0.224883 0.027909 0.026800
v -0.214359 0.053590 0.026800
v -0.211356 0.056685 0.026800
v -0.207630 0.058371 0.026800
v -0.203614 0.059493 0.026800
v -0.199744 0.060897 0.026800
v -0.199744 -0.043846 0.026800
v -0.203062 -0.046449 0.026800
v -0.206320 -0.049568 0.026800
v -0.209700 -0.051654 0.026800
v -0.213385 -0.051154 0.023200
v -0.226842 -0.032118 0.023200
v -0.229859 -0.003212 0.023200
v -0.224883 0.027909 0.023200
v -0.214359 0.053590 0.023200
v -0.211356 0.056685 0.023200
v -0.207630 0.058371 0.023200
v -0.203614 0.059493 0.023200
v -0.199744 0.060897 0.023200
v -0.199744 -0.043846 0.023200
v -0.203062 -0.046449 0.023200
v -0.206320 -0.049568 0.023200
v -0.209700 -0.051654 0.023200
v -0.213625 -0.051549 0.023376
v -0.213724 -0.051713 0.023800
v -0.213724 -0.051713 0.026200
v -0.213625 -0.051549 0.026624
v -0.227252 -0.032273 0.023376
v -0.227422 -0.032337 0.023800
v -0.227422 -0.032337 0.026200
v -0.227252 -0.032273 0.026624
v -0.230287 -0.003201 0.023376
v -0.230464 -0.003196 0.023800
v -0.230464 -0.003196 0.026200
v -0.230287 -0.003201 0.026624
v -0.225294 0.028024 0.023376
v -0.225464 0.028072 0.023800
v -0.225464 0.028072 0.026200
v -0.225294 0.028024 0.026624
v -0.214721 0.053826 0.023376
v -0.214870 0.053924 0.023800
v -0.214870 0.053924 0.026200
v -0.214721 0.053826 0.026624
v -0.211605 0.057038 0.023376
v -0.211707 0.057185 0.023800
v -0.211707 0.057185 0.026200
v -0.211605 0.057038 0.026624
v -0.207775 0.058771 0.023376
v -0.207836 0.058937 0.023800
v -0.207836 0.058937 0.026200
v -0.207775 0.058771 0.026624
v -0.203744 0.059898 0.023376
v -0.203798 0.060065 0.023800
v -0.203798 0.060065 0.026200
v -0.203744 0.059898 0.026624
v -0.199319 0.061503 0.023376
v -0.199144 0.061753 0.023800
v -0.199144 0.061753 0.026200
v -0.199319 0.061503 0.026624
v -0.199319 -0.044053 0.023376
v -0.199144 -0.044138 0.023800
v -0.199144 -0.044138 0.026200
v -0.199319 -0.044053 0.026624
v -0.202784 -0.046770 0.023376
v -0.202669 -0.046903 0.023800
v -0.202669 -0.046903 0.026200
v -0.202784 -0.046770 0.026624
v -0.206059 -0.049906 0.023376
v -0.205951 -0.050046 0.023800
v -0.205951 -0.050046 0.026200
v -0.206059 -0.049906 0.026624
v -0.209606 -0.052095 0.023376
v -0.209568 -0.052277 0.023800
v -0.209568 -0.052277 0.026200
v -0.209606 -0.052095 0.026624
vn -0.0581 0.1814 0.9817
vn 0.2030 -0.0988 0.9742
vn 0.1060 0.1512 0.9828
vn -0.0696 0.1914 0.9790
vn -0.1230 0.1750 0.9768
vn -0.1792 0.1173 0.9768
vn -0.1998 0.0561 0.9782
vn -0.2090 0.0057 0.9779
vn -0.2048 -0.0770 0.9758
vn -0.1168 -0.1926 0.9743
vn 0.1238 -0.1428 0.9820
vn 0.1264 -0.1634 0.9784
vn 0.0463 -0.2184 0.9748
vn -0.0581 0.1814 -0.9817
vn 0.1060 0.1512 -0.9828
vn 0.2030 -0.0988 -0.9742
vn -0.0696 0.1914 -0.9790
vn -0.1230 0.1750 -0.9768
vn -0.1792 0.1173 -0.9768
vn -0.1998 0.0561 -0.9782
vn -0.2090 0.0057 -0.9779
vn -0.2048 -0.0770 -0.9758
vn -0.1168 -0.1926 -0.9743
vn 0.1238 -0.1428 -0.9820
vn 0.1264 -0.1634 -0.9784
vn 0.0463 -0.2184 -0.9748
vn -0.1841 -0.3036 -0.9348
vn -0.3482 -0.1309 -0.9282
vn -0.8026 -0.5674 -0.1843
vn -0.9181 -0.3452 -0.1948
vn -0.8605 -0.3236 -0.3936
vn -0.7544 -0.5333 -0.3827
vn -0.8026 -0.5674 0.1843
vn -0.9181 -0.3452 0.1948
vn -0.7544 -0.5333 0.3827
vn -0.8605 -0.3236 0.3936
vn -0.3482 -0.1309 0.9282
vn -0.1841 -0.3036 0.9348
vn -0.3797 0.0104 -0.9250
vn -0.9807 0.0268 -0.1935
vn -0.9223 0.0252 -0.3855
vn -0.9807 0.0268 0.1935
vn -0.9223 0.0252 0.3855
vn -0.3797 0.0104 0.9250
vn -0.3663 0.1029 -0.9248
vn -0.9446 0.2652 -0.1936
vn -0.8886 0.2495 -0.3849
vn -0.9446 0.2652 0.1936
vn -0.8886 0.2495 0.3849
vn -0.3664 0.1029 0.9248
vn -0.3152 0.2063 -0.9263
vn -0.8208 0.5373 -0.1938
vn -0.7709 0.5046 -0.3887
vn -0.8208 0.5373 0.1938
vn -0.7709 0.5046 0.3887
vn -0.3152 0.2063 0.9263
vn -0.2168 0.3083 -0.9262
vn -0.5642 0.8026 -0.1937
vn -0.5299 0.7538 -0.3885
vn -0.5642 0.8026 0.1937
vn -0.5299 0.7538 0.3885
vn -0.2168 0.3083 0.9262
vn -0.1304 0.3588 -0.9243
vn -0.3352 0.9220 -0.1938
vn -0.3156 0.8679 -0.3836
vn -0.3352 0.9220 0.1938
vn -0.3156 0.8679 0.3836
vn -0.1304 0.3588 0.9243
vn -0.1168 0.3642 -0.9240
vn -0.2994 0.9338 -0.1961
vn -0.2820 0.8797 -0.3829
vn -0.2994 0.9338 0.1961
vn -0.2820 0.8797 0.3829
vn -0.1168 0.3642 0.9240
vn -0.1305 0.3598 -0.9239
vn -0.3367 0.9282 -0.1581
vn -0.3150 0.8685 -0.3827
vn -0.3367 0.9282 0.1581
vn -0.3150 0.8685 0.3827
vn -0.1305 0.3597 0.9239
vn 0.3827 -0.0000 -0.9239
vn 0.3138 -0.1527 -0.9371
vn 0.9874 -0.0000 -0.1581
vn 0.9831 -0.0000 -0.1829
vn 0.9239 -0.0000 -0.3827
vn 0.9874 -0.0000 0.1581
vn 0.9831 -0.0000 0.1829
vn 0.9239 -0.0000 0.3827
vn 0.3138 -0.1527 0.9371
vn 0.3827 -0.0000 0.9239
vn 0.2505 -0.2888 -0.9240
vn 0.6067 -0.7736 -0.1829
vn 0.6424 -0.7408 -0.1965
vn 0.6052 -0.6979 -0.3831
vn 0.5701 -0.7270 -0.3827
vn 0.6067 -0.7736 0.1829
vn 0.6424 -0.7408 0.1965
vn 0.5701 -0.7270 0.3827
vn 0.6052 -0.6979 0.3831
vn 0.2505 -0.2888 0.9240
vn 0.2330 -0.3013 -0.9246
vn 0.6002 -0.7761 -0.1936
vn 0.5647 -0.7302 -0.3845
vn 0.6002 -0.7761 0.1936
vn 0.5647 -0.7302 0.3845
vn 0.2330 -0.3013 0.9246
vn 0.0754 -0.3554 -0.9317
vn 0.5159 -0.8361 -0.1862
vn 0.4852 -0.7863 -0.3827
vn 0.5159 -0.8361 0.1862
vn 0.4852 -0.7863 0.3827
vn 0.0754 -0.3554 0.9317
vn -0.1321 -0.9736 -0.1862
vn -0.1321 -0.9740 -0.1843
vn -0.1242 -0.9155 -0.3827
vn -0.1321 -0.9736 0.1862
vn -0.1321 -0.9740 0.1843
vn -0.1242 -0.9155 0.3827
vt 0.583333 0.000000
vt 0.750000 0.000000
vt 0.666667 0.000000
vt 0.500000 0.000000
vt 0.416667 0.000000
vt 0.333333 0.000000
vt 0.250000 0.000000
vt 0.166667 0.000000
vt 0.083333 0.000000
vt 0.000000 0.000000
vt 0.833333 0.000000
vt 0.916667 0.000000
vt 1.000000 0.000000
vt 0.000000 0.200000
vt 0.076923 0.200000
vt 0.076923 0.000000
vt 0.000000 0.400000
vt 0.076923 0.400000
vt 0.000000 0.600000
vt 0.076923 0.600000
vt 0.000000 0.800000
vt 0.076923 0.800000
vt 0.000000 1.000000
vt 0.076923 1.000000
vt 0.153846 0.200000
vt 0.153846 0.000000
vt 0.153846 0.400000
vt 0.153846 0.600000
vt 0.153846 0.800000
vt 0.153846 1.000000
vt 0.230769 0.200000
vt 0.230769 0.000000
vt 0.230769 0.400000
vt 0.230769 0.600000
vt 0.230769 0.800000
vt 0.230769 1.000000
vt 0.307692 0.200000
vt 0.307692 0.000000
vt 0.307692 0.400000
vt 0.307692 0.600000
vt 0.307692 0.800000
vt 0.307692 1.000000
vt 0.384615 0.200000
vt 0.384615 0.000000
vt 0.384615 0.400000
vt 0.384615 0.600000
vt 0.384615 0.800000
vt 0.384615 1.000000
vt 0.461538 0.200000
vt 0.461538 0.000000
vt 0.461538 0.400000
vt 0.461538 0.600000
vt 0.461538 0.800000
vt 0.461538 1.000000
vt 0.538462 0.200000
vt 0.538462 0.000000
vt 0.538462 0.400000
vt 0.538462 0.600000
vt 0.538462 0.800000
vt 0.538462 1.000000
vt 0.615385 0.200000
vt 0.615385 0.000000
vt 0.615385 0.400000
vt 0.615385 0.600000
vt 0.615385 0.800000
vt 0.615385 1.000000
vt 0.692308 0.200000
vt 0.692308 0.000000
vt 0.692308 0.400000
vt 0.692308 0.600000
vt 0.692308 0.800000
vt 0.692308 1.000000
vt 0.769231 0.200000
vt 0.769231 0.000000
vt 0.769231 0.400000
vt 0.769231 0.600000
vt 0.769231 0.800000
vt 0.769231 1.000000
vt 0.846154 0.200000
vt 0.846154 0.000000
vt 0.846154 0.400000
vt 0.846154 0.600000
vt 0.846154 0.800000
vt 0.846154 1.000000
vt 0.923077 0.200000
vt 0.923077 0.000000
vt 0.923077 0.400000
vt 0.923077 0.600000
vt 0.923077 0.800000
vt 0.923077 1.000000
vt 1.000000 0.200000
vt 1.000000 0.400000
vt 1.000000 0.600000
vt 1.000000 0.800000
vt 1.000000 1.000000
s 1
usemtl Rubber_|_ribbed_black
f 4644/5114/5476 4646/5115/5477 4645/5116/5478
f 4643/5117/5479 4646/5115/5477 4644/5114/5476
f 4642/5118/5480 4646/5115/5477 4643/5117/5479
f 4641/5119/5481 4646/5115/5477 4642/5118/5480
f 4640/5120/5482 4646/5115/5477 4641/5119/5481
f 4639/5121/5483 4646/5115/5477 4640/5120/5482
f 4638/5122/5484 4646/5115/5477 4639/5121/5483
f 4637/5123/5485 4646/5115/5477 4638/5122/5484
f 4637/5123/5485 4647/5124/5486 4646/5115/5477
f 4637/5123/5485 4648/5125/5487 4647/5124/5486
f 4637/5123/5485 4649/5126/5488 4648/5125/5487
f 4657/5114/5489 4658/5116/5490 4659/5115/5491
f 4656/5117/5492 4657/5114/5489 4659/5115/5491
f 4655/5118/5493 4656/5117/5492 4659/5115/5491
f 4654/5119/5494 4655/5118/5493 4659/5115/5491
f 4653/5120/5495 4654/5119/5494 4659/5115/5491
f 4652/5121/5496 4653/5120/5495 4659/5115/5491
f 4651/5122/5497 4652/5121/5496 4659/5115/5491
f 4650/5123/5498 4651/5122/5497 4659/5115/5491
f 4650/5123/5498 4659/5115/5491 4660/5124/5499
f 4650/5123/5498 4660/5124/5499 4661/5125/5500
f 4650/5123/5498 4661/5125/5500 4662/5126/5501
f 4663/5127/5502 4667/5128/5503 4651/5129/5497 4650/5123/5498
f 4664/5130/5504 4668/5131/5505 4667/5128/5506 4663/5127/5507
f 4665/5132/5508 4669/5133/5509 4668/5131/5505 4664/5130/5504
f 4666/5134/5510 4670/5135/5511 4669/5133/5509 4665/5132/5508
f 4637/5136/5485 4638/5137/5484 4670/5135/5512 4666/5134/5513
f 4667/5128/5503 4671/5138/5514 4652/5139/5496 4651/5129/5497
f 4668/5131/5505 4672/5140/5515 4671/5138/5516 4667/5128/5506
f 4669/5133/5509 4673/5141/5517 4672/5140/5515 4668/5131/5505
f 4670/5135/5511 4674/5142/5518 4673/5141/5517 4669/5133/5509
f 4638/5137/5484 4639/5143/5483 4674/5142/5519 4670/5135/5512
f 4671/5138/5514 4675/5144/5520 4653/5145/5495 4652/5139/5496
f 4672/5140/5515 4676/5146/5521 4675/5144/5522 4671/5138/5516
f 4673/5141/5517 4677/5147/5523 4676/5146/5521 4672/5140/5515
f 4674/5142/5518 4678/5148/5524 4677/5147/5523 4673/5141/5517
f 4639/5143/5483 4640/5149/5482 4678/5148/5525 4674/5142/5519
f 4675/5144/5520 4679/5150/5526 4654/5151/5494 4653/5145/5495
f 4676/5146/5521 4680/5152/5527 4679/5150/5528 4675/5144/5522
f 4677/5147/5523 4681/5153/5529 4680/5152/5527 4676/5146/5521
f 4678/5148/5524 4682/5154/5530 4681/5153/5529 4677/5147/5523
f 4640/5149/5482 4641/5155/5481 4682/5154/5531 4678/5148/5525
f 4679/5150/5526 4683/5156/5532 4655/5157/5493 4654/5151/5494
f 4680/5152/5527 4684/5158/5533 4683/5156/5534 4679/5150/5528
f 4681/5153/5529 4685/5159/5535 4684/5158/5533 4680/5152/5527
f 4682/5154/5530 4686/5160/5536 4685/5159/5535 4681/5153/5529
f 4641/5155/5481 4642/5161/5480 4686/5160/5537 4682/5154/5531
f 4683/5156/5532 4687/5162/5538 4656/5163/5492 4655/5157/5493
f 4684/5158/5533 4688/5164/5539 4687/5162/5540 4683/5156/5534
f 4685/5159/5535 4689/5165/5541 4688/5164/5539 4684/5158/5533
f 4686/5160/5536 4690/5166/5542 4689/5165/5541 4685/5159/5535
f 4642/5161/5480 4643/5167/5479 4690/5166/5543 4686/5160/5537
f 4687/5162/5538 4691/5168/5544 4657/5169/5489 4656/5163/5492
f 4688/5164/5539 4692/5170/5545 4691/5168/5546 4687/5162/5540
f 4689/5165/5541 4693/5171/5547 4692/5170/5545 4688/5164/5539
f 4690/5166/5542 4694/5172/5548 4693/5171/5547 4689/5165/5541
f 4643/5167/5479 4644/5173/5476 4694/5172/5549 4690/5166/5543
f 4691/5168/5544 4695/5174/5550 4658/5175/5490 4657/5169/5489
f 4692/5170/5545 4696/5176/5551 4695/5174/5552 4691/5168/5546
f 4693/5171/5547 4697/5177/5553 4696/5176/5551 4692/5170/5545
f 4694/5172/5548 4698/5178/5554 4697/5177/5553 4693/5171/5547
f 4644/5173/5476 4645/5179/5478 4698/5178/5555 4694/5172/5549
f 4695/5174/5556 4699/5180/5557 4659/5181/5491 4658/5175/5490
f 4696/5176/5558 4700/5182/5559 4699/5180/5560 4695/5174/5560
f 4697/5177/5561 4701/5183/5562 4700/5182/5559 4696/5176/5558
f 4698/5178/5563 4702/5184/5563 4701/5183/5562 4697/5177/5561
f 4645/5179/5478 4646/5185/5477 4702/5184/5564 4698/5178/5565
f 4699/5180/5557 4703/5186/5566 4660/5187/5499 4659/5181/5491
f 4700/5182/5567 4704/5188/5568 4703/5186/5569 4699/5180/5570
f 4701/5183/5571 4705/5189/5572 4704/5188/5568 4700/5182/5567
f 4702/5184/5573 4706/5190/5574 4705/5189/5572 4701/5183/5571
f 4646/5185/5477 4647/5191/5486 4706/5190/5575 4702/5184/5564
f 4703/5186/5566 4707/5192/5576 4661/5193/5500 4660/5187/5499
f 4704/5188/5568 4708/5194/5577 4707/5192/5578 4703/5186/5569
f 4705/5189/5572 4709/5195/5579 4708/5194/5577 4704/5188/5568
f 4706/5190/5574 4710/5196/5580 4709/5195/5579 4705/5189/5572
f 4647/5191/5486 4648/5197/5487 4710/5196/5581 4706/5190/5575
f 4707/5192/5576 4711/5198/5582 4662/5199/5501 4661/5193/5500
f 4708/5194/5577 4712/5200/5583 4711/5198/5584 4707/5192/5578
f 4709/5195/5579 4713/5201/5585 4712/5200/5583 4708/5194/5577
f 4710/5196/5580 4714/5202/5586 4713/5201/5585 4709/5195/5579
f 4648/5197/5487 4649/5203/5488 4714/5202/5587 4710/5196/5581
f 4711/5198/5582 4663/5204/5502 4650/5126/5498 4662/5199/5501
f 4712/5200/5588 4664/5205/5589 4663/5204/5590 4711/5198/5590
f 4713/5201/5591 4665/5206/5592 4664/5205/5589 4712/5200/5588
f 4714/5202/5593 4666/5207/5593 4665/5206/5592 4713/5201/5591
f 4649/5203/5488 4637/5208/5485 4666/5207/5513 4714/5202/5587
o Glow_|_right_grip_front
v 0.015027 -0.087032 0.019462
v 0.015027 -0.087032 0.016538
v 0.017538 -0.086718 0.015077
v 0.020050 -0.086404 0.016538
v 0.020050 -0.086404 0.019462
v 0.017538 -0.086718 0.020923
v 0.031766 0.000974 0.019462
v 0.031766 0.000974 0.016538
v 0.034103 0.000000 0.015077
v 0.036439 -0.000974 0.016538
v 0.036439 -0.000974 0.019462
v 0.034103 -0.000000 0.020923
v 0.027339 -0.008998 0.019462
v 0.027339 -0.008998 0.016538
v 0.029651 -0.010028 0.015077
v 0.031963 -0.011058 0.016538
v 0.031963 -0.011058 0.019462
v 0.029651 -0.010028 0.020923
v 0.023317 -0.017994 0.019462
v 0.023317 -0.017994 0.016538
v 0.025663 -0.018944 0.015077
v 0.028010 -0.019894 0.016538
v 0.028010 -0.019894 0.019462
v 0.025663 -0.018944 0.020923
v 0.019523 -0.028426 0.019462
v 0.019523 -0.028426 0.016538
v 0.021923 -0.029231 0.015077
v 0.024323 -0.030036 0.016538
v 0.024323 -0.030036 0.019462
v 0.021923 -0.029231 0.020923
v 0.015911 -0.040161 0.019462
v 0.015911 -0.040161 0.016538
v 0.018354 -0.040825 0.015077
v 0.020797 -0.041489 0.016538
v 0.020797 -0.041489 0.019462
v 0.018354 -0.040825 0.020923
v 0.013374 -0.050910 0.019462
v 0.013374 -0.050910 0.016538
v 0.015870 -0.051334 0.015077
v 0.018365 -0.051758 0.016538
v 0.018365 -0.051758 0.019462
v 0.015870 -0.051334 0.020923
v 0.012085 -0.063252 0.019462
v 0.012085 -0.063252 0.016538
v 0.014615 -0.063333 0.015077
v 0.017146 -0.063414 0.016538
v 0.017146 -0.063414 0.019462
v 0.014615 -0.063333 0.020923
v 0.012425 -0.071720 0.019462
v 0.012425 -0.071720 0.016538
v 0.014942 -0.071453 0.015077
v 0.017460 -0.071185 0.016538
v 0.017460 -0.071185 0.019462
v 0.014942 -0.071453 0.020923
v 0.013689 -0.079065 0.019462
v 0.013689 -0.079065 0.016538
v 0.016185 -0.078640 0.015077
v 0.018680 -0.078216 0.016538
v 0.018680 -0.078216 0.019462
v 0.016185 -0.078640 0.020923
vn 0.1240 -0.9923 -0.0000
vn 0.3846 0.9231 -0.0000
vn -0.7899 0.3507 0.5031
vn -0.7910 0.3524 0.5001
vn -0.4568 0.2035 0.8660
vn -0.4570 0.2029 0.8660
vn -0.7899 0.3507 -0.5031
vn -0.7910 0.3524 -0.5001
vn -0.4570 0.2029 -0.8660
vn -0.4568 0.2035 -0.8660
vn 0.7932 -0.3521 -0.4968
vn 0.7912 -0.3526 -0.4997
vn 0.4568 -0.2036 -0.8660
vn 0.4571 -0.2029 -0.8660
vn 0.7932 -0.3521 0.4968
vn 0.7912 -0.3526 0.4997
vn 0.4571 -0.2029 0.8660
vn 0.4568 -0.2036 0.8660
vn -0.8053 0.3260 0.4952
vn -0.4634 0.1876 0.8661
vn -0.8053 0.3260 -0.4952
vn -0.4634 0.1876 -0.8661
vn 0.8000 -0.3239 -0.5051
vn 0.4634 -0.1876 -0.8661
vn 0.8000 -0.3239 0.5051
vn 0.4634 -0.1876 0.8661
vn -0.8229 0.2761 0.4965
vn -0.4741 0.1590 0.8660
vn -0.8229 0.2761 -0.4965
vn -0.4741 0.1590 -0.8660
vn 0.8192 -0.2748 -0.5034
vn 0.4741 -0.1590 -0.8660
vn 0.8192 -0.2748 0.5034
vn 0.4741 -0.1590 0.8660
vn -0.8383 0.2277 0.4954
vn -0.4826 0.1311 0.8660
vn -0.8383 0.2277 -0.4954
vn -0.4826 0.1311 -0.8660
vn 0.8331 -0.2266 -0.5045
vn 0.4826 -0.1312 -0.8660
vn 0.8331 -0.2266 0.5045
vn 0.4826 -0.1312 0.8660
vn -0.8587 0.1456 0.4914
vn -0.4929 0.0836 0.8661
vn -0.8587 0.1456 -0.4914
vn -0.4929 0.0836 -0.8661
vn 0.8485 -0.1442 -0.5091
vn 0.4929 -0.0837 -0.8661
vn 0.8485 -0.1442 0.5091
vn 0.4929 -0.0837 0.8661
vn -0.8711 0.0279 0.4904
vn -0.4997 0.0160 0.8661
vn -0.8711 0.0279 -0.4904
vn -0.4997 0.0160 -0.8661
vn 0.8596 -0.0275 -0.5103
vn 0.4996 -0.0160 -0.8661
vn 0.8596 -0.0275 0.5103
vn 0.4996 -0.0160 0.8661
vn -0.8662 -0.0916 0.4913
vn -0.4971 -0.0526 0.8661
vn -0.8662 -0.0916 -0.4913
vn -0.4971 -0.0526 -0.8661
vn 0.8557 0.0911 -0.5094
vn 0.4970 0.0528 -0.8661
vn 0.8557 0.0911 0.5094
vn 0.4970 0.0528 0.8661
vn -0.8537 -0.1451 0.5001
vn -0.4932 -0.0839 0.8659
vn -0.8537 -0.1451 -0.5001
vn -0.4932 -0.0839 -0.8659
vn 0.8540 0.1456 -0.4994
vn 0.4932 0.0840 -0.8659
vn 0.8540 0.1456 0.4994
vn 0.4932 0.0840 0.8659
vn -0.8509 -0.1428 0.5056
vn -0.4933 -0.0827 0.8659
vn -0.8509 -0.1428 -0.5056
vn -0.4933 -0.0827 -0.8659
vn 0.8575 0.1435 -0.4941
vn 0.4933 0.0826 -0.8659
vn 0.8575 0.1435 0.4941
vn 0.4933 0.0826 0.8659
vt 0.400000 0.000000
vt 0.000000 0.000000
vt 0.200000 0.000000
vt 1.000000 0.000000
vt 0.600000 0.000000
vt 0.800000 0.000000
vt 0.000000 1.000000
vt 0.111111 1.000000
vt 0.111111 0.833333
vt 0.000000 0.833333
vt 0.000000 0.166667
vt 0.111111 0.166667
vt 0.111111 0.000000
vt 0.000000 0.333333
vt 0.111111 0.333333
vt 0.000000 0.500000
vt 0.111111 0.500000
vt 0.000000 0.666667
vt 0.111111 0.666667
vt 0.222222 1.000000
vt 0.222222 0.833333
vt 0.222222 0.166667
vt 0.222222 0.000000
vt 0.222222 0.333333
vt 0.222222 0.500000
vt 0.222222 0.666667
vt 0.333333 1.000000
vt 0.333333 0.833333
vt 0.333333 0.166667
vt 0.333333 0.000000
vt 0.333333 0.333333
vt 0.333333 0.500000
vt 0.333333 0.666667
vt 0.444444 1.000000
vt 0.444444 0.833333
vt 0.444444 0.166667
vt 0.444444 0.000000
vt 0.444444 0.333333
vt 0.444444 0.500000
vt 0.444444 0.666667
vt 0.555556 1.000000
vt 0.555556 0.833333
vt 0.555556 0.166667
vt 0.555556 0.000000
vt 0.555556 0.333333
vt 0.555556 0.500000
vt 0.555556 0.666667
vt 0.666667 1.000000
vt 0.666667 0.833333
vt 0.666667 0.166667
vt 0.666667 0.000000
vt 0.666667 0.333333
vt 0.666667 0.500000
vt 0.666667 0.666667
vt 0.777778 1.000000
vt 0.777778 0.833333
vt 0.777778 0.166667
vt 0.777778 0.000000
vt 0.777778 0.333333
vt 0.777778 0.500000
vt 0.777778 0.666667
vt 0.888889 1.000000
vt 0.888889 0.833333
vt 0.888889 0.166667
vt 0.888889 0.000000
vt 0.888889 0.333333
vt 0.888889 0.500000
vt 0.888889 0.666667
vt 1.000000 1.000000
vt 1.000000 0.833333
vt 1.000000 0.166667
vt 1.000000 0.333333
vt 1.000000 0.500000
vt 1.000000 0.666667
s 1
usemtl Glow_|_orange_neon
f 4717/5209/5594 4715/5210/5594 4716/5211/5594
f 4717/5209/5594 4720/5212/5594 4715/5210/5594
f 4718/5213/5594 4720/5212/5594 4717/5209/5594
f 4718/5213/5594 4719/5214/5594 4720/5212/5594
f 4724/5213/5595 4726/5212/5595 4725/5214/5595
f 4723/5209/5595 4726/5212/5595 4724/5213/5595
f 4722/5211/5595 4726/5212/5595 4723/5209/5595
f 4722/5211/5595 4721/5210/5595 4726/5212/5595
f 4721/5215/5596 4727/5216/5597 4732/5217/5598 4726/5218/5599
f 4722/5219/5600 4728/5220/5601 4727/5221/5597 4721/5210/5596
f 4723/5222/5602 4729/5223/5603 4728/5220/5601 4722/5219/5600
f 4724/5224/5604 4730/5225/5605 4729/5223/5606 4723/5222/5607
f 4725/5226/5608 4731/5227/5609 4730/5225/5605 4724/5224/5604
f 4726/5218/5610 4732/5217/5611 4731/5227/5609 4725/5226/5608
f 4727/5216/5597 4733/5228/5612 4738/5229/5613 4732/5217/5598
f 4728/5220/5601 4734/5230/5614 4733/5231/5612 4727/5221/5597
f 4729/5223/5603 4735/5232/5615 4734/5230/5614 4728/5220/5601
f 4730/5225/5605 4736/5233/5616 4735/5232/5617 4729/5223/5606
f 4731/5227/5609 4737/5234/5618 4736/5233/5616 4730/5225/5605
f 4732/5217/5611 4738/5229/5619 4737/5234/5618 4731/5227/5609
f 4733/5228/5612 4739/5235/5620 4744/5236/5621 4738/5229/5613
f 4734/5230/5614 4740/5237/5622 4739/5238/5620 4733/5231/5612
f 4735/5232/5615 4741/5239/5623 4740/5237/5622 4734/5230/5614
f 4736/5233/5616 4742/5240/5624 4741/5239/5625 4735/5232/5617
f 4737/5234/5618 4743/5241/5626 4742/5240/5624 4736/5233/5616
f 4738/5229/5619 4744/5236/5627 4743/5241/5626 4737/5234/5618
f 4739/5235/5620 4745/5242/5628 4750/5243/5629 4744/5236/5621
f 4740/5237/5622 4746/5244/5630 4745/5245/5628 4739/5238/5620
f 4741/5239/5623 4747/5246/5631 4746/5244/5630 4740/5237/5622
f 4742/5240/5624 4748/5247/5632 4747/5246/5633 4741/5239/5625
f 4743/5241/5626 4749/5248/5634 4748/5247/5632 4742/5240/5624
f 4744/5236/5627 4750/5243/5635 4749/5248/5634 4743/5241/5626
f 4745/5242/5628 4751/5249/5636 4756/5250/5637 4750/5243/5629
f 4746/5244/5630 4752/5251/5638 4751/5252/5636 4745/5245/5628
f 4747/5246/5631 4753/5253/5639 4752/5251/5638 4746/5244/5630
f 4748/5247/5632 4754/5254/5640 4753/5253/5641 4747/5246/5633
f 4749/5248/5634 4755/5255/5642 4754/5254/5640 4748/5247/5632
f 4750/5243/5635 4756/5250/5643 4755/5255/5642 4749/5248/5634
f 4751/5249/5636 4757/5256/5644 4762/5257/5645 4756/5250/5637
f 4752/5251/5638 4758/5258/5646 4757/5259/5644 4751/5252/5636
f 4753/5253/5639 4759/5260/5647 4758/5258/5646 4752/5251/5638
f 4754/5254/5640 4760/5261/5648 4759/5260/5649 4753/5253/5641
f 4755/5255/5642 4761/5262/5650 4760/5261/5648 4754/5254/5640
f 4756/5250/5643 4762/5257/5651 4761/5262/5650 4755/5255/5642
f 4757/5256/5644 4763/5263/5652 4768/5264/5653 4762/5257/5645
f 4758/5258/5646 4764/5265/5654 4763/5266/5652 4757/5259/5644
f 4759/5260/5647 4765/5267/5655 4764/5265/5654 4758/5258/5646
f 4760/5261/5648 4766/5268/5656 4765/5267/5657 4759/5260/5649
f 4761/5262/5650 4767/5269/5658 4766/5268/5656 4760/5261/5648
f 4762/5257/5651 4768/5264/5659 4767/5269/5658 4761/5262/5650
f 4763/5263/5652 4769/5270/5660 4774/5271/5661 4768/5264/5653
f 4764/5265/5654 4770/5272/5662 4769/5273/5660 4763/5266/5652
f 4765/5267/5655 4771/5274/5663 4770/5272/5662 4764/5265/5654
f 4766/5268/5656 4772/5275/5664 4771/5274/5665 4765/5267/5657
f 4767/5269/5658 4773/5276/5666 4772/5275/5664 4766/5268/5656
f 4768/5264/5659 4774/5271/5667 4773/5276/5666 4767/5269/5658
f 4769/5270/5660 4715/5277/5668 4720/5278/5669 4774/5271/5661
f 4770/5272/5662 4716/5279/5670 4715/5212/5668 4769/5273/5660
f 4771/5274/5663 4717/5280/5671 4716/5279/5670 4770/5272/5662
f 4772/5275/5664 4718/5281/5672 4717/5280/5673 4771/5274/5665
f 4773/5276/5666 4719/5282/5674 4718/5281/5672 4772/5275/5664
f 4774/5271/5667 4720/5278/5675 4719/5282/5674 4773/5276/5666
o Glow_|_right_grip_rear
v -0.014292 0.010164 0.016538
v -0.014292 0.010164 0.019462
v -0.012179 0.008769 0.020923
v -0.010067 0.007374 0.019462
v -0.010067 0.007374 0.016538
v -0.012179 0.008769 0.015077
v -0.054875 -0.062192 0.016538
v -0.054875 -0.062192 0.019462
v -0.052615 -0.063333 0.020923
v -0.050356 -0.064475 0.019462
v -0.050356 -0.064475 0.016538
v -0.052615 -0.063333 0.015077
v -0.047030 -0.046088 0.016538
v -0.047030 -0.046088 0.019462
v -0.044753 -0.047195 0.020923
v -0.042476 -0.048302 0.019462
v -0.042476 -0.048302 0.016538
v -0.044753 -0.047195 0.015077
v -0.040032 -0.031661 0.016538
v -0.040032 -0.031661 0.019462
v -0.037780 -0.032817 0.020923
v -0.035528 -0.033973 0.019462
v -0.035528 -0.033973 0.016538
v -0.037780 -0.032817 0.015077
v -0.031420 -0.015781 0.016538
v -0.031420 -0.015781 0.019462
v -0.029231 -0.017051 0.020923
v -0.027041 -0.018322 0.019462
v -0.027041 -0.018322 0.016538
v -0.029231 -0.017051 0.015077
v -0.025716 -0.006572 0.016538
v -0.025716 -0.006572 0.019462
v -0.023595 -0.007953 0.020923
v -0.021474 -0.009335 0.019462
v -0.021474 -0.009335 0.016538
v -0.023595 -0.007953 0.015077
v -0.020302 0.001344 0.016538
v -0.020302 0.001344 0.019462
v -0.018212 -0.000083 0.020923
v -0.016121 -0.001511 0.019462
v -0.016121 -0.001511 0.016538
v -0.018212 -0.000083 0.015077
vn 0.5511 0.8345 -0.0000
vn -0.4510 -0.8925 -0.0000
vn -0.7775 0.3788 -0.5020
vn -0.7788 0.3786 -0.5001
vn -0.4497 0.2186 -0.8660
vn -0.4495 0.2190 -0.8660
vn -0.7775 0.3788 0.5020
vn -0.7788 0.3786 0.5001
vn -0.4495 0.2190 0.8660
vn -0.4497 0.2186 0.8660
vn 0.7796 -0.3798 0.4980
vn 0.7790 -0.3786 0.4999
vn 0.4497 -0.2186 0.8660
vn 0.4495 -0.2190 0.8660
vn 0.7796 -0.3798 -0.4980
vn 0.7790 -0.3786 -0.4999
vn 0.4495 -0.2190 -0.8660
vn 0.4497 -0.2186 -0.8660
vn -0.7720 0.3963 -0.4969
vn -0.4448 0.2283 -0.8660
vn -0.7720 0.3963 0.4969
vn -0.4448 0.2283 0.8660
vn 0.7688 -0.3946 0.5032
vn 0.4448 -0.2283 0.8660
vn 0.7688 -0.3946 -0.5032
vn 0.4448 -0.2283 -0.8660
vn -0.7510 0.4357 -0.4961
vn -0.4325 0.2509 -0.8660
vn -0.7510 0.4357 0.4961
vn -0.4325 0.2509 0.8660
vn 0.7470 -0.4334 0.5040
vn 0.4324 -0.2509 0.8660
vn 0.7470 -0.4334 -0.5040
vn 0.4324 -0.2509 -0.8660
vn -0.7272 0.4736 -0.4969
vn -0.4190 0.2729 -0.8660
vn -0.7272 0.4736 0.4969
vn -0.4190 0.2729 0.8660
vn 0.7241 -0.4717 0.5032
vn 0.4190 -0.2729 0.8660
vn 0.7241 -0.4717 -0.5032
vn 0.4190 -0.2729 -0.8660
vn -0.7152 0.4883 -0.5001
vn -0.4130 0.2819 -0.8660
vn -0.7152 0.4883 0.5001
vn -0.4130 0.2819 0.8660
vn 0.7153 -0.4884 0.4999
vn 0.4130 -0.2819 0.8660
vn 0.7153 -0.4884 -0.4999
vn 0.4130 -0.2819 -0.8660
vn -0.7147 0.4870 -0.5020
vn -0.4132 0.2816 -0.8660
vn -0.7147 0.4870 0.5020
vn -0.4132 0.2816 0.8660
vn 0.7166 -0.4883 0.4980
vn 0.4132 -0.2816 0.8660
vn 0.7166 -0.4883 -0.4980
vn 0.4132 -0.2816 -0.8660
vt 1.000000 0.000000
vt 0.600000 0.000000
vt 0.800000 0.000000
vt 0.400000 0.000000
vt 0.000000 0.000000
vt 0.200000 0.000000
vt 0.000000 1.000000
vt 0.166667 1.000000
vt 0.166667 0.833333
vt 0.000000 0.833333
vt 0.000000 0.166667
vt 0.166667 0.166667
vt 0.166667 0.000000
vt 0.000000 0.333333
vt 0.166667 0.333333
vt 0.000000 0.500000
vt 0.166667 0.500000
vt 0.000000 0.666667
vt 0.166667 0.666667
vt 0.333333 1.000000
vt 0.333333 0.833333
vt 0.333333 0.166667
vt 0.333333 0.000000
vt 0.333333 0.333333
vt 0.333333 0.500000
vt 0.333333 0.666667
vt 0.500000 1.000000
vt 0.500000 0.833333
vt 0.500000 0.166667
vt 0.500000 0.000000
vt 0.500000 0.333333
vt 0.500000 0.500000
vt 0.500000 0.666667
vt 0.666667 1.000000
vt 0.666667 0.833333
vt 0.666667 0.166667
vt 0.666667 0.000000
vt 0.666667 0.333333
vt 0.666667 0.500000
vt 0.666667 0.666667
vt 0.833333 1.000000
vt 0.833333 0.833333
vt 0.833333 0.166667
vt 0.833333 0.000000
vt 0.833333 0.333333
vt 0.833333 0.500000
vt 0.833333 0.666667
vt 1.000000 1.000000
vt 1.000000 0.833333
vt 1.000000 0.166667
vt 1.000000 0.333333
vt 1.000000 0.500000
vt 1.000000 0.666667
s 1
usemtl Glow_|_orange_neon
f 4780/5283/5676 4778/5284/5676 4779/5285/5676
f 4780/5283/5676 4777/5286/5676 4778/5284/5676
f 4775/5287/5676 4777/5286/5676 4780/5283/5676
f 4775/5287/5676 4776/5288/5676 4777/5286/5676
f 4783/5286/5677 4785/5285/5677 4784/5284/5677
f 4783/5286/5677 4786/5283/5677 4785/5285/5677
f 4782/5288/5677 4786/5283/5677 4783/5286/5677
f 4782/5288/5677 4781/5287/5677 4786/5283/5677
f 4781/5289/5678 4787/5290/5679 4792/5291/5680 4786/5292/5681
f 4782/5293/5682 4788/5294/5683 4787/5295/5679 4781/5287/5678
f 4783/5296/5684 4789/5297/5685 4788/5294/5683 4782/5293/5682
f 4784/5298/5686 4790/5299/5687 4789/5297/5688 4783/5296/5689
f 4785/5300/5690 4791/5301/5691 4790/5299/5687 4784/5298/5686
f 4786/5292/5692 4792/5291/5693 4791/5301/5691 4785/5300/5690
f 4787/5290/5679 4793/5302/5694 4798/5303/5695 4792/5291/5680
f 4788/5294/5683 4794/5304/5696 4793/5305/5694 4787/5295/5679
f 4789/5297/5685 4795/5306/5697 4794/5304/5696 4788/5294/5683
f 4790/5299/5687 4796/5307/5698 4795/5306/5699 4789/5297/5688
f 4791/5301/5691 4797/5308/5700 4796/5307/5698 4790/5299/5687
f 4792/5291/5693 4798/5303/5701 4797/5308/5700 4791/5301/5691
f 4793/5302/5694 4799/5309/5702 4804/5310/5703 4798/5303/5695
f 4794/5304/5696 4800/5311/5704 4799/5312/5702 4793/5305/5694
f 4795/5306/5697 4801/5313/5705 4800/5311/5704 4794/5304/5696
f 4796/5307/5698 4802/5314/5706 4801/5313/5707 4795/5306/5699
f 4797/5308/5700 4803/5315/5708 4802/5314/5706 4796/5307/5698
f 4798/5303/5701 4804/5310/5709 4803/5315/5708 4797/5308/5700
f 4799/5309/5702 4805/5316/5710 4810/5317/5711 4804/5310/5703
f 4800/5311/5704 4806/5318/5712 4805/5319/5710 4799/5312/5702
f 4801/5313/5705 4807/5320/5713 4806/5318/5712 4800/5311/5704
f 4802/5314/5706 4808/5321/5714 4807/5320/5715 4801/5313/5707
f 4803/5315/5708 4809/5322/5716 4808/5321/5714 4802/5314/5706
f 4804/5310/5709 4810/5317/5717 4809/5322/5716 4803/5315/5708
f 4805/5316/5710 4811/5323/5718 4816/5324/5719 4810/5317/5711
f 4806/5318/5712 4812/5325/5720 4811/5326/5718 4805/5319/5710
f 4807/5320/5713 4813/5327/5721 4812/5325/5720 4806/5318/5712
f 4808/5321/5714 4814/5328/5722 4813/5327/5723 4807/5320/5715
f 4809/5322/5716 4815/5329/5724 4814/5328/5722 4808/5321/5714
f 4810/5317/5717 4816/5324/5725 4815/5329/5724 4809/5322/5716
f 4811/5323/5718 4775/5330/5726 4780/5331/5727 4816/5324/5719
f 4812/5325/5720 4776/5332/5728 4775/5283/5726 4811/5326/5718
f 4813/5327/5721 4777/5333/5729 4776/5332/5728 4812/5325/5720
f 4814/5328/5722 4778/5334/5730 4777/5333/5731 4813/5327/5723
f 4815/5329/5724 4779/5335/5732 4778/5334/5730 4814/5328/5722
f 4816/5324/5725 4780/5331/5733 4779/5335/5732 4815/5329/5724
o Grip_|_right_rubber_panel
v -0.029231 -0.063333 0.019800
v -0.030763 -0.058530 0.019800
v -0.030226 -0.053873 0.019800
v -0.028583 -0.049075 0.019800
v -0.026795 -0.043846 0.019800
v -0.022546 -0.031437 0.019800
v -0.017605 -0.020636 0.019800
v -0.012387 -0.010479 0.019800
v -0.007308 0.000000 0.019800
v -0.000243 0.001171 0.019800
v 0.007065 0.003123 0.019800
v 0.013886 0.003514 0.019800
v 0.019487 0.000000 0.019800
v 0.022735 -0.010397 0.019800
v 0.019070 -0.020770 0.019800
v 0.012569 -0.031720 0.019800
v 0.007308 -0.043846 0.019800
v 0.005190 -0.052498 0.019800
v 0.003395 -0.060333 0.019800
v 0.001730 -0.067841 0.019800
v 0.000000 -0.075513 0.019800
v -0.007805 -0.073401 0.019800
v -0.015942 -0.071910 0.019800
v -0.023416 -0.069177 0.019800
v -0.029231 -0.063333 0.016200
v -0.030763 -0.058530 0.016200
v -0.030226 -0.053873 0.016200
v -0.028583 -0.049075 0.016200
v -0.026795 -0.043846 0.016200
v -0.022546 -0.031437 0.016200
v -0.017605 -0.020636 0.016200
v -0.012387 -0.010479 0.016200
v -0.007308 -0.000000 0.016200
v -0.000243 0.001171 0.016200
v 0.007065 0.003123 0.016200
v 0.013886 0.003514 0.016200
v 0.019487 -0.000000 0.016200
v 0.022735 -0.010397 0.016200
v 0.019070 -0.020770 0.016200
v 0.012569 -0.031720 0.016200
v 0.007308 -0.043846 0.016200
v 0.005190 -0.052498 0.016200
v 0.003395 -0.060333 0.016200
v 0.001730 -0.067841 0.016200
v 0.000000 -0.075513 0.016200
v -0.007805 -0.073401 0.016200
v -0.015942 -0.071910 0.016200
v -0.023416 -0.069177 0.016200
v -0.029604 -0.063560 0.016376
v -0.029758 -0.063654 0.016800
v -0.029758 -0.063654 0.019200
v -0.029604 -0.063560 0.019624
v -0.031195 -0.058572 0.016376
v -0.031373 -0.058589 0.016800
v -0.031373 -0.058589 0.019200
v -0.031195 -0.058572 0.019624
v -0.030643 -0.053779 0.016376
v -0.030815 -0.053740 0.016800
v -0.030815 -0.053740 0.019200
v -0.030643 -0.053779 0.019624
v -0.028985 -0.048937 0.016376
v -0.029151 -0.048880 0.016800
v -0.029151 -0.048880 0.019200
v -0.028985 -0.048937 0.019624
v -0.027196 -0.043709 0.016376
v -0.027363 -0.043652 0.016800
v -0.027363 -0.043652 0.019200
v -0.027196 -0.043709 0.019624
v -0.022940 -0.031279 0.016376
v -0.023104 -0.031214 0.016800
v -0.023104 -0.031214 0.019200
v -0.022940 -0.031279 0.019624
v -0.017987 -0.020451 0.016376
v -0.018145 -0.020374 0.016800
v -0.018145 -0.020374 0.019200
v -0.017987 -0.020451 0.019624
v -0.012767 -0.010289 0.016376
v -0.012924 -0.010211 0.016800
v -0.012924 -0.010211 0.019200
v -0.012767 -0.010289 0.019624
v -0.007594 0.000383 0.016376
v -0.007712 0.000541 0.016800
v -0.007712 0.000541 0.019200
v -0.007594 0.000383 0.019624
v -0.000333 0.001586 0.016376
v -0.000370 0.001758 0.016800
v -0.000370 0.001758 0.019200
v -0.000333 0.001586 0.019624
v 0.006998 0.003544 0.016376
v 0.006970 0.003719 0.016800
v 0.006970 0.003719 0.019200
v 0.006998 0.003544 0.019624
v 0.013997 0.003945 0.016376
v 0.014043 0.004123 0.016800
v 0.014043 0.004123 0.019200
v 0.013997 0.003945 0.019624
v 0.019845 0.000276 0.016376
v 0.019994 0.000390 0.016800
v 0.019994 0.000390 0.019200
v 0.019845 0.000276 0.019624
v 0.023182 -0.010405 0.016376
v 0.023367 -0.010408 0.016800
v 0.023367 -0.010408 0.019200
v 0.023182 -0.010405 0.019624
v 0.019456 -0.020951 0.016376
v 0.019616 -0.021026 0.016800
v 0.019616 -0.021026 0.019200
v 0.019456 -0.020951 0.019624
v 0.012947 -0.031914 0.016376
v 0.013104 -0.031994 0.016800
v 0.013104 -0.031994 0.019200
v 0.012947 -0.031914 0.019624
v 0.007711 -0.043982 0.016376
v 0.007878 -0.044038 0.016800
v 0.007878 -0.044038 0.019200
v 0.007711 -0.043982 0.019624
v 0.005603 -0.052595 0.016376
v 0.005774 -0.052636 0.016800
v 0.005774 -0.052636 0.019200
v 0.005603 -0.052595 0.019624
v 0.003809 -0.060426 0.016376
v 0.003981 -0.060464 0.016800
v 0.003981 -0.060464 0.019200
v 0.003809 -0.060426 0.019624
v 0.002144 -0.067934 0.016376
v 0.002316 -0.067972 0.016800
v 0.002316 -0.067972 0.019200
v 0.002144 -0.067934 0.019624
v 0.000316 -0.076038 0.016376
v 0.000448 -0.076256 0.016800
v 0.000448 -0.076256 0.019200
v 0.000316 -0.076038 0.019624
v -0.007899 -0.073815 0.016376
v -0.007938 -0.073986 0.016800
v -0.007938 -0.073986 0.019200
v -0.007899 -0.073815 0.019624
v -0.016054 -0.072321 0.016376
v -0.016100 -0.072491 0.016800
v -0.016100 -0.072491 0.019200
v -0.016054 -0.072321 0.019624
v -0.023650 -0.069543 0.016376
v -0.023747 -0.069694 0.016800
v -0.023747 -0.069694 0.019200
v -0.023650 -0.069543 0.019624
vn -0.0327 0.2036 0.9785
vn 0.1771 0.1365 0.9747
vn 0.0552 0.2148 0.9751
vn -0.0399 0.1848 0.9820
vn -0.1352 0.1809 0.9742
vn -0.1733 0.0865 0.9811
vn 0.2223 -0.0041 0.9750
vn 0.1865 -0.0873 0.9786
vn -0.1779 0.0863 0.9803
vn -0.1865 0.0744 0.9796
vn 0.1667 -0.0852 0.9823
vn -0.1846 0.0632 0.9808
vn 0.1747 -0.0588 0.9829
vn 0.1890 -0.0448 0.9810
vn -0.2017 0.0456 0.9784
vn 0.1899 -0.0428 0.9809
vn -0.2148 -0.0209 0.9764
vn -0.1860 -0.1129 0.9760
vn 0.1906 -0.0426 0.9807
vn -0.1166 -0.1822 0.9763
vn -0.0420 -0.1853 0.9818
vn 0.1069 -0.1774 0.9783
vn -0.0537 -0.1973 0.9789
vn -0.0327 0.2036 -0.9785
vn 0.0552 0.2148 -0.9751
vn 0.1771 0.1365 -0.9747
vn -0.0399 0.1848 -0.9820
vn -0.1352 0.1809 -0.9742
vn -0.1733 0.0865 -0.9811
vn 0.2223 -0.0041 -0.9750
vn 0.1865 -0.0873 -0.9786
vn -0.1779 0.0863 -0.9803
vn -0.1865 0.0744 -0.9796
vn 0.1667 -0.0852 -0.9823
vn -0.1846 0.0632 -0.9808
vn 0.1747 -0.0588 -0.9829
vn 0.1890 -0.0448 -0.9810
vn -0.2017 0.0456 -0.9784
vn 0.1899 -0.0428 -0.9809
vn -0.2148 -0.0209 -0.9764
vn -0.1860 -0.1129 -0.9760
vn 0.1906 -0.0426 -0.9807
vn -0.1166 -0.1822 -0.9763
vn -0.0420 -0.1853 -0.9818
vn 0.1069 -0.1774 -0.9783
vn -0.0537 -0.1973 -0.9789
vn -0.3192 -0.1939 -0.9276
vn -0.3736 -0.0364 -0.9269
vn -0.8384 -0.5092 -0.1944
vn -0.9764 -0.0950 -0.1940
vn -0.9164 -0.0892 -0.3901
vn -0.7863 -0.4776 -0.3920
vn -0.8384 -0.5092 0.1944
vn -0.9764 -0.0950 0.1940
vn -0.7863 -0.4776 0.3920
vn -0.9164 -0.0892 0.3901
vn -0.3736 -0.0364 0.9269
vn -0.3192 -0.1939 0.9276
vn -0.3714 0.0839 -0.9247
vn -0.9570 0.2163 -0.1936
vn -0.9004 0.2035 -0.3846
vn -0.9570 0.2163 0.1936
vn -0.9004 0.2035 0.3846
vn -0.3714 0.0839 0.9247
vn -0.3621 0.1239 -0.9239
vn -0.9279 0.3176 -0.1951
vn -0.8741 0.2992 -0.3827
vn -0.9279 0.3176 0.1951
vn -0.8741 0.2992 0.3827
vn -0.3621 0.1239 0.9239
vn -0.3551 0.1416 -0.9240
vn -0.9112 0.3634 -0.1941
vn -0.8580 0.3422 -0.3831
vn -0.9112 0.3634 0.1941
vn -0.8580 0.3422 0.3831
vn -0.3551 0.1416 0.9240
vn -0.3442 0.1670 -0.9239
vn -0.8825 0.4282 -0.1946
vn -0.8311 0.4033 -0.3828
vn -0.8825 0.4282 0.1946
vn -0.8311 0.4033 0.3828
vn -0.3442 0.1670 0.9239
vn -0.3424 0.1709 -0.9239
vn -0.8775 0.4380 -0.1954
vn -0.8266 0.4126 -0.3827
vn -0.8775 0.4380 0.1954
vn -0.8266 0.4126 0.3827
vn -0.3424 0.1709 0.9239
vn -0.2067 0.2765 -0.9385
vn -0.8848 0.4289 -0.1821
vn -0.8314 0.4030 -0.3827
vn -0.8848 0.4289 0.1821
vn -0.8314 0.4030 0.3827
vn -0.2067 0.2765 0.9385
vn -0.0807 0.3737 -0.9240
vn -0.1608 0.9700 -0.1821
vn -0.2069 0.9584 -0.1965
vn -0.1949 0.9029 -0.3831
vn -0.1511 0.9114 -0.3827
vn -0.1608 0.9700 0.1821
vn -0.2069 0.9584 0.1965
vn -0.1511 0.9114 0.3827
vn -0.1949 0.9029 0.3831
vn -0.0807 0.3737 0.9240
vn -0.0604 0.3762 -0.9246
vn -0.1554 0.9687 -0.1936
vn -0.1462 0.9115 -0.3844
vn -0.1554 0.9687 0.1936
vn -0.1462 0.9115 0.3844
vn -0.0604 0.3762 0.9246
vn 0.0914 0.3555 -0.9302
vn 0.2440 0.9497 -0.1962
vn 0.2282 0.8882 -0.3987
vn 0.2440 0.9497 0.1962
vn 0.2282 0.8882 0.3987
vn 0.0914 0.3555 0.9302
vn 0.2868 0.2211 -0.9321
vn 0.5221 0.8324 -0.1860
vn 0.4909 0.7826 -0.3827
vn 0.5221 0.8324 0.1860
vn 0.4909 0.7826 0.3827
vn 0.2868 0.2211 0.9321
vn 0.3657 -0.0067 -0.9307
vn 0.9379 0.2930 -0.1860
vn 0.9803 -0.0181 -0.1966
vn 0.9163 -0.0169 -0.4001
vn 0.8819 0.2755 -0.3827
vn 0.9379 0.2930 0.1860
vn 0.9803 -0.0181 0.1966
vn 0.8819 0.2755 0.3827
vn 0.9163 -0.0169 0.4001
vn 0.3657 -0.0067 0.9307
vn 0.3452 -0.1615 -0.9245
vn 0.8886 -0.4158 -0.1936
vn 0.8362 -0.3913 -0.3843
vn 0.8886 -0.4158 0.1936
vn 0.8362 -0.3913 0.3843
vn 0.3452 -0.1615 0.9245
vn 0.3402 -0.1739 -0.9241
vn 0.8730 -0.4463 -0.1970
vn 0.8224 -0.4204 -0.3833
vn 0.8730 -0.4463 0.1970
vn 0.8224 -0.4204 0.3833
vn 0.3402 -0.1739 0.9242
vn 0.3616 -0.1217 -0.9244
vn 0.9290 -0.3127 -0.1978
vn 0.8751 -0.2946 -0.3839
vn 0.9290 -0.3127 0.1978
vn 0.8751 -0.2946 0.3839
vn 0.3616 -0.1217 0.9244
vn 0.3724 -0.0882 -0.9239
vn 0.9543 -0.2261 -0.1953
vn 0.8990 -0.2130 -0.3827
vn 0.9543 -0.2261 0.1953
vn 0.8990 -0.2130 0.3827
vn 0.3724 -0.0882 0.9239
vn 0.3733 -0.0842 -0.9239
vn 0.9568 -0.2157 -0.1952
vn 0.9013 -0.2032 -0.3827
vn 0.9568 -0.2157 0.1952
vn 0.9013 -0.2032 0.3827
vn 0.3733 -0.0842 0.9239
vn 0.3735 -0.0835 -0.9239
vn 0.9571 -0.2141 -0.1950
vn 0.9016 -0.2016 -0.3827
vn 0.9571 -0.2141 0.1950
vn 0.9016 -0.2016 0.3827
vn 0.3735 -0.0835 0.9239
vn 0.1422 -0.2360 -0.9613
vn 0.9616 -0.2168 -0.1682
vn 0.9012 -0.2032 -0.3827
vn 0.9616 -0.2168 0.1682
vn 0.9012 -0.2032 0.3827
vn 0.1422 -0.2360 0.9613
vn -0.0845 -0.3730 -0.9240
vn -0.2575 -0.9515 -0.1682
vn -0.2166 -0.9563 -0.1962
vn -0.2040 -0.9009 -0.3830
vn -0.2413 -0.8918 -0.3827
vn -0.2575 -0.9515 0.1682
vn -0.2166 -0.9563 0.1962
vn -0.2413 -0.8918 0.3827
vn -0.2040 -0.9009 0.3830
vn -0.0845 -0.3730 0.9240
vn -0.1003 -0.3681 -0.9244
vn -0.2578 -0.9466 -0.1937
vn -0.2427 -0.8909 -0.3839
vn -0.2578 -0.9466 0.1937
vn -0.2427 -0.8909 0.3839
vn -0.1003 -0.3681 0.9244
vn -0.2021 -0.3158 -0.9271
vn -0.5288 -0.8263 -0.1941
vn -0.4962 -0.7754 -0.3906
vn -0.5288 -0.8263 0.1941
vn -0.4962 -0.7754 0.3906
vn -0.2021 -0.3158 0.9271
vt 0.434783 0.000000
vt 0.521739 0.000000
vt 0.478261 0.000000
vt 0.391304 0.000000
vt 0.347826 0.000000
vt 0.304348 0.000000
vt 0.565217 0.000000
vt 0.608696 0.000000
vt 0.260870 0.000000
vt 0.217391 0.000000
vt 0.652174 0.000000
vt 0.173913 0.000000
vt 0.695652 0.000000
vt 0.130435 0.000000
vt 0.739130 0.000000
vt 0.086957 0.000000
vt 0.782609 0.000000
vt 0.043478 0.000000
vt 0.000000 0.000000
vt 0.826087 0.000000
vt 1.000000 0.000000
vt 0.913043 0.000000
vt 0.869565 0.000000
vt 0.956522 0.000000
vt 0.000000 0.200000
vt 0.041667 0.200000
vt 0.041667 0.000000
vt 0.000000 0.400000
vt 0.041667 0.400000
vt 0.000000 0.600000
vt 0.041667 0.600000
vt 0.000000 0.800000
vt 0.041667 0.800000
vt 0.000000 1.000000
vt 0.041667 1.000000
vt 0.083333 0.200000
vt 0.083333 0.000000
vt 0.083333 0.400000
vt 0.083333 0.600000
vt 0.083333 0.800000
vt 0.083333 1.000000
vt 0.125000 0.200000
vt 0.125000 0.000000
vt 0.125000 0.400000
vt 0.125000 0.600000
vt 0.125000 0.800000
vt 0.125000 1.000000
vt 0.166667 0.200000
vt 0.166667 0.000000
vt 0.166667 0.400000
vt 0.166667 0.600000
vt 0.166667 0.800000
vt 0.166667 1.000000
vt 0.208333 0.200000
vt 0.208333 0.000000
vt 0.208333 0.400000
vt 0.208333 0.600000
vt 0.208333 0.800000
vt 0.208333 1.000000
vt 0.250000 0.200000
vt 0.250000 0.000000
vt 0.250000 0.400000
vt 0.250000 0.600000
vt 0.250000 0.800000
vt 0.250000 1.000000
vt 0.291667 0.200000
vt 0.291667 0.000000
vt 0.291667 0.400000
vt 0.291667 0.600000
vt 0.291667 0.800000
vt 0.291667 1.000000
vt 0.333333 0.200000
vt 0.333333 0.000000
vt 0.333333 0.400000
vt 0.333333 0.600000
vt 0.333333 0.800000
vt 0.333333 1.000000
vt 0.375000 0.200000
vt 0.375000 0.000000
vt 0.375000 0.400000
vt 0.375000 0.600000
vt 0.375000 0.800000
vt 0.375000 1.000000
vt 0.416667 0.200000
vt 0.416667 0.000000
vt 0.416667 0.400000
vt 0.416667 0.600000
vt 0.416667 0.800000
vt 0.416667 1.000000
vt 0.458333 0.200000
vt 0.458333 0.000000
vt 0.458333 0.400000
vt 0.458333 0.600000
vt 0.458333 0.800000
vt 0.458333 1.000000
vt 0.500000 0.200000
vt 0.500000 0.000000
vt 0.500000 0.400000
vt 0.500000 0.600000
vt 0.500000 0.800000
vt 0.500000 1.000000
vt 0.541667 0.200000
vt 0.541667 0.000000
vt 0.541667 0.400000
vt 0.541667 0.600000
vt 0.541667 0.800000
vt 0.541667 1.000000
vt 0.583333 0.200000
vt 0.583333 0.000000
vt 0.583333 0.400000
vt 0.583333 0.600000
vt 0.583333 0.800000
vt 0.583333 1.000000
vt 0.625000 0.200000
vt 0.625000 0.000000
vt 0.625000 0.400000
vt 0.625000 0.600000
vt 0.625000 0.800000
vt 0.625000 1.000000
vt 0.666667 0.200000
vt 0.666667 0.000000
vt 0.666667 0.400000
vt 0.666667 0.600000
vt 0.666667 0.800000
vt 0.666667 1.000000
vt 0.708333 0.200000
vt 0.708333 0.000000
vt 0.708333 0.400000
vt 0.708333 0.600000
vt 0.708333 0.800000
vt 0.708333 1.000000
vt 0.750000 0.200000
vt 0.750000 0.000000
vt 0.750000 0.400000
vt 0.750000 0.600000
vt 0.750000 0.800000
vt 0.750000 1.000000
vt 0.791667 0.200000
vt 0.791667 0.000000
vt 0.791667 0.400000
vt 0.791667 0.600000
vt 0.791667 0.800000
vt 0.791667 1.000000
vt 0.833333 0.200000
vt 0.833333 0.000000
vt 0.833333 0.400000
vt 0.833333 0.600000
vt 0.833333 0.800000
vt 0.833333 1.000000
vt 0.875000 0.200000
vt 0.875000 0.000000
vt 0.875000 0.400000
vt 0.875000 0.600000
vt 0.875000 0.800000
vt 0.875000 1.000000
vt 0.916667 0.200000
vt 0.916667 0.000000
vt 0.916667 0.400000
vt 0.916667 0.600000
vt 0.916667 0.800000
vt 0.916667 1.000000
vt 0.958333 0.200000
vt 0.958333 0.000000
vt 0.958333 0.400000
vt 0.958333 0.600000
vt 0.958333 0.800000
vt 0.958333 1.000000
vt 1.000000 0.200000
vt 1.000000 0.400000
vt 1.000000 0.600000
vt 1.000000 0.800000
vt 1.000000 1.000000
s 1
usemtl Rubber_|_ribbed_black
f 4827/5336/5734 4829/5337/5735 4828/5338/5736
f 4826/5339/5737 4829/5337/5735 4827/5336/5734
f 4825/5340/5738 4829/5337/5735 4826/5339/5737
f 4824/5341/5739 4829/5337/5735 4825/5340/5738
f 4824/5341/5739 4830/5342/5740 4829/5337/5735
f 4824/5341/5739 4831/5343/5741 4830/5342/5740
f 4823/5344/5742 4831/5343/5741 4824/5341/5739
f 4822/5345/5743 4831/5343/5741 4823/5344/5742
f 4822/5345/5743 4832/5346/5744 4831/5343/5741
f 4821/5347/5745 4832/5346/5744 4822/5345/5743
f 4821/5347/5745 4833/5348/5746 4832/5346/5744
f 4820/5349/5745 4833/5348/5746 4821/5347/5745
f 4820/5349/5745 4834/5350/5747 4833/5348/5746
f 4819/5351/5748 4834/5350/5747 4820/5349/5745
f 4819/5351/5748 4835/5352/5749 4834/5350/5747
f 4818/5353/5750 4835/5352/5749 4819/5351/5748
f 4817/5354/5751 4835/5352/5749 4818/5353/5750
f 4817/5354/5751 4836/5355/5752 4835/5352/5749
f 4840/5356/5753 4836/5355/5752 4817/5354/5751
f 4840/5356/5753 4838/5357/5754 4836/5355/5752
f 4838/5357/5754 4837/5358/5755 4836/5355/5752
f 4839/5359/5756 4838/5357/5754 4840/5356/5753
f 4851/5336/5757 4852/5338/5758 4853/5337/5759
f 4850/5339/5760 4851/5336/5757 4853/5337/5759
f 4849/5340/5761 4850/5339/5760 4853/5337/5759
f 4848/5341/5762 4849/5340/5761 4853/5337/5759
f 4848/5341/5762 4853/5337/5759 4854/5342/5763
f 4848/5341/5762 4854/5342/5763 4855/5343/5764
f 4847/5344/5765 4848/5341/5762 4855/5343/5764
f 4846/5345/5766 4847/5344/5765 4855/5343/5764
f 4846/5345/5766 4855/5343/5764 4856/5346/5767
f 4845/5347/5768 4846/5345/5766 4856/5346/5767
f 4845/5347/5768 4856/5346/5767 4857/5348/5769
f 4844/5349/5768 4845/5347/5768 4857/5348/5769
f 4844/5349/5768 4857/5348/5769 4858/5350/5770
f 4843/5351/5771 4844/5349/5768 4858/5350/5770
f 4843/5351/5771 4858/5350/5770 4859/5352/5772
f 4842/5353/5773 4843/5351/5771 4859/5352/5772
f 4841/5354/5774 4842/5353/5773 4859/5352/5772
f 4841/5354/5774 4859/5352/5772 4860/5355/5775
f 4864/5356/5776 4841/5354/5774 4860/5355/5775
f 4864/5356/5776 4860/5355/5775 4862/5357/5777
f 4862/5357/5777 4860/5355/5775 4861/5358/5778
f 4863/5359/5779 4864/5356/5776 4862/5357/5777
f 4865/5360/5780 4869/5361/5781 4842/5362/5773 4841/5354/5774
f 4866/5363/5782 4870/5364/5783 4869/5361/5784 4865/5360/5785
f 4867/5365/5786 4871/5366/5787 4870/5364/5783 4866/5363/5782
f 4868/5367/5788 4872/5368/5789 4871/5366/5787 4867/5365/5786
f 4817/5369/5751 4818/5370/5750 4872/5368/5790 4868/5367/5791
f 4869/5361/5781 4873/5371/5792 4843/5372/5771 4842/5362/5773
f 4870/5364/5783 4874/5373/5793 4873/5371/5794 4869/5361/5784
f 4871/5366/5787 4875/5374/5795 4874/5373/5793 4870/5364/5783
f 4872/5368/5789 4876/5375/5796 4875/5374/5795 4871/5366/5787
f 4818/5370/5750 4819/5376/5748 4876/5375/5797 4872/5368/5790
f 4873/5371/5792 4877/5377/5798 4844/5378/5768 4843/5372/5771
f 4874/5373/5793 4878/5379/5799 4877/5377/5800 4873/5371/5794
f 4875/5374/5795 4879/5380/5801 4878/5379/5799 4874/5373/5793
f 4876/5375/5796 4880/5381/5802 4879/5380/5801 4875/5374/5795
f 4819/5376/5748 4820/5382/5745 4880/5381/5803 4876/5375/5797
f 4877/5377/5798 4881/5383/5798 4845/5384/5768 4844/5378/5768
f 4878/5379/5799 4882/5385/5799 4881/5383/5800 4877/5377/5800
f 4879/5380/5801 4883/5386/5801 4882/5385/5799 4878/5379/5799
f 4880/5381/5802 4884/5387/5802 4883/5386/5801 4879/5380/5801
f 4820/5382/5745 4821/5388/5745 4884/5387/5803 4880/5381/5803
f 4881/5383/5798 4885/5389/5804 4846/5390/5766 4845/5384/5768
f 4882/5385/5799 4886/5391/5805 4885/5389/5806 4881/5383/5800
f 4883/5386/5801 4887/5392/5807 4886/5391/5805 4882/5385/5799
f 4884/5387/5802 4888/5393/5808 4887/5392/5807 4883/5386/5801
f 4821/5388/5745 4822/5394/5743 4888/5393/5809 4884/5387/5803
f 4885/5389/5804 4889/5395/5810 4847/5396/5765 4846/5390/5766
f 4886/5391/5805 4890/5397/5811 4889/5395/5812 4885/5389/5806
f 4887/5392/5807 4891/5398/5813 4890/5397/5811 4886/5391/5805
f 4888/5393/5808 4892/5399/5814 4891/5398/5813 4887/5392/5807
f 4822/5394/5743 4823/5400/5742 4892/5399/5815 4888/5393/5809
f 4889/5395/5810 4893/5401/5816 4848/5402/5762 4847/5396/5765
f 4890/5397/5811 4894/5403/5817 4893/5401/5818 4889/5395/5812
f 4891/5398/5813 4895/5404/5819 4894/5403/5817 4890/5397/5811
f 4892/5399/5814 4896/5405/5820 4895/5404/5819 4891/5398/5813
f 4823/5400/5742 4824/5406/5739 4896/5405/5821 4892/5399/5815
f 4893/5401/5816 4897/5407/5822 4849/5408/5761 4848/5402/5762
f 4894/5403/5817 4898/5409/5823 4897/5407/5824 4893/5401/5818
f 4895/5404/5819 4899/5410/5825 4898/5409/5823 4894/5403/5817
f 4896/5405/5820 4900/5411/5826 4899/5410/5825 4895/5404/5819
f 4824/5406/5739 4825/5412/5738 4900/5411/5827 4896/5405/5821
f 4897/5407/5822 4901/5413/5828 4850/5414/5760 4849/5408/5761
f 4898/5409/5829 4902/5415/5830 4901/5413/5831 4897/5407/5832
f 4899/5410/5833 4903/5416/5834 4902/5415/5830 4898/5409/5829
f 4900/5411/5835 4904/5417/5836 4903/5416/5834 4899/5410/5833
f 4825/5412/5738 4826/5418/5737 4904/5417/5837 4900/5411/5827
f 4901/5413/5828 4905/5419/5838 4851/5420/5757 4850/5414/5760
f 4902/5415/5830 4906/5421/5839 4905/5419/5840 4901/5413/5831
f 4903/5416/5834 4907/5422/5841 4906/5421/5839 4902/5415/5830
f 4904/5417/5836 4908/5423/5842 4907/5422/5841 4903/5416/5834
f 4826/5418/5737 4827/5424/5734 4908/5423/5843 4904/5417/5837
f 4905/5419/5838 4909/5425/5844 4852/5426/5758 4851/5420/5757
f 4906/5421/5839 4910/5427/5845 4909/5425/5846 4905/5419/5840
f 4907/5422/5841 4911/5428/5847 4910/5427/5845 4906/5421/5839
f 4908/5423/5842 4912/5429/5848 4911/5428/5847 4907/5422/5841
f 4827/5424/5734 4828/5430/5736 4912/5429/5849 4908/5423/5843
f 4909/5425/5844 4913/5431/5850 4853/5432/5759 4852/5426/5758
f 4910/5427/5845 4914/5433/5851 4913/5431/5852 4909/5425/5846
f 4911/5428/5847 4915/5434/5853 4914/5433/5851 4910/5427/5845
f 4912/5429/5848 4916/5435/5854 4915/5434/5853 4911/5428/5847
f 4828/5430/5736 4829/5436/5735 4916/5435/5855 4912/5429/5849
f 4913/5431/5850 4917/5437/5856 4854/5438/5763 4853/5432/5759
f 4914/5433/5857 4918/5439/5858 4917/5437/5859 4913/5431/5860
f 4915/5434/5861 4919/5440/5862 4918/5439/5858 4914/5433/5857
f 4916/5435/5863 4920/5441/5864 4919/5440/5862 4915/5434/5861
f 4829/5436/5735 4830/5442/5740 4920/5441/5865 4916/5435/5855
f 4917/5437/5856 4921/5443/5866 4855/5444/5764 4854/5438/5763
f 4918/5439/5858 4922/5445/5867 4921/5443/5868 4917/5437/5859
f 4919/5440/5862 4923/5446/5869 4922/5445/5867 4918/5439/5858
f 4920/5441/5864 4924/5447/5870 4923/5446/5869 4919/5440/5862
f 4830/5442/5740 4831/5448/5741 4924/5447/5871 4920/5441/5865
f 4921/5443/5866 4925/5449/5872 4856/5450/5767 4855/5444/5764
f 4922/5445/5867 4926/5451/5873 4925/5449/5874 4921/5443/5868
f 4923/5446/5869 4927/5452/5875 4926/5451/5873 4922/5445/5867
f 4924/5447/5870 4928/5453/5876 4927/5452/5875 4923/5446/5869
f 4831/5448/5741 4832/5454/5744 4928/5453/5877 4924/5447/5871
f 4925/5449/5872 4929/5455/5878 4857/5456/5769 4856/5450/5767
f 4926/5451/5873 4930/5457/5879 4929/5455/5880 4925/5449/5874
f 4927/5452/5875 4931/5458/5881 4930/5457/5879 4926/5451/5873
f 4928/5453/5876 4932/5459/5882 4931/5458/5881 4927/5452/5875
f 4832/5454/5744 4833/5460/5746 4932/5459/5883 4928/5453/5877
f 4929/5455/5878 4933/5461/5884 4858/5462/5770 4857/5456/5769
f 4930/5457/5879 4934/5463/5885 4933/5461/5886 4929/5455/5880
f 4931/5458/5881 4935/5464/5887 4934/5463/5885 4930/5457/5879
f 4932/5459/5882 4936/5465/5888 4935/5464/5887 4931/5458/5881
f 4833/5460/5746 4834/5466/5747 4936/5465/5889 4932/5459/5883
f 4933/5461/5884 4937/5467/5890 4859/5468/5772 4858/5462/5770
f 4934/5463/5885 4938/5469/5891 4937/5467/5892 4933/5461/5886
f 4935/5464/5887 4939/5470/5893 4938/5469/5891 4934/5463/5885
f 4936/5465/5888 4940/5471/5894 4939/5470/5893 4935/5464/5887
f 4834/5466/5747 4835/5472/5749 4940/5471/5895 4936/5465/5889
f 4937/5467/5890 4941/5473/5896 4860/5474/5775 4859/5468/5772
f 4938/5469/5891 4942/5475/5897 4941/5473/5898 4937/5467/5892
f 4939/5470/5893 4943/5476/5899 4942/5475/5897 4938/5469/5891
f 4940/5471/5894 4944/5477/5900 4943/5476/5899 4939/5470/5893
f 4835/5472/5749 4836/5478/5752 4944/5477/5901 4940/5471/5895
f 4941/5473/5896 4945/5479/5902 4861/5480/5778 4860/5474/5775
f 4942/5475/5897 4946/5481/5903 4945/5479/5904 4941/5473/5898
f 4943/5476/5899 4947/5482/5905 4946/5481/5903 4942/5475/5897
f 4944/5477/5900 4948/5483/5906 4947/5482/5905 4943/5476/5899
f 4836/5478/5752 4837/5484/5755 4948/5483/5907 4944/5477/5901
f 4945/5479/5902 4949/5485/5908 4862/5486/5777 4861/5480/5778
f 4946/5481/5909 4950/5487/5910 4949/5485/5911 4945/5479/5912
f 4947/5482/5913 4951/5488/5914 4950/5487/5910 4946/5481/5909
f 4948/5483/5915 4952/5489/5916 4951/5488/5914 4947/5482/5913
f 4837/5484/5755 4838/5490/5754 4952/5489/5917 4948/5483/5907
f 4949/5485/5908 4953/5491/5918 4863/5492/5779 4862/5486/5777
f 4950/5487/5910 4954/5493/5919 4953/5491/5920 4949/5485/5911
f 4951/5488/5914 4955/5494/5921 4954/5493/5919 4950/5487/5910
f 4952/5489/5916 4956/5495/5922 4955/5494/5921 4951/5488/5914
f 4838/5490/5754 4839/5496/5756 4956/5495/5923 4952/5489/5917
f 4953/5491/5918 4957/5497/5924 4864/5498/5776 4863/5492/5779
f 4954/5493/5919 4958/5499/5925 4957/5497/5926 4953/5491/5920
f 4955/5494/5921 4959/5500/5927 4958/5499/5925 4954/5493/5919
f 4956/5495/5922 4960/5501/5928 4959/5500/5927 4955/5494/5921
f 4839/5496/5756 4840/5502/5753 4960/5501/5929 4956/5495/5923
f 4957/5497/5924 4865/5503/5780 4841/5356/5774 4864/5498/5776
f 4958/5499/5925 4866/5504/5782 4865/5503/5785 4957/5497/5926
f 4959/5500/5927 4867/5505/5786 4866/5504/5782 4958/5499/5925
f 4960/5501/5928 4868/5506/5788 4867/5505/5786 4959/5500/5927
f 4840/5502/5753 4817/5507/5751 4868/5506/5791 4960/5501/5929
o Glow_|_right_forend_strip
v 0.487179 0.053068 0.027051
v 0.487179 0.053068 0.030949
v 0.487179 0.049692 0.032897
v 0.487179 0.046317 0.030949
v 0.487179 0.046317 0.027051
v 0.487179 0.049692 0.025103
v 0.343462 0.053068 0.027051
v 0.343462 0.053068 0.030949
v 0.343462 0.049692 0.032897
v 0.343462 0.046317 0.030949
v 0.343462 0.046317 0.027051
v 0.343462 0.049692 0.025103
v 0.393190 0.053068 0.027051
v 0.393190 0.053068 0.030949
v 0.393190 0.049692 0.032897
v 0.393190 0.046317 0.030949
v 0.393190 0.046317 0.027051
v 0.393190 0.049692 0.025103
v 0.437451 0.053068 0.027051
v 0.437451 0.053068 0.030949
v 0.437451 0.049692 0.032897
v 0.437451 0.046317 0.030949
v 0.437451 0.046317 0.027051
v 0.437451 0.049692 0.025103
vn 1.0000 -0.0000 -0.0000
vn -1.0000 -0.0000 -0.0000
vn -0.0000 0.5000 -0.8660
vn -0.0000 0.8660 -0.5000
vn -0.0000 -0.0000 -1.0000
vn -0.0000 1.0000 -0.0000
vn -0.0000 -0.0000 1.0000
vn -0.0000 0.5000 0.8660
vn -0.0000 -0.8660 0.5000
vn -0.0000 -1.0000 -0.0000
vn -0.0000 -0.5000 -0.8660
vt 1.000000 0.000000
vt 0.600000 0.000000
vt 0.800000 0.000000
vt 0.400000 0.000000
vt 0.000000 0.000000
vt 0.200000 0.000000
vt 0.000000 1.000000
vt 0.333333 1.000000
vt 0.333333 0.833333
vt 0.000000 0.833333
vt 0.000000 0.166667
vt 0.333333 0.166667
vt 0.333333 0.000000
vt 0.000000 0.333333
vt 0.333333 0.333333
vt 0.000000 0.500000
vt 0.333333 0.500000
vt 0.000000 0.666667
vt 0.333333 0.666667
vt 0.666667 1.000000
vt 0.666667 0.833333
vt 0.666667 0.166667
vt 0.666667 0.000000
vt 0.666667 0.333333
vt 0.666667 0.500000
vt 0.666667 0.666667
vt 1.000000 1.000000
vt 1.000000 0.833333
vt 1.000000 0.166667
vt 1.000000 0.333333
vt 1.000000 0.500000
vt 1.000000 0.666667
s 1
usemtl Glow_|_orange_neon
f 4966/5508/5930 4964/5509/5930 4965/5510/5930
f 4966/5508/5930 4963/5511/5930 4964/5509/5930
f 4961/5512/5930 4963/5511/5930 4966/5508/5930
f 4961/5512/5930 4962/5513/5930 4963/5511/5930
f 4970/5509/5931 4972/5508/5931 4971/5510/5931
f 4969/5511/5931 4972/5508/5931 4970/5509/5931
f 4968/5513/5931 4972/5508/5931 4969/5511/5931
f 4968/5513/5931 4967/5512/5931 4972/5508/5931
f 4967/5514/5932 4973/5515/5933 4978/5516/5934 4972/5517/5934
f 4968/5518/5935 4974/5519/5935 4973/5520/5933 4967/5512/5935
f 4969/5521/5936 4975/5522/5936 4974/5519/5937 4968/5518/5937
f 4970/5523/5938 4976/5524/5938 4975/5522/5936 4969/5521/5936
f 4971/5525/5939 4977/5526/5939 4976/5524/5938 4970/5523/5938
f 4972/5517/5934 4978/5516/5934 4977/5526/5940 4971/5525/5940
f 4973/5515/5933 4979/5527/5933 4984/5528/5934 4978/5516/5934
f 4974/5519/5935 4980/5529/5935 4979/5530/5933 4973/5520/5933
f 4975/5522/5936 4981/5531/5936 4980/5529/5937 4974/5519/5937
f 4976/5524/5938 4982/5532/5938 4981/5531/5936 4975/5522/5936
f 4977/5526/5939 4983/5533/5939 4982/5532/5938 4976/5524/5938
f 4978/5516/5934 4984/5528/5934 4983/5533/5940 4977/5526/5940
f 4979/5527/5933 4961/5534/5932 4966/5535/5934 4984/5528/5934
f 4980/5529/5935 4962/5536/5935 4961/5508/5935 4979/5530/5933
f 4981/5531/5936 4963/5537/5936 4962/5536/5937 4980/5529/5937
f 4982/5532/5938 4964/5538/5938 4963/5537/5936 4981/5531/5936
f 4983/5533/5939 4965/5539/5939 4964/5538/5938 4982/5532/5938
f 4984/5528/5934 4966/5535/5934 4965/5539/5940 4983/5533/5940
o Forend_|_right_rib_01
v 0.383410 0.010718 0.027669
v 0.386333 0.010718 0.027669
v 0.387795 0.010718 0.030200
v 0.386333 0.010718 0.032731
v 0.383410 0.010718 0.032731
v 0.381949 0.010718 0.030200
v 0.383410 0.028256 0.027669
v 0.386333 0.028256 0.027669
v 0.387795 0.028256 0.030200
v 0.386333 0.028256 0.032731
v 0.383410 0.028256 0.032731
v 0.381949 0.028256 0.030200
v 0.383410 0.022188 0.027669
v 0.386333 0.022188 0.027669
v 0.387795 0.022188 0.030200
v 0.386333 0.022188 0.032731
v 0.383410 0.022188 0.032731
v 0.381949 0.022188 0.030200
v 0.383410 0.016787 0.027669
v 0.386333 0.016787 0.027669
v 0.387795 0.016787 0.030200
v 0.386333 0.016787 0.032731
v 0.383410 0.016787 0.032731
v 0.381949 0.016787 0.030200
vn -0.0000 -1.0000 -0.0000
vn -0.0000 1.0000 -0.0000
vn -0.8660 -0.0000 -0.5000
vn -0.5000 -0.0000 -0.8660
vn -1.0000 -0.0000 -0.0000
vn -0.0000 -0.0000 -1.0000
vn 0.5000 -0.0000 -0.8660
vn 1.0000 -0.0000 -0.0000
vn 0.8660 -0.0000 -0.5000
vn 0.8660 -0.0000 0.5000
vn 0.5000 -0.0000 0.8660
vn -0.0000 -0.0000 1.0000
vn -0.5000 -0.0000 0.8660
vn -0.8660 -0.0000 0.5000
vt 0.400000 0.000000
vt 0.000000 0.000000
vt 0.200000 0.000000
vt 1.000000 0.000000
vt 0.600000 0.000000
vt 0.800000 0.000000
vt 0.000000 1.000000
vt 0.333333 1.000000
vt 0.333333 0.833333
vt 0.000000 0.833333
vt 0.000000 0.166667
vt 0.333333 0.166667
vt 0.333333 0.000000
vt 0.000000 0.333333
vt 0.333333 0.333333
vt 0.000000 0.500000
vt 0.333333 0.500000
vt 0.000000 0.666667
vt 0.333333 0.666667
vt 0.666667 1.000000
vt 0.666667 0.833333
vt 0.666667 0.166667
vt 0.666667 0.000000
vt 0.666667 0.333333
vt 0.666667 0.500000
vt 0.666667 0.666667
vt 1.000000 1.000000
vt 1.000000 0.833333
vt 1.000000 0.166667
vt 1.000000 0.333333
vt 1.000000 0.500000
vt 1.000000 0.666667
s 1
usemtl Rubber_|_ribbed_black
f 4987/5540/5941 4985/5541/5941 4986/5542/5941
f 4987/5540/5941 4990/5543/5941 4985/5541/5941
f 4988/5544/5941 4990/5543/5941 4987/5540/5941
f 4988/5544/5941 4989/5545/5941 4990/5543/5941
f 4996/5543/5942 4992/5542/5942 4991/5541/5942
f 4996/5543/5942 4993/5540/5942 4992/5542/5942
f 4995/5545/5942 4993/5540/5942 4996/5543/5942
f 4995/5545/5942 4994/5544/5942 4993/5540/5942
f 4991/5546/5943 4997/5547/5944 5002/5548/5945 4996/5549/5945
f 4992/5550/5946 4998/5551/5947 4997/5552/5944 4991/5541/5946
f 4993/5553/5948 4999/5554/5948 4998/5551/5947 4992/5550/5949
f 4994/5555/5950 5000/5556/5951 4999/5554/5948 4993/5553/5948
f 4995/5557/5952 5001/5558/5953 5000/5556/5951 4994/5555/5952
f 4996/5549/5945 5002/5548/5945 5001/5558/5953 4995/5557/5954
f 4997/5547/5944 5003/5559/5944 5008/5560/5945 5002/5548/5945
f 4998/5551/5947 5004/5561/5947 5003/5562/5944 4997/5552/5944
f 4999/5554/5948 5005/5563/5948 5004/5561/5947 4998/5551/5947
f 5000/5556/5951 5006/5564/5951 5005/5563/5948 4999/5554/5948
f 5001/5558/5953 5007/5565/5953 5006/5564/5951 5000/5556/5951
f 5002/5548/5945 5008/5560/5945 5007/5565/5953 5001/5558/5953
f 5003/5559/5944 4985/5566/5943 4990/5567/5945 5008/5560/5945
f 5004/5561/5947 4986/5568/5946 4985/5543/5946 5003/5562/5944
f 5005/5563/5948 4987/5569/5948 4986/5568/5949 5004/5561/5947
f 5006/5564/5951 4988/5570/5950 4987/5569/5948 5005/5563/5948
f 5007/5565/5953 4989/5571/5952 4988/5570/5952 5006/5564/5951
f 5008/5560/5945 4990/5567/5945 4989/5571/5954 5007/5565/5953
o Forend_|_right_rib_02
v 0.395590 0.010718 0.027669
v 0.398513 0.010718 0.027669
v 0.399974 0.010718 0.030200
v 0.398513 0.010718 0.032731
v 0.395590 0.010718 0.032731
v 0.394128 0.010718 0.030200
v 0.395590 0.028256 0.027669
v 0.398513 0.028256 0.027669
v 0.399974 0.028256 0.030200
v 0.398513 0.028256 0.032731
v 0.395590 0.028256 0.032731
v 0.394128 0.028256 0.030200
v 0.395590 0.022188 0.027669
v 0.398513 0.022188 0.027669
v 0.399974 0.022188 0.030200
v 0.398513 0.022188 0.032731
v 0.395590 0.022188 0.032731
v 0.394128 0.022188 0.030200
v 0.395590 0.016787 0.027669
v 0.398513 0.016787 0.027669
v 0.399974 0.016787 0.030200
v 0.398513 0.016787 0.032731
v 0.395590 0.016787 0.032731
v 0.394128 0.016787 0.030200
vn -0.0000 -1.0000 -0.0000
vn -0.0000 1.0000 -0.0000
vn -0.8660 -0.0000 -0.5000
vn -0.5000 -0.0000 -0.8660
vn -1.0000 -0.0000 -0.0000
vn 0.5000 -0.0000 -0.8660
vn -0.0000 -0.0000 -1.0000
vn 0.8660 -0.0000 -0.5000
vn 0.5000 -0.0000 0.8660
vn 0.8660 -0.0000 0.5000
vn -0.0000 -0.0000 1.0000
vn -0.5000 -0.0000 0.8660
vn -0.8660 -0.0000 0.5000
vn 1.0000 -0.0000 -0.0000
vt 0.400000 0.000000
vt 0.000000 0.000000
vt 0.200000 0.000000
vt 1.000000 0.000000
vt 0.600000 0.000000
vt 0.800000 0.000000
vt 0.000000 1.000000
vt 0.333333 1.000000
vt 0.333333 0.833333
vt 0.000000 0.833333
vt 0.000000 0.166667
vt 0.333333 0.166667
vt 0.333333 0.000000
vt 0.000000 0.333333
vt 0.333333 0.333333
vt 0.000000 0.500000
vt 0.333333 0.500000
vt 0.000000 0.666667
vt 0.333333 0.666667
vt 0.666667 1.000000
vt 0.666667 0.833333
vt 0.666667 0.166667
vt 0.666667 0.000000
vt 0.666667 0.333333
vt 0.666667 0.500000
vt 0.666667 0.666667
vt 1.000000 1.000000
vt 1.000000 0.833333
vt 1.000000 0.166667
vt 1.000000 0.333333
vt 1.000000 0.500000
vt 1.000000 0.666667
s 1
usemtl Rubber_|_ribbed_black
f 5011/5572/5955 5009/5573/5955 5010/5574/5955
f 5011/5572/5955 5014/5575/5955 5009/5573/5955
f 5012/5576/5955 5014/5575/5955 5011/5572/5955
f 5012/5576/5955 5013/5577/5955 5014/5575/5955
f 5020/5575/5956 5016/5574/5956 5015/5573/5956
f 5020/5575/5956 5017/5572/5956 5016/5574/5956
f 5019/5577/5956 5017/5572/5956 5020/5575/5956
f 5019/5577/5956 5018/5576/5956 5017/5572/5956
f 5015/5578/5957 5021/5579/5958 5026/5580/5959 5020/5581/5959
f 5016/5582/5960 5022/5583/5960 5021/5584/5958 5015/5573/5961
f 5017/5585/5962 5023/5586/5962 5022/5583/5960 5016/5582/5960
f 5018/5587/5963 5024/5588/5963 5023/5586/5964 5017/5585/5964
f 5019/5589/5965 5025/5590/5966 5024/5588/5963 5018/5587/5963
f 5020/5581/5959 5026/5580/5959 5025/5590/5966 5019/5589/5967
f 5021/5579/5958 5027/5591/5958 5032/5592/5959 5026/5580/5959
f 5022/5583/5960 5028/5593/5960 5027/5594/5958 5021/5584/5958
f 5023/5586/5962 5029/5595/5968 5028/5593/5960 5022/5583/5960
f 5024/5588/5963 5030/5596/5963 5029/5595/5968 5023/5586/5964
f 5025/5590/5966 5031/5597/5966 5030/5596/5963 5024/5588/5963
f 5026/5580/5959 5032/5592/5959 5031/5597/5966 5025/5590/5966
f 5027/5591/5958 5009/5598/5957 5014/5599/5959 5032/5592/5959
f 5028/5593/5960 5010/5600/5961 5009/5575/5961 5027/5594/5958
f 5029/5595/5968 5011/5601/5968 5010/5600/5962 5028/5593/5960
f 5030/5596/5963 5012/5602/5964 5011/5601/5968 5029/5595/5968
f 5031/5597/5966 5013/5603/5965 5012/5602/5965 5030/5596/5963
f 5032/5592/5959 5014/5599/5959 5013/5603/5967 5031/5597/5966
o Forend_|_right_rib_03
v 0.407769 0.010718 0.027669
v 0.410692 0.010718 0.027669
v 0.412154 0.010718 0.030200
v 0.410692 0.010718 0.032731
v 0.407769 0.010718 0.032731
v 0.406308 0.010718 0.030200
v 0.407769 0.028256 0.027669
v 0.410692 0.028256 0.027669
v 0.412154 0.028256 0.030200
v 0.410692 0.028256 0.032731
v 0.407769 0.028256 0.032731
v 0.406308 0.028256 0.030200
v 0.407769 0.022188 0.027669
v 0.410692 0.022188 0.027669
v 0.412154 0.022188 0.030200
v 0.410692 0.022188 0.032731
v 0.407769 0.022188 0.032731
v 0.406308 0.022188 0.030200
v 0.407769 0.016787 0.027669
v 0.410692 0.016787 0.027669
v 0.412154 0.016787 0.030200
v 0.410692 0.016787 0.032731
v 0.407769 0.016787 0.032731
v 0.406308 0.016787 0.030200
vn -0.0000 -1.0000 -0.0000
vn -0.0000 1.0000 -0.0000
vn -0.8660 -0.0000 -0.5000
vn -0.5000 -0.0000 -0.8660
vn -1.0000 -0.0000 -0.0000
vn -0.0000 -0.0000 -1.0000
vn 0.5000 -0.0000 -0.8660
vn 1.0000 -0.0000 -0.0000
vn 0.8660 -0.0000 -0.5000
vn 0.8660 -0.0000 0.5000
vn 0.5000 -0.0000 0.8660
vn -0.0000 -0.0000 1.0000
vn -0.5000 -0.0000 0.8660
vn -0.8660 -0.0000 0.5000
vt 0.400000 0.000000
vt 0.000000 0.000000
vt 0.200000 0.000000
vt 1.000000 0.000000
vt 0.600000 0.000000
vt 0.800000 0.000000
vt 0.000000 1.000000
vt 0.333333 1.000000
vt 0.333333 0.833333
vt 0.000000 0.833333
vt 0.000000 0.166667
vt 0.333333 0.166667
vt 0.333333 0.000000
vt 0.000000 0.333333
vt 0.333333 0.333333
vt 0.000000 0.500000
vt 0.333333 0.500000
vt 0.000000 0.666667
vt 0.333333 0.666667
vt 0.666667 1.000000
vt 0.666667 0.833333
vt 0.666667 0.166667
vt 0.666667 0.000000
vt 0.666667 0.333333
vt 0.666667 0.500000
vt 0.666667 0.666667
vt 1.000000 1.000000
vt 1.000000 0.833333
vt 1.000000 0.166667
vt 1.000000 0.333333
vt 1.000000 0.500000
vt 1.000000 0.666667
s 1
usemtl Rubber_|_ribbed_black
f 5035/5604/5969 5033/5605/5969 5034/5606/5969
f 5035/5604/5969 5038/5607/5969 5033/5605/5969
f 5036/5608/5969 5038/5607/5969 5035/5604/5969
f 5036/5608/5969 5037/5609/5969 5038/5607/5969
f 5044/5607/5970 5040/5606/5970 5039/5605/5970
f 5044/5607/5970 5041/5604/5970 5040/5606/5970
f 5043/5609/5970 5041/5604/5970 5044/5607/5970
f 5043/5609/5970 5042/5608/5970 5041/5604/5970
f 5039/5610/5971 5045/5611/5972 5050/5612/5973 5044/5613/5973
f 5040/5614/5974 5046/5615/5975 5045/5616/5972 5039/5605/5974
f 5041/5617/5976 5047/5618/5976 5046/5615/5975 5040/5614/5977
f 5042/5619/5978 5048/5620/5979 5047/5618/5976 5041/5617/5976
f 5043/5621/5980 5049/5622/5981 5048/5620/5979 5042/5619/5980
f 5044/5613/5973 5050/5612/5973 5049/5622/5981 5043/5621/5982
f 5045/5611/5972 5051/5623/5972 5056/5624/5971 5050/5612/5973
f 5046/5615/5975 5052/5625/5975 5051/5626/5972 5045/5616/5972
f 5047/5618/5976 5053/5627/5976 5052/5625/5975 5046/5615/5975
f 5048/5620/5979 5054/5628/5979 5053/5627/5976 5047/5618/5976
f 5049/5622/5981 5055/5629/5981 5054/5628/5979 5048/5620/5979
f 5050/5612/5973 5056/5624/5982 5055/5629/5981 5049/5622/5981
f 5051/5623/5972 5033/5630/5972 5038/5631/5971 5056/5624/5971
f 5052/5625/5975 5034/5632/5974 5033/5607/5972 5051/5626/5972
f 5053/5627/5976 5035/5633/5976 5034/5632/5977 5052/5625/5975
f 5054/5628/5979 5036/5634/5978 5035/5633/5976 5053/5627/5976
f 5055/5629/5981 5037/5635/5981 5036/5634/5980 5054/5628/5979
f 5056/5624/5982 5038/5631/5982 5037/5635/5981 5055/5629/5981
o Forend_|_right_rib_04
v 0.419949 0.010718 0.027669
v 0.422872 0.010718 0.027669
v 0.424333 0.010718 0.030200
v 0.422872 0.010718 0.032731
v 0.419949 0.010718 0.032731
v 0.418487 0.010718 0.030200
v 0.419949 0.028256 0.027669
v 0.422872 0.028256 0.027669
v 0.424333 0.028256 0.030200
v 0.422872 0.028256 0.032731
v 0.419949 0.028256 0.032731
v 0.418487 0.028256 0.030200
v 0.419949 0.022188 0.027669
v 0.422872 0.022188 0.027669
v 0.424333 0.022188 0.030200
v 0.422872 0.022188 0.032731
v 0.419949 0.022188 0.032731
v 0.418487 0.022188 0.030200
v 0.419949 0.016787 0.027669
v 0.422872 0.016787 0.027669
v 0.424333 0.016787 0.030200
v 0.422872 0.016787 0.032731
v 0.419949 0.016787 0.032731
v 0.418487 0.016787 0.030200
vn -0.0000 -1.0000 -0.0000
vn -0.0000 1.0000 -0.0000
vn -0.5000 -0.0000 -0.8660
vn -0.8660 -0.0000 -0.5000
vn -0.0000 -0.0000 -1.0000
vn 0.5000 -0.0000 -0.8660
vn 1.0000 -0.0000 -0.0000
vn 0.8660 -0.0000 -0.5000
vn 0.8660 -0.0000 0.5000
vn 0.5000 -0.0000 0.8660
vn -0.5000 -0.0000 0.8660
vn -0.0000 -0.0000 1.0000
vn -0.8660 -0.0000 0.5000
vn -1.0000 -0.0000 -0.0000
vt 0.400000 0.000000
vt 0.000000 0.000000
vt 0.200000 0.000000
vt 1.000000 0.000000
vt 0.600000 0.000000
vt 0.800000 0.000000
vt 0.000000 1.000000
vt 0.333333 1.000000
vt 0.333333 0.833333
vt 0.000000 0.833333
vt 0.000000 0.166667
vt 0.333333 0.166667
vt 0.333333 0.000000
vt 0.000000 0.333333
vt 0.333333 0.333333
vt 0.000000 0.500000
vt 0.333333 0.500000
vt 0.000000 0.666667
vt 0.333333 0.666667
vt 0.666667 1.000000
vt 0.666667 0.833333
vt 0.666667 0.166667
vt 0.666667 0.000000
vt 0.666667 0.333333
vt 0.666667 0.500000
vt 0.666667 0.666667
vt 1.000000 1.000000
vt 1.000000 0.833333
vt 1.000000 0.166667
vt 1.000000 0.333333
vt 1.000000 0.500000
vt 1.000000 0.666667
s 1
usemtl Rubber_|_ribbed_black
f 5059/5636/5983 5057/5637/5983 5058/5638/5983
f 5059/5636/5983 5062/5639/5983 5057/5637/5983
f 5060/5640/5983 5062/5639/5983 5059/5636/5983
f 5060/5640/5983 5061/5641/5983 5062/5639/5983
f 5068/5639/5984 5064/5638/5984 5063/5637/5984
f 5068/5639/5984 5065/5636/5984 5064/5638/5984
f 5067/5641/5984 5065/5636/5984 5068/5639/5984
f 5067/5641/5984 5066/5640/5984 5065/5636/5984
f 5063/5642/5985 5069/5643/5985 5074/5644/5986 5068/5645/5986
f 5064/5646/5987 5070/5647/5988 5069/5648/5985 5063/5637/5985
f 5065/5649/5989 5071/5650/5989 5070/5647/5988 5064/5646/5990
f 5066/5651/5991 5072/5652/5992 5071/5650/5989 5065/5649/5989
f 5067/5653/5993 5073/5654/5993 5072/5652/5992 5066/5651/5994
f 5068/5645/5995 5074/5644/5995 5073/5654/5993 5067/5653/5993
f 5069/5643/5985 5075/5655/5985 5080/5656/5996 5074/5644/5986
f 5070/5647/5988 5076/5657/5988 5075/5658/5985 5069/5648/5985
f 5071/5650/5989 5077/5659/5989 5076/5657/5988 5070/5647/5988
f 5072/5652/5992 5078/5660/5992 5077/5659/5989 5071/5650/5989
f 5073/5654/5993 5079/5661/5993 5078/5660/5992 5072/5652/5992
f 5074/5644/5995 5080/5656/5996 5079/5661/5993 5073/5654/5993
f 5075/5655/5985 5057/5662/5986 5062/5663/5996 5080/5656/5996
f 5076/5657/5988 5058/5664/5987 5057/5639/5987 5075/5658/5985
f 5077/5659/5989 5059/5665/5989 5058/5664/5990 5076/5657/5988
f 5078/5660/5992 5060/5666/5991 5059/5665/5989 5077/5659/5989
f 5079/5661/5993 5061/5667/5994 5060/5666/5994 5078/5660/5992
f 5080/5656/5996 5062/5663/5996 5061/5667/5995 5079/5661/5993
o Forend_|_right_rib_05
v 0.432128 0.010718 0.027669
v 0.435051 0.010718 0.027669
v 0.436513 0.010718 0.030200
v 0.435051 0.010718 0.032731
v 0.432128 0.010718 0.032731
v 0.430667 0.010718 0.030200
v 0.432128 0.028256 0.027669
v 0.435051 0.028256 0.027669
v 0.436513 0.028256 0.030200
v 0.435051 0.028256 0.032731
v 0.432128 0.028256 0.032731
v 0.430667 0.028256 0.030200
v 0.432128 0.022188 0.027669
v 0.435051 0.022188 0.027669
v 0.436513 0.022188 0.030200
v 0.435051 0.022188 0.032731
v 0.432128 0.022188 0.032731
v 0.430667 0.022188 0.030200
v 0.432128 0.016787 0.027669
v 0.435051 0.016787 0.027669
v 0.436513 0.016787 0.030200
v 0.435051 0.016787 0.032731
v 0.432128 0.016787 0.032731
v 0.430667 0.016787 0.030200
vn -0.0000 -1.0000 -0.0000
vn -0.0000 1.0000 -0.0000
vn -0.8660 -0.0000 -0.5000
vn -0.5000 -0.0000 -0.8660
vn -1.0000 -0.0000 -0.0000
vn -0.0000 -0.0000 -1.0000
vn 0.5000 -0.0000 -0.8660
vn 1.0000 -0.0000 -0.0000
vn 0.8660 -0.0000 -0.5000
vn 0.8660 -0.0000 0.5000
vn 0.5000 -0.0000 0.8660
vn -0.0000 -0.0000 1.0000
vn -0.5000 -0.0000 0.8660
vn -0.8660 -0.0000 0.5000
vt 0.400000 0.000000
vt 0.000000 0.000000
vt 0.200000 0.000000
vt 1.000000 0.000000
vt 0.600000 0.000000
vt 0.800000 0.000000
vt 0.000000 1.000000
vt 0.333333 1.000000
vt 0.333333 0.833333
vt 0.000000 0.833333
vt 0.000000 0.166667
vt 0.333333 0.166667
vt 0.333333 0.000000
vt 0.000000 0.333333
vt 0.333333 0.333333
vt 0.000000 0.500000
vt 0.333333 0.500000
vt 0.000000 0.666667
vt 0.333333 0.666667
vt 0.666667 1.000000
vt 0.666667 0.833333
vt 0.666667 0.166667
vt 0.666667 0.000000
vt 0.666667 0.333333
vt 0.666667 0.500000
vt 0.666667 0.666667
vt 1.000000 1.000000
vt 1.000000 0.833333
vt 1.000000 0.166667
vt 1.000000 0.333333
vt 1.000000 0.500000
vt 1.000000 0.666667
s 1
usemtl Rubber_|_ribbed_black
f 5083/5668/5997 5081/5669/5997 5082/5670/5997
f 5083/5668/5997 5086/5671/5997 5081/5669/5997
f 5084/5672/5997 5086/5671/5997 5083/5668/5997
f 5084/5672/5997 5085/5673/5997 5086/5671/5997
f 5092/5671/5998 5088/5670/5998 5087/5669/5998
f 5092/5671/5998 5089/5668/5998 5088/5670/5998
f 5091/5673/5998 5089/5668/5998 5092/5671/5998
f 5091/5673/5998 5090/5672/5998 5089/5668/5998
f 5087/5674/5999 5093/5675/6000 5098/5676/6001 5092/5677/6001
f 5088/5678/6002 5094/5679/6003 5093/5680/6000 5087/5669/6002
f 5089/5681/6004 5095/5682/6004 5094/5679/6003 5088/5678/6005
f 5090/5683/6006 5096/5684/6007 5095/5682/6004 5089/5681/6004
f 5091/5685/6008 5097/5686/6009 5096/5684/6007 5090/5683/6008
f 5092/5677/6001 5098/5676/6001 5097/5686/6009 5091/5685/6010
f 5093/5675/6000 5099/5687/6000 5104/5688/6001 5098/5676/6001
f 5094/5679/6003 5100/5689/6003 5099/5690/6000 5093/5680/6000
f 5095/5682/6004 5101/5691/6004 5100/5689/6003 5094/5679/6003
f 5096/5684/6007 5102/5692/6007 5101/5691/6004 5095/5682/6004
f 5097/5686/6009 5103/5693/6009 5102/5692/6007 5096/5684/6007
f 5098/5676/6001 5104/5688/6001 5103/5693/6009 5097/5686/6009
f 5099/5687/6000 5081/5694/5999 5086/5695/6001 5104/5688/6001
f 5100/5689/6003 5082/5696/6002 5081/5671/6002 5099/5690/6000
f 5101/5691/6004 5083/5697/6004 5082/5696/6005 5100/5689/6003
f 5102/5692/6007 5084/5698/6006 5083/5697/6004 5101/5691/6004
f 5103/5693/6009 5085/5699/6008 5084/5698/6008 5102/5692/6007
f 5104/5688/6001 5086/5695/6001 5085/5699/6010 5103/5693/6009
o Forend_|_right_rib_06
v 0.444308 0.010718 0.027669
v 0.447231 0.010718 0.027669
v 0.448692 0.010718 0.030200
v 0.447231 0.010718 0.032731
v 0.444308 0.010718 0.032731
v 0.442846 0.010718 0.030200
v 0.444308 0.028256 0.027669
v 0.447231 0.028256 0.027669
v 0.448692 0.028256 0.030200
v 0.447231 0.028256 0.032731
v 0.444308 0.028256 0.032731
v 0.442846 0.028256 0.030200
v 0.444308 0.022188 0.027669
v 0.447231 0.022188 0.027669
v 0.448692 0.022188 0.030200
v 0.447231 0.022188 0.032731
v 0.444308 0.022188 0.032731
v 0.442846 0.022188 0.030200
v 0.444308 0.016787 0.027669
v 0.447231 0.016787 0.027669
v 0.448692 0.016787 0.030200
v 0.447231 0.016787 0.032731
v 0.444308 0.016787 0.032731
v 0.442846 0.016787 0.030200
vn -0.0000 -1.0000 -0.0000
vn -0.0000 1.0000 -0.0000
vn -0.8660 -0.0000 -0.5000
vn -0.5000 -0.0000 -0.8660
vn -1.0000 -0.0000 -0.0000
vn -0.0000 -0.0000 -1.0000
vn 0.5000 -0.0000 -0.8660
vn 1.0000 -0.0000 -0.0000
vn 0.8660 -0.0000 -0.5000
vn 0.8660 -0.0000 0.5000
vn 0.5000 -0.0000 0.8660
vn -0.0000 -0.0000 1.0000
vn -0.5000 -0.0000 0.8660
vn -0.8660 -0.0000 0.5000
vt 0.400000 0.000000
vt 0.000000 0.000000
vt 0.200000 0.000000
vt 1.000000 0.000000
vt 0.600000 0.000000
vt 0.800000 0.000000
vt 0.000000 1.000000
vt 0.333333 1.000000
vt 0.333333 0.833333
vt 0.000000 0.833333
vt 0.000000 0.166667
vt 0.333333 0.166667
vt 0.333333 0.000000
vt 0.000000 0.333333
vt 0.333333 0.333333
vt 0.000000 0.500000
vt 0.333333 0.500000
vt 0.000000 0.666667
vt 0.333333 0.666667
vt 0.666667 1.000000
vt 0.666667 0.833333
vt 0.666667 0.166667
vt 0.666667 0.000000
vt 0.666667 0.333333
vt 0.666667 0.500000
vt 0.666667 0.666667
vt 1.000000 1.000000
vt 1.000000 0.833333
vt 1.000000 0.166667
vt 1.000000 0.333333
vt 1.000000 0.500000
vt 1.000000 0.666667
s 1
usemtl Rubber_|_ribbed_black
f 5107/5700/6011 5105/5701/6011 5106/5702/6011
f 5107/5700/6011 5110/5703/6011 5105/5701/6011
f 5108/5704/6011 5110/5703/6011 5107/5700/6011
f 5108/5704/6011 5109/5705/6011 5110/5703/6011
f 5116/5703/6012 5112/5702/6012 5111/5701/6012
f 5116/5703/6012 5113/5700/6012 5112/5702/6012
f 5115/5705/6012 5113/5700/6012 5116/5703/6012
f 5115/5705/6012 5114/5704/6012 5113/5700/6012
f 5111/5706/6013 5117/5707/6014 5122/5708/6015 5116/5709/6015
f 5112/5710/6016 5118/5711/6017 5117/5712/6014 5111/5701/6016
f 5113/5713/6018 5119/5714/6018 5118/5711/6017 5112/5710/6019
f 5114/5715/6020 5120/5716/6021 5119/5714/6018 5113/5713/6018
f 5115/5717/6022 5121/5718/6023 5120/5716/6021 5114/5715/6022
f 5116/5709/6015 5122/5708/6015 5121/5718/6023 5115/5717/6024
f 5117/5707/6014 5123/5719/6014 5128/5720/6015 5122/5708/6015
f 5118/5711/6017 5124/5721/6017 5123/5722/6014 5117/5712/6014
f 5119/5714/6018 5125/5723/6018 5124/5721/6017 5118/5711/6017
f 5120/5716/6021 5126/5724/6021 5125/5723/6018 5119/5714/6018
f 5121/5718/6023 5127/5725/6023 5126/5724/6021 5120/5716/6021
f 5122/5708/6015 5128/5720/6015 5127/5725/6023 5121/5718/6023
f 5123/5719/6014 5105/5726/6013 5110/5727/6015 5128/5720/6015
f 5124/5721/6017 5106/5728/6016 5105/5703/6016 5123/5722/6014
f 5125/5723/6018 5107/5729/6018 5106/5728/6019 5124/5721/6017
f 5126/5724/6021 5108/5730/6020 5107/5729/6018 5125/5723/6018
f 5127/5725/6023 5109/5731/6022 5108/5730/6022 5126/5724/6021
f 5128/5720/6015 5110/5727/6015 5109/5731/6024 5127/5725/6023
o Forend_|_right_rib_07
v 0.456487 0.010718 0.027669
v 0.459410 0.010718 0.027669
v 0.460872 0.010718 0.030200
v 0.459410 0.010718 0.032731
v 0.456487 0.010718 0.032731
v 0.455026 0.010718 0.030200
v 0.456487 0.028256 0.027669
v 0.459410 0.028256 0.027669
v 0.460872 0.028256 0.030200
v 0.459410 0.028256 0.032731
v 0.456487 0.028256 0.032731
v 0.455026 0.028256 0.030200
v 0.456487 0.022188 0.027669
v 0.459410 0.022188 0.027669
v 0.460872 0.022188 0.030200
v 0.459410 0.022188 0.032731
v 0.456487 0.022188 0.032731
v 0.455026 0.022188 0.030200
v 0.456487 0.016787 0.027669
v 0.459410 0.016787 0.027669
v 0.460872 0.016787 0.030200
v 0.459410 0.016787 0.032731
v 0.456487 0.016787 0.032731
v 0.455026 0.016787 0.030200
vn -0.0000 -1.0000 -0.0000
vn -0.0000 1.0000 -0.0000
vn -0.5000 -0.0000 -0.8660
vn -0.8660 -0.0000 -0.5000
vn -0.0000 -0.0000 -1.0000
vn 0.5000 -0.0000 -0.8660
vn 1.0000 -0.0000 -0.0000
vn 0.8660 -0.0000 -0.5000
vn 0.8660 -0.0000 0.5000
vn 0.5000 -0.0000 0.8660
vn -0.5000 -0.0000 0.8660
vn -0.0000 -0.0000 1.0000
vn -0.8660 -0.0000 0.5000
vn -1.0000 -0.0000 -0.0000
vt 0.400000 0.000000
vt 0.000000 0.000000
vt 0.200000 0.000000
vt 1.000000 0.000000
vt 0.600000 0.000000
vt 0.800000 0.000000
vt 0.000000 1.000000
vt 0.333333 1.000000
vt 0.333333 0.833333
vt 0.000000 0.833333
vt 0.000000 0.166667
vt 0.333333 0.166667
vt 0.333333 0.000000
vt 0.000000 0.333333
vt 0.333333 0.333333
vt 0.000000 0.500000
vt 0.333333 0.500000
vt 0.000000 0.666667
vt 0.333333 0.666667
vt 0.666667 1.000000
vt 0.666667 0.833333
vt 0.666667 0.166667
vt 0.666667 0.000000
vt 0.666667 0.333333
vt 0.666667 0.500000
vt 0.666667 0.666667
vt 1.000000 1.000000
vt 1.000000 0.833333
vt 1.000000 0.166667
vt 1.000000 0.333333
vt 1.000000 0.500000
vt 1.000000 0.666667
s 1
usemtl Rubber_|_ribbed_black
f 5131/5732/6025 5129/5733/6025 5130/5734/6025
f 5131/5732/6025 5134/5735/6025 5129/5733/6025
f 5132/5736/6025 5134/5735/6025 5131/5732/6025
f 5132/5736/6025 5133/5737/6025 5134/5735/6025
f 5140/5735/6026 5136/5734/6026 5135/5733/6026
f 5140/5735/6026 5137/5732/6026 5136/5734/6026
f 5139/5737/6026 5137/5732/6026 5140/5735/6026
f 5139/5737/6026 5138/5736/6026 5137/5732/6026
f 5135/5738/6027 5141/5739/6027 5146/5740/6028 5140/5741/6028
f 5136/5742/6029 5142/5743/6030 5141/5744/6027 5135/5733/6027
f 5137/5745/6031 5143/5746/6031 5142/5743/6030 5136/5742/6032
f 5138/5747/6033 5144/5748/6034 5143/5746/6031 5137/5745/6031
f 5139/5749/6035 5145/5750/6035 5144/5748/6034 5138/5747/6036
f 5140/5741/6037 5146/5740/6037 5145/5750/6035 5139/5749/6035
f 5141/5739/6027 5147/5751/6027 5152/5752/6038 5146/5740/6028
f 5142/5743/6030 5148/5753/6030 5147/5754/6027 5141/5744/6027
f 5143/5746/6031 5149/5755/6031 5148/5753/6030 5142/5743/6030
f 5144/5748/6034 5150/5756/6034 5149/5755/6031 5143/5746/6031
f 5145/5750/6035 5151/5757/6035 5150/5756/6034 5144/5748/6034
f 5146/5740/6037 5152/5752/6038 5151/5757/6035 5145/5750/6035
f 5147/5751/6027 5129/5758/6028 5134/5759/6038 5152/5752/6038
f 5148/5753/6030 5130/5760/6029 5129/5735/6029 5147/5754/6027
f 5149/5755/6031 5131/5761/6031 5130/5760/6032 5148/5753/6030
f 5150/5756/6034 5132/5762/6033 5131/5761/6031 5149/5755/6031
f 5151/5757/6035 5133/5763/6036 5132/5762/6036 5150/5756/6034
f 5152/5752/6038 5134/5759/6038 5133/5763/6037 5151/5757/6035
o Forend_|_right_rib_08
v 0.468667 0.010718 0.027669
v 0.471590 0.010718 0.027669
v 0.473051 0.010718 0.030200
v 0.471590 0.010718 0.032731
v 0.468667 0.010718 0.032731
v 0.467205 0.010718 0.030200
v 0.468667 0.028256 0.027669
v 0.471590 0.028256 0.027669
v 0.473051 0.028256 0.030200
v 0.471590 0.028256 0.032731
v 0.468667 0.028256 0.032731
v 0.467205 0.028256 0.030200
v 0.468667 0.022188 0.027669
v 0.471590 0.022188 0.027669
v 0.473051 0.022188 0.030200
v 0.471590 0.022188 0.032731
v 0.468667 0.022188 0.032731
v 0.467205 0.022188 0.030200
v 0.468667 0.016787 0.027669
v 0.471590 0.016787 0.027669
v 0.473051 0.016787 0.030200
v 0.471590 0.016787 0.032731
v 0.468667 0.016787 0.032731
v 0.467205 0.016787 0.030200
vn -0.0000 -1.0000 -0.0000
vn -0.0000 1.0000 -0.0000
vn -0.8660 -0.0000 -0.5000
vn -0.5000 -0.0000 -0.8660
vn -1.0000 -0.0000 -0.0000
vn -0.0000 -0.0000 -1.0000
vn 0.5000 -0.0000 -0.8660
vn 1.0000 -0.0000 -0.0000
vn 0.8660 -0.0000 -0.5000
vn 0.8660 -0.0000 0.5000
vn 0.5000 -0.0000 0.8660
vn -0.0000 -0.0000 1.0000
vn -0.5000 -0.0000 0.8660
vn -0.8660 -0.0000 0.5000
vt 0.400000 0.000000
vt 0.000000 0.000000
vt 0.200000 0.000000
vt 1.000000 0.000000
vt 0.600000 0.000000
vt 0.800000 0.000000
vt 0.000000 1.000000
vt 0.333333 1.000000
vt 0.333333 0.833333
vt 0.000000 0.833333
vt 0.000000 0.166667
vt 0.333333 0.166667
vt 0.333333 0.000000
vt 0.000000 0.333333
vt 0.333333 0.333333
vt 0.000000 0.500000
vt 0.333333 0.500000
vt 0.000000 0.666667
vt 0.333333 0.666667
vt 0.666667 1.000000
vt 0.666667 0.833333
vt 0.666667 0.166667
vt 0.666667 0.000000
vt 0.666667 0.333333
vt 0.666667 0.500000
vt 0.666667 0.666667
vt 1.000000 1.000000
vt 1.000000 0.833333
vt 1.000000 0.166667
vt 1.000000 0.333333
vt 1.000000 0.500000
vt 1.000000 0.666667
s 1
usemtl Rubber_|_ribbed_black
f 5155/5764/6039 5153/5765/6039 5154/5766/6039
f 5155/5764/6039 5158/5767/6039 5153/5765/6039
f 5156/5768/6039 5158/5767/6039 5155/5764/6039
f 5156/5768/6039 5157/5769/6039 5158/5767/6039
f 5164/5767/6040 5160/5766/6040 5159/5765/6040
f 5164/5767/6040 5161/5764/6040 5160/5766/6040
f 5163/5769/6040 5161/5764/6040 5164/5767/6040
f 5163/5769/6040 5162/5768/6040 5161/5764/6040
f 5159/5770/6041 5165/5771/6042 5170/5772/6043 5164/5773/6043
f 5160/5774/6044 5166/5775/6045 5165/5776/6042 5159/5765/6044
f 5161/5777/6046 5167/5778/6046 5166/5775/6045 5160/5774/6047
f 5162/5779/6048 5168/5780/6049 5167/5778/6046 5161/5777/6046
f 5163/5781/6050 5169/5782/6051 5168/5780/6049 5162/5779/6050
f 5164/5773/6043 5170/5772/6043 5169/5782/6051 5163/5781/6052
f 5165/5771/6042 5171/5783/6042 5176/5784/6041 5170/5772/6043
f 5166/5775/6045 5172/5785/6045 5171/5786/6042 5165/5776/6042
f 5167/5778/6046 5173/5787/6046 5172/5785/6045 5166/5775/6045
f 5168/5780/6049 5174/5788/6049 5173/5787/6046 5167/5778/6046
f 5169/5782/6051 5175/5789/6051 5174/5788/6049 5168/5780/6049
f 5170/5772/6043 5176/5784/6052 5175/5789/6051 5169/5782/6051
f 5171/5783/6042 5153/5790/6042 5158/5791/6041 5176/5784/6041
f 5172/5785/6045 5154/5792/6044 5153/5767/6042 5171/5786/6042
f 5173/5787/6046 5155/5793/6046 5154/5792/6047 5172/5785/6045
f 5174/5788/6049 5156/5794/6048 5155/5793/6046 5173/5787/6046
f 5175/5789/6051 5157/5795/6051 5156/5794/6050 5174/5788/6049
f 5176/5784/6052 5158/5791/6052 5157/5795/6051 5175/5789/6051
o Forend_|_right_rib_09
v 0.480846 0.010718 0.027669
v 0.483769 0.010718 0.027669
v 0.485231 0.010718 0.030200
v 0.483769 0.010718 0.032731
v 0.480846 0.010718 0.032731
v 0.479385 0.010718 0.030200
v 0.480846 0.028256 0.027669
v 0.483769 0.028256 0.027669
v 0.485231 0.028256 0.030200
v 0.483769 0.028256 0.032731
v 0.480846 0.028256 0.032731
v 0.479385 0.028256 0.030200
v 0.480846 0.022188 0.027669
v 0.483769 0.022188 0.027669
v 0.485231 0.022188 0.030200
v 0.483769 0.022188 0.032731
v 0.480846 0.022188 0.032731
v 0.479385 0.022188 0.030200
v 0.480846 0.016787 0.027669
v 0.483769 0.016787 0.027669
v 0.485231 0.016787 0.030200
v 0.483769 0.016787 0.032731
v 0.480846 0.016787 0.032731
v 0.479385 0.016787 0.030200
vn -0.0000 -1.0000 -0.0000
vn -0.0000 1.0000 -0.0000
vn -0.8660 -0.0000 -0.5000
vn -0.5000 -0.0000 -0.8660
vn -1.0000 -0.0000 -0.0000
vn 0.5000 -0.0000 -0.8660
vn -0.0000 -0.0000 -1.0000
vn 0.8660 -0.0000 -0.5000
vn 1.0000 -0.0000 -0.0000
vn 0.5000 -0.0000 0.8660
vn 0.8660 -0.0000 0.5000
vn -0.0000 -0.0000 1.0000
vn -0.5000 -0.0000 0.8660
vn -0.8660 -0.0000 0.5000
vt 0.400000 0.000000
vt 0.000000 0.000000
vt 0.200000 0.000000
vt 1.000000 0.000000
vt 0.600000 0.000000
vt 0.800000 0.000000
vt 0.000000 1.000000
vt 0.333333 1.000000
vt 0.333333 0.833333
vt 0.000000 0.833333
vt 0.000000 0.166667
vt 0.333333 0.166667
vt 0.333333 0.000000
vt 0.000000 0.333333
vt 0.333333 0.333333
vt 0.000000 0.500000
vt 0.333333 0.500000
vt 0.000000 0.666667
vt 0.333333 0.666667
vt 0.666667 1.000000
vt 0.666667 0.833333
vt 0.666667 0.166667
vt 0.666667 0.000000
vt 0.666667 0.333333
vt 0.666667 0.500000
vt 0.666667 0.666667
vt 1.000000 1.000000
vt 1.000000 0.833333
vt 1.000000 0.166667
vt 1.000000 0.333333
vt 1.000000 0.500000
vt 1.000000 0.666667
s 1
usemtl Rubber_|_ribbed_black
f 5179/5796/6053 5177/5797/6053 5178/5798/6053
f 5179/5796/6053 5182/5799/6053 5177/5797/6053
f 5180/5800/6053 5182/5799/6053 5179/5796/6053
f 5180/5800/6053 5181/5801/6053 5182/5799/6053
f 5188/5799/6054 5184/5798/6054 5183/5797/6054
f 5188/5799/6054 5185/5796/6054 5184/5798/6054
f 5187/5801/6054 5185/5796/6054 5188/5799/6054
f 5187/5801/6054 5186/5800/6054 5185/5796/6054
f 5183/5802/6055 5189/5803/6056 5194/5804/6057 5188/5805/6057
f 5184/5806/6058 5190/5807/6058 5189/5808/6056 5183/5797/6059
f 5185/5809/6060 5191/5810/6061 5190/5807/6058 5184/5806/6058
f 5186/5811/6062 5192/5812/6062 5191/5810/6061 5185/5809/6063
f 5187/5813/6064 5193/5814/6065 5192/5812/6062 5186/5811/6062
f 5188/5805/6057 5194/5804/6057 5193/5814/6065 5187/5813/6066
f 5189/5803/6056 5195/5815/6056 5200/5816/6057 5194/5804/6057
f 5190/5807/6058 5196/5817/6058 5195/5818/6056 5189/5808/6056
f 5191/5810/6061 5197/5819/6061 5196/5817/6058 5190/5807/6058
f 5192/5812/6062 5198/5820/6062 5197/5819/6061 5191/5810/6061
f 5193/5814/6065 5199/5821/6065 5198/5820/6062 5192/5812/6062
f 5194/5804/6057 5200/5816/6057 5199/5821/6065 5193/5814/6065
f 5195/5815/6056 5177/5822/6055 5182/5823/6057 5200/5816/6057
f 5196/5817/6058 5178/5824/6058 5177/5799/6059 5195/5818/6056
f 5197/5819/6061 5179/5825/6060 5178/5824/6058 5196/5817/6058
f 5198/5820/6062 5180/5826/6062 5179/5825/6063 5197/5819/6061
f 5199/5821/6065 5181/5827/6064 5180/5826/6062 5198/5820/6062
f 5200/5816/6057 5182/5823/6057 5181/5827/6066 5199/5821/6065
o Forend_|_right_rib_10
v 0.493026 0.010718 0.027669
v 0.495949 0.010718 0.027669
v 0.497410 0.010718 0.030200
v 0.495949 0.010718 0.032731
v 0.493026 0.010718 0.032731
v 0.491564 0.010718 0.030200
v 0.493026 0.028256 0.027669
v 0.495949 0.028256 0.027669
v 0.497410 0.028256 0.030200
v 0.495949 0.028256 0.032731
v 0.493026 0.028256 0.032731
v 0.491564 0.028256 0.030200
v 0.493026 0.022188 0.027669
v 0.495949 0.022188 0.027669
v 0.497410 0.022188 0.030200
v 0.495949 0.022188 0.032731
v 0.493026 0.022188 0.032731
v 0.491564 0.022188 0.030200
v 0.493026 0.016787 0.027669
v 0.495949 0.016787 0.027669
v 0.497410 0.016787 0.030200
v 0.495949 0.016787 0.032731
v 0.493026 0.016787 0.032731
v 0.491564 0.016787 0.030200
vn -0.0000 -1.0000 -0.0000
vn -0.0000 1.0000 -0.0000
vn -0.5000 -0.0000 -0.8660
vn -0.8660 -0.0000 -0.5000
vn -0.0000 -0.0000 -1.0000
vn 0.5000 -0.0000 -0.8660
vn 1.0000 -0.0000 -0.0000
vn 0.8660 -0.0000 -0.5000
vn 0.8660 -0.0000 0.5000
vn 0.5000 -0.0000 0.8660
vn -0.5000 -0.0000 0.8660
vn -0.0000 -0.0000 1.0000
vn -0.8660 -0.0000 0.5000
vt 0.400000 0.000000
vt 0.000000 0.000000
vt 0.200000 0.000000
vt 1.000000 0.000000
vt 0.600000 0.000000
vt 0.800000 0.000000
vt 0.000000 1.000000
vt 0.333333 1.000000
vt 0.333333 0.833333
vt 0.000000 0.833333
vt 0.000000 0.166667
vt 0.333333 0.166667
vt 0.333333 0.000000
vt 0.000000 0.333333
vt 0.333333 0.333333
vt 0.000000 0.500000
vt 0.333333 0.500000
vt 0.000000 0.666667
vt 0.333333 0.666667
vt 0.666667 1.000000
vt 0.666667 0.833333
vt 0.666667 0.166667
vt 0.666667 0.000000
vt 0.666667 0.333333
vt 0.666667 0.500000
vt 0.666667 0.666667
vt 1.000000 1.000000
vt 1.000000 0.833333
vt 1.000000 0.166667
vt 1.000000 0.333333
vt 1.000000 0.500000
vt 1.000000 0.666667
s 1
usemtl Rubber_|_ribbed_black
f 5203/5828/6067 5201/5829/6067 5202/5830/6067
f 5203/5828/6067 5206/5831/6067 5201/5829/6067
f 5204/5832/6067 5206/5831/6067 5203/5828/6067
f 5204/5832/6067 5205/5833/6067 5206/5831/6067
f 5212/5831/6068 5208/5830/6068 5207/5829/6068
f 5212/5831/6068 5209/5828/6068 5208/5830/6068
f 5211/5833/6068 5209/5828/6068 5212/5831/6068
f 5211/5833/6068 5210/5832/6068 5209/5828/6068
f 5207/5834/6069 5213/5835/6069 5218/5836/6070 5212/5837/6070
f 5208/5838/6071 5214/5839/6072 5213/5840/6069 5207/5829/6069
f 5209/5841/6073 5215/5842/6073 5214/5839/6072 5208/5838/6074
f 5210/5843/6075 5216/5844/6076 5215/5842/6073 5209/5841/6073
f 5211/5845/6077 5217/5846/6077 5216/5844/6076 5210/5843/6078
f 5212/5837/6079 5218/5836/6079 5217/5846/6077 5211/5845/6077
f 5213/5835/6069 5219/5847/6069 5224/5848/6070 5218/5836/6070
f 5214/5839/6072 5220/5849/6072 5219/5850/6069 5213/5840/6069
f 5215/5842/6073 5221/5851/6073 5220/5849/6072 5214/5839/6072
f 5216/5844/6076 5222/5852/6076 5221/5851/6073 5215/5842/6073
f 5217/5846/6077 5223/5853/6077 5222/5852/6076 5216/5844/6076
f 5218/5836/6079 5224/5848/6079 5223/5853/6077 5217/5846/6077
f 5219/5847/6069 5201/5854/6069 5206/5855/6070 5224/5848/6070
f 5220/5849/6072 5202/5856/6071 5201/5831/6069 5219/5850/6069
f 5221/5851/6073 5203/5857/6073 5202/5856/6074 5220/5849/6072
f 5222/5852/6076 5204/5858/6075 5203/5857/6073 5221/5851/6073
f 5223/5853/6077 5205/5859/6077 5204/5858/6078 5222/5852/6076
f 5224/5848/6079 5206/5855/6079 5205/5859/6077 5223/5853/6077
o Forend_|_right_rib_11
v 0.505205 0.010718 0.027669
v 0.508128 0.010718 0.027669
v 0.509590 0.010718 0.030200
v 0.508128 0.010718 0.032731
v 0.505205 0.010718 0.032731
v 0.503744 0.010718 0.030200
v 0.505205 0.028256 0.027669
v 0.508128 0.028256 0.027669
v 0.509590 0.028256 0.030200
v 0.508128 0.028256 0.032731
v 0.505205 0.028256 0.032731
v 0.503744 0.028256 0.030200
v 0.505205 0.022188 0.027669
v 0.508128 0.022188 0.027669
v 0.509590 0.022188 0.030200
v 0.508128 0.022188 0.032731
v 0.505205 0.022188 0.032731
v 0.503744 0.022188 0.030200
v 0.505205 0.016787 0.027669
v 0.508128 0.016787 0.027669
v 0.509590 0.016787 0.030200
v 0.508128 0.016787 0.032731
v 0.505205 0.016787 0.032731
v 0.503744 0.016787 0.030200
vn -0.0000 -1.0000 -0.0000
vn -0.0000 1.0000 -0.0000
vn -0.8660 -0.0000 -0.5000
vn -1.0000 -0.0000 -0.0000
vn -0.0000 -0.0000 -1.0000
vn 1.0000 -0.0000 -0.0000
vn 0.8660 -0.0000 -0.5000
vn 0.8660 -0.0000 0.5000
vn -0.0000 -0.0000 1.0000
vn -0.8660 -0.0000 0.5000
vt 0.400000 0.000000
vt 0.000000 0.000000
vt 0.200000 0.000000
vt 1.000000 0.000000
vt 0.600000 0.000000
vt 0.800000 0.000000
vt 0.000000 1.000000
vt 0.333333 1.000000
vt 0.333333 0.833333
vt 0.000000 0.833333
vt 0.000000 0.166667
vt 0.333333 0.166667
vt 0.333333 0.000000
vt 0.000000 0.333333
vt 0.333333 0.333333
vt 0.000000 0.500000
vt 0.333333 0.500000
vt 0.000000 0.666667
vt 0.333333 0.666667
vt 0.666667 1.000000
vt 0.666667 0.833333
vt 0.666667 0.166667
vt 0.666667 0.000000
vt 0.666667 0.333333
vt 0.666667 0.500000
vt 0.666667 0.666667
vt 1.000000 1.000000
vt 1.000000 0.833333
vt 1.000000 0.166667
vt 1.000000 0.333333
vt 1.000000 0.500000
vt 1.000000 0.666667
s 1
usemtl Rubber_|_ribbed_black
f 5227/5860/6080 5225/5861/6080 5226/5862/6080
f 5227/5860/6080 5230/5863/6080 5225/5861/6080
f 5228/5864/6080 5230/5863/6080 5227/5860/6080
f 5228/5864/6080 5229/5865/6080 5230/5863/6080
f 5236/5863/6081 5232/5862/6081 5231/5861/6081
f 5236/5863/6081 5233/5860/6081 5232/5862/6081
f 5235/5865/6081 5233/5860/6081 5236/5863/6081
f 5235/5865/6081 5234/5864/6081 5233/5860/6081
f 5231/5866/6082 5237/5867/6082 5242/5868/6083 5236/5869/6083
f 5232/5870/6084 5238/5871/6084 5237/5872/6084 5231/5861/6084
f 5233/5873/6085 5239/5874/6085 5238/5871/6086 5232/5870/6086
f 5234/5875/6087 5240/5876/6087 5239/5874/6085 5233/5873/6085
f 5235/5877/6088 5241/5878/6088 5240/5876/6088 5234/5875/6088
f 5236/5869/6083 5242/5868/6083 5241/5878/6089 5235/5877/6089
f 5237/5867/6082 5243/5879/6082 5248/5880/6083 5242/5868/6083
f 5238/5871/6084 5244/5881/6084 5243/5882/6084 5237/5872/6084
f 5239/5874/6085 5245/5883/6085 5244/5881/6086 5238/5871/6086
f 5240/5876/6087 5246/5884/6087 5245/5883/6085 5239/5874/6085
f 5241/5878/6088 5247/5885/6088 5246/5884/6088 5240/5876/6088
f 5242/5868/6083 5248/5880/6083 5247/5885/6089 5241/5878/6089
f 5243/5879/6082 5225/5886/6082 5230/5887/6083 5248/5880/6083
f 5244/5881/6084 5226/5888/6084 5225/5863/6084 5243/5882/6084
f 5245/5883/6085 5227/5889/6085 5226/5888/6086 5244/5881/6086
f 5246/5884/6087 5228/5890/6087 5227/5889/6085 5245/5883/6085
f 5247/5885/6088 5229/5891/6088 5228/5890/6088 5246/5884/6088
f 5248/5880/6083 5230/5887/6083 5229/5891/6089 5247/5885/6089
o Forend_|_right_rib_12
v 0.517385 0.010718 0.027669
v 0.520308 0.010718 0.027669
v 0.521769 0.010718 0.030200
v 0.520308 0.010718 0.032731
v 0.517385 0.010718 0.032731
v 0.515923 0.010718 0.030200
v 0.517385 0.028256 0.027669
v 0.520308 0.028256 0.027669
v 0.521769 0.028256 0.030200
v 0.520308 0.028256 0.032731
v 0.517385 0.028256 0.032731
v 0.515923 0.028256 0.030200
v 0.517385 0.022188 0.027669
v 0.520308 0.022188 0.027669
v 0.521769 0.022188 0.030200
v 0.520308 0.022188 0.032731
v 0.517385 0.022188 0.032731
v 0.515923 0.022188 0.030200
v 0.517385 0.016787 0.027669
v 0.520308 0.016787 0.027669
v 0.521769 0.016787 0.030200
v 0.520308 0.016787 0.032731
v 0.517385 0.016787 0.032731
v 0.515923 0.016787 0.030200
vn -0.0000 -1.0000 -0.0000
vn -0.0000 1.0000 -0.0000
vn -0.8660 -0.0000 -0.5000
vn -1.0000 -0.0000 -0.0000
vn -0.0000 -0.0000 -1.0000
vn 1.0000 -0.0000 -0.0000
vn 0.8660 -0.0000 -0.5000
vn 0.8660 -0.0000 0.5000
vn -0.0000 -0.0000 1.0000
vn -0.8660 -0.0000 0.5000
vt 0.400000 0.000000
vt 0.000000 0.000000
vt 0.200000 0.000000
vt 1.000000 0.000000
vt 0.600000 0.000000
vt 0.800000 0.000000
vt 0.000000 1.000000
vt 0.333333 1.000000
vt 0.333333 0.833333
vt 0.000000 0.833333
vt 0.000000 0.166667
vt 0.333333 0.166667
vt 0.333333 0.000000
vt 0.000000 0.333333
vt 0.333333 0.333333
vt 0.000000 0.500000
vt 0.333333 0.500000
vt 0.000000 0.666667
vt 0.333333 0.666667
vt 0.666667 1.000000
vt 0.666667 0.833333
vt 0.666667 0.166667
vt 0.666667 0.000000
vt 0.666667 0.333333
vt 0.666667 0.500000
vt 0.666667 0.666667
vt 1.000000 1.000000
vt 1.000000 0.833333
vt 1.000000 0.166667
vt 1.000000 0.333333
vt 1.000000 0.500000
vt 1.000000 0.666667
s 1
usemtl Rubber_|_ribbed_black
f 5251/5892/6090 5249/5893/6090 5250/5894/6090
f 5251/5892/6090 5254/5895/6090 5249/5893/6090
f 5252/5896/6090 5254/5895/6090 5251/5892/6090
f 5252/5896/6090 5253/5897/6090 5254/5895/6090
f 5260/5895/6091 5256/5894/6091 5255/5893/6091
f 5260/5895/6091 5257/5892/6091 5256/5894/6091
f 5259/5897/6091 5257/5892/6091 5260/5895/6091
f 5259/5897/6091 5258/5896/6091 5257/5892/6091
f 5255/5898/6092 5261/5899/6092 5266/5900/6093 5260/5901/6093
f 5256/5902/6094 5262/5903/6094 5261/5904/6094 5255/5893/6094
f 5257/5905/6095 5263/5906/6095 5262/5903/6096 5256/5902/6096
f 5258/5907/6097 5264/5908/6097 5263/5906/6095 5257/5905/6095
f 5259/5909/6098 5265/5910/6098 5264/5908/6098 5258/5907/6098
f 5260/5901/6093 5266/5900/6093 5265/5910/6099 5259/5909/6099
f 5261/5899/6092 5267/5911/6092 5272/5912/6093 5266/5900/6093
f 5262/5903/6094 5268/5913/6094 5267/5914/6094 5261/5904/6094
f 5263/5906/6095 5269/5915/6095 5268/5913/6096 5262/5903/6096
f 5264/5908/6097 5270/5916/6097 5269/5915/6095 5263/5906/6095
f 5265/5910/6098 5271/5917/6098 5270/5916/6098 5264/5908/6098
f 5266/5900/6093 5272/5912/6093 5271/5917/6099 5265/5910/6099
f 5267/5911/6092 5249/5918/6092 5254/5919/6093 5272/5912/6093
f 5268/5913/6094 5250/5920/6094 5249/5895/6094 5267/5914/6094
f 5269/5915/6095 5251/5921/6095 5250/5920/6096 5268/5913/6096
f 5270/5916/6097 5252/5922/6097 5251/5921/6095 5269/5915/6095
f 5271/5917/6098 5253/5923/6098 5252/5922/6098 5270/5916/6098
f 5272/5912/6093 5254/5919/6093 5253/5923/6099 5271/5917/6099
o Glow_|_right_forend_nose
v 0.571133 0.014522 0.027782
v 0.571133 0.014522 0.030218
v 0.569026 0.014615 0.031436
v 0.566918 0.014709 0.030218
v 0.566918 0.014709 0.027782
v 0.569026 0.014615 0.026564
v 0.557194 0.061983 0.027782
v 0.557194 0.061983 0.030218
v 0.555385 0.060897 0.031436
v 0.553576 0.059812 0.030218
v 0.553576 0.059812 0.027782
v 0.555385 0.060897 0.026564
v 0.562826 0.053964 0.027782
v 0.562826 0.053964 0.030218
v 0.561105 0.052745 0.031436
v 0.559383 0.051526 0.030218
v 0.559383 0.051526 0.027782
v 0.561105 0.052745 0.026564
v 0.568113 0.046543 0.027782
v 0.568113 0.046543 0.030218
v 0.566269 0.045519 0.031436
v 0.564425 0.044494 0.030218
v 0.564425 0.044494 0.027782
v 0.566269 0.045519 0.026564
v 0.572045 0.037056 0.027782
v 0.572045 0.037056 0.030218
v 0.570000 0.036538 0.031436
v 0.567955 0.036021 0.030218
v 0.567955 0.036021 0.027782
v 0.570000 0.036538 0.026564
v 0.572876 0.029042 0.027782
v 0.572876 0.029042 0.030218
v 0.570767 0.029065 0.031436
v 0.568657 0.029089 0.030218
v 0.568657 0.029089 0.027782
v 0.570767 0.029065 0.026564
v 0.572009 0.022005 0.027782
v 0.572009 0.022005 0.030218
v 0.569915 0.022258 0.031436
v 0.567820 0.022510 0.030218
v 0.567820 0.022510 0.027782
v 0.569915 0.022258 0.026564
vn -0.0444 -0.9990 -0.0000
vn -0.5145 0.8575 -0.0000
vn 0.7042 0.4946 -0.5094
vn 0.7069 0.5002 -0.5000
vn 0.4088 0.2893 -0.8655
vn 0.4096 0.2876 -0.8657
vn 0.7042 0.4946 0.5094
vn 0.7069 0.5002 0.5000
vn 0.4096 0.2876 0.8657
vn 0.4088 0.2893 0.8655
vn -0.7139 -0.5004 0.4898
vn -0.7071 -0.5012 0.4988
vn -0.4087 -0.2895 0.8655
vn -0.4098 -0.2873 0.8657
vn -0.7139 -0.5004 -0.4898
vn -0.7071 -0.5012 -0.4988
vn -0.4098 -0.2873 -0.8657
vn -0.4087 -0.2895 -0.8655
vn 0.7648 0.4239 -0.4852
vn 0.4371 0.2424 -0.8661
vn 0.7648 0.4239 0.4852
vn 0.4371 0.2424 0.8661
vn -0.7482 -0.4166 0.5164
vn -0.4368 -0.2429 0.8661
vn -0.7482 -0.4166 -0.5164
vn -0.4368 -0.2429 -0.8661
vn 0.8496 0.2152 -0.4815
vn 0.4840 0.1226 -0.8665
vn 0.8496 0.2152 0.4815
vn 0.4840 0.1226 0.8665
vn -0.8270 -0.2093 0.5217
vn -0.4839 -0.1225 0.8665
vn -0.8270 -0.2093 -0.5217
vn -0.4839 -0.1225 -0.8665
vn 0.8744 -0.0086 -0.4852
vn 0.4998 -0.0051 -0.8661
vn 0.8744 -0.0086 0.4852
vn 0.4998 -0.0051 0.8661
vn -0.8563 0.0107 0.5164
vn -0.4998 0.0059 0.8661
vn -0.8563 0.0107 -0.5164
vn -0.4998 0.0059 -0.8661
vn 0.8598 -0.1034 -0.5000
vn 0.4972 -0.0599 -0.8655
vn 0.8598 -0.1034 0.5000
vn 0.4973 -0.0599 0.8655
vn -0.8604 0.1044 0.4988
vn -0.4972 0.0602 0.8655
vn -0.8604 0.1044 -0.4988
vn -0.4972 0.0602 -0.8655
vn 0.8547 -0.0999 -0.5095
vn 0.4971 -0.0580 -0.8657
vn 0.8547 -0.0999 0.5095
vn 0.4971 -0.0580 0.8657
vn -0.8661 0.1002 0.4898
vn -0.4971 0.0577 0.8658
vn -0.8661 0.1002 -0.4898
vn -0.4971 0.0577 -0.8658
vt 0.400000 0.000000
vt 0.000000 0.000000
vt 0.200000 0.000000
vt 1.000000 0.000000
vt 0.600000 0.000000
vt 0.800000 0.000000
vt 0.000000 1.000000
vt 0.166667 1.000000
vt 0.166667 0.833333
vt 0.000000 0.833333
vt 0.000000 0.166667
vt 0.166667 0.166667
vt 0.166667 0.000000
vt 0.000000 0.333333
vt 0.166667 0.333333
vt 0.000000 0.500000
vt 0.166667 0.500000
vt 0.000000 0.666667
vt 0.166667 0.666667
vt 0.333333 1.000000
vt 0.333333 0.833333
vt 0.333333 0.166667
vt 0.333333 0.000000
vt 0.333333 0.333333
vt 0.333333 0.500000
vt 0.333333 0.666667
vt 0.500000 1.000000
vt 0.500000 0.833333
vt 0.500000 0.166667
vt 0.500000 0.000000
vt 0.500000 0.333333
vt 0.500000 0.500000
vt 0.500000 0.666667
vt 0.666667 1.000000
vt 0.666667 0.833333
vt 0.666667 0.166667
vt 0.666667 0.000000
vt 0.666667 0.333333
vt 0.666667 0.500000
vt 0.666667 0.666667
vt 0.833333 1.000000
vt 0.833333 0.833333
vt 0.833333 0.166667
vt 0.833333 0.000000
vt 0.833333 0.333333
vt 0.833333 0.500000
vt 0.833333 0.666667
vt 1.000000 1.000000
vt 1.000000 0.833333
vt 1.000000 0.166667
vt 1.000000 0.333333
vt 1.000000 0.500000
vt 1.000000 0.666667
s 1
usemtl Glow_|_orange_neon
f 5275/5924/6100 5273/5925/6100 5274/5926/6100
f 5275/5924/6100 5278/5927/6100 5273/5925/6100
f 5276/5928/6100 5278/5927/6100 5275/5924/6100
f 5276/5928/6100 5277/5929/6100 5278/5927/6100
f 5281/5924/6101 5283/5929/6101 5282/5928/6101
f 5281/5924/6101 5284/5927/6101 5283/5929/6101
f 5280/5926/6101 5284/5927/6101 5281/5924/6101
f 5280/5926/6101 5279/5925/6101 5284/5927/6101
f 5279/5930/6102 5285/5931/6103 5290/5932/6104 5284/5933/6105
f 5280/5934/6106 5286/5935/6107 5285/5936/6103 5279/5925/6102
f 5281/5937/6108 5287/5938/6109 5286/5935/6107 5280/5934/6106
f 5282/5939/6110 5288/5940/6111 5287/5938/6112 5281/5937/6113
f 5283/5941/6114 5289/5942/6115 5288/5940/6111 5282/5939/6110
f 5284/5933/6116 5290/5932/6117 5289/5942/6115 5283/5941/6114
f 5285/5931/6103 5291/5943/6118 5296/5944/6119 5290/5932/6104
f 5286/5935/6107 5292/5945/6120 5291/5946/6118 5285/5936/6103
f 5287/5938/6109 5293/5947/6121 5292/5945/6120 5286/5935/6107
f 5288/5940/6111 5294/5948/6122 5293/5947/6123 5287/5938/6112
f 5289/5942/6115 5295/5949/6124 5294/5948/6122 5288/5940/6111
f 5290/5932/6117 5296/5944/6125 5295/5949/6124 5289/5942/6115
f 5291/5943/6118 5297/5950/6126 5302/5951/6127 5296/5944/6119
f 5292/5945/6120 5298/5952/6128 5297/5953/6126 5291/5946/6118
f 5293/5947/6121 5299/5954/6129 5298/5952/6128 5292/5945/6120
f 5294/5948/6122 5300/5955/6130 5299/5954/6131 5293/5947/6123
f 5295/5949/6124 5301/5956/6132 5300/5955/6130 5294/5948/6122
f 5296/5944/6125 5302/5951/6133 5301/5956/6132 5295/5949/6124
f 5297/5950/6126 5303/5957/6134 5308/5958/6135 5302/5951/6127
f 5298/5952/6128 5304/5959/6136 5303/5960/6134 5297/5953/6126
f 5299/5954/6129 5305/5961/6137 5304/5959/6136 5298/5952/6128
f 5300/5955/6130 5306/5962/6138 5305/5961/6139 5299/5954/6131
f 5301/5956/6132 5307/5963/6140 5306/5962/6138 5300/5955/6130
f 5302/5951/6133 5308/5958/6141 5307/5963/6140 5301/5956/6132
f 5303/5957/6134 5309/5964/6142 5314/5965/6143 5308/5958/6135
f 5304/5959/6136 5310/5966/6144 5309/5967/6142 5303/5960/6134
f 5305/5961/6137 5311/5968/6145 5310/5966/6144 5304/5959/6136
f 5306/5962/6138 5312/5969/6146 5311/5968/6147 5305/5961/6139
f 5307/5963/6140 5313/5970/6148 5312/5969/6146 5306/5962/6138
f 5308/5958/6141 5314/5965/6149 5313/5970/6148 5307/5963/6140
f 5309/5964/6142 5273/5971/6150 5278/5972/6151 5314/5965/6143
f 5310/5966/6144 5274/5973/6152 5273/5927/6150 5309/5967/6142
f 5311/5968/6145 5275/5974/6153 5274/5973/6152 5310/5966/6144
f 5312/5969/6146 5276/5975/6154 5275/5974/6155 5311/5968/6147
f 5313/5970/6148 5277/5976/6156 5276/5975/6154 5312/5969/6146
f 5314/5965/6149 5278/5972/6157 5277/5976/6156 5313/5970/6148
